cell_index,scraw_reconstruction_weight,cell_id
0,4.771998405456543,bbag094_zeisel_cell_00001
1,0.964648962020874,bbag094_zeisel_cell_00002
2,0.8169712424278259,bbag094_zeisel_cell_00003
3,2.0439698696136475,bbag094_zeisel_cell_00004
4,1.122162103652954,bbag094_zeisel_cell_00005
5,0.6860976815223694,bbag094_zeisel_cell_00006
6,1.321497917175293,bbag094_zeisel_cell_00007
7,0.7201817631721497,bbag094_zeisel_cell_00008
8,0.7776373028755188,bbag094_zeisel_cell_00009
9,0.9204322695732117,bbag094_zeisel_cell_00010
10,0.6958205699920654,bbag094_zeisel_cell_00011
11,0.9758423566818237,bbag094_zeisel_cell_00012
12,1.8342680931091309,bbag094_zeisel_cell_00013
13,1.385058879852295,bbag094_zeisel_cell_00014
14,1.7683601379394531,bbag094_zeisel_cell_00015
15,1.6741100549697876,bbag094_zeisel_cell_00016
16,1.8981765508651733,bbag094_zeisel_cell_00017
17,1.8794927597045898,bbag094_zeisel_cell_00018
18,1.7945233583450317,bbag094_zeisel_cell_00019
19,1.6623127460479736,bbag094_zeisel_cell_00020
20,1.325899362564087,bbag094_zeisel_cell_00021
21,0.8945648670196533,bbag094_zeisel_cell_00022
22,1.0875989198684692,bbag094_zeisel_cell_00023
23,0.7561585903167725,bbag094_zeisel_cell_00024
24,0.7331751585006714,bbag094_zeisel_cell_00025
25,1.0160245895385742,bbag094_zeisel_cell_00026
26,0.8769188523292542,bbag094_zeisel_cell_00027
27,0.7775452733039856,bbag094_zeisel_cell_00028
28,0.6364390850067139,bbag094_zeisel_cell_00029
29,0.806362509727478,bbag094_zeisel_cell_00030
30,0.8118377923965454,bbag094_zeisel_cell_00031
31,0.7333101630210876,bbag094_zeisel_cell_00032
32,0.9394906759262085,bbag094_zeisel_cell_00033
33,0.7036380767822266,bbag094_zeisel_cell_00034
34,0.7073570489883423,bbag094_zeisel_cell_00035
35,0.8941662311553955,bbag094_zeisel_cell_00036
36,0.9323694109916687,bbag094_zeisel_cell_00037
37,0.6919428706169128,bbag094_zeisel_cell_00038
38,0.7074360251426697,bbag094_zeisel_cell_00039
39,0.8903341889381409,bbag094_zeisel_cell_00040
40,0.8611278533935547,bbag094_zeisel_cell_00041
41,0.7439895868301392,bbag094_zeisel_cell_00042
42,0.8750514388084412,bbag094_zeisel_cell_00043
43,0.7182250022888184,bbag094_zeisel_cell_00044
44,0.8366494178771973,bbag094_zeisel_cell_00045
45,0.7918400764465332,bbag094_zeisel_cell_00046
46,0.817166805267334,bbag094_zeisel_cell_00047
47,0.7548001408576965,bbag094_zeisel_cell_00048
48,0.665039598941803,bbag094_zeisel_cell_00049
49,0.6499871611595154,bbag094_zeisel_cell_00050
50,0.732294499874115,bbag094_zeisel_cell_00051
51,0.6857986450195312,bbag094_zeisel_cell_00052
52,0.7810744047164917,bbag094_zeisel_cell_00053
53,0.6962533593177795,bbag094_zeisel_cell_00054
54,0.7374091148376465,bbag094_zeisel_cell_00055
55,0.6297382116317749,bbag094_zeisel_cell_00056
56,0.8108777403831482,bbag094_zeisel_cell_00057
57,0.6961811184883118,bbag094_zeisel_cell_00058
58,0.7718662023544312,bbag094_zeisel_cell_00059
59,0.8487874865531921,bbag094_zeisel_cell_00060
60,0.8791235089302063,bbag094_zeisel_cell_00061
61,0.9256318211555481,bbag094_zeisel_cell_00062
62,0.7704904079437256,bbag094_zeisel_cell_00063
63,1.2381947040557861,bbag094_zeisel_cell_00064
64,0.8503047227859497,bbag094_zeisel_cell_00065
65,0.8702959418296814,bbag094_zeisel_cell_00066
66,0.8320776224136353,bbag094_zeisel_cell_00067
67,0.8887339234352112,bbag094_zeisel_cell_00068
68,0.7932605743408203,bbag094_zeisel_cell_00069
69,0.6951885223388672,bbag094_zeisel_cell_00070
70,0.7110307812690735,bbag094_zeisel_cell_00071
71,0.8056730031967163,bbag094_zeisel_cell_00072
72,0.8419924378395081,bbag094_zeisel_cell_00073
73,0.7462212443351746,bbag094_zeisel_cell_00074
74,1.0194255113601685,bbag094_zeisel_cell_00075
75,0.6931195259094238,bbag094_zeisel_cell_00076
76,0.767681360244751,bbag094_zeisel_cell_00077
77,0.7545194625854492,bbag094_zeisel_cell_00078
78,0.798726499080658,bbag094_zeisel_cell_00079
79,0.6719114184379578,bbag094_zeisel_cell_00080
80,0.6806092858314514,bbag094_zeisel_cell_00081
81,0.7502944469451904,bbag094_zeisel_cell_00082
82,0.6991538405418396,bbag094_zeisel_cell_00083
83,0.7747692465782166,bbag094_zeisel_cell_00084
84,0.7544381618499756,bbag094_zeisel_cell_00085
85,0.8363370895385742,bbag094_zeisel_cell_00086
86,0.9278832674026489,bbag094_zeisel_cell_00087
87,0.736077070236206,bbag094_zeisel_cell_00088
88,0.8490644693374634,bbag094_zeisel_cell_00089
89,0.7600391507148743,bbag094_zeisel_cell_00090
90,0.6697939038276672,bbag094_zeisel_cell_00091
91,0.6842794418334961,bbag094_zeisel_cell_00092
92,0.8727946281433105,bbag094_zeisel_cell_00093
93,0.7116355299949646,bbag094_zeisel_cell_00094
94,0.7756995558738708,bbag094_zeisel_cell_00095
95,0.9164537191390991,bbag094_zeisel_cell_00096
96,1.170410394668579,bbag094_zeisel_cell_00097
97,0.630618155002594,bbag094_zeisel_cell_00098
98,1.338096261024475,bbag094_zeisel_cell_00099
99,1.987520694732666,bbag094_zeisel_cell_00100
100,1.1722451448440552,bbag094_zeisel_cell_00101
101,1.1553410291671753,bbag094_zeisel_cell_00102
102,1.7703320980072021,bbag094_zeisel_cell_00103
103,1.5179235935211182,bbag094_zeisel_cell_00104
104,1.184148907661438,bbag094_zeisel_cell_00105
105,1.5591586828231812,bbag094_zeisel_cell_00106
106,1.4719200134277344,bbag094_zeisel_cell_00107
107,1.4743695259094238,bbag094_zeisel_cell_00108
108,1.6852684020996094,bbag094_zeisel_cell_00109
109,1.820237159729004,bbag094_zeisel_cell_00110
110,1.5576796531677246,bbag094_zeisel_cell_00111
111,1.6579633951187134,bbag094_zeisel_cell_00112
112,1.8594505786895752,bbag094_zeisel_cell_00113
113,1.946393370628357,bbag094_zeisel_cell_00114
114,1.901090383529663,bbag094_zeisel_cell_00115
115,1.8539621829986572,bbag094_zeisel_cell_00116
116,1.5760822296142578,bbag094_zeisel_cell_00117
117,3.1131808757781982,bbag094_zeisel_cell_00118
118,1.3861169815063477,bbag094_zeisel_cell_00119
119,1.7807395458221436,bbag094_zeisel_cell_00120
120,1.8694032430648804,bbag094_zeisel_cell_00121
121,1.5146360397338867,bbag094_zeisel_cell_00122
122,1.8106162548065186,bbag094_zeisel_cell_00123
123,1.5459493398666382,bbag094_zeisel_cell_00124
124,1.3801926374435425,bbag094_zeisel_cell_00125
125,1.5818893909454346,bbag094_zeisel_cell_00126
126,1.930229902267456,bbag094_zeisel_cell_00127
127,0.8088614344596863,bbag094_zeisel_cell_00128
128,1.4414193630218506,bbag094_zeisel_cell_00129
129,0.9388182163238525,bbag094_zeisel_cell_00130
130,0.9731725454330444,bbag094_zeisel_cell_00131
131,1.6251988410949707,bbag094_zeisel_cell_00132
132,1.1320492029190063,bbag094_zeisel_cell_00133
133,1.0773066282272339,bbag094_zeisel_cell_00134
134,1.2287989854812622,bbag094_zeisel_cell_00135
135,1.3553663492202759,bbag094_zeisel_cell_00136
136,1.225456953048706,bbag094_zeisel_cell_00137
137,0.8811557292938232,bbag094_zeisel_cell_00138
138,1.1657979488372803,bbag094_zeisel_cell_00139
139,1.115626573562622,bbag094_zeisel_cell_00140
140,0.8933348059654236,bbag094_zeisel_cell_00141
141,1.425973653793335,bbag094_zeisel_cell_00142
142,0.7169249057769775,bbag094_zeisel_cell_00143
143,0.9005934000015259,bbag094_zeisel_cell_00144
144,0.8102511763572693,bbag094_zeisel_cell_00145
145,1.8374415636062622,bbag094_zeisel_cell_00146
146,1.8218144178390503,bbag094_zeisel_cell_00147
147,1.0244994163513184,bbag094_zeisel_cell_00148
148,0.9382345676422119,bbag094_zeisel_cell_00149
149,1.2288224697113037,bbag094_zeisel_cell_00150
150,0.8224040269851685,bbag094_zeisel_cell_00151
151,0.708739697933197,bbag094_zeisel_cell_00152
152,0.9293408393859863,bbag094_zeisel_cell_00153
153,0.7858585119247437,bbag094_zeisel_cell_00154
154,0.9353333711624146,bbag094_zeisel_cell_00155
155,0.7658506035804749,bbag094_zeisel_cell_00156
156,0.9821270704269409,bbag094_zeisel_cell_00157
157,0.749374508857727,bbag094_zeisel_cell_00158
158,0.666016161441803,bbag094_zeisel_cell_00159
159,0.681795597076416,bbag094_zeisel_cell_00160
160,0.7081535458564758,bbag094_zeisel_cell_00161
161,0.7275926470756531,bbag094_zeisel_cell_00162
162,0.6623262166976929,bbag094_zeisel_cell_00163
163,0.7059183716773987,bbag094_zeisel_cell_00164
164,0.8612983226776123,bbag094_zeisel_cell_00165
165,0.7037478685379028,bbag094_zeisel_cell_00166
166,0.7575404644012451,bbag094_zeisel_cell_00167
167,0.8134671449661255,bbag094_zeisel_cell_00168
168,0.6657105684280396,bbag094_zeisel_cell_00169
169,0.755986750125885,bbag094_zeisel_cell_00170
170,1.5152102708816528,bbag094_zeisel_cell_00171
171,0.6619064807891846,bbag094_zeisel_cell_00172
172,0.8283597826957703,bbag094_zeisel_cell_00173
173,0.7439411878585815,bbag094_zeisel_cell_00174
174,0.710545539855957,bbag094_zeisel_cell_00175
175,0.8557084798812866,bbag094_zeisel_cell_00176
176,1.1069846153259277,bbag094_zeisel_cell_00177
177,0.9270020723342896,bbag094_zeisel_cell_00178
178,0.7770066261291504,bbag094_zeisel_cell_00179
179,1.7109500169754028,bbag094_zeisel_cell_00180
180,0.6544897556304932,bbag094_zeisel_cell_00181
181,0.808030903339386,bbag094_zeisel_cell_00182
182,0.7751107215881348,bbag094_zeisel_cell_00183
183,0.7066019773483276,bbag094_zeisel_cell_00184
184,1.1015403270721436,bbag094_zeisel_cell_00185
185,2.0072953701019287,bbag094_zeisel_cell_00186
186,1.005932092666626,bbag094_zeisel_cell_00187
187,1.4551844596862793,bbag094_zeisel_cell_00188
188,0.7720208764076233,bbag094_zeisel_cell_00189
189,1.7339231967926025,bbag094_zeisel_cell_00190
190,0.7056615948677063,bbag094_zeisel_cell_00191
191,0.8902924656867981,bbag094_zeisel_cell_00192
192,0.8824207782745361,bbag094_zeisel_cell_00193
193,0.6758329272270203,bbag094_zeisel_cell_00194
194,0.919630229473114,bbag094_zeisel_cell_00195
195,1.155576467514038,bbag094_zeisel_cell_00196
196,0.7267515063285828,bbag094_zeisel_cell_00197
197,1.1238516569137573,bbag094_zeisel_cell_00198
198,0.7570403814315796,bbag094_zeisel_cell_00199
199,0.6578261852264404,bbag094_zeisel_cell_00200
200,0.7519235014915466,bbag094_zeisel_cell_00201
201,0.6860972046852112,bbag094_zeisel_cell_00202
202,0.7686898112297058,bbag094_zeisel_cell_00203
203,0.7641565203666687,bbag094_zeisel_cell_00204
204,0.9723130464553833,bbag094_zeisel_cell_00205
205,1.0347455739974976,bbag094_zeisel_cell_00206
206,1.2465903759002686,bbag094_zeisel_cell_00207
207,0.837276041507721,bbag094_zeisel_cell_00208
208,0.7509463429450989,bbag094_zeisel_cell_00209
209,0.7077183127403259,bbag094_zeisel_cell_00210
210,0.9443252086639404,bbag094_zeisel_cell_00211
211,1.1233079433441162,bbag094_zeisel_cell_00212
212,2.2101950645446777,bbag094_zeisel_cell_00213
213,0.8192369937896729,bbag094_zeisel_cell_00214
214,0.7848904728889465,bbag094_zeisel_cell_00215
215,0.8181139230728149,bbag094_zeisel_cell_00216
216,0.9025706648826599,bbag094_zeisel_cell_00217
217,0.6996327638626099,bbag094_zeisel_cell_00218
218,0.9038358926773071,bbag094_zeisel_cell_00219
219,0.7675071358680725,bbag094_zeisel_cell_00220
220,0.729582667350769,bbag094_zeisel_cell_00221
221,0.735703706741333,bbag094_zeisel_cell_00222
222,0.6981086730957031,bbag094_zeisel_cell_00223
223,0.6780262589454651,bbag094_zeisel_cell_00224
224,0.6712436676025391,bbag094_zeisel_cell_00225
225,0.669401228427887,bbag094_zeisel_cell_00226
226,0.8187416195869446,bbag094_zeisel_cell_00227
227,1.2076404094696045,bbag094_zeisel_cell_00228
228,0.6933876276016235,bbag094_zeisel_cell_00229
229,0.8920717835426331,bbag094_zeisel_cell_00230
230,0.8930716514587402,bbag094_zeisel_cell_00231
231,0.6716426014900208,bbag094_zeisel_cell_00232
232,1.3004497289657593,bbag094_zeisel_cell_00233
233,0.7141456007957458,bbag094_zeisel_cell_00234
234,1.589622974395752,bbag094_zeisel_cell_00235
235,0.8339667916297913,bbag094_zeisel_cell_00236
236,0.6533238887786865,bbag094_zeisel_cell_00237
237,0.890313982963562,bbag094_zeisel_cell_00238
238,1.664346694946289,bbag094_zeisel_cell_00239
239,0.9215089678764343,bbag094_zeisel_cell_00240
240,2.7056596279144287,bbag094_zeisel_cell_00241
241,0.7687455415725708,bbag094_zeisel_cell_00242
242,0.6867397427558899,bbag094_zeisel_cell_00243
243,0.7476613521575928,bbag094_zeisel_cell_00244
244,0.9808987975120544,bbag094_zeisel_cell_00245
245,0.6846325397491455,bbag094_zeisel_cell_00246
246,0.6740605235099792,bbag094_zeisel_cell_00247
247,0.9396592974662781,bbag094_zeisel_cell_00248
248,1.8851948976516724,bbag094_zeisel_cell_00249
249,1.819607138633728,bbag094_zeisel_cell_00250
250,1.2409688234329224,bbag094_zeisel_cell_00251
251,0.8269031047821045,bbag094_zeisel_cell_00252
252,0.6959164142608643,bbag094_zeisel_cell_00253
253,1.0778242349624634,bbag094_zeisel_cell_00254
254,0.683224618434906,bbag094_zeisel_cell_00255
255,0.9622431397438049,bbag094_zeisel_cell_00256
256,0.708531379699707,bbag094_zeisel_cell_00257
257,0.773448646068573,bbag094_zeisel_cell_00258
258,1.0362452268600464,bbag094_zeisel_cell_00259
259,0.44999998807907104,bbag094_zeisel_cell_00260
260,0.8478921055793762,bbag094_zeisel_cell_00261
261,0.698026716709137,bbag094_zeisel_cell_00262
262,1.1439319849014282,bbag094_zeisel_cell_00263
263,1.3393570184707642,bbag094_zeisel_cell_00264
264,1.4432841539382935,bbag094_zeisel_cell_00265
265,1.7615665197372437,bbag094_zeisel_cell_00266
266,0.7757419943809509,bbag094_zeisel_cell_00267
267,2.176286458969116,bbag094_zeisel_cell_00268
268,0.6891696453094482,bbag094_zeisel_cell_00269
269,1.094569444656372,bbag094_zeisel_cell_00270
270,1.0446770191192627,bbag094_zeisel_cell_00271
271,0.6440340280532837,bbag094_zeisel_cell_00272
272,2.073655128479004,bbag094_zeisel_cell_00273
273,0.7278192043304443,bbag094_zeisel_cell_00274
274,0.6669897437095642,bbag094_zeisel_cell_00275
275,1.8382407426834106,bbag094_zeisel_cell_00276
276,1.3977652788162231,bbag094_zeisel_cell_00277
277,0.7776010632514954,bbag094_zeisel_cell_00278
278,1.6677141189575195,bbag094_zeisel_cell_00279
279,0.902536153793335,bbag094_zeisel_cell_00280
280,1.814499020576477,bbag094_zeisel_cell_00281
281,1.010097861289978,bbag094_zeisel_cell_00282
282,1.1621990203857422,bbag094_zeisel_cell_00283
283,0.6937410235404968,bbag094_zeisel_cell_00284
284,0.9991824626922607,bbag094_zeisel_cell_00285
285,0.8422471880912781,bbag094_zeisel_cell_00286
286,1.1295969486236572,bbag094_zeisel_cell_00287
287,0.824927568435669,bbag094_zeisel_cell_00288
288,0.9451006054878235,bbag094_zeisel_cell_00289
289,0.798202395439148,bbag094_zeisel_cell_00290
290,0.6930561065673828,bbag094_zeisel_cell_00291
291,0.5725125670433044,bbag094_zeisel_cell_00292
292,0.7805426120758057,bbag094_zeisel_cell_00293
293,0.8459347486495972,bbag094_zeisel_cell_00294
294,1.387540340423584,bbag094_zeisel_cell_00295
295,0.8117944598197937,bbag094_zeisel_cell_00296
296,0.44999998807907104,bbag094_zeisel_cell_00297
297,0.44999998807907104,bbag094_zeisel_cell_00298
298,0.5028817653656006,bbag094_zeisel_cell_00299
299,0.44999998807907104,bbag094_zeisel_cell_00300
300,0.6200172305107117,bbag094_zeisel_cell_00301
301,0.6611694693565369,bbag094_zeisel_cell_00302
302,0.5458354353904724,bbag094_zeisel_cell_00303
303,0.48808398842811584,bbag094_zeisel_cell_00304
304,0.4988974630832672,bbag094_zeisel_cell_00305
305,2.1184678077697754,bbag094_zeisel_cell_00306
306,0.6018444299697876,bbag094_zeisel_cell_00307
307,0.5408568382263184,bbag094_zeisel_cell_00308
308,1.539637804031372,bbag094_zeisel_cell_00309
309,0.4686894118785858,bbag094_zeisel_cell_00310
310,0.9010398983955383,bbag094_zeisel_cell_00311
311,0.8830510377883911,bbag094_zeisel_cell_00312
312,0.44999998807907104,bbag094_zeisel_cell_00313
313,0.5374023914337158,bbag094_zeisel_cell_00314
314,0.7990307211875916,bbag094_zeisel_cell_00315
315,1.086921215057373,bbag094_zeisel_cell_00316
316,1.628604531288147,bbag094_zeisel_cell_00317
317,0.44999998807907104,bbag094_zeisel_cell_00318
318,0.5516654849052429,bbag094_zeisel_cell_00319
319,0.44999998807907104,bbag094_zeisel_cell_00320
320,2.1373515129089355,bbag094_zeisel_cell_00321
321,0.4549033045768738,bbag094_zeisel_cell_00322
322,1.1522215604782104,bbag094_zeisel_cell_00323
323,0.44999998807907104,bbag094_zeisel_cell_00324
324,0.624942421913147,bbag094_zeisel_cell_00325
325,0.5274466872215271,bbag094_zeisel_cell_00326
326,0.4976766109466553,bbag094_zeisel_cell_00327
327,0.44999998807907104,bbag094_zeisel_cell_00328
328,0.8749098777770996,bbag094_zeisel_cell_00329
329,0.6224220395088196,bbag094_zeisel_cell_00330
330,0.6732631325721741,bbag094_zeisel_cell_00331
331,0.6822263598442078,bbag094_zeisel_cell_00332
332,0.6674330234527588,bbag094_zeisel_cell_00333
333,0.7477250695228577,bbag094_zeisel_cell_00334
334,0.6065199375152588,bbag094_zeisel_cell_00335
335,0.44999998807907104,bbag094_zeisel_cell_00336
336,0.6586721539497375,bbag094_zeisel_cell_00337
337,0.5099480152130127,bbag094_zeisel_cell_00338
338,0.8098474144935608,bbag094_zeisel_cell_00339
339,0.6244378685951233,bbag094_zeisel_cell_00340
340,0.44999998807907104,bbag094_zeisel_cell_00341
341,0.6655153036117554,bbag094_zeisel_cell_00342
342,0.6759289503097534,bbag094_zeisel_cell_00343
343,1.1065380573272705,bbag094_zeisel_cell_00344
344,0.5726704001426697,bbag094_zeisel_cell_00345
345,0.5556510090827942,bbag094_zeisel_cell_00346
346,0.5126358866691589,bbag094_zeisel_cell_00347
347,0.7543267011642456,bbag094_zeisel_cell_00348
348,0.9570334553718567,bbag094_zeisel_cell_00349
349,1.7932144403457642,bbag094_zeisel_cell_00350
350,0.5167137384414673,bbag094_zeisel_cell_00351
351,0.44999998807907104,bbag094_zeisel_cell_00352
352,0.5190794467926025,bbag094_zeisel_cell_00353
353,0.45441433787345886,bbag094_zeisel_cell_00354
354,0.4535285234451294,bbag094_zeisel_cell_00355
355,0.9194982051849365,bbag094_zeisel_cell_00356
356,0.7216472625732422,bbag094_zeisel_cell_00357
357,0.8974965810775757,bbag094_zeisel_cell_00358
358,0.6456310749053955,bbag094_zeisel_cell_00359
359,2.5065648555755615,bbag094_zeisel_cell_00360
360,0.44999998807907104,bbag094_zeisel_cell_00361
361,0.44999998807907104,bbag094_zeisel_cell_00362
362,0.45144373178482056,bbag094_zeisel_cell_00363
363,0.4991299510002136,bbag094_zeisel_cell_00364
364,0.6579515933990479,bbag094_zeisel_cell_00365
365,1.7474563121795654,bbag094_zeisel_cell_00366
366,0.9001204371452332,bbag094_zeisel_cell_00367
367,0.44999998807907104,bbag094_zeisel_cell_00368
368,0.6917123794555664,bbag094_zeisel_cell_00369
369,0.44999998807907104,bbag094_zeisel_cell_00370
370,0.9196541905403137,bbag094_zeisel_cell_00371
371,0.786998987197876,bbag094_zeisel_cell_00372
372,0.9019069671630859,bbag094_zeisel_cell_00373
373,0.47504284977912903,bbag094_zeisel_cell_00374
374,0.4531451165676117,bbag094_zeisel_cell_00375
375,0.44999998807907104,bbag094_zeisel_cell_00376
376,1.6937505006790161,bbag094_zeisel_cell_00377
377,0.44999998807907104,bbag094_zeisel_cell_00378
378,0.4614756405353546,bbag094_zeisel_cell_00379
379,0.45431944727897644,bbag094_zeisel_cell_00380
380,0.8289363980293274,bbag094_zeisel_cell_00381
381,0.44999998807907104,bbag094_zeisel_cell_00382
382,1.585167646408081,bbag094_zeisel_cell_00383
383,0.5032989978790283,bbag094_zeisel_cell_00384
384,0.45052629709243774,bbag094_zeisel_cell_00385
385,0.5240705013275146,bbag094_zeisel_cell_00386
386,0.6565122604370117,bbag094_zeisel_cell_00387
387,0.7984355092048645,bbag094_zeisel_cell_00388
388,0.8360199332237244,bbag094_zeisel_cell_00389
389,0.44999998807907104,bbag094_zeisel_cell_00390
390,0.7594178318977356,bbag094_zeisel_cell_00391
391,0.5398287773132324,bbag094_zeisel_cell_00392
392,0.5351847410202026,bbag094_zeisel_cell_00393
393,0.44999998807907104,bbag094_zeisel_cell_00394
394,0.9917122721672058,bbag094_zeisel_cell_00395
395,0.44999998807907104,bbag094_zeisel_cell_00396
396,0.44999998807907104,bbag094_zeisel_cell_00397
397,0.6916252374649048,bbag094_zeisel_cell_00398
398,1.9970338344573975,bbag094_zeisel_cell_00399
399,0.6712130308151245,bbag094_zeisel_cell_00400
400,0.5294891595840454,bbag094_zeisel_cell_00401
401,1.6108793020248413,bbag094_zeisel_cell_00402
402,0.44999998807907104,bbag094_zeisel_cell_00403
403,1.2566481828689575,bbag094_zeisel_cell_00404
404,0.5793821811676025,bbag094_zeisel_cell_00405
405,0.6580958366394043,bbag094_zeisel_cell_00406
406,0.4868634045124054,bbag094_zeisel_cell_00407
407,0.4581950604915619,bbag094_zeisel_cell_00408
408,0.7761312127113342,bbag094_zeisel_cell_00409
409,0.49478188157081604,bbag094_zeisel_cell_00410
410,0.44999998807907104,bbag094_zeisel_cell_00411
411,0.44999998807907104,bbag094_zeisel_cell_00412
412,0.6200494170188904,bbag094_zeisel_cell_00413
413,0.45715567469596863,bbag094_zeisel_cell_00414
414,1.0417364835739136,bbag094_zeisel_cell_00415
415,0.4878380596637726,bbag094_zeisel_cell_00416
416,0.5159394145011902,bbag094_zeisel_cell_00417
417,1.0494085550308228,bbag094_zeisel_cell_00418
418,0.47982650995254517,bbag094_zeisel_cell_00419
419,0.5995465517044067,bbag094_zeisel_cell_00420
420,0.5168338418006897,bbag094_zeisel_cell_00421
421,0.5427317023277283,bbag094_zeisel_cell_00422
422,1.0609701871871948,bbag094_zeisel_cell_00423
423,0.44999998807907104,bbag094_zeisel_cell_00424
424,0.5075746774673462,bbag094_zeisel_cell_00425
425,1.3141262531280518,bbag094_zeisel_cell_00426
426,0.500052273273468,bbag094_zeisel_cell_00427
427,0.44999998807907104,bbag094_zeisel_cell_00428
428,0.8617233633995056,bbag094_zeisel_cell_00429
429,1.4783382415771484,bbag094_zeisel_cell_00430
430,0.6784262657165527,bbag094_zeisel_cell_00431
431,0.5800154209136963,bbag094_zeisel_cell_00432
432,3.3526291847229004,bbag094_zeisel_cell_00433
433,3.9105262756347656,bbag094_zeisel_cell_00434
434,0.47014063596725464,bbag094_zeisel_cell_00435
435,1.318395733833313,bbag094_zeisel_cell_00436
436,0.7554506659507751,bbag094_zeisel_cell_00437
437,0.6117689609527588,bbag094_zeisel_cell_00438
438,0.577828586101532,bbag094_zeisel_cell_00439
439,0.5063985586166382,bbag094_zeisel_cell_00440
440,0.6596771478652954,bbag094_zeisel_cell_00441
441,0.6566641926765442,bbag094_zeisel_cell_00442
442,0.9965423345565796,bbag094_zeisel_cell_00443
443,0.8169307112693787,bbag094_zeisel_cell_00444
444,0.44999998807907104,bbag094_zeisel_cell_00445
445,0.4500664174556732,bbag094_zeisel_cell_00446
446,0.44999998807907104,bbag094_zeisel_cell_00447
447,0.4597010612487793,bbag094_zeisel_cell_00448
448,0.44999998807907104,bbag094_zeisel_cell_00449
449,1.012171983718872,bbag094_zeisel_cell_00450
450,0.4501771032810211,bbag094_zeisel_cell_00451
451,1.6494249105453491,bbag094_zeisel_cell_00452
452,1.317188024520874,bbag094_zeisel_cell_00453
453,0.44999998807907104,bbag094_zeisel_cell_00454
454,0.44999998807907104,bbag094_zeisel_cell_00455
455,0.8725864291191101,bbag094_zeisel_cell_00456
456,0.6783015131950378,bbag094_zeisel_cell_00457
457,1.527817964553833,bbag094_zeisel_cell_00458
458,0.5442100763320923,bbag094_zeisel_cell_00459
459,0.6983242034912109,bbag094_zeisel_cell_00460
460,0.44999998807907104,bbag094_zeisel_cell_00461
461,0.44999998807907104,bbag094_zeisel_cell_00462
462,0.6103687286376953,bbag094_zeisel_cell_00463
463,1.5212838649749756,bbag094_zeisel_cell_00464
464,0.699622631072998,bbag094_zeisel_cell_00465
465,0.5264570713043213,bbag094_zeisel_cell_00466
466,0.5023303031921387,bbag094_zeisel_cell_00467
467,0.4788500666618347,bbag094_zeisel_cell_00468
468,0.5202913284301758,bbag094_zeisel_cell_00469
469,0.9758723378181458,bbag094_zeisel_cell_00470
470,0.8734694123268127,bbag094_zeisel_cell_00471
471,0.7230115532875061,bbag094_zeisel_cell_00472
472,0.45277920365333557,bbag094_zeisel_cell_00473
473,0.5296364426612854,bbag094_zeisel_cell_00474
474,0.6907355189323425,bbag094_zeisel_cell_00475
475,0.5365566611289978,bbag094_zeisel_cell_00476
476,2.0733158588409424,bbag094_zeisel_cell_00477
477,0.47683045268058777,bbag094_zeisel_cell_00478
478,1.1900241374969482,bbag094_zeisel_cell_00479
479,0.5361347198486328,bbag094_zeisel_cell_00480
480,0.6283928155899048,bbag094_zeisel_cell_00481
481,1.689219355583191,bbag094_zeisel_cell_00482
482,0.6592735052108765,bbag094_zeisel_cell_00483
483,0.5003668069839478,bbag094_zeisel_cell_00484
484,0.9874857068061829,bbag094_zeisel_cell_00485
485,0.47569549083709717,bbag094_zeisel_cell_00486
486,0.5218293070793152,bbag094_zeisel_cell_00487
487,0.9442165493965149,bbag094_zeisel_cell_00488
488,0.4535028636455536,bbag094_zeisel_cell_00489
489,1.068919062614441,bbag094_zeisel_cell_00490
490,0.5078507661819458,bbag094_zeisel_cell_00491
491,0.4814237952232361,bbag094_zeisel_cell_00492
492,0.6927313804626465,bbag094_zeisel_cell_00493
493,1.3764009475708008,bbag094_zeisel_cell_00494
494,0.4656727612018585,bbag094_zeisel_cell_00495
495,1.2626029253005981,bbag094_zeisel_cell_00496
496,0.5173165798187256,bbag094_zeisel_cell_00497
497,0.979562520980835,bbag094_zeisel_cell_00498
498,1.5419849157333374,bbag094_zeisel_cell_00499
499,0.9909912347793579,bbag094_zeisel_cell_00500
500,0.4536278247833252,bbag094_zeisel_cell_00501
501,0.9612705707550049,bbag094_zeisel_cell_00502
502,0.9489396214485168,bbag094_zeisel_cell_00503
503,0.5046476721763611,bbag094_zeisel_cell_00504
504,1.3475314378738403,bbag094_zeisel_cell_00505
505,0.4666484594345093,bbag094_zeisel_cell_00506
506,0.571570873260498,bbag094_zeisel_cell_00507
507,0.5911694169044495,bbag094_zeisel_cell_00508
508,1.1128017902374268,bbag094_zeisel_cell_00509
509,0.44999998807907104,bbag094_zeisel_cell_00510
510,0.45569488406181335,bbag094_zeisel_cell_00511
511,0.9494361281394958,bbag094_zeisel_cell_00512
512,1.3325598239898682,bbag094_zeisel_cell_00513
513,1.4533579349517822,bbag094_zeisel_cell_00514
514,0.5752846598625183,bbag094_zeisel_cell_00515
515,0.5794519186019897,bbag094_zeisel_cell_00516
516,0.44999998807907104,bbag094_zeisel_cell_00517
517,0.4542985260486603,bbag094_zeisel_cell_00518
518,0.5006563663482666,bbag094_zeisel_cell_00519
519,0.6010163426399231,bbag094_zeisel_cell_00520
520,0.44999998807907104,bbag094_zeisel_cell_00521
521,0.9636138081550598,bbag094_zeisel_cell_00522
522,0.553512454032898,bbag094_zeisel_cell_00523
523,0.6737368106842041,bbag094_zeisel_cell_00524
524,0.9785377383232117,bbag094_zeisel_cell_00525
525,0.5281968116760254,bbag094_zeisel_cell_00526
526,0.47614145278930664,bbag094_zeisel_cell_00527
527,1.683425784111023,bbag094_zeisel_cell_00528
528,0.44999998807907104,bbag094_zeisel_cell_00529
529,0.4551928639411926,bbag094_zeisel_cell_00530
530,0.44999998807907104,bbag094_zeisel_cell_00531
531,0.9485549330711365,bbag094_zeisel_cell_00532
532,0.5034279227256775,bbag094_zeisel_cell_00533
533,0.4547015428543091,bbag094_zeisel_cell_00534
534,0.701728880405426,bbag094_zeisel_cell_00535
535,0.4544001519680023,bbag094_zeisel_cell_00536
536,0.44999998807907104,bbag094_zeisel_cell_00537
537,0.5205256342887878,bbag094_zeisel_cell_00538
538,0.8331862688064575,bbag094_zeisel_cell_00539
539,0.5233831405639648,bbag094_zeisel_cell_00540
540,0.4595434069633484,bbag094_zeisel_cell_00541
541,0.6940665245056152,bbag094_zeisel_cell_00542
542,0.6447933316230774,bbag094_zeisel_cell_00543
543,0.507178008556366,bbag094_zeisel_cell_00544
544,0.44999998807907104,bbag094_zeisel_cell_00545
545,1.6484003067016602,bbag094_zeisel_cell_00546
546,0.530755341053009,bbag094_zeisel_cell_00547
547,0.8519153594970703,bbag094_zeisel_cell_00548
548,0.5226849913597107,bbag094_zeisel_cell_00549
549,0.490886390209198,bbag094_zeisel_cell_00550
550,0.5697546005249023,bbag094_zeisel_cell_00551
551,0.8199957609176636,bbag094_zeisel_cell_00552
552,1.1729025840759277,bbag094_zeisel_cell_00553
553,0.5062280893325806,bbag094_zeisel_cell_00554
554,1.695595622062683,bbag094_zeisel_cell_00555
555,0.9565204381942749,bbag094_zeisel_cell_00556
556,1.2569211721420288,bbag094_zeisel_cell_00557
557,1.127380132675171,bbag094_zeisel_cell_00558
558,1.5691900253295898,bbag094_zeisel_cell_00559
559,0.5204100012779236,bbag094_zeisel_cell_00560
560,0.777135968208313,bbag094_zeisel_cell_00561
561,1.1067826747894287,bbag094_zeisel_cell_00562
562,0.6511300802230835,bbag094_zeisel_cell_00563
563,0.4635246694087982,bbag094_zeisel_cell_00564
564,1.48601496219635,bbag094_zeisel_cell_00565
565,0.44999998807907104,bbag094_zeisel_cell_00566
566,1.5821348428726196,bbag094_zeisel_cell_00567
567,0.553452730178833,bbag094_zeisel_cell_00568
568,1.0490518808364868,bbag094_zeisel_cell_00569
569,0.44999998807907104,bbag094_zeisel_cell_00570
570,0.44999998807907104,bbag094_zeisel_cell_00571
571,0.7679861783981323,bbag094_zeisel_cell_00572
572,1.3030271530151367,bbag094_zeisel_cell_00573
573,0.5725181102752686,bbag094_zeisel_cell_00574
574,0.8192274570465088,bbag094_zeisel_cell_00575
575,0.6666022539138794,bbag094_zeisel_cell_00576
576,0.9913700222969055,bbag094_zeisel_cell_00577
577,0.44999998807907104,bbag094_zeisel_cell_00578
578,0.6615254282951355,bbag094_zeisel_cell_00579
579,1.1397693157196045,bbag094_zeisel_cell_00580
580,0.8144410848617554,bbag094_zeisel_cell_00581
581,0.6406110525131226,bbag094_zeisel_cell_00582
582,0.5178989171981812,bbag094_zeisel_cell_00583
583,0.44999998807907104,bbag094_zeisel_cell_00584
584,0.5056300759315491,bbag094_zeisel_cell_00585
585,1.422663688659668,bbag094_zeisel_cell_00586
586,0.44999998807907104,bbag094_zeisel_cell_00587
587,0.45042920112609863,bbag094_zeisel_cell_00588
588,0.45355671644210815,bbag094_zeisel_cell_00589
589,0.44999998807907104,bbag094_zeisel_cell_00590
590,1.3328895568847656,bbag094_zeisel_cell_00591
591,1.653206706047058,bbag094_zeisel_cell_00592
592,1.5743120908737183,bbag094_zeisel_cell_00593
593,1.7603845596313477,bbag094_zeisel_cell_00594
594,0.8404166102409363,bbag094_zeisel_cell_00595
595,0.45558345317840576,bbag094_zeisel_cell_00596
596,0.44999998807907104,bbag094_zeisel_cell_00597
597,0.47281020879745483,bbag094_zeisel_cell_00598
598,0.46699053049087524,bbag094_zeisel_cell_00599
599,2.2692084312438965,bbag094_zeisel_cell_00600
600,1.241961121559143,bbag094_zeisel_cell_00601
601,1.1724454164505005,bbag094_zeisel_cell_00602
602,1.8256703615188599,bbag094_zeisel_cell_00603
603,1.6868915557861328,bbag094_zeisel_cell_00604
604,0.5782747864723206,bbag094_zeisel_cell_00605
605,1.5756994485855103,bbag094_zeisel_cell_00606
606,0.5739378333091736,bbag094_zeisel_cell_00607
607,0.8321021795272827,bbag094_zeisel_cell_00608
608,0.7146387100219727,bbag094_zeisel_cell_00609
609,0.6589961647987366,bbag094_zeisel_cell_00610
610,1.950964093208313,bbag094_zeisel_cell_00611
611,0.774535596370697,bbag094_zeisel_cell_00612
612,2.9863357543945312,bbag094_zeisel_cell_00613
613,0.6560941338539124,bbag094_zeisel_cell_00614
614,0.4939168393611908,bbag094_zeisel_cell_00615
615,0.5798977017402649,bbag094_zeisel_cell_00616
616,0.44999998807907104,bbag094_zeisel_cell_00617
617,0.4762921929359436,bbag094_zeisel_cell_00618
618,0.5182581543922424,bbag094_zeisel_cell_00619
619,0.4995558559894562,bbag094_zeisel_cell_00620
620,1.3179877996444702,bbag094_zeisel_cell_00621
621,1.2753692865371704,bbag094_zeisel_cell_00622
622,0.5311180353164673,bbag094_zeisel_cell_00623
623,0.44999998807907104,bbag094_zeisel_cell_00624
624,0.6051428914070129,bbag094_zeisel_cell_00625
625,0.44999998807907104,bbag094_zeisel_cell_00626
626,0.7544286847114563,bbag094_zeisel_cell_00627
627,0.5095670819282532,bbag094_zeisel_cell_00628
628,0.5604379177093506,bbag094_zeisel_cell_00629
629,1.6943830251693726,bbag094_zeisel_cell_00630
630,0.44999998807907104,bbag094_zeisel_cell_00631
631,0.44999998807907104,bbag094_zeisel_cell_00632
632,0.6044897437095642,bbag094_zeisel_cell_00633
633,0.44999998807907104,bbag094_zeisel_cell_00634
634,0.44999998807907104,bbag094_zeisel_cell_00635
635,1.3385753631591797,bbag094_zeisel_cell_00636
636,0.5029120445251465,bbag094_zeisel_cell_00637
637,0.45594602823257446,bbag094_zeisel_cell_00638
638,0.44999998807907104,bbag094_zeisel_cell_00639
639,0.7184944748878479,bbag094_zeisel_cell_00640
640,0.7663654685020447,bbag094_zeisel_cell_00641
641,1.6262093782424927,bbag094_zeisel_cell_00642
642,0.4709727168083191,bbag094_zeisel_cell_00643
643,0.7178472280502319,bbag094_zeisel_cell_00644
644,0.44999998807907104,bbag094_zeisel_cell_00645
645,1.0001741647720337,bbag094_zeisel_cell_00646
646,0.45459359884262085,bbag094_zeisel_cell_00647
647,0.9842543005943298,bbag094_zeisel_cell_00648
648,0.44999998807907104,bbag094_zeisel_cell_00649
649,1.3153448104858398,bbag094_zeisel_cell_00650
650,0.5777876377105713,bbag094_zeisel_cell_00651
651,0.5025763511657715,bbag094_zeisel_cell_00652
652,2.7445363998413086,bbag094_zeisel_cell_00653
653,0.590130090713501,bbag094_zeisel_cell_00654
654,1.646095871925354,bbag094_zeisel_cell_00655
655,1.2927343845367432,bbag094_zeisel_cell_00656
656,0.9093527793884277,bbag094_zeisel_cell_00657
657,1.1405640840530396,bbag094_zeisel_cell_00658
658,1.6117656230926514,bbag094_zeisel_cell_00659
659,0.6805766820907593,bbag094_zeisel_cell_00660
660,0.6380681991577148,bbag094_zeisel_cell_00661
661,0.6037464737892151,bbag094_zeisel_cell_00662
662,0.46949976682662964,bbag094_zeisel_cell_00663
663,2.284550666809082,bbag094_zeisel_cell_00664
664,0.5831722021102905,bbag094_zeisel_cell_00665
665,0.46434760093688965,bbag094_zeisel_cell_00666
666,0.5874015688896179,bbag094_zeisel_cell_00667
667,1.2135124206542969,bbag094_zeisel_cell_00668
668,0.9195688366889954,bbag094_zeisel_cell_00669
669,0.5222331881523132,bbag094_zeisel_cell_00670
670,0.8141153454780579,bbag094_zeisel_cell_00671
671,0.44999998807907104,bbag094_zeisel_cell_00672
672,0.9390111565589905,bbag094_zeisel_cell_00673
673,0.8132110238075256,bbag094_zeisel_cell_00674
674,0.5204213857650757,bbag094_zeisel_cell_00675
675,0.44999998807907104,bbag094_zeisel_cell_00676
676,0.5187500715255737,bbag094_zeisel_cell_00677
677,0.44999998807907104,bbag094_zeisel_cell_00678
678,0.44999998807907104,bbag094_zeisel_cell_00679
679,0.5077598690986633,bbag094_zeisel_cell_00680
680,0.7267040014266968,bbag094_zeisel_cell_00681
681,0.44999998807907104,bbag094_zeisel_cell_00682
682,0.44999998807907104,bbag094_zeisel_cell_00683
683,0.607866644859314,bbag094_zeisel_cell_00684
684,0.508080780506134,bbag094_zeisel_cell_00685
685,0.44999998807907104,bbag094_zeisel_cell_00686
686,0.45049139857292175,bbag094_zeisel_cell_00687
687,0.44999998807907104,bbag094_zeisel_cell_00688
688,0.44999998807907104,bbag094_zeisel_cell_00689
689,2.3395936489105225,bbag094_zeisel_cell_00690
690,1.5583775043487549,bbag094_zeisel_cell_00691
691,0.44999998807907104,bbag094_zeisel_cell_00692
692,0.6406986713409424,bbag094_zeisel_cell_00693
693,1.075797200202942,bbag094_zeisel_cell_00694
694,0.44999998807907104,bbag094_zeisel_cell_00695
695,1.511657953262329,bbag094_zeisel_cell_00696
696,0.6883413195610046,bbag094_zeisel_cell_00697
697,2.2531137466430664,bbag094_zeisel_cell_00698
698,0.4970639646053314,bbag094_zeisel_cell_00699
699,1.620114803314209,bbag094_zeisel_cell_00700
700,1.0153568983078003,bbag094_zeisel_cell_00701
701,0.4908108413219452,bbag094_zeisel_cell_00702
702,0.6989663243293762,bbag094_zeisel_cell_00703
703,0.9582581520080566,bbag094_zeisel_cell_00704
704,1.639739751815796,bbag094_zeisel_cell_00705
705,1.213980793952942,bbag094_zeisel_cell_00706
706,0.44999998807907104,bbag094_zeisel_cell_00707
707,0.4665675163269043,bbag094_zeisel_cell_00708
708,0.6443182826042175,bbag094_zeisel_cell_00709
709,0.5259723663330078,bbag094_zeisel_cell_00710
710,0.7180950045585632,bbag094_zeisel_cell_00711
711,0.6436453461647034,bbag094_zeisel_cell_00712
712,1.293487787246704,bbag094_zeisel_cell_00713
713,2.4191811084747314,bbag094_zeisel_cell_00714
714,1.1189851760864258,bbag094_zeisel_cell_00715
715,0.7238235473632812,bbag094_zeisel_cell_00716
716,1.6715320348739624,bbag094_zeisel_cell_00717
717,0.5854001045227051,bbag094_zeisel_cell_00718
718,0.8469505310058594,bbag094_zeisel_cell_00719
719,0.5961266756057739,bbag094_zeisel_cell_00720
720,0.47027355432510376,bbag094_zeisel_cell_00721
721,0.5074120163917542,bbag094_zeisel_cell_00722
722,0.44999998807907104,bbag094_zeisel_cell_00723
723,0.8455561995506287,bbag094_zeisel_cell_00724
724,0.9478036165237427,bbag094_zeisel_cell_00725
725,0.8794844150543213,bbag094_zeisel_cell_00726
726,1.046130657196045,bbag094_zeisel_cell_00727
727,1.9320026636123657,bbag094_zeisel_cell_00728
728,0.44999998807907104,bbag094_zeisel_cell_00729
729,0.48076850175857544,bbag094_zeisel_cell_00730
730,0.5398874282836914,bbag094_zeisel_cell_00731
731,1.7824186086654663,bbag094_zeisel_cell_00732
732,0.7760820388793945,bbag094_zeisel_cell_00733
733,0.6662241816520691,bbag094_zeisel_cell_00734
734,0.5216363668441772,bbag094_zeisel_cell_00735
735,1.7391020059585571,bbag094_zeisel_cell_00736
736,0.5044690370559692,bbag094_zeisel_cell_00737
737,1.3498742580413818,bbag094_zeisel_cell_00738
738,1.1808534860610962,bbag094_zeisel_cell_00739
739,0.44999998807907104,bbag094_zeisel_cell_00740
740,0.44999998807907104,bbag094_zeisel_cell_00741
741,0.45500829815864563,bbag094_zeisel_cell_00742
742,0.5216118693351746,bbag094_zeisel_cell_00743
743,0.5507920384407043,bbag094_zeisel_cell_00744
744,0.4971535801887512,bbag094_zeisel_cell_00745
745,0.9681105017662048,bbag094_zeisel_cell_00746
746,0.5990424752235413,bbag094_zeisel_cell_00747
747,0.7582921385765076,bbag094_zeisel_cell_00748
748,1.9440264701843262,bbag094_zeisel_cell_00749
749,0.7421640157699585,bbag094_zeisel_cell_00750
750,0.44999998807907104,bbag094_zeisel_cell_00751
751,1.8194050788879395,bbag094_zeisel_cell_00752
752,0.6038979291915894,bbag094_zeisel_cell_00753
753,1.5895476341247559,bbag094_zeisel_cell_00754
754,0.6271629333496094,bbag094_zeisel_cell_00755
755,0.44999998807907104,bbag094_zeisel_cell_00756
756,0.44999998807907104,bbag094_zeisel_cell_00757
757,2.333710193634033,bbag094_zeisel_cell_00758
758,0.7617433667182922,bbag094_zeisel_cell_00759
759,0.6289641857147217,bbag094_zeisel_cell_00760
760,0.6735430359840393,bbag094_zeisel_cell_00761
761,0.8908188343048096,bbag094_zeisel_cell_00762
762,0.8151658773422241,bbag094_zeisel_cell_00763
763,1.394015908241272,bbag094_zeisel_cell_00764
764,1.0791981220245361,bbag094_zeisel_cell_00765
765,1.1697723865509033,bbag094_zeisel_cell_00766
766,0.8802613019943237,bbag094_zeisel_cell_00767
767,1.123924970626831,bbag094_zeisel_cell_00768
768,0.5452803373336792,bbag094_zeisel_cell_00769
769,2.109238386154175,bbag094_zeisel_cell_00770
770,0.45251983404159546,bbag094_zeisel_cell_00771
771,0.8107222318649292,bbag094_zeisel_cell_00772
772,0.5147444605827332,bbag094_zeisel_cell_00773
773,0.5211648344993591,bbag094_zeisel_cell_00774
774,1.8289669752120972,bbag094_zeisel_cell_00775
775,1.0616813898086548,bbag094_zeisel_cell_00776
776,2.3798553943634033,bbag094_zeisel_cell_00777
777,1.0979593992233276,bbag094_zeisel_cell_00778
778,0.44999998807907104,bbag094_zeisel_cell_00779
779,0.4530140459537506,bbag094_zeisel_cell_00780
780,1.8721920251846313,bbag094_zeisel_cell_00781
781,1.3279696702957153,bbag094_zeisel_cell_00782
782,0.7298161387443542,bbag094_zeisel_cell_00783
783,0.6029696464538574,bbag094_zeisel_cell_00784
784,1.5121097564697266,bbag094_zeisel_cell_00785
785,0.44999998807907104,bbag094_zeisel_cell_00786
786,1.4741904735565186,bbag094_zeisel_cell_00787
787,1.7030800580978394,bbag094_zeisel_cell_00788
788,0.4536055028438568,bbag094_zeisel_cell_00789
789,0.5698678493499756,bbag094_zeisel_cell_00790
790,0.5040603280067444,bbag094_zeisel_cell_00791
791,1.0395135879516602,bbag094_zeisel_cell_00792
792,1.7141135931015015,bbag094_zeisel_cell_00793
793,2.0029826164245605,bbag094_zeisel_cell_00794
794,0.6120122075080872,bbag094_zeisel_cell_00795
795,0.4983455240726471,bbag094_zeisel_cell_00796
796,0.44999998807907104,bbag094_zeisel_cell_00797
797,0.44999998807907104,bbag094_zeisel_cell_00798
798,0.44999998807907104,bbag094_zeisel_cell_00799
799,0.5793997645378113,bbag094_zeisel_cell_00800
800,0.7791849970817566,bbag094_zeisel_cell_00801
801,0.7338171005249023,bbag094_zeisel_cell_00802
802,0.9363783001899719,bbag094_zeisel_cell_00803
803,1.6168899536132812,bbag094_zeisel_cell_00804
804,0.7658331394195557,bbag094_zeisel_cell_00805
805,0.8838803768157959,bbag094_zeisel_cell_00806
806,0.5936360359191895,bbag094_zeisel_cell_00807
807,0.510487973690033,bbag094_zeisel_cell_00808
808,0.789413332939148,bbag094_zeisel_cell_00809
809,0.511208713054657,bbag094_zeisel_cell_00810
810,0.44999998807907104,bbag094_zeisel_cell_00811
811,0.44999998807907104,bbag094_zeisel_cell_00812
812,0.4527665972709656,bbag094_zeisel_cell_00813
813,0.802462637424469,bbag094_zeisel_cell_00814
814,0.44999998807907104,bbag094_zeisel_cell_00815
815,1.7662931680679321,bbag094_zeisel_cell_00816
816,0.6631580591201782,bbag094_zeisel_cell_00817
817,0.4993341565132141,bbag094_zeisel_cell_00818
818,0.44999998807907104,bbag094_zeisel_cell_00819
819,0.44999998807907104,bbag094_zeisel_cell_00820
820,0.45762065052986145,bbag094_zeisel_cell_00821
821,1.9892923831939697,bbag094_zeisel_cell_00822
822,1.7673521041870117,bbag094_zeisel_cell_00823
823,1.10538911819458,bbag094_zeisel_cell_00824
824,1.0271342992782593,bbag094_zeisel_cell_00825
825,0.7065919041633606,bbag094_zeisel_cell_00826
826,0.6787295937538147,bbag094_zeisel_cell_00827
827,0.4942597448825836,bbag094_zeisel_cell_00828
828,2.7547733783721924,bbag094_zeisel_cell_00829
829,0.5507856011390686,bbag094_zeisel_cell_00830
830,0.5267770886421204,bbag094_zeisel_cell_00831
831,1.6326462030410767,bbag094_zeisel_cell_00832
832,0.7448781132698059,bbag094_zeisel_cell_00833
833,0.8584177494049072,bbag094_zeisel_cell_00834
834,1.671596884727478,bbag094_zeisel_cell_00835
835,0.5749412775039673,bbag094_zeisel_cell_00836
836,1.1391133069992065,bbag094_zeisel_cell_00837
837,1.733689785003662,bbag094_zeisel_cell_00838
838,0.9981570243835449,bbag094_zeisel_cell_00839
839,0.44999998807907104,bbag094_zeisel_cell_00840
840,0.5903925895690918,bbag094_zeisel_cell_00841
841,0.5007423758506775,bbag094_zeisel_cell_00842
842,1.1015915870666504,bbag094_zeisel_cell_00843
843,2.3062901496887207,bbag094_zeisel_cell_00844
844,1.3864141702651978,bbag094_zeisel_cell_00845
845,0.9578643441200256,bbag094_zeisel_cell_00846
846,2.73142671585083,bbag094_zeisel_cell_00847
847,1.749361515045166,bbag094_zeisel_cell_00848
848,0.4845215082168579,bbag094_zeisel_cell_00849
849,0.5485233664512634,bbag094_zeisel_cell_00850
850,1.357245683670044,bbag094_zeisel_cell_00851
851,0.45858442783355713,bbag094_zeisel_cell_00852
852,1.026475191116333,bbag094_zeisel_cell_00853
853,1.0269534587860107,bbag094_zeisel_cell_00854
854,1.2367630004882812,bbag094_zeisel_cell_00855
855,0.44999998807907104,bbag094_zeisel_cell_00856
856,0.7073155045509338,bbag094_zeisel_cell_00857
857,0.5013552904129028,bbag094_zeisel_cell_00858
858,0.44999998807907104,bbag094_zeisel_cell_00859
859,1.1442124843597412,bbag094_zeisel_cell_00860
860,0.5573444366455078,bbag094_zeisel_cell_00861
861,0.6279201507568359,bbag094_zeisel_cell_00862
862,0.6648809909820557,bbag094_zeisel_cell_00863
863,0.4500213861465454,bbag094_zeisel_cell_00864
864,0.7474251985549927,bbag094_zeisel_cell_00865
865,0.44999998807907104,bbag094_zeisel_cell_00866
866,0.7346667647361755,bbag094_zeisel_cell_00867
867,0.8203129172325134,bbag094_zeisel_cell_00868
868,0.8444375395774841,bbag094_zeisel_cell_00869
869,1.1490169763565063,bbag094_zeisel_cell_00870
870,0.9158808588981628,bbag094_zeisel_cell_00871
871,1.6346200704574585,bbag094_zeisel_cell_00872
872,0.6508849859237671,bbag094_zeisel_cell_00873
873,0.4582257568836212,bbag094_zeisel_cell_00874
874,0.44999998807907104,bbag094_zeisel_cell_00875
875,0.9115629196166992,bbag094_zeisel_cell_00876
876,0.459675669670105,bbag094_zeisel_cell_00877
877,0.6829773187637329,bbag094_zeisel_cell_00878
878,0.5213484764099121,bbag094_zeisel_cell_00879
879,0.44999998807907104,bbag094_zeisel_cell_00880
880,0.44999998807907104,bbag094_zeisel_cell_00881
881,0.580912172794342,bbag094_zeisel_cell_00882
882,0.46325957775115967,bbag094_zeisel_cell_00883
883,0.5137237906455994,bbag094_zeisel_cell_00884
884,1.0140693187713623,bbag094_zeisel_cell_00885
885,1.3987892866134644,bbag094_zeisel_cell_00886
886,2.118194580078125,bbag094_zeisel_cell_00887
887,0.5987977385520935,bbag094_zeisel_cell_00888
888,0.46406787633895874,bbag094_zeisel_cell_00889
889,0.8512907028198242,bbag094_zeisel_cell_00890
890,1.0541306734085083,bbag094_zeisel_cell_00891
891,1.0363043546676636,bbag094_zeisel_cell_00892
892,0.6754021644592285,bbag094_zeisel_cell_00893
893,0.8592289686203003,bbag094_zeisel_cell_00894
894,0.5104125142097473,bbag094_zeisel_cell_00895
895,2.8843350410461426,bbag094_zeisel_cell_00896
896,0.4586135447025299,bbag094_zeisel_cell_00897
897,0.615593433380127,bbag094_zeisel_cell_00898
898,0.47128865122795105,bbag094_zeisel_cell_00899
899,0.6937122941017151,bbag094_zeisel_cell_00900
900,0.5187918543815613,bbag094_zeisel_cell_00901
901,0.5127146244049072,bbag094_zeisel_cell_00902
902,0.7389187812805176,bbag094_zeisel_cell_00903
903,0.44999998807907104,bbag094_zeisel_cell_00904
904,0.44999998807907104,bbag094_zeisel_cell_00905
905,0.4531960189342499,bbag094_zeisel_cell_00906
906,0.6182181239128113,bbag094_zeisel_cell_00907
907,0.6220962405204773,bbag094_zeisel_cell_00908
908,0.46965691447257996,bbag094_zeisel_cell_00909
909,0.5241093039512634,bbag094_zeisel_cell_00910
910,0.9848529696464539,bbag094_zeisel_cell_00911
911,0.44999998807907104,bbag094_zeisel_cell_00912
912,0.44999998807907104,bbag094_zeisel_cell_00913
913,0.9018712043762207,bbag094_zeisel_cell_00914
914,0.44999998807907104,bbag094_zeisel_cell_00915
915,0.45264190435409546,bbag094_zeisel_cell_00916
916,0.6820155382156372,bbag094_zeisel_cell_00917
917,1.0463099479675293,bbag094_zeisel_cell_00918
918,1.3190670013427734,bbag094_zeisel_cell_00919
919,0.45008644461631775,bbag094_zeisel_cell_00920
920,1.2535091638565063,bbag094_zeisel_cell_00921
921,0.46630674600601196,bbag094_zeisel_cell_00922
922,1.1033093929290771,bbag094_zeisel_cell_00923
923,0.44999998807907104,bbag094_zeisel_cell_00924
924,0.44999998807907104,bbag094_zeisel_cell_00925
925,0.44999998807907104,bbag094_zeisel_cell_00926
926,0.49155107140541077,bbag094_zeisel_cell_00927
927,0.6822740435600281,bbag094_zeisel_cell_00928
928,0.44999998807907104,bbag094_zeisel_cell_00929
929,0.4577081799507141,bbag094_zeisel_cell_00930
930,0.4540770947933197,bbag094_zeisel_cell_00931
931,0.44999998807907104,bbag094_zeisel_cell_00932
932,0.5327548980712891,bbag094_zeisel_cell_00933
933,0.5943157076835632,bbag094_zeisel_cell_00934
934,0.8760217428207397,bbag094_zeisel_cell_00935
935,0.9975237250328064,bbag094_zeisel_cell_00936
936,1.930516004562378,bbag094_zeisel_cell_00937
937,0.6590119004249573,bbag094_zeisel_cell_00938
938,0.44999998807907104,bbag094_zeisel_cell_00939
939,0.44999998807907104,bbag094_zeisel_cell_00940
940,0.4731484651565552,bbag094_zeisel_cell_00941
941,0.6241121292114258,bbag094_zeisel_cell_00942
942,0.4526154696941376,bbag094_zeisel_cell_00943
943,0.45199382305145264,bbag094_zeisel_cell_00944
944,1.2135432958602905,bbag094_zeisel_cell_00945
945,1.6361448764801025,bbag094_zeisel_cell_00946
946,0.5863556861877441,bbag094_zeisel_cell_00947
947,0.44999998807907104,bbag094_zeisel_cell_00948
948,0.625255823135376,bbag094_zeisel_cell_00949
949,0.5120193958282471,bbag094_zeisel_cell_00950
950,0.5332105159759521,bbag094_zeisel_cell_00951
951,0.701303243637085,bbag094_zeisel_cell_00952
952,1.0814085006713867,bbag094_zeisel_cell_00953
953,0.4670678973197937,bbag094_zeisel_cell_00954
954,0.8579902052879333,bbag094_zeisel_cell_00955
955,1.862421989440918,bbag094_zeisel_cell_00956
956,1.6705305576324463,bbag094_zeisel_cell_00957
957,0.9639011025428772,bbag094_zeisel_cell_00958
958,0.5131669044494629,bbag094_zeisel_cell_00959
959,0.46492770314216614,bbag094_zeisel_cell_00960
960,0.5505755543708801,bbag094_zeisel_cell_00961
961,0.44999998807907104,bbag094_zeisel_cell_00962
962,1.6306233406066895,bbag094_zeisel_cell_00963
963,0.693121075630188,bbag094_zeisel_cell_00964
964,0.7377339005470276,bbag094_zeisel_cell_00965
965,0.7135761976242065,bbag094_zeisel_cell_00966
966,0.44999998807907104,bbag094_zeisel_cell_00967
967,0.5249735713005066,bbag094_zeisel_cell_00968
968,0.4697546064853668,bbag094_zeisel_cell_00969
969,0.44999998807907104,bbag094_zeisel_cell_00970
970,0.5127692818641663,bbag094_zeisel_cell_00971
971,1.2853331565856934,bbag094_zeisel_cell_00972
972,0.4511488080024719,bbag094_zeisel_cell_00973
973,0.7392194867134094,bbag094_zeisel_cell_00974
974,0.6799870729446411,bbag094_zeisel_cell_00975
975,0.9144958853721619,bbag094_zeisel_cell_00976
976,0.7957033514976501,bbag094_zeisel_cell_00977
977,0.4908294379711151,bbag094_zeisel_cell_00978
978,0.622722327709198,bbag094_zeisel_cell_00979
979,0.44999998807907104,bbag094_zeisel_cell_00980
980,0.5285645127296448,bbag094_zeisel_cell_00981
981,0.44999998807907104,bbag094_zeisel_cell_00982
982,0.4531281590461731,bbag094_zeisel_cell_00983
983,2.2142493724823,bbag094_zeisel_cell_00984
984,0.4505031108856201,bbag094_zeisel_cell_00985
985,0.5441551208496094,bbag094_zeisel_cell_00986
986,0.596785306930542,bbag094_zeisel_cell_00987
987,0.4535302221775055,bbag094_zeisel_cell_00988
988,0.665277898311615,bbag094_zeisel_cell_00989
989,0.45997554063796997,bbag094_zeisel_cell_00990
990,0.44999998807907104,bbag094_zeisel_cell_00991
991,0.4501934051513672,bbag094_zeisel_cell_00992
992,0.44999998807907104,bbag094_zeisel_cell_00993
993,0.6314682960510254,bbag094_zeisel_cell_00994
994,0.45008084177970886,bbag094_zeisel_cell_00995
995,0.44999998807907104,bbag094_zeisel_cell_00996
996,0.9720740914344788,bbag094_zeisel_cell_00997
997,0.4537094533443451,bbag094_zeisel_cell_00998
998,0.5240636467933655,bbag094_zeisel_cell_00999
999,0.4934346675872803,bbag094_zeisel_cell_01000
1000,1.6274745464324951,bbag094_zeisel_cell_01001
1001,0.6417433619499207,bbag094_zeisel_cell_01002
1002,2.7561659812927246,bbag094_zeisel_cell_01003
1003,0.506224513053894,bbag094_zeisel_cell_01004
1004,1.0810916423797607,bbag094_zeisel_cell_01005
1005,0.44999998807907104,bbag094_zeisel_cell_01006
1006,0.5184680819511414,bbag094_zeisel_cell_01007
1007,1.6996718645095825,bbag094_zeisel_cell_01008
1008,0.44999998807907104,bbag094_zeisel_cell_01009
1009,1.6161425113677979,bbag094_zeisel_cell_01010
1010,0.6308870911598206,bbag094_zeisel_cell_01011
1011,1.0599558353424072,bbag094_zeisel_cell_01012
1012,1.3907856941223145,bbag094_zeisel_cell_01013
1013,0.6389644742012024,bbag094_zeisel_cell_01014
1014,0.646542489528656,bbag094_zeisel_cell_01015
1015,0.6021096706390381,bbag094_zeisel_cell_01016
1016,1.6551547050476074,bbag094_zeisel_cell_01017
1017,0.6955254077911377,bbag094_zeisel_cell_01018
1018,0.8864652514457703,bbag094_zeisel_cell_01019
1019,0.8530799746513367,bbag094_zeisel_cell_01020
1020,0.44999998807907104,bbag094_zeisel_cell_01021
1021,1.9846127033233643,bbag094_zeisel_cell_01022
1022,0.5523693561553955,bbag094_zeisel_cell_01023
1023,0.69673091173172,bbag094_zeisel_cell_01024
1024,2.082357883453369,bbag094_zeisel_cell_01025
1025,0.44999998807907104,bbag094_zeisel_cell_01026
1026,1.694386601448059,bbag094_zeisel_cell_01027
1027,0.8250601887702942,bbag094_zeisel_cell_01028
1028,1.3556113243103027,bbag094_zeisel_cell_01029
1029,2.1119563579559326,bbag094_zeisel_cell_01030
1030,0.8358509540557861,bbag094_zeisel_cell_01031
1031,0.5356425046920776,bbag094_zeisel_cell_01032
1032,0.44999998807907104,bbag094_zeisel_cell_01033
1033,0.44999998807907104,bbag094_zeisel_cell_01034
1034,0.4541868567466736,bbag094_zeisel_cell_01035
1035,0.48791664838790894,bbag094_zeisel_cell_01036
1036,0.44999998807907104,bbag094_zeisel_cell_01037
1037,1.3405522108078003,bbag094_zeisel_cell_01038
1038,0.44999998807907104,bbag094_zeisel_cell_01039
1039,0.5702311992645264,bbag094_zeisel_cell_01040
1040,0.6904757022857666,bbag094_zeisel_cell_01041
1041,0.44999998807907104,bbag094_zeisel_cell_01042
1042,0.44999998807907104,bbag094_zeisel_cell_01043
1043,0.44999998807907104,bbag094_zeisel_cell_01044
1044,0.4926344156265259,bbag094_zeisel_cell_01045
1045,0.4505734145641327,bbag094_zeisel_cell_01046
1046,1.098752737045288,bbag094_zeisel_cell_01047
1047,0.6901540160179138,bbag094_zeisel_cell_01048
1048,0.44999998807907104,bbag094_zeisel_cell_01049
1049,1.0043933391571045,bbag094_zeisel_cell_01050
1050,1.4312260150909424,bbag094_zeisel_cell_01051
1051,0.6720539331436157,bbag094_zeisel_cell_01052
1052,0.44999998807907104,bbag094_zeisel_cell_01053
1053,0.6973190307617188,bbag094_zeisel_cell_01054
1054,0.44999998807907104,bbag094_zeisel_cell_01055
1055,0.44999998807907104,bbag094_zeisel_cell_01056
1056,0.44999998807907104,bbag094_zeisel_cell_01057
1057,0.44999998807907104,bbag094_zeisel_cell_01058
1058,0.44999998807907104,bbag094_zeisel_cell_01059
1059,0.4628578722476959,bbag094_zeisel_cell_01060
1060,0.44999998807907104,bbag094_zeisel_cell_01061
1061,0.44999998807907104,bbag094_zeisel_cell_01062
1062,0.4562350809574127,bbag094_zeisel_cell_01063
1063,0.4550289213657379,bbag094_zeisel_cell_01064
1064,0.44999998807907104,bbag094_zeisel_cell_01065
1065,1.3175115585327148,bbag094_zeisel_cell_01066
1066,0.4508037567138672,bbag094_zeisel_cell_01067
1067,1.099872350692749,bbag094_zeisel_cell_01068
1068,0.44999998807907104,bbag094_zeisel_cell_01069
1069,0.4531870484352112,bbag094_zeisel_cell_01070
1070,1.0015630722045898,bbag094_zeisel_cell_01071
1071,0.44999998807907104,bbag094_zeisel_cell_01072
1072,0.602144718170166,bbag094_zeisel_cell_01073
1073,0.44999998807907104,bbag094_zeisel_cell_01074
1074,0.44999998807907104,bbag094_zeisel_cell_01075
1075,0.44999998807907104,bbag094_zeisel_cell_01076
1076,0.44999998807907104,bbag094_zeisel_cell_01077
1077,0.6459503769874573,bbag094_zeisel_cell_01078
1078,0.4797440767288208,bbag094_zeisel_cell_01079
1079,0.730410099029541,bbag094_zeisel_cell_01080
1080,0.44999998807907104,bbag094_zeisel_cell_01081
1081,3.0318331718444824,bbag094_zeisel_cell_01082
1082,0.44999998807907104,bbag094_zeisel_cell_01083
1083,0.44999998807907104,bbag094_zeisel_cell_01084
1084,0.5265244841575623,bbag094_zeisel_cell_01085
1085,0.44999998807907104,bbag094_zeisel_cell_01086
1086,0.5317038297653198,bbag094_zeisel_cell_01087
1087,0.6209750771522522,bbag094_zeisel_cell_01088
1088,0.5268358588218689,bbag094_zeisel_cell_01089
1089,0.44999998807907104,bbag094_zeisel_cell_01090
1090,0.45588669180870056,bbag094_zeisel_cell_01091
1091,1.763684630393982,bbag094_zeisel_cell_01092
1092,0.44999998807907104,bbag094_zeisel_cell_01093
1093,0.4523769021034241,bbag094_zeisel_cell_01094
1094,0.44999998807907104,bbag094_zeisel_cell_01095
1095,0.7000051736831665,bbag094_zeisel_cell_01096
1096,0.44999998807907104,bbag094_zeisel_cell_01097
1097,0.44999998807907104,bbag094_zeisel_cell_01098
1098,0.44999998807907104,bbag094_zeisel_cell_01099
1099,1.6593018770217896,bbag094_zeisel_cell_01100
1100,0.44999998807907104,bbag094_zeisel_cell_01101
1101,0.5311722755432129,bbag094_zeisel_cell_01102
1102,0.44999998807907104,bbag094_zeisel_cell_01103
1103,0.44999998807907104,bbag094_zeisel_cell_01104
1104,0.450656920671463,bbag094_zeisel_cell_01105
1105,0.44999998807907104,bbag094_zeisel_cell_01106
1106,0.44999998807907104,bbag094_zeisel_cell_01107
1107,0.509567379951477,bbag094_zeisel_cell_01108
1108,0.4547719359397888,bbag094_zeisel_cell_01109
1109,1.0244181156158447,bbag094_zeisel_cell_01110
1110,0.8018185496330261,bbag094_zeisel_cell_01111
1111,0.44999998807907104,bbag094_zeisel_cell_01112
1112,0.44999998807907104,bbag094_zeisel_cell_01113
1113,0.5472819209098816,bbag094_zeisel_cell_01114
1114,0.4956783950328827,bbag094_zeisel_cell_01115
1115,0.9061443209648132,bbag094_zeisel_cell_01116
1116,0.44999998807907104,bbag094_zeisel_cell_01117
1117,0.44999998807907104,bbag094_zeisel_cell_01118
1118,0.44999998807907104,bbag094_zeisel_cell_01119
1119,0.44999998807907104,bbag094_zeisel_cell_01120
1120,0.44999998807907104,bbag094_zeisel_cell_01121
1121,0.8710311651229858,bbag094_zeisel_cell_01122
1122,0.44999998807907104,bbag094_zeisel_cell_01123
1123,0.47222575545310974,bbag094_zeisel_cell_01124
1124,2.6970114707946777,bbag094_zeisel_cell_01125
1125,0.5839139223098755,bbag094_zeisel_cell_01126
1126,1.1196719408035278,bbag094_zeisel_cell_01127
1127,0.44999998807907104,bbag094_zeisel_cell_01128
1128,0.5081947445869446,bbag094_zeisel_cell_01129
1129,0.44999998807907104,bbag094_zeisel_cell_01130
1130,0.44999998807907104,bbag094_zeisel_cell_01131
1131,1.4617183208465576,bbag094_zeisel_cell_01132
1132,0.44999998807907104,bbag094_zeisel_cell_01133
1133,0.4766756296157837,bbag094_zeisel_cell_01134
1134,1.0187019109725952,bbag094_zeisel_cell_01135
1135,0.44999998807907104,bbag094_zeisel_cell_01136
1136,2.205700159072876,bbag094_zeisel_cell_01137
1137,0.44999998807907104,bbag094_zeisel_cell_01138
1138,1.1229667663574219,bbag094_zeisel_cell_01139
1139,0.520662784576416,bbag094_zeisel_cell_01140
1140,0.519490122795105,bbag094_zeisel_cell_01141
1141,0.44999998807907104,bbag094_zeisel_cell_01142
1142,0.5007450580596924,bbag094_zeisel_cell_01143
1143,0.44999998807907104,bbag094_zeisel_cell_01144
1144,0.7134816646575928,bbag094_zeisel_cell_01145
1145,1.668131709098816,bbag094_zeisel_cell_01146
1146,0.44999998807907104,bbag094_zeisel_cell_01147
1147,1.622530460357666,bbag094_zeisel_cell_01148
1148,0.44999998807907104,bbag094_zeisel_cell_01149
1149,0.44999998807907104,bbag094_zeisel_cell_01150
1150,1.3929543495178223,bbag094_zeisel_cell_01151
1151,0.8416098952293396,bbag094_zeisel_cell_01152
1152,1.0016217231750488,bbag094_zeisel_cell_01153
1153,1.9251048564910889,bbag094_zeisel_cell_01154
1154,0.44999998807907104,bbag094_zeisel_cell_01155
1155,0.44999998807907104,bbag094_zeisel_cell_01156
1156,0.48227807879447937,bbag094_zeisel_cell_01157
1157,0.4515410363674164,bbag094_zeisel_cell_01158
1158,0.44999998807907104,bbag094_zeisel_cell_01159
1159,0.44999998807907104,bbag094_zeisel_cell_01160
1160,0.44999998807907104,bbag094_zeisel_cell_01161
1161,0.44999998807907104,bbag094_zeisel_cell_01162
1162,1.0093400478363037,bbag094_zeisel_cell_01163
1163,0.5107980370521545,bbag094_zeisel_cell_01164
1164,1.0920833349227905,bbag094_zeisel_cell_01165
1165,0.44999998807907104,bbag094_zeisel_cell_01166
1166,1.309985637664795,bbag094_zeisel_cell_01167
1167,0.6481097340583801,bbag094_zeisel_cell_01168
1168,1.1087794303894043,bbag094_zeisel_cell_01169
1169,1.5156497955322266,bbag094_zeisel_cell_01170
1170,0.44999998807907104,bbag094_zeisel_cell_01171
1171,0.460036039352417,bbag094_zeisel_cell_01172
1172,0.44999998807907104,bbag094_zeisel_cell_01173
1173,1.8632327318191528,bbag094_zeisel_cell_01174
1174,0.5046247839927673,bbag094_zeisel_cell_01175
1175,0.5217249989509583,bbag094_zeisel_cell_01176
1176,0.44999998807907104,bbag094_zeisel_cell_01177
1177,0.5122783184051514,bbag094_zeisel_cell_01178
1178,0.44999998807907104,bbag094_zeisel_cell_01179
1179,0.44999998807907104,bbag094_zeisel_cell_01180
1180,0.44999998807907104,bbag094_zeisel_cell_01181
1181,0.44999998807907104,bbag094_zeisel_cell_01182
1182,0.45332416892051697,bbag094_zeisel_cell_01183
1183,2.3622608184814453,bbag094_zeisel_cell_01184
1184,0.45307838916778564,bbag094_zeisel_cell_01185
1185,0.44999998807907104,bbag094_zeisel_cell_01186
1186,0.5130829215049744,bbag094_zeisel_cell_01187
1187,0.5025057196617126,bbag094_zeisel_cell_01188
1188,0.5860421657562256,bbag094_zeisel_cell_01189
1189,0.44999998807907104,bbag094_zeisel_cell_01190
1190,0.49904170632362366,bbag094_zeisel_cell_01191
1191,0.44999998807907104,bbag094_zeisel_cell_01192
1192,0.6865625381469727,bbag094_zeisel_cell_01193
1193,1.7937922477722168,bbag094_zeisel_cell_01194
1194,0.44999998807907104,bbag094_zeisel_cell_01195
1195,1.099628210067749,bbag094_zeisel_cell_01196
1196,0.6239199638366699,bbag094_zeisel_cell_01197
1197,0.451343297958374,bbag094_zeisel_cell_01198
1198,0.44999998807907104,bbag094_zeisel_cell_01199
1199,0.5594765543937683,bbag094_zeisel_cell_01200
1200,0.5595062375068665,bbag094_zeisel_cell_01201
1201,0.6192976236343384,bbag094_zeisel_cell_01202
1202,0.4546252489089966,bbag094_zeisel_cell_01203
1203,0.44999998807907104,bbag094_zeisel_cell_01204
1204,0.6697470545768738,bbag094_zeisel_cell_01205
1205,1.0155935287475586,bbag094_zeisel_cell_01206
1206,0.44999998807907104,bbag094_zeisel_cell_01207
1207,0.44999998807907104,bbag094_zeisel_cell_01208
1208,0.5942056179046631,bbag094_zeisel_cell_01209
1209,1.3808825016021729,bbag094_zeisel_cell_01210
1210,0.5602753162384033,bbag094_zeisel_cell_01211
1211,0.44999998807907104,bbag094_zeisel_cell_01212
1212,0.44999998807907104,bbag094_zeisel_cell_01213
1213,0.8222039937973022,bbag094_zeisel_cell_01214
1214,0.44999998807907104,bbag094_zeisel_cell_01215
1215,0.44999998807907104,bbag094_zeisel_cell_01216
1216,0.44999998807907104,bbag094_zeisel_cell_01217
1217,0.45794087648391724,bbag094_zeisel_cell_01218
1218,0.44999998807907104,bbag094_zeisel_cell_01219
1219,0.44999998807907104,bbag094_zeisel_cell_01220
1220,0.44999998807907104,bbag094_zeisel_cell_01221
1221,0.44999998807907104,bbag094_zeisel_cell_01222
1222,0.44999998807907104,bbag094_zeisel_cell_01223
1223,0.44999998807907104,bbag094_zeisel_cell_01224
1224,0.44999998807907104,bbag094_zeisel_cell_01225
1225,0.4666290283203125,bbag094_zeisel_cell_01226
1226,0.44999998807907104,bbag094_zeisel_cell_01227
1227,1.7982975244522095,bbag094_zeisel_cell_01228
1228,0.46308866143226624,bbag094_zeisel_cell_01229
1229,0.5207008123397827,bbag094_zeisel_cell_01230
1230,0.44999998807907104,bbag094_zeisel_cell_01231
1231,1.549091100692749,bbag094_zeisel_cell_01232
1232,0.4874899089336395,bbag094_zeisel_cell_01233
1233,0.499952495098114,bbag094_zeisel_cell_01234
1234,0.45807600021362305,bbag094_zeisel_cell_01235
1235,0.47808077931404114,bbag094_zeisel_cell_01236
1236,0.44999998807907104,bbag094_zeisel_cell_01237
1237,2.1891732215881348,bbag094_zeisel_cell_01238
1238,0.45486682653427124,bbag094_zeisel_cell_01239
1239,0.45228925347328186,bbag094_zeisel_cell_01240
1240,0.45362377166748047,bbag094_zeisel_cell_01241
1241,0.6687864661216736,bbag094_zeisel_cell_01242
1242,0.8328779339790344,bbag094_zeisel_cell_01243
1243,1.7410260438919067,bbag094_zeisel_cell_01244
1244,0.9642723202705383,bbag094_zeisel_cell_01245
1245,0.852769672870636,bbag094_zeisel_cell_01246
1246,0.8020151853561401,bbag094_zeisel_cell_01247
1247,1.5829524993896484,bbag094_zeisel_cell_01248
1248,1.1673166751861572,bbag094_zeisel_cell_01249
1249,0.4514307975769043,bbag094_zeisel_cell_01250
1250,0.4508078396320343,bbag094_zeisel_cell_01251
1251,0.49107930064201355,bbag094_zeisel_cell_01252
1252,0.44999998807907104,bbag094_zeisel_cell_01253
1253,1.0203603506088257,bbag094_zeisel_cell_01254
1254,1.6179118156433105,bbag094_zeisel_cell_01255
1255,0.4523124098777771,bbag094_zeisel_cell_01256
1256,0.44999998807907104,bbag094_zeisel_cell_01257
1257,0.44999998807907104,bbag094_zeisel_cell_01258
1258,0.44999998807907104,bbag094_zeisel_cell_01259
1259,0.4749319851398468,bbag094_zeisel_cell_01260
1260,0.8294806480407715,bbag094_zeisel_cell_01261
1261,0.45599183440208435,bbag094_zeisel_cell_01262
1262,0.45307445526123047,bbag094_zeisel_cell_01263
1263,0.921309769153595,bbag094_zeisel_cell_01264
1264,0.44999998807907104,bbag094_zeisel_cell_01265
1265,0.44999998807907104,bbag094_zeisel_cell_01266
1266,0.859462559223175,bbag094_zeisel_cell_01267
1267,0.45228442549705505,bbag094_zeisel_cell_01268
1268,0.5033097267150879,bbag094_zeisel_cell_01269
1269,0.44999998807907104,bbag094_zeisel_cell_01270
1270,0.44999998807907104,bbag094_zeisel_cell_01271
1271,1.0238522291183472,bbag094_zeisel_cell_01272
1272,0.5004797577857971,bbag094_zeisel_cell_01273
1273,0.44999998807907104,bbag094_zeisel_cell_01274
1274,1.046976089477539,bbag094_zeisel_cell_01275
1275,0.5682321786880493,bbag094_zeisel_cell_01276
1276,1.5567163228988647,bbag094_zeisel_cell_01277
1277,1.366269588470459,bbag094_zeisel_cell_01278
1278,0.44999998807907104,bbag094_zeisel_cell_01279
1279,0.45265838503837585,bbag094_zeisel_cell_01280
1280,0.4939684569835663,bbag094_zeisel_cell_01281
1281,0.44999998807907104,bbag094_zeisel_cell_01282
1282,0.5309154987335205,bbag094_zeisel_cell_01283
1283,0.4506913125514984,bbag094_zeisel_cell_01284
1284,0.44999998807907104,bbag094_zeisel_cell_01285
1285,0.4525619149208069,bbag094_zeisel_cell_01286
1286,1.4021061658859253,bbag094_zeisel_cell_01287
1287,0.45168864727020264,bbag094_zeisel_cell_01288
1288,0.44999998807907104,bbag094_zeisel_cell_01289
1289,0.5956075191497803,bbag094_zeisel_cell_01290
1290,0.8265967965126038,bbag094_zeisel_cell_01291
1291,0.44999998807907104,bbag094_zeisel_cell_01292
1292,0.7261391878128052,bbag094_zeisel_cell_01293
1293,0.9877685308456421,bbag094_zeisel_cell_01294
1294,0.61952805519104,bbag094_zeisel_cell_01295
1295,0.44999998807907104,bbag094_zeisel_cell_01296
1296,0.44999998807907104,bbag094_zeisel_cell_01297
1297,2.327284574508667,bbag094_zeisel_cell_01298
1298,0.5725170373916626,bbag094_zeisel_cell_01299
1299,0.4508887529373169,bbag094_zeisel_cell_01300
1300,0.6145337820053101,bbag094_zeisel_cell_01301
1301,0.9194524884223938,bbag094_zeisel_cell_01302
1302,0.44999998807907104,bbag094_zeisel_cell_01303
1303,0.44999998807907104,bbag094_zeisel_cell_01304
1304,0.45062142610549927,bbag094_zeisel_cell_01305
1305,1.029282808303833,bbag094_zeisel_cell_01306
1306,0.44999998807907104,bbag094_zeisel_cell_01307
1307,0.45221656560897827,bbag094_zeisel_cell_01308
1308,1.2066360712051392,bbag094_zeisel_cell_01309
1309,0.5082734227180481,bbag094_zeisel_cell_01310
1310,0.5118338465690613,bbag094_zeisel_cell_01311
1311,0.45807716250419617,bbag094_zeisel_cell_01312
1312,0.548256516456604,bbag094_zeisel_cell_01313
1313,0.5304551720619202,bbag094_zeisel_cell_01314
1314,0.6675561666488647,bbag094_zeisel_cell_01315
1315,0.5673249959945679,bbag094_zeisel_cell_01316
1316,0.44999998807907104,bbag094_zeisel_cell_01317
1317,0.44999998807907104,bbag094_zeisel_cell_01318
1318,0.9145547747612,bbag094_zeisel_cell_01319
1319,0.45763349533081055,bbag094_zeisel_cell_01320
1320,0.4529263377189636,bbag094_zeisel_cell_01321
1321,0.44999998807907104,bbag094_zeisel_cell_01322
1322,0.45092859864234924,bbag094_zeisel_cell_01323
1323,0.45447930693626404,bbag094_zeisel_cell_01324
1324,0.518058717250824,bbag094_zeisel_cell_01325
1325,0.512567937374115,bbag094_zeisel_cell_01326
1326,0.797155499458313,bbag094_zeisel_cell_01327
1327,0.5269593596458435,bbag094_zeisel_cell_01328
1328,0.4527961313724518,bbag094_zeisel_cell_01329
1329,0.626294732093811,bbag094_zeisel_cell_01330
1330,0.5093326568603516,bbag094_zeisel_cell_01331
1331,0.45170271396636963,bbag094_zeisel_cell_01332
1332,0.44999998807907104,bbag094_zeisel_cell_01333
1333,1.080576777458191,bbag094_zeisel_cell_01334
1334,0.44999998807907104,bbag094_zeisel_cell_01335
1335,0.5313681960105896,bbag094_zeisel_cell_01336
1336,0.45675575733184814,bbag094_zeisel_cell_01337
1337,1.9492380619049072,bbag094_zeisel_cell_01338
1338,0.44999998807907104,bbag094_zeisel_cell_01339
1339,0.4985945522785187,bbag094_zeisel_cell_01340
1340,0.5604500770568848,bbag094_zeisel_cell_01341
1341,0.4501841068267822,bbag094_zeisel_cell_01342
1342,0.6685559153556824,bbag094_zeisel_cell_01343
1343,0.4564094543457031,bbag094_zeisel_cell_01344
1344,0.6343229413032532,bbag094_zeisel_cell_01345
1345,0.5238040089607239,bbag094_zeisel_cell_01346
1346,0.44999998807907104,bbag094_zeisel_cell_01347
1347,0.44999998807907104,bbag094_zeisel_cell_01348
1348,0.44999998807907104,bbag094_zeisel_cell_01349
1349,0.6478635668754578,bbag094_zeisel_cell_01350
1350,1.508978009223938,bbag094_zeisel_cell_01351
1351,0.44999998807907104,bbag094_zeisel_cell_01352
1352,0.6225547194480896,bbag094_zeisel_cell_01353
1353,0.451795756816864,bbag094_zeisel_cell_01354
1354,0.558223307132721,bbag094_zeisel_cell_01355
1355,0.8901628255844116,bbag094_zeisel_cell_01356
1356,0.5227594971656799,bbag094_zeisel_cell_01357
1357,0.46384939551353455,bbag094_zeisel_cell_01358
1358,0.44999998807907104,bbag094_zeisel_cell_01359
1359,0.5207753777503967,bbag094_zeisel_cell_01360
1360,1.4814671277999878,bbag094_zeisel_cell_01361
1361,0.5961190462112427,bbag094_zeisel_cell_01362
1362,0.4691932201385498,bbag094_zeisel_cell_01363
1363,0.44999998807907104,bbag094_zeisel_cell_01364
1364,2.531846046447754,bbag094_zeisel_cell_01365
1365,0.46421000361442566,bbag094_zeisel_cell_01366
1366,0.7517915964126587,bbag094_zeisel_cell_01367
1367,0.45588043332099915,bbag094_zeisel_cell_01368
1368,0.44999998807907104,bbag094_zeisel_cell_01369
1369,0.45271995663642883,bbag094_zeisel_cell_01370
1370,0.44999998807907104,bbag094_zeisel_cell_01371
1371,1.9136741161346436,bbag094_zeisel_cell_01372
1372,0.44999998807907104,bbag094_zeisel_cell_01373
1373,1.4853156805038452,bbag094_zeisel_cell_01374
1374,0.8206495046615601,bbag094_zeisel_cell_01375
1375,0.44999998807907104,bbag094_zeisel_cell_01376
1376,0.945320188999176,bbag094_zeisel_cell_01377
1377,0.548163890838623,bbag094_zeisel_cell_01378
1378,0.44999998807907104,bbag094_zeisel_cell_01379
1379,0.4512746036052704,bbag094_zeisel_cell_01380
1380,1.8095753192901611,bbag094_zeisel_cell_01381
1381,0.44999998807907104,bbag094_zeisel_cell_01382
1382,0.44999998807907104,bbag094_zeisel_cell_01383
1383,0.8120229840278625,bbag094_zeisel_cell_01384
1384,0.44999998807907104,bbag094_zeisel_cell_01385
1385,0.5152099132537842,bbag094_zeisel_cell_01386
1386,2.3894667625427246,bbag094_zeisel_cell_01387
1387,1.3354504108428955,bbag094_zeisel_cell_01388
1388,0.450631320476532,bbag094_zeisel_cell_01389
1389,0.4552890658378601,bbag094_zeisel_cell_01390
1390,0.44999998807907104,bbag094_zeisel_cell_01391
1391,0.4502047300338745,bbag094_zeisel_cell_01392
1392,0.44999998807907104,bbag094_zeisel_cell_01393
1393,0.4508502781391144,bbag094_zeisel_cell_01394
1394,0.5172309279441833,bbag094_zeisel_cell_01395
1395,0.44999998807907104,bbag094_zeisel_cell_01396
1396,0.44999998807907104,bbag094_zeisel_cell_01397
1397,0.44999998807907104,bbag094_zeisel_cell_01398
1398,0.44999998807907104,bbag094_zeisel_cell_01399
1399,0.44999998807907104,bbag094_zeisel_cell_01400
1400,0.44999998807907104,bbag094_zeisel_cell_01401
1401,1.5208770036697388,bbag094_zeisel_cell_01402
1402,0.5014461278915405,bbag094_zeisel_cell_01403
1403,0.4532521963119507,bbag094_zeisel_cell_01404
1404,0.5160651803016663,bbag094_zeisel_cell_01405
1405,0.44999998807907104,bbag094_zeisel_cell_01406
1406,0.5518803596496582,bbag094_zeisel_cell_01407
1407,0.44999998807907104,bbag094_zeisel_cell_01408
1408,0.45782458782196045,bbag094_zeisel_cell_01409
1409,0.6056941151618958,bbag094_zeisel_cell_01410
1410,0.7832868695259094,bbag094_zeisel_cell_01411
1411,0.566770076751709,bbag094_zeisel_cell_01412
1412,0.44999998807907104,bbag094_zeisel_cell_01413
1413,0.48227640986442566,bbag094_zeisel_cell_01414
1414,0.4531105160713196,bbag094_zeisel_cell_01415
1415,0.44999998807907104,bbag094_zeisel_cell_01416
1416,0.4643806219100952,bbag094_zeisel_cell_01417
1417,0.44999998807907104,bbag094_zeisel_cell_01418
1418,0.4524671733379364,bbag094_zeisel_cell_01419
1419,0.4781936705112457,bbag094_zeisel_cell_01420
1420,0.44999998807907104,bbag094_zeisel_cell_01421
1421,0.44999998807907104,bbag094_zeisel_cell_01422
1422,0.44999998807907104,bbag094_zeisel_cell_01423
1423,0.44999998807907104,bbag094_zeisel_cell_01424
1424,0.4635315537452698,bbag094_zeisel_cell_01425
1425,0.7228065133094788,bbag094_zeisel_cell_01426
1426,2.036691665649414,bbag094_zeisel_cell_01427
1427,0.6391767263412476,bbag094_zeisel_cell_01428
1428,0.6217069625854492,bbag094_zeisel_cell_01429
1429,0.44999998807907104,bbag094_zeisel_cell_01430
1430,0.4748690128326416,bbag094_zeisel_cell_01431
1431,0.5233599543571472,bbag094_zeisel_cell_01432
1432,0.44999998807907104,bbag094_zeisel_cell_01433
1433,0.44999998807907104,bbag094_zeisel_cell_01434
1434,0.44999998807907104,bbag094_zeisel_cell_01435
1435,0.45193541049957275,bbag094_zeisel_cell_01436
1436,0.5027925372123718,bbag094_zeisel_cell_01437
1437,0.44999998807907104,bbag094_zeisel_cell_01438
1438,0.44999998807907104,bbag094_zeisel_cell_01439
1439,0.5747864246368408,bbag094_zeisel_cell_01440
1440,0.4542345702648163,bbag094_zeisel_cell_01441
1441,1.7684638500213623,bbag094_zeisel_cell_01442
1442,1.548581838607788,bbag094_zeisel_cell_01443
1443,1.9373185634613037,bbag094_zeisel_cell_01444
1444,0.44999998807907104,bbag094_zeisel_cell_01445
1445,1.602176308631897,bbag094_zeisel_cell_01446
1446,0.44999998807907104,bbag094_zeisel_cell_01447
1447,0.44999998807907104,bbag094_zeisel_cell_01448
1448,0.47395727038383484,bbag094_zeisel_cell_01449
1449,0.542407214641571,bbag094_zeisel_cell_01450
1450,0.44999998807907104,bbag094_zeisel_cell_01451
1451,0.44999998807907104,bbag094_zeisel_cell_01452
1452,0.49871793389320374,bbag094_zeisel_cell_01453
1453,0.44999998807907104,bbag094_zeisel_cell_01454
1454,0.7671777606010437,bbag094_zeisel_cell_01455
1455,0.44999998807907104,bbag094_zeisel_cell_01456
1456,0.9488551616668701,bbag094_zeisel_cell_01457
1457,0.4975768029689789,bbag094_zeisel_cell_01458
1458,0.4558762311935425,bbag094_zeisel_cell_01459
1459,1.8278295993804932,bbag094_zeisel_cell_01460
1460,0.5032898187637329,bbag094_zeisel_cell_01461
1461,0.4538712799549103,bbag094_zeisel_cell_01462
1462,0.5295612215995789,bbag094_zeisel_cell_01463
1463,0.45116421580314636,bbag094_zeisel_cell_01464
1464,0.44999998807907104,bbag094_zeisel_cell_01465
1465,0.45295751094818115,bbag094_zeisel_cell_01466
1466,0.44999998807907104,bbag094_zeisel_cell_01467
1467,0.44999998807907104,bbag094_zeisel_cell_01468
1468,0.44999998807907104,bbag094_zeisel_cell_01469
1469,1.153607964515686,bbag094_zeisel_cell_01470
1470,0.44999998807907104,bbag094_zeisel_cell_01471
1471,0.5301458239555359,bbag094_zeisel_cell_01472
1472,0.44999998807907104,bbag094_zeisel_cell_01473
1473,0.5747261643409729,bbag094_zeisel_cell_01474
1474,0.44999998807907104,bbag094_zeisel_cell_01475
1475,0.44999998807907104,bbag094_zeisel_cell_01476
1476,0.6465849876403809,bbag094_zeisel_cell_01477
1477,0.6371620893478394,bbag094_zeisel_cell_01478
1478,1.9360709190368652,bbag094_zeisel_cell_01479
1479,0.44999998807907104,bbag094_zeisel_cell_01480
1480,0.5706976652145386,bbag094_zeisel_cell_01481
1481,0.44999998807907104,bbag094_zeisel_cell_01482
1482,0.44999998807907104,bbag094_zeisel_cell_01483
1483,0.5949821472167969,bbag094_zeisel_cell_01484
1484,0.45369163155555725,bbag094_zeisel_cell_01485
1485,1.6860169172286987,bbag094_zeisel_cell_01486
1486,0.44999998807907104,bbag094_zeisel_cell_01487
1487,0.44999998807907104,bbag094_zeisel_cell_01488
1488,0.44999998807907104,bbag094_zeisel_cell_01489
1489,0.44999998807907104,bbag094_zeisel_cell_01490
1490,0.44999998807907104,bbag094_zeisel_cell_01491
1491,0.44999998807907104,bbag094_zeisel_cell_01492
1492,0.45525163412094116,bbag094_zeisel_cell_01493
1493,0.44999998807907104,bbag094_zeisel_cell_01494
1494,0.44999998807907104,bbag094_zeisel_cell_01495
1495,0.44999998807907104,bbag094_zeisel_cell_01496
1496,0.4521638751029968,bbag094_zeisel_cell_01497
1497,0.44999998807907104,bbag094_zeisel_cell_01498
1498,0.6752536296844482,bbag094_zeisel_cell_01499
1499,0.44999998807907104,bbag094_zeisel_cell_01500
1500,0.4766906499862671,bbag094_zeisel_cell_01501
1501,0.44999998807907104,bbag094_zeisel_cell_01502
1502,1.531375527381897,bbag094_zeisel_cell_01503
1503,1.0290539264678955,bbag094_zeisel_cell_01504
1504,0.44999998807907104,bbag094_zeisel_cell_01505
1505,0.47810879349708557,bbag094_zeisel_cell_01506
1506,0.44999998807907104,bbag094_zeisel_cell_01507
1507,0.5395990014076233,bbag094_zeisel_cell_01508
1508,0.4566972851753235,bbag094_zeisel_cell_01509
1509,0.7567253112792969,bbag094_zeisel_cell_01510
1510,0.44999998807907104,bbag094_zeisel_cell_01511
1511,0.44999998807907104,bbag094_zeisel_cell_01512
1512,0.44999998807907104,bbag094_zeisel_cell_01513
1513,0.4727743864059448,bbag094_zeisel_cell_01514
1514,0.44999998807907104,bbag094_zeisel_cell_01515
1515,0.451407790184021,bbag094_zeisel_cell_01516
1516,0.44999998807907104,bbag094_zeisel_cell_01517
1517,0.44999998807907104,bbag094_zeisel_cell_01518
1518,0.44999998807907104,bbag094_zeisel_cell_01519
1519,0.44999998807907104,bbag094_zeisel_cell_01520
1520,1.7862379550933838,bbag094_zeisel_cell_01521
1521,1.8190829753875732,bbag094_zeisel_cell_01522
1522,0.44999998807907104,bbag094_zeisel_cell_01523
1523,1.1700458526611328,bbag094_zeisel_cell_01524
1524,0.4517790675163269,bbag094_zeisel_cell_01525
1525,0.44999998807907104,bbag094_zeisel_cell_01526
1526,0.44999998807907104,bbag094_zeisel_cell_01527
1527,0.44999998807907104,bbag094_zeisel_cell_01528
1528,0.5628648996353149,bbag094_zeisel_cell_01529
1529,0.5287951827049255,bbag094_zeisel_cell_01530
1530,0.5465415120124817,bbag094_zeisel_cell_01531
1531,1.6601113080978394,bbag094_zeisel_cell_01532
1532,0.44999998807907104,bbag094_zeisel_cell_01533
1533,0.8078170418739319,bbag094_zeisel_cell_01534
1534,0.6595191955566406,bbag094_zeisel_cell_01535
1535,0.6866376399993896,bbag094_zeisel_cell_01536
1536,0.44999998807907104,bbag094_zeisel_cell_01537
1537,0.4983995854854584,bbag094_zeisel_cell_01538
1538,0.45290660858154297,bbag094_zeisel_cell_01539
1539,1.0276485681533813,bbag094_zeisel_cell_01540
1540,0.4557959735393524,bbag094_zeisel_cell_01541
1541,0.44999998807907104,bbag094_zeisel_cell_01542
1542,0.44999998807907104,bbag094_zeisel_cell_01543
1543,0.44999998807907104,bbag094_zeisel_cell_01544
1544,1.3247153759002686,bbag094_zeisel_cell_01545
1545,0.9356051683425903,bbag094_zeisel_cell_01546
1546,0.44999998807907104,bbag094_zeisel_cell_01547
1547,0.44999998807907104,bbag094_zeisel_cell_01548
1548,0.9011152386665344,bbag094_zeisel_cell_01549
1549,0.5109735131263733,bbag094_zeisel_cell_01550
1550,0.5430315136909485,bbag094_zeisel_cell_01551
1551,0.44999998807907104,bbag094_zeisel_cell_01552
1552,0.44999998807907104,bbag094_zeisel_cell_01553
1553,0.502626895904541,bbag094_zeisel_cell_01554
1554,0.44999998807907104,bbag094_zeisel_cell_01555
1555,0.44999998807907104,bbag094_zeisel_cell_01556
1556,0.44999998807907104,bbag094_zeisel_cell_01557
1557,0.44999998807907104,bbag094_zeisel_cell_01558
1558,0.5208041667938232,bbag094_zeisel_cell_01559
1559,0.5042157769203186,bbag094_zeisel_cell_01560
1560,0.5014169216156006,bbag094_zeisel_cell_01561
1561,0.44999998807907104,bbag094_zeisel_cell_01562
1562,0.44999998807907104,bbag094_zeisel_cell_01563
1563,1.095517635345459,bbag094_zeisel_cell_01564
1564,0.9928115010261536,bbag094_zeisel_cell_01565
1565,1.5020774602890015,bbag094_zeisel_cell_01566
1566,1.1826156377792358,bbag094_zeisel_cell_01567
1567,0.5134556889533997,bbag094_zeisel_cell_01568
1568,1.8231672048568726,bbag094_zeisel_cell_01569
1569,0.6376892924308777,bbag094_zeisel_cell_01570
1570,0.4731427729129791,bbag094_zeisel_cell_01571
1571,0.44999998807907104,bbag094_zeisel_cell_01572
1572,0.7798584699630737,bbag094_zeisel_cell_01573
1573,0.44999998807907104,bbag094_zeisel_cell_01574
1574,0.5632497072219849,bbag094_zeisel_cell_01575
1575,0.44999998807907104,bbag094_zeisel_cell_01576
1576,0.45739224553108215,bbag094_zeisel_cell_01577
1577,0.44999998807907104,bbag094_zeisel_cell_01578
1578,0.7985062599182129,bbag094_zeisel_cell_01579
1579,0.5860574245452881,bbag094_zeisel_cell_01580
1580,0.600679337978363,bbag094_zeisel_cell_01581
1581,0.9038753509521484,bbag094_zeisel_cell_01582
1582,0.7781387567520142,bbag094_zeisel_cell_01583
1583,0.5787468552589417,bbag094_zeisel_cell_01584
1584,0.44999998807907104,bbag094_zeisel_cell_01585
1585,0.44999998807907104,bbag094_zeisel_cell_01586
1586,0.44999998807907104,bbag094_zeisel_cell_01587
1587,0.4752008020877838,bbag094_zeisel_cell_01588
1588,0.44999998807907104,bbag094_zeisel_cell_01589
1589,0.4506307542324066,bbag094_zeisel_cell_01590
1590,0.49569961428642273,bbag094_zeisel_cell_01591
1591,0.498764306306839,bbag094_zeisel_cell_01592
1592,0.44999998807907104,bbag094_zeisel_cell_01593
1593,1.0135347843170166,bbag094_zeisel_cell_01594
1594,0.4512695074081421,bbag094_zeisel_cell_01595
1595,1.1381937265396118,bbag094_zeisel_cell_01596
1596,0.4524323046207428,bbag094_zeisel_cell_01597
1597,0.5320717096328735,bbag094_zeisel_cell_01598
1598,0.5163091421127319,bbag094_zeisel_cell_01599
1599,0.5378519296646118,bbag094_zeisel_cell_01600
1600,1.111553430557251,bbag094_zeisel_cell_01601
1601,0.44999998807907104,bbag094_zeisel_cell_01602
1602,0.45070651173591614,bbag094_zeisel_cell_01603
1603,0.44999998807907104,bbag094_zeisel_cell_01604
1604,0.44999998807907104,bbag094_zeisel_cell_01605
1605,0.44999998807907104,bbag094_zeisel_cell_01606
1606,0.5962334871292114,bbag094_zeisel_cell_01607
1607,0.46982643008232117,bbag094_zeisel_cell_01608
1608,0.5646074414253235,bbag094_zeisel_cell_01609
1609,0.5009543299674988,bbag094_zeisel_cell_01610
1610,0.9561644196510315,bbag094_zeisel_cell_01611
1611,0.44999998807907104,bbag094_zeisel_cell_01612
1612,0.4503401219844818,bbag094_zeisel_cell_01613
1613,0.5022372007369995,bbag094_zeisel_cell_01614
1614,0.843533456325531,bbag094_zeisel_cell_01615
1615,0.44999998807907104,bbag094_zeisel_cell_01616
1616,1.1716430187225342,bbag094_zeisel_cell_01617
1617,0.44999998807907104,bbag094_zeisel_cell_01618
1618,0.5975311994552612,bbag094_zeisel_cell_01619
1619,0.5110339522361755,bbag094_zeisel_cell_01620
1620,0.44999998807907104,bbag094_zeisel_cell_01621
1621,0.45345643162727356,bbag094_zeisel_cell_01622
1622,1.9880788326263428,bbag094_zeisel_cell_01623
1623,1.0212713479995728,bbag094_zeisel_cell_01624
1624,0.5656368732452393,bbag094_zeisel_cell_01625
1625,0.44999998807907104,bbag094_zeisel_cell_01626
1626,0.7843774557113647,bbag094_zeisel_cell_01627
1627,0.6511350870132446,bbag094_zeisel_cell_01628
1628,1.1777924299240112,bbag094_zeisel_cell_01629
1629,2.1765477657318115,bbag094_zeisel_cell_01630
1630,1.1887056827545166,bbag094_zeisel_cell_01631
1631,1.4535157680511475,bbag094_zeisel_cell_01632
1632,1.2101633548736572,bbag094_zeisel_cell_01633
1633,2.8197996616363525,bbag094_zeisel_cell_01634
1634,1.6201257705688477,bbag094_zeisel_cell_01635
1635,1.7786730527877808,bbag094_zeisel_cell_01636
1636,1.2076547145843506,bbag094_zeisel_cell_01637
1637,1.8381205797195435,bbag094_zeisel_cell_01638
1638,1.0599042177200317,bbag094_zeisel_cell_01639
1639,1.0193684101104736,bbag094_zeisel_cell_01640
1640,1.0623056888580322,bbag094_zeisel_cell_01641
1641,1.0649040937423706,bbag094_zeisel_cell_01642
1642,1.0930019617080688,bbag094_zeisel_cell_01643
1643,1.1896839141845703,bbag094_zeisel_cell_01644
1644,1.0402264595031738,bbag094_zeisel_cell_01645
1645,1.300956130027771,bbag094_zeisel_cell_01646
1646,1.213326334953308,bbag094_zeisel_cell_01647
1647,2.303985834121704,bbag094_zeisel_cell_01648
1648,0.9892175197601318,bbag094_zeisel_cell_01649
1649,1.068338394165039,bbag094_zeisel_cell_01650
1650,0.990077018737793,bbag094_zeisel_cell_01651
1651,0.9699997901916504,bbag094_zeisel_cell_01652
1652,1.6095292568206787,bbag094_zeisel_cell_01653
1653,2.0265681743621826,bbag094_zeisel_cell_01654
1654,1.3282787799835205,bbag094_zeisel_cell_01655
1655,1.9383454322814941,bbag094_zeisel_cell_01656
1656,0.9654296040534973,bbag094_zeisel_cell_01657
1657,1.6696622371673584,bbag094_zeisel_cell_01658
1658,0.9803053736686707,bbag094_zeisel_cell_01659
1659,1.3384160995483398,bbag094_zeisel_cell_01660
1660,1.1746406555175781,bbag094_zeisel_cell_01661
1661,1.1068100929260254,bbag094_zeisel_cell_01662
1662,0.9988740682601929,bbag094_zeisel_cell_01663
1663,1.4627509117126465,bbag094_zeisel_cell_01664
1664,1.0906277894973755,bbag094_zeisel_cell_01665
1665,0.9507170915603638,bbag094_zeisel_cell_01666
1666,0.9877647161483765,bbag094_zeisel_cell_01667
1667,1.895584225654602,bbag094_zeisel_cell_01668
1668,1.6713467836380005,bbag094_zeisel_cell_01669
1669,1.0799022912979126,bbag094_zeisel_cell_01670
1670,1.2167387008666992,bbag094_zeisel_cell_01671
1671,1.269563913345337,bbag094_zeisel_cell_01672
1672,2.162379503250122,bbag094_zeisel_cell_01673
1673,1.0937575101852417,bbag094_zeisel_cell_01674
1674,1.0218223333358765,bbag094_zeisel_cell_01675
1675,1.0208622217178345,bbag094_zeisel_cell_01676
1676,1.2115687131881714,bbag094_zeisel_cell_01677
1677,0.8910665512084961,bbag094_zeisel_cell_01678
1678,0.9720743298530579,bbag094_zeisel_cell_01679
1679,0.8623339533805847,bbag094_zeisel_cell_01680
1680,0.9384182095527649,bbag094_zeisel_cell_01681
1681,1.0848815441131592,bbag094_zeisel_cell_01682
1682,1.108249306678772,bbag094_zeisel_cell_01683
1683,0.9116458892822266,bbag094_zeisel_cell_01684
1684,0.9596205353736877,bbag094_zeisel_cell_01685
1685,0.8919650912284851,bbag094_zeisel_cell_01686
1686,1.0450383424758911,bbag094_zeisel_cell_01687
1687,0.8843736052513123,bbag094_zeisel_cell_01688
1688,0.9635035395622253,bbag094_zeisel_cell_01689
1689,1.1587879657745361,bbag094_zeisel_cell_01690
1690,1.2566200494766235,bbag094_zeisel_cell_01691
1691,0.8531250357627869,bbag094_zeisel_cell_01692
1692,0.8313027620315552,bbag094_zeisel_cell_01693
1693,1.0355066061019897,bbag094_zeisel_cell_01694
1694,1.3601853847503662,bbag094_zeisel_cell_01695
1695,0.9338582158088684,bbag094_zeisel_cell_01696
1696,1.1160629987716675,bbag094_zeisel_cell_01697
1697,1.2930155992507935,bbag094_zeisel_cell_01698
1698,0.9536917805671692,bbag094_zeisel_cell_01699
1699,2.673797845840454,bbag094_zeisel_cell_01700
1700,0.8370869159698486,bbag094_zeisel_cell_01701
1701,1.1315447092056274,bbag094_zeisel_cell_01702
1702,1.3149430751800537,bbag094_zeisel_cell_01703
1703,2.057633399963379,bbag094_zeisel_cell_01704
1704,1.1377595663070679,bbag094_zeisel_cell_01705
1705,1.1009838581085205,bbag094_zeisel_cell_01706
1706,2.011613130569458,bbag094_zeisel_cell_01707
1707,2.8718392848968506,bbag094_zeisel_cell_01708
1708,1.1634684801101685,bbag094_zeisel_cell_01709
1709,1.0263524055480957,bbag094_zeisel_cell_01710
1710,1.647404670715332,bbag094_zeisel_cell_01711
1711,0.8982436656951904,bbag094_zeisel_cell_01712
1712,1.2240837812423706,bbag094_zeisel_cell_01713
1713,1.1536027193069458,bbag094_zeisel_cell_01714
1714,1.5286345481872559,bbag094_zeisel_cell_01715
1715,0.9000521302223206,bbag094_zeisel_cell_01716
1716,1.1567927598953247,bbag094_zeisel_cell_01717
1717,0.9598550796508789,bbag094_zeisel_cell_01718
1718,0.9656907916069031,bbag094_zeisel_cell_01719
1719,0.9591236114501953,bbag094_zeisel_cell_01720
1720,1.007104754447937,bbag094_zeisel_cell_01721
1721,1.178472638130188,bbag094_zeisel_cell_01722
1722,1.4064944982528687,bbag094_zeisel_cell_01723
1723,0.9782236814498901,bbag094_zeisel_cell_01724
1724,1.645106315612793,bbag094_zeisel_cell_01725
1725,0.6738894581794739,bbag094_zeisel_cell_01726
1726,1.287961721420288,bbag094_zeisel_cell_01727
1727,0.9766262173652649,bbag094_zeisel_cell_01728
1728,0.9853290319442749,bbag094_zeisel_cell_01729
1729,0.8571387529373169,bbag094_zeisel_cell_01730
1730,0.9376748204231262,bbag094_zeisel_cell_01731
1731,1.006273627281189,bbag094_zeisel_cell_01732
1732,0.9624487161636353,bbag094_zeisel_cell_01733
1733,0.8908568024635315,bbag094_zeisel_cell_01734
1734,1.070613980293274,bbag094_zeisel_cell_01735
1735,0.8939728736877441,bbag094_zeisel_cell_01736
1736,0.9983696937561035,bbag094_zeisel_cell_01737
1737,0.9925285577774048,bbag094_zeisel_cell_01738
1738,1.5799733400344849,bbag094_zeisel_cell_01739
1739,2.2037758827209473,bbag094_zeisel_cell_01740
1740,0.9841946363449097,bbag094_zeisel_cell_01741
1741,2.0169076919555664,bbag094_zeisel_cell_01742
1742,0.9698657393455505,bbag094_zeisel_cell_01743
1743,1.7743200063705444,bbag094_zeisel_cell_01744
1744,1.0063695907592773,bbag094_zeisel_cell_01745
1745,1.0842359066009521,bbag094_zeisel_cell_01746
1746,0.9811254143714905,bbag094_zeisel_cell_01747
1747,0.9897783398628235,bbag094_zeisel_cell_01748
1748,0.7926149368286133,bbag094_zeisel_cell_01749
1749,0.9047558307647705,bbag094_zeisel_cell_01750
1750,1.327609896659851,bbag094_zeisel_cell_01751
1751,0.8856730461120605,bbag094_zeisel_cell_01752
1752,1.2784563302993774,bbag094_zeisel_cell_01753
1753,0.9966622591018677,bbag094_zeisel_cell_01754
1754,1.2035053968429565,bbag094_zeisel_cell_01755
1755,1.1574981212615967,bbag094_zeisel_cell_01756
1756,0.9308290481567383,bbag094_zeisel_cell_01757
1757,0.865243136882782,bbag094_zeisel_cell_01758
1758,1.4846619367599487,bbag094_zeisel_cell_01759
1759,1.1703529357910156,bbag094_zeisel_cell_01760
1760,0.8577055335044861,bbag094_zeisel_cell_01761
1761,1.0234060287475586,bbag094_zeisel_cell_01762
1762,0.5240018367767334,bbag094_zeisel_cell_01763
1763,1.887500524520874,bbag094_zeisel_cell_01764
1764,0.6666185855865479,bbag094_zeisel_cell_01765
1765,0.6310517191886902,bbag094_zeisel_cell_01766
1766,0.6206043362617493,bbag094_zeisel_cell_01767
1767,0.976990282535553,bbag094_zeisel_cell_01768
1768,0.6311286687850952,bbag094_zeisel_cell_01769
1769,0.5387721657752991,bbag094_zeisel_cell_01770
1770,2.4343795776367188,bbag094_zeisel_cell_01771
1771,0.6353585720062256,bbag094_zeisel_cell_01772
1772,1.0603060722351074,bbag094_zeisel_cell_01773
1773,0.9061601161956787,bbag094_zeisel_cell_01774
1774,0.8205845952033997,bbag094_zeisel_cell_01775
1775,0.9853464365005493,bbag094_zeisel_cell_01776
1776,1.4996176958084106,bbag094_zeisel_cell_01777
1777,0.5476135015487671,bbag094_zeisel_cell_01778
1778,1.0458184480667114,bbag094_zeisel_cell_01779
1779,0.5682610273361206,bbag094_zeisel_cell_01780
1780,1.3729395866394043,bbag094_zeisel_cell_01781
1781,0.9109522700309753,bbag094_zeisel_cell_01782
1782,0.5016453266143799,bbag094_zeisel_cell_01783
1783,0.5828048586845398,bbag094_zeisel_cell_01784
1784,0.6105414628982544,bbag094_zeisel_cell_01785
1785,0.5356259346008301,bbag094_zeisel_cell_01786
1786,0.7853965759277344,bbag094_zeisel_cell_01787
1787,1.1504783630371094,bbag094_zeisel_cell_01788
1788,0.7314671277999878,bbag094_zeisel_cell_01789
1789,1.073621392250061,bbag094_zeisel_cell_01790
1790,0.8929250836372375,bbag094_zeisel_cell_01791
1791,0.7255904674530029,bbag094_zeisel_cell_01792
1792,1.1032861471176147,bbag094_zeisel_cell_01793
1793,0.6741822361946106,bbag094_zeisel_cell_01794
1794,0.5552595257759094,bbag094_zeisel_cell_01795
1795,1.2982538938522339,bbag094_zeisel_cell_01796
1796,0.49353471398353577,bbag094_zeisel_cell_01797
1797,0.5742533206939697,bbag094_zeisel_cell_01798
1798,0.5403220057487488,bbag094_zeisel_cell_01799
1799,2.0024919509887695,bbag094_zeisel_cell_01800
1800,1.0469682216644287,bbag094_zeisel_cell_01801
1801,0.5172646641731262,bbag094_zeisel_cell_01802
1802,0.615085780620575,bbag094_zeisel_cell_01803
1803,0.9271628260612488,bbag094_zeisel_cell_01804
1804,1.318172574043274,bbag094_zeisel_cell_01805
1805,1.2500797510147095,bbag094_zeisel_cell_01806
1806,0.5289624333381653,bbag094_zeisel_cell_01807
1807,1.246561884880066,bbag094_zeisel_cell_01808
1808,0.5309415459632874,bbag094_zeisel_cell_01809
1809,2.164490222930908,bbag094_zeisel_cell_01810
1810,1.4778645038604736,bbag094_zeisel_cell_01811
1811,1.0887787342071533,bbag094_zeisel_cell_01812
1812,0.5886076092720032,bbag094_zeisel_cell_01813
1813,0.6182422637939453,bbag094_zeisel_cell_01814
1814,0.662463903427124,bbag094_zeisel_cell_01815
1815,1.176589012145996,bbag094_zeisel_cell_01816
1816,1.4069533348083496,bbag094_zeisel_cell_01817
1817,0.5676126480102539,bbag094_zeisel_cell_01818
1818,0.7864691019058228,bbag094_zeisel_cell_01819
1819,0.821008026599884,bbag094_zeisel_cell_01820
1820,0.6784594655036926,bbag094_zeisel_cell_01821
1821,0.7934402823448181,bbag094_zeisel_cell_01822
1822,0.6073845028877258,bbag094_zeisel_cell_01823
1823,0.5446810722351074,bbag094_zeisel_cell_01824
1824,1.3470048904418945,bbag094_zeisel_cell_01825
1825,0.5235399603843689,bbag094_zeisel_cell_01826
1826,0.5462707281112671,bbag094_zeisel_cell_01827
1827,1.0328645706176758,bbag094_zeisel_cell_01828
1828,1.0807569026947021,bbag094_zeisel_cell_01829
1829,1.1532131433486938,bbag094_zeisel_cell_01830
1830,1.119946837425232,bbag094_zeisel_cell_01831
1831,3.37469220161438,bbag094_zeisel_cell_01832
1832,1.5824843645095825,bbag094_zeisel_cell_01833
1833,0.7752765417098999,bbag094_zeisel_cell_01834
1834,0.5158242583274841,bbag094_zeisel_cell_01835
1835,0.6289227604866028,bbag094_zeisel_cell_01836
1836,0.6169335842132568,bbag094_zeisel_cell_01837
1837,0.5299032330513,bbag094_zeisel_cell_01838
1838,0.872229814529419,bbag094_zeisel_cell_01839
1839,0.5008261799812317,bbag094_zeisel_cell_01840
1840,0.6775960922241211,bbag094_zeisel_cell_01841
1841,1.7591111660003662,bbag094_zeisel_cell_01842
1842,0.7761543989181519,bbag094_zeisel_cell_01843
1843,0.6991631388664246,bbag094_zeisel_cell_01844
1844,0.5056713819503784,bbag094_zeisel_cell_01845
1845,0.5925900340080261,bbag094_zeisel_cell_01846
1846,0.5291409492492676,bbag094_zeisel_cell_01847
1847,0.6044257283210754,bbag094_zeisel_cell_01848
1848,1.0600078105926514,bbag094_zeisel_cell_01849
1849,1.2657470703125,bbag094_zeisel_cell_01850
1850,0.6056267619132996,bbag094_zeisel_cell_01851
1851,1.8387640714645386,bbag094_zeisel_cell_01852
1852,0.6019013524055481,bbag094_zeisel_cell_01853
1853,1.0472710132598877,bbag094_zeisel_cell_01854
1854,0.7254993319511414,bbag094_zeisel_cell_01855
1855,0.7342648506164551,bbag094_zeisel_cell_01856
1856,0.8325311541557312,bbag094_zeisel_cell_01857
1857,0.47372010350227356,bbag094_zeisel_cell_01858
1858,0.5019801259040833,bbag094_zeisel_cell_01859
1859,0.9032345414161682,bbag094_zeisel_cell_01860
1860,1.7016253471374512,bbag094_zeisel_cell_01861
1861,0.5283923149108887,bbag094_zeisel_cell_01862
1862,1.1226834058761597,bbag094_zeisel_cell_01863
1863,0.7476276159286499,bbag094_zeisel_cell_01864
1864,1.5200947523117065,bbag094_zeisel_cell_01865
1865,1.3430708646774292,bbag094_zeisel_cell_01866
1866,0.5733159184455872,bbag094_zeisel_cell_01867
1867,0.5659812688827515,bbag094_zeisel_cell_01868
1868,1.9873626232147217,bbag094_zeisel_cell_01869
1869,0.9682203531265259,bbag094_zeisel_cell_01870
1870,1.0697457790374756,bbag094_zeisel_cell_01871
1871,1.457819938659668,bbag094_zeisel_cell_01872
1872,0.5243279337882996,bbag094_zeisel_cell_01873
1873,1.5966156721115112,bbag094_zeisel_cell_01874
1874,1.0764132738113403,bbag094_zeisel_cell_01875
1875,0.9934676289558411,bbag094_zeisel_cell_01876
1876,0.5502123236656189,bbag094_zeisel_cell_01877
1877,1.1916714906692505,bbag094_zeisel_cell_01878
1878,0.49157366156578064,bbag094_zeisel_cell_01879
1879,1.3407119512557983,bbag094_zeisel_cell_01880
1880,1.068267822265625,bbag094_zeisel_cell_01881
1881,3.5870392322540283,bbag094_zeisel_cell_01882
1882,0.5240234136581421,bbag094_zeisel_cell_01883
1883,0.9473975896835327,bbag094_zeisel_cell_01884
1884,0.5708351731300354,bbag094_zeisel_cell_01885
1885,0.8635805249214172,bbag094_zeisel_cell_01886
1886,0.6937149167060852,bbag094_zeisel_cell_01887
1887,0.6136686205863953,bbag094_zeisel_cell_01888
1888,0.5310342907905579,bbag094_zeisel_cell_01889
1889,0.7670441269874573,bbag094_zeisel_cell_01890
1890,1.2680374383926392,bbag094_zeisel_cell_01891
1891,1.783158302307129,bbag094_zeisel_cell_01892
1892,0.9141232967376709,bbag094_zeisel_cell_01893
1893,0.5346683859825134,bbag094_zeisel_cell_01894
1894,0.833476185798645,bbag094_zeisel_cell_01895
1895,0.5459573864936829,bbag094_zeisel_cell_01896
1896,1.5252161026000977,bbag094_zeisel_cell_01897
1897,1.7673509120941162,bbag094_zeisel_cell_01898
1898,2.1363439559936523,bbag094_zeisel_cell_01899
1899,0.7669225931167603,bbag094_zeisel_cell_01900
1900,0.631314218044281,bbag094_zeisel_cell_01901
1901,0.6250959038734436,bbag094_zeisel_cell_01902
1902,1.6099448204040527,bbag094_zeisel_cell_01903
1903,1.105855107307434,bbag094_zeisel_cell_01904
1904,0.5614120960235596,bbag094_zeisel_cell_01905
1905,1.8406116962432861,bbag094_zeisel_cell_01906
1906,1.54865562915802,bbag094_zeisel_cell_01907
1907,1.3388893604278564,bbag094_zeisel_cell_01908
1908,1.5264078378677368,bbag094_zeisel_cell_01909
1909,1.6598838567733765,bbag094_zeisel_cell_01910
1910,1.6076369285583496,bbag094_zeisel_cell_01911
1911,0.8064999580383301,bbag094_zeisel_cell_01912
1912,1.1594287157058716,bbag094_zeisel_cell_01913
1913,0.7532797455787659,bbag094_zeisel_cell_01914
1914,1.073647379875183,bbag094_zeisel_cell_01915
1915,1.2578636407852173,bbag094_zeisel_cell_01916
1916,1.2622302770614624,bbag094_zeisel_cell_01917
1917,1.997324824333191,bbag094_zeisel_cell_01918
1918,0.9388044476509094,bbag094_zeisel_cell_01919
1919,1.002617359161377,bbag094_zeisel_cell_01920
1920,0.5182227492332458,bbag094_zeisel_cell_01921
1921,0.5914776921272278,bbag094_zeisel_cell_01922
1922,1.3411163091659546,bbag094_zeisel_cell_01923
1923,0.6197172999382019,bbag094_zeisel_cell_01924
1924,0.9167667627334595,bbag094_zeisel_cell_01925
1925,0.5932316780090332,bbag094_zeisel_cell_01926
1926,0.8823010921478271,bbag094_zeisel_cell_01927
1927,1.367648959159851,bbag094_zeisel_cell_01928
1928,1.0400044918060303,bbag094_zeisel_cell_01929
1929,2.084439277648926,bbag094_zeisel_cell_01930
1930,2.600149631500244,bbag094_zeisel_cell_01931
1931,1.4992961883544922,bbag094_zeisel_cell_01932
1932,0.6399365067481995,bbag094_zeisel_cell_01933
1933,1.2576285600662231,bbag094_zeisel_cell_01934
1934,1.0090802907943726,bbag094_zeisel_cell_01935
1935,1.1817246675491333,bbag094_zeisel_cell_01936
1936,0.6402442455291748,bbag094_zeisel_cell_01937
1937,2.0177786350250244,bbag094_zeisel_cell_01938
1938,1.9319010972976685,bbag094_zeisel_cell_01939
1939,1.1305689811706543,bbag094_zeisel_cell_01940
1940,2.3883984088897705,bbag094_zeisel_cell_01941
1941,0.941668689250946,bbag094_zeisel_cell_01942
1942,0.57624351978302,bbag094_zeisel_cell_01943
1943,0.7643684148788452,bbag094_zeisel_cell_01944
1944,0.5350702404975891,bbag094_zeisel_cell_01945
1945,1.5334737300872803,bbag094_zeisel_cell_01946
1946,0.6511802673339844,bbag094_zeisel_cell_01947
1947,0.6299363374710083,bbag094_zeisel_cell_01948
1948,0.8210883140563965,bbag094_zeisel_cell_01949
1949,1.8691771030426025,bbag094_zeisel_cell_01950
1950,1.1853469610214233,bbag094_zeisel_cell_01951
1951,0.5152559280395508,bbag094_zeisel_cell_01952
1952,1.2151881456375122,bbag094_zeisel_cell_01953
1953,0.7896475791931152,bbag094_zeisel_cell_01954
1954,1.00656259059906,bbag094_zeisel_cell_01955
1955,0.5281339287757874,bbag094_zeisel_cell_01956
1956,0.7303440570831299,bbag094_zeisel_cell_01957
1957,0.8324240446090698,bbag094_zeisel_cell_01958
1958,0.7414208054542542,bbag094_zeisel_cell_01959
1959,0.7476444244384766,bbag094_zeisel_cell_01960
1960,2.7892675399780273,bbag094_zeisel_cell_01961
1961,0.6352635025978088,bbag094_zeisel_cell_01962
1962,0.7300211191177368,bbag094_zeisel_cell_01963
1963,1.2998710870742798,bbag094_zeisel_cell_01964
1964,0.9198434948921204,bbag094_zeisel_cell_01965
1965,0.8088951110839844,bbag094_zeisel_cell_01966
1966,1.360392451286316,bbag094_zeisel_cell_01967
1967,1.8031389713287354,bbag094_zeisel_cell_01968
1968,1.491315484046936,bbag094_zeisel_cell_01969
1969,0.867752194404602,bbag094_zeisel_cell_01970
1970,0.5179064869880676,bbag094_zeisel_cell_01971
1971,0.5958766937255859,bbag094_zeisel_cell_01972
1972,1.3598029613494873,bbag094_zeisel_cell_01973
1973,0.6357617378234863,bbag094_zeisel_cell_01974
1974,0.731623649597168,bbag094_zeisel_cell_01975
1975,0.5006753206253052,bbag094_zeisel_cell_01976
1976,0.5170731544494629,bbag094_zeisel_cell_01977
1977,0.6432152390480042,bbag094_zeisel_cell_01978
1978,1.3285578489303589,bbag094_zeisel_cell_01979
1979,0.5422730445861816,bbag094_zeisel_cell_01980
1980,0.8522216081619263,bbag094_zeisel_cell_01981
1981,0.48474574089050293,bbag094_zeisel_cell_01982
1982,0.5219163298606873,bbag094_zeisel_cell_01983
1983,0.5242061614990234,bbag094_zeisel_cell_01984
1984,0.5615829229354858,bbag094_zeisel_cell_01985
1985,1.394429087638855,bbag094_zeisel_cell_01986
1986,0.5681344270706177,bbag094_zeisel_cell_01987
1987,0.6130437850952148,bbag094_zeisel_cell_01988
1988,0.49927017092704773,bbag094_zeisel_cell_01989
1989,0.6318857073783875,bbag094_zeisel_cell_01990
1990,1.3268957138061523,bbag094_zeisel_cell_01991
1991,1.1641309261322021,bbag094_zeisel_cell_01992
1992,1.2665387392044067,bbag094_zeisel_cell_01993
1993,2.5778677463531494,bbag094_zeisel_cell_01994
1994,0.7499145865440369,bbag094_zeisel_cell_01995
1995,1.3362510204315186,bbag094_zeisel_cell_01996
1996,0.5355126261711121,bbag094_zeisel_cell_01997
1997,0.8845970630645752,bbag094_zeisel_cell_01998
1998,0.6718035936355591,bbag094_zeisel_cell_01999
1999,1.037898302078247,bbag094_zeisel_cell_02000
2000,0.9910644888877869,bbag094_zeisel_cell_02001
2001,1.013221025466919,bbag094_zeisel_cell_02002
2002,0.5594433546066284,bbag094_zeisel_cell_02003
2003,0.7436795234680176,bbag094_zeisel_cell_02004
2004,1.0437707901000977,bbag094_zeisel_cell_02005
2005,0.5396041870117188,bbag094_zeisel_cell_02006
2006,1.139574646949768,bbag094_zeisel_cell_02007
2007,1.5383203029632568,bbag094_zeisel_cell_02008
2008,0.7212338447570801,bbag094_zeisel_cell_02009
2009,0.7626445293426514,bbag094_zeisel_cell_02010
2010,0.6084063053131104,bbag094_zeisel_cell_02011
2011,0.8184990286827087,bbag094_zeisel_cell_02012
2012,0.5348009467124939,bbag094_zeisel_cell_02013
2013,0.5469292402267456,bbag094_zeisel_cell_02014
2014,0.5202959775924683,bbag094_zeisel_cell_02015
2015,0.5526701211929321,bbag094_zeisel_cell_02016
2016,0.581342875957489,bbag094_zeisel_cell_02017
2017,0.6057618856430054,bbag094_zeisel_cell_02018
2018,0.5353451371192932,bbag094_zeisel_cell_02019
2019,0.6494623422622681,bbag094_zeisel_cell_02020
2020,0.6516726613044739,bbag094_zeisel_cell_02021
2021,0.9183753728866577,bbag094_zeisel_cell_02022
2022,1.0458811521530151,bbag094_zeisel_cell_02023
2023,0.7854130268096924,bbag094_zeisel_cell_02024
2024,0.7152432203292847,bbag094_zeisel_cell_02025
2025,0.6627257466316223,bbag094_zeisel_cell_02026
2026,0.790276825428009,bbag094_zeisel_cell_02027
2027,0.5872125625610352,bbag094_zeisel_cell_02028
2028,1.1712760925292969,bbag094_zeisel_cell_02029
2029,1.2006452083587646,bbag094_zeisel_cell_02030
2030,0.5382296442985535,bbag094_zeisel_cell_02031
2031,0.5465503334999084,bbag094_zeisel_cell_02032
2032,1.5340543985366821,bbag094_zeisel_cell_02033
2033,2.6734683513641357,bbag094_zeisel_cell_02034
2034,1.8102988004684448,bbag094_zeisel_cell_02035
2035,0.6196537613868713,bbag094_zeisel_cell_02036
2036,0.7400146722793579,bbag094_zeisel_cell_02037
2037,1.8414057493209839,bbag094_zeisel_cell_02038
2038,1.7661008834838867,bbag094_zeisel_cell_02039
2039,2.366755485534668,bbag094_zeisel_cell_02040
2040,1.889297604560852,bbag094_zeisel_cell_02041
2041,0.565696656703949,bbag094_zeisel_cell_02042
2042,2.395746946334839,bbag094_zeisel_cell_02043
2043,1.6073737144470215,bbag094_zeisel_cell_02044
2044,1.3221243619918823,bbag094_zeisel_cell_02045
2045,0.9401710033416748,bbag094_zeisel_cell_02046
2046,0.8751112818717957,bbag094_zeisel_cell_02047
2047,1.0037810802459717,bbag094_zeisel_cell_02048
2048,0.7513905167579651,bbag094_zeisel_cell_02049
2049,0.5038213133811951,bbag094_zeisel_cell_02050
2050,1.1832454204559326,bbag094_zeisel_cell_02051
2051,1.4409364461898804,bbag094_zeisel_cell_02052
2052,1.3584494590759277,bbag094_zeisel_cell_02053
2053,1.2621755599975586,bbag094_zeisel_cell_02054
2054,0.6638197302818298,bbag094_zeisel_cell_02055
2055,0.6084986329078674,bbag094_zeisel_cell_02056
2056,1.6145349740982056,bbag094_zeisel_cell_02057
2057,1.693248987197876,bbag094_zeisel_cell_02058
2058,1.199583649635315,bbag094_zeisel_cell_02059
2059,1.1028944253921509,bbag094_zeisel_cell_02060
2060,1.3014090061187744,bbag094_zeisel_cell_02061
2061,0.48847338557243347,bbag094_zeisel_cell_02062
2062,0.5199881196022034,bbag094_zeisel_cell_02063
2063,0.5590139031410217,bbag094_zeisel_cell_02064
2064,1.66771399974823,bbag094_zeisel_cell_02065
2065,1.2916128635406494,bbag094_zeisel_cell_02066
2066,0.7376352548599243,bbag094_zeisel_cell_02067
2067,0.6147081255912781,bbag094_zeisel_cell_02068
2068,0.5811308026313782,bbag094_zeisel_cell_02069
2069,0.5456154942512512,bbag094_zeisel_cell_02070
2070,1.0325082540512085,bbag094_zeisel_cell_02071
2071,1.0882701873779297,bbag094_zeisel_cell_02072
2072,0.5231890082359314,bbag094_zeisel_cell_02073
2073,1.7488549947738647,bbag094_zeisel_cell_02074
2074,1.474582314491272,bbag094_zeisel_cell_02075
2075,2.4634034633636475,bbag094_zeisel_cell_02076
2076,0.6180989742279053,bbag094_zeisel_cell_02077
2077,1.0689232349395752,bbag094_zeisel_cell_02078
2078,0.568032443523407,bbag094_zeisel_cell_02079
2079,1.6023930311203003,bbag094_zeisel_cell_02080
2080,0.6008672118186951,bbag094_zeisel_cell_02081
2081,0.5455999970436096,bbag094_zeisel_cell_02082
2082,0.8055347800254822,bbag094_zeisel_cell_02083
2083,0.5066868662834167,bbag094_zeisel_cell_02084
2084,2.0697925090789795,bbag094_zeisel_cell_02085
2085,1.3951352834701538,bbag094_zeisel_cell_02086
2086,0.5019201636314392,bbag094_zeisel_cell_02087
2087,1.3458915948867798,bbag094_zeisel_cell_02088
2088,0.5482043623924255,bbag094_zeisel_cell_02089
2089,2.0936734676361084,bbag094_zeisel_cell_02090
2090,0.6099793910980225,bbag094_zeisel_cell_02091
2091,1.3009605407714844,bbag094_zeisel_cell_02092
2092,2.01102614402771,bbag094_zeisel_cell_02093
2093,0.7133068442344666,bbag094_zeisel_cell_02094
2094,0.6556129455566406,bbag094_zeisel_cell_02095
2095,0.811099648475647,bbag094_zeisel_cell_02096
2096,0.5031623840332031,bbag094_zeisel_cell_02097
2097,0.9631084203720093,bbag094_zeisel_cell_02098
2098,0.9759851098060608,bbag094_zeisel_cell_02099
2099,1.0076805353164673,bbag094_zeisel_cell_02100
2100,0.7390245199203491,bbag094_zeisel_cell_02101
2101,1.8776739835739136,bbag094_zeisel_cell_02102
2102,1.8908016681671143,bbag094_zeisel_cell_02103
2103,0.5329925417900085,bbag094_zeisel_cell_02104
2104,0.66269451379776,bbag094_zeisel_cell_02105
2105,1.7399802207946777,bbag094_zeisel_cell_02106
2106,1.1173899173736572,bbag094_zeisel_cell_02107
2107,1.0795629024505615,bbag094_zeisel_cell_02108
2108,1.9784234762191772,bbag094_zeisel_cell_02109
2109,0.8097729682922363,bbag094_zeisel_cell_02110
2110,0.8837406635284424,bbag094_zeisel_cell_02111
2111,0.7470024228096008,bbag094_zeisel_cell_02112
2112,1.0024932622909546,bbag094_zeisel_cell_02113
2113,0.5246334075927734,bbag094_zeisel_cell_02114
2114,3.1096763610839844,bbag094_zeisel_cell_02115
2115,1.2607991695404053,bbag094_zeisel_cell_02116
2116,1.228904128074646,bbag094_zeisel_cell_02117
2117,0.7350857257843018,bbag094_zeisel_cell_02118
2118,1.3795819282531738,bbag094_zeisel_cell_02119
2119,1.1316920518875122,bbag094_zeisel_cell_02120
2120,1.8320648670196533,bbag094_zeisel_cell_02121
2121,3.4794461727142334,bbag094_zeisel_cell_02122
2122,1.3386310338974,bbag094_zeisel_cell_02123
2123,0.576934278011322,bbag094_zeisel_cell_02124
2124,0.8748965859413147,bbag094_zeisel_cell_02125
2125,3.608241319656372,bbag094_zeisel_cell_02126
2126,3.653780937194824,bbag094_zeisel_cell_02127
2127,3.566460609436035,bbag094_zeisel_cell_02128
2128,0.645324170589447,bbag094_zeisel_cell_02129
2129,0.543886125087738,bbag094_zeisel_cell_02130
2130,0.7524662613868713,bbag094_zeisel_cell_02131
2131,1.735489845275879,bbag094_zeisel_cell_02132
2132,1.4158025979995728,bbag094_zeisel_cell_02133
2133,3.4243838787078857,bbag094_zeisel_cell_02134
2134,1.1479148864746094,bbag094_zeisel_cell_02135
2135,0.564184844493866,bbag094_zeisel_cell_02136
2136,1.8148717880249023,bbag094_zeisel_cell_02137
2137,1.3757967948913574,bbag094_zeisel_cell_02138
2138,0.7180193662643433,bbag094_zeisel_cell_02139
2139,0.9885938763618469,bbag094_zeisel_cell_02140
2140,2.1851589679718018,bbag094_zeisel_cell_02141
2141,1.5445363521575928,bbag094_zeisel_cell_02142
2142,1.8303258419036865,bbag094_zeisel_cell_02143
2143,0.7195096611976624,bbag094_zeisel_cell_02144
2144,1.7176047563552856,bbag094_zeisel_cell_02145
2145,1.7309225797653198,bbag094_zeisel_cell_02146
2146,1.6289727687835693,bbag094_zeisel_cell_02147
2147,1.7827872037887573,bbag094_zeisel_cell_02148
2148,1.580977439880371,bbag094_zeisel_cell_02149
2149,0.5638822317123413,bbag094_zeisel_cell_02150
2150,0.6704771518707275,bbag094_zeisel_cell_02151
2151,0.6734479069709778,bbag094_zeisel_cell_02152
2152,0.8409904837608337,bbag094_zeisel_cell_02153
2153,1.0996594429016113,bbag094_zeisel_cell_02154
2154,0.9662428498268127,bbag094_zeisel_cell_02155
2155,0.5134887099266052,bbag094_zeisel_cell_02156
2156,1.0114845037460327,bbag094_zeisel_cell_02157
2157,0.5406919717788696,bbag094_zeisel_cell_02158
2158,1.1715775728225708,bbag094_zeisel_cell_02159
2159,1.1851576566696167,bbag094_zeisel_cell_02160
2160,1.3232094049453735,bbag094_zeisel_cell_02161
2161,0.681502640247345,bbag094_zeisel_cell_02162
2162,0.5813052654266357,bbag094_zeisel_cell_02163
2163,0.5791746973991394,bbag094_zeisel_cell_02164
2164,0.636930525302887,bbag094_zeisel_cell_02165
2165,0.6091277599334717,bbag094_zeisel_cell_02166
2166,0.5296503305435181,bbag094_zeisel_cell_02167
2167,0.7687634229660034,bbag094_zeisel_cell_02168
2168,0.668228030204773,bbag094_zeisel_cell_02169
2169,0.6985357403755188,bbag094_zeisel_cell_02170
2170,0.7220579385757446,bbag094_zeisel_cell_02171
2171,2.157966136932373,bbag094_zeisel_cell_02172
2172,0.6444002985954285,bbag094_zeisel_cell_02173
2173,0.784997284412384,bbag094_zeisel_cell_02174
2174,0.5932686924934387,bbag094_zeisel_cell_02175
2175,1.2120832204818726,bbag094_zeisel_cell_02176
2176,1.1085805892944336,bbag094_zeisel_cell_02177
2177,0.49710461497306824,bbag094_zeisel_cell_02178
2178,1.6999374628067017,bbag094_zeisel_cell_02179
2179,1.7553718090057373,bbag094_zeisel_cell_02180
2180,1.4441887140274048,bbag094_zeisel_cell_02181
2181,0.6307894587516785,bbag094_zeisel_cell_02182
2182,1.3529434204101562,bbag094_zeisel_cell_02183
2183,1.1508656740188599,bbag094_zeisel_cell_02184
2184,0.4974358081817627,bbag094_zeisel_cell_02185
2185,0.9178619384765625,bbag094_zeisel_cell_02186
2186,0.5934340953826904,bbag094_zeisel_cell_02187
2187,0.5756165981292725,bbag094_zeisel_cell_02188
2188,1.438995361328125,bbag094_zeisel_cell_02189
2189,0.5853222012519836,bbag094_zeisel_cell_02190
2190,0.5925750136375427,bbag094_zeisel_cell_02191
2191,1.4268486499786377,bbag094_zeisel_cell_02192
2192,0.5225057601928711,bbag094_zeisel_cell_02193
2193,1.5502263307571411,bbag094_zeisel_cell_02194
2194,0.6661447882652283,bbag094_zeisel_cell_02195
2195,0.6241067051887512,bbag094_zeisel_cell_02196
2196,0.6647137403488159,bbag094_zeisel_cell_02197
2197,0.5327397584915161,bbag094_zeisel_cell_02198
2198,1.628952145576477,bbag094_zeisel_cell_02199
2199,2.6335535049438477,bbag094_zeisel_cell_02200
2200,0.5317150950431824,bbag094_zeisel_cell_02201
2201,1.9008160829544067,bbag094_zeisel_cell_02202
2202,0.5735645294189453,bbag094_zeisel_cell_02203
2203,0.5676987767219543,bbag094_zeisel_cell_02204
2204,0.5942832827568054,bbag094_zeisel_cell_02205
2205,0.5792900323867798,bbag094_zeisel_cell_02206
2206,1.0863754749298096,bbag094_zeisel_cell_02207
2207,1.4050248861312866,bbag094_zeisel_cell_02208
2208,0.5505281090736389,bbag094_zeisel_cell_02209
2209,0.8085169196128845,bbag094_zeisel_cell_02210
2210,0.793217122554779,bbag094_zeisel_cell_02211
2211,1.230819821357727,bbag094_zeisel_cell_02212
2212,0.5397307872772217,bbag094_zeisel_cell_02213
2213,0.8145941495895386,bbag094_zeisel_cell_02214
2214,0.9787131547927856,bbag094_zeisel_cell_02215
2215,1.0752153396606445,bbag094_zeisel_cell_02216
2216,0.9876113533973694,bbag094_zeisel_cell_02217
2217,0.8999237418174744,bbag094_zeisel_cell_02218
2218,1.8061723709106445,bbag094_zeisel_cell_02219
2219,1.5272976160049438,bbag094_zeisel_cell_02220
2220,1.0447741746902466,bbag094_zeisel_cell_02221
2221,0.8505616188049316,bbag094_zeisel_cell_02222
2222,0.7144062519073486,bbag094_zeisel_cell_02223
2223,1.2720075845718384,bbag094_zeisel_cell_02224
2224,0.630031168460846,bbag094_zeisel_cell_02225
2225,1.0463149547576904,bbag094_zeisel_cell_02226
2226,1.2478773593902588,bbag094_zeisel_cell_02227
2227,1.5246379375457764,bbag094_zeisel_cell_02228
2228,0.7995728254318237,bbag094_zeisel_cell_02229
2229,0.9400814175605774,bbag094_zeisel_cell_02230
2230,0.8418636322021484,bbag094_zeisel_cell_02231
2231,0.7664799094200134,bbag094_zeisel_cell_02232
2232,1.3354129791259766,bbag094_zeisel_cell_02233
2233,1.9494521617889404,bbag094_zeisel_cell_02234
2234,1.7291464805603027,bbag094_zeisel_cell_02235
2235,1.361626148223877,bbag094_zeisel_cell_02236
2236,1.1975421905517578,bbag094_zeisel_cell_02237
2237,1.6038423776626587,bbag094_zeisel_cell_02238
2238,1.037931203842163,bbag094_zeisel_cell_02239
2239,0.689594030380249,bbag094_zeisel_cell_02240
2240,1.0554779767990112,bbag094_zeisel_cell_02241
2241,1.3243999481201172,bbag094_zeisel_cell_02242
2242,0.6852645874023438,bbag094_zeisel_cell_02243
2243,0.7713025808334351,bbag094_zeisel_cell_02244
2244,1.0167278051376343,bbag094_zeisel_cell_02245
2245,1.3725016117095947,bbag094_zeisel_cell_02246
2246,0.741541862487793,bbag094_zeisel_cell_02247
2247,0.5779337286949158,bbag094_zeisel_cell_02248
2248,0.817844808101654,bbag094_zeisel_cell_02249
2249,0.721878170967102,bbag094_zeisel_cell_02250
2250,1.1241018772125244,bbag094_zeisel_cell_02251
2251,1.159993052482605,bbag094_zeisel_cell_02252
2252,0.7508807182312012,bbag094_zeisel_cell_02253
2253,0.5115035176277161,bbag094_zeisel_cell_02254
2254,1.4911497831344604,bbag094_zeisel_cell_02255
2255,0.693211019039154,bbag094_zeisel_cell_02256
2256,0.9683637619018555,bbag094_zeisel_cell_02257
2257,0.7504934072494507,bbag094_zeisel_cell_02258
2258,0.7499328255653381,bbag094_zeisel_cell_02259
2259,1.714548945426941,bbag094_zeisel_cell_02260
2260,1.6314420700073242,bbag094_zeisel_cell_02261
2261,0.7250728011131287,bbag094_zeisel_cell_02262
2262,1.1915935277938843,bbag094_zeisel_cell_02263
2263,0.6342888474464417,bbag094_zeisel_cell_02264
2264,0.7736555933952332,bbag094_zeisel_cell_02265
2265,0.8661867380142212,bbag094_zeisel_cell_02266
2266,1.232585072517395,bbag094_zeisel_cell_02267
2267,0.5442931652069092,bbag094_zeisel_cell_02268
2268,0.733512282371521,bbag094_zeisel_cell_02269
2269,1.0865575075149536,bbag094_zeisel_cell_02270
2270,1.191043496131897,bbag094_zeisel_cell_02271
2271,0.7282684445381165,bbag094_zeisel_cell_02272
2272,1.2684351205825806,bbag094_zeisel_cell_02273
2273,0.5657554864883423,bbag094_zeisel_cell_02274
2274,1.0293335914611816,bbag094_zeisel_cell_02275
2275,0.9871700406074524,bbag094_zeisel_cell_02276
2276,1.2975847721099854,bbag094_zeisel_cell_02277
2277,1.1458457708358765,bbag094_zeisel_cell_02278
2278,1.5433928966522217,bbag094_zeisel_cell_02279
2279,1.113547682762146,bbag094_zeisel_cell_02280
2280,0.9975849986076355,bbag094_zeisel_cell_02281
2281,2.450697898864746,bbag094_zeisel_cell_02282
2282,1.2642807960510254,bbag094_zeisel_cell_02283
2283,0.7303193807601929,bbag094_zeisel_cell_02284
2284,1.0810304880142212,bbag094_zeisel_cell_02285
2285,0.7747504115104675,bbag094_zeisel_cell_02286
2286,0.7596255540847778,bbag094_zeisel_cell_02287
2287,1.0456106662750244,bbag094_zeisel_cell_02288
2288,1.7295231819152832,bbag094_zeisel_cell_02289
2289,0.9901605844497681,bbag094_zeisel_cell_02290
2290,1.0357462167739868,bbag094_zeisel_cell_02291
2291,0.9788768887519836,bbag094_zeisel_cell_02292
2292,0.7320833802223206,bbag094_zeisel_cell_02293
2293,0.5282148122787476,bbag094_zeisel_cell_02294
2294,0.5841069221496582,bbag094_zeisel_cell_02295
2295,0.7604516744613647,bbag094_zeisel_cell_02296
2296,1.1989233493804932,bbag094_zeisel_cell_02297
2297,1.1745662689208984,bbag094_zeisel_cell_02298
2298,0.5578126907348633,bbag094_zeisel_cell_02299
2299,0.9972277283668518,bbag094_zeisel_cell_02300
2300,1.2483655214309692,bbag094_zeisel_cell_02301
2301,0.8172140121459961,bbag094_zeisel_cell_02302
2302,0.6242390275001526,bbag094_zeisel_cell_02303
2303,1.9250152111053467,bbag094_zeisel_cell_02304
2304,1.8233470916748047,bbag094_zeisel_cell_02305
2305,1.2618200778961182,bbag094_zeisel_cell_02306
2306,1.2320048809051514,bbag094_zeisel_cell_02307
2307,1.0203888416290283,bbag094_zeisel_cell_02308
2308,0.974861741065979,bbag094_zeisel_cell_02309
2309,0.5061970353126526,bbag094_zeisel_cell_02310
2310,1.0447813272476196,bbag094_zeisel_cell_02311
2311,0.49678781628608704,bbag094_zeisel_cell_02312
2312,0.5207470655441284,bbag094_zeisel_cell_02313
2313,2.0150320529937744,bbag094_zeisel_cell_02314
2314,1.4809668064117432,bbag094_zeisel_cell_02315
2315,2.127207040786743,bbag094_zeisel_cell_02316
2316,0.6833875179290771,bbag094_zeisel_cell_02317
2317,0.5546536445617676,bbag094_zeisel_cell_02318
2318,0.9572343826293945,bbag094_zeisel_cell_02319
2319,1.0154472589492798,bbag094_zeisel_cell_02320
2320,0.5352131724357605,bbag094_zeisel_cell_02321
2321,1.6988112926483154,bbag094_zeisel_cell_02322
2322,0.5176801085472107,bbag094_zeisel_cell_02323
2323,0.9755797386169434,bbag094_zeisel_cell_02324
2324,0.9277217984199524,bbag094_zeisel_cell_02325
2325,0.9961772561073303,bbag094_zeisel_cell_02326
2326,0.48881953954696655,bbag094_zeisel_cell_02327
2327,1.255217432975769,bbag094_zeisel_cell_02328
2328,1.542116641998291,bbag094_zeisel_cell_02329
2329,0.5540496706962585,bbag094_zeisel_cell_02330
2330,0.519980251789093,bbag094_zeisel_cell_02331
2331,1.1361018419265747,bbag094_zeisel_cell_02332
2332,0.6437795162200928,bbag094_zeisel_cell_02333
2333,1.0518962144851685,bbag094_zeisel_cell_02334
2334,1.2653019428253174,bbag094_zeisel_cell_02335
2335,0.9141695499420166,bbag094_zeisel_cell_02336
2336,0.596479594707489,bbag094_zeisel_cell_02337
2337,1.4913256168365479,bbag094_zeisel_cell_02338
2338,1.675321340560913,bbag094_zeisel_cell_02339
2339,0.6261886358261108,bbag094_zeisel_cell_02340
2340,1.1134306192398071,bbag094_zeisel_cell_02341
2341,1.4572367668151855,bbag094_zeisel_cell_02342
2342,0.902205765247345,bbag094_zeisel_cell_02343
2343,0.8918333053588867,bbag094_zeisel_cell_02344
2344,0.5245978236198425,bbag094_zeisel_cell_02345
2345,1.7702949047088623,bbag094_zeisel_cell_02346
2346,0.8789262175559998,bbag094_zeisel_cell_02347
2347,1.7017757892608643,bbag094_zeisel_cell_02348
2348,1.8483245372772217,bbag094_zeisel_cell_02349
2349,0.5287827253341675,bbag094_zeisel_cell_02350
2350,1.2662793397903442,bbag094_zeisel_cell_02351
2351,0.5822609663009644,bbag094_zeisel_cell_02352
2352,0.8574010133743286,bbag094_zeisel_cell_02353
2353,0.6844820976257324,bbag094_zeisel_cell_02354
2354,1.6267261505126953,bbag094_zeisel_cell_02355
2355,0.8525760769844055,bbag094_zeisel_cell_02356
2356,1.0027508735656738,bbag094_zeisel_cell_02357
2357,0.7854946255683899,bbag094_zeisel_cell_02358
2358,0.5375370979309082,bbag094_zeisel_cell_02359
2359,0.489269882440567,bbag094_zeisel_cell_02360
2360,0.8749774098396301,bbag094_zeisel_cell_02361
2361,1.0066512823104858,bbag094_zeisel_cell_02362
2362,0.9444106817245483,bbag094_zeisel_cell_02363
2363,1.014083981513977,bbag094_zeisel_cell_02364
2364,0.5934597849845886,bbag094_zeisel_cell_02365
2365,0.92607581615448,bbag094_zeisel_cell_02366
2366,1.6888030767440796,bbag094_zeisel_cell_02367
2367,0.8203526139259338,bbag094_zeisel_cell_02368
2368,2.0830063819885254,bbag094_zeisel_cell_02369
2369,0.6078096032142639,bbag094_zeisel_cell_02370
2370,1.0630064010620117,bbag094_zeisel_cell_02371
2371,2.0132055282592773,bbag094_zeisel_cell_02372
2372,0.6383076906204224,bbag094_zeisel_cell_02373
2373,1.6432459354400635,bbag094_zeisel_cell_02374
2374,0.623018205165863,bbag094_zeisel_cell_02375
2375,0.6747217774391174,bbag094_zeisel_cell_02376
2376,0.8843483328819275,bbag094_zeisel_cell_02377
2377,0.5725157856941223,bbag094_zeisel_cell_02378
2378,1.6150723695755005,bbag094_zeisel_cell_02379
2379,2.745023012161255,bbag094_zeisel_cell_02380
2380,0.5358188152313232,bbag094_zeisel_cell_02381
2381,1.4425053596496582,bbag094_zeisel_cell_02382
2382,1.6657317876815796,bbag094_zeisel_cell_02383
2383,0.6336472630500793,bbag094_zeisel_cell_02384
2384,0.9244332313537598,bbag094_zeisel_cell_02385
2385,0.7809755802154541,bbag094_zeisel_cell_02386
2386,0.6178886294364929,bbag094_zeisel_cell_02387
2387,1.4423526525497437,bbag094_zeisel_cell_02388
2388,3.3105790615081787,bbag094_zeisel_cell_02389
2389,0.7366823554039001,bbag094_zeisel_cell_02390
2390,0.7181792855262756,bbag094_zeisel_cell_02391
2391,1.266518235206604,bbag094_zeisel_cell_02392
2392,1.0283616781234741,bbag094_zeisel_cell_02393
2393,0.6403528451919556,bbag094_zeisel_cell_02394
2394,0.9023283123970032,bbag094_zeisel_cell_02395
2395,0.9490038156509399,bbag094_zeisel_cell_02396
2396,0.5938364863395691,bbag094_zeisel_cell_02397
2397,0.5184258222579956,bbag094_zeisel_cell_02398
2398,1.5769985914230347,bbag094_zeisel_cell_02399
2399,2.7103004455566406,bbag094_zeisel_cell_02400
2400,0.5932723879814148,bbag094_zeisel_cell_02401
2401,0.8121331334114075,bbag094_zeisel_cell_02402
2402,0.6394892930984497,bbag094_zeisel_cell_02403
2403,0.4792969524860382,bbag094_zeisel_cell_02404
2404,1.6357371807098389,bbag094_zeisel_cell_02405
2405,0.7684195637702942,bbag094_zeisel_cell_02406
2406,1.8143938779830933,bbag094_zeisel_cell_02407
2407,0.9821915030479431,bbag094_zeisel_cell_02408
2408,0.5171719193458557,bbag094_zeisel_cell_02409
2409,0.5331399440765381,bbag094_zeisel_cell_02410
2410,0.7167345881462097,bbag094_zeisel_cell_02411
2411,0.5844963192939758,bbag094_zeisel_cell_02412
2412,0.8544158935546875,bbag094_zeisel_cell_02413
2413,0.9698184728622437,bbag094_zeisel_cell_02414
2414,0.6522019505500793,bbag094_zeisel_cell_02415
2415,0.514968752861023,bbag094_zeisel_cell_02416
2416,0.7632656693458557,bbag094_zeisel_cell_02417
2417,1.300197958946228,bbag094_zeisel_cell_02418
2418,2.9876301288604736,bbag094_zeisel_cell_02419
2419,1.4995511770248413,bbag094_zeisel_cell_02420
2420,0.8284781575202942,bbag094_zeisel_cell_02421
2421,0.8583330512046814,bbag094_zeisel_cell_02422
2422,0.9845616817474365,bbag094_zeisel_cell_02423
2423,1.1916791200637817,bbag094_zeisel_cell_02424
2424,1.2286598682403564,bbag094_zeisel_cell_02425
2425,2.1740126609802246,bbag094_zeisel_cell_02426
2426,1.660939335823059,bbag094_zeisel_cell_02427
2427,0.5978369116783142,bbag094_zeisel_cell_02428
2428,1.048367977142334,bbag094_zeisel_cell_02429
2429,0.627130925655365,bbag094_zeisel_cell_02430
2430,1.6082212924957275,bbag094_zeisel_cell_02431
2431,1.0037294626235962,bbag094_zeisel_cell_02432
2432,0.4964974522590637,bbag094_zeisel_cell_02433
2433,0.6814945340156555,bbag094_zeisel_cell_02434
2434,0.609218418598175,bbag094_zeisel_cell_02435
2435,0.6076543927192688,bbag094_zeisel_cell_02436
2436,0.8507463932037354,bbag094_zeisel_cell_02437
2437,1.0108658075332642,bbag094_zeisel_cell_02438
2438,0.5446093082427979,bbag094_zeisel_cell_02439
2439,0.49198606610298157,bbag094_zeisel_cell_02440
2440,0.8999138474464417,bbag094_zeisel_cell_02441
2441,1.2087644338607788,bbag094_zeisel_cell_02442
2442,1.2402615547180176,bbag094_zeisel_cell_02443
2443,0.571893572807312,bbag094_zeisel_cell_02444
2444,0.5453994870185852,bbag094_zeisel_cell_02445
2445,0.7713473439216614,bbag094_zeisel_cell_02446
2446,0.6764876842498779,bbag094_zeisel_cell_02447
2447,0.6111197471618652,bbag094_zeisel_cell_02448
2448,1.4300403594970703,bbag094_zeisel_cell_02449
2449,2.4507272243499756,bbag094_zeisel_cell_02450
2450,2.2748301029205322,bbag094_zeisel_cell_02451
2451,2.018122434616089,bbag094_zeisel_cell_02452
2452,1.8894869089126587,bbag094_zeisel_cell_02453
2453,1.9620293378829956,bbag094_zeisel_cell_02454
2454,1.9464777708053589,bbag094_zeisel_cell_02455
2455,1.9428484439849854,bbag094_zeisel_cell_02456
2456,1.6641095876693726,bbag094_zeisel_cell_02457
2457,2.5562851428985596,bbag094_zeisel_cell_02458
2458,2.006650686264038,bbag094_zeisel_cell_02459
2459,1.6427544355392456,bbag094_zeisel_cell_02460
2460,2.171968460083008,bbag094_zeisel_cell_02461
2461,2.4591171741485596,bbag094_zeisel_cell_02462
2462,2.126105308532715,bbag094_zeisel_cell_02463
2463,2.1426358222961426,bbag094_zeisel_cell_02464
2464,2.1141090393066406,bbag094_zeisel_cell_02465
2465,1.8056081533432007,bbag094_zeisel_cell_02466
2466,2.157139301300049,bbag094_zeisel_cell_02467
2467,1.7387691736221313,bbag094_zeisel_cell_02468
2468,1.7174941301345825,bbag094_zeisel_cell_02469
2469,2.4292330741882324,bbag094_zeisel_cell_02470
2470,2.918487310409546,bbag094_zeisel_cell_02471
2471,3.109677314758301,bbag094_zeisel_cell_02472
2472,1.5763682126998901,bbag094_zeisel_cell_02473
2473,1.704912781715393,bbag094_zeisel_cell_02474
2474,2.76558780670166,bbag094_zeisel_cell_02475
2475,1.7408034801483154,bbag094_zeisel_cell_02476
2476,1.695253849029541,bbag094_zeisel_cell_02477
2477,2.4491961002349854,bbag094_zeisel_cell_02478
2478,1.7898248434066772,bbag094_zeisel_cell_02479
2479,2.3531267642974854,bbag094_zeisel_cell_02480
2480,1.9556658267974854,bbag094_zeisel_cell_02481
2481,2.7057554721832275,bbag094_zeisel_cell_02482
2482,1.877953052520752,bbag094_zeisel_cell_02483
2483,2.210270404815674,bbag094_zeisel_cell_02484
2484,2.856292724609375,bbag094_zeisel_cell_02485
2485,3.259005308151245,bbag094_zeisel_cell_02486
2486,2.241780996322632,bbag094_zeisel_cell_02487
2487,2.552483320236206,bbag094_zeisel_cell_02488
2488,2.892500638961792,bbag094_zeisel_cell_02489
2489,1.8016915321350098,bbag094_zeisel_cell_02490
2490,1.70488703250885,bbag094_zeisel_cell_02491
2491,1.565106987953186,bbag094_zeisel_cell_02492
2492,1.781980037689209,bbag094_zeisel_cell_02493
2493,1.7618039846420288,bbag094_zeisel_cell_02494
2494,1.5002447366714478,bbag094_zeisel_cell_02495
2495,2.8707220554351807,bbag094_zeisel_cell_02496
2496,1.781266450881958,bbag094_zeisel_cell_02497
2497,1.8608063459396362,bbag094_zeisel_cell_02498
2498,1.7234220504760742,bbag094_zeisel_cell_02499
2499,2.6070144176483154,bbag094_zeisel_cell_02500
2500,1.627081274986267,bbag094_zeisel_cell_02501
2501,1.7151414155960083,bbag094_zeisel_cell_02502
2502,1.9423528909683228,bbag094_zeisel_cell_02503
2503,2.97688889503479,bbag094_zeisel_cell_02504
2504,1.698120355606079,bbag094_zeisel_cell_02505
2505,1.7775561809539795,bbag094_zeisel_cell_02506
2506,1.5538491010665894,bbag094_zeisel_cell_02507
2507,1.8487193584442139,bbag094_zeisel_cell_02508
2508,1.7583917379379272,bbag094_zeisel_cell_02509
2509,2.2935943603515625,bbag094_zeisel_cell_02510
2510,2.518540620803833,bbag094_zeisel_cell_02511
2511,2.4119467735290527,bbag094_zeisel_cell_02512
2512,1.9019070863723755,bbag094_zeisel_cell_02513
2513,1.7310909032821655,bbag094_zeisel_cell_02514
2514,2.155590057373047,bbag094_zeisel_cell_02515
2515,1.6724673509597778,bbag094_zeisel_cell_02516
2516,1.5126395225524902,bbag094_zeisel_cell_02517
2517,1.4504698514938354,bbag094_zeisel_cell_02518
2518,1.89481782913208,bbag094_zeisel_cell_02519
2519,1.756801962852478,bbag094_zeisel_cell_02520
2520,1.482068419456482,bbag094_zeisel_cell_02521
2521,1.8251250982284546,bbag094_zeisel_cell_02522
2522,1.9305737018585205,bbag094_zeisel_cell_02523
2523,1.7161678075790405,bbag094_zeisel_cell_02524
2524,1.5277761220932007,bbag094_zeisel_cell_02525
2525,1.5428757667541504,bbag094_zeisel_cell_02526
2526,1.551201581954956,bbag094_zeisel_cell_02527
2527,2.0662975311279297,bbag094_zeisel_cell_02528
2528,3.079129219055176,bbag094_zeisel_cell_02529
2529,2.2035107612609863,bbag094_zeisel_cell_02530
2530,2.437727212905884,bbag094_zeisel_cell_02531
2531,1.6176625490188599,bbag094_zeisel_cell_02532
2532,1.606427788734436,bbag094_zeisel_cell_02533
2533,2.172335386276245,bbag094_zeisel_cell_02534
2534,1.7147364616394043,bbag094_zeisel_cell_02535
2535,3.2156169414520264,bbag094_zeisel_cell_02536
2536,1.5418511629104614,bbag094_zeisel_cell_02537
2537,1.5850626230239868,bbag094_zeisel_cell_02538
2538,2.1387650966644287,bbag094_zeisel_cell_02539
2539,2.7058730125427246,bbag094_zeisel_cell_02540
2540,1.5758159160614014,bbag094_zeisel_cell_02541
2541,2.2249436378479004,bbag094_zeisel_cell_02542
2542,2.3471224308013916,bbag094_zeisel_cell_02543
2543,3.2607662677764893,bbag094_zeisel_cell_02544
2544,2.3371164798736572,bbag094_zeisel_cell_02545
2545,2.0268313884735107,bbag094_zeisel_cell_02546
2546,1.8070826530456543,bbag094_zeisel_cell_02547
2547,1.4993362426757812,bbag094_zeisel_cell_02548
2548,1.5133562088012695,bbag094_zeisel_cell_02549
2549,1.7231477499008179,bbag094_zeisel_cell_02550
2550,1.4942281246185303,bbag094_zeisel_cell_02551
2551,1.7637066841125488,bbag094_zeisel_cell_02552
2552,1.6672602891921997,bbag094_zeisel_cell_02553
2553,1.4676278829574585,bbag094_zeisel_cell_02554
2554,1.1082241535186768,bbag094_zeisel_cell_02555
2555,1.0355554819107056,bbag094_zeisel_cell_02556
2556,0.9934470057487488,bbag094_zeisel_cell_02557
2557,1.1836854219436646,bbag094_zeisel_cell_02558
2558,1.0146656036376953,bbag094_zeisel_cell_02559
2559,1.289910912513733,bbag094_zeisel_cell_02560
2560,1.546236276626587,bbag094_zeisel_cell_02561
2561,1.1761947870254517,bbag094_zeisel_cell_02562
2562,1.6892293691635132,bbag094_zeisel_cell_02563
2563,1.1280910968780518,bbag094_zeisel_cell_02564
2564,1.8139568567276,bbag094_zeisel_cell_02565
2565,1.533933401107788,bbag094_zeisel_cell_02566
2566,2.4655814170837402,bbag094_zeisel_cell_02567
2567,1.573185682296753,bbag094_zeisel_cell_02568
2568,1.0098514556884766,bbag094_zeisel_cell_02569
2569,1.5024088621139526,bbag094_zeisel_cell_02570
2570,1.7082706689834595,bbag094_zeisel_cell_02571
2571,1.047127604484558,bbag094_zeisel_cell_02572
2572,1.6218117475509644,bbag094_zeisel_cell_02573
2573,1.5086801052093506,bbag094_zeisel_cell_02574
2574,1.0627027750015259,bbag094_zeisel_cell_02575
2575,1.7635366916656494,bbag094_zeisel_cell_02576
2576,1.0427101850509644,bbag094_zeisel_cell_02577
2577,1.1798841953277588,bbag094_zeisel_cell_02578
2578,1.9011088609695435,bbag094_zeisel_cell_02579
2579,1.037339448928833,bbag094_zeisel_cell_02580
2580,1.1365717649459839,bbag094_zeisel_cell_02581
2581,1.039684772491455,bbag094_zeisel_cell_02582
2582,0.994983434677124,bbag094_zeisel_cell_02583
2583,1.2285418510437012,bbag094_zeisel_cell_02584
2584,1.083540439605713,bbag094_zeisel_cell_02585
2585,1.0309010744094849,bbag094_zeisel_cell_02586
2586,1.0778979063034058,bbag094_zeisel_cell_02587
2587,1.0980015993118286,bbag094_zeisel_cell_02588
2588,0.9802583456039429,bbag094_zeisel_cell_02589
2589,0.9894362092018127,bbag094_zeisel_cell_02590
2590,1.021450400352478,bbag094_zeisel_cell_02591
2591,1.11411452293396,bbag094_zeisel_cell_02592
2592,1.0429186820983887,bbag094_zeisel_cell_02593
2593,1.2352573871612549,bbag094_zeisel_cell_02594
2594,1.572930097579956,bbag094_zeisel_cell_02595
2595,1.1517916917800903,bbag094_zeisel_cell_02596
2596,1.1868934631347656,bbag094_zeisel_cell_02597
2597,1.0105996131896973,bbag094_zeisel_cell_02598
2598,0.9457635283470154,bbag094_zeisel_cell_02599
2599,1.9137364625930786,bbag094_zeisel_cell_02600
2600,1.2341197729110718,bbag094_zeisel_cell_02601
2601,1.5047378540039062,bbag094_zeisel_cell_02602
2602,1.0720670223236084,bbag094_zeisel_cell_02603
2603,1.345917820930481,bbag094_zeisel_cell_02604
2604,1.5906535387039185,bbag094_zeisel_cell_02605
2605,1.0292656421661377,bbag094_zeisel_cell_02606
2606,0.9988560080528259,bbag094_zeisel_cell_02607
2607,1.1684072017669678,bbag094_zeisel_cell_02608
2608,1.0002853870391846,bbag094_zeisel_cell_02609
2609,1.1000086069107056,bbag094_zeisel_cell_02610
2610,1.4576988220214844,bbag094_zeisel_cell_02611
2611,1.1982425451278687,bbag094_zeisel_cell_02612
2612,1.1435414552688599,bbag094_zeisel_cell_02613
2613,1.5131670236587524,bbag094_zeisel_cell_02614
2614,1.2125613689422607,bbag094_zeisel_cell_02615
2615,1.321167230606079,bbag094_zeisel_cell_02616
2616,1.3244845867156982,bbag094_zeisel_cell_02617
2617,0.9813339114189148,bbag094_zeisel_cell_02618
2618,1.2889224290847778,bbag094_zeisel_cell_02619
2619,1.1779286861419678,bbag094_zeisel_cell_02620
2620,0.9581499695777893,bbag094_zeisel_cell_02621
2621,1.4864380359649658,bbag094_zeisel_cell_02622
2622,1.1843914985656738,bbag094_zeisel_cell_02623
2623,1.0464146137237549,bbag094_zeisel_cell_02624
2624,1.2834970951080322,bbag094_zeisel_cell_02625
2625,1.1456687450408936,bbag094_zeisel_cell_02626
2626,1.1804375648498535,bbag094_zeisel_cell_02627
2627,1.1790416240692139,bbag094_zeisel_cell_02628
2628,1.057242512702942,bbag094_zeisel_cell_02629
2629,1.4850631952285767,bbag094_zeisel_cell_02630
2630,2.155954122543335,bbag094_zeisel_cell_02631
2631,1.1877951622009277,bbag094_zeisel_cell_02632
2632,1.5525161027908325,bbag094_zeisel_cell_02633
2633,1.7465835809707642,bbag094_zeisel_cell_02634
2634,1.5750579833984375,bbag094_zeisel_cell_02635
2635,1.4819501638412476,bbag094_zeisel_cell_02636
2636,1.5912516117095947,bbag094_zeisel_cell_02637
2637,1.7745118141174316,bbag094_zeisel_cell_02638
2638,1.5986326932907104,bbag094_zeisel_cell_02639
2639,1.498490810394287,bbag094_zeisel_cell_02640
2640,2.519476890563965,bbag094_zeisel_cell_02641
2641,1.5548237562179565,bbag094_zeisel_cell_02642
2642,1.5811361074447632,bbag094_zeisel_cell_02643
2643,1.7807283401489258,bbag094_zeisel_cell_02644
2644,1.8946876525878906,bbag094_zeisel_cell_02645
2645,1.5021415948867798,bbag094_zeisel_cell_02646
2646,1.6588412523269653,bbag094_zeisel_cell_02647
2647,1.5773779153823853,bbag094_zeisel_cell_02648
2648,1.6840647459030151,bbag094_zeisel_cell_02649
2649,2.665125846862793,bbag094_zeisel_cell_02650
2650,2.1295583248138428,bbag094_zeisel_cell_02651
2651,1.4146193265914917,bbag094_zeisel_cell_02652
2652,2.0242767333984375,bbag094_zeisel_cell_02653
2653,1.7552653551101685,bbag094_zeisel_cell_02654
2654,1.2079665660858154,bbag094_zeisel_cell_02655
2655,1.3768296241760254,bbag094_zeisel_cell_02656
2656,1.1391857862472534,bbag094_zeisel_cell_02657
2657,0.9822854399681091,bbag094_zeisel_cell_02658
2658,0.9871867299079895,bbag094_zeisel_cell_02659
2659,1.5057096481323242,bbag094_zeisel_cell_02660
2660,1.4874234199523926,bbag094_zeisel_cell_02661
2661,1.0850367546081543,bbag094_zeisel_cell_02662
2662,1.3042579889297485,bbag094_zeisel_cell_02663
2663,1.5656169652938843,bbag094_zeisel_cell_02664
2664,1.9384949207305908,bbag094_zeisel_cell_02665
2665,1.5753880739212036,bbag094_zeisel_cell_02666
2666,1.5708606243133545,bbag094_zeisel_cell_02667
2667,2.2776734828948975,bbag094_zeisel_cell_02668
2668,1.5900938510894775,bbag094_zeisel_cell_02669
2669,1.5817228555679321,bbag094_zeisel_cell_02670
2670,1.5077937841415405,bbag094_zeisel_cell_02671
2671,1.37455153465271,bbag094_zeisel_cell_02672
2672,1.2729471921920776,bbag094_zeisel_cell_02673
2673,1.7410253286361694,bbag094_zeisel_cell_02674
2674,1.6939775943756104,bbag094_zeisel_cell_02675
2675,1.3931760787963867,bbag094_zeisel_cell_02676
2676,1.4541130065917969,bbag094_zeisel_cell_02677
2677,1.782881498336792,bbag094_zeisel_cell_02678
2678,1.3653441667556763,bbag094_zeisel_cell_02679
2679,1.2378110885620117,bbag094_zeisel_cell_02680
2680,1.45094633102417,bbag094_zeisel_cell_02681
2681,2.401214122772217,bbag094_zeisel_cell_02682
2682,1.38030207157135,bbag094_zeisel_cell_02683
2683,1.2534980773925781,bbag094_zeisel_cell_02684
2684,1.0468034744262695,bbag094_zeisel_cell_02685
2685,1.5416090488433838,bbag094_zeisel_cell_02686
2686,1.0834828615188599,bbag094_zeisel_cell_02687
2687,0.9639965891838074,bbag094_zeisel_cell_02688
2688,1.3885045051574707,bbag094_zeisel_cell_02689
2689,1.6849976778030396,bbag094_zeisel_cell_02690
2690,1.5377174615859985,bbag094_zeisel_cell_02691
2691,1.691430926322937,bbag094_zeisel_cell_02692
2692,1.482051968574524,bbag094_zeisel_cell_02693
2693,2.2023415565490723,bbag094_zeisel_cell_02694
2694,1.5894650220870972,bbag094_zeisel_cell_02695
2695,0.9545755982398987,bbag094_zeisel_cell_02696
2696,1.2522045373916626,bbag094_zeisel_cell_02697
2697,1.2467787265777588,bbag094_zeisel_cell_02698
2698,1.2171870470046997,bbag094_zeisel_cell_02699
2699,1.8104472160339355,bbag094_zeisel_cell_02700
2700,1.146779179573059,bbag094_zeisel_cell_02701
2701,1.9232585430145264,bbag094_zeisel_cell_02702
2702,1.2481558322906494,bbag094_zeisel_cell_02703
2703,0.9676744937896729,bbag094_zeisel_cell_02704
2704,3.084869623184204,bbag094_zeisel_cell_02705
2705,1.2243518829345703,bbag094_zeisel_cell_02706
2706,2.500647783279419,bbag094_zeisel_cell_02707
2707,3.3623898029327393,bbag094_zeisel_cell_02708
2708,1.6970258951187134,bbag094_zeisel_cell_02709
2709,0.9843114614486694,bbag094_zeisel_cell_02710
2710,1.1893415451049805,bbag094_zeisel_cell_02711
2711,1.0846834182739258,bbag094_zeisel_cell_02712
2712,1.0982387065887451,bbag094_zeisel_cell_02713
2713,1.0523815155029297,bbag094_zeisel_cell_02714
2714,1.4271657466888428,bbag094_zeisel_cell_02715
2715,1.5970709323883057,bbag094_zeisel_cell_02716
2716,1.3228815793991089,bbag094_zeisel_cell_02717
2717,1.3960431814193726,bbag094_zeisel_cell_02718
2718,1.1150797605514526,bbag094_zeisel_cell_02719
2719,1.1775678396224976,bbag094_zeisel_cell_02720
2720,1.2715296745300293,bbag094_zeisel_cell_02721
2721,1.666986107826233,bbag094_zeisel_cell_02722
2722,0.9438409209251404,bbag094_zeisel_cell_02723
2723,0.9226874709129333,bbag094_zeisel_cell_02724
2724,0.8796862959861755,bbag094_zeisel_cell_02725
2725,0.8915342688560486,bbag094_zeisel_cell_02726
2726,1.0230562686920166,bbag094_zeisel_cell_02727
2727,0.8748075366020203,bbag094_zeisel_cell_02728
2728,0.8811015486717224,bbag094_zeisel_cell_02729
2729,0.8811601996421814,bbag094_zeisel_cell_02730
2730,0.9296339154243469,bbag094_zeisel_cell_02731
2731,0.9316137433052063,bbag094_zeisel_cell_02732
2732,1.108926773071289,bbag094_zeisel_cell_02733
2733,1.4284874200820923,bbag094_zeisel_cell_02734
2734,1.3564859628677368,bbag094_zeisel_cell_02735
2735,0.9782576560974121,bbag094_zeisel_cell_02736
2736,0.885285496711731,bbag094_zeisel_cell_02737
2737,1.2403022050857544,bbag094_zeisel_cell_02738
2738,1.2704768180847168,bbag094_zeisel_cell_02739
2739,1.1702672243118286,bbag094_zeisel_cell_02740
2740,1.1041231155395508,bbag094_zeisel_cell_02741
2741,1.499774694442749,bbag094_zeisel_cell_02742
2742,1.2183113098144531,bbag094_zeisel_cell_02743
2743,1.0398268699645996,bbag094_zeisel_cell_02744
2744,0.9522778391838074,bbag094_zeisel_cell_02745
2745,0.9328716397285461,bbag094_zeisel_cell_02746
2746,1.3403054475784302,bbag094_zeisel_cell_02747
2747,1.067952036857605,bbag094_zeisel_cell_02748
2748,1.0736644268035889,bbag094_zeisel_cell_02749
2749,1.0641924142837524,bbag094_zeisel_cell_02750
2750,1.1276954412460327,bbag094_zeisel_cell_02751
2751,0.9824323058128357,bbag094_zeisel_cell_02752
2752,0.973832905292511,bbag094_zeisel_cell_02753
2753,1.1002428531646729,bbag094_zeisel_cell_02754
2754,0.8078542947769165,bbag094_zeisel_cell_02755
2755,1.2327022552490234,bbag094_zeisel_cell_02756
2756,1.0320957899093628,bbag094_zeisel_cell_02757
2757,0.9406245350837708,bbag094_zeisel_cell_02758
2758,1.3480992317199707,bbag094_zeisel_cell_02759
2759,0.8203861713409424,bbag094_zeisel_cell_02760
2760,1.7550764083862305,bbag094_zeisel_cell_02761
2761,0.8378613591194153,bbag094_zeisel_cell_02762
2762,0.9738067388534546,bbag094_zeisel_cell_02763
2763,1.3040534257888794,bbag094_zeisel_cell_02764
2764,1.5306965112686157,bbag094_zeisel_cell_02765
2765,1.096834659576416,bbag094_zeisel_cell_02766
2766,0.9850102663040161,bbag094_zeisel_cell_02767
2767,0.8153703212738037,bbag094_zeisel_cell_02768
2768,1.04465913772583,bbag094_zeisel_cell_02769
2769,1.0988527536392212,bbag094_zeisel_cell_02770
2770,0.9839772582054138,bbag094_zeisel_cell_02771
2771,1.1459717750549316,bbag094_zeisel_cell_02772
2772,1.0323532819747925,bbag094_zeisel_cell_02773
2773,1.1835942268371582,bbag094_zeisel_cell_02774
2774,0.9221694469451904,bbag094_zeisel_cell_02775
2775,1.1275379657745361,bbag094_zeisel_cell_02776
2776,1.457705020904541,bbag094_zeisel_cell_02777
2777,1.3866581916809082,bbag094_zeisel_cell_02778
2778,1.6445181369781494,bbag094_zeisel_cell_02779
2779,1.185713291168213,bbag094_zeisel_cell_02780
2780,0.8372816443443298,bbag094_zeisel_cell_02781
2781,1.439300775527954,bbag094_zeisel_cell_02782
2782,1.1451243162155151,bbag094_zeisel_cell_02783
2783,1.086467981338501,bbag094_zeisel_cell_02784
2784,1.202628254890442,bbag094_zeisel_cell_02785
2785,0.9173030853271484,bbag094_zeisel_cell_02786
2786,1.191407322883606,bbag094_zeisel_cell_02787
2787,1.3503166437149048,bbag094_zeisel_cell_02788
2788,2.0637593269348145,bbag094_zeisel_cell_02789
2789,1.189335584640503,bbag094_zeisel_cell_02790
2790,1.545074224472046,bbag094_zeisel_cell_02791
2791,1.185306191444397,bbag094_zeisel_cell_02792
2792,0.8775815963745117,bbag094_zeisel_cell_02793
2793,0.8847498297691345,bbag094_zeisel_cell_02794
2794,1.1440811157226562,bbag094_zeisel_cell_02795
2795,3.861081123352051,bbag094_zeisel_cell_02796
2796,1.2685366868972778,bbag094_zeisel_cell_02797
2797,0.9837824702262878,bbag094_zeisel_cell_02798
2798,1.0306864976882935,bbag094_zeisel_cell_02799
2799,1.03197181224823,bbag094_zeisel_cell_02800
2800,0.8331581950187683,bbag094_zeisel_cell_02801
2801,1.1207035779953003,bbag094_zeisel_cell_02802
2802,0.9046626687049866,bbag094_zeisel_cell_02803
2803,0.9047893285751343,bbag094_zeisel_cell_02804
2804,0.9549548625946045,bbag094_zeisel_cell_02805
2805,1.021643877029419,bbag094_zeisel_cell_02806
2806,0.9694857597351074,bbag094_zeisel_cell_02807
2807,1.0252530574798584,bbag094_zeisel_cell_02808
2808,0.9776374101638794,bbag094_zeisel_cell_02809
2809,0.8942537307739258,bbag094_zeisel_cell_02810
2810,0.9989034533500671,bbag094_zeisel_cell_02811
2811,0.8355270028114319,bbag094_zeisel_cell_02812
2812,0.8154642581939697,bbag094_zeisel_cell_02813
2813,0.715792179107666,bbag094_zeisel_cell_02814
2814,0.817982017993927,bbag094_zeisel_cell_02815
2815,1.9880704879760742,bbag094_zeisel_cell_02816
2816,1.0975013971328735,bbag094_zeisel_cell_02817
2817,0.8758009672164917,bbag094_zeisel_cell_02818
2818,0.7933089137077332,bbag094_zeisel_cell_02819
2819,0.7690327167510986,bbag094_zeisel_cell_02820
2820,0.778553307056427,bbag094_zeisel_cell_02821
2821,1.485610842704773,bbag094_zeisel_cell_02822
2822,0.827771008014679,bbag094_zeisel_cell_02823
2823,0.743129312992096,bbag094_zeisel_cell_02824
2824,0.9435758590698242,bbag094_zeisel_cell_02825
2825,0.7663331627845764,bbag094_zeisel_cell_02826
2826,0.8273791074752808,bbag094_zeisel_cell_02827
2827,0.7132203578948975,bbag094_zeisel_cell_02828
2828,0.9036550521850586,bbag094_zeisel_cell_02829
2829,0.8444503545761108,bbag094_zeisel_cell_02830
2830,0.8156304359436035,bbag094_zeisel_cell_02831
2831,3.0809268951416016,bbag094_zeisel_cell_02832
2832,0.9084422588348389,bbag094_zeisel_cell_02833
2833,0.777206540107727,bbag094_zeisel_cell_02834
2834,0.9099353551864624,bbag094_zeisel_cell_02835
2835,0.8178402781486511,bbag094_zeisel_cell_02836
2836,0.7867771983146667,bbag094_zeisel_cell_02837
2837,0.7833604216575623,bbag094_zeisel_cell_02838
2838,0.9390511512756348,bbag094_zeisel_cell_02839
2839,0.7974510192871094,bbag094_zeisel_cell_02840
2840,0.9908875226974487,bbag094_zeisel_cell_02841
2841,2.146684169769287,bbag094_zeisel_cell_02842
2842,0.7959336042404175,bbag094_zeisel_cell_02843
2843,1.9538921117782593,bbag094_zeisel_cell_02844
2844,0.8710750341415405,bbag094_zeisel_cell_02845
2845,1.0028094053268433,bbag094_zeisel_cell_02846
2846,0.7613141536712646,bbag094_zeisel_cell_02847
2847,0.8100599646568298,bbag094_zeisel_cell_02848
2848,0.8368522524833679,bbag094_zeisel_cell_02849
2849,2.461845636367798,bbag094_zeisel_cell_02850
2850,0.881452739238739,bbag094_zeisel_cell_02851
2851,1.0765094757080078,bbag094_zeisel_cell_02852
2852,0.8397548198699951,bbag094_zeisel_cell_02853
2853,0.8713736534118652,bbag094_zeisel_cell_02854
2854,0.8563448786735535,bbag094_zeisel_cell_02855
2855,1.5029000043869019,bbag094_zeisel_cell_02856
2856,0.811966598033905,bbag094_zeisel_cell_02857
2857,1.5143704414367676,bbag094_zeisel_cell_02858
2858,1.0595026016235352,bbag094_zeisel_cell_02859
2859,0.8331453800201416,bbag094_zeisel_cell_02860
2860,1.015078067779541,bbag094_zeisel_cell_02861
2861,0.8706305623054504,bbag094_zeisel_cell_02862
2862,0.9411351084709167,bbag094_zeisel_cell_02863
2863,0.9090715646743774,bbag094_zeisel_cell_02864
2864,0.7234398126602173,bbag094_zeisel_cell_02865
2865,1.8792721033096313,bbag094_zeisel_cell_02866
2866,0.9109101891517639,bbag094_zeisel_cell_02867
2867,1.0355291366577148,bbag094_zeisel_cell_02868
2868,3.2384707927703857,bbag094_zeisel_cell_02869
2869,1.5356407165527344,bbag094_zeisel_cell_02870
2870,0.8487317562103271,bbag094_zeisel_cell_02871
2871,0.8512060046195984,bbag094_zeisel_cell_02872
2872,0.9174453616142273,bbag094_zeisel_cell_02873
2873,1.0900834798812866,bbag094_zeisel_cell_02874
2874,0.8821834921836853,bbag094_zeisel_cell_02875
2875,0.9054729342460632,bbag094_zeisel_cell_02876
2876,1.062090277671814,bbag094_zeisel_cell_02877
2877,0.95600825548172,bbag094_zeisel_cell_02878
2878,1.1318682432174683,bbag094_zeisel_cell_02879
2879,1.0109221935272217,bbag094_zeisel_cell_02880
2880,1.2686293125152588,bbag094_zeisel_cell_02881
2881,1.0469446182250977,bbag094_zeisel_cell_02882
2882,0.9905492663383484,bbag094_zeisel_cell_02883
2883,1.1256918907165527,bbag094_zeisel_cell_02884
2884,0.907529890537262,bbag094_zeisel_cell_02885
2885,2.152033805847168,bbag094_zeisel_cell_02886
2886,1.463049054145813,bbag094_zeisel_cell_02887
2887,1.1582926511764526,bbag094_zeisel_cell_02888
2888,1.9597617387771606,bbag094_zeisel_cell_02889
2889,0.9225154519081116,bbag094_zeisel_cell_02890
2890,0.8169980049133301,bbag094_zeisel_cell_02891
2891,1.0040868520736694,bbag094_zeisel_cell_02892
2892,1.417611837387085,bbag094_zeisel_cell_02893
2893,1.4904990196228027,bbag094_zeisel_cell_02894
2894,1.584025502204895,bbag094_zeisel_cell_02895
2895,0.8767798542976379,bbag094_zeisel_cell_02896
2896,1.7951548099517822,bbag094_zeisel_cell_02897
2897,1.7737840414047241,bbag094_zeisel_cell_02898
2898,0.9832617044448853,bbag094_zeisel_cell_02899
2899,1.0983667373657227,bbag094_zeisel_cell_02900
2900,1.2142329216003418,bbag094_zeisel_cell_02901
2901,1.5854867696762085,bbag094_zeisel_cell_02902
2902,0.8558594584465027,bbag094_zeisel_cell_02903
2903,1.0741984844207764,bbag094_zeisel_cell_02904
2904,1.28193998336792,bbag094_zeisel_cell_02905
2905,1.1122016906738281,bbag094_zeisel_cell_02906
2906,1.0514439344406128,bbag094_zeisel_cell_02907
2907,0.76695317029953,bbag094_zeisel_cell_02908
2908,1.0591436624526978,bbag094_zeisel_cell_02909
2909,1.181017279624939,bbag094_zeisel_cell_02910
2910,1.9199751615524292,bbag094_zeisel_cell_02911
2911,0.7841922044754028,bbag094_zeisel_cell_02912
2912,1.041943073272705,bbag094_zeisel_cell_02913
2913,1.7681169509887695,bbag094_zeisel_cell_02914
2914,1.2044399976730347,bbag094_zeisel_cell_02915
2915,0.775693416595459,bbag094_zeisel_cell_02916
2916,1.2315442562103271,bbag094_zeisel_cell_02917
2917,0.7405460476875305,bbag094_zeisel_cell_02918
2918,1.343658208847046,bbag094_zeisel_cell_02919
2919,1.3187923431396484,bbag094_zeisel_cell_02920
2920,1.0800453424453735,bbag094_zeisel_cell_02921
2921,2.0142900943756104,bbag094_zeisel_cell_02922
2922,2.4025135040283203,bbag094_zeisel_cell_02923
2923,1.7979841232299805,bbag094_zeisel_cell_02924
2924,2.0971224308013916,bbag094_zeisel_cell_02925
2925,1.695494532585144,bbag094_zeisel_cell_02926
2926,1.6181732416152954,bbag094_zeisel_cell_02927
2927,1.67914879322052,bbag094_zeisel_cell_02928
2928,2.0760011672973633,bbag094_zeisel_cell_02929
2929,2.2179672718048096,bbag094_zeisel_cell_02930
2930,1.639482021331787,bbag094_zeisel_cell_02931
2931,1.6884843111038208,bbag094_zeisel_cell_02932
2932,1.6351864337921143,bbag094_zeisel_cell_02933
2933,1.6786625385284424,bbag094_zeisel_cell_02934
2934,1.848204493522644,bbag094_zeisel_cell_02935
2935,2.0353636741638184,bbag094_zeisel_cell_02936
2936,3.130340814590454,bbag094_zeisel_cell_02937
2937,3.183845281600952,bbag094_zeisel_cell_02938
2938,3.7136566638946533,bbag094_zeisel_cell_02939
2939,3.730032205581665,bbag094_zeisel_cell_02940
2940,0.8535633683204651,bbag094_zeisel_cell_02941
2941,0.8355208039283752,bbag094_zeisel_cell_02942
2942,0.9287179708480835,bbag094_zeisel_cell_02943
2943,1.6186363697052002,bbag094_zeisel_cell_02944
2944,1.231170415878296,bbag094_zeisel_cell_02945
2945,0.8723914623260498,bbag094_zeisel_cell_02946
2946,1.5687994956970215,bbag094_zeisel_cell_02947
2947,1.2210041284561157,bbag094_zeisel_cell_02948
2948,1.4017006158828735,bbag094_zeisel_cell_02949
2949,1.2767456769943237,bbag094_zeisel_cell_02950
2950,2.01788592338562,bbag094_zeisel_cell_02951
2951,1.301102876663208,bbag094_zeisel_cell_02952
2952,1.4514070749282837,bbag094_zeisel_cell_02953
2953,1.5078632831573486,bbag094_zeisel_cell_02954
2954,2.998886823654175,bbag094_zeisel_cell_02955
2955,1.252360463142395,bbag094_zeisel_cell_02956
2956,1.2658734321594238,bbag094_zeisel_cell_02957
2957,1.507607102394104,bbag094_zeisel_cell_02958
2958,1.459936499595642,bbag094_zeisel_cell_02959
2959,1.521203637123108,bbag094_zeisel_cell_02960
2960,1.4359166622161865,bbag094_zeisel_cell_02961
2961,1.4228484630584717,bbag094_zeisel_cell_02962
2962,1.2319031953811646,bbag094_zeisel_cell_02963
2963,1.6555094718933105,bbag094_zeisel_cell_02964
2964,2.1755526065826416,bbag094_zeisel_cell_02965
2965,2.3166847229003906,bbag094_zeisel_cell_02966
2966,1.2752619981765747,bbag094_zeisel_cell_02967
2967,1.2469240427017212,bbag094_zeisel_cell_02968
2968,1.1549686193466187,bbag094_zeisel_cell_02969
2969,1.6619288921356201,bbag094_zeisel_cell_02970
2970,1.482475996017456,bbag094_zeisel_cell_02971
2971,1.2846888303756714,bbag094_zeisel_cell_02972
2972,1.4599812030792236,bbag094_zeisel_cell_02973
2973,1.6292346715927124,bbag094_zeisel_cell_02974
2974,1.2470759153366089,bbag094_zeisel_cell_02975
2975,1.3812164068222046,bbag094_zeisel_cell_02976
2976,1.5733009576797485,bbag094_zeisel_cell_02977
2977,1.1831599473953247,bbag094_zeisel_cell_02978
2978,2.4460432529449463,bbag094_zeisel_cell_02979
2979,1.4415217638015747,bbag094_zeisel_cell_02980
2980,1.1958050727844238,bbag094_zeisel_cell_02981
2981,1.4097397327423096,bbag094_zeisel_cell_02982
2982,1.4253407716751099,bbag094_zeisel_cell_02983
2983,1.2230428457260132,bbag094_zeisel_cell_02984
2984,1.2611501216888428,bbag094_zeisel_cell_02985
2985,1.3768057823181152,bbag094_zeisel_cell_02986
2986,1.3946348428726196,bbag094_zeisel_cell_02987
2987,1.76065993309021,bbag094_zeisel_cell_02988
2988,3.5022571086883545,bbag094_zeisel_cell_02989
2989,1.360385775566101,bbag094_zeisel_cell_02990
2990,1.7777695655822754,bbag094_zeisel_cell_02991
2991,1.4643994569778442,bbag094_zeisel_cell_02992
2992,1.3595234155654907,bbag094_zeisel_cell_02993
2993,1.808874487876892,bbag094_zeisel_cell_02994
2994,3.1645805835723877,bbag094_zeisel_cell_02995
2995,1.4748075008392334,bbag094_zeisel_cell_02996
2996,1.6889451742172241,bbag094_zeisel_cell_02997
2997,0.9094268679618835,bbag094_zeisel_cell_02998
2998,0.9720249176025391,bbag094_zeisel_cell_02999
2999,2.4581801891326904,bbag094_zeisel_cell_03000
3000,1.4677762985229492,bbag094_zeisel_cell_03001
3001,2.043529748916626,bbag094_zeisel_cell_03002
3002,1.4921625852584839,bbag094_zeisel_cell_03003
3003,1.6724238395690918,bbag094_zeisel_cell_03004
3004,1.3933594226837158,bbag094_zeisel_cell_03005
3005,1.5523754358291626,bbag094_zeisel_cell_03006
