cell_index,scraw_reconstruction_weight,cell_id
0,1.0548763275146484,human1_lib1.final_cell_0001-0
1,1.109707236289978,human1_lib1.final_cell_0002-0
2,1.0797889232635498,human1_lib1.final_cell_0003-0
3,1.139283299446106,human1_lib1.final_cell_0004-0
4,1.138444185256958,human1_lib1.final_cell_0005-0
5,1.0256484746932983,human1_lib1.final_cell_0006-0
6,0.7100122570991516,human1_lib1.final_cell_0007-0
7,1.054830551147461,human1_lib1.final_cell_0008-0
8,1.0506014823913574,human1_lib1.final_cell_0009-0
9,1.0703105926513672,human1_lib1.final_cell_0010-0
10,1.0743920803070068,human1_lib1.final_cell_0011-0
11,1.3692166805267334,human1_lib1.final_cell_0012-0
12,0.6644490957260132,human1_lib1.final_cell_0013-0
13,0.8380004167556763,human1_lib1.final_cell_0014-0
14,1.2229465246200562,human1_lib1.final_cell_0015-0
15,1.4386342763900757,human1_lib1.final_cell_0016-0
16,0.7841517925262451,human1_lib1.final_cell_0017-0
17,1.206636905670166,human1_lib1.final_cell_0018-0
18,1.116450548171997,human1_lib1.final_cell_0019-0
19,0.5876642465591431,human1_lib1.final_cell_0020-0
20,0.6207683086395264,human1_lib1.final_cell_0021-0
21,0.5557124614715576,human1_lib1.final_cell_0022-0
22,1.6111392974853516,human1_lib1.final_cell_0023-0
23,1.0443001985549927,human1_lib1.final_cell_0024-0
24,0.6534278392791748,human1_lib1.final_cell_0025-0
25,0.5191763043403625,human1_lib1.final_cell_0026-0
26,0.6858426928520203,human1_lib1.final_cell_0027-0
27,1.0850675106048584,human1_lib1.final_cell_0028-0
28,1.578794240951538,human1_lib1.final_cell_0029-0
29,0.6154834628105164,human1_lib1.final_cell_0030-0
30,0.7514382600784302,human1_lib1.final_cell_0031-0
31,0.7927430868148804,human1_lib1.final_cell_0032-0
32,0.7351275682449341,human1_lib1.final_cell_0033-0
33,0.9358747601509094,human1_lib1.final_cell_0034-0
34,0.6333089470863342,human1_lib1.final_cell_0035-0
35,1.0685027837753296,human1_lib1.final_cell_0036-0
36,0.73597651720047,human1_lib1.final_cell_0037-0
37,0.6570354104042053,human1_lib1.final_cell_0038-0
38,1.3349156379699707,human1_lib1.final_cell_0039-0
39,0.7729091048240662,human1_lib1.final_cell_0040-0
40,1.2805248498916626,human1_lib1.final_cell_0041-0
41,0.5713483691215515,human1_lib1.final_cell_0042-0
42,0.7638754844665527,human1_lib1.final_cell_0043-0
43,1.2151933908462524,human1_lib1.final_cell_0044-0
44,1.4610451459884644,human1_lib1.final_cell_0045-0
45,1.46781587600708,human1_lib1.final_cell_0046-0
46,1.035626769065857,human1_lib1.final_cell_0047-0
47,1.4281548261642456,human1_lib1.final_cell_0048-0
48,0.7343118786811829,human1_lib1.final_cell_0049-0
49,0.5531418323516846,human1_lib1.final_cell_0050-0
50,0.7468657493591309,human1_lib1.final_cell_0051-0
51,0.6069657206535339,human1_lib1.final_cell_0052-0
52,1.1140671968460083,human1_lib1.final_cell_0053-0
53,0.6517284512519836,human1_lib1.final_cell_0054-0
54,0.6763532161712646,human1_lib1.final_cell_0055-0
55,1.3606332540512085,human1_lib1.final_cell_0056-0
56,0.6724859476089478,human1_lib1.final_cell_0057-0
57,0.6608771085739136,human1_lib1.final_cell_0058-0
58,0.6356555819511414,human1_lib1.final_cell_0059-0
59,1.500177264213562,human1_lib1.final_cell_0060-0
60,1.0458323955535889,human1_lib1.final_cell_0061-0
61,0.5437719821929932,human1_lib1.final_cell_0062-0
62,1.5811113119125366,human1_lib1.final_cell_0063-0
63,1.8451074361801147,human1_lib1.final_cell_0064-0
64,2.9862630367279053,human1_lib1.final_cell_0065-0
65,1.198753833770752,human1_lib1.final_cell_0066-0
66,0.6064085960388184,human1_lib1.final_cell_0067-0
67,0.6881094574928284,human1_lib1.final_cell_0068-0
68,0.6877976655960083,human1_lib1.final_cell_0069-0
69,0.4624687433242798,human1_lib1.final_cell_0070-0
70,1.4469225406646729,human1_lib1.final_cell_0071-0
71,1.5234988927841187,human1_lib1.final_cell_0072-0
72,0.7884406447410583,human1_lib1.final_cell_0073-0
73,1.1349998712539673,human1_lib1.final_cell_0074-0
74,0.7232441902160645,human1_lib1.final_cell_0075-0
75,0.8003376722335815,human1_lib1.final_cell_0076-0
76,0.7552739977836609,human1_lib1.final_cell_0077-0
77,0.8388477563858032,human1_lib1.final_cell_0078-0
78,0.7373914122581482,human1_lib1.final_cell_0079-0
79,0.6614816188812256,human1_lib1.final_cell_0080-0
80,0.636549711227417,human1_lib1.final_cell_0081-0
81,0.9130885004997253,human1_lib1.final_cell_0082-0
82,0.8391348719596863,human1_lib1.final_cell_0083-0
83,0.9786163568496704,human1_lib1.final_cell_0084-0
84,1.3569872379302979,human1_lib1.final_cell_0085-0
85,0.7525779604911804,human1_lib1.final_cell_0086-0
86,0.667061448097229,human1_lib1.final_cell_0087-0
87,0.6173906326293945,human1_lib1.final_cell_0088-0
88,1.417785406112671,human1_lib1.final_cell_0089-0
89,0.611488938331604,human1_lib1.final_cell_0090-0
90,0.7273044586181641,human1_lib1.final_cell_0091-0
91,0.6247467994689941,human1_lib1.final_cell_0092-0
92,0.911672830581665,human1_lib1.final_cell_0093-0
93,0.6681443452835083,human1_lib1.final_cell_0094-0
94,0.5824400782585144,human1_lib1.final_cell_0095-0
95,1.3866119384765625,human1_lib1.final_cell_0096-0
96,0.596795916557312,human1_lib1.final_cell_0097-0
97,0.7862222790718079,human1_lib1.final_cell_0098-0
98,0.6839200854301453,human1_lib1.final_cell_0099-0
99,0.6804453134536743,human1_lib1.final_cell_0100-0
100,0.7421585917472839,human1_lib1.final_cell_0101-0
101,0.5820399522781372,human1_lib1.final_cell_0102-0
102,0.47368672490119934,human1_lib1.final_cell_0103-0
103,0.6990522146224976,human1_lib1.final_cell_0104-0
104,0.9302375912666321,human1_lib1.final_cell_0105-0
105,0.5802624225616455,human1_lib1.final_cell_0106-0
106,1.8129701614379883,human1_lib1.final_cell_0107-0
107,0.660346269607544,human1_lib1.final_cell_0108-0
108,1.1002715826034546,human1_lib1.final_cell_0109-0
109,0.8393893837928772,human1_lib1.final_cell_0110-0
110,0.911646842956543,human1_lib1.final_cell_0111-0
111,0.8690056800842285,human1_lib1.final_cell_0112-0
112,0.8017654418945312,human1_lib1.final_cell_0113-0
113,0.5228546857833862,human1_lib1.final_cell_0114-0
114,0.6191475987434387,human1_lib1.final_cell_0115-0
115,0.7726576328277588,human1_lib1.final_cell_0116-0
116,1.0904622077941895,human1_lib1.final_cell_0117-0
117,0.5666717290878296,human1_lib1.final_cell_0118-0
118,0.7397820353507996,human1_lib1.final_cell_0119-0
119,0.7208191752433777,human1_lib1.final_cell_0120-0
120,0.6352994441986084,human1_lib1.final_cell_0121-0
121,0.7640897035598755,human1_lib1.final_cell_0122-0
122,0.7900996208190918,human1_lib1.final_cell_0123-0
123,0.8626188635826111,human1_lib1.final_cell_0124-0
124,1.272977352142334,human1_lib1.final_cell_0125-0
125,0.6926421523094177,human1_lib1.final_cell_0126-0
126,0.8487640619277954,human1_lib1.final_cell_0127-0
127,0.9044061899185181,human1_lib1.final_cell_0128-0
128,0.6037413477897644,human1_lib1.final_cell_0129-0
129,0.6331005096435547,human1_lib1.final_cell_0130-0
130,0.45372116565704346,human1_lib1.final_cell_0131-0
131,0.5840142369270325,human1_lib1.final_cell_0132-0
132,0.7680677175521851,human1_lib1.final_cell_0133-0
133,1.0819793939590454,human1_lib1.final_cell_0134-0
134,0.5234968662261963,human1_lib1.final_cell_0135-0
135,1.4975520372390747,human1_lib1.final_cell_0136-0
136,0.7031006813049316,human1_lib1.final_cell_0137-0
137,0.5125943422317505,human1_lib1.final_cell_0138-0
138,0.9053450226783752,human1_lib1.final_cell_0139-0
139,0.9830227494239807,human1_lib1.final_cell_0140-0
140,1.1828367710113525,human1_lib1.final_cell_0141-0
141,0.5767236948013306,human1_lib1.final_cell_0142-0
142,0.5442327260971069,human1_lib1.final_cell_0143-0
143,0.8362913727760315,human1_lib1.final_cell_0144-0
144,0.7768296003341675,human1_lib1.final_cell_0145-0
145,0.7816064357757568,human1_lib1.final_cell_0146-0
146,0.848969578742981,human1_lib1.final_cell_0147-0
147,1.444387674331665,human1_lib1.final_cell_0148-0
148,1.1837518215179443,human1_lib1.final_cell_0149-0
149,0.739516019821167,human1_lib1.final_cell_0150-0
150,1.0876197814941406,human1_lib1.final_cell_0151-0
151,0.7756495475769043,human1_lib1.final_cell_0152-0
152,0.5953514575958252,human1_lib1.final_cell_0153-0
153,0.8597040176391602,human1_lib1.final_cell_0154-0
154,0.700445830821991,human1_lib1.final_cell_0155-0
155,1.489706039428711,human1_lib1.final_cell_0156-0
156,0.5797572731971741,human1_lib1.final_cell_0157-0
157,0.7857516407966614,human1_lib1.final_cell_0158-0
158,0.5287888050079346,human1_lib1.final_cell_0159-0
159,0.5983867645263672,human1_lib1.final_cell_0160-0
160,0.5155062079429626,human1_lib1.final_cell_0161-0
161,0.555429995059967,human1_lib1.final_cell_0162-0
162,1.3032795190811157,human1_lib1.final_cell_0163-0
163,0.5817549824714661,human1_lib1.final_cell_0164-0
164,1.1844462156295776,human1_lib1.final_cell_0165-0
165,0.6838352084159851,human1_lib1.final_cell_0166-0
166,1.4539331197738647,human1_lib1.final_cell_0167-0
167,0.5592591166496277,human1_lib1.final_cell_0168-0
168,0.5183963775634766,human1_lib1.final_cell_0169-0
169,0.7449597716331482,human1_lib1.final_cell_0170-0
170,1.2470732927322388,human1_lib1.final_cell_0171-0
171,1.3771905899047852,human1_lib1.final_cell_0172-0
172,1.0130666494369507,human1_lib1.final_cell_0173-0
173,0.5574126243591309,human1_lib1.final_cell_0174-0
174,1.0645363330841064,human1_lib1.final_cell_0175-0
175,0.5879075527191162,human1_lib1.final_cell_0176-0
176,1.2608153820037842,human1_lib1.final_cell_0177-0
177,0.7584882378578186,human1_lib1.final_cell_0178-0
178,0.6101961731910706,human1_lib1.final_cell_0179-0
179,0.6777471303939819,human1_lib1.final_cell_0180-0
180,0.6098618507385254,human1_lib1.final_cell_0181-0
181,1.2381073236465454,human1_lib1.final_cell_0182-0
182,0.4861319363117218,human1_lib1.final_cell_0183-0
183,0.6150974631309509,human1_lib1.final_cell_0184-0
184,0.5013143420219421,human1_lib1.final_cell_0185-0
185,0.6918310523033142,human1_lib1.final_cell_0186-0
186,0.4938671886920929,human1_lib1.final_cell_0187-0
187,1.7880656719207764,human1_lib1.final_cell_0188-0
188,1.1670976877212524,human1_lib1.final_cell_0189-0
189,0.6549635529518127,human1_lib1.final_cell_0190-0
190,0.6009117960929871,human1_lib1.final_cell_0191-0
191,0.8048608899116516,human1_lib1.final_cell_0192-0
192,0.9653829336166382,human1_lib1.final_cell_0193-0
193,0.577892541885376,human1_lib1.final_cell_0194-0
194,0.7012487053871155,human1_lib1.final_cell_0195-0
195,0.5549883246421814,human1_lib1.final_cell_0196-0
196,1.420891284942627,human1_lib1.final_cell_0197-0
197,0.5877710580825806,human1_lib1.final_cell_0198-0
198,0.6590693593025208,human1_lib1.final_cell_0199-0
199,0.8273192048072815,human1_lib1.final_cell_0200-0
200,0.6721240878105164,human1_lib1.final_cell_0201-0
201,0.5209548473358154,human1_lib1.final_cell_0202-0
202,1.115888237953186,human1_lib1.final_cell_0203-0
203,0.6564069390296936,human1_lib1.final_cell_0204-0
204,0.5391537547111511,human1_lib1.final_cell_0205-0
205,0.8039010167121887,human1_lib1.final_cell_0206-0
206,1.0784766674041748,human1_lib1.final_cell_0207-0
207,0.49394482374191284,human1_lib1.final_cell_0208-0
208,1.1952462196350098,human1_lib1.final_cell_0209-0
209,1.397922396659851,human1_lib1.final_cell_0210-0
210,0.5956595540046692,human1_lib1.final_cell_0211-0
211,0.531233012676239,human1_lib1.final_cell_0212-0
212,0.6168838143348694,human1_lib1.final_cell_0213-0
213,0.9910142421722412,human1_lib1.final_cell_0214-0
214,1.9374549388885498,human1_lib1.final_cell_0215-0
215,1.0367587804794312,human1_lib1.final_cell_0216-0
216,2.811828136444092,human1_lib1.final_cell_0217-0
217,1.8497687578201294,human1_lib1.final_cell_0218-0
218,1.3646845817565918,human1_lib1.final_cell_0219-0
219,0.8899864554405212,human1_lib1.final_cell_0220-0
220,0.6424247026443481,human1_lib1.final_cell_0221-0
221,1.3799289464950562,human1_lib1.final_cell_0222-0
222,0.6059930920600891,human1_lib1.final_cell_0223-0
223,1.0359197854995728,human1_lib1.final_cell_0224-0
224,0.5947981476783752,human1_lib1.final_cell_0225-0
225,0.45168882608413696,human1_lib1.final_cell_0226-0
226,0.5670186281204224,human1_lib1.final_cell_0227-0
227,0.6696580052375793,human1_lib1.final_cell_0228-0
228,0.6703259348869324,human1_lib1.final_cell_0229-0
229,0.8370391130447388,human1_lib1.final_cell_0230-0
230,0.5984372496604919,human1_lib1.final_cell_0231-0
231,0.8820523023605347,human1_lib1.final_cell_0232-0
232,0.6825491189956665,human1_lib1.final_cell_0233-0
233,0.5629698038101196,human1_lib1.final_cell_0234-0
234,0.7153545618057251,human1_lib1.final_cell_0235-0
235,0.7469779253005981,human1_lib1.final_cell_0236-0
236,1.6144263744354248,human1_lib1.final_cell_0237-0
237,0.8048794865608215,human1_lib1.final_cell_0238-0
238,0.6754595637321472,human1_lib1.final_cell_0239-0
239,0.8596411943435669,human1_lib1.final_cell_0240-0
240,0.5109270811080933,human1_lib1.final_cell_0241-0
241,1.7117352485656738,human1_lib1.final_cell_0242-0
242,0.6067577004432678,human1_lib1.final_cell_0243-0
243,1.309641718864441,human1_lib1.final_cell_0244-0
244,0.4505753815174103,human1_lib1.final_cell_0245-0
245,0.7010709643363953,human1_lib1.final_cell_0246-0
246,0.6386499404907227,human1_lib1.final_cell_0247-0
247,0.5358275771141052,human1_lib1.final_cell_0248-0
248,0.6015299558639526,human1_lib1.final_cell_0249-0
249,1.8795229196548462,human1_lib1.final_cell_0250-0
250,0.6693584322929382,human1_lib1.final_cell_0251-0
251,0.9905474781990051,human1_lib1.final_cell_0252-0
252,0.6504398584365845,human1_lib1.final_cell_0253-0
253,0.9554730653762817,human1_lib1.final_cell_0254-0
254,0.7809295654296875,human1_lib1.final_cell_0255-0
255,1.1551871299743652,human1_lib1.final_cell_0256-0
256,0.7194415926933289,human1_lib1.final_cell_0257-0
257,0.7140905261039734,human1_lib1.final_cell_0258-0
258,0.5405380129814148,human1_lib1.final_cell_0259-0
259,0.9330543875694275,human1_lib1.final_cell_0260-0
260,2.342458724975586,human1_lib1.final_cell_0261-0
261,0.8758490681648254,human1_lib1.final_cell_0262-0
262,0.48653897643089294,human1_lib1.final_cell_0263-0
263,0.5981536507606506,human1_lib1.final_cell_0264-0
264,1.4483377933502197,human1_lib1.final_cell_0265-0
265,0.620315432548523,human1_lib1.final_cell_0266-0
266,0.7885046005249023,human1_lib1.final_cell_0267-0
267,0.7379633784294128,human1_lib1.final_cell_0268-0
268,1.548941731452942,human1_lib1.final_cell_0269-0
269,0.5379952788352966,human1_lib1.final_cell_0270-0
270,0.655699610710144,human1_lib1.final_cell_0271-0
271,0.681529700756073,human1_lib1.final_cell_0272-0
272,1.2774964570999146,human1_lib1.final_cell_0273-0
273,0.6558043360710144,human1_lib1.final_cell_0274-0
274,0.9238713383674622,human1_lib1.final_cell_0275-0
275,0.6123524904251099,human1_lib1.final_cell_0276-0
276,1.3483248949050903,human1_lib1.final_cell_0277-0
277,0.992263913154602,human1_lib1.final_cell_0278-0
278,0.49744805693626404,human1_lib1.final_cell_0279-0
279,1.4999005794525146,human1_lib1.final_cell_0280-0
280,0.6958145499229431,human1_lib1.final_cell_0281-0
281,0.9273765683174133,human1_lib1.final_cell_0282-0
282,0.5524342656135559,human1_lib1.final_cell_0283-0
283,1.4125308990478516,human1_lib1.final_cell_0284-0
284,0.5086025595664978,human1_lib1.final_cell_0285-0
285,0.7949041724205017,human1_lib1.final_cell_0286-0
286,0.6403565406799316,human1_lib1.final_cell_0287-0
287,2.5188260078430176,human1_lib1.final_cell_0288-0
288,3.3802671432495117,human1_lib1.final_cell_0289-0
289,0.6409483551979065,human1_lib1.final_cell_0290-0
290,0.56779545545578,human1_lib1.final_cell_0291-0
291,0.8610507249832153,human1_lib1.final_cell_0292-0
292,1.4129204750061035,human1_lib1.final_cell_0293-0
293,0.5631573796272278,human1_lib1.final_cell_0294-0
294,0.9299947619438171,human1_lib1.final_cell_0295-0
295,0.6671050786972046,human1_lib1.final_cell_0296-0
296,0.983996570110321,human1_lib1.final_cell_0297-0
297,0.5844094753265381,human1_lib1.final_cell_0298-0
298,0.5864472985267639,human1_lib1.final_cell_0299-0
299,1.1880780458450317,human1_lib1.final_cell_0300-0
300,1.3366401195526123,human1_lib1.final_cell_0301-0
301,1.7549678087234497,human1_lib1.final_cell_0302-0
302,1.0258543491363525,human1_lib1.final_cell_0303-0
303,0.6585067510604858,human1_lib1.final_cell_0304-0
304,1.0752873420715332,human1_lib1.final_cell_0305-0
305,0.890527606010437,human1_lib1.final_cell_0306-0
306,0.6608023643493652,human1_lib1.final_cell_0307-0
307,1.2699737548828125,human1_lib1.final_cell_0308-0
308,1.6143276691436768,human1_lib1.final_cell_0309-0
309,0.6948307752609253,human1_lib1.final_cell_0310-0
310,0.5562880039215088,human1_lib1.final_cell_0311-0
311,0.5536292195320129,human1_lib1.final_cell_0312-0
312,1.2911860942840576,human1_lib1.final_cell_0313-0
313,0.6790310144424438,human1_lib1.final_cell_0314-0
314,1.0065964460372925,human1_lib1.final_cell_0315-0
315,0.9248113036155701,human1_lib1.final_cell_0316-0
316,0.7154521942138672,human1_lib1.final_cell_0317-0
317,0.7056628465652466,human1_lib1.final_cell_0318-0
318,1.5127372741699219,human1_lib1.final_cell_0319-0
319,0.6617714762687683,human1_lib1.final_cell_0320-0
320,0.8061328530311584,human1_lib1.final_cell_0321-0
321,0.5551842451095581,human1_lib1.final_cell_0322-0
322,1.117567777633667,human1_lib1.final_cell_0323-0
323,0.47806790471076965,human1_lib1.final_cell_0324-0
324,1.4813803434371948,human1_lib1.final_cell_0325-0
325,0.8086113333702087,human1_lib1.final_cell_0326-0
326,0.5301110148429871,human1_lib1.final_cell_0327-0
327,0.5375654101371765,human1_lib1.final_cell_0328-0
328,1.0689836740493774,human1_lib1.final_cell_0329-0
329,2.4750382900238037,human1_lib1.final_cell_0330-0
330,2.0360496044158936,human1_lib1.final_cell_0331-0
331,0.6321413516998291,human1_lib1.final_cell_0332-0
332,1.0867115259170532,human1_lib1.final_cell_0333-0
333,0.46001070737838745,human1_lib1.final_cell_0334-0
334,1.1439671516418457,human1_lib1.final_cell_0335-0
335,2.4885499477386475,human1_lib1.final_cell_0336-0
336,0.8747866153717041,human1_lib1.final_cell_0337-0
337,0.7198482155799866,human1_lib1.final_cell_0338-0
338,0.5505037903785706,human1_lib1.final_cell_0339-0
339,1.5464162826538086,human1_lib1.final_cell_0340-0
340,0.613059401512146,human1_lib1.final_cell_0341-0
341,3.1876490116119385,human1_lib1.final_cell_0342-0
342,1.086367130279541,human1_lib1.final_cell_0343-0
343,0.6941418051719666,human1_lib1.final_cell_0344-0
344,1.86002516746521,human1_lib1.final_cell_0345-0
345,0.5565946102142334,human1_lib1.final_cell_0346-0
346,0.590130090713501,human1_lib1.final_cell_0347-0
347,0.4604876637458801,human1_lib1.final_cell_0348-0
348,0.7832434177398682,human1_lib1.final_cell_0349-0
349,1.6925735473632812,human1_lib1.final_cell_0350-0
350,0.5969634652137756,human1_lib1.final_cell_0351-0
351,1.5295835733413696,human1_lib1.final_cell_0352-0
352,0.9760023951530457,human1_lib1.final_cell_0353-0
353,1.588175654411316,human1_lib1.final_cell_0354-0
354,1.896122694015503,human1_lib1.final_cell_0355-0
355,0.6211187839508057,human1_lib1.final_cell_0356-0
356,0.5313875675201416,human1_lib1.final_cell_0357-0
357,6.67095947265625,human1_lib1.final_cell_0358-0
358,0.5664323568344116,human1_lib1.final_cell_0359-0
359,1.6267280578613281,human1_lib1.final_cell_0360-0
360,1.4420808553695679,human1_lib1.final_cell_0361-0
361,1.3573898077011108,human1_lib1.final_cell_0362-0
362,0.7104805707931519,human1_lib1.final_cell_0363-0
363,0.5526480674743652,human1_lib1.final_cell_0364-0
364,0.4652014672756195,human1_lib1.final_cell_0365-0
365,0.46664518117904663,human1_lib1.final_cell_0366-0
366,1.2744688987731934,human1_lib1.final_cell_0367-0
367,0.7367173433303833,human1_lib1.final_cell_0368-0
368,1.3415850400924683,human1_lib1.final_cell_0369-0
369,0.6454205513000488,human1_lib1.final_cell_0370-0
370,1.0647828578948975,human1_lib1.final_cell_0371-0
371,1.2216218709945679,human1_lib1.final_cell_0372-0
372,1.2151944637298584,human1_lib1.final_cell_0373-0
373,1.4366123676300049,human1_lib1.final_cell_0374-0
374,1.2746436595916748,human1_lib1.final_cell_0375-0
375,1.8150922060012817,human1_lib1.final_cell_0376-0
376,0.8750903010368347,human1_lib1.final_cell_0377-0
377,0.6354821920394897,human1_lib1.final_cell_0378-0
378,0.8661563396453857,human1_lib1.final_cell_0379-0
379,2.2478456497192383,human1_lib1.final_cell_0380-0
380,0.6472693681716919,human1_lib1.final_cell_0381-0
381,1.0442161560058594,human1_lib1.final_cell_0382-0
382,1.472499132156372,human1_lib1.final_cell_0383-0
383,1.5214513540267944,human1_lib1.final_cell_0384-0
384,0.5487155914306641,human1_lib1.final_cell_0385-0
385,1.4667164087295532,human1_lib1.final_cell_0386-0
386,0.8114067912101746,human1_lib1.final_cell_0387-0
387,1.3321563005447388,human1_lib1.final_cell_0388-0
388,0.7580710649490356,human1_lib1.final_cell_0389-0
389,0.6298757791519165,human1_lib1.final_cell_0390-0
390,1.2814478874206543,human1_lib1.final_cell_0391-0
391,0.8903879523277283,human1_lib1.final_cell_0392-0
392,0.6114217042922974,human1_lib1.final_cell_0393-0
393,1.4994845390319824,human1_lib1.final_cell_0394-0
394,0.6530920267105103,human1_lib1.final_cell_0395-0
395,1.0969411134719849,human1_lib1.final_cell_0396-0
396,1.4852337837219238,human1_lib1.final_cell_0397-0
397,1.7956589460372925,human1_lib1.final_cell_0398-0
398,1.384499192237854,human1_lib1.final_cell_0399-0
399,0.8660776019096375,human1_lib1.final_cell_0400-0
400,0.6498180627822876,human1_lib1.final_cell_0401-0
401,1.392612099647522,human1_lib1.final_cell_0402-0
402,1.635007619857788,human1_lib1.final_cell_0403-0
403,1.410172939300537,human1_lib1.final_cell_0404-0
404,1.0768238306045532,human1_lib1.final_cell_0405-0
405,0.4909902811050415,human1_lib1.final_cell_0406-0
406,1.4252372980117798,human1_lib1.final_cell_0407-0
407,2.1431500911712646,human1_lib1.final_cell_0408-0
408,0.6554054021835327,human1_lib1.final_cell_0409-0
409,1.081947684288025,human1_lib1.final_cell_0410-0
410,1.6046043634414673,human1_lib1.final_cell_0411-0
411,2.983163356781006,human1_lib1.final_cell_0412-0
412,0.9884357452392578,human1_lib1.final_cell_0413-0
413,0.7063538432121277,human1_lib1.final_cell_0414-0
414,0.7805265188217163,human1_lib1.final_cell_0415-0
415,1.3846039772033691,human1_lib1.final_cell_0416-0
416,3.426051139831543,human1_lib1.final_cell_0417-0
417,1.6223504543304443,human1_lib1.final_cell_0418-0
418,1.8974186182022095,human1_lib1.final_cell_0419-0
419,1.722641944885254,human1_lib1.final_cell_0420-0
420,1.5674272775650024,human1_lib1.final_cell_0421-0
421,2.129823923110962,human1_lib1.final_cell_0422-0
422,1.5743989944458008,human1_lib1.final_cell_0423-0
423,0.6739076972007751,human1_lib1.final_cell_0424-0
424,0.6861794590950012,human1_lib1.final_cell_0425-0
425,1.2367461919784546,human1_lib1.final_cell_0426-0
426,1.9693653583526611,human1_lib1.final_cell_0427-0
427,3.9533021450042725,human1_lib1.final_cell_0428-0
428,1.2849258184432983,human1_lib1.final_cell_0429-0
429,1.1351038217544556,human1_lib1.final_cell_0430-0
430,1.5012375116348267,human1_lib1.final_cell_0431-0
431,1.2359232902526855,human1_lib1.final_cell_0432-0
432,0.5028851628303528,human1_lib1.final_cell_0433-0
433,0.6801442503929138,human1_lib1.final_cell_0434-0
434,0.5805565118789673,human1_lib1.final_cell_0435-0
435,1.0592180490493774,human1_lib1.final_cell_0436-0
436,2.7446112632751465,human1_lib1.final_cell_0437-0
437,0.6022242307662964,human1_lib1.final_cell_0438-0
438,1.5630866289138794,human1_lib1.final_cell_0439-0
439,2.97910737991333,human1_lib1.final_cell_0440-0
440,0.7326983213424683,human1_lib1.final_cell_0441-0
441,0.617042064666748,human1_lib1.final_cell_0442-0
442,1.0016200542449951,human1_lib1.final_cell_0443-0
443,1.2630258798599243,human1_lib1.final_cell_0444-0
444,1.2844511270523071,human1_lib1.final_cell_0445-0
445,0.9009861350059509,human1_lib1.final_cell_0446-0
446,1.26674485206604,human1_lib1.final_cell_0447-0
447,0.6191887259483337,human1_lib1.final_cell_0448-0
448,0.9617050290107727,human1_lib1.final_cell_0449-0
449,1.458647608757019,human1_lib1.final_cell_0450-0
450,0.6478696465492249,human1_lib1.final_cell_0451-0
451,1.4862711429595947,human1_lib1.final_cell_0452-0
452,1.0459163188934326,human1_lib1.final_cell_0453-0
453,1.1840076446533203,human1_lib1.final_cell_0454-0
454,1.3702363967895508,human1_lib1.final_cell_0455-0
455,1.8350765705108643,human1_lib1.final_cell_0456-0
456,1.2055333852767944,human1_lib1.final_cell_0457-0
457,0.6574442982673645,human1_lib1.final_cell_0458-0
458,1.5063958168029785,human1_lib1.final_cell_0459-0
459,1.2832999229431152,human1_lib1.final_cell_0460-0
460,1.0986642837524414,human1_lib1.final_cell_0461-0
461,1.1782729625701904,human1_lib1.final_cell_0462-0
462,1.4301975965499878,human1_lib1.final_cell_0463-0
463,1.4417229890823364,human1_lib1.final_cell_0464-0
464,0.8626565933227539,human1_lib1.final_cell_0465-0
465,1.1620490550994873,human1_lib1.final_cell_0466-0
466,0.7685263156890869,human1_lib1.final_cell_0467-0
467,0.6824727058410645,human1_lib1.final_cell_0468-0
468,0.7015911936759949,human1_lib1.final_cell_0469-0
469,0.7168389558792114,human1_lib1.final_cell_0470-0
470,0.8305308222770691,human1_lib1.final_cell_0471-0
471,1.7223172187805176,human1_lib1.final_cell_0472-0
472,0.8337360620498657,human1_lib1.final_cell_0473-0
473,0.8096444606781006,human1_lib1.final_cell_0474-0
474,0.8880268931388855,human1_lib1.final_cell_0475-0
475,1.6956729888916016,human1_lib1.final_cell_0476-0
476,1.088130235671997,human1_lib1.final_cell_0477-0
477,0.7400228977203369,human1_lib1.final_cell_0478-0
478,1.5106480121612549,human1_lib1.final_cell_0479-0
479,1.0289069414138794,human1_lib1.final_cell_0480-0
480,0.9050970673561096,human1_lib1.final_cell_0481-0
481,0.6551203727722168,human1_lib1.final_cell_0482-0
482,0.606403648853302,human1_lib1.final_cell_0483-0
483,1.2380167245864868,human1_lib1.final_cell_0484-0
484,1.2628870010375977,human1_lib1.final_cell_0485-0
485,1.1532940864562988,human1_lib1.final_cell_0486-0
486,2.102405071258545,human1_lib1.final_cell_0487-0
487,0.9695839285850525,human1_lib1.final_cell_0488-0
488,1.5396833419799805,human1_lib1.final_cell_0489-0
489,1.2530423402786255,human1_lib1.final_cell_0490-0
490,0.5445034503936768,human1_lib1.final_cell_0491-0
491,0.5430589914321899,human1_lib1.final_cell_0492-0
492,1.136061191558838,human1_lib1.final_cell_0493-0
493,0.47432318329811096,human1_lib1.final_cell_0494-0
494,1.8918474912643433,human1_lib1.final_cell_0495-0
495,1.6238961219787598,human1_lib1.final_cell_0496-0
496,1.5894646644592285,human1_lib1.final_cell_0497-0
497,1.6501920223236084,human1_lib1.final_cell_0498-0
498,1.3969637155532837,human1_lib1.final_cell_0499-0
499,1.3968753814697266,human1_lib1.final_cell_0500-0
500,1.0834591388702393,human1_lib1.final_cell_0501-0
501,0.709321141242981,human1_lib1.final_cell_0502-0
502,0.971748411655426,human1_lib1.final_cell_0503-0
503,0.6905853748321533,human1_lib1.final_cell_0504-0
504,1.8770134449005127,human1_lib1.final_cell_0505-0
505,0.4619099795818329,human1_lib1.final_cell_0506-0
506,1.2712575197219849,human1_lib1.final_cell_0507-0
507,1.6966068744659424,human1_lib1.final_cell_0508-0
508,2.008241653442383,human1_lib1.final_cell_0509-0
509,1.384446620941162,human1_lib1.final_cell_0510-0
510,1.5535846948623657,human1_lib1.final_cell_0511-0
511,0.8211469054222107,human1_lib1.final_cell_0512-0
512,1.328797698020935,human1_lib1.final_cell_0513-0
513,0.7920385599136353,human1_lib1.final_cell_0514-0
514,1.2787160873413086,human1_lib1.final_cell_0515-0
515,1.6255563497543335,human1_lib1.final_cell_0516-0
516,0.9780691266059875,human1_lib1.final_cell_0517-0
517,1.0720123052597046,human1_lib1.final_cell_0518-0
518,0.5258104801177979,human1_lib1.final_cell_0519-0
519,1.3500102758407593,human1_lib1.final_cell_0520-0
520,1.3273272514343262,human1_lib1.final_cell_0521-0
521,0.779341459274292,human1_lib1.final_cell_0522-0
522,0.7485143542289734,human1_lib1.final_cell_0523-0
523,1.492827296257019,human1_lib1.final_cell_0524-0
524,1.9365555047988892,human1_lib1.final_cell_0525-0
525,1.3254319429397583,human1_lib1.final_cell_0526-0
526,3.7748045921325684,human1_lib1.final_cell_0527-0
527,0.6170900464057922,human1_lib1.final_cell_0528-0
528,1.133121132850647,human1_lib1.final_cell_0529-0
529,1.2883659601211548,human1_lib1.final_cell_0530-0
530,0.8425508141517639,human1_lib1.final_cell_0531-0
531,1.2955310344696045,human1_lib1.final_cell_0532-0
532,0.9332640767097473,human1_lib1.final_cell_0533-0
533,1.7740657329559326,human1_lib1.final_cell_0534-0
534,0.6930390000343323,human1_lib1.final_cell_0535-0
535,1.6238720417022705,human1_lib1.final_cell_0536-0
536,1.692348599433899,human1_lib1.final_cell_0537-0
537,1.6117749214172363,human1_lib1.final_cell_0538-0
538,0.723127007484436,human1_lib1.final_cell_0539-0
539,1.8547804355621338,human1_lib1.final_cell_0540-0
540,2.41862416267395,human1_lib1.final_cell_0541-0
541,1.6361370086669922,human1_lib1.final_cell_0542-0
542,0.4572834074497223,human1_lib1.final_cell_0543-0
543,2.2146570682525635,human1_lib1.final_cell_0544-0
544,1.3726437091827393,human1_lib1.final_cell_0545-0
545,1.4861403703689575,human1_lib1.final_cell_0546-0
546,0.7070541977882385,human1_lib1.final_cell_0547-0
547,2.184863328933716,human1_lib1.final_cell_0548-0
548,1.2569284439086914,human1_lib1.final_cell_0549-0
549,0.7688784599304199,human1_lib1.final_cell_0550-0
550,1.3959269523620605,human1_lib1.final_cell_0551-0
551,1.4815722703933716,human1_lib1.final_cell_0552-0
552,2.5279855728149414,human1_lib1.final_cell_0553-0
553,1.5785852670669556,human1_lib1.final_cell_0554-0
554,1.5547105073928833,human1_lib1.final_cell_0555-0
555,0.7271052002906799,human1_lib1.final_cell_0556-0
556,1.442753553390503,human1_lib1.final_cell_0557-0
557,1.6716935634613037,human1_lib1.final_cell_0558-0
558,1.5694912672042847,human1_lib1.final_cell_0559-0
559,1.2011823654174805,human1_lib1.final_cell_0560-0
560,2.040813684463501,human1_lib1.final_cell_0561-0
561,2.1106960773468018,human1_lib1.final_cell_0562-0
562,0.6013791561126709,human1_lib1.final_cell_0563-0
563,1.2739033699035645,human1_lib1.final_cell_0564-0
564,1.9363631010055542,human1_lib1.final_cell_0565-0
565,0.6268209218978882,human1_lib1.final_cell_0566-0
566,1.1484147310256958,human1_lib1.final_cell_0567-0
567,0.5555102825164795,human1_lib1.final_cell_0568-0
568,0.8625956177711487,human1_lib2.final_cell_0001-0
569,0.7322829365730286,human1_lib2.final_cell_0002-0
570,0.7737824320793152,human1_lib2.final_cell_0003-0
571,1.686588168144226,human1_lib2.final_cell_0004-0
572,0.868202805519104,human1_lib2.final_cell_0005-0
573,1.3163905143737793,human1_lib2.final_cell_0006-0
574,1.2416768074035645,human1_lib2.final_cell_0007-0
575,0.674497663974762,human1_lib2.final_cell_0008-0
576,1.4123128652572632,human1_lib2.final_cell_0009-0
577,1.3059402704238892,human1_lib2.final_cell_0010-0
578,0.46195459365844727,human1_lib2.final_cell_0011-0
579,0.752229630947113,human1_lib2.final_cell_0012-0
580,0.6462134718894958,human1_lib2.final_cell_0013-0
581,0.6691997647285461,human1_lib2.final_cell_0014-0
582,0.7263582348823547,human1_lib2.final_cell_0015-0
583,1.0398489236831665,human1_lib2.final_cell_0016-0
584,1.057881236076355,human1_lib2.final_cell_0017-0
585,1.0480753183364868,human1_lib2.final_cell_0018-0
586,1.6843631267547607,human1_lib2.final_cell_0019-0
587,0.6980843544006348,human1_lib2.final_cell_0020-0
588,0.706063449382782,human1_lib2.final_cell_0021-0
589,0.8539013862609863,human1_lib2.final_cell_0022-0
590,0.5956640839576721,human1_lib2.final_cell_0023-0
591,3.267590284347534,human1_lib2.final_cell_0024-0
592,0.6319445967674255,human1_lib2.final_cell_0025-0
593,0.6662686467170715,human1_lib2.final_cell_0026-0
594,0.7501541972160339,human1_lib2.final_cell_0027-0
595,0.721750020980835,human1_lib2.final_cell_0028-0
596,0.5488429069519043,human1_lib2.final_cell_0029-0
597,1.3594058752059937,human1_lib2.final_cell_0030-0
598,1.035612940788269,human1_lib2.final_cell_0031-0
599,1.3285115957260132,human1_lib2.final_cell_0032-0
600,0.6198245882987976,human1_lib2.final_cell_0033-0
601,0.8953343033790588,human1_lib2.final_cell_0034-0
602,0.6130346655845642,human1_lib2.final_cell_0035-0
603,0.6527740359306335,human1_lib2.final_cell_0036-0
604,0.6627739667892456,human1_lib2.final_cell_0037-0
605,0.5654019713401794,human1_lib2.final_cell_0038-0
606,0.802851140499115,human1_lib2.final_cell_0039-0
607,0.6455156803131104,human1_lib2.final_cell_0040-0
608,0.6710530519485474,human1_lib2.final_cell_0041-0
609,0.5351160168647766,human1_lib2.final_cell_0042-0
610,0.8902420401573181,human1_lib2.final_cell_0043-0
611,0.6796115040779114,human1_lib2.final_cell_0044-0
612,2.4534003734588623,human1_lib2.final_cell_0045-0
613,1.340011715888977,human1_lib2.final_cell_0046-0
614,0.8852677345275879,human1_lib2.final_cell_0047-0
615,0.8182495832443237,human1_lib2.final_cell_0048-0
616,0.473612517118454,human1_lib2.final_cell_0049-0
617,0.722554087638855,human1_lib2.final_cell_0050-0
618,0.561664879322052,human1_lib2.final_cell_0051-0
619,0.5524709820747375,human1_lib2.final_cell_0052-0
620,0.5788612961769104,human1_lib2.final_cell_0053-0
621,0.8290380239486694,human1_lib2.final_cell_0054-0
622,0.6684990525245667,human1_lib2.final_cell_0055-0
623,0.9496455192565918,human1_lib2.final_cell_0056-0
624,0.6726722121238708,human1_lib2.final_cell_0057-0
625,0.7398746013641357,human1_lib2.final_cell_0058-0
626,1.2560514211654663,human1_lib2.final_cell_0059-0
627,0.5282436013221741,human1_lib2.final_cell_0060-0
628,0.5769766569137573,human1_lib2.final_cell_0061-0
629,0.7849302887916565,human1_lib2.final_cell_0062-0
630,0.6471121311187744,human1_lib2.final_cell_0063-0
631,0.7650754451751709,human1_lib2.final_cell_0064-0
632,0.5350953936576843,human1_lib2.final_cell_0065-0
633,1.67214834690094,human1_lib2.final_cell_0066-0
634,1.1722259521484375,human1_lib2.final_cell_0067-0
635,0.6205752491950989,human1_lib2.final_cell_0068-0
636,0.9266940355300903,human1_lib2.final_cell_0069-0
637,0.7589776515960693,human1_lib2.final_cell_0070-0
638,0.646936297416687,human1_lib2.final_cell_0071-0
639,1.4929858446121216,human1_lib2.final_cell_0072-0
640,0.5992433428764343,human1_lib2.final_cell_0073-0
641,0.7243596911430359,human1_lib2.final_cell_0074-0
642,0.5161588788032532,human1_lib2.final_cell_0075-0
643,0.8045375347137451,human1_lib2.final_cell_0076-0
644,0.782366931438446,human1_lib2.final_cell_0077-0
645,0.772320032119751,human1_lib2.final_cell_0078-0
646,0.7599658966064453,human1_lib2.final_cell_0079-0
647,1.0024232864379883,human1_lib2.final_cell_0080-0
648,0.6695988774299622,human1_lib2.final_cell_0081-0
649,0.8129217624664307,human1_lib2.final_cell_0082-0
650,0.5317161679267883,human1_lib2.final_cell_0083-0
651,0.5570119023323059,human1_lib2.final_cell_0084-0
652,0.5581080913543701,human1_lib2.final_cell_0085-0
653,0.6795909404754639,human1_lib2.final_cell_0086-0
654,1.0397720336914062,human1_lib2.final_cell_0087-0
655,0.9085033535957336,human1_lib2.final_cell_0088-0
656,0.7448139786720276,human1_lib2.final_cell_0089-0
657,0.7411507964134216,human1_lib2.final_cell_0090-0
658,0.5690030455589294,human1_lib2.final_cell_0091-0
659,0.5242257118225098,human1_lib2.final_cell_0092-0
660,2.232104778289795,human1_lib2.final_cell_0093-0
661,1.1166391372680664,human1_lib2.final_cell_0094-0
662,0.7375963926315308,human1_lib2.final_cell_0095-0
663,0.6372882723808289,human1_lib2.final_cell_0096-0
664,0.9219330549240112,human1_lib2.final_cell_0097-0
665,0.624668300151825,human1_lib2.final_cell_0098-0
666,1.0966403484344482,human1_lib2.final_cell_0099-0
667,0.7254258394241333,human1_lib2.final_cell_0100-0
668,0.8210175037384033,human1_lib2.final_cell_0101-0
669,0.7488433122634888,human1_lib2.final_cell_0102-0
670,1.1286911964416504,human1_lib2.final_cell_0103-0
671,0.6648130416870117,human1_lib2.final_cell_0104-0
672,0.7563994526863098,human1_lib2.final_cell_0105-0
673,0.978731632232666,human1_lib2.final_cell_0106-0
674,0.6121328473091125,human1_lib2.final_cell_0107-0
675,0.5621255040168762,human1_lib2.final_cell_0108-0
676,0.6289575695991516,human1_lib2.final_cell_0109-0
677,0.8634825944900513,human1_lib2.final_cell_0110-0
678,1.3416744470596313,human1_lib2.final_cell_0111-0
679,1.0997071266174316,human1_lib2.final_cell_0112-0
680,1.234822392463684,human1_lib2.final_cell_0113-0
681,0.5533958077430725,human1_lib2.final_cell_0114-0
682,0.6065134406089783,human1_lib2.final_cell_0115-0
683,0.8025599718093872,human1_lib2.final_cell_0116-0
684,0.9236477017402649,human1_lib2.final_cell_0117-0
685,0.5600734353065491,human1_lib2.final_cell_0118-0
686,0.779971718788147,human1_lib2.final_cell_0119-0
687,0.6281765699386597,human1_lib2.final_cell_0120-0
688,2.4291207790374756,human1_lib2.final_cell_0121-0
689,1.1799800395965576,human1_lib2.final_cell_0122-0
690,0.5208079218864441,human1_lib2.final_cell_0123-0
691,1.2577470541000366,human1_lib2.final_cell_0124-0
692,1.2401525974273682,human1_lib2.final_cell_0125-0
693,1.3203598260879517,human1_lib2.final_cell_0126-0
694,0.8809335827827454,human1_lib2.final_cell_0127-0
695,1.0688495635986328,human1_lib2.final_cell_0128-0
696,0.7426509857177734,human1_lib2.final_cell_0129-0
697,1.2422990798950195,human1_lib2.final_cell_0130-0
698,0.4799269437789917,human1_lib2.final_cell_0131-0
699,0.6089721918106079,human1_lib2.final_cell_0132-0
700,0.711428701877594,human1_lib2.final_cell_0133-0
701,0.723554790019989,human1_lib2.final_cell_0134-0
702,0.616091251373291,human1_lib2.final_cell_0135-0
703,0.6921892166137695,human1_lib2.final_cell_0136-0
704,0.7852221131324768,human1_lib2.final_cell_0137-0
705,1.6907248497009277,human1_lib2.final_cell_0138-0
706,1.031846046447754,human1_lib2.final_cell_0139-0
707,1.369643211364746,human1_lib2.final_cell_0140-0
708,0.5808068513870239,human1_lib2.final_cell_0141-0
709,0.5943161249160767,human1_lib2.final_cell_0142-0
710,0.7188654541969299,human1_lib2.final_cell_0143-0
711,0.8984230160713196,human1_lib2.final_cell_0144-0
712,1.293877363204956,human1_lib2.final_cell_0145-0
713,0.5878728628158569,human1_lib2.final_cell_0146-0
714,0.6173118948936462,human1_lib2.final_cell_0147-0
715,1.470563292503357,human1_lib2.final_cell_0148-0
716,2.616893768310547,human1_lib2.final_cell_0149-0
717,0.6953548789024353,human1_lib2.final_cell_0150-0
718,0.8348972201347351,human1_lib2.final_cell_0151-0
719,0.6657900810241699,human1_lib2.final_cell_0152-0
720,0.6800526976585388,human1_lib2.final_cell_0153-0
721,1.0212154388427734,human1_lib2.final_cell_0154-0
722,0.7589703798294067,human1_lib2.final_cell_0155-0
723,0.6643624901771545,human1_lib2.final_cell_0156-0
724,1.3819198608398438,human1_lib2.final_cell_0157-0
725,0.7217397093772888,human1_lib2.final_cell_0158-0
726,0.6846350431442261,human1_lib2.final_cell_0159-0
727,1.1937382221221924,human1_lib2.final_cell_0160-0
728,0.561738133430481,human1_lib2.final_cell_0161-0
729,0.6978297233581543,human1_lib2.final_cell_0162-0
730,0.5638372302055359,human1_lib2.final_cell_0163-0
731,0.5564584136009216,human1_lib2.final_cell_0164-0
732,1.2607431411743164,human1_lib2.final_cell_0165-0
733,0.7556666731834412,human1_lib2.final_cell_0166-0
734,0.7277427911758423,human1_lib2.final_cell_0167-0
735,0.572573184967041,human1_lib2.final_cell_0168-0
736,0.6484938859939575,human1_lib2.final_cell_0169-0
737,0.7634809613227844,human1_lib2.final_cell_0170-0
738,0.6492739915847778,human1_lib2.final_cell_0171-0
739,0.651669442653656,human1_lib2.final_cell_0172-0
740,1.1996111869812012,human1_lib2.final_cell_0173-0
741,0.45063310861587524,human1_lib2.final_cell_0174-0
742,1.3703088760375977,human1_lib2.final_cell_0175-0
743,0.8569685816764832,human1_lib2.final_cell_0176-0
744,0.7623646855354309,human1_lib2.final_cell_0177-0
745,1.5087767839431763,human1_lib2.final_cell_0178-0
746,1.703445315361023,human1_lib2.final_cell_0179-0
747,0.5800264477729797,human1_lib2.final_cell_0180-0
748,0.5967744588851929,human1_lib2.final_cell_0181-0
749,4.362940311431885,human1_lib2.final_cell_0182-0
750,0.8668982982635498,human1_lib2.final_cell_0183-0
751,0.8605222105979919,human1_lib2.final_cell_0184-0
752,0.7273708581924438,human1_lib2.final_cell_0185-0
753,0.45844388008117676,human1_lib2.final_cell_0186-0
754,0.8875278234481812,human1_lib2.final_cell_0187-0
755,0.6051164865493774,human1_lib2.final_cell_0188-0
756,0.9750179648399353,human1_lib2.final_cell_0189-0
757,0.6800371408462524,human1_lib2.final_cell_0190-0
758,0.6474146246910095,human1_lib2.final_cell_0191-0
759,0.6122792959213257,human1_lib2.final_cell_0192-0
760,0.6803386211395264,human1_lib2.final_cell_0193-0
761,1.4234439134597778,human1_lib2.final_cell_0194-0
762,0.5720705986022949,human1_lib2.final_cell_0195-0
763,0.687324047088623,human1_lib2.final_cell_0196-0
764,0.5974488258361816,human1_lib2.final_cell_0197-0
765,0.5734497308731079,human1_lib2.final_cell_0198-0
766,0.9504153728485107,human1_lib2.final_cell_0199-0
767,0.6069088578224182,human1_lib2.final_cell_0200-0
768,0.9404072165489197,human1_lib2.final_cell_0201-0
769,1.516696810722351,human1_lib2.final_cell_0202-0
770,0.6748640537261963,human1_lib2.final_cell_0203-0
771,0.6285078525543213,human1_lib2.final_cell_0204-0
772,0.8368367552757263,human1_lib2.final_cell_0205-0
773,1.2836480140686035,human1_lib2.final_cell_0206-0
774,0.6922310590744019,human1_lib2.final_cell_0207-0
775,0.5978533029556274,human1_lib2.final_cell_0208-0
776,1.4309778213500977,human1_lib2.final_cell_0209-0
777,0.728590190410614,human1_lib2.final_cell_0210-0
778,0.7099046111106873,human1_lib2.final_cell_0211-0
779,1.3559648990631104,human1_lib2.final_cell_0212-0
780,0.8523733615875244,human1_lib2.final_cell_0213-0
781,0.9200406074523926,human1_lib2.final_cell_0214-0
782,0.6376775503158569,human1_lib2.final_cell_0215-0
783,0.5676400661468506,human1_lib2.final_cell_0216-0
784,1.1825437545776367,human1_lib2.final_cell_0217-0
785,1.389636754989624,human1_lib2.final_cell_0218-0
786,1.4065064191818237,human1_lib2.final_cell_0219-0
787,0.4832444489002228,human1_lib2.final_cell_0220-0
788,0.6385858654975891,human1_lib2.final_cell_0221-0
789,0.7195960283279419,human1_lib2.final_cell_0222-0
790,1.6349761486053467,human1_lib2.final_cell_0223-0
791,0.4957687556743622,human1_lib2.final_cell_0224-0
792,1.0392402410507202,human1_lib2.final_cell_0225-0
793,1.8277136087417603,human1_lib2.final_cell_0226-0
794,0.9959514737129211,human1_lib2.final_cell_0227-0
795,0.6004163026809692,human1_lib2.final_cell_0228-0
796,0.5891058444976807,human1_lib2.final_cell_0229-0
797,0.6374638080596924,human1_lib2.final_cell_0230-0
798,0.7967402338981628,human1_lib2.final_cell_0231-0
799,2.1009867191314697,human1_lib2.final_cell_0232-0
800,1.3156481981277466,human1_lib2.final_cell_0233-0
801,0.6089827418327332,human1_lib2.final_cell_0234-0
802,0.9982035160064697,human1_lib2.final_cell_0235-0
803,0.5980412364006042,human1_lib2.final_cell_0236-0
804,0.5483424067497253,human1_lib2.final_cell_0237-0
805,0.8832976222038269,human1_lib2.final_cell_0238-0
806,0.7980509400367737,human1_lib2.final_cell_0239-0
807,1.4145841598510742,human1_lib2.final_cell_0240-0
808,2.5678927898406982,human1_lib2.final_cell_0241-0
809,0.5795807838439941,human1_lib2.final_cell_0242-0
810,0.7154691219329834,human1_lib2.final_cell_0243-0
811,0.6182485222816467,human1_lib2.final_cell_0244-0
812,0.5397660136222839,human1_lib2.final_cell_0245-0
813,0.8114885091781616,human1_lib2.final_cell_0246-0
814,0.4894178807735443,human1_lib2.final_cell_0247-0
815,0.4756140410900116,human1_lib2.final_cell_0248-0
816,1.3050013780593872,human1_lib2.final_cell_0249-0
817,0.5450546741485596,human1_lib2.final_cell_0250-0
818,1.1236400604248047,human1_lib2.final_cell_0251-0
819,1.738150954246521,human1_lib2.final_cell_0252-0
820,0.5290237069129944,human1_lib2.final_cell_0253-0
821,1.9010940790176392,human1_lib2.final_cell_0254-0
822,0.5736079812049866,human1_lib2.final_cell_0255-0
823,0.6267119646072388,human1_lib2.final_cell_0256-0
824,3.4941134452819824,human1_lib2.final_cell_0257-0
825,0.9728320837020874,human1_lib2.final_cell_0258-0
826,1.660245418548584,human1_lib2.final_cell_0259-0
827,0.7613877654075623,human1_lib2.final_cell_0260-0
828,0.5659658908843994,human1_lib2.final_cell_0261-0
829,0.4733489453792572,human1_lib2.final_cell_0262-0
830,0.6703824400901794,human1_lib2.final_cell_0263-0
831,1.2260100841522217,human1_lib2.final_cell_0264-0
832,0.7214769721031189,human1_lib2.final_cell_0265-0
833,0.637505292892456,human1_lib2.final_cell_0266-0
834,0.5835890769958496,human1_lib2.final_cell_0267-0
835,1.0594686269760132,human1_lib2.final_cell_0268-0
836,0.777765691280365,human1_lib2.final_cell_0269-0
837,1.3957300186157227,human1_lib2.final_cell_0270-0
838,0.7093696594238281,human1_lib2.final_cell_0271-0
839,6.627321243286133,human1_lib2.final_cell_0272-0
840,0.9251664280891418,human1_lib2.final_cell_0273-0
841,0.7614687085151672,human1_lib2.final_cell_0274-0
842,0.5645908713340759,human1_lib2.final_cell_0275-0
843,0.8494086265563965,human1_lib2.final_cell_0276-0
844,0.9598004817962646,human1_lib2.final_cell_0277-0
845,1.1406283378601074,human1_lib2.final_cell_0278-0
846,0.7099179625511169,human1_lib2.final_cell_0279-0
847,0.7231205701828003,human1_lib2.final_cell_0280-0
848,0.6919117569923401,human1_lib2.final_cell_0281-0
849,0.7480374574661255,human1_lib2.final_cell_0282-0
850,0.5922240018844604,human1_lib2.final_cell_0283-0
851,0.4608089029788971,human1_lib2.final_cell_0284-0
852,0.5604862570762634,human1_lib2.final_cell_0285-0
853,0.8032553791999817,human1_lib2.final_cell_0286-0
854,2.2887537479400635,human1_lib2.final_cell_0287-0
855,1.27956223487854,human1_lib2.final_cell_0288-0
856,1.365064263343811,human1_lib2.final_cell_0289-0
857,1.121199131011963,human1_lib2.final_cell_0290-0
858,0.47733429074287415,human1_lib2.final_cell_0291-0
859,0.9136602878570557,human1_lib2.final_cell_0292-0
860,2.1854350566864014,human1_lib2.final_cell_0293-0
861,0.512009859085083,human1_lib2.final_cell_0294-0
862,0.9883047342300415,human1_lib2.final_cell_0295-0
863,0.4707241356372833,human1_lib2.final_cell_0296-0
864,0.6214507222175598,human1_lib2.final_cell_0297-0
865,0.5019314885139465,human1_lib2.final_cell_0298-0
866,1.1860536336898804,human1_lib2.final_cell_0299-0
867,0.5678769946098328,human1_lib2.final_cell_0300-0
868,0.46403586864471436,human1_lib2.final_cell_0301-0
869,0.504546046257019,human1_lib2.final_cell_0302-0
870,2.6542162895202637,human1_lib2.final_cell_0303-0
871,0.4567260444164276,human1_lib2.final_cell_0304-0
872,1.0410571098327637,human1_lib2.final_cell_0305-0
873,0.5970041155815125,human1_lib2.final_cell_0306-0
874,1.438549518585205,human1_lib2.final_cell_0307-0
875,1.0273594856262207,human1_lib2.final_cell_0308-0
876,1.4509702920913696,human1_lib2.final_cell_0309-0
877,0.815557062625885,human1_lib2.final_cell_0310-0
878,0.5689494013786316,human1_lib2.final_cell_0311-0
879,0.5175420641899109,human1_lib2.final_cell_0312-0
880,2.4831058979034424,human1_lib2.final_cell_0313-0
881,0.5517035126686096,human1_lib2.final_cell_0314-0
882,2.544257640838623,human1_lib2.final_cell_0315-0
883,0.7833280563354492,human1_lib2.final_cell_0316-0
884,0.5858594179153442,human1_lib2.final_cell_0317-0
885,1.1377570629119873,human1_lib2.final_cell_0318-0
886,0.9863610863685608,human1_lib2.final_cell_0319-0
887,1.8193341493606567,human1_lib2.final_cell_0320-0
888,0.9744470715522766,human1_lib2.final_cell_0321-0
889,0.7584346532821655,human1_lib2.final_cell_0322-0
890,0.6048116683959961,human1_lib2.final_cell_0323-0
891,2.089714527130127,human1_lib2.final_cell_0324-0
892,0.9944929480552673,human1_lib2.final_cell_0325-0
893,1.0199635028839111,human1_lib2.final_cell_0326-0
894,1.5541218519210815,human1_lib2.final_cell_0327-0
895,0.6152306199073792,human1_lib2.final_cell_0328-0
896,0.6069211959838867,human1_lib2.final_cell_0329-0
897,1.0174967050552368,human1_lib2.final_cell_0330-0
898,0.6026769280433655,human1_lib2.final_cell_0331-0
899,1.0564225912094116,human1_lib2.final_cell_0332-0
900,0.9448351263999939,human1_lib2.final_cell_0333-0
901,1.3491238355636597,human1_lib2.final_cell_0334-0
902,0.961837887763977,human1_lib2.final_cell_0335-0
903,0.965879499912262,human1_lib2.final_cell_0336-0
904,1.4193540811538696,human1_lib2.final_cell_0337-0
905,0.6986601948738098,human1_lib2.final_cell_0338-0
906,0.5096012949943542,human1_lib2.final_cell_0339-0
907,1.2891510725021362,human1_lib2.final_cell_0340-0
908,0.4813380241394043,human1_lib2.final_cell_0341-0
909,0.8824176788330078,human1_lib2.final_cell_0342-0
910,2.703577756881714,human1_lib2.final_cell_0343-0
911,1.3350343704223633,human1_lib2.final_cell_0344-0
912,0.7687037587165833,human1_lib2.final_cell_0345-0
913,2.053105354309082,human1_lib2.final_cell_0346-0
914,0.8839766383171082,human1_lib2.final_cell_0347-0
915,0.5711498260498047,human1_lib2.final_cell_0348-0
916,0.4562215209007263,human1_lib2.final_cell_0349-0
917,1.0608617067337036,human1_lib2.final_cell_0350-0
918,0.47025781869888306,human1_lib2.final_cell_0351-0
919,0.888283371925354,human1_lib2.final_cell_0352-0
920,0.8995320796966553,human1_lib2.final_cell_0353-0
921,1.3375208377838135,human1_lib2.final_cell_0354-0
922,0.6946119666099548,human1_lib2.final_cell_0355-0
923,0.674717128276825,human1_lib2.final_cell_0356-0
924,0.6054113507270813,human1_lib2.final_cell_0357-0
925,0.6776344776153564,human1_lib2.final_cell_0358-0
926,1.7074401378631592,human1_lib2.final_cell_0359-0
927,2.446707010269165,human1_lib2.final_cell_0360-0
928,0.798963725566864,human1_lib2.final_cell_0361-0
929,0.6887626647949219,human1_lib2.final_cell_0362-0
930,0.7929248213768005,human1_lib2.final_cell_0363-0
931,1.6070159673690796,human1_lib2.final_cell_0364-0
932,1.0619293451309204,human1_lib2.final_cell_0365-0
933,0.7219228148460388,human1_lib2.final_cell_0366-0
934,0.7835947871208191,human1_lib2.final_cell_0367-0
935,1.571714997291565,human1_lib2.final_cell_0368-0
936,0.5488957166671753,human1_lib2.final_cell_0369-0
937,0.8819844722747803,human1_lib2.final_cell_0370-0
938,0.48992374539375305,human1_lib2.final_cell_0371-0
939,1.2256006002426147,human1_lib2.final_cell_0372-0
940,1.286259651184082,human1_lib2.final_cell_0373-0
941,1.841641902923584,human1_lib2.final_cell_0374-0
942,1.1777713298797607,human1_lib2.final_cell_0375-0
943,0.5701701045036316,human1_lib2.final_cell_0376-0
944,1.1217172145843506,human1_lib2.final_cell_0377-0
945,0.5101597309112549,human1_lib2.final_cell_0378-0
946,1.2572236061096191,human1_lib2.final_cell_0379-0
947,2.4993724822998047,human1_lib2.final_cell_0380-0
948,0.7618351578712463,human1_lib2.final_cell_0381-0
949,1.0616304874420166,human1_lib2.final_cell_0382-0
950,0.7375125885009766,human1_lib2.final_cell_0383-0
951,0.6463209390640259,human1_lib2.final_cell_0384-0
952,0.8418759107589722,human1_lib2.final_cell_0385-0
953,0.48879021406173706,human1_lib2.final_cell_0386-0
954,0.8814321756362915,human1_lib2.final_cell_0387-0
955,0.749169111251831,human1_lib2.final_cell_0388-0
956,2.380643606185913,human1_lib2.final_cell_0389-0
957,0.5629648566246033,human1_lib2.final_cell_0390-0
958,0.5653656721115112,human1_lib2.final_cell_0391-0
959,1.2174919843673706,human1_lib2.final_cell_0392-0
960,1.7156051397323608,human1_lib2.final_cell_0393-0
961,1.0721157789230347,human1_lib2.final_cell_0394-0
962,1.135926604270935,human1_lib2.final_cell_0395-0
963,2.3270773887634277,human1_lib2.final_cell_0396-0
964,0.8065822124481201,human1_lib2.final_cell_0397-0
965,0.6270764470100403,human1_lib2.final_cell_0398-0
966,0.4837630093097687,human1_lib2.final_cell_0399-0
967,0.5840380787849426,human1_lib2.final_cell_0400-0
968,0.7819953560829163,human1_lib2.final_cell_0401-0
969,1.2236734628677368,human1_lib2.final_cell_0402-0
970,0.6021618843078613,human1_lib2.final_cell_0403-0
971,1.0311213731765747,human1_lib2.final_cell_0404-0
972,0.8312298655509949,human1_lib2.final_cell_0405-0
973,0.6359497308731079,human1_lib2.final_cell_0406-0
974,0.6450254321098328,human1_lib2.final_cell_0407-0
975,1.423505425453186,human1_lib2.final_cell_0408-0
976,0.46913015842437744,human1_lib2.final_cell_0409-0
977,0.6771267056465149,human1_lib2.final_cell_0410-0
978,1.5409929752349854,human1_lib2.final_cell_0411-0
979,1.1389858722686768,human1_lib2.final_cell_0412-0
980,0.7525016069412231,human1_lib2.final_cell_0413-0
981,0.6048504710197449,human1_lib2.final_cell_0414-0
982,0.7809523940086365,human1_lib2.final_cell_0415-0
983,0.8127774000167847,human1_lib2.final_cell_0416-0
984,1.374143123626709,human1_lib2.final_cell_0417-0
985,1.6538530588150024,human1_lib2.final_cell_0418-0
986,1.1256334781646729,human1_lib2.final_cell_0419-0
987,1.3465605974197388,human1_lib2.final_cell_0420-0
988,1.1926182508468628,human1_lib2.final_cell_0421-0
989,1.3662219047546387,human1_lib2.final_cell_0422-0
990,0.7960898876190186,human1_lib2.final_cell_0423-0
991,1.4356197118759155,human1_lib2.final_cell_0424-0
992,1.7431294918060303,human1_lib2.final_cell_0425-0
993,0.5332542657852173,human1_lib2.final_cell_0426-0
994,0.5662040114402771,human1_lib2.final_cell_0427-0
995,1.1859025955200195,human1_lib2.final_cell_0428-0
996,0.8627434372901917,human1_lib2.final_cell_0429-0
997,3.4967939853668213,human1_lib2.final_cell_0430-0
998,2.8799800872802734,human1_lib2.final_cell_0431-0
999,0.49154266715049744,human1_lib2.final_cell_0432-0
1000,0.6068412661552429,human1_lib2.final_cell_0433-0
1001,0.7377350330352783,human1_lib2.final_cell_0434-0
1002,0.5198125243186951,human1_lib2.final_cell_0435-0
1003,0.9916359186172485,human1_lib2.final_cell_0436-0
1004,1.463455319404602,human1_lib2.final_cell_0437-0
1005,0.6853427290916443,human1_lib2.final_cell_0438-0
1006,0.5876692533493042,human1_lib2.final_cell_0439-0
1007,0.6645770072937012,human1_lib2.final_cell_0440-0
1008,2.5990490913391113,human1_lib2.final_cell_0441-0
1009,0.7935803532600403,human1_lib2.final_cell_0442-0
1010,0.8689175248146057,human1_lib2.final_cell_0443-0
1011,1.0582051277160645,human1_lib2.final_cell_0444-0
1012,1.943124532699585,human1_lib2.final_cell_0445-0
1013,0.7130123376846313,human1_lib2.final_cell_0446-0
1014,0.6990053057670593,human1_lib2.final_cell_0447-0
1015,1.4084017276763916,human1_lib2.final_cell_0448-0
1016,1.0701267719268799,human1_lib2.final_cell_0449-0
1017,0.7450222373008728,human1_lib2.final_cell_0450-0
1018,6.711997032165527,human1_lib2.final_cell_0451-0
1019,1.696556568145752,human1_lib2.final_cell_0452-0
1020,1.2177324295043945,human1_lib2.final_cell_0453-0
1021,0.6694924235343933,human1_lib2.final_cell_0454-0
1022,1.1202164888381958,human1_lib2.final_cell_0455-0
1023,1.2367217540740967,human1_lib2.final_cell_0456-0
1024,0.5216080546379089,human1_lib2.final_cell_0457-0
1025,1.1863322257995605,human1_lib2.final_cell_0458-0
1026,0.7091241478919983,human1_lib2.final_cell_0459-0
1027,1.8685555458068848,human1_lib2.final_cell_0460-0
1028,1.2087757587432861,human1_lib2.final_cell_0461-0
1029,1.4907828569412231,human1_lib2.final_cell_0462-0
1030,1.2320340871810913,human1_lib2.final_cell_0463-0
1031,0.7457172870635986,human1_lib2.final_cell_0464-0
1032,2.858794689178467,human1_lib2.final_cell_0465-0
1033,1.421924352645874,human1_lib2.final_cell_0466-0
1034,1.4056559801101685,human1_lib2.final_cell_0467-0
1035,0.9992266297340393,human1_lib2.final_cell_0468-0
1036,1.8099446296691895,human1_lib2.final_cell_0469-0
1037,1.7227426767349243,human1_lib2.final_cell_0470-0
1038,1.2381536960601807,human1_lib2.final_cell_0471-0
1039,1.71689772605896,human1_lib2.final_cell_0472-0
1040,0.733441174030304,human1_lib2.final_cell_0473-0
1041,1.6483193635940552,human1_lib2.final_cell_0474-0
1042,1.4518812894821167,human1_lib2.final_cell_0475-0
1043,1.5419031381607056,human1_lib2.final_cell_0476-0
1044,0.9033740758895874,human1_lib2.final_cell_0477-0
1045,3.3996524810791016,human1_lib2.final_cell_0478-0
1046,0.6601929068565369,human1_lib2.final_cell_0479-0
1047,0.582779586315155,human1_lib2.final_cell_0480-0
1048,0.5890055894851685,human1_lib2.final_cell_0481-0
1049,0.5342317819595337,human1_lib2.final_cell_0482-0
1050,1.8461461067199707,human1_lib2.final_cell_0483-0
1051,2.771700143814087,human1_lib2.final_cell_0484-0
1052,1.7016521692276,human1_lib2.final_cell_0485-0
1053,0.5523084998130798,human1_lib2.final_cell_0486-0
1054,1.4515615701675415,human1_lib2.final_cell_0487-0
1055,1.7380155324935913,human1_lib2.final_cell_0488-0
1056,0.626732587814331,human1_lib2.final_cell_0489-0
1057,1.9292709827423096,human1_lib2.final_cell_0490-0
1058,1.266772985458374,human1_lib2.final_cell_0491-0
1059,0.5068070888519287,human1_lib2.final_cell_0492-0
1060,1.7326877117156982,human1_lib2.final_cell_0493-0
1061,1.3497943878173828,human1_lib2.final_cell_0494-0
1062,0.6476470828056335,human1_lib2.final_cell_0495-0
1063,1.474205493927002,human1_lib2.final_cell_0496-0
1064,1.8614915609359741,human1_lib2.final_cell_0497-0
1065,0.7011592984199524,human1_lib2.final_cell_0498-0
1066,2.580598831176758,human1_lib2.final_cell_0499-0
1067,1.67159903049469,human1_lib2.final_cell_0500-0
1068,1.2545875310897827,human1_lib2.final_cell_0501-0
1069,0.7021452188491821,human1_lib2.final_cell_0502-0
1070,0.6598089337348938,human1_lib2.final_cell_0503-0
1071,0.6314687132835388,human1_lib2.final_cell_0504-0
1072,1.4769017696380615,human1_lib2.final_cell_0505-0
1073,1.003669261932373,human1_lib2.final_cell_0506-0
1074,1.5133967399597168,human1_lib2.final_cell_0507-0
1075,0.9668038487434387,human1_lib2.final_cell_0508-0
1076,0.7315383553504944,human1_lib2.final_cell_0509-0
1077,1.9524543285369873,human1_lib2.final_cell_0510-0
1078,0.4728795886039734,human1_lib2.final_cell_0511-0
1079,0.9655345678329468,human1_lib2.final_cell_0512-0
1080,1.409632921218872,human1_lib2.final_cell_0513-0
1081,1.0679880380630493,human1_lib2.final_cell_0514-0
1082,0.8100250959396362,human1_lib2.final_cell_0515-0
1083,1.4902070760726929,human1_lib2.final_cell_0516-0
1084,1.2538586854934692,human1_lib2.final_cell_0517-0
1085,1.851305603981018,human1_lib2.final_cell_0518-0
1086,1.4497243165969849,human1_lib2.final_cell_0519-0
1087,1.699751615524292,human1_lib2.final_cell_0520-0
1088,1.6839148998260498,human1_lib2.final_cell_0521-0
1089,0.6811966300010681,human1_lib2.final_cell_0522-0
1090,2.076007604598999,human1_lib2.final_cell_0523-0
1091,0.9735112190246582,human1_lib2.final_cell_0524-0
1092,1.0522775650024414,human1_lib2.final_cell_0525-0
1093,1.4444597959518433,human1_lib2.final_cell_0526-0
1094,0.4597044289112091,human1_lib2.final_cell_0527-0
1095,1.444257140159607,human1_lib2.final_cell_0528-0
1096,0.6657400727272034,human1_lib2.final_cell_0529-0
1097,1.588474154472351,human1_lib2.final_cell_0530-0
1098,1.056003212928772,human1_lib2.final_cell_0531-0
1099,2.7635416984558105,human1_lib2.final_cell_0532-0
1100,1.0424022674560547,human1_lib2.final_cell_0533-0
1101,1.5951030254364014,human1_lib2.final_cell_0534-0
1102,1.7120810747146606,human1_lib2.final_cell_0535-0
1103,0.9045692086219788,human1_lib2.final_cell_0536-0
1104,1.2111320495605469,human1_lib2.final_cell_0537-0
1105,0.5934908390045166,human1_lib2.final_cell_0538-0
1106,1.8996275663375854,human1_lib2.final_cell_0539-0
1107,0.9686418175697327,human1_lib2.final_cell_0540-0
1108,0.9300995469093323,human1_lib2.final_cell_0541-0
1109,1.4187202453613281,human1_lib2.final_cell_0542-0
1110,0.4775492548942566,human1_lib2.final_cell_0543-0
1111,6.739036560058594,human1_lib2.final_cell_0544-0
1112,0.6501196622848511,human1_lib2.final_cell_0545-0
1113,0.6912992000579834,human1_lib2.final_cell_0546-0
1114,1.4691747426986694,human1_lib2.final_cell_0547-0
1115,0.7659921050071716,human1_lib2.final_cell_0548-0
1116,1.3842337131500244,human1_lib2.final_cell_0549-0
1117,1.386705756187439,human1_lib2.final_cell_0550-0
1118,0.5586267709732056,human1_lib2.final_cell_0551-0
1119,3.587923765182495,human1_lib2.final_cell_0552-0
1120,0.6505754590034485,human1_lib2.final_cell_0553-0
1121,1.3455164432525635,human1_lib2.final_cell_0554-0
1122,1.3873741626739502,human1_lib2.final_cell_0555-0
1123,0.8151343464851379,human1_lib2.final_cell_0556-0
1124,2.0351638793945312,human1_lib2.final_cell_0557-0
1125,0.7101475596427917,human1_lib2.final_cell_0558-0
1126,1.4110162258148193,human1_lib2.final_cell_0559-0
1127,0.8193840980529785,human1_lib2.final_cell_0560-0
1128,0.5249611735343933,human1_lib2.final_cell_0561-0
1129,1.4757521152496338,human1_lib2.final_cell_0562-0
1130,1.4487762451171875,human1_lib2.final_cell_0563-0
1131,0.6335395574569702,human1_lib2.final_cell_0564-0
1132,0.464985728263855,human1_lib2.final_cell_0565-0
1133,1.2956973314285278,human1_lib2.final_cell_0566-0
1134,1.348205804824829,human1_lib2.final_cell_0567-0
1135,1.4707918167114258,human1_lib2.final_cell_0568-0
1136,1.6468992233276367,human1_lib2.final_cell_0569-0
1137,1.7884141206741333,human1_lib2.final_cell_0570-0
1138,1.6511729955673218,human1_lib2.final_cell_0571-0
1139,0.9323898553848267,human1_lib2.final_cell_0572-0
1140,1.7903149127960205,human1_lib2.final_cell_0573-0
1141,1.302164912223816,human1_lib2.final_cell_0574-0
1142,1.3207858800888062,human1_lib2.final_cell_0575-0
1143,1.1759544610977173,human1_lib2.final_cell_0576-0
1144,1.5746277570724487,human1_lib2.final_cell_0577-0
1145,1.284942865371704,human1_lib2.final_cell_0578-0
1146,0.7052597403526306,human1_lib2.final_cell_0579-0
1147,1.3902300596237183,human1_lib2.final_cell_0580-0
1148,0.6392906308174133,human1_lib2.final_cell_0581-0
1149,0.6209567189216614,human1_lib2.final_cell_0582-0
1150,1.3243725299835205,human1_lib2.final_cell_0583-0
1151,2.158231019973755,human1_lib2.final_cell_0584-0
1152,0.6340824365615845,human1_lib2.final_cell_0585-0
1153,1.5713919401168823,human1_lib2.final_cell_0586-0
1154,1.5974935293197632,human1_lib2.final_cell_0587-0
1155,0.8093592524528503,human1_lib2.final_cell_0588-0
1156,1.2244656085968018,human1_lib2.final_cell_0589-0
1157,1.4347617626190186,human1_lib2.final_cell_0590-0
1158,0.5044828057289124,human1_lib2.final_cell_0591-0
1159,1.3820717334747314,human1_lib2.final_cell_0592-0
1160,1.6946535110473633,human1_lib2.final_cell_0593-0
1161,1.4604305028915405,human1_lib2.final_cell_0594-0
1162,1.6157382726669312,human1_lib2.final_cell_0595-0
1163,1.4761321544647217,human1_lib2.final_cell_0596-0
1164,0.8640766739845276,human1_lib2.final_cell_0597-0
1165,1.4154069423675537,human1_lib2.final_cell_0598-0
1166,0.6594595313072205,human1_lib2.final_cell_0599-0
1167,1.293251633644104,human1_lib2.final_cell_0600-0
1168,1.3114306926727295,human1_lib2.final_cell_0601-0
1169,1.2178910970687866,human1_lib2.final_cell_0602-0
1170,0.5583056807518005,human1_lib2.final_cell_0603-0
1171,0.6850348114967346,human1_lib2.final_cell_0604-0
1172,0.8402593731880188,human1_lib2.final_cell_0605-0
1173,1.2254326343536377,human1_lib2.final_cell_0606-0
1174,1.396459937095642,human1_lib2.final_cell_0607-0
1175,0.5028849840164185,human1_lib2.final_cell_0608-0
1176,0.6050001382827759,human1_lib2.final_cell_0609-0
1177,1.4674897193908691,human1_lib2.final_cell_0610-0
1178,1.6229605674743652,human1_lib2.final_cell_0611-0
1179,2.2273101806640625,human1_lib2.final_cell_0612-0
1180,0.485862135887146,human1_lib2.final_cell_0613-0
1181,0.7326985001564026,human1_lib2.final_cell_0614-0
1182,0.6648423671722412,human1_lib2.final_cell_0615-0
1183,1.2930132150650024,human1_lib2.final_cell_0616-0
1184,1.5212018489837646,human1_lib2.final_cell_0617-0
1185,1.5339083671569824,human1_lib2.final_cell_0618-0
1186,1.4060335159301758,human1_lib2.final_cell_0619-0
1187,1.9393891096115112,human1_lib2.final_cell_0620-0
1188,1.6590161323547363,human1_lib2.final_cell_0621-0
1189,1.284239411354065,human1_lib2.final_cell_0622-0
1190,0.6112173199653625,human1_lib2.final_cell_0623-0
1191,0.6433413028717041,human1_lib2.final_cell_0624-0
1192,1.6918408870697021,human1_lib2.final_cell_0625-0
1193,2.0713305473327637,human1_lib2.final_cell_0626-0
1194,1.348745584487915,human1_lib2.final_cell_0627-0
1195,0.8838046789169312,human1_lib2.final_cell_0628-0
1196,1.3162803649902344,human1_lib2.final_cell_0629-0
1197,1.0912261009216309,human1_lib3.final_cell_0001-0
1198,1.1596908569335938,human1_lib3.final_cell_0002-0
1199,0.743476927280426,human1_lib3.final_cell_0003-0
1200,1.2475969791412354,human1_lib3.final_cell_0004-0
1201,1.5035909414291382,human1_lib3.final_cell_0005-0
1202,0.9377405047416687,human1_lib3.final_cell_0006-0
1203,0.9223077297210693,human1_lib3.final_cell_0007-0
1204,0.8353308439254761,human1_lib3.final_cell_0008-0
1205,1.2059394121170044,human1_lib3.final_cell_0009-0
1206,0.6427992582321167,human1_lib3.final_cell_0010-0
1207,1.2661187648773193,human1_lib3.final_cell_0011-0
1208,0.5517736077308655,human1_lib3.final_cell_0012-0
1209,1.3943837881088257,human1_lib3.final_cell_0013-0
1210,0.7769472002983093,human1_lib3.final_cell_0014-0
1211,1.2843170166015625,human1_lib3.final_cell_0015-0
1212,0.7352404594421387,human1_lib3.final_cell_0016-0
1213,0.6650344729423523,human1_lib3.final_cell_0017-0
1214,0.6016347408294678,human1_lib3.final_cell_0018-0
1215,1.1891134977340698,human1_lib3.final_cell_0019-0
1216,1.0413970947265625,human1_lib3.final_cell_0020-0
1217,1.2518014907836914,human1_lib3.final_cell_0021-0
1218,1.357578158378601,human1_lib3.final_cell_0022-0
1219,1.219040036201477,human1_lib3.final_cell_0023-0
1220,0.6417813301086426,human1_lib3.final_cell_0024-0
1221,0.999322235584259,human1_lib3.final_cell_0025-0
1222,1.3766087293624878,human1_lib3.final_cell_0026-0
1223,1.021300196647644,human1_lib3.final_cell_0027-0
1224,0.7646737694740295,human1_lib3.final_cell_0028-0
1225,1.1683379411697388,human1_lib3.final_cell_0029-0
1226,0.9455735087394714,human1_lib3.final_cell_0030-0
1227,1.1924662590026855,human1_lib3.final_cell_0031-0
1228,0.7230830192565918,human1_lib3.final_cell_0032-0
1229,0.6062933802604675,human1_lib3.final_cell_0033-0
1230,1.103934645652771,human1_lib3.final_cell_0034-0
1231,1.1431245803833008,human1_lib3.final_cell_0035-0
1232,0.8391914963722229,human1_lib3.final_cell_0036-0
1233,0.6201632022857666,human1_lib3.final_cell_0037-0
1234,0.8571336269378662,human1_lib3.final_cell_0038-0
1235,0.7167425751686096,human1_lib3.final_cell_0039-0
1236,0.6769272685050964,human1_lib3.final_cell_0040-0
1237,0.7859917283058167,human1_lib3.final_cell_0041-0
1238,0.7070599794387817,human1_lib3.final_cell_0042-0
1239,1.1186192035675049,human1_lib3.final_cell_0043-0
1240,1.7692112922668457,human1_lib3.final_cell_0044-0
1241,0.6463983058929443,human1_lib3.final_cell_0045-0
1242,1.367558479309082,human1_lib3.final_cell_0046-0
1243,0.5455948114395142,human1_lib3.final_cell_0047-0
1244,2.481369972229004,human1_lib3.final_cell_0048-0
1245,0.5655043125152588,human1_lib3.final_cell_0049-0
1246,0.8707817196846008,human1_lib3.final_cell_0050-0
1247,1.026855707168579,human1_lib3.final_cell_0051-0
1248,0.5530242323875427,human1_lib3.final_cell_0052-0
1249,0.5454018115997314,human1_lib3.final_cell_0053-0
1250,1.05239999294281,human1_lib3.final_cell_0054-0
1251,0.8794098496437073,human1_lib3.final_cell_0055-0
1252,1.29939866065979,human1_lib3.final_cell_0056-0
1253,2.5233383178710938,human1_lib3.final_cell_0057-0
1254,0.7521550059318542,human1_lib3.final_cell_0058-0
1255,1.442166805267334,human1_lib3.final_cell_0059-0
1256,0.6854516863822937,human1_lib3.final_cell_0060-0
1257,0.8027694821357727,human1_lib3.final_cell_0061-0
1258,0.7661749720573425,human1_lib3.final_cell_0062-0
1259,0.708141565322876,human1_lib3.final_cell_0063-0
1260,0.7577068209648132,human1_lib3.final_cell_0064-0
1261,0.630623459815979,human1_lib3.final_cell_0065-0
1262,0.6730034351348877,human1_lib3.final_cell_0066-0
1263,1.130433440208435,human1_lib3.final_cell_0067-0
1264,0.7480251789093018,human1_lib3.final_cell_0068-0
1265,0.6816924214363098,human1_lib3.final_cell_0069-0
1266,1.0968321561813354,human1_lib3.final_cell_0070-0
1267,0.5446979403495789,human1_lib3.final_cell_0071-0
1268,0.6322827935218811,human1_lib3.final_cell_0072-0
1269,3.5391836166381836,human1_lib3.final_cell_0073-0
1270,0.8709889054298401,human1_lib3.final_cell_0074-0
1271,0.7165730595588684,human1_lib3.final_cell_0075-0
1272,0.5310487747192383,human1_lib3.final_cell_0076-0
1273,0.9850541353225708,human1_lib3.final_cell_0077-0
1274,0.9004938006401062,human1_lib3.final_cell_0078-0
1275,0.6205589771270752,human1_lib3.final_cell_0079-0
1276,0.5979442596435547,human1_lib3.final_cell_0080-0
1277,0.662653923034668,human1_lib3.final_cell_0081-0
1278,1.2474091053009033,human1_lib3.final_cell_0082-0
1279,0.5535324811935425,human1_lib3.final_cell_0083-0
1280,0.49644502997398376,human1_lib3.final_cell_0084-0
1281,0.702850341796875,human1_lib3.final_cell_0085-0
1282,0.6650229096412659,human1_lib3.final_cell_0086-0
1283,0.5723786354064941,human1_lib3.final_cell_0087-0
1284,0.6462008953094482,human1_lib3.final_cell_0088-0
1285,0.9229215979576111,human1_lib3.final_cell_0089-0
1286,0.729974627494812,human1_lib3.final_cell_0090-0
1287,1.0494582653045654,human1_lib3.final_cell_0091-0
1288,0.6322916150093079,human1_lib3.final_cell_0092-0
1289,0.7455314993858337,human1_lib3.final_cell_0093-0
1290,0.6263223886489868,human1_lib3.final_cell_0094-0
1291,0.5245255827903748,human1_lib3.final_cell_0095-0
1292,0.7713760733604431,human1_lib3.final_cell_0096-0
1293,0.5602498054504395,human1_lib3.final_cell_0097-0
1294,0.8182360529899597,human1_lib3.final_cell_0098-0
1295,0.6772177815437317,human1_lib3.final_cell_0099-0
1296,0.5137156844139099,human1_lib3.final_cell_0100-0
1297,0.8248568773269653,human1_lib3.final_cell_0101-0
1298,0.5051116943359375,human1_lib3.final_cell_0102-0
1299,0.8075497150421143,human1_lib3.final_cell_0103-0
1300,0.726098895072937,human1_lib3.final_cell_0104-0
1301,0.6885615587234497,human1_lib3.final_cell_0105-0
1302,1.8973459005355835,human1_lib3.final_cell_0106-0
1303,0.6969877481460571,human1_lib3.final_cell_0107-0
1304,1.4274214506149292,human1_lib3.final_cell_0108-0
1305,1.1164336204528809,human1_lib3.final_cell_0109-0
1306,0.8886349201202393,human1_lib3.final_cell_0110-0
1307,4.7422966957092285,human1_lib3.final_cell_0111-0
1308,1.0569579601287842,human1_lib3.final_cell_0112-0
1309,0.9821820855140686,human1_lib3.final_cell_0113-0
1310,0.7069734334945679,human1_lib3.final_cell_0114-0
1311,1.211937665939331,human1_lib3.final_cell_0115-0
1312,0.7574179768562317,human1_lib3.final_cell_0116-0
1313,0.520012617111206,human1_lib3.final_cell_0117-0
1314,0.9483017325401306,human1_lib3.final_cell_0118-0
1315,0.8446212410926819,human1_lib3.final_cell_0119-0
1316,0.5103400945663452,human1_lib3.final_cell_0120-0
1317,0.5976677536964417,human1_lib3.final_cell_0121-0
1318,0.7342521548271179,human1_lib3.final_cell_0122-0
1319,0.46114733815193176,human1_lib3.final_cell_0123-0
1320,0.5714650750160217,human1_lib3.final_cell_0124-0
1321,1.0596930980682373,human1_lib3.final_cell_0125-0
1322,1.6203832626342773,human1_lib3.final_cell_0126-0
1323,0.7834017276763916,human1_lib3.final_cell_0127-0
1324,0.5978367924690247,human1_lib3.final_cell_0128-0
1325,0.5286102890968323,human1_lib3.final_cell_0129-0
1326,1.1123169660568237,human1_lib3.final_cell_0130-0
1327,0.7011070847511292,human1_lib3.final_cell_0131-0
1328,0.5457656383514404,human1_lib3.final_cell_0132-0
1329,0.9676311016082764,human1_lib3.final_cell_0133-0
1330,0.6201062798500061,human1_lib3.final_cell_0134-0
1331,0.7861529588699341,human1_lib3.final_cell_0135-0
1332,0.7232276797294617,human1_lib3.final_cell_0136-0
1333,0.6029568910598755,human1_lib3.final_cell_0137-0
1334,0.5403481125831604,human1_lib3.final_cell_0138-0
1335,1.418636441230774,human1_lib3.final_cell_0139-0
1336,1.9977643489837646,human1_lib3.final_cell_0140-0
1337,0.6922820210456848,human1_lib3.final_cell_0141-0
1338,0.7239987254142761,human1_lib3.final_cell_0142-0
1339,1.1400344371795654,human1_lib3.final_cell_0143-0
1340,0.7113694548606873,human1_lib3.final_cell_0144-0
1341,0.5110137462615967,human1_lib3.final_cell_0145-0
1342,1.526176929473877,human1_lib3.final_cell_0146-0
1343,0.4718185067176819,human1_lib3.final_cell_0147-0
1344,0.7297755479812622,human1_lib3.final_cell_0148-0
1345,0.7388581037521362,human1_lib3.final_cell_0149-0
1346,2.1300048828125,human1_lib3.final_cell_0150-0
1347,1.2860538959503174,human1_lib3.final_cell_0151-0
1348,1.3111069202423096,human1_lib3.final_cell_0152-0
1349,0.539614200592041,human1_lib3.final_cell_0153-0
1350,0.5042082667350769,human1_lib3.final_cell_0154-0
1351,0.7245383262634277,human1_lib3.final_cell_0155-0
1352,1.2496471405029297,human1_lib3.final_cell_0156-0
1353,0.8899123668670654,human1_lib3.final_cell_0157-0
1354,0.7817382216453552,human1_lib3.final_cell_0158-0
1355,1.4600863456726074,human1_lib3.final_cell_0159-0
1356,0.6482089161872864,human1_lib3.final_cell_0160-0
1357,0.9124820828437805,human1_lib3.final_cell_0161-0
1358,0.8173035979270935,human1_lib3.final_cell_0162-0
1359,1.027403473854065,human1_lib3.final_cell_0163-0
1360,0.6783779263496399,human1_lib3.final_cell_0164-0
1361,1.7096482515335083,human1_lib3.final_cell_0165-0
1362,1.1282200813293457,human1_lib3.final_cell_0166-0
1363,1.12253737449646,human1_lib3.final_cell_0167-0
1364,0.7312880158424377,human1_lib3.final_cell_0168-0
1365,0.538628101348877,human1_lib3.final_cell_0169-0
1366,0.56484454870224,human1_lib3.final_cell_0170-0
1367,0.9912988543510437,human1_lib3.final_cell_0171-0
1368,0.6311439871788025,human1_lib3.final_cell_0172-0
1369,1.5157058238983154,human1_lib3.final_cell_0173-0
1370,0.8055450916290283,human1_lib3.final_cell_0174-0
1371,0.5829894542694092,human1_lib3.final_cell_0175-0
1372,1.0856517553329468,human1_lib3.final_cell_0176-0
1373,1.1824898719787598,human1_lib3.final_cell_0177-0
1374,0.7206789255142212,human1_lib3.final_cell_0178-0
1375,2.6464030742645264,human1_lib3.final_cell_0179-0
1376,0.7030476331710815,human1_lib3.final_cell_0180-0
1377,0.6940943002700806,human1_lib3.final_cell_0181-0
1378,0.6588639616966248,human1_lib3.final_cell_0182-0
1379,1.0632835626602173,human1_lib3.final_cell_0183-0
1380,1.1030559539794922,human1_lib3.final_cell_0184-0
1381,0.6037458777427673,human1_lib3.final_cell_0185-0
1382,0.7318886518478394,human1_lib3.final_cell_0186-0
1383,1.502910852432251,human1_lib3.final_cell_0187-0
1384,1.072394609451294,human1_lib3.final_cell_0188-0
1385,2.099339246749878,human1_lib3.final_cell_0189-0
1386,0.8980482220649719,human1_lib3.final_cell_0190-0
1387,1.3724031448364258,human1_lib3.final_cell_0191-0
1388,0.8488282561302185,human1_lib3.final_cell_0192-0
1389,2.063406467437744,human1_lib3.final_cell_0193-0
1390,0.5574476718902588,human1_lib3.final_cell_0194-0
1391,0.7741446495056152,human1_lib3.final_cell_0195-0
1392,0.8326525092124939,human1_lib3.final_cell_0196-0
1393,0.9294260144233704,human1_lib3.final_cell_0197-0
1394,0.7924748659133911,human1_lib3.final_cell_0198-0
1395,1.0836591720581055,human1_lib3.final_cell_0199-0
1396,1.1774822473526,human1_lib3.final_cell_0200-0
1397,0.8809640407562256,human1_lib3.final_cell_0201-0
1398,1.6339411735534668,human1_lib3.final_cell_0202-0
1399,0.8851100206375122,human1_lib3.final_cell_0203-0
1400,1.7753782272338867,human1_lib3.final_cell_0204-0
1401,1.0571588277816772,human1_lib3.final_cell_0205-0
1402,0.8697168827056885,human1_lib3.final_cell_0206-0
1403,0.5770676136016846,human1_lib3.final_cell_0207-0
1404,0.7172558307647705,human1_lib3.final_cell_0208-0
1405,1.7836288213729858,human1_lib3.final_cell_0209-0
1406,0.6191682815551758,human1_lib3.final_cell_0210-0
1407,0.6944062113761902,human1_lib3.final_cell_0211-0
1408,0.6241417527198792,human1_lib3.final_cell_0212-0
1409,0.7782431840896606,human1_lib3.final_cell_0213-0
1410,0.6741799116134644,human1_lib3.final_cell_0214-0
1411,0.5754045248031616,human1_lib3.final_cell_0215-0
1412,0.893415093421936,human1_lib3.final_cell_0216-0
1413,0.9006605744361877,human1_lib3.final_cell_0217-0
1414,1.0427926778793335,human1_lib3.final_cell_0218-0
1415,0.6057168841362,human1_lib3.final_cell_0219-0
1416,0.5877979397773743,human1_lib3.final_cell_0220-0
1417,0.5714653730392456,human1_lib3.final_cell_0221-0
1418,0.6307314038276672,human1_lib3.final_cell_0222-0
1419,2.026834011077881,human1_lib3.final_cell_0223-0
1420,0.7356736063957214,human1_lib3.final_cell_0224-0
1421,0.6098628044128418,human1_lib3.final_cell_0225-0
1422,0.4807966351509094,human1_lib3.final_cell_0226-0
1423,0.7255404591560364,human1_lib3.final_cell_0227-0
1424,0.5359734892845154,human1_lib3.final_cell_0228-0
1425,0.4740702509880066,human1_lib3.final_cell_0229-0
1426,0.6102368831634521,human1_lib3.final_cell_0230-0
1427,1.128309965133667,human1_lib3.final_cell_0231-0
1428,0.6494590044021606,human1_lib3.final_cell_0232-0
1429,0.6268070340156555,human1_lib3.final_cell_0233-0
1430,0.5770440697669983,human1_lib3.final_cell_0234-0
1431,0.9297003149986267,human1_lib3.final_cell_0235-0
1432,1.659502625465393,human1_lib3.final_cell_0236-0
1433,0.6730894446372986,human1_lib3.final_cell_0237-0
1434,0.6492589712142944,human1_lib3.final_cell_0238-0
1435,0.622641921043396,human1_lib3.final_cell_0239-0
1436,0.6221638321876526,human1_lib3.final_cell_0240-0
1437,0.9660599231719971,human1_lib3.final_cell_0241-0
1438,0.5433923602104187,human1_lib3.final_cell_0242-0
1439,1.5168336629867554,human1_lib3.final_cell_0243-0
1440,0.5342502593994141,human1_lib3.final_cell_0244-0
1441,0.6687840223312378,human1_lib3.final_cell_0245-0
1442,1.0928480625152588,human1_lib3.final_cell_0246-0
1443,1.1381642818450928,human1_lib3.final_cell_0247-0
1444,0.5034289956092834,human1_lib3.final_cell_0248-0
1445,1.2282557487487793,human1_lib3.final_cell_0249-0
1446,0.8795526027679443,human1_lib3.final_cell_0250-0
1447,1.5071109533309937,human1_lib3.final_cell_0251-0
1448,3.0868794918060303,human1_lib3.final_cell_0252-0
1449,2.892176628112793,human1_lib3.final_cell_0253-0
1450,0.6790840029716492,human1_lib3.final_cell_0254-0
1451,1.6224701404571533,human1_lib3.final_cell_0255-0
1452,0.6012241840362549,human1_lib3.final_cell_0256-0
1453,0.78488689661026,human1_lib3.final_cell_0257-0
1454,1.6044471263885498,human1_lib3.final_cell_0258-0
1455,0.9320948123931885,human1_lib3.final_cell_0259-0
1456,1.2244657278060913,human1_lib3.final_cell_0260-0
1457,0.6671428680419922,human1_lib3.final_cell_0261-0
1458,0.7479734420776367,human1_lib3.final_cell_0262-0
1459,0.9745990633964539,human1_lib3.final_cell_0263-0
1460,0.6365906596183777,human1_lib3.final_cell_0264-0
1461,0.5688265562057495,human1_lib3.final_cell_0265-0
1462,0.7052048444747925,human1_lib3.final_cell_0266-0
1463,0.6518173217773438,human1_lib3.final_cell_0267-0
1464,0.644305944442749,human1_lib3.final_cell_0268-0
1465,0.47823628783226013,human1_lib3.final_cell_0269-0
1466,0.7832328081130981,human1_lib3.final_cell_0270-0
1467,1.4856610298156738,human1_lib3.final_cell_0271-0
1468,0.8732820749282837,human1_lib3.final_cell_0272-0
1469,0.476963609457016,human1_lib3.final_cell_0273-0
1470,2.4122653007507324,human1_lib3.final_cell_0274-0
1471,0.46202608942985535,human1_lib3.final_cell_0275-0
1472,0.6545163989067078,human1_lib3.final_cell_0276-0
1473,0.8050922155380249,human1_lib3.final_cell_0277-0
1474,0.8472028374671936,human1_lib3.final_cell_0278-0
1475,1.0431296825408936,human1_lib3.final_cell_0279-0
1476,0.5675187706947327,human1_lib3.final_cell_0280-0
1477,0.7757159471511841,human1_lib3.final_cell_0281-0
1478,0.7390350103378296,human1_lib3.final_cell_0282-0
1479,0.5777570605278015,human1_lib3.final_cell_0283-0
1480,1.5993329286575317,human1_lib3.final_cell_0284-0
1481,0.8543810844421387,human1_lib3.final_cell_0285-0
1482,0.5542913675308228,human1_lib3.final_cell_0286-0
1483,1.0328766107559204,human1_lib3.final_cell_0287-0
1484,1.3392702341079712,human1_lib3.final_cell_0288-0
1485,0.670894980430603,human1_lib3.final_cell_0289-0
1486,1.4715101718902588,human1_lib3.final_cell_0290-0
1487,1.0347040891647339,human1_lib3.final_cell_0291-0
1488,0.6881792545318604,human1_lib3.final_cell_0292-0
1489,0.5887328386306763,human1_lib3.final_cell_0293-0
1490,0.5392453074455261,human1_lib3.final_cell_0294-0
1491,1.0074653625488281,human1_lib3.final_cell_0295-0
1492,0.8164957761764526,human1_lib3.final_cell_0296-0
1493,0.6748970150947571,human1_lib3.final_cell_0297-0
1494,0.704766035079956,human1_lib3.final_cell_0298-0
1495,0.4856346845626831,human1_lib3.final_cell_0299-0
1496,1.4342107772827148,human1_lib3.final_cell_0300-0
1497,0.5492941737174988,human1_lib3.final_cell_0301-0
1498,0.624955415725708,human1_lib3.final_cell_0302-0
1499,0.6708165407180786,human1_lib3.final_cell_0303-0
1500,0.5772998929023743,human1_lib3.final_cell_0304-0
1501,0.6747395992279053,human1_lib3.final_cell_0305-0
1502,0.5756856203079224,human1_lib3.final_cell_0306-0
1503,0.6926998496055603,human1_lib3.final_cell_0307-0
1504,0.6399845480918884,human1_lib3.final_cell_0308-0
1505,0.6099202036857605,human1_lib3.final_cell_0309-0
1506,0.6936377286911011,human1_lib3.final_cell_0310-0
1507,1.6480586528778076,human1_lib3.final_cell_0311-0
1508,0.8787381649017334,human1_lib3.final_cell_0312-0
1509,1.635528326034546,human1_lib3.final_cell_0313-0
1510,0.8214556574821472,human1_lib3.final_cell_0314-0
1511,0.5176861882209778,human1_lib3.final_cell_0315-0
1512,0.4810407757759094,human1_lib3.final_cell_0316-0
1513,0.8079174160957336,human1_lib3.final_cell_0317-0
1514,1.082707166671753,human1_lib3.final_cell_0318-0
1515,0.9065481424331665,human1_lib3.final_cell_0319-0
1516,0.6041757464408875,human1_lib3.final_cell_0320-0
1517,0.9983307123184204,human1_lib3.final_cell_0321-0
1518,0.6224925518035889,human1_lib3.final_cell_0322-0
1519,0.7595787048339844,human1_lib3.final_cell_0323-0
1520,0.9298679232597351,human1_lib3.final_cell_0324-0
1521,0.7936598062515259,human1_lib3.final_cell_0325-0
1522,2.080599069595337,human1_lib3.final_cell_0326-0
1523,1.0794581174850464,human1_lib3.final_cell_0327-0
1524,2.4052765369415283,human1_lib3.final_cell_0328-0
1525,0.742042601108551,human1_lib3.final_cell_0329-0
1526,0.9053519368171692,human1_lib3.final_cell_0330-0
1527,0.7716816067695618,human1_lib3.final_cell_0331-0
1528,1.15961492061615,human1_lib3.final_cell_0332-0
1529,0.6398476362228394,human1_lib3.final_cell_0333-0
1530,0.9502606987953186,human1_lib3.final_cell_0334-0
1531,0.7160377502441406,human1_lib3.final_cell_0335-0
1532,0.8454198241233826,human1_lib3.final_cell_0336-0
1533,1.5774122476577759,human1_lib3.final_cell_0337-0
1534,0.5744118094444275,human1_lib3.final_cell_0338-0
1535,1.2175735235214233,human1_lib3.final_cell_0339-0
1536,1.2220197916030884,human1_lib3.final_cell_0340-0
1537,0.5962006449699402,human1_lib3.final_cell_0341-0
1538,0.7638713717460632,human1_lib3.final_cell_0342-0
1539,0.6083696484565735,human1_lib3.final_cell_0343-0
1540,0.5197955965995789,human1_lib3.final_cell_0344-0
1541,0.6051385402679443,human1_lib3.final_cell_0345-0
1542,0.8933318257331848,human1_lib3.final_cell_0346-0
1543,0.7121599912643433,human1_lib3.final_cell_0347-0
1544,0.5823259949684143,human1_lib3.final_cell_0348-0
1545,2.152514934539795,human1_lib3.final_cell_0349-0
1546,0.5816209316253662,human1_lib3.final_cell_0350-0
1547,1.1962108612060547,human1_lib3.final_cell_0351-0
1548,1.034153938293457,human1_lib3.final_cell_0352-0
1549,1.5252817869186401,human1_lib3.final_cell_0353-0
1550,0.6299048662185669,human1_lib3.final_cell_0354-0
1551,0.9780274629592896,human1_lib3.final_cell_0355-0
1552,0.624101459980011,human1_lib3.final_cell_0356-0
1553,1.1759307384490967,human1_lib3.final_cell_0357-0
1554,1.3017443418502808,human1_lib3.final_cell_0358-0
1555,0.8052937984466553,human1_lib3.final_cell_0359-0
1556,1.6297879219055176,human1_lib3.final_cell_0360-0
1557,0.5350773930549622,human1_lib3.final_cell_0361-0
1558,1.7544302940368652,human1_lib3.final_cell_0362-0
1559,0.9551073312759399,human1_lib3.final_cell_0363-0
1560,0.6009538173675537,human1_lib3.final_cell_0364-0
1561,0.5258280038833618,human1_lib3.final_cell_0365-0
1562,2.181349039077759,human1_lib3.final_cell_0366-0
1563,2.3194122314453125,human1_lib3.final_cell_0367-0
1564,1.1716991662979126,human1_lib3.final_cell_0368-0
1565,0.5259689092636108,human1_lib3.final_cell_0369-0
1566,0.8347964882850647,human1_lib3.final_cell_0370-0
1567,0.6416963934898376,human1_lib3.final_cell_0371-0
1568,0.8983982801437378,human1_lib3.final_cell_0372-0
1569,0.8892013430595398,human1_lib3.final_cell_0373-0
1570,0.7507973909378052,human1_lib3.final_cell_0374-0
1571,0.5984557867050171,human1_lib3.final_cell_0375-0
1572,0.5537744760513306,human1_lib3.final_cell_0376-0
1573,0.621810257434845,human1_lib3.final_cell_0377-0
1574,1.0469783544540405,human1_lib3.final_cell_0378-0
1575,2.578662157058716,human1_lib3.final_cell_0379-0
1576,0.9336054921150208,human1_lib3.final_cell_0380-0
1577,0.8413768410682678,human1_lib3.final_cell_0381-0
1578,1.0474278926849365,human1_lib3.final_cell_0382-0
1579,0.730005145072937,human1_lib3.final_cell_0383-0
1580,0.455710232257843,human1_lib3.final_cell_0384-0
1581,1.06838059425354,human1_lib3.final_cell_0385-0
1582,1.0734926462173462,human1_lib3.final_cell_0386-0
1583,0.7590526938438416,human1_lib3.final_cell_0387-0
1584,0.5695309042930603,human1_lib3.final_cell_0388-0
1585,1.4716938734054565,human1_lib3.final_cell_0389-0
1586,0.9731411933898926,human1_lib3.final_cell_0390-0
1587,0.6586533784866333,human1_lib3.final_cell_0391-0
1588,0.4611547589302063,human1_lib3.final_cell_0392-0
1589,0.5572403073310852,human1_lib3.final_cell_0393-0
1590,0.6047069430351257,human1_lib3.final_cell_0394-0
1591,0.5364915728569031,human1_lib3.final_cell_0395-0
1592,0.7782952785491943,human1_lib3.final_cell_0396-0
1593,0.46565935015678406,human1_lib3.final_cell_0397-0
1594,0.5940003395080566,human1_lib3.final_cell_0398-0
1595,1.2756199836730957,human1_lib3.final_cell_0399-0
1596,0.5642748475074768,human1_lib3.final_cell_0400-0
1597,0.717254638671875,human1_lib3.final_cell_0401-0
1598,0.8526517152786255,human1_lib3.final_cell_0402-0
1599,0.6051915884017944,human1_lib3.final_cell_0403-0
1600,0.7227288484573364,human1_lib3.final_cell_0404-0
1601,0.5524136424064636,human1_lib3.final_cell_0405-0
1602,0.633303165435791,human1_lib3.final_cell_0406-0
1603,0.7886045575141907,human1_lib3.final_cell_0407-0
1604,1.771074652671814,human1_lib3.final_cell_0408-0
1605,0.9952908754348755,human1_lib3.final_cell_0409-0
1606,0.7520857453346252,human1_lib3.final_cell_0410-0
1607,2.885324716567993,human1_lib3.final_cell_0411-0
1608,0.8839585781097412,human1_lib3.final_cell_0412-0
1609,0.6411615014076233,human1_lib3.final_cell_0413-0
1610,0.9671257138252258,human1_lib3.final_cell_0414-0
1611,1.5834826231002808,human1_lib3.final_cell_0415-0
1612,0.6614407300949097,human1_lib3.final_cell_0416-0
1613,1.7848187685012817,human1_lib3.final_cell_0417-0
1614,1.0051097869873047,human1_lib3.final_cell_0418-0
1615,0.6383839845657349,human1_lib3.final_cell_0419-0
1616,1.6115251779556274,human1_lib3.final_cell_0420-0
1617,0.7784477472305298,human1_lib3.final_cell_0421-0
1618,0.94782954454422,human1_lib3.final_cell_0422-0
1619,0.6528105139732361,human1_lib3.final_cell_0423-0
1620,0.8090658187866211,human1_lib3.final_cell_0424-0
1621,0.9434281587600708,human1_lib3.final_cell_0425-0
1622,0.5202318429946899,human1_lib3.final_cell_0426-0
1623,1.2569372653961182,human1_lib3.final_cell_0427-0
1624,1.0770927667617798,human1_lib3.final_cell_0428-0
1625,1.6275728940963745,human1_lib3.final_cell_0429-0
1626,0.5287052392959595,human1_lib3.final_cell_0430-0
1627,1.3439210653305054,human1_lib3.final_cell_0431-0
1628,0.6010969281196594,human1_lib3.final_cell_0432-0
1629,0.5130727291107178,human1_lib3.final_cell_0433-0
1630,1.5679006576538086,human1_lib3.final_cell_0434-0
1631,0.526787281036377,human1_lib3.final_cell_0435-0
1632,0.4881654977798462,human1_lib3.final_cell_0436-0
1633,1.3859502077102661,human1_lib3.final_cell_0437-0
1634,0.9157645106315613,human1_lib3.final_cell_0438-0
1635,2.6664018630981445,human1_lib3.final_cell_0439-0
1636,0.5485538244247437,human1_lib3.final_cell_0440-0
1637,0.729577362537384,human1_lib3.final_cell_0441-0
1638,1.1535404920578003,human1_lib3.final_cell_0442-0
1639,1.0155208110809326,human1_lib3.final_cell_0443-0
1640,1.3157763481140137,human1_lib3.final_cell_0444-0
1641,1.0406697988510132,human1_lib3.final_cell_0445-0
1642,0.6984736323356628,human1_lib3.final_cell_0446-0
1643,1.4561718702316284,human1_lib3.final_cell_0447-0
1644,0.9575186371803284,human1_lib3.final_cell_0448-0
1645,1.5761182308197021,human1_lib3.final_cell_0449-0
1646,1.1405518054962158,human1_lib3.final_cell_0450-0
1647,1.4166849851608276,human1_lib3.final_cell_0451-0
1648,1.273290991783142,human1_lib3.final_cell_0452-0
1649,1.2272413969039917,human1_lib3.final_cell_0453-0
1650,1.939872145652771,human1_lib3.final_cell_0454-0
1651,0.6128443479537964,human1_lib3.final_cell_0455-0
1652,0.8768100738525391,human1_lib3.final_cell_0456-0
1653,1.0273901224136353,human1_lib3.final_cell_0457-0
1654,0.5763576030731201,human1_lib3.final_cell_0458-0
1655,0.4755307137966156,human1_lib3.final_cell_0459-0
1656,0.5145885944366455,human1_lib3.final_cell_0460-0
1657,0.748895525932312,human1_lib3.final_cell_0461-0
1658,0.8478924036026001,human1_lib3.final_cell_0462-0
1659,0.9961159825325012,human1_lib3.final_cell_0463-0
1660,0.5730190277099609,human1_lib3.final_cell_0464-0
1661,0.4669758379459381,human1_lib3.final_cell_0465-0
1662,0.8137398362159729,human1_lib3.final_cell_0466-0
1663,1.3534189462661743,human1_lib3.final_cell_0467-0
1664,1.4271149635314941,human1_lib3.final_cell_0468-0
1665,1.9036216735839844,human1_lib3.final_cell_0469-0
1666,1.272294044494629,human1_lib3.final_cell_0470-0
1667,0.8160994052886963,human1_lib3.final_cell_0471-0
1668,0.8661128878593445,human1_lib3.final_cell_0472-0
1669,0.5524463057518005,human1_lib3.final_cell_0473-0
1670,1.2189857959747314,human1_lib3.final_cell_0474-0
1671,0.4658183455467224,human1_lib3.final_cell_0475-0
1672,1.5106145143508911,human1_lib3.final_cell_0476-0
1673,2.080453634262085,human1_lib3.final_cell_0477-0
1674,1.2454015016555786,human1_lib3.final_cell_0478-0
1675,0.6272959113121033,human1_lib3.final_cell_0479-0
1676,0.5746073722839355,human1_lib3.final_cell_0480-0
1677,0.731271505355835,human1_lib3.final_cell_0481-0
1678,0.7434354424476624,human1_lib3.final_cell_0482-0
1679,0.904262900352478,human1_lib3.final_cell_0483-0
1680,1.3690190315246582,human1_lib3.final_cell_0484-0
1681,0.6191925406455994,human1_lib3.final_cell_0485-0
1682,0.7597448825836182,human1_lib3.final_cell_0486-0
1683,0.4867684245109558,human1_lib3.final_cell_0487-0
1684,0.7061692476272583,human1_lib3.final_cell_0488-0
1685,0.6959927082061768,human1_lib3.final_cell_0489-0
1686,0.6393480896949768,human1_lib3.final_cell_0490-0
1687,0.5739004015922546,human1_lib3.final_cell_0491-0
1688,0.7681200504302979,human1_lib3.final_cell_0492-0
1689,0.6651201248168945,human1_lib3.final_cell_0493-0
1690,0.7961429953575134,human1_lib3.final_cell_0494-0
1691,0.9186597466468811,human1_lib3.final_cell_0495-0
1692,1.7940160036087036,human1_lib3.final_cell_0496-0
1693,1.5658169984817505,human1_lib3.final_cell_0497-0
1694,0.4578624665737152,human1_lib3.final_cell_0498-0
1695,1.9217013120651245,human1_lib3.final_cell_0499-0
1696,1.2188795804977417,human1_lib3.final_cell_0500-0
1697,0.7358665466308594,human1_lib3.final_cell_0501-0
1698,0.5944282412528992,human1_lib3.final_cell_0502-0
1699,1.3363291025161743,human1_lib3.final_cell_0503-0
1700,0.8735401034355164,human1_lib3.final_cell_0504-0
1701,0.4538007378578186,human1_lib3.final_cell_0505-0
1702,0.6466518640518188,human1_lib3.final_cell_0506-0
1703,0.6440446376800537,human1_lib3.final_cell_0507-0
1704,1.114506721496582,human1_lib3.final_cell_0508-0
1705,0.6151719689369202,human1_lib3.final_cell_0509-0
1706,1.402443528175354,human1_lib3.final_cell_0510-0
1707,1.3068480491638184,human1_lib3.final_cell_0511-0
1708,0.5851762294769287,human1_lib3.final_cell_0512-0
1709,0.9249573349952698,human1_lib3.final_cell_0513-0
1710,0.5842759609222412,human1_lib3.final_cell_0514-0
1711,1.0431396961212158,human1_lib3.final_cell_0515-0
1712,3.91947865486145,human1_lib3.final_cell_0516-0
1713,1.1101388931274414,human1_lib3.final_cell_0517-0
1714,0.48793643712997437,human1_lib3.final_cell_0518-0
1715,2.1022863388061523,human1_lib3.final_cell_0519-0
1716,1.1462211608886719,human1_lib3.final_cell_0520-0
1717,0.7060680389404297,human1_lib3.final_cell_0521-0
1718,0.7733304500579834,human1_lib3.final_cell_0522-0
1719,1.3486779928207397,human1_lib3.final_cell_0523-0
1720,0.9096203446388245,human1_lib3.final_cell_0524-0
1721,0.905878484249115,human1_lib3.final_cell_0525-0
1722,1.024251937866211,human1_lib3.final_cell_0526-0
1723,1.5390939712524414,human1_lib3.final_cell_0527-0
1724,1.7774622440338135,human1_lib3.final_cell_0528-0
1725,0.5548591017723083,human1_lib3.final_cell_0529-0
1726,3.4989473819732666,human1_lib3.final_cell_0530-0
1727,1.965867280960083,human1_lib3.final_cell_0531-0
1728,1.1218575239181519,human1_lib3.final_cell_0532-0
1729,1.9628098011016846,human1_lib3.final_cell_0533-0
1730,1.6032193899154663,human1_lib3.final_cell_0534-0
1731,0.6707078814506531,human1_lib3.final_cell_0535-0
1732,1.2200889587402344,human1_lib3.final_cell_0536-0
1733,1.2399541139602661,human1_lib3.final_cell_0537-0
1734,0.7498974204063416,human1_lib3.final_cell_0538-0
1735,0.6548467874526978,human1_lib3.final_cell_0539-0
1736,1.4238014221191406,human1_lib3.final_cell_0540-0
1737,1.056879997253418,human1_lib3.final_cell_0541-0
1738,0.7870299816131592,human1_lib3.final_cell_0542-0
1739,0.7798580527305603,human1_lib3.final_cell_0543-0
1740,2.519937753677368,human1_lib3.final_cell_0544-0
1741,0.6885565519332886,human1_lib3.final_cell_0545-0
1742,2.724154233932495,human1_lib3.final_cell_0546-0
1743,1.0924745798110962,human1_lib3.final_cell_0547-0
1744,1.4571138620376587,human1_lib3.final_cell_0548-0
1745,0.5167551040649414,human1_lib3.final_cell_0549-0
1746,0.7270268797874451,human1_lib3.final_cell_0550-0
1747,0.539347767829895,human1_lib3.final_cell_0551-0
1748,2.132845878601074,human1_lib3.final_cell_0552-0
1749,1.528893232345581,human1_lib3.final_cell_0553-0
1750,0.892615556716919,human1_lib3.final_cell_0554-0
1751,0.9559895396232605,human1_lib3.final_cell_0555-0
1752,1.5362719297409058,human1_lib3.final_cell_0556-0
1753,0.9724306464195251,human1_lib3.final_cell_0557-0
1754,1.3873203992843628,human1_lib3.final_cell_0558-0
1755,0.8081653118133545,human1_lib3.final_cell_0559-0
1756,1.0439720153808594,human1_lib3.final_cell_0560-0
1757,1.3319635391235352,human1_lib3.final_cell_0561-0
1758,1.1824520826339722,human1_lib3.final_cell_0562-0
1759,0.5852173566818237,human1_lib3.final_cell_0563-0
1760,0.6520835757255554,human1_lib3.final_cell_0564-0
1761,1.1633069515228271,human1_lib3.final_cell_0565-0
1762,1.3944532871246338,human1_lib3.final_cell_0566-0
1763,1.7716600894927979,human1_lib3.final_cell_0567-0
1764,0.7450997233390808,human1_lib3.final_cell_0568-0
1765,1.6185568571090698,human1_lib3.final_cell_0569-0
1766,0.6332663893699646,human1_lib3.final_cell_0570-0
1767,1.2822034358978271,human1_lib3.final_cell_0571-0
1768,1.4028204679489136,human1_lib3.final_cell_0572-0
1769,0.8607341647148132,human1_lib3.final_cell_0573-0
1770,1.4905829429626465,human1_lib3.final_cell_0574-0
1771,1.524757981300354,human1_lib3.final_cell_0575-0
1772,0.501408576965332,human1_lib3.final_cell_0576-0
1773,0.6893454790115356,human1_lib3.final_cell_0577-0
1774,3.268017053604126,human1_lib3.final_cell_0578-0
1775,0.5938436985015869,human1_lib3.final_cell_0579-0
1776,0.7682527303695679,human1_lib3.final_cell_0580-0
1777,0.7168306112289429,human1_lib3.final_cell_0581-0
1778,1.7078688144683838,human1_lib3.final_cell_0582-0
1779,1.8142765760421753,human1_lib3.final_cell_0583-0
1780,1.3159877061843872,human1_lib3.final_cell_0584-0
1781,1.4746850728988647,human1_lib3.final_cell_0585-0
1782,2.062554359436035,human1_lib3.final_cell_0586-0
1783,0.6873021125793457,human1_lib3.final_cell_0587-0
1784,0.6820340156555176,human1_lib3.final_cell_0588-0
1785,2.114448308944702,human1_lib3.final_cell_0589-0
1786,1.3943370580673218,human1_lib3.final_cell_0590-0
1787,1.6487455368041992,human1_lib3.final_cell_0591-0
1788,1.3913410902023315,human1_lib3.final_cell_0592-0
1789,0.5821749567985535,human1_lib3.final_cell_0593-0
1790,1.2670561075210571,human1_lib3.final_cell_0594-0
1791,1.640127420425415,human1_lib3.final_cell_0595-0
1792,1.201644778251648,human1_lib3.final_cell_0596-0
1793,3.5469954013824463,human1_lib3.final_cell_0597-0
1794,3.084646463394165,human1_lib3.final_cell_0598-0
1795,0.5784593224525452,human1_lib3.final_cell_0599-0
1796,1.0695853233337402,human1_lib3.final_cell_0600-0
1797,1.0739107131958008,human1_lib3.final_cell_0601-0
1798,1.9517874717712402,human1_lib3.final_cell_0602-0
1799,1.160483956336975,human1_lib3.final_cell_0603-0
1800,1.9868613481521606,human1_lib3.final_cell_0604-0
1801,0.5224146842956543,human1_lib3.final_cell_0605-0
1802,1.0066365003585815,human1_lib3.final_cell_0606-0
1803,0.9847756028175354,human1_lib3.final_cell_0607-0
1804,0.7899681329727173,human1_lib3.final_cell_0608-0
1805,0.7986201643943787,human1_lib3.final_cell_0609-0
1806,2.8523993492126465,human1_lib3.final_cell_0610-0
1807,1.660509467124939,human1_lib3.final_cell_0611-0
1808,0.9139359593391418,human1_lib3.final_cell_0612-0
1809,2.432675838470459,human1_lib3.final_cell_0613-0
1810,1.494533658027649,human1_lib3.final_cell_0614-0
1811,1.298547387123108,human1_lib3.final_cell_0615-0
1812,0.45339396595954895,human1_lib3.final_cell_0616-0
1813,0.585215151309967,human1_lib3.final_cell_0617-0
1814,1.869080662727356,human1_lib3.final_cell_0618-0
1815,0.924358606338501,human1_lib3.final_cell_0619-0
1816,1.5927844047546387,human1_lib3.final_cell_0620-0
1817,1.662831425666809,human1_lib3.final_cell_0621-0
1818,0.8083553314208984,human1_lib3.final_cell_0622-0
1819,2.1144232749938965,human1_lib3.final_cell_0623-0
1820,1.1900213956832886,human1_lib3.final_cell_0624-0
1821,1.4538570642471313,human1_lib3.final_cell_0625-0
1822,0.6550834774971008,human1_lib3.final_cell_0626-0
1823,1.690812349319458,human1_lib3.final_cell_0627-0
1824,1.0376629829406738,human1_lib3.final_cell_0628-0
1825,0.6405797004699707,human1_lib3.final_cell_0629-0
1826,0.7692663669586182,human1_lib3.final_cell_0630-0
1827,1.3917211294174194,human1_lib3.final_cell_0631-0
1828,1.2626135349273682,human1_lib3.final_cell_0632-0
1829,1.2123180627822876,human1_lib3.final_cell_0633-0
1830,1.072344183921814,human1_lib3.final_cell_0634-0
1831,1.2912739515304565,human1_lib3.final_cell_0635-0
1832,0.856449544429779,human1_lib3.final_cell_0636-0
1833,1.2854833602905273,human1_lib3.final_cell_0637-0
1834,1.200010061264038,human1_lib3.final_cell_0638-0
1835,1.540128231048584,human1_lib3.final_cell_0639-0
1836,1.3468366861343384,human1_lib3.final_cell_0640-0
1837,6.590994358062744,human1_lib3.final_cell_0641-0
1838,0.7977879047393799,human1_lib3.final_cell_0642-0
1839,1.4781051874160767,human1_lib3.final_cell_0643-0
1840,1.9311591386795044,human1_lib3.final_cell_0644-0
1841,0.8393827080726624,human1_lib3.final_cell_0645-0
1842,0.8648362159729004,human1_lib3.final_cell_0646-0
1843,1.6709076166152954,human1_lib3.final_cell_0647-0
1844,0.6898748874664307,human1_lib3.final_cell_0648-0
1845,1.7084109783172607,human1_lib3.final_cell_0649-0
1846,2.872117042541504,human1_lib3.final_cell_0650-0
1847,0.5629854202270508,human1_lib3.final_cell_0651-0
1848,0.7164707183837891,human1_lib3.final_cell_0652-0
1849,0.9441856741905212,human1_lib3.final_cell_0653-0
1850,1.0683413743972778,human1_lib3.final_cell_0654-0
1851,0.5081150531768799,human1_lib3.final_cell_0655-0
1852,1.384861946105957,human1_lib3.final_cell_0656-0
1853,1.2592617273330688,human1_lib3.final_cell_0657-0
1854,0.5471875667572021,human1_lib3.final_cell_0658-0
1855,0.7247883677482605,human1_lib3.final_cell_0659-0
1856,0.5098034143447876,human1_lib3.final_cell_0660-0
1857,3.6252830028533936,human1_lib3.final_cell_0661-0
1858,1.418792963027954,human1_lib3.final_cell_0662-0
1859,0.7723544836044312,human1_lib3.final_cell_0663-0
1860,2.1150012016296387,human1_lib3.final_cell_0664-0
1861,0.9954584836959839,human1_lib3.final_cell_0665-0
1862,0.6391720771789551,human1_lib3.final_cell_0666-0
1863,1.390395998954773,human1_lib3.final_cell_0667-0
1864,0.7111557722091675,human1_lib3.final_cell_0668-0
1865,0.9047497510910034,human1_lib3.final_cell_0669-0
1866,0.7098907828330994,human1_lib3.final_cell_0670-0
1867,1.2733248472213745,human1_lib3.final_cell_0671-0
1868,0.9327301979064941,human1_lib3.final_cell_0672-0
1869,1.456719994544983,human1_lib3.final_cell_0673-0
1870,0.4506140351295471,human1_lib3.final_cell_0674-0
1871,1.5005971193313599,human1_lib3.final_cell_0675-0
1872,1.2011215686798096,human1_lib3.final_cell_0676-0
1873,0.5269461274147034,human1_lib3.final_cell_0677-0
1874,0.596595823764801,human1_lib3.final_cell_0678-0
1875,1.1403285264968872,human1_lib3.final_cell_0679-0
1876,1.3988465070724487,human1_lib3.final_cell_0680-0
1877,1.2271504402160645,human1_lib3.final_cell_0681-0
1878,0.9374988079071045,human1_lib3.final_cell_0682-0
1879,1.332683801651001,human1_lib3.final_cell_0683-0
1880,1.9803358316421509,human1_lib3.final_cell_0684-0
1881,1.5330549478530884,human1_lib3.final_cell_0685-0
1882,0.5911123156547546,human1_lib3.final_cell_0686-0
1883,1.8895283937454224,human1_lib3.final_cell_0687-0
1884,0.5586559772491455,human1_lib3.final_cell_0688-0
1885,0.8989250063896179,human1_lib3.final_cell_0689-0
1886,3.40244722366333,human1_lib3.final_cell_0690-0
1887,1.5436714887619019,human1_lib3.final_cell_0691-0
1888,1.8512712717056274,human1_lib3.final_cell_0692-0
1889,1.4625794887542725,human1_lib3.final_cell_0693-0
1890,1.6664940118789673,human1_lib3.final_cell_0694-0
1891,1.326725721359253,human1_lib3.final_cell_0695-0
1892,0.8224689960479736,human1_lib3.final_cell_0696-0
1893,1.3906643390655518,human1_lib3.final_cell_0697-0
1894,1.3018783330917358,human1_lib3.final_cell_0698-0
1895,0.6982937455177307,human1_lib3.final_cell_0699-0
1896,0.9132070541381836,human1_lib3.final_cell_0700-0
1897,1.847916603088379,human1_lib3.final_cell_0701-0
1898,0.7384073734283447,human1_lib3.final_cell_0702-0
1899,1.0464668273925781,human1_lib3.final_cell_0703-0
1900,3.1926820278167725,human1_lib3.final_cell_0704-0
1901,0.5876269340515137,human1_lib3.final_cell_0705-0
1902,0.6471301913261414,human1_lib3.final_cell_0706-0
1903,0.924991250038147,human1_lib3.final_cell_0707-0
1904,0.8613287806510925,human1_lib3.final_cell_0708-0
1905,0.6233453154563904,human1_lib3.final_cell_0709-0
1906,1.6905268430709839,human1_lib3.final_cell_0710-0
1907,1.2139824628829956,human1_lib3.final_cell_0711-0
1908,3.833669424057007,human1_lib3.final_cell_0712-0
1909,0.6374644637107849,human1_lib3.final_cell_0713-0
1910,1.6193580627441406,human1_lib3.final_cell_0714-0
1911,1.1089974641799927,human1_lib3.final_cell_0715-0
1912,1.240951418876648,human1_lib3.final_cell_0716-0
1913,1.434116244316101,human1_lib3.final_cell_0717-0
1914,0.6348596811294556,human1_lib3.final_cell_0718-0
1915,0.8539885878562927,human1_lib3.final_cell_0719-0
1916,2.0036404132843018,human1_lib3.final_cell_0720-0
1917,2.750563621520996,human1_lib3.final_cell_0721-0
1918,1.2678247690200806,human1_lib3.final_cell_0722-0
1919,1.8168209791183472,human1_lib3.final_cell_0723-0
1920,0.9101579189300537,human1_lib3.final_cell_0724-0
1921,0.5989910960197449,human1_lib3.final_cell_0725-0
1922,1.4004454612731934,human1_lib3.final_cell_0726-0
1923,1.583670973777771,human1_lib3.final_cell_0727-0
1924,1.3935925960540771,human1_lib3.final_cell_0728-0
1925,1.3660277128219604,human1_lib3.final_cell_0729-0
1926,0.6649170517921448,human1_lib3.final_cell_0730-0
1927,0.8258523941040039,human1_lib3.final_cell_0731-0
1928,1.223286747932434,human1_lib3.final_cell_0732-0
1929,1.2459627389907837,human1_lib3.final_cell_0733-0
1930,1.420107364654541,human1_lib3.final_cell_0734-0
1931,0.5314543843269348,human1_lib3.final_cell_0735-0
1932,2.8693926334381104,human1_lib3.final_cell_0736-0
1933,0.8714340925216675,human1_lib3.final_cell_0737-0
1934,1.4365209341049194,human1_lib3.final_cell_0738-0
1935,1.2693212032318115,human1_lib3.final_cell_0739-0
1936,1.7106159925460815,human1_lib3.final_cell_0740-0
1937,0.9984140992164612,human2_lib1.final_cell_0001-1
1938,0.8380777835845947,human2_lib1.final_cell_0002-1
1939,0.513634443283081,human2_lib1.final_cell_0003-1
1940,0.7755514979362488,human2_lib1.final_cell_0004-1
1941,0.8494043946266174,human2_lib1.final_cell_0005-1
1942,0.6914041638374329,human2_lib1.final_cell_0006-1
1943,0.712579071521759,human2_lib1.final_cell_0007-1
1944,0.6288817524909973,human2_lib1.final_cell_0008-1
1945,1.3880161046981812,human2_lib1.final_cell_0009-1
1946,1.317080020904541,human2_lib1.final_cell_0010-1
1947,0.6953830718994141,human2_lib1.final_cell_0011-1
1948,0.6233787536621094,human2_lib1.final_cell_0012-1
1949,0.4806337356567383,human2_lib1.final_cell_0013-1
1950,0.7415077090263367,human2_lib1.final_cell_0014-1
1951,0.5733353495597839,human2_lib1.final_cell_0015-1
1952,0.46911001205444336,human2_lib1.final_cell_0016-1
1953,0.6264402866363525,human2_lib1.final_cell_0017-1
1954,1.5578954219818115,human2_lib1.final_cell_0018-1
1955,0.4867095649242401,human2_lib1.final_cell_0019-1
1956,1.23141610622406,human2_lib1.final_cell_0020-1
1957,1.724916696548462,human2_lib1.final_cell_0021-1
1958,0.599448025226593,human2_lib1.final_cell_0022-1
1959,0.4551948010921478,human2_lib1.final_cell_0023-1
1960,0.8445019721984863,human2_lib1.final_cell_0024-1
1961,1.8824809789657593,human2_lib1.final_cell_0025-1
1962,0.7060387134552002,human2_lib1.final_cell_0026-1
1963,0.7687706351280212,human2_lib1.final_cell_0027-1
1964,0.8705824017524719,human2_lib1.final_cell_0028-1
1965,2.3791310787200928,human2_lib1.final_cell_0029-1
1966,1.5632215738296509,human2_lib1.final_cell_0030-1
1967,1.9245421886444092,human2_lib1.final_cell_0031-1
1968,2.037552833557129,human2_lib1.final_cell_0032-1
1969,0.633927583694458,human2_lib1.final_cell_0033-1
1970,0.8199922442436218,human2_lib1.final_cell_0034-1
1971,0.756783127784729,human2_lib1.final_cell_0035-1
1972,0.6813035607337952,human2_lib1.final_cell_0036-1
1973,0.45220375061035156,human2_lib1.final_cell_0037-1
1974,1.2683026790618896,human2_lib1.final_cell_0038-1
1975,0.8621936440467834,human2_lib1.final_cell_0039-1
1976,2.5337982177734375,human2_lib1.final_cell_0040-1
1977,0.480729341506958,human2_lib1.final_cell_0041-1
1978,0.753343939781189,human2_lib1.final_cell_0042-1
1979,1.4012521505355835,human2_lib1.final_cell_0043-1
1980,0.7605507969856262,human2_lib1.final_cell_0044-1
1981,0.6420785784721375,human2_lib1.final_cell_0045-1
1982,0.47371330857276917,human2_lib1.final_cell_0046-1
1983,0.5044891834259033,human2_lib1.final_cell_0047-1
1984,0.6121995449066162,human2_lib1.final_cell_0048-1
1985,1.6341921091079712,human2_lib1.final_cell_0049-1
1986,1.1865736246109009,human2_lib1.final_cell_0050-1
1987,1.3895587921142578,human2_lib1.final_cell_0051-1
1988,0.5832510590553284,human2_lib1.final_cell_0052-1
1989,2.0577869415283203,human2_lib1.final_cell_0053-1
1990,1.3954969644546509,human2_lib1.final_cell_0054-1
1991,0.5482525825500488,human2_lib1.final_cell_0055-1
1992,0.5590711236000061,human2_lib1.final_cell_0056-1
1993,0.6319862008094788,human2_lib1.final_cell_0057-1
1994,0.8776872754096985,human2_lib1.final_cell_0058-1
1995,0.5484937429428101,human2_lib1.final_cell_0059-1
1996,0.6778121590614319,human2_lib1.final_cell_0060-1
1997,0.8363063335418701,human2_lib1.final_cell_0061-1
1998,0.6325445175170898,human2_lib1.final_cell_0062-1
1999,0.6162086725234985,human2_lib1.final_cell_0063-1
2000,1.6939858198165894,human2_lib1.final_cell_0064-1
2001,0.47173160314559937,human2_lib1.final_cell_0065-1
2002,0.5201714634895325,human2_lib1.final_cell_0066-1
2003,0.96884685754776,human2_lib1.final_cell_0067-1
2004,0.6924668550491333,human2_lib1.final_cell_0068-1
2005,4.105989456176758,human2_lib1.final_cell_0069-1
2006,1.4099937677383423,human2_lib1.final_cell_0070-1
2007,1.5921332836151123,human2_lib1.final_cell_0071-1
2008,0.7166094779968262,human2_lib1.final_cell_0072-1
2009,0.653256356716156,human2_lib1.final_cell_0073-1
2010,1.586965560913086,human2_lib1.final_cell_0074-1
2011,0.6469138264656067,human2_lib1.final_cell_0075-1
2012,0.5383032560348511,human2_lib1.final_cell_0076-1
2013,0.4890466630458832,human2_lib1.final_cell_0077-1
2014,2.0064659118652344,human2_lib1.final_cell_0078-1
2015,0.5518940091133118,human2_lib1.final_cell_0079-1
2016,0.7645912170410156,human2_lib1.final_cell_0080-1
2017,1.4994879961013794,human2_lib1.final_cell_0081-1
2018,1.55423104763031,human2_lib1.final_cell_0082-1
2019,1.6701539754867554,human2_lib1.final_cell_0083-1
2020,0.5449081063270569,human2_lib1.final_cell_0084-1
2021,0.48358428478240967,human2_lib1.final_cell_0085-1
2022,1.606279730796814,human2_lib1.final_cell_0086-1
2023,0.48511043190956116,human2_lib1.final_cell_0087-1
2024,0.8650591373443604,human2_lib1.final_cell_0088-1
2025,0.6144673824310303,human2_lib1.final_cell_0089-1
2026,0.5301140546798706,human2_lib1.final_cell_0090-1
2027,1.1808342933654785,human2_lib1.final_cell_0091-1
2028,0.6239409446716309,human2_lib1.final_cell_0092-1
2029,0.5796830058097839,human2_lib1.final_cell_0093-1
2030,1.7061116695404053,human2_lib1.final_cell_0094-1
2031,0.6984588503837585,human2_lib1.final_cell_0095-1
2032,1.177262544631958,human2_lib1.final_cell_0096-1
2033,0.6250432133674622,human2_lib1.final_cell_0097-1
2034,1.7058465480804443,human2_lib1.final_cell_0098-1
2035,0.6453953385353088,human2_lib1.final_cell_0099-1
2036,1.043935775756836,human2_lib1.final_cell_0100-1
2037,0.5640141367912292,human2_lib1.final_cell_0101-1
2038,1.5227172374725342,human2_lib1.final_cell_0102-1
2039,0.7170339822769165,human2_lib1.final_cell_0103-1
2040,0.732361376285553,human2_lib1.final_cell_0104-1
2041,1.1281492710113525,human2_lib1.final_cell_0105-1
2042,0.9618446826934814,human2_lib1.final_cell_0106-1
2043,0.6531697511672974,human2_lib1.final_cell_0107-1
2044,0.5137796998023987,human2_lib1.final_cell_0108-1
2045,0.6796029806137085,human2_lib1.final_cell_0109-1
2046,0.7227584719657898,human2_lib1.final_cell_0110-1
2047,1.9130573272705078,human2_lib1.final_cell_0111-1
2048,1.9947081804275513,human2_lib1.final_cell_0112-1
2049,1.1079425811767578,human2_lib1.final_cell_0113-1
2050,1.0215293169021606,human2_lib1.final_cell_0114-1
2051,0.5416110157966614,human2_lib1.final_cell_0115-1
2052,1.227573037147522,human2_lib1.final_cell_0116-1
2053,1.6655880212783813,human2_lib1.final_cell_0117-1
2054,1.0151313543319702,human2_lib1.final_cell_0118-1
2055,0.5532386898994446,human2_lib1.final_cell_0119-1
2056,0.7044796943664551,human2_lib1.final_cell_0120-1
2057,1.2294026613235474,human2_lib1.final_cell_0121-1
2058,0.48466959595680237,human2_lib1.final_cell_0122-1
2059,1.122920036315918,human2_lib1.final_cell_0123-1
2060,0.7793291807174683,human2_lib1.final_cell_0124-1
2061,1.3461052179336548,human2_lib1.final_cell_0125-1
2062,0.6396929621696472,human2_lib1.final_cell_0126-1
2063,0.8391299247741699,human2_lib1.final_cell_0127-1
2064,0.6158946752548218,human2_lib1.final_cell_0128-1
2065,0.8833022117614746,human2_lib1.final_cell_0129-1
2066,0.5956401228904724,human2_lib1.final_cell_0130-1
2067,1.1900138854980469,human2_lib1.final_cell_0131-1
2068,0.5572949051856995,human2_lib1.final_cell_0132-1
2069,0.7510187029838562,human2_lib1.final_cell_0133-1
2070,1.1694607734680176,human2_lib1.final_cell_0134-1
2071,0.4634752571582794,human2_lib1.final_cell_0135-1
2072,1.087453842163086,human2_lib1.final_cell_0136-1
2073,0.791183590888977,human2_lib1.final_cell_0137-1
2074,1.5392526388168335,human2_lib1.final_cell_0138-1
2075,0.6757230758666992,human2_lib1.final_cell_0139-1
2076,0.4742541015148163,human2_lib1.final_cell_0140-1
2077,0.6828423142433167,human2_lib1.final_cell_0141-1
2078,0.48061373829841614,human2_lib1.final_cell_0142-1
2079,1.7923663854599,human2_lib1.final_cell_0143-1
2080,0.5906779170036316,human2_lib1.final_cell_0144-1
2081,0.8900017142295837,human2_lib1.final_cell_0145-1
2082,0.773352861404419,human2_lib1.final_cell_0146-1
2083,0.49013271927833557,human2_lib1.final_cell_0147-1
2084,0.4791567325592041,human2_lib1.final_cell_0148-1
2085,0.5549725890159607,human2_lib1.final_cell_0149-1
2086,2.0286505222320557,human2_lib1.final_cell_0150-1
2087,1.3187376260757446,human2_lib1.final_cell_0151-1
2088,1.2872503995895386,human2_lib1.final_cell_0152-1
2089,0.6116629242897034,human2_lib1.final_cell_0153-1
2090,0.5370252132415771,human2_lib1.final_cell_0154-1
2091,1.041312336921692,human2_lib1.final_cell_0155-1
2092,0.7107236981391907,human2_lib1.final_cell_0156-1
2093,0.6741037368774414,human2_lib1.final_cell_0157-1
2094,0.8563669919967651,human2_lib1.final_cell_0158-1
2095,1.2009023427963257,human2_lib1.final_cell_0159-1
2096,1.006794810295105,human2_lib1.final_cell_0160-1
2097,0.4935842454433441,human2_lib1.final_cell_0161-1
2098,0.6701330542564392,human2_lib1.final_cell_0162-1
2099,0.49854928255081177,human2_lib1.final_cell_0163-1
2100,0.7352643013000488,human2_lib1.final_cell_0164-1
2101,1.4311442375183105,human2_lib1.final_cell_0165-1
2102,0.5017762780189514,human2_lib1.final_cell_0166-1
2103,2.612175941467285,human2_lib1.final_cell_0167-1
2104,0.5382634997367859,human2_lib1.final_cell_0168-1
2105,0.7900682687759399,human2_lib1.final_cell_0169-1
2106,0.5106146931648254,human2_lib1.final_cell_0170-1
2107,1.3352628946304321,human2_lib1.final_cell_0171-1
2108,0.6604864597320557,human2_lib1.final_cell_0172-1
2109,1.1802139282226562,human2_lib1.final_cell_0173-1
2110,0.5235122442245483,human2_lib1.final_cell_0174-1
2111,0.4816338121891022,human2_lib1.final_cell_0175-1
2112,0.7225446701049805,human2_lib1.final_cell_0176-1
2113,1.1934289932250977,human2_lib1.final_cell_0177-1
2114,0.5223458409309387,human2_lib1.final_cell_0178-1
2115,0.4723063111305237,human2_lib1.final_cell_0179-1
2116,0.5875177979469299,human2_lib1.final_cell_0180-1
2117,1.929866075515747,human2_lib1.final_cell_0181-1
2118,0.6060402989387512,human2_lib1.final_cell_0182-1
2119,0.6306467652320862,human2_lib1.final_cell_0183-1
2120,0.6456008553504944,human2_lib1.final_cell_0184-1
2121,1.2925115823745728,human2_lib1.final_cell_0185-1
2122,2.0680062770843506,human2_lib1.final_cell_0186-1
2123,0.5736744999885559,human2_lib1.final_cell_0187-1
2124,1.9839881658554077,human2_lib1.final_cell_0188-1
2125,1.1810026168823242,human2_lib1.final_cell_0189-1
2126,0.9843034148216248,human2_lib1.final_cell_0190-1
2127,0.6122088432312012,human2_lib1.final_cell_0191-1
2128,1.400866985321045,human2_lib1.final_cell_0192-1
2129,0.898206353187561,human2_lib1.final_cell_0193-1
2130,1.2611830234527588,human2_lib1.final_cell_0194-1
2131,0.6421129703521729,human2_lib1.final_cell_0195-1
2132,0.662344217300415,human2_lib1.final_cell_0196-1
2133,2.1509499549865723,human2_lib1.final_cell_0197-1
2134,1.2489124536514282,human2_lib1.final_cell_0198-1
2135,0.5667185187339783,human2_lib1.final_cell_0199-1
2136,0.9661325216293335,human2_lib1.final_cell_0200-1
2137,0.5710514187812805,human2_lib1.final_cell_0201-1
2138,2.1550872325897217,human2_lib1.final_cell_0202-1
2139,0.7545596361160278,human2_lib1.final_cell_0203-1
2140,0.7272171378135681,human2_lib1.final_cell_0204-1
2141,0.8853362202644348,human2_lib1.final_cell_0205-1
2142,0.8168259263038635,human2_lib1.final_cell_0206-1
2143,1.258307695388794,human2_lib1.final_cell_0207-1
2144,0.6986352205276489,human2_lib1.final_cell_0208-1
2145,0.8475179672241211,human2_lib1.final_cell_0209-1
2146,1.0037778615951538,human2_lib1.final_cell_0210-1
2147,0.7622231841087341,human2_lib1.final_cell_0211-1
2148,0.5548816323280334,human2_lib1.final_cell_0212-1
2149,1.4557691812515259,human2_lib1.final_cell_0213-1
2150,0.6529542803764343,human2_lib1.final_cell_0214-1
2151,0.7669796347618103,human2_lib1.final_cell_0215-1
2152,2.177495241165161,human2_lib1.final_cell_0216-1
2153,1.4328458309173584,human2_lib1.final_cell_0217-1
2154,0.4637482762336731,human2_lib1.final_cell_0218-1
2155,0.6494528651237488,human2_lib1.final_cell_0219-1
2156,0.882718563079834,human2_lib1.final_cell_0220-1
2157,0.5806975960731506,human2_lib1.final_cell_0221-1
2158,0.5679422616958618,human2_lib1.final_cell_0222-1
2159,0.6756510734558105,human2_lib1.final_cell_0223-1
2160,0.5601999163627625,human2_lib1.final_cell_0224-1
2161,0.6073554754257202,human2_lib1.final_cell_0225-1
2162,1.5467370748519897,human2_lib1.final_cell_0226-1
2163,0.5686590671539307,human2_lib1.final_cell_0227-1
2164,0.533796489238739,human2_lib1.final_cell_0228-1
2165,0.49125921726226807,human2_lib1.final_cell_0229-1
2166,0.8009859323501587,human2_lib1.final_cell_0230-1
2167,0.6713289022445679,human2_lib1.final_cell_0231-1
2168,1.450601577758789,human2_lib1.final_cell_0232-1
2169,1.002608060836792,human2_lib1.final_cell_0233-1
2170,1.5046653747558594,human2_lib1.final_cell_0234-1
2171,0.5418809056282043,human2_lib1.final_cell_0235-1
2172,0.7148352861404419,human2_lib1.final_cell_0236-1
2173,0.846277117729187,human2_lib1.final_cell_0237-1
2174,1.6656073331832886,human2_lib1.final_cell_0238-1
2175,0.8438357710838318,human2_lib1.final_cell_0239-1
2176,0.5337012410163879,human2_lib1.final_cell_0240-1
2177,0.7271100282669067,human2_lib1.final_cell_0241-1
2178,0.5478753447532654,human2_lib1.final_cell_0242-1
2179,0.8238215446472168,human2_lib1.final_cell_0243-1
2180,2.021353006362915,human2_lib1.final_cell_0244-1
2181,0.7255762219429016,human2_lib1.final_cell_0245-1
2182,0.9934988617897034,human2_lib1.final_cell_0246-1
2183,1.357308030128479,human2_lib1.final_cell_0247-1
2184,1.293864369392395,human2_lib1.final_cell_0248-1
2185,0.6006206274032593,human2_lib1.final_cell_0249-1
2186,0.4940289556980133,human2_lib1.final_cell_0250-1
2187,1.391959547996521,human2_lib1.final_cell_0251-1
2188,0.5941033363342285,human2_lib1.final_cell_0252-1
2189,1.6549923419952393,human2_lib1.final_cell_0253-1
2190,1.172772765159607,human2_lib1.final_cell_0254-1
2191,0.6722936630249023,human2_lib1.final_cell_0255-1
2192,1.551236629486084,human2_lib1.final_cell_0256-1
2193,1.221104621887207,human2_lib1.final_cell_0257-1
2194,0.5612038969993591,human2_lib1.final_cell_0258-1
2195,0.5624743700027466,human2_lib1.final_cell_0259-1
2196,1.1481738090515137,human2_lib1.final_cell_0260-1
2197,0.9058438539505005,human2_lib1.final_cell_0261-1
2198,0.7695478796958923,human2_lib1.final_cell_0262-1
2199,1.1268012523651123,human2_lib1.final_cell_0263-1
2200,0.7020152807235718,human2_lib1.final_cell_0264-1
2201,0.6282967925071716,human2_lib1.final_cell_0265-1
2202,1.1265789270401,human2_lib1.final_cell_0266-1
2203,0.8075802326202393,human2_lib1.final_cell_0267-1
2204,0.5675625205039978,human2_lib1.final_cell_0268-1
2205,1.3215218782424927,human2_lib1.final_cell_0269-1
2206,0.6823967695236206,human2_lib1.final_cell_0270-1
2207,0.711034893989563,human2_lib1.final_cell_0271-1
2208,1.0858045816421509,human2_lib1.final_cell_0272-1
2209,0.944491446018219,human2_lib1.final_cell_0273-1
2210,1.4982638359069824,human2_lib1.final_cell_0274-1
2211,1.0391055345535278,human2_lib1.final_cell_0275-1
2212,1.1885006427764893,human2_lib1.final_cell_0276-1
2213,0.8510527610778809,human2_lib1.final_cell_0277-1
2214,0.7394808530807495,human2_lib1.final_cell_0278-1
2215,0.5327707529067993,human2_lib1.final_cell_0279-1
2216,0.6685882806777954,human2_lib1.final_cell_0280-1
2217,1.1878384351730347,human2_lib1.final_cell_0281-1
2218,0.9829624891281128,human2_lib1.final_cell_0282-1
2219,1.162583827972412,human2_lib1.final_cell_0283-1
2220,2.9999828338623047,human2_lib1.final_cell_0284-1
2221,0.837937593460083,human2_lib1.final_cell_0285-1
2222,0.4980815351009369,human2_lib1.final_cell_0286-1
2223,1.1987864971160889,human2_lib1.final_cell_0287-1
2224,0.5817896723747253,human2_lib1.final_cell_0288-1
2225,0.6197340488433838,human2_lib1.final_cell_0289-1
2226,0.5713246464729309,human2_lib1.final_cell_0290-1
2227,0.6744141578674316,human2_lib1.final_cell_0291-1
2228,0.6571075916290283,human2_lib1.final_cell_0292-1
2229,0.6844871044158936,human2_lib1.final_cell_0293-1
2230,0.5343345999717712,human2_lib1.final_cell_0294-1
2231,1.3328590393066406,human2_lib1.final_cell_0295-1
2232,0.582392156124115,human2_lib1.final_cell_0296-1
2233,1.279665231704712,human2_lib1.final_cell_0297-1
2234,0.5956903100013733,human2_lib1.final_cell_0298-1
2235,0.8350614309310913,human2_lib1.final_cell_0299-1
2236,0.5330615639686584,human2_lib1.final_cell_0300-1
2237,1.7646050453186035,human2_lib1.final_cell_0301-1
2238,0.6781553626060486,human2_lib1.final_cell_0302-1
2239,1.4352457523345947,human2_lib1.final_cell_0303-1
2240,0.6377540230751038,human2_lib1.final_cell_0304-1
2241,0.7618076801300049,human2_lib1.final_cell_0305-1
2242,0.4895867109298706,human2_lib1.final_cell_0306-1
2243,1.3676120042800903,human2_lib1.final_cell_0307-1
2244,0.7925062775611877,human2_lib1.final_cell_0308-1
2245,1.3976328372955322,human2_lib1.final_cell_0309-1
2246,0.5646879076957703,human2_lib1.final_cell_0310-1
2247,0.6925617456436157,human2_lib1.final_cell_0311-1
2248,1.3834950923919678,human2_lib1.final_cell_0312-1
2249,1.304129719734192,human2_lib1.final_cell_0313-1
2250,1.2802212238311768,human2_lib1.final_cell_0314-1
2251,1.0546232461929321,human2_lib1.final_cell_0315-1
2252,0.7093765735626221,human2_lib1.final_cell_0316-1
2253,1.5698641538619995,human2_lib1.final_cell_0317-1
2254,0.7254622578620911,human2_lib1.final_cell_0318-1
2255,1.045762538909912,human2_lib1.final_cell_0319-1
2256,0.46134108304977417,human2_lib1.final_cell_0320-1
2257,1.3172203302383423,human2_lib1.final_cell_0321-1
2258,0.8384000062942505,human2_lib1.final_cell_0322-1
2259,1.0257452726364136,human2_lib1.final_cell_0323-1
2260,0.7387795448303223,human2_lib1.final_cell_0324-1
2261,0.8384376168251038,human2_lib1.final_cell_0325-1
2262,0.6058492660522461,human2_lib1.final_cell_0326-1
2263,1.0583748817443848,human2_lib1.final_cell_0327-1
2264,0.9597015976905823,human2_lib1.final_cell_0328-1
2265,0.7492203712463379,human2_lib1.final_cell_0329-1
2266,0.7380793690681458,human2_lib1.final_cell_0330-1
2267,0.9817829132080078,human2_lib1.final_cell_0331-1
2268,0.7189049124717712,human2_lib1.final_cell_0332-1
2269,0.5048131346702576,human2_lib1.final_cell_0333-1
2270,2.1359682083129883,human2_lib1.final_cell_0334-1
2271,0.7475210428237915,human2_lib1.final_cell_0335-1
2272,1.4719374179840088,human2_lib1.final_cell_0336-1
2273,0.7633714079856873,human2_lib1.final_cell_0337-1
2274,0.658055305480957,human2_lib1.final_cell_0338-1
2275,0.7870113253593445,human2_lib1.final_cell_0339-1
2276,1.7253684997558594,human2_lib1.final_cell_0340-1
2277,0.9245684742927551,human2_lib1.final_cell_0341-1
2278,1.0251680612564087,human2_lib1.final_cell_0342-1
2279,0.5302024483680725,human2_lib1.final_cell_0343-1
2280,1.584459900856018,human2_lib1.final_cell_0344-1
2281,0.6117573380470276,human2_lib1.final_cell_0345-1
2282,1.1761553287506104,human2_lib1.final_cell_0346-1
2283,2.1917989253997803,human2_lib1.final_cell_0347-1
2284,1.1925333738327026,human2_lib1.final_cell_0348-1
2285,1.32700514793396,human2_lib1.final_cell_0349-1
2286,1.3694002628326416,human2_lib1.final_cell_0350-1
2287,1.219492793083191,human2_lib1.final_cell_0351-1
2288,0.6429232358932495,human2_lib1.final_cell_0352-1
2289,0.5098205208778381,human2_lib1.final_cell_0353-1
2290,0.6578669548034668,human2_lib1.final_cell_0354-1
2291,0.6963661909103394,human2_lib1.final_cell_0355-1
2292,0.9947274923324585,human2_lib1.final_cell_0356-1
2293,1.264043927192688,human2_lib1.final_cell_0357-1
2294,1.0984125137329102,human2_lib1.final_cell_0358-1
2295,0.9457226395606995,human2_lib1.final_cell_0359-1
2296,0.4592895209789276,human2_lib1.final_cell_0360-1
2297,1.6689037084579468,human2_lib1.final_cell_0361-1
2298,0.8306270837783813,human2_lib1.final_cell_0362-1
2299,0.550978422164917,human2_lib1.final_cell_0363-1
2300,0.7462367415428162,human2_lib1.final_cell_0364-1
2301,2.073951244354248,human2_lib1.final_cell_0365-1
2302,0.9450562000274658,human2_lib1.final_cell_0366-1
2303,0.5514980554580688,human2_lib1.final_cell_0367-1
2304,0.6226333975791931,human2_lib1.final_cell_0368-1
2305,0.715253472328186,human2_lib1.final_cell_0369-1
2306,0.7861520648002625,human2_lib1.final_cell_0370-1
2307,0.6190853118896484,human2_lib1.final_cell_0371-1
2308,1.3487693071365356,human2_lib1.final_cell_0372-1
2309,0.9878884553909302,human2_lib1.final_cell_0373-1
2310,2.0889222621917725,human2_lib1.final_cell_0374-1
2311,0.7647759318351746,human2_lib1.final_cell_0375-1
2312,1.2259163856506348,human2_lib1.final_cell_0376-1
2313,0.7202733755111694,human2_lib1.final_cell_0377-1
2314,2.2174606323242188,human2_lib1.final_cell_0378-1
2315,1.7780343294143677,human2_lib1.final_cell_0379-1
2316,1.847493290901184,human2_lib1.final_cell_0380-1
2317,1.33717942237854,human2_lib1.final_cell_0381-1
2318,0.6177054047584534,human2_lib1.final_cell_0382-1
2319,0.7230945825576782,human2_lib1.final_cell_0383-1
2320,0.7801514863967896,human2_lib1.final_cell_0384-1
2321,0.6666328310966492,human2_lib1.final_cell_0385-1
2322,0.48552951216697693,human2_lib1.final_cell_0386-1
2323,0.48462626338005066,human2_lib1.final_cell_0387-1
2324,0.7440787553787231,human2_lib1.final_cell_0388-1
2325,0.47639361023902893,human2_lib1.final_cell_0389-1
2326,1.36281156539917,human2_lib1.final_cell_0390-1
2327,1.483452320098877,human2_lib1.final_cell_0391-1
2328,1.2501518726348877,human2_lib1.final_cell_0392-1
2329,0.8537183403968811,human2_lib1.final_cell_0393-1
2330,1.4824116230010986,human2_lib1.final_cell_0394-1
2331,1.0894497632980347,human2_lib1.final_cell_0395-1
2332,1.129333257675171,human2_lib1.final_cell_0396-1
2333,0.7612483501434326,human2_lib1.final_cell_0397-1
2334,1.463918924331665,human2_lib1.final_cell_0398-1
2335,1.7102952003479004,human2_lib1.final_cell_0399-1
2336,0.8072633743286133,human2_lib1.final_cell_0400-1
2337,0.7611649036407471,human2_lib1.final_cell_0401-1
2338,1.2234688997268677,human2_lib1.final_cell_0402-1
2339,1.383926272392273,human2_lib1.final_cell_0403-1
2340,0.9660378098487854,human2_lib1.final_cell_0404-1
2341,1.017327904701233,human2_lib1.final_cell_0405-1
2342,1.3203173875808716,human2_lib1.final_cell_0406-1
2343,1.2283118963241577,human2_lib1.final_cell_0407-1
2344,0.6581438779830933,human2_lib1.final_cell_0408-1
2345,0.5726775527000427,human2_lib1.final_cell_0409-1
2346,6.704137325286865,human2_lib1.final_cell_0410-1
2347,1.4178187847137451,human2_lib1.final_cell_0411-1
2348,0.8731141686439514,human2_lib1.final_cell_0412-1
2349,0.7695579528808594,human2_lib1.final_cell_0413-1
2350,1.5418201684951782,human2_lib1.final_cell_0414-1
2351,0.7266299724578857,human2_lib1.final_cell_0415-1
2352,0.5129268169403076,human2_lib1.final_cell_0416-1
2353,0.6434160470962524,human2_lib1.final_cell_0417-1
2354,0.9781780242919922,human2_lib1.final_cell_0418-1
2355,0.7632203698158264,human2_lib1.final_cell_0419-1
2356,0.9860097169876099,human2_lib1.final_cell_0420-1
2357,0.6529989242553711,human2_lib1.final_cell_0421-1
2358,2.4810547828674316,human2_lib1.final_cell_0422-1
2359,1.1416292190551758,human2_lib1.final_cell_0423-1
2360,0.8194360136985779,human2_lib1.final_cell_0424-1
2361,0.7049850821495056,human2_lib1.final_cell_0425-1
2362,1.2724807262420654,human2_lib1.final_cell_0426-1
2363,0.49963510036468506,human2_lib1.final_cell_0427-1
2364,0.5344904661178589,human2_lib1.final_cell_0428-1
2365,1.084158182144165,human2_lib1.final_cell_0429-1
2366,0.6661039590835571,human2_lib1.final_cell_0430-1
2367,1.2879599332809448,human2_lib1.final_cell_0431-1
2368,1.2594324350357056,human2_lib1.final_cell_0432-1
2369,1.1117805242538452,human2_lib1.final_cell_0433-1
2370,1.023073434829712,human2_lib1.final_cell_0434-1
2371,0.964066207408905,human2_lib1.final_cell_0435-1
2372,0.738752007484436,human2_lib1.final_cell_0436-1
2373,0.8465163111686707,human2_lib1.final_cell_0437-1
2374,1.3242639303207397,human2_lib1.final_cell_0438-1
2375,1.3250948190689087,human2_lib1.final_cell_0439-1
2376,0.48048603534698486,human2_lib1.final_cell_0440-1
2377,0.5751028060913086,human2_lib1.final_cell_0441-1
2378,0.5013625621795654,human2_lib1.final_cell_0442-1
2379,1.5165587663650513,human2_lib1.final_cell_0443-1
2380,1.5496220588684082,human2_lib1.final_cell_0444-1
2381,0.6537361741065979,human2_lib1.final_cell_0445-1
2382,1.1262956857681274,human2_lib1.final_cell_0446-1
2383,0.5549647212028503,human2_lib1.final_cell_0447-1
2384,0.551150918006897,human2_lib1.final_cell_0448-1
2385,0.6258599162101746,human2_lib1.final_cell_0449-1
2386,1.1138499975204468,human2_lib1.final_cell_0450-1
2387,0.5077397227287292,human2_lib1.final_cell_0451-1
2388,1.208282232284546,human2_lib1.final_cell_0452-1
2389,0.672235369682312,human2_lib1.final_cell_0453-1
2390,0.618355929851532,human2_lib1.final_cell_0454-1
2391,1.0701162815093994,human2_lib1.final_cell_0455-1
2392,0.9685361385345459,human2_lib1.final_cell_0456-1
2393,1.2628191709518433,human2_lib1.final_cell_0457-1
2394,0.6820588707923889,human2_lib1.final_cell_0458-1
2395,1.17897367477417,human2_lib1.final_cell_0459-1
2396,0.5259162783622742,human2_lib1.final_cell_0460-1
2397,1.5878177881240845,human2_lib1.final_cell_0461-1
2398,0.6915297508239746,human2_lib1.final_cell_0462-1
2399,0.6552258729934692,human2_lib1.final_cell_0463-1
2400,0.5417783260345459,human2_lib1.final_cell_0464-1
2401,0.506095826625824,human2_lib1.final_cell_0465-1
2402,1.2686294317245483,human2_lib1.final_cell_0466-1
2403,1.0766172409057617,human2_lib1.final_cell_0467-1
2404,6.66933012008667,human2_lib1.final_cell_0468-1
2405,0.7320266366004944,human2_lib1.final_cell_0469-1
2406,1.2972297668457031,human2_lib1.final_cell_0470-1
2407,1.343892216682434,human2_lib1.final_cell_0471-1
2408,0.8008909821510315,human2_lib1.final_cell_0472-1
2409,1.7285246849060059,human2_lib1.final_cell_0473-1
2410,0.694054365158081,human2_lib1.final_cell_0474-1
2411,0.9825291633605957,human2_lib1.final_cell_0475-1
2412,0.7929666042327881,human2_lib1.final_cell_0476-1
2413,1.3084640502929688,human2_lib1.final_cell_0477-1
2414,1.4224108457565308,human2_lib1.final_cell_0478-1
2415,1.0641038417816162,human2_lib1.final_cell_0479-1
2416,0.7346738576889038,human2_lib1.final_cell_0480-1
2417,1.3601967096328735,human2_lib1.final_cell_0481-1
2418,1.8521760702133179,human2_lib1.final_cell_0482-1
2419,0.544646143913269,human2_lib1.final_cell_0483-1
2420,0.613540530204773,human2_lib1.final_cell_0484-1
2421,1.8946402072906494,human2_lib1.final_cell_0485-1
2422,0.9177737236022949,human2_lib1.final_cell_0486-1
2423,0.7177866697311401,human2_lib1.final_cell_0487-1
2424,0.7510498762130737,human2_lib1.final_cell_0488-1
2425,0.5529753565788269,human2_lib1.final_cell_0489-1
2426,2.191180944442749,human2_lib1.final_cell_0490-1
2427,0.5963772535324097,human2_lib1.final_cell_0491-1
2428,0.5593308210372925,human2_lib1.final_cell_0492-1
2429,0.7294230461120605,human2_lib1.final_cell_0493-1
2430,1.7956582307815552,human2_lib1.final_cell_0494-1
2431,1.6217352151870728,human2_lib1.final_cell_0495-1
2432,0.6585395336151123,human2_lib1.final_cell_0496-1
2433,1.4578685760498047,human2_lib1.final_cell_0497-1
2434,1.7298702001571655,human2_lib1.final_cell_0498-1
2435,0.6619474291801453,human2_lib1.final_cell_0499-1
2436,1.712594985961914,human2_lib1.final_cell_0500-1
2437,1.5654828548431396,human2_lib1.final_cell_0501-1
2438,0.8908936381340027,human2_lib1.final_cell_0502-1
2439,0.7285388708114624,human2_lib1.final_cell_0503-1
2440,0.6508785486221313,human2_lib1.final_cell_0504-1
2441,1.317569375038147,human2_lib1.final_cell_0505-1
2442,0.6136516332626343,human2_lib1.final_cell_0506-1
2443,1.9540507793426514,human2_lib1.final_cell_0507-1
2444,0.49828144907951355,human2_lib1.final_cell_0508-1
2445,0.8474227786064148,human2_lib1.final_cell_0509-1
2446,0.5353344082832336,human2_lib1.final_cell_0510-1
2447,1.0417696237564087,human2_lib1.final_cell_0511-1
2448,0.5144540071487427,human2_lib1.final_cell_0512-1
2449,0.9026976227760315,human2_lib1.final_cell_0513-1
2450,1.5726414918899536,human2_lib1.final_cell_0514-1
2451,0.6297143697738647,human2_lib1.final_cell_0515-1
2452,0.7642746567726135,human2_lib1.final_cell_0516-1
2453,1.162386178970337,human2_lib1.final_cell_0517-1
2454,1.6692625284194946,human2_lib1.final_cell_0518-1
2455,1.872774362564087,human2_lib1.final_cell_0519-1
2456,1.7446870803833008,human2_lib1.final_cell_0520-1
2457,0.5052571892738342,human2_lib1.final_cell_0521-1
2458,0.5759069919586182,human2_lib1.final_cell_0522-1
2459,1.3205151557922363,human2_lib1.final_cell_0523-1
2460,1.2193645238876343,human2_lib1.final_cell_0524-1
2461,3.472458839416504,human2_lib1.final_cell_0525-1
2462,0.7299739718437195,human2_lib1.final_cell_0526-1
2463,0.7976029515266418,human2_lib1.final_cell_0527-1
2464,1.7062875032424927,human2_lib1.final_cell_0528-1
2465,0.7494292259216309,human2_lib1.final_cell_0529-1
2466,1.060770869255066,human2_lib1.final_cell_0530-1
2467,2.080230474472046,human2_lib1.final_cell_0531-1
2468,0.6883817315101624,human2_lib1.final_cell_0532-1
2469,1.570229411125183,human2_lib1.final_cell_0533-1
2470,1.0290584564208984,human2_lib1.final_cell_0534-1
2471,1.21286141872406,human2_lib1.final_cell_0535-1
2472,1.254927396774292,human2_lib1.final_cell_0536-1
2473,0.8860487341880798,human2_lib1.final_cell_0537-1
2474,1.403802514076233,human2_lib1.final_cell_0538-1
2475,3.0687527656555176,human2_lib1.final_cell_0539-1
2476,0.784071683883667,human2_lib1.final_cell_0540-1
2477,1.9318190813064575,human2_lib1.final_cell_0541-1
2478,1.0363818407058716,human2_lib1.final_cell_0542-1
2479,0.8581221103668213,human2_lib1.final_cell_0543-1
2480,3.1968932151794434,human2_lib1.final_cell_0544-1
2481,1.6168462038040161,human2_lib1.final_cell_0545-1
2482,1.6279386281967163,human2_lib1.final_cell_0546-1
2483,0.9875950813293457,human2_lib1.final_cell_0547-1
2484,0.8131075501441956,human2_lib1.final_cell_0548-1
2485,1.5422370433807373,human2_lib1.final_cell_0549-1
2486,2.064329147338867,human2_lib1.final_cell_0550-1
2487,0.8620074391365051,human2_lib1.final_cell_0551-1
2488,0.6022606492042542,human2_lib1.final_cell_0552-1
2489,1.0771952867507935,human2_lib1.final_cell_0553-1
2490,1.808773398399353,human2_lib1.final_cell_0554-1
2491,1.628275752067566,human2_lib1.final_cell_0555-1
2492,0.7687690258026123,human2_lib1.final_cell_0556-1
2493,1.2762157917022705,human2_lib1.final_cell_0557-1
2494,1.8098971843719482,human2_lib1.final_cell_0558-1
2495,0.9207782745361328,human2_lib1.final_cell_0559-1
2496,0.8282079696655273,human2_lib2.final_cell_0001-1
2497,3.674067258834839,human2_lib2.final_cell_0002-1
2498,0.6498979330062866,human2_lib2.final_cell_0003-1
2499,1.4401721954345703,human2_lib2.final_cell_0004-1
2500,0.5311398506164551,human2_lib2.final_cell_0005-1
2501,0.7970055937767029,human2_lib2.final_cell_0006-1
2502,1.3681752681732178,human2_lib2.final_cell_0007-1
2503,0.5575788617134094,human2_lib2.final_cell_0008-1
2504,0.7720397114753723,human2_lib2.final_cell_0009-1
2505,0.857642650604248,human2_lib2.final_cell_0010-1
2506,0.6694731116294861,human2_lib2.final_cell_0011-1
2507,2.565459728240967,human2_lib2.final_cell_0012-1
2508,0.7412630915641785,human2_lib2.final_cell_0013-1
2509,0.7544816136360168,human2_lib2.final_cell_0014-1
2510,1.289509892463684,human2_lib2.final_cell_0015-1
2511,1.7018307447433472,human2_lib2.final_cell_0016-1
2512,1.4015051126480103,human2_lib2.final_cell_0017-1
2513,1.6511743068695068,human2_lib2.final_cell_0018-1
2514,0.5254570245742798,human2_lib2.final_cell_0019-1
2515,0.774206280708313,human2_lib2.final_cell_0020-1
2516,2.378826141357422,human2_lib2.final_cell_0021-1
2517,0.603107750415802,human2_lib2.final_cell_0022-1
2518,0.6829413175582886,human2_lib2.final_cell_0023-1
2519,1.6895726919174194,human2_lib2.final_cell_0024-1
2520,0.5622471570968628,human2_lib2.final_cell_0025-1
2521,0.6185363531112671,human2_lib2.final_cell_0026-1
2522,0.48478424549102783,human2_lib2.final_cell_0027-1
2523,0.474593847990036,human2_lib2.final_cell_0028-1
2524,1.543410301208496,human2_lib2.final_cell_0029-1
2525,1.5370376110076904,human2_lib2.final_cell_0030-1
2526,0.6099663972854614,human2_lib2.final_cell_0031-1
2527,1.4468437433242798,human2_lib2.final_cell_0032-1
2528,0.7711291313171387,human2_lib2.final_cell_0033-1
2529,0.6630319952964783,human2_lib2.final_cell_0034-1
2530,0.8625019192695618,human2_lib2.final_cell_0035-1
2531,1.3271480798721313,human2_lib2.final_cell_0036-1
2532,0.7763310670852661,human2_lib2.final_cell_0037-1
2533,1.1083911657333374,human2_lib2.final_cell_0038-1
2534,1.2791805267333984,human2_lib2.final_cell_0039-1
2535,0.6392682194709778,human2_lib2.final_cell_0040-1
2536,0.4649430811405182,human2_lib2.final_cell_0041-1
2537,0.5305026769638062,human2_lib2.final_cell_0042-1
2538,1.328980565071106,human2_lib2.final_cell_0043-1
2539,1.2963159084320068,human2_lib2.final_cell_0044-1
2540,1.544589877128601,human2_lib2.final_cell_0045-1
2541,0.7812082171440125,human2_lib2.final_cell_0046-1
2542,0.8097962141036987,human2_lib2.final_cell_0047-1
2543,0.695661723613739,human2_lib2.final_cell_0048-1
2544,0.7619064450263977,human2_lib2.final_cell_0049-1
2545,1.8644393682479858,human2_lib2.final_cell_0050-1
2546,0.4515939950942993,human2_lib2.final_cell_0051-1
2547,1.6738431453704834,human2_lib2.final_cell_0052-1
2548,1.0771524906158447,human2_lib2.final_cell_0053-1
2549,0.533713161945343,human2_lib2.final_cell_0054-1
2550,0.6758180856704712,human2_lib2.final_cell_0055-1
2551,0.7943146824836731,human2_lib2.final_cell_0056-1
2552,0.545654833316803,human2_lib2.final_cell_0057-1
2553,0.8071761131286621,human2_lib2.final_cell_0058-1
2554,0.5947644710540771,human2_lib2.final_cell_0059-1
2555,0.6347156763076782,human2_lib2.final_cell_0060-1
2556,1.7834272384643555,human2_lib2.final_cell_0061-1
2557,0.6099006533622742,human2_lib2.final_cell_0062-1
2558,0.5829898118972778,human2_lib2.final_cell_0063-1
2559,0.6078840494155884,human2_lib2.final_cell_0064-1
2560,0.6950399875640869,human2_lib2.final_cell_0065-1
2561,0.7095348238945007,human2_lib2.final_cell_0066-1
2562,1.3688507080078125,human2_lib2.final_cell_0067-1
2563,1.0242003202438354,human2_lib2.final_cell_0068-1
2564,1.9079231023788452,human2_lib2.final_cell_0069-1
2565,0.8118218183517456,human2_lib2.final_cell_0070-1
2566,1.4408910274505615,human2_lib2.final_cell_0071-1
2567,0.6990827322006226,human2_lib2.final_cell_0072-1
2568,0.6442140936851501,human2_lib2.final_cell_0073-1
2569,0.8350621461868286,human2_lib2.final_cell_0074-1
2570,1.0632917881011963,human2_lib2.final_cell_0075-1
2571,1.8133244514465332,human2_lib2.final_cell_0076-1
2572,0.6685075163841248,human2_lib2.final_cell_0077-1
2573,1.4236595630645752,human2_lib2.final_cell_0078-1
2574,0.5677483081817627,human2_lib2.final_cell_0079-1
2575,1.1930525302886963,human2_lib2.final_cell_0080-1
2576,1.4705859422683716,human2_lib2.final_cell_0081-1
2577,1.5033822059631348,human2_lib2.final_cell_0082-1
2578,0.973578691482544,human2_lib2.final_cell_0083-1
2579,0.5572354197502136,human2_lib2.final_cell_0084-1
2580,1.2131959199905396,human2_lib2.final_cell_0085-1
2581,0.8241717219352722,human2_lib2.final_cell_0086-1
2582,0.6793226599693298,human2_lib2.final_cell_0087-1
2583,0.5131218433380127,human2_lib2.final_cell_0088-1
2584,0.8595261573791504,human2_lib2.final_cell_0089-1
2585,1.3388769626617432,human2_lib2.final_cell_0090-1
2586,0.8154144883155823,human2_lib2.final_cell_0091-1
2587,0.8073519468307495,human2_lib2.final_cell_0092-1
2588,1.6377907991409302,human2_lib2.final_cell_0093-1
2589,0.9197990894317627,human2_lib2.final_cell_0094-1
2590,0.736487090587616,human2_lib2.final_cell_0095-1
2591,0.49459102749824524,human2_lib2.final_cell_0096-1
2592,0.6585783362388611,human2_lib2.final_cell_0097-1
2593,0.7146903276443481,human2_lib2.final_cell_0098-1
2594,0.5219025611877441,human2_lib2.final_cell_0099-1
2595,0.49256157875061035,human2_lib2.final_cell_0100-1
2596,0.5359126329421997,human2_lib2.final_cell_0101-1
2597,1.4992539882659912,human2_lib2.final_cell_0102-1
2598,0.6623976826667786,human2_lib2.final_cell_0103-1
2599,1.371050238609314,human2_lib2.final_cell_0104-1
2600,0.5431220531463623,human2_lib2.final_cell_0105-1
2601,1.9096641540527344,human2_lib2.final_cell_0106-1
2602,0.5147421360015869,human2_lib2.final_cell_0107-1
2603,0.6483105421066284,human2_lib2.final_cell_0108-1
2604,0.9247487187385559,human2_lib2.final_cell_0109-1
2605,1.475869059562683,human2_lib2.final_cell_0110-1
2606,0.5913888812065125,human2_lib2.final_cell_0111-1
2607,2.0095741748809814,human2_lib2.final_cell_0112-1
2608,1.1981157064437866,human2_lib2.final_cell_0113-1
2609,1.3415138721466064,human2_lib2.final_cell_0114-1
2610,0.5488159656524658,human2_lib2.final_cell_0115-1
2611,0.5070743560791016,human2_lib2.final_cell_0116-1
2612,0.748541533946991,human2_lib2.final_cell_0117-1
2613,0.6697057485580444,human2_lib2.final_cell_0118-1
2614,1.2530461549758911,human2_lib2.final_cell_0119-1
2615,2.398890733718872,human2_lib2.final_cell_0120-1
2616,1.404913306236267,human2_lib2.final_cell_0121-1
2617,0.6497973203659058,human2_lib2.final_cell_0122-1
2618,0.6502998471260071,human2_lib2.final_cell_0123-1
2619,0.5168448090553284,human2_lib2.final_cell_0124-1
2620,0.5909596085548401,human2_lib2.final_cell_0125-1
2621,0.8524636030197144,human2_lib2.final_cell_0126-1
2622,1.5818464756011963,human2_lib2.final_cell_0127-1
2623,0.5885854363441467,human2_lib2.final_cell_0128-1
2624,1.0586210489273071,human2_lib2.final_cell_0129-1
2625,0.5484093427658081,human2_lib2.final_cell_0130-1
2626,0.6333565711975098,human2_lib2.final_cell_0131-1
2627,0.4850829243659973,human2_lib2.final_cell_0132-1
2628,0.5620376467704773,human2_lib2.final_cell_0133-1
2629,0.7067262530326843,human2_lib2.final_cell_0134-1
2630,0.8215166330337524,human2_lib2.final_cell_0135-1
2631,1.0850528478622437,human2_lib2.final_cell_0136-1
2632,0.6422476768493652,human2_lib2.final_cell_0137-1
2633,0.7292138338088989,human2_lib2.final_cell_0138-1
2634,0.5750043988227844,human2_lib2.final_cell_0139-1
2635,0.9678802490234375,human2_lib2.final_cell_0140-1
2636,0.6600434184074402,human2_lib2.final_cell_0141-1
2637,0.5636104941368103,human2_lib2.final_cell_0142-1
2638,0.9147995114326477,human2_lib2.final_cell_0143-1
2639,2.3491733074188232,human2_lib2.final_cell_0144-1
2640,1.6882590055465698,human2_lib2.final_cell_0145-1
2641,1.5697396993637085,human2_lib2.final_cell_0146-1
2642,0.5777227878570557,human2_lib2.final_cell_0147-1
2643,0.5725021958351135,human2_lib2.final_cell_0148-1
2644,0.7972686886787415,human2_lib2.final_cell_0149-1
2645,2.375701665878296,human2_lib2.final_cell_0150-1
2646,0.7852145433425903,human2_lib2.final_cell_0151-1
2647,0.5152097344398499,human2_lib2.final_cell_0152-1
2648,1.3117369413375854,human2_lib2.final_cell_0153-1
2649,1.5461782217025757,human2_lib2.final_cell_0154-1
2650,1.076263189315796,human2_lib2.final_cell_0155-1
2651,0.7539126873016357,human2_lib2.final_cell_0156-1
2652,1.3791308403015137,human2_lib2.final_cell_0157-1
2653,1.0898233652114868,human2_lib2.final_cell_0158-1
2654,0.5569595694541931,human2_lib2.final_cell_0159-1
2655,0.6288318037986755,human2_lib2.final_cell_0160-1
2656,1.6621017456054688,human2_lib2.final_cell_0161-1
2657,1.2332738637924194,human2_lib2.final_cell_0162-1
2658,0.5105267763137817,human2_lib2.final_cell_0163-1
2659,0.47449174523353577,human2_lib2.final_cell_0164-1
2660,1.4672126770019531,human2_lib2.final_cell_0165-1
2661,0.9929218292236328,human2_lib2.final_cell_0166-1
2662,0.6313201189041138,human2_lib2.final_cell_0167-1
2663,0.8973681330680847,human2_lib2.final_cell_0168-1
2664,1.4925761222839355,human2_lib2.final_cell_0169-1
2665,0.8746463060379028,human2_lib2.final_cell_0170-1
2666,1.907557487487793,human2_lib2.final_cell_0171-1
2667,1.567313313484192,human2_lib2.final_cell_0172-1
2668,0.6139289736747742,human2_lib2.final_cell_0173-1
2669,0.5499637126922607,human2_lib2.final_cell_0174-1
2670,0.5751681923866272,human2_lib2.final_cell_0175-1
2671,0.5028040409088135,human2_lib2.final_cell_0176-1
2672,1.2749029397964478,human2_lib2.final_cell_0177-1
2673,0.7604115605354309,human2_lib2.final_cell_0178-1
2674,1.1277824640274048,human2_lib2.final_cell_0179-1
2675,1.4730466604232788,human2_lib2.final_cell_0180-1
2676,0.843668520450592,human2_lib2.final_cell_0181-1
2677,0.6182524561882019,human2_lib2.final_cell_0182-1
2678,1.3727682828903198,human2_lib2.final_cell_0183-1
2679,0.6888037919998169,human2_lib2.final_cell_0184-1
2680,1.3642271757125854,human2_lib2.final_cell_0185-1
2681,1.5216957330703735,human2_lib2.final_cell_0186-1
2682,1.131258487701416,human2_lib2.final_cell_0187-1
2683,0.7450624108314514,human2_lib2.final_cell_0188-1
2684,1.0098912715911865,human2_lib2.final_cell_0189-1
2685,0.8083987236022949,human2_lib2.final_cell_0190-1
2686,1.3526965379714966,human2_lib2.final_cell_0191-1
2687,0.57502681016922,human2_lib2.final_cell_0192-1
2688,1.555962324142456,human2_lib2.final_cell_0193-1
2689,1.5273833274841309,human2_lib2.final_cell_0194-1
2690,0.6856933236122131,human2_lib2.final_cell_0195-1
2691,0.6163656115531921,human2_lib2.final_cell_0196-1
2692,1.4620555639266968,human2_lib2.final_cell_0197-1
2693,0.8235288858413696,human2_lib2.final_cell_0198-1
2694,0.7384744882583618,human2_lib2.final_cell_0199-1
2695,1.6580370664596558,human2_lib2.final_cell_0200-1
2696,1.4043625593185425,human2_lib2.final_cell_0201-1
2697,0.6000218391418457,human2_lib2.final_cell_0202-1
2698,0.6667010188102722,human2_lib2.final_cell_0203-1
2699,0.7279413938522339,human2_lib2.final_cell_0204-1
2700,1.3299870491027832,human2_lib2.final_cell_0205-1
2701,0.658678412437439,human2_lib2.final_cell_0206-1
2702,1.6798392534255981,human2_lib2.final_cell_0207-1
2703,0.6002740263938904,human2_lib2.final_cell_0208-1
2704,0.8856293559074402,human2_lib2.final_cell_0209-1
2705,0.6002026796340942,human2_lib2.final_cell_0210-1
2706,0.7201314568519592,human2_lib2.final_cell_0211-1
2707,0.5391858220100403,human2_lib2.final_cell_0212-1
2708,0.6567512154579163,human2_lib2.final_cell_0213-1
2709,1.3871713876724243,human2_lib2.final_cell_0214-1
2710,0.5477696061134338,human2_lib2.final_cell_0215-1
2711,0.5760253667831421,human2_lib2.final_cell_0216-1
2712,0.5656003952026367,human2_lib2.final_cell_0217-1
2713,1.0921417474746704,human2_lib2.final_cell_0218-1
2714,0.7088592648506165,human2_lib2.final_cell_0219-1
2715,1.6862609386444092,human2_lib2.final_cell_0220-1
2716,1.294007658958435,human2_lib2.final_cell_0221-1
2717,0.5979560613632202,human2_lib2.final_cell_0222-1
2718,0.7840413451194763,human2_lib2.final_cell_0223-1
2719,0.505964457988739,human2_lib2.final_cell_0224-1
2720,0.6007228493690491,human2_lib2.final_cell_0225-1
2721,0.8938536047935486,human2_lib2.final_cell_0226-1
2722,0.8642519116401672,human2_lib2.final_cell_0227-1
2723,0.4937572777271271,human2_lib2.final_cell_0228-1
2724,0.5430607795715332,human2_lib2.final_cell_0229-1
2725,0.5382351875305176,human2_lib2.final_cell_0230-1
2726,0.5832906365394592,human2_lib2.final_cell_0231-1
2727,0.7191407084465027,human2_lib2.final_cell_0232-1
2728,1.2692338228225708,human2_lib2.final_cell_0233-1
2729,2.374762773513794,human2_lib2.final_cell_0234-1
2730,0.46832332015037537,human2_lib2.final_cell_0235-1
2731,1.4989808797836304,human2_lib2.final_cell_0236-1
2732,0.7343941926956177,human2_lib2.final_cell_0237-1
2733,0.5916690826416016,human2_lib2.final_cell_0238-1
2734,0.8995205163955688,human2_lib2.final_cell_0239-1
2735,1.2652486562728882,human2_lib2.final_cell_0240-1
2736,0.7161061763763428,human2_lib2.final_cell_0241-1
2737,0.9584662318229675,human2_lib2.final_cell_0242-1
2738,1.7215789556503296,human2_lib2.final_cell_0243-1
2739,0.5857107639312744,human2_lib2.final_cell_0244-1
2740,0.4784236252307892,human2_lib2.final_cell_0245-1
2741,0.7282896637916565,human2_lib2.final_cell_0246-1
2742,1.5111206769943237,human2_lib2.final_cell_0247-1
2743,0.6327661275863647,human2_lib2.final_cell_0248-1
2744,0.7376003265380859,human2_lib2.final_cell_0249-1
2745,0.6655346155166626,human2_lib2.final_cell_0250-1
2746,0.6514370441436768,human2_lib2.final_cell_0251-1
2747,0.7951854467391968,human2_lib2.final_cell_0252-1
2748,0.5818302631378174,human2_lib2.final_cell_0253-1
2749,0.598285973072052,human2_lib2.final_cell_0254-1
2750,0.5538305044174194,human2_lib2.final_cell_0255-1
2751,0.5113194584846497,human2_lib2.final_cell_0256-1
2752,0.6314059495925903,human2_lib2.final_cell_0257-1
2753,0.9092860221862793,human2_lib2.final_cell_0258-1
2754,0.6242184638977051,human2_lib2.final_cell_0259-1
2755,0.7677052617073059,human2_lib2.final_cell_0260-1
2756,0.6339534521102905,human2_lib2.final_cell_0261-1
2757,1.1693449020385742,human2_lib2.final_cell_0262-1
2758,6.762454509735107,human2_lib2.final_cell_0263-1
2759,1.0760400295257568,human2_lib2.final_cell_0264-1
2760,0.9692635536193848,human2_lib2.final_cell_0265-1
2761,0.5187745690345764,human2_lib2.final_cell_0266-1
2762,0.7423684597015381,human2_lib2.final_cell_0267-1
2763,0.48148420453071594,human2_lib2.final_cell_0268-1
2764,0.5913363099098206,human2_lib2.final_cell_0269-1
2765,0.908578097820282,human2_lib2.final_cell_0270-1
2766,0.7375519275665283,human2_lib2.final_cell_0271-1
2767,1.1834157705307007,human2_lib2.final_cell_0272-1
2768,1.1271947622299194,human2_lib2.final_cell_0273-1
2769,1.2145440578460693,human2_lib2.final_cell_0274-1
2770,0.8511086702346802,human2_lib2.final_cell_0275-1
2771,0.7103425860404968,human2_lib2.final_cell_0276-1
2772,1.625282645225525,human2_lib2.final_cell_0277-1
2773,0.6156980395317078,human2_lib2.final_cell_0278-1
2774,0.934417724609375,human2_lib2.final_cell_0279-1
2775,1.3879947662353516,human2_lib2.final_cell_0280-1
2776,0.6563840508460999,human2_lib2.final_cell_0281-1
2777,1.4980467557907104,human2_lib2.final_cell_0282-1
2778,0.8152661919593811,human2_lib2.final_cell_0283-1
2779,0.6703367233276367,human2_lib2.final_cell_0284-1
2780,0.6484037637710571,human2_lib2.final_cell_0285-1
2781,0.5915331840515137,human2_lib2.final_cell_0286-1
2782,0.7089113593101501,human2_lib2.final_cell_0287-1
2783,1.5543212890625,human2_lib2.final_cell_0288-1
2784,0.5337502360343933,human2_lib2.final_cell_0289-1
2785,1.720740795135498,human2_lib2.final_cell_0290-1
2786,0.5458434224128723,human2_lib2.final_cell_0291-1
2787,1.8448987007141113,human2_lib2.final_cell_0292-1
2788,0.5293112397193909,human2_lib2.final_cell_0293-1
2789,0.6307464241981506,human2_lib2.final_cell_0294-1
2790,0.5240997672080994,human2_lib2.final_cell_0295-1
2791,0.7927476763725281,human2_lib2.final_cell_0296-1
2792,0.6556962728500366,human2_lib2.final_cell_0297-1
2793,1.5510447025299072,human2_lib2.final_cell_0298-1
2794,0.6305699348449707,human2_lib2.final_cell_0299-1
2795,0.7753442525863647,human2_lib2.final_cell_0300-1
2796,1.6286953687667847,human2_lib2.final_cell_0301-1
2797,0.7878955006599426,human2_lib2.final_cell_0302-1
2798,0.9058293104171753,human2_lib2.final_cell_0303-1
2799,0.8347662091255188,human2_lib2.final_cell_0304-1
2800,1.038480520248413,human2_lib2.final_cell_0305-1
2801,1.3373552560806274,human2_lib2.final_cell_0306-1
2802,0.47484061121940613,human2_lib2.final_cell_0307-1
2803,1.2488858699798584,human2_lib2.final_cell_0308-1
2804,1.0573663711547852,human2_lib2.final_cell_0309-1
2805,0.9451045989990234,human2_lib2.final_cell_0310-1
2806,0.5812768936157227,human2_lib2.final_cell_0311-1
2807,0.7106785774230957,human2_lib2.final_cell_0312-1
2808,0.8300520777702332,human2_lib2.final_cell_0313-1
2809,0.8580582737922668,human2_lib2.final_cell_0314-1
2810,0.7117239236831665,human2_lib2.final_cell_0315-1
2811,0.5066962242126465,human2_lib2.final_cell_0316-1
2812,0.690291702747345,human2_lib2.final_cell_0317-1
2813,0.645675003528595,human2_lib2.final_cell_0318-1
2814,0.5507402420043945,human2_lib2.final_cell_0319-1
2815,0.6082502007484436,human2_lib2.final_cell_0320-1
2816,0.7004486918449402,human2_lib2.final_cell_0321-1
2817,0.7428920865058899,human2_lib2.final_cell_0322-1
2818,1.5177654027938843,human2_lib2.final_cell_0323-1
2819,0.4507586658000946,human2_lib2.final_cell_0324-1
2820,0.6620304584503174,human2_lib2.final_cell_0325-1
2821,0.6935094594955444,human2_lib2.final_cell_0326-1
2822,0.7001713514328003,human2_lib2.final_cell_0327-1
2823,0.6207057237625122,human2_lib2.final_cell_0328-1
2824,0.5772930383682251,human2_lib2.final_cell_0329-1
2825,0.6722589731216431,human2_lib2.final_cell_0330-1
2826,1.356332540512085,human2_lib2.final_cell_0331-1
2827,1.1069329977035522,human2_lib2.final_cell_0332-1
2828,0.6466309428215027,human2_lib2.final_cell_0333-1
2829,1.4820189476013184,human2_lib2.final_cell_0334-1
2830,0.6853696703910828,human2_lib2.final_cell_0335-1
2831,1.2706431150436401,human2_lib2.final_cell_0336-1
2832,0.7742801904678345,human2_lib2.final_cell_0337-1
2833,0.7850254774093628,human2_lib2.final_cell_0338-1
2834,1.5088553428649902,human2_lib2.final_cell_0339-1
2835,0.5545828342437744,human2_lib2.final_cell_0340-1
2836,0.65217125415802,human2_lib2.final_cell_0341-1
2837,1.009380578994751,human2_lib2.final_cell_0342-1
2838,0.7226833701133728,human2_lib2.final_cell_0343-1
2839,0.8557373881340027,human2_lib2.final_cell_0344-1
2840,0.6212549805641174,human2_lib2.final_cell_0345-1
2841,1.298029899597168,human2_lib2.final_cell_0346-1
2842,2.2009546756744385,human2_lib2.final_cell_0347-1
2843,2.507267475128174,human2_lib2.final_cell_0348-1
2844,0.6552959084510803,human2_lib2.final_cell_0349-1
2845,0.5289375185966492,human2_lib2.final_cell_0350-1
2846,1.5439741611480713,human2_lib2.final_cell_0351-1
2847,0.6200166940689087,human2_lib2.final_cell_0352-1
2848,2.0961947441101074,human2_lib2.final_cell_0353-1
2849,0.5269562005996704,human2_lib2.final_cell_0354-1
2850,0.7520843744277954,human2_lib2.final_cell_0355-1
2851,0.7886731028556824,human2_lib2.final_cell_0356-1
2852,0.5694143772125244,human2_lib2.final_cell_0357-1
2853,1.518994688987732,human2_lib2.final_cell_0358-1
2854,0.6175294518470764,human2_lib2.final_cell_0359-1
2855,0.6821346879005432,human2_lib2.final_cell_0360-1
2856,1.1692928075790405,human2_lib2.final_cell_0361-1
2857,1.9030814170837402,human2_lib2.final_cell_0362-1
2858,0.6024554967880249,human2_lib2.final_cell_0363-1
2859,1.6456596851348877,human2_lib2.final_cell_0364-1
2860,1.5771498680114746,human2_lib2.final_cell_0365-1
2861,1.2858166694641113,human2_lib2.final_cell_0366-1
2862,0.6072860360145569,human2_lib2.final_cell_0367-1
2863,0.5923129320144653,human2_lib2.final_cell_0368-1
2864,1.386749505996704,human2_lib2.final_cell_0369-1
2865,1.057430386543274,human2_lib2.final_cell_0370-1
2866,2.8985700607299805,human2_lib2.final_cell_0371-1
2867,1.1078908443450928,human2_lib2.final_cell_0372-1
2868,1.5174949169158936,human2_lib2.final_cell_0373-1
2869,0.7021107077598572,human2_lib2.final_cell_0374-1
2870,1.8472938537597656,human2_lib2.final_cell_0375-1
2871,1.9373408555984497,human2_lib2.final_cell_0376-1
2872,1.2111856937408447,human2_lib2.final_cell_0377-1
2873,1.740324854850769,human2_lib2.final_cell_0378-1
2874,0.6084820628166199,human2_lib2.final_cell_0379-1
2875,0.5662307143211365,human2_lib2.final_cell_0380-1
2876,1.58356511592865,human2_lib2.final_cell_0381-1
2877,1.7832049131393433,human2_lib2.final_cell_0382-1
2878,1.4759658575057983,human2_lib2.final_cell_0383-1
2879,1.5103081464767456,human2_lib2.final_cell_0384-1
2880,0.4921974837779999,human2_lib2.final_cell_0385-1
2881,1.4379719495773315,human2_lib2.final_cell_0386-1
2882,1.403379201889038,human2_lib2.final_cell_0387-1
2883,1.128896951675415,human2_lib2.final_cell_0388-1
2884,1.7098358869552612,human2_lib2.final_cell_0389-1
2885,0.6314443349838257,human2_lib2.final_cell_0390-1
2886,1.4223679304122925,human2_lib2.final_cell_0391-1
2887,0.6710726022720337,human2_lib2.final_cell_0392-1
2888,1.01956307888031,human2_lib2.final_cell_0393-1
2889,2.47648286819458,human2_lib2.final_cell_0394-1
2890,0.6356151103973389,human2_lib2.final_cell_0395-1
2891,0.7039808630943298,human2_lib2.final_cell_0396-1
2892,0.5574784278869629,human2_lib2.final_cell_0397-1
2893,0.5815646052360535,human2_lib2.final_cell_0398-1
2894,0.7393084168434143,human2_lib2.final_cell_0399-1
2895,0.5141944289207458,human2_lib2.final_cell_0400-1
2896,1.3248580694198608,human2_lib2.final_cell_0401-1
2897,0.5153595805168152,human2_lib2.final_cell_0402-1
2898,1.4430283308029175,human2_lib2.final_cell_0403-1
2899,0.5576498508453369,human2_lib2.final_cell_0404-1
2900,0.5093784332275391,human2_lib2.final_cell_0405-1
2901,0.5419788360595703,human2_lib2.final_cell_0406-1
2902,0.5093716979026794,human2_lib2.final_cell_0407-1
2903,1.7029485702514648,human2_lib2.final_cell_0408-1
2904,0.7006656527519226,human2_lib2.final_cell_0409-1
2905,1.1610082387924194,human2_lib2.final_cell_0410-1
2906,0.7762076258659363,human2_lib2.final_cell_0411-1
2907,0.546743631362915,human2_lib2.final_cell_0412-1
2908,1.0740021467208862,human2_lib2.final_cell_0413-1
2909,0.48495587706565857,human2_lib2.final_cell_0414-1
2910,0.6447377800941467,human2_lib2.final_cell_0415-1
2911,0.7942553758621216,human2_lib2.final_cell_0416-1
2912,0.6030997633934021,human2_lib2.final_cell_0417-1
2913,0.7171677947044373,human2_lib2.final_cell_0418-1
2914,1.4947888851165771,human2_lib2.final_cell_0419-1
2915,1.0731924772262573,human2_lib2.final_cell_0420-1
2916,0.652421236038208,human2_lib2.final_cell_0421-1
2917,0.6085544228553772,human2_lib2.final_cell_0422-1
2918,0.9834358096122742,human2_lib2.final_cell_0423-1
2919,0.5761707425117493,human2_lib2.final_cell_0424-1
2920,0.978609025478363,human2_lib2.final_cell_0425-1
2921,1.307770848274231,human2_lib2.final_cell_0426-1
2922,0.722395122051239,human2_lib2.final_cell_0427-1
2923,0.5609223246574402,human2_lib2.final_cell_0428-1
2924,1.3575798273086548,human2_lib2.final_cell_0429-1
2925,2.9193308353424072,human2_lib2.final_cell_0430-1
2926,0.6731840372085571,human2_lib2.final_cell_0431-1
2927,0.8209235072135925,human2_lib2.final_cell_0432-1
2928,0.6178271174430847,human2_lib2.final_cell_0433-1
2929,1.872249960899353,human2_lib2.final_cell_0434-1
2930,0.571083128452301,human2_lib2.final_cell_0435-1
2931,0.4725550413131714,human2_lib2.final_cell_0436-1
2932,0.5226019620895386,human2_lib2.final_cell_0437-1
2933,1.3715763092041016,human2_lib2.final_cell_0438-1
2934,0.5649558305740356,human2_lib2.final_cell_0439-1
2935,0.5824509859085083,human2_lib2.final_cell_0440-1
2936,0.5641244649887085,human2_lib2.final_cell_0441-1
2937,1.3645873069763184,human2_lib2.final_cell_0442-1
2938,1.7661212682724,human2_lib2.final_cell_0443-1
2939,0.8331412672996521,human2_lib2.final_cell_0444-1
2940,0.8388776183128357,human2_lib2.final_cell_0445-1
2941,0.672893762588501,human2_lib2.final_cell_0446-1
2942,0.6161548495292664,human2_lib2.final_cell_0447-1
2943,1.31501042842865,human2_lib2.final_cell_0448-1
2944,0.6568349003791809,human2_lib2.final_cell_0449-1
2945,0.9782284498214722,human2_lib2.final_cell_0450-1
2946,0.6243383288383484,human2_lib2.final_cell_0451-1
2947,0.5850978493690491,human2_lib2.final_cell_0452-1
2948,1.6066794395446777,human2_lib2.final_cell_0453-1
2949,0.9670856595039368,human2_lib2.final_cell_0454-1
2950,1.1017966270446777,human2_lib2.final_cell_0455-1
2951,0.7239011526107788,human2_lib2.final_cell_0456-1
2952,0.83045494556427,human2_lib2.final_cell_0457-1
2953,1.001855492591858,human2_lib2.final_cell_0458-1
2954,0.6207723021507263,human2_lib2.final_cell_0459-1
2955,0.487074077129364,human2_lib2.final_cell_0460-1
2956,1.275745153427124,human2_lib2.final_cell_0461-1
2957,1.8434873819351196,human2_lib2.final_cell_0462-1
2958,1.2253336906433105,human2_lib2.final_cell_0463-1
2959,0.62285315990448,human2_lib2.final_cell_0464-1
2960,0.8999636173248291,human2_lib2.final_cell_0465-1
2961,0.8000836372375488,human2_lib2.final_cell_0466-1
2962,0.6821455359458923,human2_lib2.final_cell_0467-1
2963,1.5283911228179932,human2_lib2.final_cell_0468-1
2964,0.9428322315216064,human2_lib2.final_cell_0469-1
2965,0.696684718132019,human2_lib2.final_cell_0470-1
2966,0.6741936206817627,human2_lib2.final_cell_0471-1
2967,1.2381958961486816,human2_lib2.final_cell_0472-1
2968,0.6023068428039551,human2_lib2.final_cell_0473-1
2969,0.5011940002441406,human2_lib2.final_cell_0474-1
2970,0.8888483643531799,human2_lib2.final_cell_0475-1
2971,1.384352207183838,human2_lib2.final_cell_0476-1
2972,0.6786047220230103,human2_lib2.final_cell_0477-1
2973,1.9732699394226074,human2_lib2.final_cell_0478-1
2974,0.6792967319488525,human2_lib2.final_cell_0479-1
2975,1.1014634370803833,human2_lib2.final_cell_0480-1
2976,1.157120704650879,human2_lib2.final_cell_0481-1
2977,0.7947487831115723,human2_lib2.final_cell_0482-1
2978,0.7009390592575073,human2_lib2.final_cell_0483-1
2979,0.6777472496032715,human2_lib2.final_cell_0484-1
2980,0.6377264261245728,human2_lib2.final_cell_0485-1
2981,0.5269147157669067,human2_lib2.final_cell_0486-1
2982,0.6499189734458923,human2_lib2.final_cell_0487-1
2983,1.258583426475525,human2_lib2.final_cell_0488-1
2984,0.4741901755332947,human2_lib2.final_cell_0489-1
2985,1.0567317008972168,human2_lib2.final_cell_0490-1
2986,0.49704739451408386,human2_lib2.final_cell_0491-1
2987,0.5026743412017822,human2_lib2.final_cell_0492-1
2988,0.7887158989906311,human2_lib2.final_cell_0493-1
2989,0.4785686731338501,human2_lib2.final_cell_0494-1
2990,0.4967425465583801,human2_lib2.final_cell_0495-1
2991,0.6651073694229126,human2_lib2.final_cell_0496-1
2992,0.7317489981651306,human2_lib2.final_cell_0497-1
2993,0.4684070646762848,human2_lib2.final_cell_0498-1
2994,1.2908281087875366,human2_lib2.final_cell_0499-1
2995,1.3754147291183472,human2_lib2.final_cell_0500-1
2996,0.9557073712348938,human2_lib2.final_cell_0501-1
2997,0.7033495903015137,human2_lib2.final_cell_0502-1
2998,0.6937064528465271,human2_lib2.final_cell_0503-1
2999,3.775743007659912,human2_lib2.final_cell_0504-1
3000,0.5292503833770752,human2_lib2.final_cell_0505-1
3001,0.612082839012146,human2_lib2.final_cell_0506-1
3002,0.6541073322296143,human2_lib2.final_cell_0507-1
3003,1.0354241132736206,human2_lib2.final_cell_0508-1
3004,0.6208363771438599,human2_lib2.final_cell_0509-1
3005,1.2418557405471802,human2_lib2.final_cell_0510-1
3006,0.6484552025794983,human2_lib2.final_cell_0511-1
3007,1.3002771139144897,human2_lib2.final_cell_0512-1
3008,0.7410574555397034,human2_lib2.final_cell_0513-1
3009,1.7967909574508667,human2_lib2.final_cell_0514-1
3010,0.7030913829803467,human2_lib2.final_cell_0515-1
3011,6.749322891235352,human2_lib2.final_cell_0516-1
3012,0.8596528172492981,human2_lib2.final_cell_0517-1
3013,1.023059606552124,human2_lib2.final_cell_0518-1
3014,0.5993753671646118,human2_lib2.final_cell_0519-1
3015,1.3872714042663574,human2_lib2.final_cell_0520-1
3016,0.6435316205024719,human2_lib2.final_cell_0521-1
3017,1.0278211832046509,human2_lib2.final_cell_0522-1
3018,1.261074423789978,human2_lib2.final_cell_0523-1
3019,0.7358076572418213,human2_lib2.final_cell_0524-1
3020,1.413498878479004,human2_lib2.final_cell_0525-1
3021,3.5473341941833496,human2_lib2.final_cell_0526-1
3022,1.2974960803985596,human2_lib2.final_cell_0527-1
3023,3.7045211791992188,human2_lib2.final_cell_0528-1
3024,0.8904780745506287,human2_lib2.final_cell_0529-1
3025,1.458553671836853,human2_lib2.final_cell_0530-1
3026,1.3481823205947876,human2_lib2.final_cell_0531-1
3027,0.7100640535354614,human2_lib2.final_cell_0532-1
3028,0.5259401798248291,human2_lib2.final_cell_0533-1
3029,1.2785295248031616,human2_lib2.final_cell_0534-1
3030,0.6262328028678894,human2_lib2.final_cell_0535-1
3031,1.1544960737228394,human2_lib2.final_cell_0536-1
3032,0.9717034101486206,human2_lib2.final_cell_0537-1
3033,0.5784444808959961,human2_lib2.final_cell_0538-1
3034,0.6523728966712952,human2_lib2.final_cell_0539-1
3035,3.677351713180542,human2_lib2.final_cell_0540-1
3036,1.1599833965301514,human2_lib2.final_cell_0541-1
3037,0.5047658681869507,human2_lib2.final_cell_0542-1
3038,1.7149989604949951,human2_lib2.final_cell_0543-1
3039,0.6742574572563171,human2_lib2.final_cell_0544-1
3040,0.6946060061454773,human2_lib2.final_cell_0545-1
3041,0.7245288491249084,human2_lib2.final_cell_0546-1
3042,1.012967824935913,human2_lib2.final_cell_0547-1
3043,0.7813183069229126,human2_lib2.final_cell_0548-1
3044,1.572574257850647,human2_lib2.final_cell_0549-1
3045,1.3519349098205566,human2_lib2.final_cell_0550-1
3046,0.9615936875343323,human2_lib2.final_cell_0551-1
3047,1.5500456094741821,human2_lib2.final_cell_0552-1
3048,1.317341685295105,human2_lib2.final_cell_0553-1
3049,0.711776852607727,human2_lib2.final_cell_0554-1
3050,1.0528520345687866,human2_lib2.final_cell_0555-1
3051,0.6894521713256836,human2_lib2.final_cell_0556-1
3052,1.1895815134048462,human2_lib2.final_cell_0557-1
3053,0.5510522723197937,human2_lib2.final_cell_0558-1
3054,1.7894837856292725,human2_lib2.final_cell_0559-1
3055,0.836419403553009,human2_lib2.final_cell_0560-1
3056,0.634468138217926,human2_lib2.final_cell_0561-1
3057,1.3718949556350708,human2_lib2.final_cell_0562-1
3058,0.9583896398544312,human2_lib2.final_cell_0563-1
3059,1.344732642173767,human2_lib2.final_cell_0564-1
3060,1.9917523860931396,human2_lib2.final_cell_0565-1
3061,1.2683387994766235,human2_lib2.final_cell_0566-1
3062,0.5241671800613403,human2_lib2.final_cell_0567-1
3063,1.6534558534622192,human2_lib2.final_cell_0568-1
3064,0.5631861686706543,human2_lib2.final_cell_0569-1
3065,0.9215208292007446,human2_lib2.final_cell_0570-1
3066,1.5731216669082642,human2_lib2.final_cell_0571-1
3067,1.4279396533966064,human2_lib2.final_cell_0572-1
3068,0.8428773880004883,human2_lib2.final_cell_0573-1
3069,0.952349841594696,human2_lib2.final_cell_0574-1
3070,0.9474433660507202,human2_lib2.final_cell_0575-1
3071,1.2120966911315918,human2_lib2.final_cell_0576-1
3072,0.8501901626586914,human2_lib2.final_cell_0577-1
3073,6.7112274169921875,human2_lib2.final_cell_0578-1
3074,1.5248932838439941,human2_lib2.final_cell_0579-1
3075,0.9838912487030029,human2_lib2.final_cell_0580-1
3076,0.6080909371376038,human2_lib2.final_cell_0581-1
3077,3.389706611633301,human2_lib2.final_cell_0582-1
3078,6.645190238952637,human2_lib2.final_cell_0583-1
3079,0.6218112111091614,human2_lib2.final_cell_0584-1
3080,1.83452570438385,human2_lib2.final_cell_0585-1
3081,1.7657405138015747,human2_lib2.final_cell_0586-1
3082,0.721630871295929,human2_lib2.final_cell_0587-1
3083,0.7734699249267578,human2_lib2.final_cell_0588-1
3084,1.1224130392074585,human2_lib2.final_cell_0589-1
3085,3.730311393737793,human2_lib2.final_cell_0590-1
3086,0.680215060710907,human2_lib2.final_cell_0591-1
3087,1.348891019821167,human2_lib2.final_cell_0592-1
3088,0.8711247444152832,human2_lib2.final_cell_0593-1
3089,0.8504599928855896,human2_lib2.final_cell_0594-1
3090,1.610288143157959,human2_lib2.final_cell_0595-1
3091,0.9478418231010437,human2_lib2.final_cell_0596-1
3092,0.8817335367202759,human2_lib2.final_cell_0597-1
3093,1.35714590549469,human2_lib2.final_cell_0598-1
3094,1.2345181703567505,human2_lib2.final_cell_0599-1
3095,1.7420425415039062,human2_lib2.final_cell_0600-1
3096,0.5776415467262268,human2_lib3.final_cell_0001-1
3097,0.6194732189178467,human2_lib3.final_cell_0002-1
3098,1.0669927597045898,human2_lib3.final_cell_0003-1
3099,0.7078566551208496,human2_lib3.final_cell_0004-1
3100,1.3385323286056519,human2_lib3.final_cell_0005-1
3101,0.63191157579422,human2_lib3.final_cell_0006-1
3102,0.7531986832618713,human2_lib3.final_cell_0007-1
3103,0.999331533908844,human2_lib3.final_cell_0008-1
3104,0.4547472894191742,human2_lib3.final_cell_0009-1
3105,0.9602031111717224,human2_lib3.final_cell_0010-1
3106,1.3110542297363281,human2_lib3.final_cell_0011-1
3107,0.6157586574554443,human2_lib3.final_cell_0012-1
3108,1.4879308938980103,human2_lib3.final_cell_0013-1
3109,0.7221494317054749,human2_lib3.final_cell_0014-1
3110,1.3253659009933472,human2_lib3.final_cell_0015-1
3111,0.5470656752586365,human2_lib3.final_cell_0016-1
3112,1.4346448183059692,human2_lib3.final_cell_0017-1
3113,1.3340401649475098,human2_lib3.final_cell_0018-1
3114,0.6934633851051331,human2_lib3.final_cell_0019-1
3115,0.9376510977745056,human2_lib3.final_cell_0020-1
3116,0.7853856682777405,human2_lib3.final_cell_0021-1
3117,0.6492562890052795,human2_lib3.final_cell_0022-1
3118,0.7899630665779114,human2_lib3.final_cell_0023-1
3119,0.883367121219635,human2_lib3.final_cell_0024-1
3120,0.7075978517532349,human2_lib3.final_cell_0025-1
3121,0.790995180606842,human2_lib3.final_cell_0026-1
3122,1.4696967601776123,human2_lib3.final_cell_0027-1
3123,1.3750264644622803,human2_lib3.final_cell_0028-1
3124,1.6005357503890991,human2_lib3.final_cell_0029-1
3125,1.1669265031814575,human2_lib3.final_cell_0030-1
3126,0.7667041420936584,human2_lib3.final_cell_0031-1
3127,0.6078812479972839,human2_lib3.final_cell_0032-1
3128,0.6227307319641113,human2_lib3.final_cell_0033-1
3129,0.622782289981842,human2_lib3.final_cell_0034-1
3130,0.9698942303657532,human2_lib3.final_cell_0035-1
3131,1.2142677307128906,human2_lib3.final_cell_0036-1
3132,1.8368396759033203,human2_lib3.final_cell_0037-1
3133,0.7995463609695435,human2_lib3.final_cell_0038-1
3134,0.7275667786598206,human2_lib3.final_cell_0039-1
3135,0.8553014397621155,human2_lib3.final_cell_0040-1
3136,0.788151204586029,human2_lib3.final_cell_0041-1
3137,0.4749499261379242,human2_lib3.final_cell_0042-1
3138,0.6675595045089722,human2_lib3.final_cell_0043-1
3139,1.2986650466918945,human2_lib3.final_cell_0044-1
3140,0.6616588830947876,human2_lib3.final_cell_0045-1
3141,0.861940324306488,human2_lib3.final_cell_0046-1
3142,0.9337881207466125,human2_lib3.final_cell_0047-1
3143,0.6886669397354126,human2_lib3.final_cell_0048-1
3144,0.5586732625961304,human2_lib3.final_cell_0049-1
3145,0.6111658215522766,human2_lib3.final_cell_0050-1
3146,0.46809855103492737,human2_lib3.final_cell_0051-1
3147,0.5660824179649353,human2_lib3.final_cell_0052-1
3148,0.8060356974601746,human2_lib3.final_cell_0053-1
3149,0.7767152786254883,human2_lib3.final_cell_0054-1
3150,0.8336679935455322,human2_lib3.final_cell_0055-1
3151,0.4654023051261902,human2_lib3.final_cell_0056-1
3152,2.111079454421997,human2_lib3.final_cell_0057-1
3153,1.6881674528121948,human2_lib3.final_cell_0058-1
3154,0.5074583292007446,human2_lib3.final_cell_0059-1
3155,0.7593295574188232,human2_lib3.final_cell_0060-1
3156,0.5741746425628662,human2_lib3.final_cell_0061-1
3157,1.4672976732254028,human2_lib3.final_cell_0062-1
3158,0.5778862237930298,human2_lib3.final_cell_0063-1
3159,1.2553614377975464,human2_lib3.final_cell_0064-1
3160,0.5217562317848206,human2_lib3.final_cell_0065-1
3161,1.4900773763656616,human2_lib3.final_cell_0066-1
3162,0.48278525471687317,human2_lib3.final_cell_0067-1
3163,0.9284700155258179,human2_lib3.final_cell_0068-1
3164,0.6597798466682434,human2_lib3.final_cell_0069-1
3165,0.47372233867645264,human2_lib3.final_cell_0070-1
3166,0.514918327331543,human2_lib3.final_cell_0071-1
3167,0.4637073278427124,human2_lib3.final_cell_0072-1
3168,0.49566295742988586,human2_lib3.final_cell_0073-1
3169,0.4518388509750366,human2_lib3.final_cell_0074-1
3170,0.4893426299095154,human2_lib3.final_cell_0075-1
3171,2.4919967651367188,human2_lib3.final_cell_0076-1
3172,2.64951491355896,human2_lib3.final_cell_0077-1
3173,1.2105145454406738,human2_lib3.final_cell_0078-1
3174,0.5985263586044312,human2_lib3.final_cell_0079-1
3175,1.0888831615447998,human2_lib3.final_cell_0080-1
3176,1.3459655046463013,human2_lib3.final_cell_0081-1
3177,0.6439671516418457,human2_lib3.final_cell_0082-1
3178,0.6156131625175476,human2_lib3.final_cell_0083-1
3179,0.519860029220581,human2_lib3.final_cell_0084-1
3180,0.6578575372695923,human2_lib3.final_cell_0085-1
3181,1.3558716773986816,human2_lib3.final_cell_0086-1
3182,0.6569905877113342,human2_lib3.final_cell_0087-1
3183,0.863677442073822,human2_lib3.final_cell_0088-1
3184,1.0403742790222168,human2_lib3.final_cell_0089-1
3185,0.4755932092666626,human2_lib3.final_cell_0090-1
3186,1.489243745803833,human2_lib3.final_cell_0091-1
3187,2.4089174270629883,human2_lib3.final_cell_0092-1
3188,0.7986311912536621,human2_lib3.final_cell_0093-1
3189,0.4819827377796173,human2_lib3.final_cell_0094-1
3190,0.7069898843765259,human2_lib3.final_cell_0095-1
3191,0.5876230001449585,human2_lib3.final_cell_0096-1
3192,1.9211312532424927,human2_lib3.final_cell_0097-1
3193,0.9790794849395752,human2_lib3.final_cell_0098-1
3194,2.3846333026885986,human2_lib3.final_cell_0099-1
3195,1.3789674043655396,human2_lib3.final_cell_0100-1
3196,0.7746840119361877,human2_lib3.final_cell_0101-1
3197,1.321149230003357,human2_lib3.final_cell_0102-1
3198,1.5890387296676636,human2_lib3.final_cell_0103-1
3199,0.4987280070781708,human2_lib3.final_cell_0104-1
3200,0.7819318175315857,human2_lib3.final_cell_0105-1
3201,0.7563713192939758,human2_lib3.final_cell_0106-1
3202,0.9225777983665466,human2_lib3.final_cell_0107-1
3203,1.2638323307037354,human2_lib3.final_cell_0108-1
3204,0.8036794662475586,human2_lib3.final_cell_0109-1
3205,0.5448279976844788,human2_lib3.final_cell_0110-1
3206,1.65598726272583,human2_lib3.final_cell_0111-1
3207,1.2636864185333252,human2_lib3.final_cell_0112-1
3208,0.4828796684741974,human2_lib3.final_cell_0113-1
3209,1.1200889348983765,human2_lib3.final_cell_0114-1
3210,1.5167055130004883,human2_lib3.final_cell_0115-1
3211,0.46310335397720337,human2_lib3.final_cell_0116-1
3212,2.573457717895508,human2_lib3.final_cell_0117-1
3213,0.525420069694519,human2_lib3.final_cell_0118-1
3214,1.782267689704895,human2_lib3.final_cell_0119-1
3215,0.5552714467048645,human2_lib3.final_cell_0120-1
3216,0.7206230163574219,human2_lib3.final_cell_0121-1
3217,0.4600101411342621,human2_lib3.final_cell_0122-1
3218,0.7722132205963135,human2_lib3.final_cell_0123-1
3219,1.319698452949524,human2_lib3.final_cell_0124-1
3220,1.174377202987671,human2_lib3.final_cell_0125-1
3221,0.6501924395561218,human2_lib3.final_cell_0126-1
3222,0.5068793296813965,human2_lib3.final_cell_0127-1
3223,0.4937153458595276,human2_lib3.final_cell_0128-1
3224,0.6850674748420715,human2_lib3.final_cell_0129-1
3225,0.5914319753646851,human2_lib3.final_cell_0130-1
3226,1.3220866918563843,human2_lib3.final_cell_0131-1
3227,0.7027677297592163,human2_lib3.final_cell_0132-1
3228,0.677266538143158,human2_lib3.final_cell_0133-1
3229,0.6073715686798096,human2_lib3.final_cell_0134-1
3230,1.1359766721725464,human2_lib3.final_cell_0135-1
3231,0.7138058543205261,human2_lib3.final_cell_0136-1
3232,0.9181786179542542,human2_lib3.final_cell_0137-1
3233,0.5662855505943298,human2_lib3.final_cell_0138-1
3234,0.48311519622802734,human2_lib3.final_cell_0139-1
3235,0.6147581934928894,human2_lib3.final_cell_0140-1
3236,1.893628716468811,human2_lib3.final_cell_0141-1
3237,0.45810720324516296,human2_lib3.final_cell_0142-1
3238,0.5626106262207031,human2_lib3.final_cell_0143-1
3239,1.5571095943450928,human2_lib3.final_cell_0144-1
3240,0.5762714147567749,human2_lib3.final_cell_0145-1
3241,0.7025972008705139,human2_lib3.final_cell_0146-1
3242,2.4327871799468994,human2_lib3.final_cell_0147-1
3243,1.2906163930892944,human2_lib3.final_cell_0148-1
3244,1.2173309326171875,human2_lib3.final_cell_0149-1
3245,0.5372599363327026,human2_lib3.final_cell_0150-1
3246,0.6238534450531006,human2_lib3.final_cell_0151-1
3247,0.8679722547531128,human2_lib3.final_cell_0152-1
3248,1.3383368253707886,human2_lib3.final_cell_0153-1
3249,0.6418311595916748,human2_lib3.final_cell_0154-1
3250,1.4718693494796753,human2_lib3.final_cell_0155-1
3251,0.9376070499420166,human2_lib3.final_cell_0156-1
3252,0.6086595058441162,human2_lib3.final_cell_0157-1
3253,1.361635446548462,human2_lib3.final_cell_0158-1
3254,0.8564874529838562,human2_lib3.final_cell_0159-1
3255,1.0629931688308716,human2_lib3.final_cell_0160-1
3256,0.8887994885444641,human2_lib3.final_cell_0161-1
3257,1.7838714122772217,human2_lib3.final_cell_0162-1
3258,0.462225079536438,human2_lib3.final_cell_0163-1
3259,0.9803484082221985,human2_lib3.final_cell_0164-1
3260,0.6799317002296448,human2_lib3.final_cell_0165-1
3261,1.3112647533416748,human2_lib3.final_cell_0166-1
3262,1.6649502515792847,human2_lib3.final_cell_0167-1
3263,1.3428746461868286,human2_lib3.final_cell_0168-1
3264,1.6514390707015991,human2_lib3.final_cell_0169-1
3265,0.8702313303947449,human2_lib3.final_cell_0170-1
3266,1.2839629650115967,human2_lib3.final_cell_0171-1
3267,0.8690487742424011,human2_lib3.final_cell_0172-1
3268,1.1790084838867188,human2_lib3.final_cell_0173-1
3269,0.5194264054298401,human2_lib3.final_cell_0174-1
3270,0.5364274382591248,human2_lib3.final_cell_0175-1
3271,0.6462461352348328,human2_lib3.final_cell_0176-1
3272,0.5127344131469727,human2_lib3.final_cell_0177-1
3273,0.7392660975456238,human2_lib3.final_cell_0178-1
3274,0.5511246919631958,human2_lib3.final_cell_0179-1
3275,1.3043745756149292,human2_lib3.final_cell_0180-1
3276,0.7615524530410767,human2_lib3.final_cell_0181-1
3277,1.8380388021469116,human2_lib3.final_cell_0182-1
3278,1.4083573818206787,human2_lib3.final_cell_0183-1
3279,0.688571035861969,human2_lib3.final_cell_0184-1
3280,0.5980421304702759,human2_lib3.final_cell_0185-1
3281,0.45665302872657776,human2_lib3.final_cell_0186-1
3282,1.2808122634887695,human2_lib3.final_cell_0187-1
3283,0.889528214931488,human2_lib3.final_cell_0188-1
3284,0.5783915519714355,human2_lib3.final_cell_0189-1
3285,1.0477347373962402,human2_lib3.final_cell_0190-1
3286,1.8726953268051147,human2_lib3.final_cell_0191-1
3287,1.3350765705108643,human2_lib3.final_cell_0192-1
3288,0.46215423941612244,human2_lib3.final_cell_0193-1
3289,1.4467401504516602,human2_lib3.final_cell_0194-1
3290,0.5626115202903748,human2_lib3.final_cell_0195-1
3291,1.465955138206482,human2_lib3.final_cell_0196-1
3292,0.6363987922668457,human2_lib3.final_cell_0197-1
3293,1.0228744745254517,human2_lib3.final_cell_0198-1
3294,1.0746546983718872,human2_lib3.final_cell_0199-1
3295,0.8401497602462769,human2_lib3.final_cell_0200-1
3296,0.556740403175354,human2_lib3.final_cell_0201-1
3297,0.6683772802352905,human2_lib3.final_cell_0202-1
3298,0.4650443494319916,human2_lib3.final_cell_0203-1
3299,3.340369701385498,human2_lib3.final_cell_0204-1
3300,0.45929065346717834,human2_lib3.final_cell_0205-1
3301,0.5689755082130432,human2_lib3.final_cell_0206-1
3302,0.5568345189094543,human2_lib3.final_cell_0207-1
3303,2.2137975692749023,human2_lib3.final_cell_0208-1
3304,1.5829931497573853,human2_lib3.final_cell_0209-1
3305,0.880142867565155,human2_lib3.final_cell_0210-1
3306,1.0126845836639404,human2_lib3.final_cell_0211-1
3307,0.5302695631980896,human2_lib3.final_cell_0212-1
3308,0.5569829344749451,human2_lib3.final_cell_0213-1
3309,0.5187133550643921,human2_lib3.final_cell_0214-1
3310,1.1591383218765259,human2_lib3.final_cell_0215-1
3311,1.332700490951538,human2_lib3.final_cell_0216-1
3312,0.9718992114067078,human2_lib3.final_cell_0217-1
3313,0.6361685395240784,human2_lib3.final_cell_0218-1
3314,0.782735288143158,human2_lib3.final_cell_0219-1
3315,0.6748464107513428,human2_lib3.final_cell_0220-1
3316,0.5091631412506104,human2_lib3.final_cell_0221-1
3317,0.461331844329834,human2_lib3.final_cell_0222-1
3318,0.8266635537147522,human2_lib3.final_cell_0223-1
3319,0.7368820905685425,human2_lib3.final_cell_0224-1
3320,0.7061944603919983,human2_lib3.final_cell_0225-1
3321,0.676994800567627,human2_lib3.final_cell_0226-1
3322,1.2758089303970337,human2_lib3.final_cell_0227-1
3323,0.5486734509468079,human2_lib3.final_cell_0228-1
3324,1.1831724643707275,human2_lib3.final_cell_0229-1
3325,1.836854338645935,human2_lib3.final_cell_0230-1
3326,0.591258704662323,human2_lib3.final_cell_0231-1
3327,0.8749734163284302,human2_lib3.final_cell_0232-1
3328,0.9450862407684326,human2_lib3.final_cell_0233-1
3329,0.7841916084289551,human2_lib3.final_cell_0234-1
3330,0.5804138779640198,human2_lib3.final_cell_0235-1
3331,0.6545907258987427,human2_lib3.final_cell_0236-1
3332,1.4292371273040771,human2_lib3.final_cell_0237-1
3333,1.155494213104248,human2_lib3.final_cell_0238-1
3334,1.3268781900405884,human2_lib3.final_cell_0239-1
3335,1.290608286857605,human2_lib3.final_cell_0240-1
3336,0.5933332443237305,human2_lib3.final_cell_0241-1
3337,0.5799712538719177,human2_lib3.final_cell_0242-1
3338,0.6910848021507263,human2_lib3.final_cell_0243-1
3339,0.7397267818450928,human2_lib3.final_cell_0244-1
3340,0.8914903998374939,human2_lib3.final_cell_0245-1
3341,0.6671428084373474,human2_lib3.final_cell_0246-1
3342,1.3135415315628052,human2_lib3.final_cell_0247-1
3343,0.9922869801521301,human2_lib3.final_cell_0248-1
3344,0.7783057689666748,human2_lib3.final_cell_0249-1
3345,0.6857896447181702,human2_lib3.final_cell_0250-1
3346,1.9093073606491089,human2_lib3.final_cell_0251-1
3347,0.8403382301330566,human2_lib3.final_cell_0252-1
3348,0.7246049046516418,human2_lib3.final_cell_0253-1
3349,1.0793911218643188,human2_lib3.final_cell_0254-1
3350,0.51846843957901,human2_lib3.final_cell_0255-1
3351,0.9144936800003052,human2_lib3.final_cell_0256-1
3352,1.0848900079727173,human2_lib3.final_cell_0257-1
3353,0.5196248292922974,human2_lib3.final_cell_0258-1
3354,0.5754311680793762,human2_lib3.final_cell_0259-1
3355,0.7461643218994141,human2_lib3.final_cell_0260-1
3356,0.7287269234657288,human2_lib3.final_cell_0261-1
3357,0.613860011100769,human2_lib3.final_cell_0262-1
3358,1.2949286699295044,human2_lib3.final_cell_0263-1
3359,0.6186999678611755,human2_lib3.final_cell_0264-1
3360,1.3006813526153564,human2_lib3.final_cell_0265-1
3361,0.6551828384399414,human2_lib3.final_cell_0266-1
3362,0.5365371704101562,human2_lib3.final_cell_0267-1
3363,1.4265625476837158,human2_lib3.final_cell_0268-1
3364,1.2770493030548096,human2_lib3.final_cell_0269-1
3365,0.7294353246688843,human2_lib3.final_cell_0270-1
3366,2.3935492038726807,human2_lib3.final_cell_0271-1
3367,0.8565159440040588,human2_lib3.final_cell_0272-1
3368,1.2794687747955322,human2_lib3.final_cell_0273-1
3369,1.495436191558838,human2_lib3.final_cell_0274-1
3370,0.826612114906311,human2_lib3.final_cell_0275-1
3371,0.5904629826545715,human2_lib3.final_cell_0276-1
3372,0.8278124332427979,human2_lib3.final_cell_0277-1
3373,0.47501054406166077,human2_lib3.final_cell_0278-1
3374,1.4012409448623657,human2_lib3.final_cell_0279-1
3375,1.5411418676376343,human2_lib3.final_cell_0280-1
3376,1.0306098461151123,human2_lib3.final_cell_0281-1
3377,0.5713720917701721,human2_lib3.final_cell_0282-1
3378,0.5631905794143677,human2_lib3.final_cell_0283-1
3379,0.5888543128967285,human2_lib3.final_cell_0284-1
3380,0.7747893333435059,human2_lib3.final_cell_0285-1
3381,0.55608069896698,human2_lib3.final_cell_0286-1
3382,0.9971875548362732,human2_lib3.final_cell_0287-1
3383,0.6844515204429626,human2_lib3.final_cell_0288-1
3384,1.2533341646194458,human2_lib3.final_cell_0289-1
3385,0.6986160278320312,human2_lib3.final_cell_0290-1
3386,0.6640843152999878,human2_lib3.final_cell_0291-1
3387,2.0027236938476562,human2_lib3.final_cell_0292-1
3388,0.7518408298492432,human2_lib3.final_cell_0293-1
3389,0.5143404603004456,human2_lib3.final_cell_0294-1
3390,1.0546159744262695,human2_lib3.final_cell_0295-1
3391,0.803034245967865,human2_lib3.final_cell_0296-1
3392,1.4243354797363281,human2_lib3.final_cell_0297-1
3393,1.0556764602661133,human2_lib3.final_cell_0298-1
3394,0.6161760091781616,human2_lib3.final_cell_0299-1
3395,0.6542544960975647,human2_lib3.final_cell_0300-1
3396,0.9954895377159119,human2_lib3.final_cell_0301-1
3397,1.5290651321411133,human2_lib3.final_cell_0302-1
3398,0.989341139793396,human2_lib3.final_cell_0303-1
3399,0.5100812911987305,human2_lib3.final_cell_0304-1
3400,1.893275260925293,human2_lib3.final_cell_0305-1
3401,0.7185858488082886,human2_lib3.final_cell_0306-1
3402,0.7387858629226685,human2_lib3.final_cell_0307-1
3403,1.2783691883087158,human2_lib3.final_cell_0308-1
3404,0.586334764957428,human2_lib3.final_cell_0309-1
3405,1.8308634757995605,human2_lib3.final_cell_0310-1
3406,0.7914188504219055,human2_lib3.final_cell_0311-1
3407,1.2346878051757812,human2_lib3.final_cell_0312-1
3408,0.6599599719047546,human2_lib3.final_cell_0313-1
3409,0.6683021187782288,human2_lib3.final_cell_0314-1
3410,1.2616379261016846,human2_lib3.final_cell_0315-1
3411,0.5398992896080017,human2_lib3.final_cell_0316-1
3412,0.6879101395606995,human2_lib3.final_cell_0317-1
3413,2.657008171081543,human2_lib3.final_cell_0318-1
3414,1.1711758375167847,human2_lib3.final_cell_0319-1
3415,0.6940426826477051,human2_lib3.final_cell_0320-1
3416,0.456123024225235,human2_lib3.final_cell_0321-1
3417,0.8261452913284302,human2_lib3.final_cell_0322-1
3418,1.6461176872253418,human2_lib3.final_cell_0323-1
3419,0.6254417896270752,human2_lib3.final_cell_0324-1
3420,0.4713940918445587,human2_lib3.final_cell_0325-1
3421,1.1836186647415161,human2_lib3.final_cell_0326-1
3422,1.234506368637085,human2_lib3.final_cell_0327-1
3423,1.2624303102493286,human2_lib3.final_cell_0328-1
3424,0.5738828778266907,human2_lib3.final_cell_0329-1
3425,1.7568823099136353,human2_lib3.final_cell_0330-1
3426,0.643984854221344,human2_lib3.final_cell_0331-1
3427,1.623578429222107,human2_lib3.final_cell_0332-1
3428,0.4928492307662964,human2_lib3.final_cell_0333-1
3429,0.8048035502433777,human2_lib3.final_cell_0334-1
3430,2.0316357612609863,human2_lib3.final_cell_0335-1
3431,1.1934521198272705,human2_lib3.final_cell_0336-1
3432,0.593949556350708,human2_lib3.final_cell_0337-1
3433,1.2619558572769165,human2_lib3.final_cell_0338-1
3434,0.5773552656173706,human2_lib3.final_cell_0339-1
3435,1.3681176900863647,human2_lib3.final_cell_0340-1
3436,0.8382138609886169,human2_lib3.final_cell_0341-1
3437,1.2952969074249268,human2_lib3.final_cell_0342-1
3438,0.4807325005531311,human2_lib3.final_cell_0343-1
3439,1.7614938020706177,human2_lib3.final_cell_0344-1
3440,0.5264496207237244,human2_lib3.final_cell_0345-1
3441,0.6979146599769592,human2_lib3.final_cell_0346-1
3442,1.4914582967758179,human2_lib3.final_cell_0347-1
3443,0.512006938457489,human2_lib3.final_cell_0348-1
3444,2.1333253383636475,human2_lib3.final_cell_0349-1
3445,0.6281571984291077,human2_lib3.final_cell_0350-1
3446,0.5385130047798157,human2_lib3.final_cell_0351-1
3447,1.2608965635299683,human2_lib3.final_cell_0352-1
3448,1.2832075357437134,human2_lib3.final_cell_0353-1
3449,1.660217523574829,human2_lib3.final_cell_0354-1
3450,0.6241885423660278,human2_lib3.final_cell_0355-1
3451,1.2638001441955566,human2_lib3.final_cell_0356-1
3452,1.4066439867019653,human2_lib3.final_cell_0357-1
3453,1.6920444965362549,human2_lib3.final_cell_0358-1
3454,0.582008957862854,human2_lib3.final_cell_0359-1
3455,0.6108636260032654,human2_lib3.final_cell_0360-1
3456,1.611231803894043,human2_lib3.final_cell_0361-1
3457,0.6832950711250305,human2_lib3.final_cell_0362-1
3458,1.3960479497909546,human2_lib3.final_cell_0363-1
3459,0.668254017829895,human2_lib3.final_cell_0364-1
3460,0.60419100522995,human2_lib3.final_cell_0365-1
3461,0.9106447696685791,human2_lib3.final_cell_0366-1
3462,1.1020509004592896,human2_lib3.final_cell_0367-1
3463,1.4966540336608887,human2_lib3.final_cell_0368-1
3464,1.238422155380249,human2_lib3.final_cell_0369-1
3465,0.758671224117279,human2_lib3.final_cell_0370-1
3466,0.8812066912651062,human2_lib3.final_cell_0371-1
3467,0.5517457127571106,human2_lib3.final_cell_0372-1
3468,0.48859691619873047,human2_lib3.final_cell_0373-1
3469,0.6758934259414673,human2_lib3.final_cell_0374-1
3470,0.6717125177383423,human2_lib3.final_cell_0375-1
3471,0.6005355715751648,human2_lib3.final_cell_0376-1
3472,1.934757947921753,human2_lib3.final_cell_0377-1
3473,2.5915167331695557,human2_lib3.final_cell_0378-1
3474,1.2909889221191406,human2_lib3.final_cell_0379-1
3475,0.6279058456420898,human2_lib3.final_cell_0380-1
3476,0.6444079875946045,human2_lib3.final_cell_0381-1
3477,0.6499285697937012,human2_lib3.final_cell_0382-1
3478,1.2166351079940796,human2_lib3.final_cell_0383-1
3479,0.5975519418716431,human2_lib3.final_cell_0384-1
3480,1.4897412061691284,human2_lib3.final_cell_0385-1
3481,2.285188913345337,human2_lib3.final_cell_0386-1
3482,0.7398456931114197,human2_lib3.final_cell_0387-1
3483,1.149335503578186,human2_lib3.final_cell_0388-1
3484,0.5976446866989136,human2_lib3.final_cell_0389-1
3485,0.523686408996582,human2_lib3.final_cell_0390-1
3486,0.6747006773948669,human2_lib3.final_cell_0391-1
3487,1.147322654724121,human2_lib3.final_cell_0392-1
3488,0.5143909454345703,human2_lib3.final_cell_0393-1
3489,0.8102073073387146,human2_lib3.final_cell_0394-1
3490,1.3547955751419067,human2_lib3.final_cell_0395-1
3491,1.8126897811889648,human2_lib3.final_cell_0396-1
3492,1.1967476606369019,human2_lib3.final_cell_0397-1
3493,0.46742701530456543,human2_lib3.final_cell_0398-1
3494,1.4249391555786133,human2_lib3.final_cell_0399-1
3495,1.3782604932785034,human2_lib3.final_cell_0400-1
3496,0.7749530076980591,human2_lib3.final_cell_0401-1
3497,0.5525274872779846,human2_lib3.final_cell_0402-1
3498,0.6001761555671692,human2_lib3.final_cell_0403-1
3499,0.6727330684661865,human2_lib3.final_cell_0404-1
3500,0.6355822682380676,human2_lib3.final_cell_0405-1
3501,0.5725768804550171,human2_lib3.final_cell_0406-1
3502,0.5988404154777527,human2_lib3.final_cell_0407-1
3503,1.5581516027450562,human2_lib3.final_cell_0408-1
3504,1.0102043151855469,human2_lib3.final_cell_0409-1
3505,0.9324960708618164,human2_lib3.final_cell_0410-1
3506,0.626635730266571,human2_lib3.final_cell_0411-1
3507,0.7285237908363342,human2_lib3.final_cell_0412-1
3508,1.0171146392822266,human2_lib3.final_cell_0413-1
3509,0.9505820870399475,human2_lib3.final_cell_0414-1
3510,1.0336873531341553,human2_lib3.final_cell_0415-1
3511,0.543289065361023,human2_lib3.final_cell_0416-1
3512,2.3385117053985596,human2_lib3.final_cell_0417-1
3513,0.9993873834609985,human2_lib3.final_cell_0418-1
3514,1.3012747764587402,human2_lib3.final_cell_0419-1
3515,0.5161089301109314,human2_lib3.final_cell_0420-1
3516,1.9731051921844482,human2_lib3.final_cell_0421-1
3517,0.8621427416801453,human2_lib3.final_cell_0422-1
3518,1.2763252258300781,human2_lib3.final_cell_0423-1
3519,0.8629474639892578,human2_lib3.final_cell_0424-1
3520,1.4187856912612915,human2_lib3.final_cell_0425-1
3521,0.6992424726486206,human2_lib3.final_cell_0426-1
3522,1.3342251777648926,human2_lib3.final_cell_0427-1
3523,1.8625948429107666,human2_lib3.final_cell_0428-1
3524,2.122593641281128,human2_lib3.final_cell_0429-1
3525,0.5771754384040833,human2_lib3.final_cell_0430-1
3526,0.6229438185691833,human2_lib3.final_cell_0431-1
3527,1.1981173753738403,human2_lib3.final_cell_0432-1
3528,0.5771734118461609,human2_lib3.final_cell_0433-1
3529,0.666981041431427,human2_lib3.final_cell_0434-1
3530,1.0674680471420288,human2_lib3.final_cell_0435-1
3531,1.4418537616729736,human2_lib3.final_cell_0436-1
3532,0.5462440848350525,human2_lib3.final_cell_0437-1
3533,0.6499167680740356,human2_lib3.final_cell_0438-1
3534,1.5417648553848267,human2_lib3.final_cell_0439-1
3535,0.8117679357528687,human2_lib3.final_cell_0440-1
3536,0.5063733458518982,human2_lib3.final_cell_0441-1
3537,0.5986818075180054,human2_lib3.final_cell_0442-1
3538,1.3955953121185303,human2_lib3.final_cell_0443-1
3539,0.5443519949913025,human2_lib3.final_cell_0444-1
3540,0.9885039329528809,human2_lib3.final_cell_0445-1
3541,0.5967461466789246,human2_lib3.final_cell_0446-1
3542,0.6251665353775024,human2_lib3.final_cell_0447-1
3543,1.017892599105835,human2_lib3.final_cell_0448-1
3544,0.6481579542160034,human2_lib3.final_cell_0449-1
3545,1.029347538948059,human2_lib3.final_cell_0450-1
3546,0.7881433963775635,human2_lib3.final_cell_0451-1
3547,0.5974892377853394,human2_lib3.final_cell_0452-1
3548,2.0675454139709473,human2_lib3.final_cell_0453-1
3549,0.47344425320625305,human2_lib3.final_cell_0454-1
3550,1.5713586807250977,human2_lib3.final_cell_0455-1
3551,0.5768458843231201,human2_lib3.final_cell_0456-1
3552,0.7782588601112366,human2_lib3.final_cell_0457-1
3553,0.8883300423622131,human2_lib3.final_cell_0458-1
3554,0.9552971124649048,human2_lib3.final_cell_0459-1
3555,1.6159158945083618,human2_lib3.final_cell_0460-1
3556,0.625298023223877,human2_lib3.final_cell_0461-1
3557,0.7002021670341492,human2_lib3.final_cell_0462-1
3558,0.9224970936775208,human2_lib3.final_cell_0463-1
3559,0.8953356742858887,human2_lib3.final_cell_0464-1
3560,0.6256675124168396,human2_lib3.final_cell_0465-1
3561,1.0020676851272583,human2_lib3.final_cell_0466-1
3562,0.9401509165763855,human2_lib3.final_cell_0467-1
3563,0.9436776041984558,human2_lib3.final_cell_0468-1
3564,0.8999620676040649,human2_lib3.final_cell_0469-1
3565,1.6692790985107422,human2_lib3.final_cell_0470-1
3566,0.5959547162055969,human2_lib3.final_cell_0471-1
3567,0.7971027493476868,human2_lib3.final_cell_0472-1
3568,1.1658650636672974,human2_lib3.final_cell_0473-1
3569,1.1882213354110718,human2_lib3.final_cell_0474-1
3570,0.6211151480674744,human2_lib3.final_cell_0475-1
3571,0.5548152327537537,human2_lib3.final_cell_0476-1
3572,1.3309005498886108,human2_lib3.final_cell_0477-1
3573,1.2971770763397217,human2_lib3.final_cell_0478-1
3574,0.6183586120605469,human2_lib3.final_cell_0479-1
3575,0.9346817135810852,human2_lib3.final_cell_0480-1
3576,0.6219766139984131,human2_lib3.final_cell_0481-1
3577,0.5193479657173157,human2_lib3.final_cell_0482-1
3578,0.8412585854530334,human2_lib3.final_cell_0483-1
3579,0.6794893145561218,human2_lib3.final_cell_0484-1
3580,0.9193606376647949,human2_lib3.final_cell_0485-1
3581,0.48678043484687805,human2_lib3.final_cell_0486-1
3582,1.0799862146377563,human2_lib3.final_cell_0487-1
3583,1.4127368927001953,human2_lib3.final_cell_0488-1
3584,0.7285894155502319,human2_lib3.final_cell_0489-1
3585,1.244993805885315,human2_lib3.final_cell_0490-1
3586,0.6589196920394897,human2_lib3.final_cell_0491-1
3587,0.6625092625617981,human2_lib3.final_cell_0492-1
3588,1.7891961336135864,human2_lib3.final_cell_0493-1
3589,1.3937627077102661,human2_lib3.final_cell_0494-1
3590,0.9439430832862854,human2_lib3.final_cell_0495-1
3591,3.6379077434539795,human2_lib3.final_cell_0496-1
3592,1.4904347658157349,human2_lib3.final_cell_0497-1
3593,1.7369732856750488,human2_lib3.final_cell_0498-1
3594,0.5112858414649963,human2_lib3.final_cell_0499-1
3595,1.5256112813949585,human2_lib3.final_cell_0500-1
3596,0.6061784625053406,human2_lib3.final_cell_0501-1
3597,0.6987131237983704,human2_lib3.final_cell_0502-1
3598,0.8319356441497803,human2_lib3.final_cell_0503-1
3599,0.5770457983016968,human2_lib3.final_cell_0504-1
3600,1.2706923484802246,human2_lib3.final_cell_0505-1
3601,0.9268216490745544,human2_lib3.final_cell_0506-1
3602,1.3761242628097534,human2_lib3.final_cell_0507-1
3603,0.7570608854293823,human2_lib3.final_cell_0508-1
3604,1.8851394653320312,human2_lib3.final_cell_0509-1
3605,1.2622941732406616,human2_lib3.final_cell_0510-1
3606,0.7244791388511658,human2_lib3.final_cell_0511-1
3607,1.3458476066589355,human2_lib3.final_cell_0512-1
3608,0.7672860622406006,human2_lib3.final_cell_0513-1
3609,0.8611456155776978,human2_lib3.final_cell_0514-1
3610,0.5692833065986633,human2_lib3.final_cell_0515-1
3611,1.2083994150161743,human2_lib3.final_cell_0516-1
3612,1.7172261476516724,human2_lib3.final_cell_0517-1
3613,1.1324824094772339,human2_lib3.final_cell_0518-1
3614,0.9631404876708984,human2_lib3.final_cell_0519-1
3615,1.7250553369522095,human2_lib3.final_cell_0520-1
3616,0.7674432992935181,human2_lib3.final_cell_0521-1
3617,0.6183054447174072,human2_lib3.final_cell_0522-1
3618,2.210730791091919,human2_lib3.final_cell_0523-1
3619,1.173654317855835,human2_lib3.final_cell_0524-1
3620,3.7196006774902344,human2_lib3.final_cell_0525-1
3621,1.2618381977081299,human2_lib3.final_cell_0526-1
3622,1.4432169198989868,human2_lib3.final_cell_0527-1
3623,2.227836847305298,human2_lib3.final_cell_0528-1
3624,0.938464343547821,human2_lib3.final_cell_0529-1
3625,3.532390594482422,human2_lib3.final_cell_0530-1
3626,0.470578134059906,human2_lib3.final_cell_0531-1
3627,0.7829459309577942,human2_lib3.final_cell_0532-1
3628,2.332624673843384,human2_lib3.final_cell_0533-1
3629,0.5931718945503235,human2_lib3.final_cell_0534-1
3630,1.9798461198806763,human2_lib3.final_cell_0535-1
3631,0.9391114711761475,human2_lib3.final_cell_0536-1
3632,1.0451372861862183,human2_lib3.final_cell_0537-1
3633,1.031902551651001,human2_lib3.final_cell_0538-1
3634,2.066112518310547,human2_lib3.final_cell_0539-1
3635,1.6294810771942139,human2_lib3.final_cell_0540-1
3636,1.5783662796020508,human2_lib3.final_cell_0541-1
3637,0.6643126606941223,human2_lib3.final_cell_0542-1
3638,1.1230988502502441,human2_lib3.final_cell_0543-1
3639,1.1964807510375977,human2_lib3.final_cell_0544-1
3640,1.6412022113800049,human2_lib3.final_cell_0545-1
3641,3.6678714752197266,human2_lib3.final_cell_0546-1
3642,2.029794692993164,human2_lib3.final_cell_0547-1
3643,0.7812877893447876,human2_lib3.final_cell_0548-1
3644,1.0662636756896973,human2_lib3.final_cell_0549-1
3645,0.7045361995697021,human2_lib3.final_cell_0550-1
3646,1.2191250324249268,human2_lib3.final_cell_0551-1
3647,1.756327748298645,human2_lib3.final_cell_0552-1
3648,1.3734780550003052,human2_lib3.final_cell_0553-1
3649,0.5722306966781616,human2_lib3.final_cell_0554-1
3650,1.9802476167678833,human2_lib3.final_cell_0555-1
3651,1.811094880104065,human2_lib3.final_cell_0556-1
3652,1.396384358406067,human2_lib3.final_cell_0557-1
3653,1.3069086074829102,human2_lib3.final_cell_0558-1
3654,1.5985058546066284,human2_lib3.final_cell_0559-1
3655,0.7724912762641907,human2_lib3.final_cell_0560-1
3656,2.1906542778015137,human2_lib3.final_cell_0561-1
3657,2.9090449810028076,human2_lib3.final_cell_0562-1
3658,1.6209475994110107,human2_lib3.final_cell_0563-1
3659,2.467697858810425,human2_lib3.final_cell_0564-1
3660,0.8882834315299988,human2_lib3.final_cell_0565-1
3661,0.6014772653579712,human3_lib1.final_cell_0001-2
3662,0.5305494666099548,human3_lib1.final_cell_0002-2
3663,0.6728222370147705,human3_lib1.final_cell_0003-2
3664,0.6648701429367065,human3_lib1.final_cell_0004-2
3665,0.6100947260856628,human3_lib1.final_cell_0005-2
3666,0.5841556787490845,human3_lib1.final_cell_0006-2
3667,1.028100609779358,human3_lib1.final_cell_0007-2
3668,0.6661041378974915,human3_lib1.final_cell_0008-2
3669,0.7900936007499695,human3_lib1.final_cell_0009-2
3670,0.5147730708122253,human3_lib1.final_cell_0010-2
3671,1.3944613933563232,human3_lib1.final_cell_0011-2
3672,0.6100748777389526,human3_lib1.final_cell_0012-2
3673,0.8418942093849182,human3_lib1.final_cell_0013-2
3674,0.5959837436676025,human3_lib1.final_cell_0014-2
3675,1.5123659372329712,human3_lib1.final_cell_0015-2
3676,0.833093523979187,human3_lib1.final_cell_0016-2
3677,0.7193306088447571,human3_lib1.final_cell_0017-2
3678,0.8629395365715027,human3_lib1.final_cell_0018-2
3679,0.6158063411712646,human3_lib1.final_cell_0019-2
3680,0.5782676339149475,human3_lib1.final_cell_0020-2
3681,0.5181437134742737,human3_lib1.final_cell_0021-2
3682,0.6985325813293457,human3_lib1.final_cell_0022-2
3683,1.0636496543884277,human3_lib1.final_cell_0023-2
3684,1.0548784732818604,human3_lib1.final_cell_0024-2
3685,0.5860196948051453,human3_lib1.final_cell_0025-2
3686,0.6756781339645386,human3_lib1.final_cell_0026-2
3687,0.5168229341506958,human3_lib1.final_cell_0027-2
3688,0.7693103551864624,human3_lib1.final_cell_0028-2
3689,0.9595761895179749,human3_lib1.final_cell_0029-2
3690,0.7068101763725281,human3_lib1.final_cell_0030-2
3691,1.0001945495605469,human3_lib1.final_cell_0031-2
3692,0.8805366158485413,human3_lib1.final_cell_0032-2
3693,1.1700924634933472,human3_lib1.final_cell_0033-2
3694,0.5484811067581177,human3_lib1.final_cell_0034-2
3695,0.785401463508606,human3_lib1.final_cell_0035-2
3696,0.8512047529220581,human3_lib1.final_cell_0036-2
3697,1.077372670173645,human3_lib1.final_cell_0037-2
3698,0.6263014078140259,human3_lib1.final_cell_0038-2
3699,0.7436779141426086,human3_lib1.final_cell_0039-2
3700,0.8474248647689819,human3_lib1.final_cell_0040-2
3701,0.6898283958435059,human3_lib1.final_cell_0041-2
3702,0.8071387410163879,human3_lib1.final_cell_0042-2
3703,0.67024827003479,human3_lib1.final_cell_0043-2
3704,1.0226123332977295,human3_lib1.final_cell_0044-2
3705,0.6138268113136292,human3_lib1.final_cell_0045-2
3706,0.7376186847686768,human3_lib1.final_cell_0046-2
3707,0.7125932574272156,human3_lib1.final_cell_0047-2
3708,1.7013344764709473,human3_lib1.final_cell_0048-2
3709,1.0503108501434326,human3_lib1.final_cell_0049-2
3710,0.8111100196838379,human3_lib1.final_cell_0050-2
3711,0.5698242783546448,human3_lib1.final_cell_0051-2
3712,0.535249650478363,human3_lib1.final_cell_0052-2
3713,0.6383777856826782,human3_lib1.final_cell_0053-2
3714,0.6286560893058777,human3_lib1.final_cell_0054-2
3715,0.5796732306480408,human3_lib1.final_cell_0055-2
3716,0.49179506301879883,human3_lib1.final_cell_0056-2
3717,0.6851390600204468,human3_lib1.final_cell_0057-2
3718,0.5474075675010681,human3_lib1.final_cell_0058-2
3719,0.5527437925338745,human3_lib1.final_cell_0059-2
3720,1.095735788345337,human3_lib1.final_cell_0060-2
3721,0.596859335899353,human3_lib1.final_cell_0061-2
3722,0.7019528746604919,human3_lib1.final_cell_0062-2
3723,0.6550742983818054,human3_lib1.final_cell_0063-2
3724,0.7703113555908203,human3_lib1.final_cell_0064-2
3725,1.0520858764648438,human3_lib1.final_cell_0065-2
3726,1.440721035003662,human3_lib1.final_cell_0066-2
3727,0.6121841073036194,human3_lib1.final_cell_0067-2
3728,0.5132440328598022,human3_lib1.final_cell_0068-2
3729,0.7323591113090515,human3_lib1.final_cell_0069-2
3730,1.1140124797821045,human3_lib1.final_cell_0070-2
3731,2.7373132705688477,human3_lib1.final_cell_0071-2
3732,0.7392541766166687,human3_lib1.final_cell_0072-2
3733,1.4260133504867554,human3_lib1.final_cell_0073-2
3734,0.5115620493888855,human3_lib1.final_cell_0074-2
3735,0.9038975834846497,human3_lib1.final_cell_0075-2
3736,0.6699888110160828,human3_lib1.final_cell_0076-2
3737,0.5399723052978516,human3_lib1.final_cell_0077-2
3738,1.3578377962112427,human3_lib1.final_cell_0078-2
3739,0.7222524285316467,human3_lib1.final_cell_0079-2
3740,0.5090157389640808,human3_lib1.final_cell_0080-2
3741,1.2430278062820435,human3_lib1.final_cell_0081-2
3742,0.565949022769928,human3_lib1.final_cell_0082-2
3743,0.6164341568946838,human3_lib1.final_cell_0083-2
3744,0.6163056492805481,human3_lib1.final_cell_0084-2
3745,0.8091144561767578,human3_lib1.final_cell_0085-2
3746,0.637082040309906,human3_lib1.final_cell_0086-2
3747,0.6083351373672485,human3_lib1.final_cell_0087-2
3748,1.6946160793304443,human3_lib1.final_cell_0088-2
3749,0.5375651717185974,human3_lib1.final_cell_0089-2
3750,0.7881553769111633,human3_lib1.final_cell_0090-2
3751,1.0317174196243286,human3_lib1.final_cell_0091-2
3752,0.8744421005249023,human3_lib1.final_cell_0092-2
3753,0.5648842453956604,human3_lib1.final_cell_0093-2
3754,0.9903426170349121,human3_lib1.final_cell_0094-2
3755,0.5278120040893555,human3_lib1.final_cell_0095-2
3756,0.5742701292037964,human3_lib1.final_cell_0096-2
3757,0.554642379283905,human3_lib1.final_cell_0097-2
3758,0.5902718901634216,human3_lib1.final_cell_0098-2
3759,0.7259193658828735,human3_lib1.final_cell_0099-2
3760,1.8815163373947144,human3_lib1.final_cell_0100-2
3761,0.5486064553260803,human3_lib1.final_cell_0101-2
3762,0.5628248453140259,human3_lib1.final_cell_0102-2
3763,1.6351553201675415,human3_lib1.final_cell_0103-2
3764,0.7704051733016968,human3_lib1.final_cell_0104-2
3765,0.6373434066772461,human3_lib1.final_cell_0105-2
3766,0.7086313366889954,human3_lib1.final_cell_0106-2
3767,0.7160484790802002,human3_lib1.final_cell_0107-2
3768,0.6475157737731934,human3_lib1.final_cell_0108-2
3769,0.6418929696083069,human3_lib1.final_cell_0109-2
3770,0.7512081861495972,human3_lib1.final_cell_0110-2
3771,0.49531376361846924,human3_lib1.final_cell_0111-2
3772,0.6092878580093384,human3_lib1.final_cell_0112-2
3773,0.50430828332901,human3_lib1.final_cell_0113-2
3774,0.7438182830810547,human3_lib1.final_cell_0114-2
3775,0.45572781562805176,human3_lib1.final_cell_0115-2
3776,0.5875130295753479,human3_lib1.final_cell_0116-2
3777,0.8681957125663757,human3_lib1.final_cell_0117-2
3778,1.0775388479232788,human3_lib1.final_cell_0118-2
3779,0.6019723415374756,human3_lib1.final_cell_0119-2
3780,1.091050624847412,human3_lib1.final_cell_0120-2
3781,1.3593586683273315,human3_lib1.final_cell_0121-2
3782,0.6387166380882263,human3_lib1.final_cell_0122-2
3783,0.55672687292099,human3_lib1.final_cell_0123-2
3784,0.5640784502029419,human3_lib1.final_cell_0124-2
3785,0.5801940560340881,human3_lib1.final_cell_0125-2
3786,1.0292222499847412,human3_lib1.final_cell_0126-2
3787,0.511033833026886,human3_lib1.final_cell_0127-2
3788,1.7277531623840332,human3_lib1.final_cell_0128-2
3789,0.45525339245796204,human3_lib1.final_cell_0129-2
3790,0.7549706101417542,human3_lib1.final_cell_0130-2
3791,0.6395870447158813,human3_lib1.final_cell_0131-2
3792,0.58760666847229,human3_lib1.final_cell_0132-2
3793,1.1159954071044922,human3_lib1.final_cell_0133-2
3794,2.11043643951416,human3_lib1.final_cell_0134-2
3795,1.740601658821106,human3_lib1.final_cell_0135-2
3796,0.8165671825408936,human3_lib1.final_cell_0136-2
3797,0.8896434903144836,human3_lib1.final_cell_0137-2
3798,0.5558364987373352,human3_lib1.final_cell_0138-2
3799,0.4799140691757202,human3_lib1.final_cell_0139-2
3800,0.9299344420433044,human3_lib1.final_cell_0140-2
3801,0.7996122241020203,human3_lib1.final_cell_0141-2
3802,1.4539494514465332,human3_lib1.final_cell_0142-2
3803,0.5744467377662659,human3_lib1.final_cell_0143-2
3804,0.5868124961853027,human3_lib1.final_cell_0144-2
3805,1.0484763383865356,human3_lib1.final_cell_0145-2
3806,0.5305442810058594,human3_lib1.final_cell_0146-2
3807,0.7058221101760864,human3_lib1.final_cell_0147-2
3808,0.646428644657135,human3_lib1.final_cell_0148-2
3809,0.7452644109725952,human3_lib1.final_cell_0149-2
3810,0.5927457809448242,human3_lib1.final_cell_0150-2
3811,0.7113176584243774,human3_lib1.final_cell_0151-2
3812,1.3321632146835327,human3_lib1.final_cell_0152-2
3813,0.9693479537963867,human3_lib1.final_cell_0153-2
3814,0.7850003838539124,human3_lib1.final_cell_0154-2
3815,0.6191811561584473,human3_lib1.final_cell_0155-2
3816,0.4946841895580292,human3_lib1.final_cell_0156-2
3817,1.6326831579208374,human3_lib1.final_cell_0157-2
3818,1.2108078002929688,human3_lib1.final_cell_0158-2
3819,0.6879160404205322,human3_lib1.final_cell_0159-2
3820,2.866149425506592,human3_lib1.final_cell_0160-2
3821,0.5373736619949341,human3_lib1.final_cell_0161-2
3822,1.0668346881866455,human3_lib1.final_cell_0162-2
3823,0.5730529427528381,human3_lib1.final_cell_0163-2
3824,0.8543502688407898,human3_lib1.final_cell_0164-2
3825,1.7183997631072998,human3_lib1.final_cell_0165-2
3826,0.5607109665870667,human3_lib1.final_cell_0166-2
3827,0.8020668029785156,human3_lib1.final_cell_0167-2
3828,0.6454505920410156,human3_lib1.final_cell_0168-2
3829,0.7153392434120178,human3_lib1.final_cell_0169-2
3830,0.6109785437583923,human3_lib1.final_cell_0170-2
3831,0.6895380616188049,human3_lib1.final_cell_0171-2
3832,1.6208223104476929,human3_lib1.final_cell_0172-2
3833,0.452314168214798,human3_lib1.final_cell_0173-2
3834,0.9700485467910767,human3_lib1.final_cell_0174-2
3835,0.5858333706855774,human3_lib1.final_cell_0175-2
3836,0.6405386328697205,human3_lib1.final_cell_0176-2
3837,0.6214638352394104,human3_lib1.final_cell_0177-2
3838,0.6144354343414307,human3_lib1.final_cell_0178-2
3839,0.4992128908634186,human3_lib1.final_cell_0179-2
3840,0.7040202617645264,human3_lib1.final_cell_0180-2
3841,1.0825105905532837,human3_lib1.final_cell_0181-2
3842,0.47119084000587463,human3_lib1.final_cell_0182-2
3843,1.3295753002166748,human3_lib1.final_cell_0183-2
3844,0.4897637367248535,human3_lib1.final_cell_0184-2
3845,0.6771856546401978,human3_lib1.final_cell_0185-2
3846,0.5768454670906067,human3_lib1.final_cell_0186-2
3847,0.6089059114456177,human3_lib1.final_cell_0187-2
3848,1.282273292541504,human3_lib1.final_cell_0188-2
3849,0.9429923892021179,human3_lib1.final_cell_0189-2
3850,0.6157646179199219,human3_lib1.final_cell_0190-2
3851,0.5110394358634949,human3_lib1.final_cell_0191-2
3852,0.8021935224533081,human3_lib1.final_cell_0192-2
3853,0.9373679161071777,human3_lib1.final_cell_0193-2
3854,1.0691200494766235,human3_lib1.final_cell_0194-2
3855,1.1428556442260742,human3_lib1.final_cell_0195-2
3856,0.7147426009178162,human3_lib1.final_cell_0196-2
3857,0.5422576665878296,human3_lib1.final_cell_0197-2
3858,1.473596453666687,human3_lib1.final_cell_0198-2
3859,0.7366952300071716,human3_lib1.final_cell_0199-2
3860,0.8281468749046326,human3_lib1.final_cell_0200-2
3861,0.76649010181427,human3_lib1.final_cell_0201-2
3862,1.0212684869766235,human3_lib1.final_cell_0202-2
3863,1.0754348039627075,human3_lib1.final_cell_0203-2
3864,0.568389356136322,human3_lib1.final_cell_0204-2
3865,0.6304415464401245,human3_lib1.final_cell_0205-2
3866,1.0302832126617432,human3_lib1.final_cell_0206-2
3867,0.5793223977088928,human3_lib1.final_cell_0207-2
3868,1.0157731771469116,human3_lib1.final_cell_0208-2
3869,0.530133843421936,human3_lib1.final_cell_0209-2
3870,0.815807580947876,human3_lib1.final_cell_0210-2
3871,1.1605865955352783,human3_lib1.final_cell_0211-2
3872,0.7913337349891663,human3_lib1.final_cell_0212-2
3873,0.638394832611084,human3_lib1.final_cell_0213-2
3874,1.0272300243377686,human3_lib1.final_cell_0214-2
3875,0.6592751741409302,human3_lib1.final_cell_0215-2
3876,0.6800262331962585,human3_lib1.final_cell_0216-2
3877,0.8710082769393921,human3_lib1.final_cell_0217-2
3878,0.7994266748428345,human3_lib1.final_cell_0218-2
3879,0.7383355498313904,human3_lib1.final_cell_0219-2
3880,0.55813068151474,human3_lib1.final_cell_0220-2
3881,0.7697189450263977,human3_lib1.final_cell_0221-2
3882,0.5911957621574402,human3_lib1.final_cell_0222-2
3883,1.6061691045761108,human3_lib1.final_cell_0223-2
3884,0.9790137410163879,human3_lib1.final_cell_0224-2
3885,1.5652083158493042,human3_lib1.final_cell_0225-2
3886,0.9583605527877808,human3_lib1.final_cell_0226-2
3887,0.5647264122962952,human3_lib1.final_cell_0227-2
3888,1.044909954071045,human3_lib1.final_cell_0228-2
3889,0.4890870451927185,human3_lib1.final_cell_0229-2
3890,1.1561452150344849,human3_lib1.final_cell_0230-2
3891,1.3837555646896362,human3_lib1.final_cell_0231-2
3892,0.6843991875648499,human3_lib1.final_cell_0232-2
3893,0.9023430347442627,human3_lib1.final_cell_0233-2
3894,0.6295570731163025,human3_lib1.final_cell_0234-2
3895,0.6804181337356567,human3_lib1.final_cell_0235-2
3896,0.5079485774040222,human3_lib1.final_cell_0236-2
3897,0.5738345980644226,human3_lib1.final_cell_0237-2
3898,0.9124231338500977,human3_lib1.final_cell_0238-2
3899,0.47514790296554565,human3_lib1.final_cell_0239-2
3900,0.5099875330924988,human3_lib1.final_cell_0240-2
3901,0.6498624682426453,human3_lib1.final_cell_0241-2
3902,0.9089776873588562,human3_lib1.final_cell_0242-2
3903,0.6715093851089478,human3_lib1.final_cell_0243-2
3904,0.901597261428833,human3_lib1.final_cell_0244-2
3905,0.5914517641067505,human3_lib1.final_cell_0245-2
3906,0.6970876455307007,human3_lib1.final_cell_0246-2
3907,0.8596398830413818,human3_lib1.final_cell_0247-2
3908,0.7175232768058777,human3_lib1.final_cell_0248-2
3909,0.6172033548355103,human3_lib1.final_cell_0249-2
3910,0.6954640746116638,human3_lib1.final_cell_0250-2
3911,0.5496910214424133,human3_lib1.final_cell_0251-2
3912,0.5700504183769226,human3_lib1.final_cell_0252-2
3913,1.149779200553894,human3_lib1.final_cell_0253-2
3914,0.5186628699302673,human3_lib1.final_cell_0254-2
3915,0.8055222034454346,human3_lib1.final_cell_0255-2
3916,0.7027480006217957,human3_lib1.final_cell_0256-2
3917,0.6875227689743042,human3_lib1.final_cell_0257-2
3918,1.462199091911316,human3_lib1.final_cell_0258-2
3919,0.5786154866218567,human3_lib1.final_cell_0259-2
3920,0.6407801508903503,human3_lib1.final_cell_0260-2
3921,1.3607532978057861,human3_lib1.final_cell_0261-2
3922,1.5130376815795898,human3_lib1.final_cell_0262-2
3923,0.5509138107299805,human3_lib1.final_cell_0263-2
3924,0.5385109782218933,human3_lib1.final_cell_0264-2
3925,0.9089975357055664,human3_lib1.final_cell_0265-2
3926,0.48297446966171265,human3_lib1.final_cell_0266-2
3927,0.6939475536346436,human3_lib1.final_cell_0267-2
3928,0.5574436783790588,human3_lib1.final_cell_0268-2
3929,0.702327311038971,human3_lib1.final_cell_0269-2
3930,0.5967695116996765,human3_lib1.final_cell_0270-2
3931,1.096022129058838,human3_lib1.final_cell_0271-2
3932,0.7550002932548523,human3_lib1.final_cell_0272-2
3933,0.9749892354011536,human3_lib1.final_cell_0273-2
3934,0.763282060623169,human3_lib1.final_cell_0274-2
3935,0.5887781977653503,human3_lib1.final_cell_0275-2
3936,1.6145529747009277,human3_lib1.final_cell_0276-2
3937,0.47696948051452637,human3_lib1.final_cell_0277-2
3938,0.6450817584991455,human3_lib1.final_cell_0278-2
3939,0.5938779711723328,human3_lib1.final_cell_0279-2
3940,0.7650032043457031,human3_lib1.final_cell_0280-2
3941,0.5839416980743408,human3_lib1.final_cell_0281-2
3942,0.8067739009857178,human3_lib1.final_cell_0282-2
3943,0.7905454635620117,human3_lib1.final_cell_0283-2
3944,3.088243246078491,human3_lib1.final_cell_0284-2
3945,0.49739372730255127,human3_lib1.final_cell_0285-2
3946,0.47889816761016846,human3_lib1.final_cell_0286-2
3947,0.7474068999290466,human3_lib1.final_cell_0287-2
3948,0.9372931122779846,human3_lib1.final_cell_0288-2
3949,1.7357251644134521,human3_lib1.final_cell_0289-2
3950,2.006990432739258,human3_lib1.final_cell_0290-2
3951,0.5312514305114746,human3_lib1.final_cell_0291-2
3952,0.9755425453186035,human3_lib1.final_cell_0292-2
3953,0.5973309874534607,human3_lib1.final_cell_0293-2
3954,0.9356253147125244,human3_lib1.final_cell_0294-2
3955,0.4768519401550293,human3_lib1.final_cell_0295-2
3956,0.4724421799182892,human3_lib1.final_cell_0296-2
3957,0.4605485796928406,human3_lib1.final_cell_0297-2
3958,0.9501450061798096,human3_lib1.final_cell_0298-2
3959,0.6184582114219666,human3_lib1.final_cell_0299-2
3960,0.5966190099716187,human3_lib1.final_cell_0300-2
3961,0.8274611234664917,human3_lib1.final_cell_0301-2
3962,0.7766329050064087,human3_lib1.final_cell_0302-2
3963,0.7785213589668274,human3_lib1.final_cell_0303-2
3964,1.0880762338638306,human3_lib1.final_cell_0304-2
3965,1.2094080448150635,human3_lib1.final_cell_0305-2
3966,0.9467031359672546,human3_lib1.final_cell_0306-2
3967,0.6231405735015869,human3_lib1.final_cell_0307-2
3968,1.1139293909072876,human3_lib1.final_cell_0308-2
3969,2.8634002208709717,human3_lib1.final_cell_0309-2
3970,0.9552308320999146,human3_lib1.final_cell_0310-2
3971,0.45142608880996704,human3_lib1.final_cell_0311-2
3972,0.7240827679634094,human3_lib1.final_cell_0312-2
3973,0.5741657614707947,human3_lib1.final_cell_0313-2
3974,0.7696311473846436,human3_lib1.final_cell_0314-2
3975,0.4631972312927246,human3_lib1.final_cell_0315-2
3976,1.8685884475708008,human3_lib1.final_cell_0316-2
3977,0.648772656917572,human3_lib1.final_cell_0317-2
3978,0.6339092254638672,human3_lib1.final_cell_0318-2
3979,0.695948600769043,human3_lib1.final_cell_0319-2
3980,1.7671924829483032,human3_lib1.final_cell_0320-2
3981,0.6338275671005249,human3_lib1.final_cell_0321-2
3982,0.7620303630828857,human3_lib1.final_cell_0322-2
3983,0.5700994729995728,human3_lib1.final_cell_0323-2
3984,0.48032236099243164,human3_lib1.final_cell_0324-2
3985,0.45575231313705444,human3_lib1.final_cell_0325-2
3986,0.5423494577407837,human3_lib1.final_cell_0326-2
3987,0.6156590580940247,human3_lib1.final_cell_0327-2
3988,0.4684562385082245,human3_lib1.final_cell_0328-2
3989,2.096299171447754,human3_lib1.final_cell_0329-2
3990,0.5880825519561768,human3_lib1.final_cell_0330-2
3991,0.6523527503013611,human3_lib1.final_cell_0331-2
3992,0.6052887439727783,human3_lib1.final_cell_0332-2
3993,0.6326085329055786,human3_lib1.final_cell_0333-2
3994,0.6118326187133789,human3_lib1.final_cell_0334-2
3995,0.5765419006347656,human3_lib1.final_cell_0335-2
3996,0.4573313891887665,human3_lib1.final_cell_0336-2
3997,0.5586340427398682,human3_lib1.final_cell_0337-2
3998,0.8742746710777283,human3_lib1.final_cell_0338-2
3999,0.6851597428321838,human3_lib1.final_cell_0339-2
4000,0.5344229340553284,human3_lib1.final_cell_0340-2
4001,1.3464505672454834,human3_lib1.final_cell_0341-2
4002,1.0834052562713623,human3_lib1.final_cell_0342-2
4003,0.71567702293396,human3_lib1.final_cell_0343-2
4004,0.7559584379196167,human3_lib1.final_cell_0344-2
4005,1.8733279705047607,human3_lib1.final_cell_0345-2
4006,2.9183037281036377,human3_lib1.final_cell_0346-2
4007,0.7214493751525879,human3_lib1.final_cell_0347-2
4008,0.614105224609375,human3_lib1.final_cell_0348-2
4009,0.582761824131012,human3_lib1.final_cell_0349-2
4010,0.9828525185585022,human3_lib1.final_cell_0350-2
4011,0.7867410778999329,human3_lib1.final_cell_0351-2
4012,0.5611125826835632,human3_lib1.final_cell_0352-2
4013,0.6185319423675537,human3_lib1.final_cell_0353-2
4014,0.48551252484321594,human3_lib1.final_cell_0354-2
4015,0.5638641715049744,human3_lib1.final_cell_0355-2
4016,0.7852789163589478,human3_lib1.final_cell_0356-2
4017,0.5748783349990845,human3_lib1.final_cell_0357-2
4018,0.631432831287384,human3_lib1.final_cell_0358-2
4019,1.1281980276107788,human3_lib1.final_cell_0359-2
4020,0.5601584315299988,human3_lib1.final_cell_0360-2
4021,3.0514612197875977,human3_lib1.final_cell_0361-2
4022,0.9654993414878845,human3_lib1.final_cell_0362-2
4023,1.1622304916381836,human3_lib1.final_cell_0363-2
4024,0.8203678727149963,human3_lib1.final_cell_0364-2
4025,1.8022112846374512,human3_lib1.final_cell_0365-2
4026,0.5481179356575012,human3_lib1.final_cell_0366-2
4027,0.790587842464447,human3_lib1.final_cell_0367-2
4028,0.703269898891449,human3_lib1.final_cell_0368-2
4029,0.8642933368682861,human3_lib1.final_cell_0369-2
4030,0.6551167964935303,human3_lib1.final_cell_0370-2
4031,0.6213085055351257,human3_lib1.final_cell_0371-2
4032,0.4571121335029602,human3_lib1.final_cell_0372-2
4033,0.6262849569320679,human3_lib1.final_cell_0373-2
4034,1.0356087684631348,human3_lib1.final_cell_0374-2
4035,0.519038200378418,human3_lib1.final_cell_0375-2
4036,0.9486230611801147,human3_lib1.final_cell_0376-2
4037,0.5851214528083801,human3_lib1.final_cell_0377-2
4038,0.6331973671913147,human3_lib1.final_cell_0378-2
4039,0.8289651870727539,human3_lib1.final_cell_0379-2
4040,0.6800339221954346,human3_lib1.final_cell_0380-2
4041,1.835286259651184,human3_lib1.final_cell_0381-2
4042,1.4408602714538574,human3_lib1.final_cell_0382-2
4043,0.7560830116271973,human3_lib1.final_cell_0383-2
4044,0.6977536082267761,human3_lib1.final_cell_0384-2
4045,1.0212260484695435,human3_lib1.final_cell_0385-2
4046,0.4989798963069916,human3_lib1.final_cell_0386-2
4047,0.4712100327014923,human3_lib1.final_cell_0387-2
4048,0.766595721244812,human3_lib1.final_cell_0388-2
4049,0.6379902362823486,human3_lib1.final_cell_0389-2
4050,1.4938477277755737,human3_lib1.final_cell_0390-2
4051,0.9164773225784302,human3_lib1.final_cell_0391-2
4052,1.5377278327941895,human3_lib1.final_cell_0392-2
4053,0.621299147605896,human3_lib1.final_cell_0393-2
4054,0.5909162163734436,human3_lib1.final_cell_0394-2
4055,0.5942023992538452,human3_lib1.final_cell_0395-2
4056,0.7261470556259155,human3_lib1.final_cell_0396-2
4057,1.7948552370071411,human3_lib1.final_cell_0397-2
4058,0.8444406986236572,human3_lib1.final_cell_0398-2
4059,0.4999384880065918,human3_lib1.final_cell_0399-2
4060,1.7213306427001953,human3_lib1.final_cell_0400-2
4061,0.4787670969963074,human3_lib1.final_cell_0401-2
4062,0.9566910266876221,human3_lib1.final_cell_0402-2
4063,1.0283632278442383,human3_lib1.final_cell_0403-2
4064,0.7738799452781677,human3_lib1.final_cell_0404-2
4065,0.9776760935783386,human3_lib1.final_cell_0405-2
4066,0.8030231595039368,human3_lib1.final_cell_0406-2
4067,1.1917948722839355,human3_lib1.final_cell_0407-2
4068,1.0936274528503418,human3_lib1.final_cell_0408-2
4069,0.6756694912910461,human3_lib1.final_cell_0409-2
4070,1.618520975112915,human3_lib1.final_cell_0410-2
4071,0.7376611828804016,human3_lib1.final_cell_0411-2
4072,1.370384931564331,human3_lib1.final_cell_0412-2
4073,1.4441297054290771,human3_lib1.final_cell_0413-2
4074,1.198980689048767,human3_lib1.final_cell_0414-2
4075,1.7861627340316772,human3_lib1.final_cell_0415-2
4076,0.8051073551177979,human3_lib1.final_cell_0416-2
4077,0.4943341016769409,human3_lib1.final_cell_0417-2
4078,0.5686530470848083,human3_lib1.final_cell_0418-2
4079,0.6004753708839417,human3_lib1.final_cell_0419-2
4080,0.47776687145233154,human3_lib1.final_cell_0420-2
4081,0.6999251246452332,human3_lib1.final_cell_0421-2
4082,0.6694787740707397,human3_lib1.final_cell_0422-2
4083,0.7064679265022278,human3_lib1.final_cell_0423-2
4084,0.734183132648468,human3_lib1.final_cell_0424-2
4085,0.4999189078807831,human3_lib1.final_cell_0425-2
4086,0.6829667687416077,human3_lib1.final_cell_0426-2
4087,0.6591156721115112,human3_lib1.final_cell_0427-2
4088,0.7680449485778809,human3_lib1.final_cell_0428-2
4089,0.6735695004463196,human3_lib1.final_cell_0429-2
4090,0.9534960389137268,human3_lib1.final_cell_0430-2
4091,0.6444128751754761,human3_lib1.final_cell_0431-2
4092,0.974906861782074,human3_lib1.final_cell_0432-2
4093,1.1221367120742798,human3_lib1.final_cell_0433-2
4094,0.6901499629020691,human3_lib1.final_cell_0434-2
4095,0.8922852873802185,human3_lib1.final_cell_0435-2
4096,1.558242678642273,human3_lib1.final_cell_0436-2
4097,0.7998391389846802,human3_lib1.final_cell_0437-2
4098,0.7019731998443604,human3_lib1.final_cell_0438-2
4099,0.8976781964302063,human3_lib1.final_cell_0439-2
4100,0.7374919652938843,human3_lib1.final_cell_0440-2
4101,3.257659435272217,human3_lib1.final_cell_0441-2
4102,0.553250253200531,human3_lib1.final_cell_0442-2
4103,0.7871142029762268,human3_lib1.final_cell_0443-2
4104,0.5541697144508362,human3_lib1.final_cell_0444-2
4105,0.7886003255844116,human3_lib1.final_cell_0445-2
4106,0.5607688426971436,human3_lib1.final_cell_0446-2
4107,1.261415719985962,human3_lib1.final_cell_0447-2
4108,0.4916231036186218,human3_lib1.final_cell_0448-2
4109,0.6434715986251831,human3_lib1.final_cell_0449-2
4110,0.6437672972679138,human3_lib1.final_cell_0450-2
4111,0.49241432547569275,human3_lib1.final_cell_0451-2
4112,0.6560169458389282,human3_lib1.final_cell_0452-2
4113,1.3904016017913818,human3_lib1.final_cell_0453-2
4114,0.4774402678012848,human3_lib1.final_cell_0454-2
4115,1.2270632982254028,human3_lib1.final_cell_0455-2
4116,1.766355276107788,human3_lib1.final_cell_0456-2
4117,0.7853760123252869,human3_lib1.final_cell_0457-2
4118,1.0970444679260254,human3_lib1.final_cell_0458-2
4119,0.6059345006942749,human3_lib1.final_cell_0459-2
4120,0.7123304009437561,human3_lib1.final_cell_0460-2
4121,0.6002852916717529,human3_lib1.final_cell_0461-2
4122,0.8343625664710999,human3_lib1.final_cell_0462-2
4123,0.7332240343093872,human3_lib1.final_cell_0463-2
4124,1.0747897624969482,human3_lib1.final_cell_0464-2
4125,0.7706917524337769,human3_lib1.final_cell_0465-2
4126,0.5916152000427246,human3_lib1.final_cell_0466-2
4127,0.8528416752815247,human3_lib1.final_cell_0467-2
4128,0.47738903760910034,human3_lib1.final_cell_0468-2
4129,0.9160448312759399,human3_lib1.final_cell_0469-2
4130,1.967585563659668,human3_lib1.final_cell_0470-2
4131,1.19620680809021,human3_lib1.final_cell_0471-2
4132,0.4948902428150177,human3_lib1.final_cell_0472-2
4133,0.8181160688400269,human3_lib1.final_cell_0473-2
4134,0.9997895956039429,human3_lib1.final_cell_0474-2
4135,0.6401625275611877,human3_lib1.final_cell_0475-2
4136,0.994179904460907,human3_lib1.final_cell_0476-2
4137,0.5935277938842773,human3_lib1.final_cell_0477-2
4138,0.48345863819122314,human3_lib1.final_cell_0478-2
4139,0.6388360857963562,human3_lib1.final_cell_0479-2
4140,1.0426348447799683,human3_lib1.final_cell_0480-2
4141,0.875297486782074,human3_lib1.final_cell_0481-2
4142,1.3587398529052734,human3_lib1.final_cell_0482-2
4143,1.042755365371704,human3_lib1.final_cell_0483-2
4144,0.7287541627883911,human3_lib1.final_cell_0484-2
4145,0.6093094348907471,human3_lib1.final_cell_0485-2
4146,0.4575928747653961,human3_lib1.final_cell_0486-2
4147,0.7075311541557312,human3_lib1.final_cell_0487-2
4148,1.4479396343231201,human3_lib1.final_cell_0488-2
4149,2.502958059310913,human3_lib1.final_cell_0489-2
4150,1.5849841833114624,human3_lib1.final_cell_0490-2
4151,1.1912347078323364,human3_lib1.final_cell_0491-2
4152,0.7377498745918274,human3_lib1.final_cell_0492-2
4153,1.0028043985366821,human3_lib1.final_cell_0493-2
4154,0.6726881265640259,human3_lib1.final_cell_0494-2
4155,0.8312534093856812,human3_lib1.final_cell_0495-2
4156,1.0179858207702637,human3_lib1.final_cell_0496-2
4157,0.7633262276649475,human3_lib1.final_cell_0497-2
4158,0.624875545501709,human3_lib1.final_cell_0498-2
4159,1.9148050546646118,human3_lib1.final_cell_0499-2
4160,1.1535437107086182,human3_lib1.final_cell_0500-2
4161,1.9197684526443481,human3_lib1.final_cell_0501-2
4162,1.7298246622085571,human3_lib1.final_cell_0502-2
4163,0.6332263350486755,human3_lib1.final_cell_0503-2
4164,0.64984530210495,human3_lib1.final_cell_0504-2
4165,0.565485417842865,human3_lib1.final_cell_0505-2
4166,0.49761590361595154,human3_lib1.final_cell_0506-2
4167,0.6035284399986267,human3_lib1.final_cell_0507-2
4168,0.45059576630592346,human3_lib1.final_cell_0508-2
4169,0.703463077545166,human3_lib1.final_cell_0509-2
4170,0.45785847306251526,human3_lib1.final_cell_0510-2
4171,0.715372622013092,human3_lib1.final_cell_0511-2
4172,1.2168056964874268,human3_lib1.final_cell_0512-2
4173,0.6116764545440674,human3_lib1.final_cell_0513-2
4174,0.7158644795417786,human3_lib1.final_cell_0514-2
4175,1.1812927722930908,human3_lib1.final_cell_0515-2
4176,1.762364387512207,human3_lib1.final_cell_0516-2
4177,2.731102705001831,human3_lib1.final_cell_0517-2
4178,0.6289622783660889,human3_lib1.final_cell_0518-2
4179,0.4569586515426636,human3_lib1.final_cell_0519-2
4180,1.652101993560791,human3_lib1.final_cell_0520-2
4181,0.6464058756828308,human3_lib1.final_cell_0521-2
4182,0.9641450643539429,human3_lib1.final_cell_0522-2
4183,0.6899339556694031,human3_lib1.final_cell_0523-2
4184,1.6339927911758423,human3_lib1.final_cell_0524-2
4185,0.842555582523346,human3_lib1.final_cell_0525-2
4186,0.6357516646385193,human3_lib1.final_cell_0526-2
4187,0.518296480178833,human3_lib1.final_cell_0527-2
4188,0.7538152933120728,human3_lib1.final_cell_0528-2
4189,0.993638813495636,human3_lib1.final_cell_0529-2
4190,0.5934755802154541,human3_lib1.final_cell_0530-2
4191,1.364182710647583,human3_lib1.final_cell_0531-2
4192,1.4479703903198242,human3_lib1.final_cell_0532-2
4193,0.8483283519744873,human3_lib1.final_cell_0533-2
4194,1.2580310106277466,human3_lib1.final_cell_0534-2
4195,0.8952909708023071,human3_lib1.final_cell_0535-2
4196,0.5178916454315186,human3_lib1.final_cell_0536-2
4197,1.168673038482666,human3_lib1.final_cell_0537-2
4198,0.6895393133163452,human3_lib1.final_cell_0538-2
4199,0.6475924253463745,human3_lib1.final_cell_0539-2
4200,1.579905390739441,human3_lib1.final_cell_0540-2
4201,1.0764315128326416,human3_lib1.final_cell_0541-2
4202,0.6996252536773682,human3_lib1.final_cell_0542-2
4203,0.6580426692962646,human3_lib1.final_cell_0543-2
4204,0.8140873908996582,human3_lib1.final_cell_0544-2
4205,0.6054546236991882,human3_lib1.final_cell_0545-2
4206,0.6324189901351929,human3_lib1.final_cell_0546-2
4207,0.6393119096755981,human3_lib1.final_cell_0547-2
4208,0.6130608320236206,human3_lib1.final_cell_0548-2
4209,0.6188991069793701,human3_lib1.final_cell_0549-2
4210,1.1432294845581055,human3_lib1.final_cell_0550-2
4211,1.1144167184829712,human3_lib1.final_cell_0551-2
4212,0.6415510773658752,human3_lib1.final_cell_0552-2
4213,0.6858742833137512,human3_lib1.final_cell_0553-2
4214,0.8828326463699341,human3_lib1.final_cell_0554-2
4215,0.7821657657623291,human3_lib1.final_cell_0555-2
4216,2.539580821990967,human3_lib1.final_cell_0556-2
4217,1.736546277999878,human3_lib1.final_cell_0557-2
4218,0.5605454444885254,human3_lib1.final_cell_0558-2
4219,0.6206789612770081,human3_lib1.final_cell_0559-2
4220,0.8065512776374817,human3_lib1.final_cell_0560-2
4221,0.6287959218025208,human3_lib1.final_cell_0561-2
4222,1.3264392614364624,human3_lib1.final_cell_0562-2
4223,1.580852746963501,human3_lib1.final_cell_0563-2
4224,0.9336117506027222,human3_lib1.final_cell_0564-2
4225,1.6577364206314087,human3_lib1.final_cell_0565-2
4226,0.6350743770599365,human3_lib1.final_cell_0566-2
4227,1.2257696390151978,human3_lib1.final_cell_0567-2
4228,0.49627938866615295,human3_lib1.final_cell_0568-2
4229,0.4652407467365265,human3_lib1.final_cell_0569-2
4230,0.7091454863548279,human3_lib1.final_cell_0570-2
4231,1.1225274801254272,human3_lib1.final_cell_0571-2
4232,0.7245911359786987,human3_lib1.final_cell_0572-2
4233,0.8384912610054016,human3_lib1.final_cell_0573-2
4234,0.696541965007782,human3_lib1.final_cell_0574-2
4235,0.48172199726104736,human3_lib1.final_cell_0575-2
4236,1.316433310508728,human3_lib1.final_cell_0576-2
4237,1.1889914274215698,human3_lib1.final_cell_0577-2
4238,0.9461897611618042,human3_lib1.final_cell_0578-2
4239,0.949903130531311,human3_lib1.final_cell_0579-2
4240,0.7692935466766357,human3_lib1.final_cell_0580-2
4241,1.0659970045089722,human3_lib1.final_cell_0581-2
4242,0.46874719858169556,human3_lib1.final_cell_0582-2
4243,0.8017354011535645,human3_lib1.final_cell_0583-2
4244,0.8617773652076721,human3_lib1.final_cell_0584-2
4245,1.4565372467041016,human3_lib1.final_cell_0585-2
4246,0.8974566459655762,human3_lib1.final_cell_0586-2
4247,2.8308956623077393,human3_lib1.final_cell_0587-2
4248,0.5361035466194153,human3_lib1.final_cell_0588-2
4249,0.530899167060852,human3_lib1.final_cell_0589-2
4250,0.8156670928001404,human3_lib1.final_cell_0590-2
4251,0.6258437633514404,human3_lib1.final_cell_0591-2
4252,0.46012383699417114,human3_lib1.final_cell_0592-2
4253,1.5991719961166382,human3_lib1.final_cell_0593-2
4254,0.884045422077179,human3_lib1.final_cell_0594-2
4255,1.6150749921798706,human3_lib1.final_cell_0595-2
4256,1.8794444799423218,human3_lib1.final_cell_0596-2
4257,1.1933513879776,human3_lib1.final_cell_0597-2
4258,0.5666937232017517,human3_lib1.final_cell_0598-2
4259,0.8276311755180359,human3_lib1.final_cell_0599-2
4260,0.6768144369125366,human3_lib1.final_cell_0600-2
4261,0.7985726594924927,human3_lib1.final_cell_0601-2
4262,0.4702337980270386,human3_lib1.final_cell_0602-2
4263,0.5498942732810974,human3_lib1.final_cell_0603-2
4264,1.9660217761993408,human3_lib1.final_cell_0604-2
4265,3.0273070335388184,human3_lib1.final_cell_0605-2
4266,1.28555428981781,human3_lib1.final_cell_0606-2
4267,0.5384499430656433,human3_lib1.final_cell_0607-2
4268,1.1381944417953491,human3_lib1.final_cell_0608-2
4269,0.5444498062133789,human3_lib1.final_cell_0609-2
4270,0.5864826440811157,human3_lib1.final_cell_0610-2
4271,0.5685139894485474,human3_lib1.final_cell_0611-2
4272,0.4747883975505829,human3_lib1.final_cell_0612-2
4273,1.666524887084961,human3_lib1.final_cell_0613-2
4274,0.8891613483428955,human3_lib1.final_cell_0614-2
4275,1.1926292181015015,human3_lib1.final_cell_0615-2
4276,0.7598206996917725,human3_lib1.final_cell_0616-2
4277,0.46248766779899597,human3_lib1.final_cell_0617-2
4278,0.5469101071357727,human3_lib1.final_cell_0618-2
4279,0.5422508716583252,human3_lib1.final_cell_0619-2
4280,1.7281038761138916,human3_lib1.final_cell_0620-2
4281,0.7517610788345337,human3_lib1.final_cell_0621-2
4282,0.573000431060791,human3_lib1.final_cell_0622-2
4283,0.9263165593147278,human3_lib1.final_cell_0623-2
4284,0.7030950784683228,human3_lib1.final_cell_0624-2
4285,0.7080944776535034,human3_lib1.final_cell_0625-2
4286,1.6156501770019531,human3_lib1.final_cell_0626-2
4287,0.6345742344856262,human3_lib1.final_cell_0627-2
4288,0.565410315990448,human3_lib1.final_cell_0628-2
4289,0.9390567541122437,human3_lib1.final_cell_0629-2
4290,1.1495285034179688,human3_lib1.final_cell_0630-2
4291,0.49224746227264404,human3_lib1.final_cell_0631-2
4292,0.8344247937202454,human3_lib1.final_cell_0632-2
4293,1.2125893831253052,human3_lib1.final_cell_0633-2
4294,1.0111589431762695,human3_lib1.final_cell_0634-2
4295,1.0495737791061401,human3_lib1.final_cell_0635-2
4296,1.2409453392028809,human3_lib1.final_cell_0636-2
4297,0.567321240901947,human3_lib1.final_cell_0637-2
4298,0.4607183337211609,human3_lib1.final_cell_0638-2
4299,1.7414761781692505,human3_lib1.final_cell_0639-2
4300,1.9366058111190796,human3_lib1.final_cell_0640-2
4301,1.1357020139694214,human3_lib1.final_cell_0641-2
4302,0.5755196809768677,human3_lib1.final_cell_0642-2
4303,1.5681421756744385,human3_lib1.final_cell_0643-2
4304,0.6644670367240906,human3_lib1.final_cell_0644-2
4305,0.503355085849762,human3_lib1.final_cell_0645-2
4306,1.1036266088485718,human3_lib1.final_cell_0646-2
4307,3.6370651721954346,human3_lib1.final_cell_0647-2
4308,1.5096758604049683,human3_lib1.final_cell_0648-2
4309,0.5314355492591858,human3_lib1.final_cell_0649-2
4310,0.6210838556289673,human3_lib1.final_cell_0650-2
4311,0.5669965147972107,human3_lib1.final_cell_0651-2
4312,1.809441089630127,human3_lib1.final_cell_0652-2
4313,1.4274109601974487,human3_lib1.final_cell_0653-2
4314,0.7434961199760437,human3_lib1.final_cell_0654-2
4315,0.6664944291114807,human3_lib1.final_cell_0655-2
4316,0.708249568939209,human3_lib1.final_cell_0656-2
4317,0.532873809337616,human3_lib1.final_cell_0657-2
4318,1.0483366250991821,human3_lib1.final_cell_0658-2
4319,0.9042249917984009,human3_lib1.final_cell_0659-2
4320,0.5370818376541138,human3_lib1.final_cell_0660-2
4321,0.5791313052177429,human3_lib1.final_cell_0661-2
4322,1.2616699934005737,human3_lib1.final_cell_0662-2
4323,2.2771406173706055,human3_lib1.final_cell_0663-2
4324,0.5930892825126648,human3_lib1.final_cell_0664-2
4325,1.128112554550171,human3_lib1.final_cell_0665-2
4326,0.5756655931472778,human3_lib1.final_cell_0666-2
4327,1.3017923831939697,human3_lib1.final_cell_0667-2
4328,0.9017773270606995,human3_lib1.final_cell_0668-2
4329,1.8753727674484253,human3_lib1.final_cell_0669-2
4330,1.5308551788330078,human3_lib1.final_cell_0670-2
4331,1.1275149583816528,human3_lib1.final_cell_0671-2
4332,0.8665289878845215,human3_lib1.final_cell_0672-2
4333,2.052582263946533,human3_lib1.final_cell_0673-2
4334,0.9005665183067322,human3_lib1.final_cell_0674-2
4335,0.6102595925331116,human3_lib1.final_cell_0675-2
4336,1.0906893014907837,human3_lib1.final_cell_0676-2
4337,1.250158429145813,human3_lib1.final_cell_0677-2
4338,0.46555671095848083,human3_lib1.final_cell_0678-2
4339,0.6904184818267822,human3_lib1.final_cell_0679-2
4340,0.6655351519584656,human3_lib1.final_cell_0680-2
4341,0.4549379050731659,human3_lib1.final_cell_0681-2
4342,1.4730727672576904,human3_lib1.final_cell_0682-2
4343,0.6980342268943787,human3_lib1.final_cell_0683-2
4344,0.7026801705360413,human3_lib1.final_cell_0684-2
4345,0.6930151581764221,human3_lib1.final_cell_0685-2
4346,1.538681149482727,human3_lib1.final_cell_0686-2
4347,0.9227124452590942,human3_lib1.final_cell_0687-2
4348,0.504226565361023,human3_lib1.final_cell_0688-2
4349,0.6949789524078369,human3_lib1.final_cell_0689-2
4350,0.5231515169143677,human3_lib1.final_cell_0690-2
4351,1.3357264995574951,human3_lib1.final_cell_0691-2
4352,0.6030265688896179,human3_lib1.final_cell_0692-2
4353,0.7395810484886169,human3_lib1.final_cell_0693-2
4354,0.5351482629776001,human3_lib1.final_cell_0694-2
4355,0.4875122010707855,human3_lib1.final_cell_0695-2
4356,0.6693931221961975,human3_lib1.final_cell_0696-2
4357,1.74911367893219,human3_lib1.final_cell_0697-2
4358,0.5326328873634338,human3_lib1.final_cell_0698-2
4359,0.71321702003479,human3_lib1.final_cell_0699-2
4360,1.6821576356887817,human3_lib1.final_cell_0700-2
4361,0.914405882358551,human3_lib1.final_cell_0701-2
4362,1.6627449989318848,human3_lib1.final_cell_0702-2
4363,1.7165931463241577,human3_lib1.final_cell_0703-2
4364,1.712306022644043,human3_lib1.final_cell_0704-2
4365,0.4966376721858978,human3_lib1.final_cell_0705-2
4366,2.536694049835205,human3_lib1.final_cell_0706-2
4367,0.9186558723449707,human3_lib1.final_cell_0707-2
4368,0.6907095313072205,human3_lib1.final_cell_0708-2
4369,0.9840722680091858,human3_lib1.final_cell_0709-2
4370,1.511792540550232,human3_lib1.final_cell_0710-2
4371,1.2599917650222778,human3_lib1.final_cell_0711-2
4372,0.6936137676239014,human3_lib1.final_cell_0712-2
4373,0.6339865326881409,human3_lib1.final_cell_0713-2
4374,0.7904503345489502,human3_lib1.final_cell_0714-2
4375,0.6726829409599304,human3_lib1.final_cell_0715-2
4376,1.6596838235855103,human3_lib1.final_cell_0716-2
4377,0.7074997425079346,human3_lib1.final_cell_0717-2
4378,0.9759140014648438,human3_lib1.final_cell_0718-2
4379,0.9809471368789673,human3_lib1.final_cell_0719-2
4380,2.846097707748413,human3_lib1.final_cell_0720-2
4381,0.762378990650177,human3_lib1.final_cell_0721-2
4382,0.5534709095954895,human3_lib1.final_cell_0722-2
4383,3.063063144683838,human3_lib1.final_cell_0723-2
4384,0.9995121359825134,human3_lib1.final_cell_0724-2
4385,1.1647984981536865,human3_lib1.final_cell_0725-2
4386,1.1958197355270386,human3_lib1.final_cell_0726-2
4387,0.6961719393730164,human3_lib1.final_cell_0727-2
4388,0.8883996605873108,human3_lib1.final_cell_0728-2
4389,0.5227119326591492,human3_lib1.final_cell_0729-2
4390,1.1844274997711182,human3_lib1.final_cell_0730-2
4391,0.8082433342933655,human3_lib1.final_cell_0731-2
4392,0.7258762121200562,human3_lib1.final_cell_0732-2
4393,1.4525820016860962,human3_lib1.final_cell_0733-2
4394,1.4753316640853882,human3_lib1.final_cell_0734-2
4395,0.7498586177825928,human3_lib1.final_cell_0735-2
4396,1.0586379766464233,human3_lib1.final_cell_0736-2
4397,1.3841171264648438,human3_lib1.final_cell_0737-2
4398,0.7339956760406494,human3_lib1.final_cell_0738-2
4399,1.555907130241394,human3_lib1.final_cell_0739-2
4400,1.2189115285873413,human3_lib1.final_cell_0740-2
4401,2.878904104232788,human3_lib1.final_cell_0741-2
4402,0.6944466829299927,human3_lib1.final_cell_0742-2
4403,1.1100010871887207,human3_lib1.final_cell_0743-2
4404,0.8460296392440796,human3_lib1.final_cell_0744-2
4405,0.8883227109909058,human3_lib1.final_cell_0745-2
4406,0.6142911911010742,human3_lib1.final_cell_0746-2
4407,1.5169888734817505,human3_lib1.final_cell_0747-2
4408,0.6216561794281006,human3_lib1.final_cell_0748-2
4409,1.5254048109054565,human3_lib1.final_cell_0749-2
4410,0.928439736366272,human3_lib1.final_cell_0750-2
4411,1.3250399827957153,human3_lib1.final_cell_0751-2
4412,0.6890521049499512,human3_lib1.final_cell_0752-2
4413,1.5885800123214722,human3_lib1.final_cell_0753-2
4414,1.2727136611938477,human3_lib1.final_cell_0754-2
4415,1.0933785438537598,human3_lib1.final_cell_0755-2
4416,1.058195948600769,human3_lib1.final_cell_0756-2
4417,0.58865886926651,human3_lib1.final_cell_0757-2
4418,0.8710912466049194,human3_lib1.final_cell_0758-2
4419,1.48582124710083,human3_lib1.final_cell_0759-2
4420,2.254211664199829,human3_lib1.final_cell_0760-2
4421,1.4208588600158691,human3_lib1.final_cell_0761-2
4422,0.9197670817375183,human3_lib1.final_cell_0762-2
4423,1.3869508504867554,human3_lib1.final_cell_0763-2
4424,0.6465429067611694,human3_lib1.final_cell_0764-2
4425,2.7588443756103516,human3_lib1.final_cell_0765-2
4426,0.7682812809944153,human3_lib1.final_cell_0766-2
4427,1.7222172021865845,human3_lib1.final_cell_0767-2
4428,1.3679488897323608,human3_lib1.final_cell_0768-2
4429,0.6855231523513794,human3_lib1.final_cell_0769-2
4430,2.829802989959717,human3_lib1.final_cell_0770-2
4431,1.1717262268066406,human3_lib1.final_cell_0771-2
4432,0.9018957018852234,human3_lib1.final_cell_0772-2
4433,0.5057671070098877,human3_lib1.final_cell_0773-2
4434,1.2630300521850586,human3_lib1.final_cell_0774-2
4435,0.795961856842041,human3_lib1.final_cell_0775-2
4436,0.5011117458343506,human3_lib1.final_cell_0776-2
4437,0.6821475028991699,human3_lib1.final_cell_0777-2
4438,0.6381406784057617,human3_lib1.final_cell_0778-2
4439,0.6594964265823364,human3_lib1.final_cell_0779-2
4440,0.5888786911964417,human3_lib1.final_cell_0780-2
4441,0.7782106399536133,human3_lib1.final_cell_0781-2
4442,0.8106323480606079,human3_lib1.final_cell_0782-2
4443,0.8336892127990723,human3_lib1.final_cell_0783-2
4444,1.564754605293274,human3_lib1.final_cell_0784-2
4445,0.5196139216423035,human3_lib1.final_cell_0785-2
4446,1.2217050790786743,human3_lib1.final_cell_0786-2
4447,1.5955795049667358,human3_lib1.final_cell_0787-2
4448,0.8540998697280884,human3_lib1.final_cell_0788-2
4449,1.7796671390533447,human3_lib1.final_cell_0789-2
4450,0.5628135204315186,human3_lib1.final_cell_0790-2
4451,0.6107419729232788,human3_lib1.final_cell_0791-2
4452,0.7751990556716919,human3_lib1.final_cell_0792-2
4453,1.3101547956466675,human3_lib1.final_cell_0793-2
4454,0.691461980342865,human3_lib1.final_cell_0794-2
4455,0.659878671169281,human3_lib1.final_cell_0795-2
4456,0.7813464999198914,human3_lib1.final_cell_0796-2
4457,1.3899341821670532,human3_lib1.final_cell_0797-2
4458,2.3006234169006348,human3_lib1.final_cell_0798-2
4459,0.9417065978050232,human3_lib1.final_cell_0799-2
4460,0.7396366000175476,human3_lib1.final_cell_0800-2
4461,0.6748993396759033,human3_lib1.final_cell_0801-2
4462,1.9849916696548462,human3_lib1.final_cell_0802-2
4463,0.6873764395713806,human3_lib1.final_cell_0803-2
4464,1.4269533157348633,human3_lib1.final_cell_0804-2
4465,0.7291994690895081,human3_lib1.final_cell_0805-2
4466,0.5664657354354858,human3_lib1.final_cell_0806-2
4467,0.5511049032211304,human3_lib1.final_cell_0807-2
4468,0.518166720867157,human3_lib1.final_cell_0808-2
4469,0.6719030737876892,human3_lib1.final_cell_0809-2
4470,1.3384538888931274,human3_lib1.final_cell_0810-2
4471,0.7941981554031372,human3_lib1.final_cell_0811-2
4472,0.5200836062431335,human3_lib1.final_cell_0812-2
4473,0.6504008769989014,human3_lib1.final_cell_0813-2
4474,1.2409398555755615,human3_lib1.final_cell_0814-2
4475,0.811903715133667,human3_lib1.final_cell_0815-2
4476,0.9860407710075378,human3_lib1.final_cell_0816-2
4477,0.6548793315887451,human3_lib1.final_cell_0817-2
4478,0.6726341843605042,human3_lib1.final_cell_0818-2
4479,0.5462226867675781,human3_lib1.final_cell_0819-2
4480,2.383415460586548,human3_lib1.final_cell_0820-2
4481,1.37594735622406,human3_lib1.final_cell_0821-2
4482,0.5973432064056396,human3_lib1.final_cell_0822-2
4483,1.2161527872085571,human3_lib1.final_cell_0823-2
4484,1.4555094242095947,human3_lib1.final_cell_0824-2
4485,1.3882977962493896,human3_lib1.final_cell_0825-2
4486,0.7217038869857788,human3_lib1.final_cell_0826-2
4487,1.0508902072906494,human3_lib1.final_cell_0827-2
4488,0.4556731581687927,human3_lib1.final_cell_0828-2
4489,0.6931555867195129,human3_lib1.final_cell_0829-2
4490,1.9326297044754028,human3_lib1.final_cell_0830-2
4491,1.6533805131912231,human3_lib1.final_cell_0831-2
4492,0.8467760682106018,human3_lib1.final_cell_0832-2
4493,0.6767053604125977,human3_lib1.final_cell_0833-2
4494,0.9861616492271423,human3_lib1.final_cell_0834-2
4495,0.9412606954574585,human3_lib1.final_cell_0835-2
4496,0.6299753785133362,human3_lib1.final_cell_0836-2
4497,0.6710280179977417,human3_lib1.final_cell_0837-2
4498,1.8751652240753174,human3_lib1.final_cell_0838-2
4499,0.6484893560409546,human3_lib1.final_cell_0839-2
4500,1.2728025913238525,human3_lib1.final_cell_0840-2
4501,1.416955828666687,human3_lib1.final_cell_0841-2
4502,1.8520424365997314,human3_lib1.final_cell_0842-2
4503,1.7368568181991577,human3_lib1.final_cell_0843-2
4504,1.133512020111084,human3_lib1.final_cell_0844-2
4505,0.6812028884887695,human3_lib1.final_cell_0845-2
4506,0.682449460029602,human3_lib1.final_cell_0846-2
4507,1.5260957479476929,human3_lib1.final_cell_0847-2
4508,1.9970752000808716,human3_lib1.final_cell_0848-2
4509,0.8505379557609558,human3_lib1.final_cell_0849-2
4510,0.6912970542907715,human3_lib1.final_cell_0850-2
4511,0.9837356805801392,human3_lib1.final_cell_0851-2
4512,0.7048802971839905,human3_lib1.final_cell_0852-2
4513,2.2808399200439453,human3_lib1.final_cell_0853-2
4514,0.6865770816802979,human3_lib1.final_cell_0854-2
4515,1.2904391288757324,human3_lib1.final_cell_0855-2
4516,0.6177605986595154,human3_lib1.final_cell_0856-2
4517,1.2857437133789062,human3_lib1.final_cell_0857-2
4518,1.3771328926086426,human3_lib1.final_cell_0858-2
4519,0.6735109090805054,human3_lib1.final_cell_0859-2
4520,1.1784768104553223,human3_lib1.final_cell_0860-2
4521,1.2611844539642334,human3_lib1.final_cell_0861-2
4522,0.5955133438110352,human3_lib1.final_cell_0862-2
4523,1.9117008447647095,human3_lib1.final_cell_0863-2
4524,2.286067247390747,human3_lib1.final_cell_0864-2
4525,0.681668758392334,human3_lib1.final_cell_0865-2
4526,2.151806354522705,human3_lib1.final_cell_0866-2
4527,0.6070078611373901,human3_lib1.final_cell_0867-2
4528,0.6800001263618469,human3_lib1.final_cell_0868-2
4529,1.0201611518859863,human3_lib1.final_cell_0869-2
4530,0.7705439925193787,human3_lib1.final_cell_0870-2
4531,1.7444168329238892,human3_lib1.final_cell_0871-2
4532,1.5965590476989746,human3_lib1.final_cell_0872-2
4533,0.6155621409416199,human3_lib1.final_cell_0873-2
4534,0.7843013405799866,human3_lib1.final_cell_0874-2
4535,0.6999640464782715,human3_lib1.final_cell_0875-2
4536,0.6672372221946716,human3_lib1.final_cell_0876-2
4537,0.8535104393959045,human3_lib1.final_cell_0877-2
4538,0.7991848587989807,human3_lib1.final_cell_0878-2
4539,0.9949496984481812,human3_lib1.final_cell_0879-2
4540,0.6473832726478577,human3_lib1.final_cell_0880-2
4541,1.7022178173065186,human3_lib1.final_cell_0881-2
4542,1.3437049388885498,human3_lib1.final_cell_0882-2
4543,0.7181544899940491,human3_lib1.final_cell_0883-2
4544,2.489732265472412,human3_lib1.final_cell_0884-2
4545,1.738774061203003,human3_lib1.final_cell_0885-2
4546,1.4606292247772217,human3_lib1.final_cell_0886-2
4547,0.6110856533050537,human3_lib1.final_cell_0887-2
4548,1.3564554452896118,human3_lib1.final_cell_0888-2
4549,1.9199646711349487,human3_lib1.final_cell_0889-2
4550,1.651982307434082,human3_lib1.final_cell_0890-2
4551,1.3906019926071167,human3_lib1.final_cell_0891-2
4552,1.0290645360946655,human3_lib1.final_cell_0892-2
4553,0.7784217000007629,human3_lib1.final_cell_0893-2
4554,0.8978580236434937,human3_lib1.final_cell_0894-2
4555,1.1222553253173828,human3_lib1.final_cell_0895-2
4556,1.3621788024902344,human3_lib1.final_cell_0896-2
4557,1.2098702192306519,human3_lib1.final_cell_0897-2
4558,0.5843600630760193,human3_lib2.final_cell_0001-2
4559,0.7226999998092651,human3_lib2.final_cell_0002-2
4560,0.8245235085487366,human3_lib2.final_cell_0003-2
4561,0.5524315237998962,human3_lib2.final_cell_0004-2
4562,1.1073641777038574,human3_lib2.final_cell_0005-2
4563,1.2712427377700806,human3_lib2.final_cell_0006-2
4564,1.4186949729919434,human3_lib2.final_cell_0007-2
4565,0.5376212000846863,human3_lib2.final_cell_0008-2
4566,0.5886833667755127,human3_lib2.final_cell_0009-2
4567,0.5730963945388794,human3_lib2.final_cell_0010-2
4568,0.7105075120925903,human3_lib2.final_cell_0011-2
4569,0.6025550365447998,human3_lib2.final_cell_0012-2
4570,0.6787714958190918,human3_lib2.final_cell_0013-2
4571,0.7535547614097595,human3_lib2.final_cell_0014-2
4572,0.5112268924713135,human3_lib2.final_cell_0015-2
4573,0.6860668063163757,human3_lib2.final_cell_0016-2
4574,0.5574759244918823,human3_lib2.final_cell_0017-2
4575,1.0191813707351685,human3_lib2.final_cell_0018-2
4576,0.8027775287628174,human3_lib2.final_cell_0019-2
4577,0.6474935412406921,human3_lib2.final_cell_0020-2
4578,0.6093199849128723,human3_lib2.final_cell_0021-2
4579,0.6421103477478027,human3_lib2.final_cell_0022-2
4580,0.5530267357826233,human3_lib2.final_cell_0023-2
4581,0.6959013938903809,human3_lib2.final_cell_0024-2
4582,0.6309826374053955,human3_lib2.final_cell_0025-2
4583,0.6143929362297058,human3_lib2.final_cell_0026-2
4584,0.6825979948043823,human3_lib2.final_cell_0027-2
4585,0.6154894232749939,human3_lib2.final_cell_0028-2
4586,0.6719004511833191,human3_lib2.final_cell_0029-2
4587,0.6658004522323608,human3_lib2.final_cell_0030-2
4588,0.5350372791290283,human3_lib2.final_cell_0031-2
4589,0.5071507692337036,human3_lib2.final_cell_0032-2
4590,0.5967687964439392,human3_lib2.final_cell_0033-2
4591,0.5892496705055237,human3_lib2.final_cell_0034-2
4592,0.6358453631401062,human3_lib2.final_cell_0035-2
4593,2.1118030548095703,human3_lib2.final_cell_0036-2
4594,0.5741997957229614,human3_lib2.final_cell_0037-2
4595,0.5642191171646118,human3_lib2.final_cell_0038-2
4596,0.5054672360420227,human3_lib2.final_cell_0039-2
4597,0.7693372964859009,human3_lib2.final_cell_0040-2
4598,0.6027008891105652,human3_lib2.final_cell_0041-2
4599,0.5404872298240662,human3_lib2.final_cell_0042-2
4600,0.8274675607681274,human3_lib2.final_cell_0043-2
4601,0.6510311961174011,human3_lib2.final_cell_0044-2
4602,0.782725989818573,human3_lib2.final_cell_0045-2
4603,0.8656558394432068,human3_lib2.final_cell_0046-2
4604,0.5387938618659973,human3_lib2.final_cell_0047-2
4605,1.0143743753433228,human3_lib2.final_cell_0048-2
4606,0.8461896181106567,human3_lib2.final_cell_0049-2
4607,0.6901556849479675,human3_lib2.final_cell_0050-2
4608,1.0432616472244263,human3_lib2.final_cell_0051-2
4609,0.5242809653282166,human3_lib2.final_cell_0052-2
4610,0.6829814910888672,human3_lib2.final_cell_0053-2
4611,0.6501960754394531,human3_lib2.final_cell_0054-2
4612,0.5431612730026245,human3_lib2.final_cell_0055-2
4613,0.5510270595550537,human3_lib2.final_cell_0056-2
4614,0.6498286724090576,human3_lib2.final_cell_0057-2
4615,0.8657363057136536,human3_lib2.final_cell_0058-2
4616,0.5404961109161377,human3_lib2.final_cell_0059-2
4617,0.6201269030570984,human3_lib2.final_cell_0060-2
4618,0.6333067417144775,human3_lib2.final_cell_0061-2
4619,1.015212893486023,human3_lib2.final_cell_0062-2
4620,0.5908330678939819,human3_lib2.final_cell_0063-2
4621,0.6774289011955261,human3_lib2.final_cell_0064-2
4622,0.6102225184440613,human3_lib2.final_cell_0065-2
4623,1.145651936531067,human3_lib2.final_cell_0066-2
4624,0.5808545351028442,human3_lib2.final_cell_0067-2
4625,2.7254981994628906,human3_lib2.final_cell_0068-2
4626,2.4924769401550293,human3_lib2.final_cell_0069-2
4627,1.037021517753601,human3_lib2.final_cell_0070-2
4628,0.6890129446983337,human3_lib2.final_cell_0071-2
4629,1.1702404022216797,human3_lib2.final_cell_0072-2
4630,0.8094403147697449,human3_lib2.final_cell_0073-2
4631,1.103729486465454,human3_lib2.final_cell_0074-2
4632,0.7265711426734924,human3_lib2.final_cell_0075-2
4633,0.5867418646812439,human3_lib2.final_cell_0076-2
4634,0.6236701011657715,human3_lib2.final_cell_0077-2
4635,1.0682988166809082,human3_lib2.final_cell_0078-2
4636,0.7385850548744202,human3_lib2.final_cell_0079-2
4637,1.0958837270736694,human3_lib2.final_cell_0080-2
4638,0.5641995668411255,human3_lib2.final_cell_0081-2
4639,1.2399075031280518,human3_lib2.final_cell_0082-2
4640,0.6264553666114807,human3_lib2.final_cell_0083-2
4641,0.6351228356361389,human3_lib2.final_cell_0084-2
4642,1.5778369903564453,human3_lib2.final_cell_0085-2
4643,1.1220669746398926,human3_lib2.final_cell_0086-2
4644,0.8087274432182312,human3_lib2.final_cell_0087-2
4645,0.698537290096283,human3_lib2.final_cell_0088-2
4646,0.9548698663711548,human3_lib2.final_cell_0089-2
4647,0.631470263004303,human3_lib2.final_cell_0090-2
4648,0.5645158290863037,human3_lib2.final_cell_0091-2
4649,0.761192262172699,human3_lib2.final_cell_0092-2
4650,1.1630696058273315,human3_lib2.final_cell_0093-2
4651,0.630034327507019,human3_lib2.final_cell_0094-2
4652,0.9493615627288818,human3_lib2.final_cell_0095-2
4653,0.6416387557983398,human3_lib2.final_cell_0096-2
4654,0.5627248287200928,human3_lib2.final_cell_0097-2
4655,1.1208317279815674,human3_lib2.final_cell_0098-2
4656,0.7357126474380493,human3_lib2.final_cell_0099-2
4657,0.6120571494102478,human3_lib2.final_cell_0100-2
4658,0.6679302453994751,human3_lib2.final_cell_0101-2
4659,0.6930943131446838,human3_lib2.final_cell_0102-2
4660,0.8875663876533508,human3_lib2.final_cell_0103-2
4661,1.135141372680664,human3_lib2.final_cell_0104-2
4662,1.2944350242614746,human3_lib2.final_cell_0105-2
4663,1.8688466548919678,human3_lib2.final_cell_0106-2
4664,0.5995860695838928,human3_lib2.final_cell_0107-2
4665,0.5624375939369202,human3_lib2.final_cell_0108-2
4666,1.0211400985717773,human3_lib2.final_cell_0109-2
4667,2.632307529449463,human3_lib2.final_cell_0110-2
4668,0.5267576575279236,human3_lib2.final_cell_0111-2
4669,0.731338620185852,human3_lib2.final_cell_0112-2
4670,0.5937464237213135,human3_lib2.final_cell_0113-2
4671,0.6207233667373657,human3_lib2.final_cell_0114-2
4672,0.6953703761100769,human3_lib2.final_cell_0115-2
4673,0.5383730530738831,human3_lib2.final_cell_0116-2
4674,0.5563066601753235,human3_lib2.final_cell_0117-2
4675,0.8725874423980713,human3_lib2.final_cell_0118-2
4676,0.5483545064926147,human3_lib2.final_cell_0119-2
4677,0.6116365194320679,human3_lib2.final_cell_0120-2
4678,1.7359439134597778,human3_lib2.final_cell_0121-2
4679,2.2472827434539795,human3_lib2.final_cell_0122-2
4680,0.6177121996879578,human3_lib2.final_cell_0123-2
4681,0.6921682953834534,human3_lib2.final_cell_0124-2
4682,0.5321048498153687,human3_lib2.final_cell_0125-2
4683,0.5155999660491943,human3_lib2.final_cell_0126-2
4684,0.8327268958091736,human3_lib2.final_cell_0127-2
4685,1.21504545211792,human3_lib2.final_cell_0128-2
4686,0.5364769697189331,human3_lib2.final_cell_0129-2
4687,0.7296685576438904,human3_lib2.final_cell_0130-2
4688,0.6924441456794739,human3_lib2.final_cell_0131-2
4689,0.5770473480224609,human3_lib2.final_cell_0132-2
4690,0.5987062454223633,human3_lib2.final_cell_0133-2
4691,0.7122710347175598,human3_lib2.final_cell_0134-2
4692,0.5316077470779419,human3_lib2.final_cell_0135-2
4693,1.4689397811889648,human3_lib2.final_cell_0136-2
4694,0.8548955917358398,human3_lib2.final_cell_0137-2
4695,1.0761553049087524,human3_lib2.final_cell_0138-2
4696,0.8328837752342224,human3_lib2.final_cell_0139-2
4697,0.5437235832214355,human3_lib2.final_cell_0140-2
4698,1.0959972143173218,human3_lib2.final_cell_0141-2
4699,1.7763508558273315,human3_lib2.final_cell_0142-2
4700,1.1397475004196167,human3_lib2.final_cell_0143-2
4701,0.6909353137016296,human3_lib2.final_cell_0144-2
4702,0.6951294541358948,human3_lib2.final_cell_0145-2
4703,0.6493756175041199,human3_lib2.final_cell_0146-2
4704,0.49151745438575745,human3_lib2.final_cell_0147-2
4705,0.5507658123970032,human3_lib2.final_cell_0148-2
4706,0.6892061233520508,human3_lib2.final_cell_0149-2
4707,0.7128968238830566,human3_lib2.final_cell_0150-2
4708,0.6973114609718323,human3_lib2.final_cell_0151-2
4709,0.5670155882835388,human3_lib2.final_cell_0152-2
4710,0.627142071723938,human3_lib2.final_cell_0153-2
4711,1.0646488666534424,human3_lib2.final_cell_0154-2
4712,0.753386914730072,human3_lib2.final_cell_0155-2
4713,0.6932850480079651,human3_lib2.final_cell_0156-2
4714,0.5956020951271057,human3_lib2.final_cell_0157-2
4715,0.5198864936828613,human3_lib2.final_cell_0158-2
4716,0.6048951148986816,human3_lib2.final_cell_0159-2
4717,1.7822176218032837,human3_lib2.final_cell_0160-2
4718,0.8994588255882263,human3_lib2.final_cell_0161-2
4719,0.9971178770065308,human3_lib2.final_cell_0162-2
4720,1.6455813646316528,human3_lib2.final_cell_0163-2
4721,0.6377596855163574,human3_lib2.final_cell_0164-2
4722,0.7762472033500671,human3_lib2.final_cell_0165-2
4723,0.5598633885383606,human3_lib2.final_cell_0166-2
4724,1.2378157377243042,human3_lib2.final_cell_0167-2
4725,0.5679569244384766,human3_lib2.final_cell_0168-2
4726,0.8473820686340332,human3_lib2.final_cell_0169-2
4727,0.6553135514259338,human3_lib2.final_cell_0170-2
4728,1.189650297164917,human3_lib2.final_cell_0171-2
4729,1.5514521598815918,human3_lib2.final_cell_0172-2
4730,1.1515820026397705,human3_lib2.final_cell_0173-2
4731,0.5895167589187622,human3_lib2.final_cell_0174-2
4732,1.6587238311767578,human3_lib2.final_cell_0175-2
4733,0.47389689087867737,human3_lib2.final_cell_0176-2
4734,0.6358411908149719,human3_lib2.final_cell_0177-2
4735,0.4835343658924103,human3_lib2.final_cell_0178-2
4736,1.7890185117721558,human3_lib2.final_cell_0179-2
4737,0.5078203082084656,human3_lib2.final_cell_0180-2
4738,1.7823457717895508,human3_lib2.final_cell_0181-2
4739,0.6438867449760437,human3_lib2.final_cell_0182-2
4740,0.8260711431503296,human3_lib2.final_cell_0183-2
4741,0.5859352350234985,human3_lib2.final_cell_0184-2
4742,0.8907917737960815,human3_lib2.final_cell_0185-2
4743,0.6219833493232727,human3_lib2.final_cell_0186-2
4744,1.1947797536849976,human3_lib2.final_cell_0187-2
4745,0.7635734677314758,human3_lib2.final_cell_0188-2
4746,0.7792485952377319,human3_lib2.final_cell_0189-2
4747,0.5471859574317932,human3_lib2.final_cell_0190-2
4748,1.407378911972046,human3_lib2.final_cell_0191-2
4749,0.7946422696113586,human3_lib2.final_cell_0192-2
4750,0.8280856609344482,human3_lib2.final_cell_0193-2
4751,0.7189380526542664,human3_lib2.final_cell_0194-2
4752,0.4754854440689087,human3_lib2.final_cell_0195-2
4753,0.9385746121406555,human3_lib2.final_cell_0196-2
4754,0.5533376932144165,human3_lib2.final_cell_0197-2
4755,1.7522825002670288,human3_lib2.final_cell_0198-2
4756,0.722644031047821,human3_lib2.final_cell_0199-2
4757,0.7559215426445007,human3_lib2.final_cell_0200-2
4758,0.9869809150695801,human3_lib2.final_cell_0201-2
4759,0.4998219311237335,human3_lib2.final_cell_0202-2
4760,0.6076123714447021,human3_lib2.final_cell_0203-2
4761,0.591278612613678,human3_lib2.final_cell_0204-2
4762,0.48131465911865234,human3_lib2.final_cell_0205-2
4763,1.4511831998825073,human3_lib2.final_cell_0206-2
4764,1.0171489715576172,human3_lib2.final_cell_0207-2
4765,1.2726078033447266,human3_lib2.final_cell_0208-2
4766,1.1558856964111328,human3_lib2.final_cell_0209-2
4767,0.7868298292160034,human3_lib2.final_cell_0210-2
4768,1.436882734298706,human3_lib2.final_cell_0211-2
4769,0.4742612838745117,human3_lib2.final_cell_0212-2
4770,0.6488724946975708,human3_lib2.final_cell_0213-2
4771,0.9178041815757751,human3_lib2.final_cell_0214-2
4772,1.432937502861023,human3_lib2.final_cell_0215-2
4773,0.5203700661659241,human3_lib2.final_cell_0216-2
4774,0.4909973740577698,human3_lib2.final_cell_0217-2
4775,0.5666868090629578,human3_lib2.final_cell_0218-2
4776,0.7825862169265747,human3_lib2.final_cell_0219-2
4777,0.7468218207359314,human3_lib2.final_cell_0220-2
4778,0.5243887305259705,human3_lib2.final_cell_0221-2
4779,1.45494544506073,human3_lib2.final_cell_0222-2
4780,2.932295560836792,human3_lib2.final_cell_0223-2
4781,0.8131544589996338,human3_lib2.final_cell_0224-2
4782,0.6590007543563843,human3_lib2.final_cell_0225-2
4783,0.6819952726364136,human3_lib2.final_cell_0226-2
4784,1.6115832328796387,human3_lib2.final_cell_0227-2
4785,0.5540099740028381,human3_lib2.final_cell_0228-2
4786,1.1060575246810913,human3_lib2.final_cell_0229-2
4787,2.033790349960327,human3_lib2.final_cell_0230-2
4788,0.4521694481372833,human3_lib2.final_cell_0231-2
4789,0.8631241321563721,human3_lib2.final_cell_0232-2
4790,0.6524667143821716,human3_lib2.final_cell_0233-2
4791,0.6096647381782532,human3_lib2.final_cell_0234-2
4792,0.8611841201782227,human3_lib2.final_cell_0235-2
4793,0.8097102046012878,human3_lib2.final_cell_0236-2
4794,0.6001775860786438,human3_lib2.final_cell_0237-2
4795,0.4876391291618347,human3_lib2.final_cell_0238-2
4796,1.6756620407104492,human3_lib2.final_cell_0239-2
4797,1.015196442604065,human3_lib2.final_cell_0240-2
4798,1.461256504058838,human3_lib2.final_cell_0241-2
4799,0.8508545756340027,human3_lib2.final_cell_0242-2
4800,1.1870876550674438,human3_lib2.final_cell_0243-2
4801,0.7929767370223999,human3_lib2.final_cell_0244-2
4802,1.2004503011703491,human3_lib2.final_cell_0245-2
4803,0.5931497812271118,human3_lib2.final_cell_0246-2
4804,0.9155477285385132,human3_lib2.final_cell_0247-2
4805,0.8073039650917053,human3_lib2.final_cell_0248-2
4806,1.6299164295196533,human3_lib2.final_cell_0249-2
4807,0.5334277749061584,human3_lib2.final_cell_0250-2
4808,0.49739256501197815,human3_lib2.final_cell_0251-2
4809,1.3913191556930542,human3_lib2.final_cell_0252-2
4810,0.8273152709007263,human3_lib2.final_cell_0253-2
4811,2.182508707046509,human3_lib2.final_cell_0254-2
4812,0.4591769874095917,human3_lib2.final_cell_0255-2
4813,1.1441620588302612,human3_lib2.final_cell_0256-2
4814,0.5599085688591003,human3_lib2.final_cell_0257-2
4815,0.4693714678287506,human3_lib2.final_cell_0258-2
4816,1.5431079864501953,human3_lib2.final_cell_0259-2
4817,1.134543538093567,human3_lib2.final_cell_0260-2
4818,1.1069111824035645,human3_lib2.final_cell_0261-2
4819,1.2879574298858643,human3_lib2.final_cell_0262-2
4820,1.327319622039795,human3_lib2.final_cell_0263-2
4821,0.7692934274673462,human3_lib2.final_cell_0264-2
4822,1.09358549118042,human3_lib2.final_cell_0265-2
4823,0.7030259966850281,human3_lib2.final_cell_0266-2
4824,0.7705628275871277,human3_lib2.final_cell_0267-2
4825,0.696324348449707,human3_lib2.final_cell_0268-2
4826,1.1802842617034912,human3_lib2.final_cell_0269-2
4827,0.806302011013031,human3_lib2.final_cell_0270-2
4828,1.5546724796295166,human3_lib2.final_cell_0271-2
4829,0.8580555319786072,human3_lib2.final_cell_0272-2
4830,0.7249970436096191,human3_lib2.final_cell_0273-2
4831,1.1361703872680664,human3_lib2.final_cell_0274-2
4832,0.5867915749549866,human3_lib2.final_cell_0275-2
4833,1.9462239742279053,human3_lib2.final_cell_0276-2
4834,0.7338579297065735,human3_lib2.final_cell_0277-2
4835,1.2425919771194458,human3_lib2.final_cell_0278-2
4836,0.7118963599205017,human3_lib2.final_cell_0279-2
4837,1.3061954975128174,human3_lib2.final_cell_0280-2
4838,0.8476001620292664,human3_lib2.final_cell_0281-2
4839,0.6377243995666504,human3_lib2.final_cell_0282-2
4840,0.7513905763626099,human3_lib2.final_cell_0283-2
4841,0.7238206267356873,human3_lib2.final_cell_0284-2
4842,0.7132952809333801,human3_lib2.final_cell_0285-2
4843,0.4952637255191803,human3_lib2.final_cell_0286-2
4844,1.0606149435043335,human3_lib2.final_cell_0287-2
4845,0.7198895812034607,human3_lib2.final_cell_0288-2
4846,1.0047658681869507,human3_lib2.final_cell_0289-2
4847,0.4824627637863159,human3_lib2.final_cell_0290-2
4848,0.938669741153717,human3_lib2.final_cell_0291-2
4849,0.5245038270950317,human3_lib2.final_cell_0292-2
4850,1.4327247142791748,human3_lib2.final_cell_0293-2
4851,1.5964893102645874,human3_lib2.final_cell_0294-2
4852,0.6029210090637207,human3_lib2.final_cell_0295-2
4853,0.91163170337677,human3_lib2.final_cell_0296-2
4854,1.1453213691711426,human3_lib2.final_cell_0297-2
4855,0.5827072262763977,human3_lib2.final_cell_0298-2
4856,0.5268969535827637,human3_lib2.final_cell_0299-2
4857,0.7654548287391663,human3_lib2.final_cell_0300-2
4858,2.716456413269043,human3_lib2.final_cell_0301-2
4859,0.6290910243988037,human3_lib2.final_cell_0302-2
4860,0.4786169230937958,human3_lib2.final_cell_0303-2
4861,0.8317569494247437,human3_lib2.final_cell_0304-2
4862,0.5185479521751404,human3_lib2.final_cell_0305-2
4863,0.8374736309051514,human3_lib2.final_cell_0306-2
4864,1.3993043899536133,human3_lib2.final_cell_0307-2
4865,0.7636385560035706,human3_lib2.final_cell_0308-2
4866,0.6705358028411865,human3_lib2.final_cell_0309-2
4867,1.69277822971344,human3_lib2.final_cell_0310-2
4868,0.6870990991592407,human3_lib2.final_cell_0311-2
4869,0.5412502884864807,human3_lib2.final_cell_0312-2
4870,0.5627221465110779,human3_lib2.final_cell_0313-2
4871,0.7628031969070435,human3_lib2.final_cell_0314-2
4872,1.2890111207962036,human3_lib2.final_cell_0315-2
4873,0.9872517585754395,human3_lib2.final_cell_0316-2
4874,0.8736274838447571,human3_lib2.final_cell_0317-2
4875,0.5930465459823608,human3_lib2.final_cell_0318-2
4876,3.7983312606811523,human3_lib2.final_cell_0319-2
4877,0.9363343715667725,human3_lib2.final_cell_0320-2
4878,0.46774113178253174,human3_lib2.final_cell_0321-2
4879,0.5716149210929871,human3_lib2.final_cell_0322-2
4880,2.957397937774658,human3_lib2.final_cell_0323-2
4881,0.5620852112770081,human3_lib2.final_cell_0324-2
4882,0.7391737699508667,human3_lib2.final_cell_0325-2
4883,0.6114298701286316,human3_lib2.final_cell_0326-2
4884,0.809693455696106,human3_lib2.final_cell_0327-2
4885,0.9838841557502747,human3_lib2.final_cell_0328-2
4886,0.7781518697738647,human3_lib2.final_cell_0329-2
4887,0.45320600271224976,human3_lib2.final_cell_0330-2
4888,0.8714874386787415,human3_lib2.final_cell_0331-2
4889,0.6698251962661743,human3_lib2.final_cell_0332-2
4890,1.97066330909729,human3_lib2.final_cell_0333-2
4891,1.2273813486099243,human3_lib2.final_cell_0334-2
4892,0.7011286020278931,human3_lib2.final_cell_0335-2
4893,0.8376528024673462,human3_lib2.final_cell_0336-2
4894,0.764462411403656,human3_lib2.final_cell_0337-2
4895,0.5111141204833984,human3_lib2.final_cell_0338-2
4896,0.5948197841644287,human3_lib2.final_cell_0339-2
4897,0.9146797060966492,human3_lib2.final_cell_0340-2
4898,1.9479771852493286,human3_lib2.final_cell_0341-2
4899,0.9500433802604675,human3_lib2.final_cell_0342-2
4900,1.2269161939620972,human3_lib2.final_cell_0343-2
4901,2.0800092220306396,human3_lib2.final_cell_0344-2
4902,1.086019515991211,human3_lib2.final_cell_0345-2
4903,0.6365847587585449,human3_lib2.final_cell_0346-2
4904,0.633006751537323,human3_lib2.final_cell_0347-2
4905,1.7648708820343018,human3_lib2.final_cell_0348-2
4906,1.0656330585479736,human3_lib2.final_cell_0349-2
4907,0.5929862856864929,human3_lib2.final_cell_0350-2
4908,0.5922151803970337,human3_lib2.final_cell_0351-2
4909,0.9426009058952332,human3_lib2.final_cell_0352-2
4910,0.7905604243278503,human3_lib2.final_cell_0353-2
4911,2.0140819549560547,human3_lib2.final_cell_0354-2
4912,0.7811209559440613,human3_lib2.final_cell_0355-2
4913,2.590465784072876,human3_lib2.final_cell_0356-2
4914,0.5347349643707275,human3_lib2.final_cell_0357-2
4915,0.7811169028282166,human3_lib2.final_cell_0358-2
4916,0.608320415019989,human3_lib2.final_cell_0359-2
4917,0.5432539582252502,human3_lib2.final_cell_0360-2
4918,1.2194323539733887,human3_lib2.final_cell_0361-2
4919,0.8166332840919495,human3_lib2.final_cell_0362-2
4920,0.4749893546104431,human3_lib2.final_cell_0363-2
4921,0.5085232257843018,human3_lib2.final_cell_0364-2
4922,0.45303985476493835,human3_lib2.final_cell_0365-2
4923,0.8755995035171509,human3_lib2.final_cell_0366-2
4924,0.5703878402709961,human3_lib2.final_cell_0367-2
4925,1.4365525245666504,human3_lib2.final_cell_0368-2
4926,0.8187488913536072,human3_lib2.final_cell_0369-2
4927,1.5735721588134766,human3_lib2.final_cell_0370-2
4928,0.857326865196228,human3_lib2.final_cell_0371-2
4929,1.0480523109436035,human3_lib2.final_cell_0372-2
4930,1.8228178024291992,human3_lib2.final_cell_0373-2
4931,0.5464580059051514,human3_lib2.final_cell_0374-2
4932,1.0424901247024536,human3_lib2.final_cell_0375-2
4933,0.5103895664215088,human3_lib2.final_cell_0376-2
4934,0.574825644493103,human3_lib2.final_cell_0377-2
4935,2.0311052799224854,human3_lib2.final_cell_0378-2
4936,1.3173565864562988,human3_lib2.final_cell_0379-2
4937,1.7676868438720703,human3_lib2.final_cell_0380-2
4938,0.7395550012588501,human3_lib2.final_cell_0381-2
4939,0.8864484429359436,human3_lib2.final_cell_0382-2
4940,1.0861324071884155,human3_lib2.final_cell_0383-2
4941,0.5536713004112244,human3_lib2.final_cell_0384-2
4942,0.5123322010040283,human3_lib2.final_cell_0385-2
4943,0.985381007194519,human3_lib2.final_cell_0386-2
4944,1.09280264377594,human3_lib2.final_cell_0387-2
4945,2.26663875579834,human3_lib2.final_cell_0388-2
4946,1.1325875520706177,human3_lib2.final_cell_0389-2
4947,0.9489724636077881,human3_lib2.final_cell_0390-2
4948,0.9546583890914917,human3_lib2.final_cell_0391-2
4949,0.7665024995803833,human3_lib2.final_cell_0392-2
4950,0.6725716590881348,human3_lib2.final_cell_0393-2
4951,1.2626594305038452,human3_lib2.final_cell_0394-2
4952,0.47069546580314636,human3_lib2.final_cell_0395-2
4953,0.5465601086616516,human3_lib2.final_cell_0396-2
4954,0.7684469223022461,human3_lib2.final_cell_0397-2
4955,0.9031654596328735,human3_lib2.final_cell_0398-2
4956,0.9427434206008911,human3_lib2.final_cell_0399-2
4957,0.527921736240387,human3_lib2.final_cell_0400-2
4958,0.47433924674987793,human3_lib2.final_cell_0401-2
4959,1.0881567001342773,human3_lib2.final_cell_0402-2
4960,1.1523692607879639,human3_lib2.final_cell_0403-2
4961,0.4703030586242676,human3_lib2.final_cell_0404-2
4962,0.4614771008491516,human3_lib2.final_cell_0405-2
4963,1.1434000730514526,human3_lib2.final_cell_0406-2
4964,0.4746553599834442,human3_lib2.final_cell_0407-2
4965,1.1315948963165283,human3_lib2.final_cell_0408-2
4966,0.8951467275619507,human3_lib2.final_cell_0409-2
4967,0.9568495154380798,human3_lib2.final_cell_0410-2
4968,0.5794890522956848,human3_lib2.final_cell_0411-2
4969,0.6336851716041565,human3_lib2.final_cell_0412-2
4970,2.1604042053222656,human3_lib2.final_cell_0413-2
4971,1.3205333948135376,human3_lib2.final_cell_0414-2
4972,0.5671817660331726,human3_lib2.final_cell_0415-2
4973,1.538303256034851,human3_lib2.final_cell_0416-2
4974,0.8944218158721924,human3_lib2.final_cell_0417-2
4975,0.7180078625679016,human3_lib2.final_cell_0418-2
4976,0.7360588312149048,human3_lib2.final_cell_0419-2
4977,0.6804168224334717,human3_lib2.final_cell_0420-2
4978,0.5727213621139526,human3_lib2.final_cell_0421-2
4979,0.6168191432952881,human3_lib2.final_cell_0422-2
4980,0.47166773676872253,human3_lib2.final_cell_0423-2
4981,0.7708324790000916,human3_lib2.final_cell_0424-2
4982,1.6630141735076904,human3_lib2.final_cell_0425-2
4983,0.584538996219635,human3_lib2.final_cell_0426-2
4984,0.6930752396583557,human3_lib2.final_cell_0427-2
4985,1.1547067165374756,human3_lib2.final_cell_0428-2
4986,1.5392050743103027,human3_lib2.final_cell_0429-2
4987,0.609207034111023,human3_lib2.final_cell_0430-2
4988,0.4807114601135254,human3_lib2.final_cell_0431-2
4989,2.1636135578155518,human3_lib2.final_cell_0432-2
4990,1.7936969995498657,human3_lib2.final_cell_0433-2
4991,0.860165536403656,human3_lib2.final_cell_0434-2
4992,0.566970944404602,human3_lib2.final_cell_0435-2
4993,1.1459800004959106,human3_lib2.final_cell_0436-2
4994,0.918038547039032,human3_lib2.final_cell_0437-2
4995,0.8134404420852661,human3_lib2.final_cell_0438-2
4996,0.8255220651626587,human3_lib2.final_cell_0439-2
4997,0.455640584230423,human3_lib2.final_cell_0440-2
4998,1.6142172813415527,human3_lib2.final_cell_0441-2
4999,0.6288604736328125,human3_lib2.final_cell_0442-2
5000,0.6982489824295044,human3_lib2.final_cell_0443-2
5001,0.48213356733322144,human3_lib2.final_cell_0444-2
5002,0.5273443460464478,human3_lib2.final_cell_0445-2
5003,0.9608787894248962,human3_lib2.final_cell_0446-2
5004,0.4555481970310211,human3_lib2.final_cell_0447-2
5005,0.9927663803100586,human3_lib2.final_cell_0448-2
5006,1.3089159727096558,human3_lib2.final_cell_0449-2
5007,0.7909500002861023,human3_lib2.final_cell_0450-2
5008,0.5927548408508301,human3_lib2.final_cell_0451-2
5009,0.5391091704368591,human3_lib2.final_cell_0452-2
5010,0.7454202175140381,human3_lib2.final_cell_0453-2
5011,1.1813716888427734,human3_lib2.final_cell_0454-2
5012,0.5005566477775574,human3_lib2.final_cell_0455-2
5013,0.4547888934612274,human3_lib2.final_cell_0456-2
5014,0.4766286015510559,human3_lib2.final_cell_0457-2
5015,0.9530678987503052,human3_lib2.final_cell_0458-2
5016,1.8412309885025024,human3_lib2.final_cell_0459-2
5017,2.5167582035064697,human3_lib2.final_cell_0460-2
5018,1.6082135438919067,human3_lib2.final_cell_0461-2
5019,1.879720687866211,human3_lib2.final_cell_0462-2
5020,0.7833348512649536,human3_lib2.final_cell_0463-2
5021,0.7470024228096008,human3_lib2.final_cell_0464-2
5022,1.369469165802002,human3_lib2.final_cell_0465-2
5023,0.7623265385627747,human3_lib2.final_cell_0466-2
5024,0.6010224223136902,human3_lib2.final_cell_0467-2
5025,0.6355913281440735,human3_lib2.final_cell_0468-2
5026,0.5455983281135559,human3_lib2.final_cell_0469-2
5027,0.5219259262084961,human3_lib2.final_cell_0470-2
5028,0.764232337474823,human3_lib2.final_cell_0471-2
5029,0.9449122548103333,human3_lib2.final_cell_0472-2
5030,0.5919378995895386,human3_lib2.final_cell_0473-2
5031,0.5367996096611023,human3_lib2.final_cell_0474-2
5032,1.3428510427474976,human3_lib2.final_cell_0475-2
5033,1.4712306261062622,human3_lib2.final_cell_0476-2
5034,0.778275191783905,human3_lib2.final_cell_0477-2
5035,0.45757752656936646,human3_lib2.final_cell_0478-2
5036,1.362318992614746,human3_lib2.final_cell_0479-2
5037,0.4512206017971039,human3_lib2.final_cell_0480-2
5038,0.673965573310852,human3_lib2.final_cell_0481-2
5039,0.5378004312515259,human3_lib2.final_cell_0482-2
5040,0.4854314625263214,human3_lib2.final_cell_0483-2
5041,1.157997965812683,human3_lib2.final_cell_0484-2
5042,0.6334421634674072,human3_lib2.final_cell_0485-2
5043,0.6242130398750305,human3_lib2.final_cell_0486-2
5044,0.6535024642944336,human3_lib2.final_cell_0487-2
5045,0.4732239544391632,human3_lib2.final_cell_0488-2
5046,0.4646797180175781,human3_lib2.final_cell_0489-2
5047,0.906629204750061,human3_lib2.final_cell_0490-2
5048,0.5306804180145264,human3_lib2.final_cell_0491-2
5049,1.6009457111358643,human3_lib2.final_cell_0492-2
5050,0.6769235730171204,human3_lib2.final_cell_0493-2
5051,1.8774166107177734,human3_lib2.final_cell_0494-2
5052,0.45615577697753906,human3_lib2.final_cell_0495-2
5053,0.49556833505630493,human3_lib2.final_cell_0496-2
5054,0.6560803651809692,human3_lib2.final_cell_0497-2
5055,0.6304329633712769,human3_lib2.final_cell_0498-2
5056,1.3748345375061035,human3_lib2.final_cell_0499-2
5057,0.4890900254249573,human3_lib2.final_cell_0500-2
5058,1.406066656112671,human3_lib2.final_cell_0501-2
5059,1.0242867469787598,human3_lib2.final_cell_0502-2
5060,0.49772095680236816,human3_lib2.final_cell_0503-2
5061,1.3473515510559082,human3_lib2.final_cell_0504-2
5062,0.6121350526809692,human3_lib2.final_cell_0505-2
5063,0.7914504408836365,human3_lib2.final_cell_0506-2
5064,1.0066473484039307,human3_lib2.final_cell_0507-2
5065,0.8269490599632263,human3_lib2.final_cell_0508-2
5066,0.697264552116394,human3_lib2.final_cell_0509-2
5067,0.5924809575080872,human3_lib2.final_cell_0510-2
5068,0.7180452346801758,human3_lib2.final_cell_0511-2
5069,0.7339632511138916,human3_lib2.final_cell_0512-2
5070,0.47760847210884094,human3_lib2.final_cell_0513-2
5071,0.7106661200523376,human3_lib2.final_cell_0514-2
5072,0.7169609069824219,human3_lib2.final_cell_0515-2
5073,1.0506508350372314,human3_lib2.final_cell_0516-2
5074,0.4789719879627228,human3_lib2.final_cell_0517-2
5075,0.583193838596344,human3_lib2.final_cell_0518-2
5076,0.5565330386161804,human3_lib2.final_cell_0519-2
5077,0.4557090699672699,human3_lib2.final_cell_0520-2
5078,1.4245401620864868,human3_lib2.final_cell_0521-2
5079,1.0028942823410034,human3_lib2.final_cell_0522-2
5080,0.9604774713516235,human3_lib2.final_cell_0523-2
5081,0.7758254408836365,human3_lib2.final_cell_0524-2
5082,1.1830464601516724,human3_lib2.final_cell_0525-2
5083,2.558727979660034,human3_lib2.final_cell_0526-2
5084,0.8494573831558228,human3_lib2.final_cell_0527-2
5085,1.4304231405258179,human3_lib2.final_cell_0528-2
5086,0.7879183888435364,human3_lib2.final_cell_0529-2
5087,2.4968602657318115,human3_lib2.final_cell_0530-2
5088,0.7203628420829773,human3_lib2.final_cell_0531-2
5089,0.932662308216095,human3_lib2.final_cell_0532-2
5090,0.7642092704772949,human3_lib2.final_cell_0533-2
5091,1.0867550373077393,human3_lib2.final_cell_0534-2
5092,0.5410294532775879,human3_lib2.final_cell_0535-2
5093,0.4742702841758728,human3_lib2.final_cell_0536-2
5094,0.6187116503715515,human3_lib2.final_cell_0537-2
5095,1.1793479919433594,human3_lib2.final_cell_0538-2
5096,1.2511054277420044,human3_lib2.final_cell_0539-2
5097,1.550856113433838,human3_lib2.final_cell_0540-2
5098,0.4926642179489136,human3_lib2.final_cell_0541-2
5099,0.46953728795051575,human3_lib2.final_cell_0542-2
5100,0.4741508662700653,human3_lib2.final_cell_0543-2
5101,2.2716376781463623,human3_lib2.final_cell_0544-2
5102,0.4833517074584961,human3_lib2.final_cell_0545-2
5103,0.6957563757896423,human3_lib2.final_cell_0546-2
5104,0.5790928602218628,human3_lib2.final_cell_0547-2
5105,0.698170006275177,human3_lib2.final_cell_0548-2
5106,1.7365392446517944,human3_lib2.final_cell_0549-2
5107,1.555310845375061,human3_lib2.final_cell_0550-2
5108,0.4518984854221344,human3_lib2.final_cell_0551-2
5109,0.52939772605896,human3_lib2.final_cell_0552-2
5110,0.5894472002983093,human3_lib2.final_cell_0553-2
5111,0.6842660307884216,human3_lib2.final_cell_0554-2
5112,1.0364750623703003,human3_lib2.final_cell_0555-2
5113,0.8236297965049744,human3_lib2.final_cell_0556-2
5114,0.7899442315101624,human3_lib2.final_cell_0557-2
5115,1.581972360610962,human3_lib2.final_cell_0558-2
5116,0.5083801746368408,human3_lib2.final_cell_0559-2
5117,1.6399506330490112,human3_lib2.final_cell_0560-2
5118,1.4719582796096802,human3_lib2.final_cell_0561-2
5119,0.8126914501190186,human3_lib2.final_cell_0562-2
5120,0.6140604615211487,human3_lib2.final_cell_0563-2
5121,0.7119317650794983,human3_lib2.final_cell_0564-2
5122,0.5174359679222107,human3_lib2.final_cell_0565-2
5123,0.6313408613204956,human3_lib2.final_cell_0566-2
5124,0.7083142995834351,human3_lib2.final_cell_0567-2
5125,0.7856957912445068,human3_lib2.final_cell_0568-2
5126,0.57744300365448,human3_lib2.final_cell_0569-2
5127,0.8911365270614624,human3_lib2.final_cell_0570-2
5128,0.6076789498329163,human3_lib2.final_cell_0571-2
5129,0.5661271810531616,human3_lib2.final_cell_0572-2
5130,1.1282635927200317,human3_lib2.final_cell_0573-2
5131,0.7041184902191162,human3_lib2.final_cell_0574-2
5132,0.4799744486808777,human3_lib2.final_cell_0575-2
5133,0.5704229474067688,human3_lib2.final_cell_0576-2
5134,0.7904953956604004,human3_lib2.final_cell_0577-2
5135,0.5515609979629517,human3_lib2.final_cell_0578-2
5136,0.7501015663146973,human3_lib2.final_cell_0579-2
5137,2.810800790786743,human3_lib2.final_cell_0580-2
5138,0.9233956336975098,human3_lib2.final_cell_0581-2
5139,0.7649151086807251,human3_lib2.final_cell_0582-2
5140,0.6732651591300964,human3_lib2.final_cell_0583-2
5141,0.4600415825843811,human3_lib2.final_cell_0584-2
5142,0.9887296557426453,human3_lib2.final_cell_0585-2
5143,0.7244619131088257,human3_lib2.final_cell_0586-2
5144,3.1487388610839844,human3_lib2.final_cell_0587-2
5145,0.4512612521648407,human3_lib2.final_cell_0588-2
5146,1.95077645778656,human3_lib2.final_cell_0589-2
5147,0.48041948676109314,human3_lib2.final_cell_0590-2
5148,1.829407811164856,human3_lib2.final_cell_0591-2
5149,0.6603904366493225,human3_lib2.final_cell_0592-2
5150,1.649311900138855,human3_lib2.final_cell_0593-2
5151,0.5856200456619263,human3_lib2.final_cell_0594-2
5152,0.4591706395149231,human3_lib2.final_cell_0595-2
5153,2.209763526916504,human3_lib2.final_cell_0596-2
5154,0.4806234836578369,human3_lib2.final_cell_0597-2
5155,0.517613410949707,human3_lib2.final_cell_0598-2
5156,1.019806146621704,human3_lib2.final_cell_0599-2
5157,0.5485175251960754,human3_lib2.final_cell_0600-2
5158,0.7825329899787903,human3_lib2.final_cell_0601-2
5159,0.4724830389022827,human3_lib2.final_cell_0602-2
5160,0.9359522461891174,human3_lib2.final_cell_0603-2
5161,0.4535633325576782,human3_lib2.final_cell_0604-2
5162,1.998707890510559,human3_lib2.final_cell_0605-2
5163,0.9984294772148132,human3_lib2.final_cell_0606-2
5164,0.8769249320030212,human3_lib2.final_cell_0607-2
5165,1.453057050704956,human3_lib2.final_cell_0608-2
5166,1.0344666242599487,human3_lib2.final_cell_0609-2
5167,0.6801689267158508,human3_lib2.final_cell_0610-2
5168,1.815162181854248,human3_lib2.final_cell_0611-2
5169,0.7133529186248779,human3_lib2.final_cell_0612-2
5170,0.9876545667648315,human3_lib2.final_cell_0613-2
5171,0.5503733158111572,human3_lib2.final_cell_0614-2
5172,0.9481004476547241,human3_lib2.final_cell_0615-2
5173,0.6209119558334351,human3_lib2.final_cell_0616-2
5174,0.46196770668029785,human3_lib2.final_cell_0617-2
5175,0.6541541814804077,human3_lib2.final_cell_0618-2
5176,0.4835241138935089,human3_lib2.final_cell_0619-2
5177,2.343759059906006,human3_lib2.final_cell_0620-2
5178,1.917678713798523,human3_lib2.final_cell_0621-2
5179,0.7037938237190247,human3_lib2.final_cell_0622-2
5180,0.6222368478775024,human3_lib2.final_cell_0623-2
5181,1.9794044494628906,human3_lib2.final_cell_0624-2
5182,1.2986855506896973,human3_lib2.final_cell_0625-2
5183,0.6426849365234375,human3_lib2.final_cell_0626-2
5184,0.6367219686508179,human3_lib2.final_cell_0627-2
5185,0.46997055411338806,human3_lib2.final_cell_0628-2
5186,0.5811665058135986,human3_lib2.final_cell_0629-2
5187,1.1332423686981201,human3_lib2.final_cell_0630-2
5188,2.7990963459014893,human3_lib2.final_cell_0631-2
5189,1.0190508365631104,human3_lib2.final_cell_0632-2
5190,0.7850449085235596,human3_lib2.final_cell_0633-2
5191,0.5614348649978638,human3_lib2.final_cell_0634-2
5192,0.5970644354820251,human3_lib2.final_cell_0635-2
5193,0.6429920196533203,human3_lib2.final_cell_0636-2
5194,1.7714178562164307,human3_lib2.final_cell_0637-2
5195,0.5405189990997314,human3_lib2.final_cell_0638-2
5196,0.4555899500846863,human3_lib2.final_cell_0639-2
5197,0.9124988317489624,human3_lib2.final_cell_0640-2
5198,0.46028372645378113,human3_lib2.final_cell_0641-2
5199,1.1272330284118652,human3_lib2.final_cell_0642-2
5200,1.1285043954849243,human3_lib2.final_cell_0643-2
5201,0.6870038509368896,human3_lib2.final_cell_0644-2
5202,0.8468748331069946,human3_lib2.final_cell_0645-2
5203,1.167747974395752,human3_lib2.final_cell_0646-2
5204,1.7442398071289062,human3_lib2.final_cell_0647-2
5205,1.082567811012268,human3_lib2.final_cell_0648-2
5206,0.7610361576080322,human3_lib2.final_cell_0649-2
5207,1.595491886138916,human3_lib2.final_cell_0650-2
5208,1.5477803945541382,human3_lib2.final_cell_0651-2
5209,0.6077329516410828,human3_lib2.final_cell_0652-2
5210,0.6881232261657715,human3_lib2.final_cell_0653-2
5211,0.7195229530334473,human3_lib2.final_cell_0654-2
5212,0.5995678901672363,human3_lib2.final_cell_0655-2
5213,0.703536331653595,human3_lib2.final_cell_0656-2
5214,0.9038139581680298,human3_lib2.final_cell_0657-2
5215,0.5235447287559509,human3_lib2.final_cell_0658-2
5216,1.464246153831482,human3_lib2.final_cell_0659-2
5217,1.5842804908752441,human3_lib2.final_cell_0660-2
5218,1.0168468952178955,human3_lib2.final_cell_0661-2
5219,0.7117880582809448,human3_lib2.final_cell_0662-2
5220,0.7214943170547485,human3_lib2.final_cell_0663-2
5221,0.47748854756355286,human3_lib2.final_cell_0664-2
5222,1.444504976272583,human3_lib2.final_cell_0665-2
5223,1.1024566888809204,human3_lib2.final_cell_0666-2
5224,0.6354324221611023,human3_lib2.final_cell_0667-2
5225,1.7513567209243774,human3_lib2.final_cell_0668-2
5226,0.5168539881706238,human3_lib2.final_cell_0669-2
5227,1.4047597646713257,human3_lib2.final_cell_0670-2
5228,0.6089593768119812,human3_lib2.final_cell_0671-2
5229,0.772696852684021,human3_lib2.final_cell_0672-2
5230,3.455157518386841,human3_lib2.final_cell_0673-2
5231,0.6977792978286743,human3_lib2.final_cell_0674-2
5232,0.6251757144927979,human3_lib2.final_cell_0675-2
5233,1.030763030052185,human3_lib2.final_cell_0676-2
5234,0.5473982691764832,human3_lib2.final_cell_0677-2
5235,0.6079505085945129,human3_lib2.final_cell_0678-2
5236,1.4126297235488892,human3_lib2.final_cell_0679-2
5237,0.762128472328186,human3_lib2.final_cell_0680-2
5238,1.5846726894378662,human3_lib2.final_cell_0681-2
5239,1.002358317375183,human3_lib2.final_cell_0682-2
5240,0.8847711086273193,human3_lib2.final_cell_0683-2
5241,0.5620985627174377,human3_lib2.final_cell_0684-2
5242,0.8639411926269531,human3_lib2.final_cell_0685-2
5243,2.612492799758911,human3_lib2.final_cell_0686-2
5244,0.5927191376686096,human3_lib2.final_cell_0687-2
5245,0.766514003276825,human3_lib2.final_cell_0688-2
5246,0.6448138356208801,human3_lib2.final_cell_0689-2
5247,2.6136558055877686,human3_lib2.final_cell_0690-2
5248,1.3641273975372314,human3_lib2.final_cell_0691-2
5249,0.47738033533096313,human3_lib2.final_cell_0692-2
5250,1.2041213512420654,human3_lib2.final_cell_0693-2
5251,0.597001314163208,human3_lib2.final_cell_0694-2
5252,1.018586277961731,human3_lib2.final_cell_0695-2
5253,0.5930314660072327,human3_lib2.final_cell_0696-2
5254,1.5777533054351807,human3_lib2.final_cell_0697-2
5255,1.0681431293487549,human3_lib2.final_cell_0698-2
5256,0.8368211388587952,human3_lib2.final_cell_0699-2
5257,1.5906219482421875,human3_lib2.final_cell_0700-2
5258,1.5411580801010132,human3_lib2.final_cell_0701-2
5259,0.5878807902336121,human3_lib2.final_cell_0702-2
5260,1.1464285850524902,human3_lib2.final_cell_0703-2
5261,1.0959488153457642,human3_lib2.final_cell_0704-2
5262,0.9819044470787048,human3_lib2.final_cell_0705-2
5263,1.2496525049209595,human3_lib2.final_cell_0706-2
5264,0.994529664516449,human3_lib2.final_cell_0707-2
5265,0.7070835828781128,human3_lib2.final_cell_0708-2
5266,0.4964407682418823,human3_lib2.final_cell_0709-2
5267,0.7876953482627869,human3_lib2.final_cell_0710-2
5268,0.6100887060165405,human3_lib2.final_cell_0711-2
5269,1.59267258644104,human3_lib2.final_cell_0712-2
5270,1.0583405494689941,human3_lib2.final_cell_0713-2
5271,0.8058484792709351,human3_lib2.final_cell_0714-2
5272,1.138993263244629,human3_lib2.final_cell_0715-2
5273,1.7617909908294678,human3_lib2.final_cell_0716-2
5274,0.5774145722389221,human3_lib2.final_cell_0717-2
5275,0.8401110768318176,human3_lib2.final_cell_0718-2
5276,0.48565953969955444,human3_lib2.final_cell_0719-2
5277,0.5758704543113708,human3_lib2.final_cell_0720-2
5278,0.5685575604438782,human3_lib2.final_cell_0721-2
5279,1.6025538444519043,human3_lib2.final_cell_0722-2
5280,0.5681214928627014,human3_lib2.final_cell_0723-2
5281,3.081956386566162,human3_lib2.final_cell_0724-2
5282,0.8440725803375244,human3_lib2.final_cell_0725-2
5283,1.3315726518630981,human3_lib2.final_cell_0726-2
5284,0.9223846793174744,human3_lib2.final_cell_0727-2
5285,0.843123733997345,human3_lib2.final_cell_0728-2
5286,1.7484828233718872,human3_lib2.final_cell_0729-2
5287,0.4912148118019104,human3_lib2.final_cell_0730-2
5288,0.6170188784599304,human3_lib2.final_cell_0731-2
5289,0.9246664047241211,human3_lib2.final_cell_0732-2
5290,0.9144066572189331,human3_lib2.final_cell_0733-2
5291,0.769612193107605,human3_lib2.final_cell_0734-2
5292,0.7477017641067505,human3_lib2.final_cell_0735-2
5293,0.5496318936347961,human3_lib2.final_cell_0736-2
5294,3.189100742340088,human3_lib2.final_cell_0737-2
5295,1.226772427558899,human3_lib2.final_cell_0738-2
5296,0.5062961578369141,human3_lib2.final_cell_0739-2
5297,1.7778124809265137,human3_lib2.final_cell_0740-2
5298,0.7321984767913818,human3_lib2.final_cell_0741-2
5299,0.6775788068771362,human3_lib2.final_cell_0742-2
5300,1.1306349039077759,human3_lib2.final_cell_0743-2
5301,2.284543037414551,human3_lib2.final_cell_0744-2
5302,0.6710507273674011,human3_lib2.final_cell_0745-2
5303,1.025913119316101,human3_lib2.final_cell_0746-2
5304,0.6139932870864868,human3_lib2.final_cell_0747-2
5305,1.0661942958831787,human3_lib2.final_cell_0748-2
5306,0.989959716796875,human3_lib2.final_cell_0749-2
5307,0.554218590259552,human3_lib2.final_cell_0750-2
5308,0.6711986660957336,human3_lib2.final_cell_0751-2
5309,1.071801781654358,human3_lib2.final_cell_0752-2
5310,1.1682722568511963,human3_lib2.final_cell_0753-2
5311,1.0678247213363647,human3_lib2.final_cell_0754-2
5312,0.5332879424095154,human3_lib2.final_cell_0755-2
5313,2.3727457523345947,human3_lib2.final_cell_0756-2
5314,1.5607610940933228,human3_lib2.final_cell_0757-2
5315,1.3767303228378296,human3_lib2.final_cell_0758-2
5316,0.9864426851272583,human3_lib2.final_cell_0759-2
5317,1.6744815111160278,human3_lib2.final_cell_0760-2
5318,0.623526930809021,human3_lib2.final_cell_0761-2
5319,0.7048580050468445,human3_lib2.final_cell_0762-2
5320,0.5702205896377563,human3_lib2.final_cell_0763-2
5321,0.5476785898208618,human3_lib2.final_cell_0764-2
5322,0.9129054546356201,human3_lib2.final_cell_0765-2
5323,1.3997468948364258,human3_lib2.final_cell_0766-2
5324,1.3963594436645508,human3_lib2.final_cell_0767-2
5325,0.5666956305503845,human3_lib2.final_cell_0768-2
5326,0.7981988787651062,human3_lib2.final_cell_0769-2
5327,0.6995746493339539,human3_lib2.final_cell_0770-2
5328,2.352210521697998,human3_lib2.final_cell_0771-2
5329,0.8498693704605103,human3_lib2.final_cell_0772-2
5330,0.6710213422775269,human3_lib2.final_cell_0773-2
5331,0.6375619173049927,human3_lib2.final_cell_0774-2
5332,2.2358880043029785,human3_lib2.final_cell_0775-2
5333,1.2708425521850586,human3_lib2.final_cell_0776-2
5334,0.5499753952026367,human3_lib2.final_cell_0777-2
5335,1.793346881866455,human3_lib2.final_cell_0778-2
5336,0.6616562008857727,human3_lib2.final_cell_0779-2
5337,0.7035486698150635,human3_lib2.final_cell_0780-2
5338,1.6940566301345825,human3_lib2.final_cell_0781-2
5339,1.0258069038391113,human3_lib2.final_cell_0782-2
5340,0.579565167427063,human3_lib2.final_cell_0783-2
5341,0.5143582820892334,human3_lib2.final_cell_0784-2
5342,0.8239265084266663,human3_lib2.final_cell_0785-2
5343,0.5909029245376587,human3_lib2.final_cell_0786-2
5344,1.7420605421066284,human3_lib2.final_cell_0787-2
5345,1.6267127990722656,human3_lib2.final_cell_0788-2
5346,1.235213041305542,human3_lib2.final_cell_0789-2
5347,0.6883435845375061,human3_lib2.final_cell_0790-2
5348,1.3025215864181519,human3_lib2.final_cell_0791-2
5349,1.5389658212661743,human3_lib2.final_cell_0792-2
5350,0.47812849283218384,human3_lib2.final_cell_0793-2
5351,1.7747104167938232,human3_lib2.final_cell_0794-2
5352,1.6723062992095947,human3_lib2.final_cell_0795-2
5353,1.543415904045105,human3_lib2.final_cell_0796-2
5354,0.8016794919967651,human3_lib2.final_cell_0797-2
5355,3.5509426593780518,human3_lib2.final_cell_0798-2
5356,0.663393497467041,human3_lib2.final_cell_0799-2
5357,0.5357280373573303,human3_lib2.final_cell_0800-2
5358,0.5324232578277588,human3_lib2.final_cell_0801-2
5359,1.3137013912200928,human3_lib2.final_cell_0802-2
5360,1.1484103202819824,human3_lib2.final_cell_0803-2
5361,0.6951233148574829,human3_lib2.final_cell_0804-2
5362,3.5188896656036377,human3_lib2.final_cell_0805-2
5363,1.9468010663986206,human3_lib2.final_cell_0806-2
5364,1.1374542713165283,human3_lib2.final_cell_0807-2
5365,0.8983229398727417,human3_lib2.final_cell_0808-2
5366,0.7481765747070312,human3_lib2.final_cell_0809-2
5367,1.3595945835113525,human3_lib2.final_cell_0810-2
5368,0.8938595652580261,human3_lib2.final_cell_0811-2
5369,0.9122776389122009,human3_lib2.final_cell_0812-2
5370,3.761892080307007,human3_lib2.final_cell_0813-2
5371,1.8853225708007812,human3_lib2.final_cell_0814-2
5372,1.7448012828826904,human3_lib2.final_cell_0815-2
5373,1.2909770011901855,human3_lib2.final_cell_0816-2
5374,1.47923743724823,human3_lib2.final_cell_0817-2
5375,0.5552836060523987,human3_lib2.final_cell_0818-2
5376,1.2890584468841553,human3_lib2.final_cell_0819-2
5377,0.715821385383606,human3_lib2.final_cell_0820-2
5378,0.7553190588951111,human3_lib2.final_cell_0821-2
5379,0.675126314163208,human3_lib2.final_cell_0822-2
5380,1.7185102701187134,human3_lib2.final_cell_0823-2
5381,1.1140868663787842,human3_lib2.final_cell_0824-2
5382,1.006889820098877,human3_lib2.final_cell_0825-2
5383,1.163124918937683,human3_lib2.final_cell_0826-2
5384,0.837063193321228,human3_lib2.final_cell_0827-2
5385,1.8628407716751099,human3_lib2.final_cell_0828-2
5386,0.6704339981079102,human3_lib2.final_cell_0829-2
5387,1.0221484899520874,human3_lib2.final_cell_0830-2
5388,0.7941568493843079,human3_lib2.final_cell_0831-2
5389,1.3977468013763428,human3_lib2.final_cell_0832-2
5390,1.5782254934310913,human3_lib2.final_cell_0833-2
5391,0.6448613405227661,human3_lib2.final_cell_0834-2
5392,1.604862093925476,human3_lib2.final_cell_0835-2
5393,1.6302939653396606,human3_lib2.final_cell_0836-2
5394,0.9373089075088501,human3_lib2.final_cell_0837-2
5395,1.0561506748199463,human3_lib2.final_cell_0838-2
5396,1.1090054512023926,human3_lib2.final_cell_0839-2
5397,0.5241543054580688,human3_lib2.final_cell_0840-2
5398,0.6539221405982971,human3_lib2.final_cell_0841-2
5399,1.4589015245437622,human3_lib2.final_cell_0842-2
5400,1.903337001800537,human3_lib2.final_cell_0843-2
5401,0.746365487575531,human3_lib2.final_cell_0844-2
5402,1.5847499370574951,human3_lib2.final_cell_0845-2
5403,1.540907621383667,human3_lib2.final_cell_0846-2
5404,1.857318639755249,human3_lib2.final_cell_0847-2
5405,0.7903008460998535,human3_lib2.final_cell_0848-2
5406,1.691129207611084,human3_lib2.final_cell_0849-2
5407,0.7279242873191833,human3_lib2.final_cell_0850-2
5408,0.8407617211341858,human3_lib2.final_cell_0851-2
5409,1.2863541841506958,human3_lib2.final_cell_0852-2
5410,0.8308612704277039,human3_lib2.final_cell_0853-2
5411,1.6796743869781494,human3_lib2.final_cell_0854-2
5412,0.9121752381324768,human3_lib2.final_cell_0855-2
5413,1.4171574115753174,human3_lib2.final_cell_0856-2
5414,1.2824398279190063,human3_lib2.final_cell_0857-2
5415,2.0327818393707275,human3_lib2.final_cell_0858-2
5416,0.8311759233474731,human3_lib2.final_cell_0859-2
5417,0.6601728200912476,human3_lib2.final_cell_0860-2
5418,1.801448941230774,human3_lib2.final_cell_0861-2
5419,0.7522957921028137,human3_lib2.final_cell_0862-2
5420,1.2247776985168457,human3_lib2.final_cell_0863-2
5421,0.7906250357627869,human3_lib2.final_cell_0864-2
5422,1.1575825214385986,human3_lib2.final_cell_0865-2
5423,1.7047172784805298,human3_lib2.final_cell_0866-2
5424,0.6934708952903748,human3_lib2.final_cell_0867-2
5425,1.050716757774353,human3_lib2.final_cell_0868-2
5426,1.7731984853744507,human3_lib2.final_cell_0869-2
5427,1.9400532245635986,human3_lib2.final_cell_0870-2
5428,1.7202661037445068,human3_lib2.final_cell_0871-2
5429,1.7833338975906372,human3_lib2.final_cell_0872-2
5430,1.753572702407837,human3_lib2.final_cell_0873-2
5431,0.9215693473815918,human3_lib2.final_cell_0874-2
5432,1.9691030979156494,human3_lib2.final_cell_0875-2
5433,0.6124597787857056,human3_lib3.final_cell_0001-2
5434,0.6862563490867615,human3_lib3.final_cell_0002-2
5435,0.5506584048271179,human3_lib3.final_cell_0003-2
5436,0.6861566305160522,human3_lib3.final_cell_0004-2
5437,1.0495234727859497,human3_lib3.final_cell_0005-2
5438,0.544127345085144,human3_lib3.final_cell_0006-2
5439,1.1585530042648315,human3_lib3.final_cell_0007-2
5440,0.7120709419250488,human3_lib3.final_cell_0008-2
5441,0.6671596765518188,human3_lib3.final_cell_0009-2
5442,0.6909125447273254,human3_lib3.final_cell_0010-2
5443,1.838336706161499,human3_lib3.final_cell_0011-2
5444,0.6030017137527466,human3_lib3.final_cell_0012-2
5445,0.7964386343955994,human3_lib3.final_cell_0013-2
5446,0.5642196536064148,human3_lib3.final_cell_0014-2
5447,0.9139066338539124,human3_lib3.final_cell_0015-2
5448,1.1340659856796265,human3_lib3.final_cell_0016-2
5449,0.5804887413978577,human3_lib3.final_cell_0017-2
5450,0.5894091725349426,human3_lib3.final_cell_0018-2
5451,0.7022974491119385,human3_lib3.final_cell_0019-2
5452,0.6198972463607788,human3_lib3.final_cell_0020-2
5453,0.5462948083877563,human3_lib3.final_cell_0021-2
5454,0.907896876335144,human3_lib3.final_cell_0022-2
5455,1.1379268169403076,human3_lib3.final_cell_0023-2
5456,0.5580552816390991,human3_lib3.final_cell_0024-2
5457,0.8216134905815125,human3_lib3.final_cell_0025-2
5458,0.865232527256012,human3_lib3.final_cell_0026-2
5459,0.7280182242393494,human3_lib3.final_cell_0027-2
5460,0.5425362586975098,human3_lib3.final_cell_0028-2
5461,0.5968639254570007,human3_lib3.final_cell_0029-2
5462,0.7295851707458496,human3_lib3.final_cell_0030-2
5463,0.6098244190216064,human3_lib3.final_cell_0031-2
5464,0.46110600233078003,human3_lib3.final_cell_0032-2
5465,0.7451677918434143,human3_lib3.final_cell_0033-2
5466,0.7056660652160645,human3_lib3.final_cell_0034-2
5467,0.8126865029335022,human3_lib3.final_cell_0035-2
5468,0.5590606331825256,human3_lib3.final_cell_0036-2
5469,0.8541532754898071,human3_lib3.final_cell_0037-2
5470,0.6998939514160156,human3_lib3.final_cell_0038-2
5471,0.6877092719078064,human3_lib3.final_cell_0039-2
5472,0.5811008214950562,human3_lib3.final_cell_0040-2
5473,0.6777787208557129,human3_lib3.final_cell_0041-2
5474,0.7181851863861084,human3_lib3.final_cell_0042-2
5475,0.6215329170227051,human3_lib3.final_cell_0043-2
5476,1.3526653051376343,human3_lib3.final_cell_0044-2
5477,0.5286781191825867,human3_lib3.final_cell_0045-2
5478,0.6744379997253418,human3_lib3.final_cell_0046-2
5479,1.2509843111038208,human3_lib3.final_cell_0047-2
5480,0.921894907951355,human3_lib3.final_cell_0048-2
5481,0.7242980599403381,human3_lib3.final_cell_0049-2
5482,0.6166843771934509,human3_lib3.final_cell_0050-2
5483,0.5524343252182007,human3_lib3.final_cell_0051-2
5484,0.8980429172515869,human3_lib3.final_cell_0052-2
5485,2.1341092586517334,human3_lib3.final_cell_0053-2
5486,0.7925759553909302,human3_lib3.final_cell_0054-2
5487,1.9086086750030518,human3_lib3.final_cell_0055-2
5488,0.9872903227806091,human3_lib3.final_cell_0056-2
5489,0.6702742576599121,human3_lib3.final_cell_0057-2
5490,0.9071159362792969,human3_lib3.final_cell_0058-2
5491,0.8314675092697144,human3_lib3.final_cell_0059-2
5492,0.5759714245796204,human3_lib3.final_cell_0060-2
5493,1.0603288412094116,human3_lib3.final_cell_0061-2
5494,0.7881398797035217,human3_lib3.final_cell_0062-2
5495,0.5937923192977905,human3_lib3.final_cell_0063-2
5496,0.7339742183685303,human3_lib3.final_cell_0064-2
5497,0.7161816954612732,human3_lib3.final_cell_0065-2
5498,0.5292767286300659,human3_lib3.final_cell_0066-2
5499,1.0251998901367188,human3_lib3.final_cell_0067-2
5500,0.8590914607048035,human3_lib3.final_cell_0068-2
5501,1.1222209930419922,human3_lib3.final_cell_0069-2
5502,0.5776264071464539,human3_lib3.final_cell_0070-2
5503,0.5630394816398621,human3_lib3.final_cell_0071-2
5504,0.5550580024719238,human3_lib3.final_cell_0072-2
5505,0.5478225946426392,human3_lib3.final_cell_0073-2
5506,0.7011482119560242,human3_lib3.final_cell_0074-2
5507,1.3073513507843018,human3_lib3.final_cell_0075-2
5508,1.969130277633667,human3_lib3.final_cell_0076-2
5509,0.6782783269882202,human3_lib3.final_cell_0077-2
5510,0.6691277623176575,human3_lib3.final_cell_0078-2
5511,0.6733872890472412,human3_lib3.final_cell_0079-2
5512,0.5708487629890442,human3_lib3.final_cell_0080-2
5513,0.5274102687835693,human3_lib3.final_cell_0081-2
5514,0.8313859701156616,human3_lib3.final_cell_0082-2
5515,1.0245968103408813,human3_lib3.final_cell_0083-2
5516,0.8117973208427429,human3_lib3.final_cell_0084-2
5517,0.5598970055580139,human3_lib3.final_cell_0085-2
5518,0.9402028918266296,human3_lib3.final_cell_0086-2
5519,1.9903643131256104,human3_lib3.final_cell_0087-2
5520,0.5413090586662292,human3_lib3.final_cell_0088-2
5521,0.5594122409820557,human3_lib3.final_cell_0089-2
5522,0.5245070457458496,human3_lib3.final_cell_0090-2
5523,1.0370832681655884,human3_lib3.final_cell_0091-2
5524,0.5166775584220886,human3_lib3.final_cell_0092-2
5525,0.6215255260467529,human3_lib3.final_cell_0093-2
5526,0.5571110248565674,human3_lib3.final_cell_0094-2
5527,0.5546485185623169,human3_lib3.final_cell_0095-2
5528,0.6729781031608582,human3_lib3.final_cell_0096-2
5529,0.521879255771637,human3_lib3.final_cell_0097-2
5530,0.5472484827041626,human3_lib3.final_cell_0098-2
5531,0.5506244897842407,human3_lib3.final_cell_0099-2
5532,0.6551069021224976,human3_lib3.final_cell_0100-2
5533,0.7690488696098328,human3_lib3.final_cell_0101-2
5534,0.7133780717849731,human3_lib3.final_cell_0102-2
5535,0.6259809732437134,human3_lib3.final_cell_0103-2
5536,0.6418439745903015,human3_lib3.final_cell_0104-2
5537,0.798041582107544,human3_lib3.final_cell_0105-2
5538,0.9559595584869385,human3_lib3.final_cell_0106-2
5539,0.565737247467041,human3_lib3.final_cell_0107-2
5540,0.7668663263320923,human3_lib3.final_cell_0108-2
5541,1.2304096221923828,human3_lib3.final_cell_0109-2
5542,1.1085370779037476,human3_lib3.final_cell_0110-2
5543,0.6279965043067932,human3_lib3.final_cell_0111-2
5544,0.8891176581382751,human3_lib3.final_cell_0112-2
5545,0.5301825404167175,human3_lib3.final_cell_0113-2
5546,0.7304859161376953,human3_lib3.final_cell_0114-2
5547,1.0180641412734985,human3_lib3.final_cell_0115-2
5548,0.4911944270133972,human3_lib3.final_cell_0116-2
5549,1.6019821166992188,human3_lib3.final_cell_0117-2
5550,0.5598450899124146,human3_lib3.final_cell_0118-2
5551,0.49465590715408325,human3_lib3.final_cell_0119-2
5552,1.0458632707595825,human3_lib3.final_cell_0120-2
5553,0.8279021978378296,human3_lib3.final_cell_0121-2
5554,0.5947494506835938,human3_lib3.final_cell_0122-2
5555,0.6752031445503235,human3_lib3.final_cell_0123-2
5556,1.625056266784668,human3_lib3.final_cell_0124-2
5557,0.5715923309326172,human3_lib3.final_cell_0125-2
5558,0.9798189997673035,human3_lib3.final_cell_0126-2
5559,0.543271541595459,human3_lib3.final_cell_0127-2
5560,0.708233654499054,human3_lib3.final_cell_0128-2
5561,0.5626871585845947,human3_lib3.final_cell_0129-2
5562,0.6417807936668396,human3_lib3.final_cell_0130-2
5563,0.6464122533798218,human3_lib3.final_cell_0131-2
5564,0.5439876914024353,human3_lib3.final_cell_0132-2
5565,0.9244018793106079,human3_lib3.final_cell_0133-2
5566,1.5145610570907593,human3_lib3.final_cell_0134-2
5567,0.8419286012649536,human3_lib3.final_cell_0135-2
5568,1.0302627086639404,human3_lib3.final_cell_0136-2
5569,0.7099820971488953,human3_lib3.final_cell_0137-2
5570,0.836166262626648,human3_lib3.final_cell_0138-2
5571,0.6956092119216919,human3_lib3.final_cell_0139-2
5572,0.7341035008430481,human3_lib3.final_cell_0140-2
5573,0.6249185800552368,human3_lib3.final_cell_0141-2
5574,0.7222956418991089,human3_lib3.final_cell_0142-2
5575,0.688026487827301,human3_lib3.final_cell_0143-2
5576,0.7820826172828674,human3_lib3.final_cell_0144-2
5577,0.6594942212104797,human3_lib3.final_cell_0145-2
5578,2.5098013877868652,human3_lib3.final_cell_0146-2
5579,0.4603528678417206,human3_lib3.final_cell_0147-2
5580,0.733415424823761,human3_lib3.final_cell_0148-2
5581,0.77946937084198,human3_lib3.final_cell_0149-2
5582,0.6787369847297668,human3_lib3.final_cell_0150-2
5583,0.7206921577453613,human3_lib3.final_cell_0151-2
5584,0.7534457445144653,human3_lib3.final_cell_0152-2
5585,1.0340619087219238,human3_lib3.final_cell_0153-2
5586,1.602297067642212,human3_lib3.final_cell_0154-2
5587,0.6954183578491211,human3_lib3.final_cell_0155-2
5588,0.544561505317688,human3_lib3.final_cell_0156-2
5589,0.6874808073043823,human3_lib3.final_cell_0157-2
5590,0.5116786956787109,human3_lib3.final_cell_0158-2
5591,0.9445270895957947,human3_lib3.final_cell_0159-2
5592,0.5527669191360474,human3_lib3.final_cell_0160-2
5593,0.6977336406707764,human3_lib3.final_cell_0161-2
5594,0.6215701699256897,human3_lib3.final_cell_0162-2
5595,0.9196879267692566,human3_lib3.final_cell_0163-2
5596,0.5919802188873291,human3_lib3.final_cell_0164-2
5597,0.8195404410362244,human3_lib3.final_cell_0165-2
5598,0.961764395236969,human3_lib3.final_cell_0166-2
5599,0.7227388620376587,human3_lib3.final_cell_0167-2
5600,0.6012521982192993,human3_lib3.final_cell_0168-2
5601,0.7671287655830383,human3_lib3.final_cell_0169-2
5602,0.5174462795257568,human3_lib3.final_cell_0170-2
5603,0.5718561410903931,human3_lib3.final_cell_0171-2
5604,1.2707608938217163,human3_lib3.final_cell_0172-2
5605,0.5680862665176392,human3_lib3.final_cell_0173-2
5606,1.0464624166488647,human3_lib3.final_cell_0174-2
5607,1.4037317037582397,human3_lib3.final_cell_0175-2
5608,0.5384092926979065,human3_lib3.final_cell_0176-2
5609,0.5798510313034058,human3_lib3.final_cell_0177-2
5610,0.7321604490280151,human3_lib3.final_cell_0178-2
5611,0.7280030250549316,human3_lib3.final_cell_0179-2
5612,0.7175580263137817,human3_lib3.final_cell_0180-2
5613,0.6033825278282166,human3_lib3.final_cell_0181-2
5614,1.759662389755249,human3_lib3.final_cell_0182-2
5615,0.5559632182121277,human3_lib3.final_cell_0183-2
5616,0.6370324492454529,human3_lib3.final_cell_0184-2
5617,0.7589563727378845,human3_lib3.final_cell_0185-2
5618,1.773209571838379,human3_lib3.final_cell_0186-2
5619,2.468331813812256,human3_lib3.final_cell_0187-2
5620,0.6293278336524963,human3_lib3.final_cell_0188-2
5621,0.5763721466064453,human3_lib3.final_cell_0189-2
5622,1.0239839553833008,human3_lib3.final_cell_0190-2
5623,1.0578320026397705,human3_lib3.final_cell_0191-2
5624,1.1233971118927002,human3_lib3.final_cell_0192-2
5625,0.6346103549003601,human3_lib3.final_cell_0193-2
5626,0.6598250269889832,human3_lib3.final_cell_0194-2
5627,0.5459392070770264,human3_lib3.final_cell_0195-2
5628,0.6262087225914001,human3_lib3.final_cell_0196-2
5629,0.8632112145423889,human3_lib3.final_cell_0197-2
5630,0.5335188508033752,human3_lib3.final_cell_0198-2
5631,0.7049922943115234,human3_lib3.final_cell_0199-2
5632,0.6270835399627686,human3_lib3.final_cell_0200-2
5633,1.490583896636963,human3_lib3.final_cell_0201-2
5634,2.016030788421631,human3_lib3.final_cell_0202-2
5635,0.5501707792282104,human3_lib3.final_cell_0203-2
5636,1.8832464218139648,human3_lib3.final_cell_0204-2
5637,0.5789941549301147,human3_lib3.final_cell_0205-2
5638,0.681679368019104,human3_lib3.final_cell_0206-2
5639,1.1528781652450562,human3_lib3.final_cell_0207-2
5640,0.6036772727966309,human3_lib3.final_cell_0208-2
5641,2.0096640586853027,human3_lib3.final_cell_0209-2
5642,1.0023493766784668,human3_lib3.final_cell_0210-2
5643,0.7794617414474487,human3_lib3.final_cell_0211-2
5644,0.8191124796867371,human3_lib3.final_cell_0212-2
5645,1.3214313983917236,human3_lib3.final_cell_0213-2
5646,2.159050941467285,human3_lib3.final_cell_0214-2
5647,0.5968907475471497,human3_lib3.final_cell_0215-2
5648,0.562613844871521,human3_lib3.final_cell_0216-2
5649,0.8438039422035217,human3_lib3.final_cell_0217-2
5650,1.115860104560852,human3_lib3.final_cell_0218-2
5651,2.0506792068481445,human3_lib3.final_cell_0219-2
5652,0.541090190410614,human3_lib3.final_cell_0220-2
5653,2.639209270477295,human3_lib3.final_cell_0221-2
5654,0.5863093137741089,human3_lib3.final_cell_0222-2
5655,0.8650546073913574,human3_lib3.final_cell_0223-2
5656,1.309989094734192,human3_lib3.final_cell_0224-2
5657,0.6560099720954895,human3_lib3.final_cell_0225-2
5658,0.5536453723907471,human3_lib3.final_cell_0226-2
5659,1.3252506256103516,human3_lib3.final_cell_0227-2
5660,0.9607747197151184,human3_lib3.final_cell_0228-2
5661,0.59549480676651,human3_lib3.final_cell_0229-2
5662,1.1014649868011475,human3_lib3.final_cell_0230-2
5663,1.0823181867599487,human3_lib3.final_cell_0231-2
5664,0.5701295733451843,human3_lib3.final_cell_0232-2
5665,0.5875862836837769,human3_lib3.final_cell_0233-2
5666,0.4574372172355652,human3_lib3.final_cell_0234-2
5667,0.5145074725151062,human3_lib3.final_cell_0235-2
5668,0.6578706502914429,human3_lib3.final_cell_0236-2
5669,1.784727931022644,human3_lib3.final_cell_0237-2
5670,0.6458203792572021,human3_lib3.final_cell_0238-2
5671,0.6691182255744934,human3_lib3.final_cell_0239-2
5672,0.5509763360023499,human3_lib3.final_cell_0240-2
5673,0.6738930344581604,human3_lib3.final_cell_0241-2
5674,0.5224878787994385,human3_lib3.final_cell_0242-2
5675,0.7052188515663147,human3_lib3.final_cell_0243-2
5676,1.66878080368042,human3_lib3.final_cell_0244-2
5677,0.48419588804244995,human3_lib3.final_cell_0245-2
5678,0.7024073600769043,human3_lib3.final_cell_0246-2
5679,0.6082870364189148,human3_lib3.final_cell_0247-2
5680,0.6527882814407349,human3_lib3.final_cell_0248-2
5681,0.6208220720291138,human3_lib3.final_cell_0249-2
5682,1.390709638595581,human3_lib3.final_cell_0250-2
5683,1.0590463876724243,human3_lib3.final_cell_0251-2
5684,0.8974764943122864,human3_lib3.final_cell_0252-2
5685,0.7521626353263855,human3_lib3.final_cell_0253-2
5686,0.6872268319129944,human3_lib3.final_cell_0254-2
5687,0.7938141822814941,human3_lib3.final_cell_0255-2
5688,0.6253829002380371,human3_lib3.final_cell_0256-2
5689,0.7971851229667664,human3_lib3.final_cell_0257-2
5690,0.601050078868866,human3_lib3.final_cell_0258-2
5691,0.7001656293869019,human3_lib3.final_cell_0259-2
5692,1.0948530435562134,human3_lib3.final_cell_0260-2
5693,0.6700752377510071,human3_lib3.final_cell_0261-2
5694,0.6086013913154602,human3_lib3.final_cell_0262-2
5695,0.6027010083198547,human3_lib3.final_cell_0263-2
5696,2.816878080368042,human3_lib3.final_cell_0264-2
5697,1.4232372045516968,human3_lib3.final_cell_0265-2
5698,2.4020280838012695,human3_lib3.final_cell_0266-2
5699,0.9966256618499756,human3_lib3.final_cell_0267-2
5700,1.0232982635498047,human3_lib3.final_cell_0268-2
5701,0.9156006574630737,human3_lib3.final_cell_0269-2
5702,0.6961662173271179,human3_lib3.final_cell_0270-2
5703,0.9582943916320801,human3_lib3.final_cell_0271-2
5704,0.6044379472732544,human3_lib3.final_cell_0272-2
5705,0.5357058048248291,human3_lib3.final_cell_0273-2
5706,0.8765738010406494,human3_lib3.final_cell_0274-2
5707,0.6580556631088257,human3_lib3.final_cell_0275-2
5708,0.5390798449516296,human3_lib3.final_cell_0276-2
5709,1.3275903463363647,human3_lib3.final_cell_0277-2
5710,1.049050211906433,human3_lib3.final_cell_0278-2
5711,1.1530914306640625,human3_lib3.final_cell_0279-2
5712,0.49121493101119995,human3_lib3.final_cell_0280-2
5713,0.46397486329078674,human3_lib3.final_cell_0281-2
5714,1.750791072845459,human3_lib3.final_cell_0282-2
5715,2.043377637863159,human3_lib3.final_cell_0283-2
5716,1.1061115264892578,human3_lib3.final_cell_0284-2
5717,1.2098482847213745,human3_lib3.final_cell_0285-2
5718,0.6230697631835938,human3_lib3.final_cell_0286-2
5719,0.6598502397537231,human3_lib3.final_cell_0287-2
5720,0.8963577747344971,human3_lib3.final_cell_0288-2
5721,0.5865551829338074,human3_lib3.final_cell_0289-2
5722,1.9045804738998413,human3_lib3.final_cell_0290-2
5723,0.54562908411026,human3_lib3.final_cell_0291-2
5724,2.480191946029663,human3_lib3.final_cell_0292-2
5725,0.9490824341773987,human3_lib3.final_cell_0293-2
5726,2.6952149868011475,human3_lib3.final_cell_0294-2
5727,1.344069004058838,human3_lib3.final_cell_0295-2
5728,0.7694880962371826,human3_lib3.final_cell_0296-2
5729,0.8717544674873352,human3_lib3.final_cell_0297-2
5730,0.9061962962150574,human3_lib3.final_cell_0298-2
5731,1.403908610343933,human3_lib3.final_cell_0299-2
5732,1.0714188814163208,human3_lib3.final_cell_0300-2
5733,1.0967755317687988,human3_lib3.final_cell_0301-2
5734,0.9806498289108276,human3_lib3.final_cell_0302-2
5735,0.9637577533721924,human3_lib3.final_cell_0303-2
5736,0.7361589074134827,human3_lib3.final_cell_0304-2
5737,0.9149597883224487,human3_lib3.final_cell_0305-2
5738,0.6751066446304321,human3_lib3.final_cell_0306-2
5739,0.9094776511192322,human3_lib3.final_cell_0307-2
5740,0.9857326745986938,human3_lib3.final_cell_0308-2
5741,0.4847652018070221,human3_lib3.final_cell_0309-2
5742,0.5507582426071167,human3_lib3.final_cell_0310-2
5743,2.278646230697632,human3_lib3.final_cell_0311-2
5744,0.9156827330589294,human3_lib3.final_cell_0312-2
5745,0.6214492917060852,human3_lib3.final_cell_0313-2
5746,0.6338761448860168,human3_lib3.final_cell_0314-2
5747,0.46195754408836365,human3_lib3.final_cell_0315-2
5748,1.7287349700927734,human3_lib3.final_cell_0316-2
5749,0.4883216321468353,human3_lib3.final_cell_0317-2
5750,1.2970812320709229,human3_lib3.final_cell_0318-2
5751,0.47241151332855225,human3_lib3.final_cell_0319-2
5752,0.4597140848636627,human3_lib3.final_cell_0320-2
5753,0.6954218745231628,human3_lib3.final_cell_0321-2
5754,1.0890133380889893,human3_lib3.final_cell_0322-2
5755,0.5459515452384949,human3_lib3.final_cell_0323-2
5756,2.9809393882751465,human3_lib3.final_cell_0324-2
5757,0.7803090810775757,human3_lib3.final_cell_0325-2
5758,0.7940722107887268,human3_lib3.final_cell_0326-2
5759,0.9305195808410645,human3_lib3.final_cell_0327-2
5760,0.7614298462867737,human3_lib3.final_cell_0328-2
5761,1.2233175039291382,human3_lib3.final_cell_0329-2
5762,0.8921482563018799,human3_lib3.final_cell_0330-2
5763,0.9058007597923279,human3_lib3.final_cell_0331-2
5764,0.8086885809898376,human3_lib3.final_cell_0332-2
5765,0.6284041404724121,human3_lib3.final_cell_0333-2
5766,0.9833687543869019,human3_lib3.final_cell_0334-2
5767,0.9976009726524353,human3_lib3.final_cell_0335-2
5768,0.8999473452568054,human3_lib3.final_cell_0336-2
5769,0.49305564165115356,human3_lib3.final_cell_0337-2
5770,0.7949566841125488,human3_lib3.final_cell_0338-2
5771,0.5114825963973999,human3_lib3.final_cell_0339-2
5772,0.6305381655693054,human3_lib3.final_cell_0340-2
5773,0.9118441939353943,human3_lib3.final_cell_0341-2
5774,0.9979756474494934,human3_lib3.final_cell_0342-2
5775,0.5991355180740356,human3_lib3.final_cell_0343-2
5776,0.610045850276947,human3_lib3.final_cell_0344-2
5777,0.6586663722991943,human3_lib3.final_cell_0345-2
5778,0.4543887674808502,human3_lib3.final_cell_0346-2
5779,0.46717602014541626,human3_lib3.final_cell_0347-2
5780,0.5384094715118408,human3_lib3.final_cell_0348-2
5781,1.5984795093536377,human3_lib3.final_cell_0349-2
5782,0.6593946218490601,human3_lib3.final_cell_0350-2
5783,0.6970697045326233,human3_lib3.final_cell_0351-2
5784,1.4404723644256592,human3_lib3.final_cell_0352-2
5785,0.48958614468574524,human3_lib3.final_cell_0353-2
5786,0.7562016844749451,human3_lib3.final_cell_0354-2
5787,0.7037649750709534,human3_lib3.final_cell_0355-2
5788,1.0112318992614746,human3_lib3.final_cell_0356-2
5789,0.4613761603832245,human3_lib3.final_cell_0357-2
5790,0.4643593430519104,human3_lib3.final_cell_0358-2
5791,0.7965876460075378,human3_lib3.final_cell_0359-2
5792,0.46386024355888367,human3_lib3.final_cell_0360-2
5793,0.7622886896133423,human3_lib3.final_cell_0361-2
5794,0.8335549831390381,human3_lib3.final_cell_0362-2
5795,0.6225196123123169,human3_lib3.final_cell_0363-2
5796,0.639233410358429,human3_lib3.final_cell_0364-2
5797,0.5665677189826965,human3_lib3.final_cell_0365-2
5798,1.0654799938201904,human3_lib3.final_cell_0366-2
5799,0.5885459184646606,human3_lib3.final_cell_0367-2
5800,0.4587101936340332,human3_lib3.final_cell_0368-2
5801,0.4802829623222351,human3_lib3.final_cell_0369-2
5802,0.45795300602912903,human3_lib3.final_cell_0370-2
5803,0.6583150625228882,human3_lib3.final_cell_0371-2
5804,0.49865153431892395,human3_lib3.final_cell_0372-2
5805,1.7254263162612915,human3_lib3.final_cell_0373-2
5806,1.3635443449020386,human3_lib3.final_cell_0374-2
5807,2.0549869537353516,human3_lib3.final_cell_0375-2
5808,0.4615826904773712,human3_lib3.final_cell_0376-2
5809,1.3743956089019775,human3_lib3.final_cell_0377-2
5810,0.6437817215919495,human3_lib3.final_cell_0378-2
5811,0.6991516947746277,human3_lib3.final_cell_0379-2
5812,0.6341046690940857,human3_lib3.final_cell_0380-2
5813,0.8250365257263184,human3_lib3.final_cell_0381-2
5814,1.2176810503005981,human3_lib3.final_cell_0382-2
5815,1.487516164779663,human3_lib3.final_cell_0383-2
5816,1.3747820854187012,human3_lib3.final_cell_0384-2
5817,0.6866921186447144,human3_lib3.final_cell_0385-2
5818,0.6431820392608643,human3_lib3.final_cell_0386-2
5819,0.5613706707954407,human3_lib3.final_cell_0387-2
5820,1.146971583366394,human3_lib3.final_cell_0388-2
5821,0.5420845150947571,human3_lib3.final_cell_0389-2
5822,0.4615442752838135,human3_lib3.final_cell_0390-2
5823,0.6995880603790283,human3_lib3.final_cell_0391-2
5824,1.1203224658966064,human3_lib3.final_cell_0392-2
5825,0.5556190609931946,human3_lib3.final_cell_0393-2
5826,0.4964337944984436,human3_lib3.final_cell_0394-2
5827,2.8091843128204346,human3_lib3.final_cell_0395-2
5828,0.5786217451095581,human3_lib3.final_cell_0396-2
5829,0.5513012409210205,human3_lib3.final_cell_0397-2
5830,0.4552982449531555,human3_lib3.final_cell_0398-2
5831,0.46829769015312195,human3_lib3.final_cell_0399-2
5832,0.6560167074203491,human3_lib3.final_cell_0400-2
5833,0.5456104874610901,human3_lib3.final_cell_0401-2
5834,1.036749005317688,human3_lib3.final_cell_0402-2
5835,0.8243281245231628,human3_lib3.final_cell_0403-2
5836,0.6234670281410217,human3_lib3.final_cell_0404-2
5837,0.45571860671043396,human3_lib3.final_cell_0405-2
5838,0.4942989945411682,human3_lib3.final_cell_0406-2
5839,1.117813229560852,human3_lib3.final_cell_0407-2
5840,0.5919414758682251,human3_lib3.final_cell_0408-2
5841,1.0274187326431274,human3_lib3.final_cell_0409-2
5842,0.9979286193847656,human3_lib3.final_cell_0410-2
5843,0.5596511960029602,human3_lib3.final_cell_0411-2
5844,0.969034731388092,human3_lib3.final_cell_0412-2
5845,2.475789785385132,human3_lib3.final_cell_0413-2
5846,0.8843136429786682,human3_lib3.final_cell_0414-2
5847,1.0952612161636353,human3_lib3.final_cell_0415-2
5848,1.2139387130737305,human3_lib3.final_cell_0416-2
5849,0.821292519569397,human3_lib3.final_cell_0417-2
5850,0.6487365961074829,human3_lib3.final_cell_0418-2
5851,0.87171870470047,human3_lib3.final_cell_0419-2
5852,1.0708446502685547,human3_lib3.final_cell_0420-2
5853,1.3930420875549316,human3_lib3.final_cell_0421-2
5854,1.136902093887329,human3_lib3.final_cell_0422-2
5855,0.554871678352356,human3_lib3.final_cell_0423-2
5856,0.4807569980621338,human3_lib3.final_cell_0424-2
5857,0.48239240050315857,human3_lib3.final_cell_0425-2
5858,0.4657563269138336,human3_lib3.final_cell_0426-2
5859,0.5831504464149475,human3_lib3.final_cell_0427-2
5860,0.6559640765190125,human3_lib3.final_cell_0428-2
5861,0.613838255405426,human3_lib3.final_cell_0429-2
5862,0.7069888114929199,human3_lib3.final_cell_0430-2
5863,0.8723238110542297,human3_lib3.final_cell_0431-2
5864,1.5985139608383179,human3_lib3.final_cell_0432-2
5865,2.189563512802124,human3_lib3.final_cell_0433-2
5866,0.6543317437171936,human3_lib3.final_cell_0434-2
5867,0.9027116298675537,human3_lib3.final_cell_0435-2
5868,0.4691029489040375,human3_lib3.final_cell_0436-2
5869,1.211809754371643,human3_lib3.final_cell_0437-2
5870,2.2443032264709473,human3_lib3.final_cell_0438-2
5871,1.4050859212875366,human3_lib3.final_cell_0439-2
5872,0.7544354796409607,human3_lib3.final_cell_0440-2
5873,0.9880492091178894,human3_lib3.final_cell_0441-2
5874,1.531901240348816,human3_lib3.final_cell_0442-2
5875,0.47890380024909973,human3_lib3.final_cell_0443-2
5876,0.8115323781967163,human3_lib3.final_cell_0444-2
5877,0.9300729632377625,human3_lib3.final_cell_0445-2
5878,0.6033748984336853,human3_lib3.final_cell_0446-2
5879,2.0685038566589355,human3_lib3.final_cell_0447-2
5880,0.4647079110145569,human3_lib3.final_cell_0448-2
5881,0.9752132892608643,human3_lib3.final_cell_0449-2
5882,0.8844877481460571,human3_lib3.final_cell_0450-2
5883,0.6147311329841614,human3_lib3.final_cell_0451-2
5884,0.8529630899429321,human3_lib3.final_cell_0452-2
5885,0.5356482863426208,human3_lib3.final_cell_0453-2
5886,1.0101206302642822,human3_lib3.final_cell_0454-2
5887,0.5517261028289795,human3_lib3.final_cell_0455-2
5888,1.289731740951538,human3_lib3.final_cell_0456-2
5889,0.534886360168457,human3_lib3.final_cell_0457-2
5890,0.8933715224266052,human3_lib3.final_cell_0458-2
5891,1.079500436782837,human3_lib3.final_cell_0459-2
5892,0.5563509464263916,human3_lib3.final_cell_0460-2
5893,2.5061752796173096,human3_lib3.final_cell_0461-2
5894,0.9643481373786926,human3_lib3.final_cell_0462-2
5895,0.48489055037498474,human3_lib3.final_cell_0463-2
5896,1.0491876602172852,human3_lib3.final_cell_0464-2
5897,0.902945339679718,human3_lib3.final_cell_0465-2
5898,0.6255256533622742,human3_lib3.final_cell_0466-2
5899,0.5087150931358337,human3_lib3.final_cell_0467-2
5900,0.4783864915370941,human3_lib3.final_cell_0468-2
5901,0.4647315740585327,human3_lib3.final_cell_0469-2
5902,0.8982480764389038,human3_lib3.final_cell_0470-2
5903,0.9572357535362244,human3_lib3.final_cell_0471-2
5904,0.4767225980758667,human3_lib3.final_cell_0472-2
5905,1.3584595918655396,human3_lib3.final_cell_0473-2
5906,0.8870667815208435,human3_lib3.final_cell_0474-2
5907,0.633467435836792,human3_lib3.final_cell_0475-2
5908,1.494111180305481,human3_lib3.final_cell_0476-2
5909,0.907811164855957,human3_lib3.final_cell_0477-2
5910,0.7919648885726929,human3_lib3.final_cell_0478-2
5911,1.3002779483795166,human3_lib3.final_cell_0479-2
5912,0.6109663248062134,human3_lib3.final_cell_0480-2
5913,1.0544744729995728,human3_lib3.final_cell_0481-2
5914,0.4618901014328003,human3_lib3.final_cell_0482-2
5915,2.6473891735076904,human3_lib3.final_cell_0483-2
5916,1.7523739337921143,human3_lib3.final_cell_0484-2
5917,0.5939554572105408,human3_lib3.final_cell_0485-2
5918,0.796933650970459,human3_lib3.final_cell_0486-2
5919,1.039015293121338,human3_lib3.final_cell_0487-2
5920,0.5172372460365295,human3_lib3.final_cell_0488-2
5921,0.9252981543540955,human3_lib3.final_cell_0489-2
5922,1.4354948997497559,human3_lib3.final_cell_0490-2
5923,0.9615651965141296,human3_lib3.final_cell_0491-2
5924,0.5458688139915466,human3_lib3.final_cell_0492-2
5925,0.5738105177879333,human3_lib3.final_cell_0493-2
5926,0.5523251295089722,human3_lib3.final_cell_0494-2
5927,0.5919966697692871,human3_lib3.final_cell_0495-2
5928,0.8696931600570679,human3_lib3.final_cell_0496-2
5929,0.591896653175354,human3_lib3.final_cell_0497-2
5930,0.5665791034698486,human3_lib3.final_cell_0498-2
5931,2.064016819000244,human3_lib3.final_cell_0499-2
5932,0.8329209685325623,human3_lib3.final_cell_0500-2
5933,0.5999664664268494,human3_lib3.final_cell_0501-2
5934,1.2568901777267456,human3_lib3.final_cell_0502-2
5935,0.6417418122291565,human3_lib3.final_cell_0503-2
5936,0.6452646255493164,human3_lib3.final_cell_0504-2
5937,0.8337955474853516,human3_lib3.final_cell_0505-2
5938,0.6444509029388428,human3_lib3.final_cell_0506-2
5939,0.7656256556510925,human3_lib3.final_cell_0507-2
5940,1.27965247631073,human3_lib3.final_cell_0508-2
5941,0.6084453463554382,human3_lib3.final_cell_0509-2
5942,0.4604993462562561,human3_lib3.final_cell_0510-2
5943,1.8956049680709839,human3_lib3.final_cell_0511-2
5944,0.6054520606994629,human3_lib3.final_cell_0512-2
5945,1.189508318901062,human3_lib3.final_cell_0513-2
5946,0.7340683341026306,human3_lib3.final_cell_0514-2
5947,0.914372980594635,human3_lib3.final_cell_0515-2
5948,1.4258753061294556,human3_lib3.final_cell_0516-2
5949,2.6298489570617676,human3_lib3.final_cell_0517-2
5950,1.5553761720657349,human3_lib3.final_cell_0518-2
5951,1.7869139909744263,human3_lib3.final_cell_0519-2
5952,1.220470905303955,human3_lib3.final_cell_0520-2
5953,2.8197288513183594,human3_lib3.final_cell_0521-2
5954,0.884837806224823,human3_lib3.final_cell_0522-2
5955,1.5854322910308838,human3_lib3.final_cell_0523-2
5956,0.8656703233718872,human3_lib3.final_cell_0524-2
5957,0.49612191319465637,human3_lib3.final_cell_0525-2
5958,0.7157912850379944,human3_lib3.final_cell_0526-2
5959,0.5895456671714783,human3_lib3.final_cell_0527-2
5960,1.2780873775482178,human3_lib3.final_cell_0528-2
5961,1.8098458051681519,human3_lib3.final_cell_0529-2
5962,1.4935426712036133,human3_lib3.final_cell_0530-2
5963,1.7513535022735596,human3_lib3.final_cell_0531-2
5964,0.9915693998336792,human3_lib3.final_cell_0532-2
5965,1.3516125679016113,human3_lib3.final_cell_0533-2
5966,0.8117943406105042,human3_lib3.final_cell_0534-2
5967,0.5822725296020508,human3_lib3.final_cell_0535-2
5968,0.5196283459663391,human3_lib3.final_cell_0536-2
5969,0.5968874096870422,human3_lib3.final_cell_0537-2
5970,1.0549732446670532,human3_lib3.final_cell_0538-2
5971,0.5386129021644592,human3_lib3.final_cell_0539-2
5972,1.000690221786499,human3_lib3.final_cell_0540-2
5973,2.063286066055298,human3_lib3.final_cell_0541-2
5974,0.58891361951828,human3_lib3.final_cell_0542-2
5975,0.4847419559955597,human3_lib3.final_cell_0543-2
5976,0.8559773564338684,human3_lib3.final_cell_0544-2
5977,1.1868740320205688,human3_lib3.final_cell_0545-2
5978,2.363180637359619,human3_lib3.final_cell_0546-2
5979,0.9777881503105164,human3_lib3.final_cell_0547-2
5980,0.4601406455039978,human3_lib3.final_cell_0548-2
5981,0.729684591293335,human3_lib3.final_cell_0549-2
5982,1.5671346187591553,human3_lib3.final_cell_0550-2
5983,1.074727177619934,human3_lib3.final_cell_0551-2
5984,0.5337197184562683,human3_lib3.final_cell_0552-2
5985,0.6447979807853699,human3_lib3.final_cell_0553-2
5986,1.570550799369812,human3_lib3.final_cell_0554-2
5987,0.6154184937477112,human3_lib3.final_cell_0555-2
5988,0.6863442659378052,human3_lib3.final_cell_0556-2
5989,0.4889945387840271,human3_lib3.final_cell_0557-2
5990,1.2918154001235962,human3_lib3.final_cell_0558-2
5991,0.7739812731742859,human3_lib3.final_cell_0559-2
5992,0.6824613213539124,human3_lib3.final_cell_0560-2
5993,0.6514455676078796,human3_lib3.final_cell_0561-2
5994,1.6128180027008057,human3_lib3.final_cell_0562-2
5995,1.3388862609863281,human3_lib3.final_cell_0563-2
5996,1.63811194896698,human3_lib3.final_cell_0564-2
5997,0.4588427245616913,human3_lib3.final_cell_0565-2
5998,0.889757513999939,human3_lib3.final_cell_0566-2
5999,1.0648797750473022,human3_lib3.final_cell_0567-2
6000,0.8411638736724854,human3_lib3.final_cell_0568-2
6001,0.4863276183605194,human3_lib3.final_cell_0569-2
6002,0.7703738808631897,human3_lib3.final_cell_0570-2
6003,0.5373215079307556,human3_lib3.final_cell_0571-2
6004,1.2744064331054688,human3_lib3.final_cell_0572-2
6005,0.7607645392417908,human3_lib3.final_cell_0573-2
6006,0.8553858399391174,human3_lib3.final_cell_0574-2
6007,1.4495619535446167,human3_lib3.final_cell_0575-2
6008,0.9660391211509705,human3_lib3.final_cell_0576-2
6009,0.4770921468734741,human3_lib3.final_cell_0577-2
6010,0.7525263428688049,human3_lib3.final_cell_0578-2
6011,0.6467025876045227,human3_lib3.final_cell_0579-2
6012,0.8392581939697266,human3_lib3.final_cell_0580-2
6013,1.7999757528305054,human3_lib3.final_cell_0581-2
6014,0.49929213523864746,human3_lib3.final_cell_0582-2
6015,0.8509959578514099,human3_lib3.final_cell_0583-2
6016,0.9799784421920776,human3_lib3.final_cell_0584-2
6017,0.5676103234291077,human3_lib3.final_cell_0585-2
6018,0.724164605140686,human3_lib3.final_cell_0586-2
6019,0.9074009656906128,human3_lib3.final_cell_0587-2
6020,1.1980137825012207,human3_lib3.final_cell_0588-2
6021,0.6895343065261841,human3_lib3.final_cell_0589-2
6022,0.5793957710266113,human3_lib3.final_cell_0590-2
6023,0.5933687686920166,human3_lib3.final_cell_0591-2
6024,0.8667193651199341,human3_lib3.final_cell_0592-2
6025,1.3393276929855347,human3_lib3.final_cell_0593-2
6026,0.9158448576927185,human3_lib3.final_cell_0594-2
6027,0.8152573108673096,human3_lib3.final_cell_0595-2
6028,1.9185752868652344,human3_lib3.final_cell_0596-2
6029,2.6394803524017334,human3_lib3.final_cell_0597-2
6030,0.7413519024848938,human3_lib3.final_cell_0598-2
6031,0.46762481331825256,human3_lib3.final_cell_0599-2
6032,1.4975223541259766,human3_lib3.final_cell_0600-2
6033,0.4746723175048828,human3_lib3.final_cell_0601-2
6034,1.4407609701156616,human3_lib3.final_cell_0602-2
6035,0.591362714767456,human3_lib3.final_cell_0603-2
6036,0.9651808738708496,human3_lib3.final_cell_0604-2
6037,0.9841865301132202,human3_lib3.final_cell_0605-2
6038,1.9481048583984375,human3_lib3.final_cell_0606-2
6039,0.6852377653121948,human3_lib3.final_cell_0607-2
6040,1.4319965839385986,human3_lib3.final_cell_0608-2
6041,0.8886376619338989,human3_lib3.final_cell_0609-2
6042,0.654431939125061,human3_lib3.final_cell_0610-2
6043,1.4210599660873413,human3_lib3.final_cell_0611-2
6044,1.2627687454223633,human3_lib3.final_cell_0612-2
6045,0.6301454901695251,human3_lib3.final_cell_0613-2
6046,1.577938199043274,human3_lib3.final_cell_0614-2
6047,0.5145523548126221,human3_lib3.final_cell_0615-2
6048,1.2620571851730347,human3_lib3.final_cell_0616-2
6049,2.1989612579345703,human3_lib3.final_cell_0617-2
6050,0.46967920660972595,human3_lib3.final_cell_0618-2
6051,0.4951518177986145,human3_lib3.final_cell_0619-2
6052,1.432544231414795,human3_lib3.final_cell_0620-2
6053,1.4067862033843994,human3_lib3.final_cell_0621-2
6054,1.3958098888397217,human3_lib3.final_cell_0622-2
6055,0.4533687233924866,human3_lib3.final_cell_0623-2
6056,0.5160093903541565,human3_lib3.final_cell_0624-2
6057,1.0756607055664062,human3_lib3.final_cell_0625-2
6058,1.0658276081085205,human3_lib3.final_cell_0626-2
6059,0.6477760672569275,human3_lib3.final_cell_0627-2
6060,1.4668561220169067,human3_lib3.final_cell_0628-2
6061,0.9542215466499329,human3_lib3.final_cell_0629-2
6062,0.9135953187942505,human3_lib3.final_cell_0630-2
6063,0.47522929310798645,human3_lib3.final_cell_0631-2
6064,0.5759413838386536,human3_lib3.final_cell_0632-2
6065,0.872209906578064,human3_lib3.final_cell_0633-2
6066,0.597743034362793,human3_lib3.final_cell_0634-2
6067,0.9972543716430664,human3_lib3.final_cell_0635-2
6068,0.5153012871742249,human3_lib3.final_cell_0636-2
6069,0.7009087204933167,human3_lib3.final_cell_0637-2
6070,3.165473461151123,human3_lib3.final_cell_0638-2
6071,2.7254645824432373,human3_lib3.final_cell_0639-2
6072,1.1644749641418457,human3_lib3.final_cell_0640-2
6073,0.5140910148620605,human3_lib3.final_cell_0641-2
6074,0.5622371435165405,human3_lib3.final_cell_0642-2
6075,0.511465311050415,human3_lib3.final_cell_0643-2
6076,0.8153929114341736,human3_lib3.final_cell_0644-2
6077,0.8491066098213196,human3_lib3.final_cell_0645-2
6078,0.5332374572753906,human3_lib3.final_cell_0646-2
6079,0.4641999304294586,human3_lib3.final_cell_0647-2
6080,0.6778546571731567,human3_lib3.final_cell_0648-2
6081,1.6098837852478027,human3_lib3.final_cell_0649-2
6082,0.6304823160171509,human3_lib3.final_cell_0650-2
6083,1.7861988544464111,human3_lib3.final_cell_0651-2
6084,0.8203195333480835,human3_lib3.final_cell_0652-2
6085,0.5787841081619263,human3_lib3.final_cell_0653-2
6086,1.1303107738494873,human3_lib3.final_cell_0654-2
6087,0.7642622590065002,human3_lib3.final_cell_0655-2
6088,0.5993810296058655,human3_lib3.final_cell_0656-2
6089,0.5148569345474243,human3_lib3.final_cell_0657-2
6090,0.6014080047607422,human3_lib3.final_cell_0658-2
6091,0.6569763422012329,human3_lib3.final_cell_0659-2
6092,0.7375192046165466,human3_lib3.final_cell_0660-2
6093,1.1061201095581055,human3_lib3.final_cell_0661-2
6094,0.955030620098114,human3_lib3.final_cell_0662-2
6095,0.7416062951087952,human3_lib3.final_cell_0663-2
6096,1.1397753953933716,human3_lib3.final_cell_0664-2
6097,0.6850669384002686,human3_lib3.final_cell_0665-2
6098,0.5339090824127197,human3_lib3.final_cell_0666-2
6099,0.5712801814079285,human3_lib3.final_cell_0667-2
6100,0.592985987663269,human3_lib3.final_cell_0668-2
6101,1.5261015892028809,human3_lib3.final_cell_0669-2
6102,1.0176810026168823,human3_lib3.final_cell_0670-2
6103,0.719334065914154,human3_lib3.final_cell_0671-2
6104,0.9512129426002502,human3_lib3.final_cell_0672-2
6105,0.9223418831825256,human3_lib3.final_cell_0673-2
6106,1.1762304306030273,human3_lib3.final_cell_0674-2
6107,0.8387103080749512,human3_lib3.final_cell_0675-2
6108,0.6836246252059937,human3_lib3.final_cell_0676-2
6109,0.9299106001853943,human3_lib3.final_cell_0677-2
6110,2.068892478942871,human3_lib3.final_cell_0678-2
6111,0.8225588202476501,human3_lib3.final_cell_0679-2
6112,0.5678285360336304,human3_lib3.final_cell_0680-2
6113,1.2518032789230347,human3_lib3.final_cell_0681-2
6114,1.5055519342422485,human3_lib3.final_cell_0682-2
6115,0.7033640146255493,human3_lib3.final_cell_0683-2
6116,0.5896421670913696,human3_lib3.final_cell_0684-2
6117,0.6236552596092224,human3_lib3.final_cell_0685-2
6118,0.5938359498977661,human3_lib3.final_cell_0686-2
6119,1.5826632976531982,human3_lib3.final_cell_0687-2
6120,0.5230570435523987,human3_lib3.final_cell_0688-2
6121,0.8190973401069641,human3_lib3.final_cell_0689-2
6122,0.6871849894523621,human3_lib3.final_cell_0690-2
6123,0.9489960670471191,human3_lib3.final_cell_0691-2
6124,0.591225266456604,human3_lib3.final_cell_0692-2
6125,0.9661200642585754,human3_lib3.final_cell_0693-2
6126,0.9398133158683777,human3_lib3.final_cell_0694-2
6127,1.6056572198867798,human3_lib3.final_cell_0695-2
6128,0.7532997131347656,human3_lib3.final_cell_0696-2
6129,0.8312696814537048,human3_lib3.final_cell_0697-2
6130,0.8818029761314392,human3_lib3.final_cell_0698-2
6131,0.8356441259384155,human3_lib3.final_cell_0699-2
6132,0.9424283504486084,human3_lib3.final_cell_0700-2
6133,0.46446120738983154,human3_lib3.final_cell_0701-2
6134,1.4414341449737549,human3_lib3.final_cell_0702-2
6135,0.5640738010406494,human3_lib3.final_cell_0703-2
6136,0.9806534647941589,human3_lib3.final_cell_0704-2
6137,0.9022208452224731,human3_lib3.final_cell_0705-2
6138,0.6046258807182312,human3_lib3.final_cell_0706-2
6139,0.5627190470695496,human3_lib3.final_cell_0707-2
6140,0.6631951928138733,human3_lib3.final_cell_0708-2
6141,0.6610488295555115,human3_lib3.final_cell_0709-2
6142,1.3586757183074951,human3_lib3.final_cell_0710-2
6143,1.0388927459716797,human3_lib3.final_cell_0711-2
6144,0.555338978767395,human3_lib3.final_cell_0712-2
6145,0.503331184387207,human3_lib3.final_cell_0713-2
6146,0.4979715347290039,human3_lib3.final_cell_0714-2
6147,0.47810304164886475,human3_lib3.final_cell_0715-2
6148,0.9633147716522217,human3_lib3.final_cell_0716-2
6149,0.7865506410598755,human3_lib3.final_cell_0717-2
6150,1.6269021034240723,human3_lib3.final_cell_0718-2
6151,0.8486719131469727,human3_lib3.final_cell_0719-2
6152,0.5069547891616821,human3_lib3.final_cell_0720-2
6153,1.1064722537994385,human3_lib3.final_cell_0721-2
6154,1.175709843635559,human3_lib3.final_cell_0722-2
6155,1.109817385673523,human3_lib3.final_cell_0723-2
6156,1.178025245666504,human3_lib3.final_cell_0724-2
6157,0.8369425535202026,human3_lib3.final_cell_0725-2
6158,0.5433745980262756,human3_lib3.final_cell_0726-2
6159,0.7082732319831848,human3_lib3.final_cell_0727-2
6160,0.5520257353782654,human3_lib3.final_cell_0728-2
6161,0.9778037667274475,human3_lib3.final_cell_0729-2
6162,1.2275629043579102,human3_lib3.final_cell_0730-2
6163,1.1748303174972534,human3_lib3.final_cell_0731-2
6164,1.3385604619979858,human3_lib3.final_cell_0732-2
6165,0.47075730562210083,human3_lib3.final_cell_0733-2
6166,1.4169745445251465,human3_lib3.final_cell_0734-2
6167,0.5578678250312805,human3_lib3.final_cell_0735-2
6168,0.9796839356422424,human3_lib3.final_cell_0736-2
6169,0.7841120362281799,human3_lib3.final_cell_0737-2
6170,0.5826539397239685,human3_lib3.final_cell_0738-2
6171,0.5187627077102661,human3_lib3.final_cell_0739-2
6172,0.7677575349807739,human3_lib3.final_cell_0740-2
6173,1.1659393310546875,human3_lib3.final_cell_0741-2
6174,0.48807457089424133,human3_lib3.final_cell_0742-2
6175,2.4173359870910645,human3_lib3.final_cell_0743-2
6176,1.1889060735702515,human3_lib3.final_cell_0744-2
6177,1.3686398267745972,human3_lib3.final_cell_0745-2
6178,0.6077941060066223,human3_lib3.final_cell_0746-2
6179,0.8908238410949707,human3_lib3.final_cell_0747-2
6180,1.204099416732788,human3_lib3.final_cell_0748-2
6181,1.0202885866165161,human3_lib3.final_cell_0749-2
6182,0.6105098128318787,human3_lib3.final_cell_0750-2
6183,0.5790322422981262,human3_lib3.final_cell_0751-2
6184,0.7033820152282715,human3_lib3.final_cell_0752-2
6185,2.816915512084961,human3_lib3.final_cell_0753-2
6186,1.0780928134918213,human3_lib3.final_cell_0754-2
6187,0.6702935099601746,human3_lib3.final_cell_0755-2
6188,1.7799885272979736,human3_lib3.final_cell_0756-2
6189,0.7991130948066711,human3_lib3.final_cell_0757-2
6190,0.7451138496398926,human3_lib3.final_cell_0758-2
6191,2.077181339263916,human3_lib3.final_cell_0759-2
6192,1.6313003301620483,human3_lib3.final_cell_0760-2
6193,0.5729522109031677,human3_lib3.final_cell_0761-2
6194,1.9205989837646484,human3_lib3.final_cell_0762-2
6195,0.8645902872085571,human3_lib3.final_cell_0763-2
6196,0.8882479667663574,human3_lib3.final_cell_0764-2
6197,0.7501922249794006,human3_lib3.final_cell_0765-2
6198,1.248557686805725,human3_lib3.final_cell_0766-2
6199,0.9918283820152283,human3_lib3.final_cell_0767-2
6200,0.4546702206134796,human3_lib3.final_cell_0768-2
6201,0.4538584351539612,human3_lib3.final_cell_0769-2
6202,0.7666873335838318,human3_lib3.final_cell_0770-2
6203,0.7847933769226074,human3_lib3.final_cell_0771-2
6204,0.9469664096832275,human3_lib3.final_cell_0772-2
6205,0.45483410358428955,human3_lib3.final_cell_0773-2
6206,1.9359921216964722,human3_lib3.final_cell_0774-2
6207,0.7814578413963318,human3_lib3.final_cell_0775-2
6208,0.7610887289047241,human3_lib3.final_cell_0776-2
6209,2.1034910678863525,human3_lib3.final_cell_0777-2
6210,0.6835957169532776,human3_lib3.final_cell_0778-2
6211,0.8792297840118408,human3_lib3.final_cell_0779-2
6212,0.7984477281570435,human3_lib3.final_cell_0780-2
6213,1.2977534532546997,human3_lib3.final_cell_0781-2
6214,0.5061389803886414,human3_lib3.final_cell_0782-2
6215,1.1941871643066406,human3_lib3.final_cell_0783-2
6216,0.5516537427902222,human3_lib3.final_cell_0784-2
6217,1.1183161735534668,human3_lib3.final_cell_0785-2
6218,0.6064128279685974,human3_lib3.final_cell_0786-2
6219,1.5893622636795044,human3_lib3.final_cell_0787-2
6220,1.3857948780059814,human3_lib3.final_cell_0788-2
6221,1.2108687162399292,human3_lib3.final_cell_0789-2
6222,1.121490240097046,human3_lib3.final_cell_0790-2
6223,0.6536285877227783,human3_lib3.final_cell_0791-2
6224,1.541148066520691,human3_lib3.final_cell_0792-2
6225,0.8635352849960327,human3_lib3.final_cell_0793-2
6226,0.6063727140426636,human3_lib3.final_cell_0794-2
6227,0.7494032382965088,human3_lib3.final_cell_0795-2
6228,0.647275984287262,human3_lib3.final_cell_0796-2
6229,0.454588919878006,human3_lib3.final_cell_0797-2
6230,0.6431270241737366,human3_lib3.final_cell_0798-2
6231,1.2547674179077148,human3_lib3.final_cell_0799-2
6232,0.7947308421134949,human3_lib3.final_cell_0800-2
6233,1.0547062158584595,human3_lib3.final_cell_0801-2
6234,3.4639711380004883,human3_lib3.final_cell_0802-2
6235,0.59084552526474,human3_lib3.final_cell_0803-2
6236,0.7824687957763672,human3_lib3.final_cell_0804-2
6237,0.7017170786857605,human3_lib3.final_cell_0805-2
6238,1.4005604982376099,human3_lib3.final_cell_0806-2
6239,1.3774644136428833,human3_lib3.final_cell_0807-2
6240,0.6496921181678772,human3_lib3.final_cell_0808-2
6241,0.8790351748466492,human3_lib3.final_cell_0809-2
6242,0.9887650012969971,human3_lib3.final_cell_0810-2
6243,0.5605987906455994,human3_lib3.final_cell_0811-2
6244,0.45798632502555847,human3_lib3.final_cell_0812-2
6245,0.8041984438896179,human3_lib3.final_cell_0813-2
6246,1.1928179264068604,human3_lib3.final_cell_0814-2
6247,0.6754672527313232,human3_lib3.final_cell_0815-2
6248,1.6809563636779785,human3_lib3.final_cell_0816-2
6249,1.9478044509887695,human3_lib3.final_cell_0817-2
6250,0.5536400079727173,human3_lib3.final_cell_0818-2
6251,4.344919204711914,human3_lib3.final_cell_0819-2
6252,2.504734754562378,human3_lib3.final_cell_0820-2
6253,1.2218890190124512,human3_lib3.final_cell_0821-2
6254,2.205040693283081,human3_lib3.final_cell_0822-2
6255,1.4442951679229736,human3_lib3.final_cell_0823-2
6256,0.6056045889854431,human3_lib3.final_cell_0824-2
6257,0.7583922743797302,human3_lib3.final_cell_0825-2
6258,0.7718773484230042,human3_lib3.final_cell_0826-2
6259,1.153262734413147,human3_lib3.final_cell_0827-2
6260,0.5023136138916016,human3_lib3.final_cell_0828-2
6261,1.0252598524093628,human3_lib3.final_cell_0829-2
6262,1.369252324104309,human3_lib3.final_cell_0830-2
6263,0.7032390832901001,human3_lib3.final_cell_0831-2
6264,1.4483927488327026,human3_lib3.final_cell_0832-2
6265,1.1856560707092285,human3_lib3.final_cell_0833-2
6266,0.7509830594062805,human3_lib3.final_cell_0834-2
6267,1.7570459842681885,human3_lib3.final_cell_0835-2
6268,0.6236639022827148,human3_lib3.final_cell_0836-2
6269,0.7121168971061707,human3_lib3.final_cell_0837-2
6270,1.2339975833892822,human3_lib3.final_cell_0838-2
6271,1.355542778968811,human3_lib3.final_cell_0839-2
6272,0.5130853056907654,human3_lib3.final_cell_0840-2
6273,1.4256106615066528,human3_lib3.final_cell_0841-2
6274,1.0021339654922485,human3_lib3.final_cell_0842-2
6275,0.8492845296859741,human3_lib3.final_cell_0843-2
6276,0.7604029774665833,human3_lib3.final_cell_0844-2
6277,1.006012201309204,human3_lib3.final_cell_0845-2
6278,0.5686559081077576,human3_lib3.final_cell_0846-2
6279,0.7776972055435181,human3_lib3.final_cell_0847-2
6280,0.5379816889762878,human3_lib3.final_cell_0848-2
6281,0.7091040015220642,human3_lib3.final_cell_0849-2
6282,0.8634706735610962,human3_lib3.final_cell_0850-2
6283,0.577573835849762,human3_lib3.final_cell_0851-2
6284,0.7168620228767395,human3_lib3.final_cell_0852-2
6285,0.6074988842010498,human3_lib3.final_cell_0853-2
6286,1.058159351348877,human3_lib3.final_cell_0854-2
6287,2.5011823177337646,human3_lib3.final_cell_0855-2
6288,1.9918923377990723,human3_lib3.final_cell_0856-2
6289,1.3436832427978516,human3_lib3.final_cell_0857-2
6290,1.1035507917404175,human3_lib3.final_cell_0858-2
6291,1.0226470232009888,human3_lib3.final_cell_0859-2
6292,1.7516636848449707,human3_lib3.final_cell_0860-2
6293,0.6842446327209473,human3_lib3.final_cell_0861-2
6294,1.4487658739089966,human3_lib3.final_cell_0862-2
6295,1.6748989820480347,human3_lib3.final_cell_0863-2
6296,0.9201862812042236,human3_lib3.final_cell_0864-2
6297,0.976102352142334,human3_lib3.final_cell_0865-2
6298,2.980889320373535,human3_lib3.final_cell_0866-2
6299,1.7399872541427612,human3_lib3.final_cell_0867-2
6300,0.6242324709892273,human3_lib3.final_cell_0868-2
6301,0.8844249844551086,human3_lib3.final_cell_0869-2
6302,0.6711323261260986,human3_lib3.final_cell_0870-2
6303,0.7525838017463684,human3_lib3.final_cell_0871-2
6304,0.8012725114822388,human3_lib3.final_cell_0872-2
6305,1.0789403915405273,human3_lib3.final_cell_0873-2
6306,1.0290260314941406,human3_lib3.final_cell_0874-2
6307,0.9477505683898926,human3_lib3.final_cell_0875-2
6308,0.8986867070198059,human3_lib3.final_cell_0876-2
6309,1.5979739427566528,human3_lib3.final_cell_0877-2
6310,0.9504761099815369,human3_lib3.final_cell_0878-2
6311,0.7715392708778381,human3_lib3.final_cell_0879-2
6312,1.3576948642730713,human3_lib3.final_cell_0880-2
6313,0.7608531713485718,human3_lib3.final_cell_0881-2
6314,1.2302953004837036,human3_lib3.final_cell_0882-2
6315,3.2010645866394043,human3_lib3.final_cell_0883-2
6316,1.3437070846557617,human3_lib3.final_cell_0884-2
6317,3.607865810394287,human3_lib3.final_cell_0885-2
6318,1.5428541898727417,human3_lib3.final_cell_0886-2
6319,0.9776963591575623,human3_lib3.final_cell_0887-2
6320,1.3951265811920166,human3_lib3.final_cell_0888-2
6321,1.3448584079742432,human3_lib3.final_cell_0889-2
6322,1.8661764860153198,human3_lib3.final_cell_0890-2
6323,1.7693865299224854,human3_lib3.final_cell_0891-2
6324,1.222811222076416,human3_lib3.final_cell_0892-2
6325,0.788008451461792,human3_lib3.final_cell_0893-2
6326,1.496506690979004,human3_lib3.final_cell_0894-2
6327,2.252516031265259,human3_lib3.final_cell_0895-2
6328,3.2457969188690186,human3_lib3.final_cell_0896-2
6329,0.7995108962059021,human3_lib3.final_cell_0897-2
6330,1.3166708946228027,human3_lib3.final_cell_0898-2
6331,0.8751718401908875,human3_lib3.final_cell_0899-2
6332,0.5808538794517517,human3_lib3.final_cell_0900-2
6333,1.4735119342803955,human3_lib3.final_cell_0901-2
6334,0.879266619682312,human3_lib3.final_cell_0902-2
6335,0.6189419627189636,human3_lib3.final_cell_0903-2
6336,1.2602922916412354,human3_lib3.final_cell_0904-2
6337,0.729007363319397,human3_lib3.final_cell_0905-2
6338,1.064628005027771,human3_lib3.final_cell_0906-2
6339,0.8899048566818237,human3_lib3.final_cell_0907-2
6340,2.8657259941101074,human3_lib3.final_cell_0908-2
6341,0.6352758407592773,human3_lib3.final_cell_0909-2
6342,0.6824140548706055,human3_lib3.final_cell_0910-2
6343,0.7475418448448181,human3_lib3.final_cell_0911-2
6344,0.9519553780555725,human3_lib3.final_cell_0912-2
6345,2.3998146057128906,human3_lib3.final_cell_0913-2
6346,0.7346348762512207,human3_lib3.final_cell_0914-2
6347,1.7041454315185547,human3_lib3.final_cell_0915-2
6348,0.8048661947250366,human3_lib3.final_cell_0916-2
6349,1.3121049404144287,human3_lib3.final_cell_0917-2
6350,0.8961324691772461,human3_lib3.final_cell_0918-2
6351,1.507031798362732,human3_lib3.final_cell_0919-2
6352,1.5650516748428345,human3_lib3.final_cell_0920-2
6353,1.0533666610717773,human3_lib3.final_cell_0921-2
6354,1.3584082126617432,human3_lib3.final_cell_0922-2
6355,1.6115686893463135,human3_lib3.final_cell_0923-2
6356,0.7685117721557617,human3_lib3.final_cell_0924-2
6357,1.260862112045288,human3_lib3.final_cell_0925-2
6358,0.8094873428344727,human3_lib3.final_cell_0926-2
6359,0.8112986087799072,human3_lib3.final_cell_0927-2
6360,0.9869179129600525,human3_lib3.final_cell_0928-2
6361,1.042478084564209,human3_lib3.final_cell_0929-2
6362,0.7685273885726929,human3_lib3.final_cell_0930-2
6363,1.2698299884796143,human3_lib3.final_cell_0931-2
6364,1.2627990245819092,human3_lib3.final_cell_0932-2
6365,1.4658007621765137,human3_lib3.final_cell_0933-2
6366,0.7669394016265869,human3_lib3.final_cell_0934-2
6367,1.1348017454147339,human3_lib4.final_cell_0001-2
6368,0.5498856902122498,human3_lib4.final_cell_0002-2
6369,0.636132538318634,human3_lib4.final_cell_0003-2
6370,0.5897853970527649,human3_lib4.final_cell_0004-2
6371,1.2946001291275024,human3_lib4.final_cell_0005-2
6372,0.8132099509239197,human3_lib4.final_cell_0006-2
6373,0.8112479448318481,human3_lib4.final_cell_0007-2
6374,0.5568000078201294,human3_lib4.final_cell_0008-2
6375,0.540259063243866,human3_lib4.final_cell_0009-2
6376,0.8046498894691467,human3_lib4.final_cell_0010-2
6377,0.7044680714607239,human3_lib4.final_cell_0011-2
6378,0.6700190305709839,human3_lib4.final_cell_0012-2
6379,0.5361920595169067,human3_lib4.final_cell_0013-2
6380,0.6171897053718567,human3_lib4.final_cell_0014-2
6381,0.5255930423736572,human3_lib4.final_cell_0015-2
6382,0.5259698629379272,human3_lib4.final_cell_0016-2
6383,0.5995389819145203,human3_lib4.final_cell_0017-2
6384,0.793318510055542,human3_lib4.final_cell_0018-2
6385,0.8091893792152405,human3_lib4.final_cell_0019-2
6386,0.7206224203109741,human3_lib4.final_cell_0020-2
6387,0.7105942368507385,human3_lib4.final_cell_0021-2
6388,1.2345808744430542,human3_lib4.final_cell_0022-2
6389,0.7917410731315613,human3_lib4.final_cell_0023-2
6390,0.5751118659973145,human3_lib4.final_cell_0024-2
6391,0.5866492390632629,human3_lib4.final_cell_0025-2
6392,0.6383202075958252,human3_lib4.final_cell_0026-2
6393,0.818259596824646,human3_lib4.final_cell_0027-2
6394,0.5973474979400635,human3_lib4.final_cell_0028-2
6395,0.6793042421340942,human3_lib4.final_cell_0029-2
6396,0.7239881753921509,human3_lib4.final_cell_0030-2
6397,0.640286922454834,human3_lib4.final_cell_0031-2
6398,1.1352057456970215,human3_lib4.final_cell_0032-2
6399,0.603174090385437,human3_lib4.final_cell_0033-2
6400,0.5091181397438049,human3_lib4.final_cell_0034-2
6401,0.5382969975471497,human3_lib4.final_cell_0035-2
6402,0.5845605731010437,human3_lib4.final_cell_0036-2
6403,1.0012201070785522,human3_lib4.final_cell_0037-2
6404,0.5361257791519165,human3_lib4.final_cell_0038-2
6405,0.563389241695404,human3_lib4.final_cell_0039-2
6406,1.4216978549957275,human3_lib4.final_cell_0040-2
6407,0.6416493654251099,human3_lib4.final_cell_0041-2
6408,0.6446595191955566,human3_lib4.final_cell_0042-2
6409,0.7317512631416321,human3_lib4.final_cell_0043-2
6410,0.8100844621658325,human3_lib4.final_cell_0044-2
6411,0.5222904682159424,human3_lib4.final_cell_0045-2
6412,0.5087780356407166,human3_lib4.final_cell_0046-2
6413,0.6484012603759766,human3_lib4.final_cell_0047-2
6414,0.7157043218612671,human3_lib4.final_cell_0048-2
6415,0.5355720520019531,human3_lib4.final_cell_0049-2
6416,0.895549476146698,human3_lib4.final_cell_0050-2
6417,0.6006112098693848,human3_lib4.final_cell_0051-2
6418,0.9339826703071594,human3_lib4.final_cell_0052-2
6419,0.739344596862793,human3_lib4.final_cell_0053-2
6420,0.540642499923706,human3_lib4.final_cell_0054-2
6421,0.764374852180481,human3_lib4.final_cell_0055-2
6422,0.7613891959190369,human3_lib4.final_cell_0056-2
6423,0.854476809501648,human3_lib4.final_cell_0057-2
6424,0.7481310367584229,human3_lib4.final_cell_0058-2
6425,0.5319666862487793,human3_lib4.final_cell_0059-2
6426,0.6152289509773254,human3_lib4.final_cell_0060-2
6427,0.6586333513259888,human3_lib4.final_cell_0061-2
6428,0.57761549949646,human3_lib4.final_cell_0062-2
6429,0.5413239002227783,human3_lib4.final_cell_0063-2
6430,1.2143367528915405,human3_lib4.final_cell_0064-2
6431,1.0858255624771118,human3_lib4.final_cell_0065-2
6432,0.9072213768959045,human3_lib4.final_cell_0066-2
6433,0.7030487060546875,human3_lib4.final_cell_0067-2
6434,0.5400100350379944,human3_lib4.final_cell_0068-2
6435,1.2737140655517578,human3_lib4.final_cell_0069-2
6436,1.199416995048523,human3_lib4.final_cell_0070-2
6437,0.5944711565971375,human3_lib4.final_cell_0071-2
6438,0.5907242298126221,human3_lib4.final_cell_0072-2
6439,0.5556710362434387,human3_lib4.final_cell_0073-2
6440,0.6394630670547485,human3_lib4.final_cell_0074-2
6441,1.0102386474609375,human3_lib4.final_cell_0075-2
6442,0.653690755367279,human3_lib4.final_cell_0076-2
6443,0.5009739995002747,human3_lib4.final_cell_0077-2
6444,0.691951334476471,human3_lib4.final_cell_0078-2
6445,1.2443665266036987,human3_lib4.final_cell_0079-2
6446,0.5553039908409119,human3_lib4.final_cell_0080-2
6447,0.5541967749595642,human3_lib4.final_cell_0081-2
6448,1.4584053754806519,human3_lib4.final_cell_0082-2
6449,0.6372525691986084,human3_lib4.final_cell_0083-2
6450,0.8446163535118103,human3_lib4.final_cell_0084-2
6451,1.1381434202194214,human3_lib4.final_cell_0085-2
6452,0.6103745698928833,human3_lib4.final_cell_0086-2
6453,0.523628294467926,human3_lib4.final_cell_0087-2
6454,0.5237613916397095,human3_lib4.final_cell_0088-2
6455,0.5500904321670532,human3_lib4.final_cell_0089-2
6456,0.7156080603599548,human3_lib4.final_cell_0090-2
6457,0.7678807377815247,human3_lib4.final_cell_0091-2
6458,1.0166605710983276,human3_lib4.final_cell_0092-2
6459,0.5350934267044067,human3_lib4.final_cell_0093-2
6460,0.657027006149292,human3_lib4.final_cell_0094-2
6461,0.7130721211433411,human3_lib4.final_cell_0095-2
6462,0.6140269637107849,human3_lib4.final_cell_0096-2
6463,0.5931815505027771,human3_lib4.final_cell_0097-2
6464,0.7372838258743286,human3_lib4.final_cell_0098-2
6465,1.2438019514083862,human3_lib4.final_cell_0099-2
6466,1.2411428689956665,human3_lib4.final_cell_0100-2
6467,0.9790809750556946,human3_lib4.final_cell_0101-2
6468,0.8732184171676636,human3_lib4.final_cell_0102-2
6469,0.5786004066467285,human3_lib4.final_cell_0103-2
6470,0.67487633228302,human3_lib4.final_cell_0104-2
6471,0.7048221230506897,human3_lib4.final_cell_0105-2
6472,0.5525270104408264,human3_lib4.final_cell_0106-2
6473,0.4691160023212433,human3_lib4.final_cell_0107-2
6474,0.5550976991653442,human3_lib4.final_cell_0108-2
6475,0.5467130541801453,human3_lib4.final_cell_0109-2
6476,0.6229038238525391,human3_lib4.final_cell_0110-2
6477,1.1071361303329468,human3_lib4.final_cell_0111-2
6478,0.7052194476127625,human3_lib4.final_cell_0112-2
6479,0.5810208320617676,human3_lib4.final_cell_0113-2
6480,0.6054702401161194,human3_lib4.final_cell_0114-2
6481,0.5923261046409607,human3_lib4.final_cell_0115-2
6482,0.6237400770187378,human3_lib4.final_cell_0116-2
6483,0.9321097731590271,human3_lib4.final_cell_0117-2
6484,0.6840802431106567,human3_lib4.final_cell_0118-2
6485,1.5182554721832275,human3_lib4.final_cell_0119-2
6486,0.6551341414451599,human3_lib4.final_cell_0120-2
6487,1.1788668632507324,human3_lib4.final_cell_0121-2
6488,0.9863118529319763,human3_lib4.final_cell_0122-2
6489,0.5475651621818542,human3_lib4.final_cell_0123-2
6490,0.7655008435249329,human3_lib4.final_cell_0124-2
6491,0.5570349097251892,human3_lib4.final_cell_0125-2
6492,0.6476839184761047,human3_lib4.final_cell_0126-2
6493,0.5883588194847107,human3_lib4.final_cell_0127-2
6494,0.6570309996604919,human3_lib4.final_cell_0128-2
6495,0.7045445442199707,human3_lib4.final_cell_0129-2
6496,0.9187091588973999,human3_lib4.final_cell_0130-2
6497,0.6324869394302368,human3_lib4.final_cell_0131-2
6498,0.6499039530754089,human3_lib4.final_cell_0132-2
6499,0.5212889313697815,human3_lib4.final_cell_0133-2
6500,1.7437608242034912,human3_lib4.final_cell_0134-2
6501,0.5207798480987549,human3_lib4.final_cell_0135-2
6502,0.659110426902771,human3_lib4.final_cell_0136-2
6503,0.7098532319068909,human3_lib4.final_cell_0137-2
6504,0.6344724893569946,human3_lib4.final_cell_0138-2
6505,0.9513484239578247,human3_lib4.final_cell_0139-2
6506,0.6981316208839417,human3_lib4.final_cell_0140-2
6507,0.7146347165107727,human3_lib4.final_cell_0141-2
6508,0.5264041423797607,human3_lib4.final_cell_0142-2
6509,0.7729687094688416,human3_lib4.final_cell_0143-2
6510,0.945955753326416,human3_lib4.final_cell_0144-2
6511,1.2976526021957397,human3_lib4.final_cell_0145-2
6512,0.5362759828567505,human3_lib4.final_cell_0146-2
6513,0.5825958251953125,human3_lib4.final_cell_0147-2
6514,0.5956436395645142,human3_lib4.final_cell_0148-2
6515,0.7355596423149109,human3_lib4.final_cell_0149-2
6516,1.5707440376281738,human3_lib4.final_cell_0150-2
6517,0.7040736675262451,human3_lib4.final_cell_0151-2
6518,1.3297934532165527,human3_lib4.final_cell_0152-2
6519,0.46014484763145447,human3_lib4.final_cell_0153-2
6520,0.47899195551872253,human3_lib4.final_cell_0154-2
6521,0.5360881686210632,human3_lib4.final_cell_0155-2
6522,0.6093588471412659,human3_lib4.final_cell_0156-2
6523,0.5531294345855713,human3_lib4.final_cell_0157-2
6524,0.7375473976135254,human3_lib4.final_cell_0158-2
6525,0.6035571694374084,human3_lib4.final_cell_0159-2
6526,0.7118432521820068,human3_lib4.final_cell_0160-2
6527,0.7353378534317017,human3_lib4.final_cell_0161-2
6528,0.8522734045982361,human3_lib4.final_cell_0162-2
6529,0.7702029347419739,human3_lib4.final_cell_0163-2
6530,0.7862515449523926,human3_lib4.final_cell_0164-2
6531,0.6643804907798767,human3_lib4.final_cell_0165-2
6532,0.5341899991035461,human3_lib4.final_cell_0166-2
6533,0.8185387253761292,human3_lib4.final_cell_0167-2
6534,0.5857036113739014,human3_lib4.final_cell_0168-2
6535,0.7259988784790039,human3_lib4.final_cell_0169-2
6536,0.5374332666397095,human3_lib4.final_cell_0170-2
6537,0.5415072441101074,human3_lib4.final_cell_0171-2
6538,0.5076953172683716,human3_lib4.final_cell_0172-2
6539,1.2929106950759888,human3_lib4.final_cell_0173-2
6540,0.9078233242034912,human3_lib4.final_cell_0174-2
6541,0.5519591569900513,human3_lib4.final_cell_0175-2
6542,0.5511460900306702,human3_lib4.final_cell_0176-2
6543,1.4912433624267578,human3_lib4.final_cell_0177-2
6544,1.007372260093689,human3_lib4.final_cell_0178-2
6545,0.536827027797699,human3_lib4.final_cell_0179-2
6546,0.8668293356895447,human3_lib4.final_cell_0180-2
6547,1.0333904027938843,human3_lib4.final_cell_0181-2
6548,0.6397737264633179,human3_lib4.final_cell_0182-2
6549,0.9208329319953918,human3_lib4.final_cell_0183-2
6550,1.6022881269454956,human3_lib4.final_cell_0184-2
6551,0.5444355010986328,human3_lib4.final_cell_0185-2
6552,0.5830283164978027,human3_lib4.final_cell_0186-2
6553,0.7873429656028748,human3_lib4.final_cell_0187-2
6554,1.1476268768310547,human3_lib4.final_cell_0188-2
6555,0.7052777409553528,human3_lib4.final_cell_0189-2
6556,0.5434443950653076,human3_lib4.final_cell_0190-2
6557,1.6090372800827026,human3_lib4.final_cell_0191-2
6558,1.3790788650512695,human3_lib4.final_cell_0192-2
6559,1.2109531164169312,human3_lib4.final_cell_0193-2
6560,0.9081292152404785,human3_lib4.final_cell_0194-2
6561,0.8118495941162109,human3_lib4.final_cell_0195-2
6562,0.6021488308906555,human3_lib4.final_cell_0196-2
6563,0.6305689811706543,human3_lib4.final_cell_0197-2
6564,0.643841564655304,human3_lib4.final_cell_0198-2
6565,0.9801574945449829,human3_lib4.final_cell_0199-2
6566,1.3590422868728638,human3_lib4.final_cell_0200-2
6567,0.7138506770133972,human3_lib4.final_cell_0201-2
6568,0.7450819611549377,human3_lib4.final_cell_0202-2
6569,0.7953354716300964,human3_lib4.final_cell_0203-2
6570,1.1338279247283936,human3_lib4.final_cell_0204-2
6571,0.7325087189674377,human3_lib4.final_cell_0205-2
6572,0.6441383361816406,human3_lib4.final_cell_0206-2
6573,0.5033066272735596,human3_lib4.final_cell_0207-2
6574,0.6550406217575073,human3_lib4.final_cell_0208-2
6575,0.53507399559021,human3_lib4.final_cell_0209-2
6576,0.9936553835868835,human3_lib4.final_cell_0210-2
6577,0.7252514958381653,human3_lib4.final_cell_0211-2
6578,0.8062940239906311,human3_lib4.final_cell_0212-2
6579,0.5228942632675171,human3_lib4.final_cell_0213-2
6580,0.87965327501297,human3_lib4.final_cell_0214-2
6581,0.7087751626968384,human3_lib4.final_cell_0215-2
6582,0.47167620062828064,human3_lib4.final_cell_0216-2
6583,0.8245843052864075,human3_lib4.final_cell_0217-2
6584,0.6842337250709534,human3_lib4.final_cell_0218-2
6585,0.7412410378456116,human3_lib4.final_cell_0219-2
6586,1.5574313402175903,human3_lib4.final_cell_0220-2
6587,0.5530287027359009,human3_lib4.final_cell_0221-2
6588,1.2312198877334595,human3_lib4.final_cell_0222-2
6589,0.8549361228942871,human3_lib4.final_cell_0223-2
6590,1.091335654258728,human3_lib4.final_cell_0224-2
6591,0.5960893630981445,human3_lib4.final_cell_0225-2
6592,0.794343113899231,human3_lib4.final_cell_0226-2
6593,0.5933648347854614,human3_lib4.final_cell_0227-2
6594,0.5306527018547058,human3_lib4.final_cell_0228-2
6595,0.9766743779182434,human3_lib4.final_cell_0229-2
6596,0.6460665464401245,human3_lib4.final_cell_0230-2
6597,0.5033782720565796,human3_lib4.final_cell_0231-2
6598,1.0622749328613281,human3_lib4.final_cell_0232-2
6599,0.7904417514801025,human3_lib4.final_cell_0233-2
6600,0.5807541012763977,human3_lib4.final_cell_0234-2
6601,0.864205539226532,human3_lib4.final_cell_0235-2
6602,0.6899622082710266,human3_lib4.final_cell_0236-2
6603,2.184075117111206,human3_lib4.final_cell_0237-2
6604,0.5359033346176147,human3_lib4.final_cell_0238-2
6605,2.9788808822631836,human3_lib4.final_cell_0239-2
6606,0.8355485796928406,human3_lib4.final_cell_0240-2
6607,0.6838091015815735,human3_lib4.final_cell_0241-2
6608,0.6119558811187744,human3_lib4.final_cell_0242-2
6609,0.5864812135696411,human3_lib4.final_cell_0243-2
6610,0.9169025421142578,human3_lib4.final_cell_0244-2
6611,1.0384048223495483,human3_lib4.final_cell_0245-2
6612,0.5174995064735413,human3_lib4.final_cell_0246-2
6613,0.4900703430175781,human3_lib4.final_cell_0247-2
6614,1.1460909843444824,human3_lib4.final_cell_0248-2
6615,1.0342473983764648,human3_lib4.final_cell_0249-2
6616,0.5672772526741028,human3_lib4.final_cell_0250-2
6617,0.8201093673706055,human3_lib4.final_cell_0251-2
6618,0.573485255241394,human3_lib4.final_cell_0252-2
6619,0.6113568544387817,human3_lib4.final_cell_0253-2
6620,0.7019391655921936,human3_lib4.final_cell_0254-2
6621,1.410390019416809,human3_lib4.final_cell_0255-2
6622,0.46594685316085815,human3_lib4.final_cell_0256-2
6623,0.7519444227218628,human3_lib4.final_cell_0257-2
6624,0.4921415150165558,human3_lib4.final_cell_0258-2
6625,0.457073450088501,human3_lib4.final_cell_0259-2
6626,1.8828434944152832,human3_lib4.final_cell_0260-2
6627,1.4987808465957642,human3_lib4.final_cell_0261-2
6628,1.0876137018203735,human3_lib4.final_cell_0262-2
6629,0.7386537194252014,human3_lib4.final_cell_0263-2
6630,0.6635528802871704,human3_lib4.final_cell_0264-2
6631,0.7239536643028259,human3_lib4.final_cell_0265-2
6632,1.0239088535308838,human3_lib4.final_cell_0266-2
6633,0.9665893912315369,human3_lib4.final_cell_0267-2
6634,0.6162935495376587,human3_lib4.final_cell_0268-2
6635,0.5251919627189636,human3_lib4.final_cell_0269-2
6636,0.5964571237564087,human3_lib4.final_cell_0270-2
6637,0.9684635996818542,human3_lib4.final_cell_0271-2
6638,0.7854452133178711,human3_lib4.final_cell_0272-2
6639,0.7850273251533508,human3_lib4.final_cell_0273-2
6640,0.9979123473167419,human3_lib4.final_cell_0274-2
6641,0.7716553211212158,human3_lib4.final_cell_0275-2
6642,0.5107854604721069,human3_lib4.final_cell_0276-2
6643,0.5551689267158508,human3_lib4.final_cell_0277-2
6644,1.0707626342773438,human3_lib4.final_cell_0278-2
6645,0.5776587724685669,human3_lib4.final_cell_0279-2
6646,0.6512040495872498,human3_lib4.final_cell_0280-2
6647,1.131790041923523,human3_lib4.final_cell_0281-2
6648,1.1796139478683472,human3_lib4.final_cell_0282-2
6649,2.0181448459625244,human3_lib4.final_cell_0283-2
6650,1.7520188093185425,human3_lib4.final_cell_0284-2
6651,0.7847504019737244,human3_lib4.final_cell_0285-2
6652,1.3217095136642456,human3_lib4.final_cell_0286-2
6653,0.5479291677474976,human3_lib4.final_cell_0287-2
6654,0.5983390212059021,human3_lib4.final_cell_0288-2
6655,0.6115772724151611,human3_lib4.final_cell_0289-2
6656,0.6940354704856873,human3_lib4.final_cell_0290-2
6657,0.6533233523368835,human3_lib4.final_cell_0291-2
6658,0.6885269284248352,human3_lib4.final_cell_0292-2
6659,0.6141741871833801,human3_lib4.final_cell_0293-2
6660,0.47619038820266724,human3_lib4.final_cell_0294-2
6661,0.6472986340522766,human3_lib4.final_cell_0295-2
6662,1.002132773399353,human3_lib4.final_cell_0296-2
6663,0.47752612829208374,human3_lib4.final_cell_0297-2
6664,0.959712564945221,human3_lib4.final_cell_0298-2
6665,0.6125501990318298,human3_lib4.final_cell_0299-2
6666,0.5840270519256592,human3_lib4.final_cell_0300-2
6667,0.5869857668876648,human3_lib4.final_cell_0301-2
6668,1.1237998008728027,human3_lib4.final_cell_0302-2
6669,1.4556958675384521,human3_lib4.final_cell_0303-2
6670,0.49825093150138855,human3_lib4.final_cell_0304-2
6671,0.5025400519371033,human3_lib4.final_cell_0305-2
6672,0.7504116892814636,human3_lib4.final_cell_0306-2
6673,0.9514492750167847,human3_lib4.final_cell_0307-2
6674,0.6183275580406189,human3_lib4.final_cell_0308-2
6675,0.6181550025939941,human3_lib4.final_cell_0309-2
6676,0.555269181728363,human3_lib4.final_cell_0310-2
6677,1.1958056688308716,human3_lib4.final_cell_0311-2
6678,0.7898232340812683,human3_lib4.final_cell_0312-2
6679,1.2871628999710083,human3_lib4.final_cell_0313-2
6680,1.0312318801879883,human3_lib4.final_cell_0314-2
6681,0.8167946338653564,human3_lib4.final_cell_0315-2
6682,0.9983845949172974,human3_lib4.final_cell_0316-2
6683,0.9028672575950623,human3_lib4.final_cell_0317-2
6684,0.5447492003440857,human3_lib4.final_cell_0318-2
6685,0.5928588509559631,human3_lib4.final_cell_0319-2
6686,0.8378493189811707,human3_lib4.final_cell_0320-2
6687,0.5891839265823364,human3_lib4.final_cell_0321-2
6688,0.9394741058349609,human3_lib4.final_cell_0322-2
6689,0.7060563564300537,human3_lib4.final_cell_0323-2
6690,0.7067635655403137,human3_lib4.final_cell_0324-2
6691,0.514295220375061,human3_lib4.final_cell_0325-2
6692,0.8818223476409912,human3_lib4.final_cell_0326-2
6693,2.039902448654175,human3_lib4.final_cell_0327-2
6694,0.8738204836845398,human3_lib4.final_cell_0328-2
6695,0.6678475141525269,human3_lib4.final_cell_0329-2
6696,1.0274897813796997,human3_lib4.final_cell_0330-2
6697,0.4667699933052063,human3_lib4.final_cell_0331-2
6698,0.8622297048568726,human3_lib4.final_cell_0332-2
6699,0.9212322235107422,human3_lib4.final_cell_0333-2
6700,0.6601549983024597,human3_lib4.final_cell_0334-2
6701,1.027237892150879,human3_lib4.final_cell_0335-2
6702,0.5869666337966919,human3_lib4.final_cell_0336-2
6703,0.7387351393699646,human3_lib4.final_cell_0337-2
6704,1.585908055305481,human3_lib4.final_cell_0338-2
6705,1.3554246425628662,human3_lib4.final_cell_0339-2
6706,0.9023582339286804,human3_lib4.final_cell_0340-2
6707,1.0870497226715088,human3_lib4.final_cell_0341-2
6708,1.7123894691467285,human3_lib4.final_cell_0342-2
6709,1.75327467918396,human3_lib4.final_cell_0343-2
6710,0.7306316494941711,human3_lib4.final_cell_0344-2
6711,0.6936365962028503,human3_lib4.final_cell_0345-2
6712,1.0757230520248413,human3_lib4.final_cell_0346-2
6713,0.668469250202179,human3_lib4.final_cell_0347-2
6714,0.6813449859619141,human3_lib4.final_cell_0348-2
6715,0.4568091630935669,human3_lib4.final_cell_0349-2
6716,0.6056637167930603,human3_lib4.final_cell_0350-2
6717,0.5882006287574768,human3_lib4.final_cell_0351-2
6718,1.4281723499298096,human3_lib4.final_cell_0352-2
6719,0.7672136425971985,human3_lib4.final_cell_0353-2
6720,0.6127029657363892,human3_lib4.final_cell_0354-2
6721,0.5737279057502747,human3_lib4.final_cell_0355-2
6722,0.6882819533348083,human3_lib4.final_cell_0356-2
6723,0.7664941549301147,human3_lib4.final_cell_0357-2
6724,0.6037194132804871,human3_lib4.final_cell_0358-2
6725,0.8333188891410828,human3_lib4.final_cell_0359-2
6726,0.8219599723815918,human3_lib4.final_cell_0360-2
6727,1.0294793844223022,human3_lib4.final_cell_0361-2
6728,0.8707736730575562,human3_lib4.final_cell_0362-2
6729,0.45667144656181335,human3_lib4.final_cell_0363-2
6730,0.5402796268463135,human3_lib4.final_cell_0364-2
6731,0.5390770435333252,human3_lib4.final_cell_0365-2
6732,0.5361151099205017,human3_lib4.final_cell_0366-2
6733,0.7032033801078796,human3_lib4.final_cell_0367-2
6734,0.5954252481460571,human3_lib4.final_cell_0368-2
6735,0.5311426520347595,human3_lib4.final_cell_0369-2
6736,0.6211438179016113,human3_lib4.final_cell_0370-2
6737,0.5855221152305603,human3_lib4.final_cell_0371-2
6738,1.1724934577941895,human3_lib4.final_cell_0372-2
6739,0.6597246527671814,human3_lib4.final_cell_0373-2
6740,0.7535600066184998,human3_lib4.final_cell_0374-2
6741,0.530908465385437,human3_lib4.final_cell_0375-2
6742,1.4649243354797363,human3_lib4.final_cell_0376-2
6743,2.177140474319458,human3_lib4.final_cell_0377-2
6744,0.8929122686386108,human3_lib4.final_cell_0378-2
6745,0.646634578704834,human3_lib4.final_cell_0379-2
6746,0.6407660841941833,human3_lib4.final_cell_0380-2
6747,0.901439905166626,human3_lib4.final_cell_0381-2
6748,0.6939669847488403,human3_lib4.final_cell_0382-2
6749,1.2414616346359253,human3_lib4.final_cell_0383-2
6750,0.9109765291213989,human3_lib4.final_cell_0384-2
6751,0.6628273725509644,human3_lib4.final_cell_0385-2
6752,0.6786596775054932,human3_lib4.final_cell_0386-2
6753,0.7609520554542542,human3_lib4.final_cell_0387-2
6754,0.6346254944801331,human3_lib4.final_cell_0388-2
6755,0.7077550888061523,human3_lib4.final_cell_0389-2
6756,0.53811115026474,human3_lib4.final_cell_0390-2
6757,0.9466580152511597,human3_lib4.final_cell_0391-2
6758,0.8241448402404785,human3_lib4.final_cell_0392-2
6759,2.4540529251098633,human3_lib4.final_cell_0393-2
6760,1.5353717803955078,human3_lib4.final_cell_0394-2
6761,0.7278141379356384,human3_lib4.final_cell_0395-2
6762,0.8259063363075256,human3_lib4.final_cell_0396-2
6763,0.7176195383071899,human3_lib4.final_cell_0397-2
6764,0.8144825100898743,human3_lib4.final_cell_0398-2
6765,1.0062754154205322,human3_lib4.final_cell_0399-2
6766,0.4769618511199951,human3_lib4.final_cell_0400-2
6767,0.5973407626152039,human3_lib4.final_cell_0401-2
6768,1.9497523307800293,human3_lib4.final_cell_0402-2
6769,0.9052892327308655,human3_lib4.final_cell_0403-2
6770,0.5931684374809265,human3_lib4.final_cell_0404-2
6771,1.016540288925171,human3_lib4.final_cell_0405-2
6772,0.580472469329834,human3_lib4.final_cell_0406-2
6773,1.1748141050338745,human3_lib4.final_cell_0407-2
6774,0.5644928812980652,human3_lib4.final_cell_0408-2
6775,0.46414777636528015,human3_lib4.final_cell_0409-2
6776,0.49717360734939575,human3_lib4.final_cell_0410-2
6777,0.9508435726165771,human3_lib4.final_cell_0411-2
6778,1.175958275794983,human3_lib4.final_cell_0412-2
6779,0.7793472409248352,human3_lib4.final_cell_0413-2
6780,0.614515483379364,human3_lib4.final_cell_0414-2
6781,0.5242902636528015,human3_lib4.final_cell_0415-2
6782,0.5160593390464783,human3_lib4.final_cell_0416-2
6783,0.5876392126083374,human3_lib4.final_cell_0417-2
6784,0.5337243676185608,human3_lib4.final_cell_0418-2
6785,0.5780583024024963,human3_lib4.final_cell_0419-2
6786,0.7715849280357361,human3_lib4.final_cell_0420-2
6787,1.1037938594818115,human3_lib4.final_cell_0421-2
6788,1.3723056316375732,human3_lib4.final_cell_0422-2
6789,0.4781552255153656,human3_lib4.final_cell_0423-2
6790,1.0866985321044922,human3_lib4.final_cell_0424-2
6791,0.743708610534668,human3_lib4.final_cell_0425-2
6792,1.137381911277771,human3_lib4.final_cell_0426-2
6793,0.7842003107070923,human3_lib4.final_cell_0427-2
6794,0.4569263756275177,human3_lib4.final_cell_0428-2
6795,0.6821060180664062,human3_lib4.final_cell_0429-2
6796,0.9546934366226196,human3_lib4.final_cell_0430-2
6797,0.4561137557029724,human3_lib4.final_cell_0431-2
6798,0.7880191802978516,human3_lib4.final_cell_0432-2
6799,0.5609181523323059,human3_lib4.final_cell_0433-2
6800,2.6976735591888428,human3_lib4.final_cell_0434-2
6801,0.8555806875228882,human3_lib4.final_cell_0435-2
6802,2.7157459259033203,human3_lib4.final_cell_0436-2
6803,0.6071127653121948,human3_lib4.final_cell_0437-2
6804,0.8279374837875366,human3_lib4.final_cell_0438-2
6805,1.2314802408218384,human3_lib4.final_cell_0439-2
6806,0.733224630355835,human3_lib4.final_cell_0440-2
6807,0.4560626149177551,human3_lib4.final_cell_0441-2
6808,1.045888066291809,human3_lib4.final_cell_0442-2
6809,1.2994078397750854,human3_lib4.final_cell_0443-2
6810,0.8373091220855713,human3_lib4.final_cell_0444-2
6811,0.7536991238594055,human3_lib4.final_cell_0445-2
6812,0.4556964635848999,human3_lib4.final_cell_0446-2
6813,1.0914599895477295,human3_lib4.final_cell_0447-2
6814,0.47952020168304443,human3_lib4.final_cell_0448-2
6815,1.467545509338379,human3_lib4.final_cell_0449-2
6816,1.5847318172454834,human3_lib4.final_cell_0450-2
6817,1.4848893880844116,human3_lib4.final_cell_0451-2
6818,0.7186130881309509,human3_lib4.final_cell_0452-2
6819,0.5826271772384644,human3_lib4.final_cell_0453-2
6820,1.012822151184082,human3_lib4.final_cell_0454-2
6821,1.5196794271469116,human3_lib4.final_cell_0455-2
6822,0.7625917196273804,human3_lib4.final_cell_0456-2
6823,2.1668143272399902,human3_lib4.final_cell_0457-2
6824,0.5092875361442566,human3_lib4.final_cell_0458-2
6825,1.095619797706604,human3_lib4.final_cell_0459-2
6826,0.6500176191329956,human3_lib4.final_cell_0460-2
6827,0.8179678320884705,human3_lib4.final_cell_0461-2
6828,0.7240453362464905,human3_lib4.final_cell_0462-2
6829,0.8889564275741577,human3_lib4.final_cell_0463-2
6830,1.7236403226852417,human3_lib4.final_cell_0464-2
6831,0.9003845453262329,human3_lib4.final_cell_0465-2
6832,0.5732995867729187,human3_lib4.final_cell_0466-2
6833,1.0028507709503174,human3_lib4.final_cell_0467-2
6834,1.7732670307159424,human3_lib4.final_cell_0468-2
6835,0.8561879396438599,human3_lib4.final_cell_0469-2
6836,0.687713623046875,human3_lib4.final_cell_0470-2
6837,0.7206994295120239,human3_lib4.final_cell_0471-2
6838,0.7246781587600708,human3_lib4.final_cell_0472-2
6839,0.6584916114807129,human3_lib4.final_cell_0473-2
6840,1.3746049404144287,human3_lib4.final_cell_0474-2
6841,0.6553229093551636,human3_lib4.final_cell_0475-2
6842,1.6839739084243774,human3_lib4.final_cell_0476-2
6843,0.5170974135398865,human3_lib4.final_cell_0477-2
6844,1.2139960527420044,human3_lib4.final_cell_0478-2
6845,0.4766601622104645,human3_lib4.final_cell_0479-2
6846,3.321413516998291,human3_lib4.final_cell_0480-2
6847,0.8275758624076843,human3_lib4.final_cell_0481-2
6848,0.6931609511375427,human3_lib4.final_cell_0482-2
6849,0.49404558539390564,human3_lib4.final_cell_0483-2
6850,0.651024341583252,human3_lib4.final_cell_0484-2
6851,0.8053351640701294,human3_lib4.final_cell_0485-2
6852,0.5492550134658813,human3_lib4.final_cell_0486-2
6853,1.2434736490249634,human3_lib4.final_cell_0487-2
6854,0.5763534903526306,human3_lib4.final_cell_0488-2
6855,1.3935314416885376,human3_lib4.final_cell_0489-2
6856,1.4519639015197754,human3_lib4.final_cell_0490-2
6857,2.376631259918213,human3_lib4.final_cell_0491-2
6858,0.8620232939720154,human3_lib4.final_cell_0492-2
6859,0.4817698001861572,human3_lib4.final_cell_0493-2
6860,0.6204148530960083,human3_lib4.final_cell_0494-2
6861,1.3174445629119873,human3_lib4.final_cell_0495-2
6862,0.5813941955566406,human3_lib4.final_cell_0496-2
6863,1.1519275903701782,human3_lib4.final_cell_0497-2
6864,0.7753532528877258,human3_lib4.final_cell_0498-2
6865,0.9818259477615356,human3_lib4.final_cell_0499-2
6866,0.45769065618515015,human3_lib4.final_cell_0500-2
6867,0.7026992440223694,human3_lib4.final_cell_0501-2
6868,1.1419306993484497,human3_lib4.final_cell_0502-2
6869,0.5216371417045593,human3_lib4.final_cell_0503-2
6870,1.2101854085922241,human3_lib4.final_cell_0504-2
6871,0.867631733417511,human3_lib4.final_cell_0505-2
6872,0.7352626323699951,human3_lib4.final_cell_0506-2
6873,0.9979676008224487,human3_lib4.final_cell_0507-2
6874,0.653924822807312,human3_lib4.final_cell_0508-2
6875,0.6662653088569641,human3_lib4.final_cell_0509-2
6876,0.7862382531166077,human3_lib4.final_cell_0510-2
6877,1.9325331449508667,human3_lib4.final_cell_0511-2
6878,0.590748131275177,human3_lib4.final_cell_0512-2
6879,2.7675881385803223,human3_lib4.final_cell_0513-2
6880,0.49816668033599854,human3_lib4.final_cell_0514-2
6881,1.0708954334259033,human3_lib4.final_cell_0515-2
6882,0.5264610052108765,human3_lib4.final_cell_0516-2
6883,1.2924177646636963,human3_lib4.final_cell_0517-2
6884,1.1788184642791748,human3_lib4.final_cell_0518-2
6885,0.8572046160697937,human3_lib4.final_cell_0519-2
6886,1.7235742807388306,human3_lib4.final_cell_0520-2
6887,2.3742270469665527,human3_lib4.final_cell_0521-2
6888,0.5881279706954956,human3_lib4.final_cell_0522-2
6889,0.7225885987281799,human3_lib4.final_cell_0523-2
6890,1.155766487121582,human3_lib4.final_cell_0524-2
6891,0.7097737789154053,human3_lib4.final_cell_0525-2
6892,0.8258478045463562,human3_lib4.final_cell_0526-2
6893,0.6749558448791504,human3_lib4.final_cell_0527-2
6894,0.5863547921180725,human3_lib4.final_cell_0528-2
6895,1.3108035326004028,human3_lib4.final_cell_0529-2
6896,1.4509565830230713,human3_lib4.final_cell_0530-2
6897,1.0308961868286133,human3_lib4.final_cell_0531-2
6898,0.9335509538650513,human3_lib4.final_cell_0532-2
6899,0.5327810049057007,human3_lib4.final_cell_0533-2
6900,1.0500398874282837,human3_lib4.final_cell_0534-2
6901,0.46643733978271484,human3_lib4.final_cell_0535-2
6902,1.834280014038086,human3_lib4.final_cell_0536-2
6903,0.5380896925926208,human3_lib4.final_cell_0537-2
6904,1.1318011283874512,human3_lib4.final_cell_0538-2
6905,0.5027283430099487,human3_lib4.final_cell_0539-2
6906,1.0000778436660767,human3_lib4.final_cell_0540-2
6907,0.7904905080795288,human3_lib4.final_cell_0541-2
6908,1.0081069469451904,human3_lib4.final_cell_0542-2
6909,0.6647900342941284,human3_lib4.final_cell_0543-2
6910,0.8492811322212219,human3_lib4.final_cell_0544-2
6911,0.4988914430141449,human3_lib4.final_cell_0545-2
6912,0.506197988986969,human3_lib4.final_cell_0546-2
6913,0.8336281180381775,human3_lib4.final_cell_0547-2
6914,0.820202112197876,human3_lib4.final_cell_0548-2
6915,1.06070876121521,human3_lib4.final_cell_0549-2
6916,1.7626620531082153,human3_lib4.final_cell_0550-2
6917,0.662144124507904,human3_lib4.final_cell_0551-2
6918,1.4495640993118286,human3_lib4.final_cell_0552-2
6919,0.4832571744918823,human3_lib4.final_cell_0553-2
6920,0.7340106964111328,human3_lib4.final_cell_0554-2
6921,0.7250382900238037,human3_lib4.final_cell_0555-2
6922,0.6862035989761353,human3_lib4.final_cell_0556-2
6923,0.5093269348144531,human3_lib4.final_cell_0557-2
6924,1.1641438007354736,human3_lib4.final_cell_0558-2
6925,0.5371300578117371,human3_lib4.final_cell_0559-2
6926,0.8351487517356873,human3_lib4.final_cell_0560-2
6927,0.5859017968177795,human3_lib4.final_cell_0561-2
6928,0.7612078785896301,human3_lib4.final_cell_0562-2
6929,0.9330888390541077,human3_lib4.final_cell_0563-2
6930,0.9214802980422974,human3_lib4.final_cell_0564-2
6931,1.0938643217086792,human3_lib4.final_cell_0565-2
6932,1.0565887689590454,human3_lib4.final_cell_0566-2
6933,0.5084682703018188,human3_lib4.final_cell_0567-2
6934,1.7134331464767456,human3_lib4.final_cell_0568-2
6935,0.8127196431159973,human3_lib4.final_cell_0569-2
6936,0.9763928651809692,human3_lib4.final_cell_0570-2
6937,0.9399116039276123,human3_lib4.final_cell_0571-2
6938,2.0805044174194336,human3_lib4.final_cell_0572-2
6939,0.7589039206504822,human3_lib4.final_cell_0573-2
6940,2.3643054962158203,human3_lib4.final_cell_0574-2
6941,0.6828017830848694,human3_lib4.final_cell_0575-2
6942,1.501024842262268,human3_lib4.final_cell_0576-2
6943,1.9334391355514526,human3_lib4.final_cell_0577-2
6944,0.7991687059402466,human3_lib4.final_cell_0578-2
6945,1.5381935834884644,human3_lib4.final_cell_0579-2
6946,0.4927065074443817,human3_lib4.final_cell_0580-2
6947,0.9996053576469421,human3_lib4.final_cell_0581-2
6948,0.4763326942920685,human3_lib4.final_cell_0582-2
6949,0.6104460954666138,human3_lib4.final_cell_0583-2
6950,0.4564937651157379,human3_lib4.final_cell_0584-2
6951,0.6402403116226196,human3_lib4.final_cell_0585-2
6952,0.6220905780792236,human3_lib4.final_cell_0586-2
6953,0.7307385802268982,human3_lib4.final_cell_0587-2
6954,0.6870741844177246,human3_lib4.final_cell_0588-2
6955,1.0409808158874512,human3_lib4.final_cell_0589-2
6956,0.6530047059059143,human3_lib4.final_cell_0590-2
6957,1.8691480159759521,human3_lib4.final_cell_0591-2
6958,0.7237180471420288,human3_lib4.final_cell_0592-2
6959,1.4500277042388916,human3_lib4.final_cell_0593-2
6960,0.4643307030200958,human3_lib4.final_cell_0594-2
6961,0.5937280058860779,human3_lib4.final_cell_0595-2
6962,1.546226978302002,human3_lib4.final_cell_0596-2
6963,0.8804980516433716,human3_lib4.final_cell_0597-2
6964,0.620129406452179,human3_lib4.final_cell_0598-2
6965,0.6600469350814819,human3_lib4.final_cell_0599-2
6966,1.8456724882125854,human3_lib4.final_cell_0600-2
6967,0.8516902327537537,human3_lib4.final_cell_0601-2
6968,0.7641106247901917,human3_lib4.final_cell_0602-2
6969,3.0262746810913086,human3_lib4.final_cell_0603-2
6970,0.6812129020690918,human3_lib4.final_cell_0604-2
6971,0.48025670647621155,human3_lib4.final_cell_0605-2
6972,0.5649333000183105,human3_lib4.final_cell_0606-2
6973,1.2932032346725464,human3_lib4.final_cell_0607-2
6974,0.8626550436019897,human3_lib4.final_cell_0608-2
6975,1.093196153640747,human3_lib4.final_cell_0609-2
6976,0.9853733777999878,human3_lib4.final_cell_0610-2
6977,0.7194773554801941,human3_lib4.final_cell_0611-2
6978,0.5421167612075806,human3_lib4.final_cell_0612-2
6979,1.621384620666504,human3_lib4.final_cell_0613-2
6980,0.8426403999328613,human3_lib4.final_cell_0614-2
6981,3.107013463973999,human3_lib4.final_cell_0615-2
6982,0.6975555419921875,human3_lib4.final_cell_0616-2
6983,0.8684223890304565,human3_lib4.final_cell_0617-2
6984,0.639615535736084,human3_lib4.final_cell_0618-2
6985,1.1161137819290161,human3_lib4.final_cell_0619-2
6986,0.5878961682319641,human3_lib4.final_cell_0620-2
6987,1.0571234226226807,human3_lib4.final_cell_0621-2
6988,0.5017766952514648,human3_lib4.final_cell_0622-2
6989,1.962084412574768,human3_lib4.final_cell_0623-2
6990,0.47542646527290344,human3_lib4.final_cell_0624-2
6991,0.6416162848472595,human3_lib4.final_cell_0625-2
6992,0.5359735488891602,human3_lib4.final_cell_0626-2
6993,0.4562368392944336,human3_lib4.final_cell_0627-2
6994,1.4552395343780518,human3_lib4.final_cell_0628-2
6995,0.6614923477172852,human3_lib4.final_cell_0629-2
6996,0.6370173096656799,human3_lib4.final_cell_0630-2
6997,0.8824638724327087,human3_lib4.final_cell_0631-2
6998,0.7284233570098877,human3_lib4.final_cell_0632-2
6999,0.6967109441757202,human3_lib4.final_cell_0633-2
7000,1.3468540906906128,human3_lib4.final_cell_0634-2
7001,0.8071595430374146,human3_lib4.final_cell_0635-2
7002,1.8167067766189575,human3_lib4.final_cell_0636-2
7003,0.46240344643592834,human3_lib4.final_cell_0637-2
7004,1.0705838203430176,human3_lib4.final_cell_0638-2
7005,0.4527301788330078,human3_lib4.final_cell_0639-2
7006,0.4930438697338104,human3_lib4.final_cell_0640-2
7007,0.811137318611145,human3_lib4.final_cell_0641-2
7008,0.6228741407394409,human3_lib4.final_cell_0642-2
7009,0.6555165648460388,human3_lib4.final_cell_0643-2
7010,0.8871455192565918,human3_lib4.final_cell_0644-2
7011,0.7998748421669006,human3_lib4.final_cell_0645-2
7012,0.5121736526489258,human3_lib4.final_cell_0646-2
7013,0.7594813108444214,human3_lib4.final_cell_0647-2
7014,1.6648670434951782,human3_lib4.final_cell_0648-2
7015,0.6686272621154785,human3_lib4.final_cell_0649-2
7016,0.6184327006340027,human3_lib4.final_cell_0650-2
7017,0.5851587057113647,human3_lib4.final_cell_0651-2
7018,0.4586588740348816,human3_lib4.final_cell_0652-2
7019,1.0332849025726318,human3_lib4.final_cell_0653-2
7020,0.5575928092002869,human3_lib4.final_cell_0654-2
7021,0.627729058265686,human3_lib4.final_cell_0655-2
7022,0.6305105090141296,human3_lib4.final_cell_0656-2
7023,0.9527775645256042,human3_lib4.final_cell_0657-2
7024,0.8895900249481201,human3_lib4.final_cell_0658-2
7025,0.5198781490325928,human3_lib4.final_cell_0659-2
7026,0.4608515202999115,human3_lib4.final_cell_0660-2
7027,0.6646568775177002,human3_lib4.final_cell_0661-2
7028,0.5739797353744507,human3_lib4.final_cell_0662-2
7029,0.717041552066803,human3_lib4.final_cell_0663-2
7030,0.8713682293891907,human3_lib4.final_cell_0664-2
7031,0.5077981352806091,human3_lib4.final_cell_0665-2
7032,0.6480886340141296,human3_lib4.final_cell_0666-2
7033,1.336943507194519,human3_lib4.final_cell_0667-2
7034,0.8538545370101929,human3_lib4.final_cell_0668-2
7035,0.5260249376296997,human3_lib4.final_cell_0669-2
7036,0.8112139105796814,human3_lib4.final_cell_0670-2
7037,0.713683545589447,human3_lib4.final_cell_0671-2
7038,0.8909168243408203,human3_lib4.final_cell_0672-2
7039,0.5486481785774231,human3_lib4.final_cell_0673-2
7040,0.5660339593887329,human3_lib4.final_cell_0674-2
7041,1.414905309677124,human3_lib4.final_cell_0675-2
7042,0.8471635580062866,human3_lib4.final_cell_0676-2
7043,0.691544234752655,human3_lib4.final_cell_0677-2
7044,0.5000057220458984,human3_lib4.final_cell_0678-2
7045,1.3027887344360352,human3_lib4.final_cell_0679-2
7046,0.6695536375045776,human3_lib4.final_cell_0680-2
7047,1.7557578086853027,human3_lib4.final_cell_0681-2
7048,0.46249082684516907,human3_lib4.final_cell_0682-2
7049,0.7439104318618774,human3_lib4.final_cell_0683-2
7050,1.8456372022628784,human3_lib4.final_cell_0684-2
7051,0.6985470056533813,human3_lib4.final_cell_0685-2
7052,1.0319468975067139,human3_lib4.final_cell_0686-2
7053,1.4229007959365845,human3_lib4.final_cell_0687-2
7054,1.7393813133239746,human3_lib4.final_cell_0688-2
7055,1.2701934576034546,human3_lib4.final_cell_0689-2
7056,0.8603343963623047,human3_lib4.final_cell_0690-2
7057,0.6939812898635864,human3_lib4.final_cell_0691-2
7058,1.1959253549575806,human3_lib4.final_cell_0692-2
7059,1.7294518947601318,human3_lib4.final_cell_0693-2
7060,0.5238304734230042,human3_lib4.final_cell_0694-2
7061,2.521929979324341,human3_lib4.final_cell_0695-2
7062,0.6174338459968567,human3_lib4.final_cell_0696-2
7063,0.5536447167396545,human3_lib4.final_cell_0697-2
7064,1.0094411373138428,human3_lib4.final_cell_0698-2
7065,1.8300553560256958,human3_lib4.final_cell_0699-2
7066,0.7088837623596191,human3_lib4.final_cell_0700-2
7067,0.8074046969413757,human3_lib4.final_cell_0701-2
7068,2.83571195602417,human3_lib4.final_cell_0702-2
7069,0.8187019228935242,human3_lib4.final_cell_0703-2
7070,0.5579771399497986,human3_lib4.final_cell_0704-2
7071,2.00117826461792,human3_lib4.final_cell_0705-2
7072,0.6624660491943359,human3_lib4.final_cell_0706-2
7073,0.9851986169815063,human3_lib4.final_cell_0707-2
7074,0.5810962319374084,human3_lib4.final_cell_0708-2
7075,1.0790952444076538,human3_lib4.final_cell_0709-2
7076,0.8904972076416016,human3_lib4.final_cell_0710-2
7077,0.6400032043457031,human3_lib4.final_cell_0711-2
7078,1.209295392036438,human3_lib4.final_cell_0712-2
7079,0.788801908493042,human3_lib4.final_cell_0713-2
7080,0.5157975554466248,human3_lib4.final_cell_0714-2
7081,1.0855861902236938,human3_lib4.final_cell_0715-2
7082,0.7487931847572327,human3_lib4.final_cell_0716-2
7083,1.0219863653182983,human3_lib4.final_cell_0717-2
7084,1.0437626838684082,human3_lib4.final_cell_0718-2
7085,1.0710358619689941,human3_lib4.final_cell_0719-2
7086,0.713952898979187,human3_lib4.final_cell_0720-2
7087,0.817570686340332,human3_lib4.final_cell_0721-2
7088,0.6121852993965149,human3_lib4.final_cell_0722-2
7089,0.6507657766342163,human3_lib4.final_cell_0723-2
7090,1.5276293754577637,human3_lib4.final_cell_0724-2
7091,1.736751675605774,human3_lib4.final_cell_0725-2
7092,2.402782917022705,human3_lib4.final_cell_0726-2
7093,0.5140746235847473,human3_lib4.final_cell_0727-2
7094,1.7035834789276123,human3_lib4.final_cell_0728-2
7095,0.9349489808082581,human3_lib4.final_cell_0729-2
7096,0.7515780925750732,human3_lib4.final_cell_0730-2
7097,1.24936842918396,human3_lib4.final_cell_0731-2
7098,0.6361191868782043,human3_lib4.final_cell_0732-2
7099,0.7492290139198303,human3_lib4.final_cell_0733-2
7100,0.8472169041633606,human3_lib4.final_cell_0734-2
7101,3.070913791656494,human3_lib4.final_cell_0735-2
7102,0.9157283902168274,human3_lib4.final_cell_0736-2
7103,1.71576988697052,human3_lib4.final_cell_0737-2
7104,0.9236165881156921,human3_lib4.final_cell_0738-2
7105,0.6385414004325867,human3_lib4.final_cell_0739-2
7106,0.8130489587783813,human3_lib4.final_cell_0740-2
7107,1.8625768423080444,human3_lib4.final_cell_0741-2
7108,1.034403681755066,human3_lib4.final_cell_0742-2
7109,0.7071270942687988,human3_lib4.final_cell_0743-2
7110,0.600903332233429,human3_lib4.final_cell_0744-2
7111,0.6841555833816528,human3_lib4.final_cell_0745-2
7112,0.5940889716148376,human3_lib4.final_cell_0746-2
7113,0.820470929145813,human3_lib4.final_cell_0747-2
7114,0.5751457810401917,human3_lib4.final_cell_0748-2
7115,1.0201478004455566,human3_lib4.final_cell_0749-2
7116,0.7109403014183044,human3_lib4.final_cell_0750-2
7117,1.002728819847107,human3_lib4.final_cell_0751-2
7118,2.0779361724853516,human3_lib4.final_cell_0752-2
7119,1.5334633588790894,human3_lib4.final_cell_0753-2
7120,0.7537055611610413,human3_lib4.final_cell_0754-2
7121,0.9198609590530396,human3_lib4.final_cell_0755-2
7122,0.4856772720813751,human3_lib4.final_cell_0756-2
7123,1.1115474700927734,human3_lib4.final_cell_0757-2
7124,1.4130561351776123,human3_lib4.final_cell_0758-2
7125,0.5275063514709473,human3_lib4.final_cell_0759-2
7126,0.5032258033752441,human3_lib4.final_cell_0760-2
7127,0.7723585367202759,human3_lib4.final_cell_0761-2
7128,0.5310125946998596,human3_lib4.final_cell_0762-2
7129,1.173661231994629,human3_lib4.final_cell_0763-2
7130,0.668582558631897,human3_lib4.final_cell_0764-2
7131,0.49061164259910583,human3_lib4.final_cell_0765-2
7132,1.196041226387024,human3_lib4.final_cell_0766-2
7133,1.8065096139907837,human3_lib4.final_cell_0767-2
7134,2.8645617961883545,human3_lib4.final_cell_0768-2
7135,1.1226658821105957,human3_lib4.final_cell_0769-2
7136,0.6954664587974548,human3_lib4.final_cell_0770-2
7137,0.4757782816886902,human3_lib4.final_cell_0771-2
7138,1.5672093629837036,human3_lib4.final_cell_0772-2
7139,0.79128497838974,human3_lib4.final_cell_0773-2
7140,0.9417206048965454,human3_lib4.final_cell_0774-2
7141,0.9446254372596741,human3_lib4.final_cell_0775-2
7142,1.2184189558029175,human3_lib4.final_cell_0776-2
7143,0.848491370677948,human3_lib4.final_cell_0777-2
7144,0.8870303630828857,human3_lib4.final_cell_0778-2
7145,0.6133400201797485,human3_lib4.final_cell_0779-2
7146,0.7179595828056335,human3_lib4.final_cell_0780-2
7147,0.656060516834259,human3_lib4.final_cell_0781-2
7148,1.1690247058868408,human3_lib4.final_cell_0782-2
7149,0.6196118593215942,human3_lib4.final_cell_0783-2
7150,0.5759296417236328,human3_lib4.final_cell_0784-2
7151,1.6376914978027344,human3_lib4.final_cell_0785-2
7152,1.6150485277175903,human3_lib4.final_cell_0786-2
7153,2.002690553665161,human3_lib4.final_cell_0787-2
7154,2.0953235626220703,human3_lib4.final_cell_0788-2
7155,1.3903347253799438,human3_lib4.final_cell_0789-2
7156,1.0302470922470093,human3_lib4.final_cell_0790-2
7157,0.6211187243461609,human3_lib4.final_cell_0791-2
7158,0.7598385810852051,human3_lib4.final_cell_0792-2
7159,0.5448534488677979,human3_lib4.final_cell_0793-2
7160,0.5859423875808716,human3_lib4.final_cell_0794-2
7161,1.569524884223938,human3_lib4.final_cell_0795-2
7162,1.9115111827850342,human3_lib4.final_cell_0796-2
7163,1.335585594177246,human3_lib4.final_cell_0797-2
7164,0.7703785300254822,human3_lib4.final_cell_0798-2
7165,0.6825029253959656,human3_lib4.final_cell_0799-2
7166,0.625330924987793,human3_lib4.final_cell_0800-2
7167,0.491245836019516,human3_lib4.final_cell_0801-2
7168,1.0120999813079834,human3_lib4.final_cell_0802-2
7169,0.5592178106307983,human3_lib4.final_cell_0803-2
7170,1.075132966041565,human3_lib4.final_cell_0804-2
7171,1.432371973991394,human3_lib4.final_cell_0805-2
7172,0.5047899484634399,human3_lib4.final_cell_0806-2
7173,1.1188740730285645,human3_lib4.final_cell_0807-2
7174,1.0662719011306763,human3_lib4.final_cell_0808-2
7175,1.3232567310333252,human3_lib4.final_cell_0809-2
7176,1.4679757356643677,human3_lib4.final_cell_0810-2
7177,0.6374092102050781,human3_lib4.final_cell_0811-2
7178,0.8835089802742004,human3_lib4.final_cell_0812-2
7179,1.1898131370544434,human3_lib4.final_cell_0813-2
7180,0.5759778618812561,human3_lib4.final_cell_0814-2
7181,0.8110268115997314,human3_lib4.final_cell_0815-2
7182,1.4217524528503418,human3_lib4.final_cell_0816-2
7183,1.337711215019226,human3_lib4.final_cell_0817-2
7184,1.6915690898895264,human3_lib4.final_cell_0818-2
7185,1.6106359958648682,human3_lib4.final_cell_0819-2
7186,0.4996475875377655,human3_lib4.final_cell_0820-2
7187,0.6423840522766113,human3_lib4.final_cell_0821-2
7188,0.5629292130470276,human3_lib4.final_cell_0822-2
7189,0.5739974975585938,human3_lib4.final_cell_0823-2
7190,0.6831592917442322,human3_lib4.final_cell_0824-2
7191,1.2337605953216553,human3_lib4.final_cell_0825-2
7192,1.5942070484161377,human3_lib4.final_cell_0826-2
7193,0.982624351978302,human3_lib4.final_cell_0827-2
7194,2.209113121032715,human3_lib4.final_cell_0828-2
7195,1.4014439582824707,human3_lib4.final_cell_0829-2
7196,1.5205003023147583,human3_lib4.final_cell_0830-2
7197,0.9396604895591736,human3_lib4.final_cell_0831-2
7198,1.559382677078247,human3_lib4.final_cell_0832-2
7199,1.1047253608703613,human3_lib4.final_cell_0833-2
7200,0.8606933951377869,human3_lib4.final_cell_0834-2
7201,0.573349118232727,human3_lib4.final_cell_0835-2
7202,0.7840754389762878,human3_lib4.final_cell_0836-2
7203,2.916597843170166,human3_lib4.final_cell_0837-2
7204,0.5786615014076233,human3_lib4.final_cell_0838-2
7205,0.6782394051551819,human3_lib4.final_cell_0839-2
7206,0.5534453988075256,human3_lib4.final_cell_0840-2
7207,1.0632634162902832,human3_lib4.final_cell_0841-2
7208,1.322081208229065,human3_lib4.final_cell_0842-2
7209,0.9113354682922363,human3_lib4.final_cell_0843-2
7210,1.3721994161605835,human3_lib4.final_cell_0844-2
7211,0.718722403049469,human3_lib4.final_cell_0845-2
7212,1.4079208374023438,human3_lib4.final_cell_0846-2
7213,1.6453438997268677,human3_lib4.final_cell_0847-2
7214,0.8706105947494507,human3_lib4.final_cell_0848-2
7215,1.0103847980499268,human3_lib4.final_cell_0849-2
7216,0.9508004784584045,human3_lib4.final_cell_0850-2
7217,1.1900492906570435,human3_lib4.final_cell_0851-2
7218,1.6260461807250977,human3_lib4.final_cell_0852-2
7219,1.4702324867248535,human3_lib4.final_cell_0853-2
7220,0.7062509059906006,human3_lib4.final_cell_0854-2
7221,0.655489444732666,human3_lib4.final_cell_0855-2
7222,0.6033539175987244,human3_lib4.final_cell_0856-2
7223,0.5235174298286438,human3_lib4.final_cell_0857-2
7224,1.3947333097457886,human3_lib4.final_cell_0858-2
7225,1.75186288356781,human3_lib4.final_cell_0859-2
7226,0.6763133406639099,human3_lib4.final_cell_0860-2
7227,0.6607538461685181,human3_lib4.final_cell_0861-2
7228,0.7431018948554993,human3_lib4.final_cell_0862-2
7229,1.5847786664962769,human3_lib4.final_cell_0863-2
7230,1.7570713758468628,human3_lib4.final_cell_0864-2
7231,0.5289080739021301,human3_lib4.final_cell_0865-2
7232,0.9688034653663635,human3_lib4.final_cell_0866-2
7233,0.7272866368293762,human3_lib4.final_cell_0867-2
7234,0.6499345302581787,human3_lib4.final_cell_0868-2
7235,2.735779047012329,human3_lib4.final_cell_0869-2
7236,0.9485756754875183,human3_lib4.final_cell_0870-2
7237,0.914505124092102,human3_lib4.final_cell_0871-2
7238,1.3332380056381226,human3_lib4.final_cell_0872-2
7239,2.699777126312256,human3_lib4.final_cell_0873-2
7240,1.1413747072219849,human3_lib4.final_cell_0874-2
7241,1.4050706624984741,human3_lib4.final_cell_0875-2
7242,1.19435453414917,human3_lib4.final_cell_0876-2
7243,0.6378601789474487,human3_lib4.final_cell_0877-2
7244,2.1053097248077393,human3_lib4.final_cell_0878-2
7245,0.891099750995636,human3_lib4.final_cell_0879-2
7246,0.8654212951660156,human3_lib4.final_cell_0880-2
7247,0.785125732421875,human3_lib4.final_cell_0881-2
7248,0.47825464606285095,human3_lib4.final_cell_0882-2
7249,6.511895656585693,human3_lib4.final_cell_0883-2
7250,0.8430576920509338,human3_lib4.final_cell_0884-2
7251,0.7257803082466125,human3_lib4.final_cell_0885-2
7252,2.8873398303985596,human3_lib4.final_cell_0886-2
7253,1.659999132156372,human3_lib4.final_cell_0887-2
7254,1.0668278932571411,human3_lib4.final_cell_0888-2
7255,0.7026836276054382,human3_lib4.final_cell_0889-2
7256,0.7196475267410278,human3_lib4.final_cell_0890-2
7257,0.7882015705108643,human3_lib4.final_cell_0891-2
7258,1.5951145887374878,human3_lib4.final_cell_0892-2
7259,0.5903129577636719,human3_lib4.final_cell_0893-2
7260,1.3566536903381348,human3_lib4.final_cell_0894-2
7261,0.7542848587036133,human3_lib4.final_cell_0895-2
7262,0.9426277875900269,human3_lib4.final_cell_0896-2
7263,0.7562434673309326,human3_lib4.final_cell_0897-2
7264,1.0113906860351562,human3_lib4.final_cell_0898-2
7265,1.419325590133667,human3_lib4.final_cell_0899-2
7266,1.1641178131103516,human4_lib1.final_cell_0001-3
7267,0.8202040791511536,human4_lib1.final_cell_0002-3
7268,0.795350193977356,human4_lib1.final_cell_0003-3
7269,1.4516172409057617,human4_lib1.final_cell_0004-3
7270,1.809749960899353,human4_lib1.final_cell_0005-3
7271,1.476688027381897,human4_lib1.final_cell_0006-3
7272,1.1030807495117188,human4_lib1.final_cell_0007-3
7273,0.48738884925842285,human4_lib1.final_cell_0008-3
7274,1.2063387632369995,human4_lib1.final_cell_0009-3
7275,1.3450517654418945,human4_lib1.final_cell_0010-3
7276,0.45264410972595215,human4_lib1.final_cell_0011-3
7277,0.8549088835716248,human4_lib1.final_cell_0012-3
7278,3.171422004699707,human4_lib1.final_cell_0013-3
7279,1.156809687614441,human4_lib1.final_cell_0014-3
7280,0.6583764553070068,human4_lib1.final_cell_0015-3
7281,1.502714991569519,human4_lib1.final_cell_0016-3
7282,0.7847985029220581,human4_lib1.final_cell_0017-3
7283,1.4766422510147095,human4_lib1.final_cell_0018-3
7284,1.6699274778366089,human4_lib1.final_cell_0019-3
7285,0.7576437592506409,human4_lib1.final_cell_0020-3
7286,0.7481620907783508,human4_lib1.final_cell_0021-3
7287,0.6648100018501282,human4_lib1.final_cell_0022-3
7288,1.0961861610412598,human4_lib1.final_cell_0023-3
7289,0.740456223487854,human4_lib1.final_cell_0024-3
7290,0.4734956622123718,human4_lib1.final_cell_0025-3
7291,0.6946911811828613,human4_lib1.final_cell_0026-3
7292,0.5867602229118347,human4_lib1.final_cell_0027-3
7293,0.6527973413467407,human4_lib1.final_cell_0028-3
7294,1.1971461772918701,human4_lib1.final_cell_0029-3
7295,1.58648681640625,human4_lib1.final_cell_0030-3
7296,1.5628732442855835,human4_lib1.final_cell_0031-3
7297,1.3816583156585693,human4_lib1.final_cell_0032-3
7298,3.0432934761047363,human4_lib1.final_cell_0033-3
7299,0.7013055086135864,human4_lib1.final_cell_0034-3
7300,2.634639263153076,human4_lib1.final_cell_0035-3
7301,0.4754423499107361,human4_lib1.final_cell_0036-3
7302,0.7527119517326355,human4_lib1.final_cell_0037-3
7303,0.8083639740943909,human4_lib1.final_cell_0038-3
7304,0.49498993158340454,human4_lib1.final_cell_0039-3
7305,1.0265610218048096,human4_lib1.final_cell_0040-3
7306,1.3370023965835571,human4_lib1.final_cell_0041-3
7307,1.0361648797988892,human4_lib1.final_cell_0042-3
7308,0.49527624249458313,human4_lib1.final_cell_0043-3
7309,1.8438571691513062,human4_lib1.final_cell_0044-3
7310,2.5859310626983643,human4_lib1.final_cell_0045-3
7311,0.6603291630744934,human4_lib1.final_cell_0046-3
7312,0.6500294208526611,human4_lib1.final_cell_0047-3
7313,0.457748144865036,human4_lib1.final_cell_0048-3
7314,0.7264743447303772,human4_lib1.final_cell_0049-3
7315,0.5080004930496216,human4_lib1.final_cell_0050-3
7316,0.6765151023864746,human4_lib1.final_cell_0051-3
7317,3.3864922523498535,human4_lib1.final_cell_0052-3
7318,0.8180490732192993,human4_lib1.final_cell_0053-3
7319,0.9328107833862305,human4_lib1.final_cell_0054-3
7320,0.5134350657463074,human4_lib1.final_cell_0055-3
7321,0.6463519334793091,human4_lib1.final_cell_0056-3
7322,3.886207103729248,human4_lib1.final_cell_0057-3
7323,0.7623660564422607,human4_lib1.final_cell_0058-3
7324,0.6340939402580261,human4_lib1.final_cell_0059-3
7325,1.0813976526260376,human4_lib1.final_cell_0060-3
7326,0.658196747303009,human4_lib1.final_cell_0061-3
7327,1.2488847970962524,human4_lib1.final_cell_0062-3
7328,0.798332154750824,human4_lib1.final_cell_0063-3
7329,1.1753662824630737,human4_lib1.final_cell_0064-3
7330,1.1487284898757935,human4_lib1.final_cell_0065-3
7331,1.6983144283294678,human4_lib1.final_cell_0066-3
7332,0.5277093052864075,human4_lib1.final_cell_0067-3
7333,0.4721446633338928,human4_lib1.final_cell_0068-3
7334,0.6925276517868042,human4_lib1.final_cell_0069-3
7335,1.4283409118652344,human4_lib1.final_cell_0070-3
7336,1.3946477174758911,human4_lib1.final_cell_0071-3
7337,0.7210747599601746,human4_lib1.final_cell_0072-3
7338,1.3591593503952026,human4_lib1.final_cell_0073-3
7339,0.46096763014793396,human4_lib1.final_cell_0074-3
7340,0.5904037952423096,human4_lib1.final_cell_0075-3
7341,1.9998537302017212,human4_lib1.final_cell_0076-3
7342,3.032332420349121,human4_lib1.final_cell_0077-3
7343,1.0148226022720337,human4_lib1.final_cell_0078-3
7344,1.1826447248458862,human4_lib1.final_cell_0079-3
7345,0.5869553089141846,human4_lib1.final_cell_0080-3
7346,0.6572812795639038,human4_lib1.final_cell_0081-3
7347,1.507944107055664,human4_lib1.final_cell_0082-3
7348,1.124392032623291,human4_lib1.final_cell_0083-3
7349,0.6739428639411926,human4_lib1.final_cell_0084-3
7350,1.1554051637649536,human4_lib1.final_cell_0085-3
7351,0.8869854807853699,human4_lib1.final_cell_0086-3
7352,0.8944260478019714,human4_lib1.final_cell_0087-3
7353,2.0444495677948,human4_lib1.final_cell_0088-3
7354,0.7925925850868225,human4_lib1.final_cell_0089-3
7355,0.75333172082901,human4_lib1.final_cell_0090-3
7356,2.262019395828247,human4_lib1.final_cell_0091-3
7357,1.2008768320083618,human4_lib1.final_cell_0092-3
7358,0.46985936164855957,human4_lib1.final_cell_0093-3
7359,0.5937566757202148,human4_lib1.final_cell_0094-3
7360,1.1133354902267456,human4_lib1.final_cell_0095-3
7361,2.405071496963501,human4_lib1.final_cell_0096-3
7362,0.7371430993080139,human4_lib1.final_cell_0097-3
7363,1.2368993759155273,human4_lib1.final_cell_0098-3
7364,1.0666732788085938,human4_lib1.final_cell_0099-3
7365,1.0208896398544312,human4_lib1.final_cell_0100-3
7366,1.2791743278503418,human4_lib1.final_cell_0101-3
7367,0.8070845603942871,human4_lib1.final_cell_0102-3
7368,0.676974892616272,human4_lib1.final_cell_0103-3
7369,0.451923668384552,human4_lib1.final_cell_0104-3
7370,0.6102365851402283,human4_lib1.final_cell_0105-3
7371,0.6716501712799072,human4_lib1.final_cell_0106-3
7372,0.45515719056129456,human4_lib1.final_cell_0107-3
7373,0.6709123253822327,human4_lib1.final_cell_0108-3
7374,0.9979343414306641,human4_lib1.final_cell_0109-3
7375,0.7533190250396729,human4_lib1.final_cell_0110-3
7376,1.4220778942108154,human4_lib1.final_cell_0111-3
7377,1.4407122135162354,human4_lib1.final_cell_0112-3
7378,0.7402032613754272,human4_lib1.final_cell_0113-3
7379,0.9960327744483948,human4_lib1.final_cell_0114-3
7380,1.8624030351638794,human4_lib1.final_cell_0115-3
7381,1.4049968719482422,human4_lib1.final_cell_0116-3
7382,0.5354846119880676,human4_lib1.final_cell_0117-3
7383,1.2246384620666504,human4_lib1.final_cell_0118-3
7384,1.3069967031478882,human4_lib1.final_cell_0119-3
7385,1.0004518032073975,human4_lib1.final_cell_0120-3
7386,0.8580299615859985,human4_lib1.final_cell_0121-3
7387,1.2056317329406738,human4_lib1.final_cell_0122-3
7388,0.5146390199661255,human4_lib1.final_cell_0123-3
7389,0.6787238121032715,human4_lib1.final_cell_0124-3
7390,1.5154746770858765,human4_lib1.final_cell_0125-3
7391,0.7507635951042175,human4_lib1.final_cell_0126-3
7392,1.0995492935180664,human4_lib1.final_cell_0127-3
7393,1.3614778518676758,human4_lib1.final_cell_0128-3
7394,0.7657564282417297,human4_lib1.final_cell_0129-3
7395,0.6661222577095032,human4_lib1.final_cell_0130-3
7396,0.9896233677864075,human4_lib1.final_cell_0131-3
7397,0.6953665614128113,human4_lib1.final_cell_0132-3
7398,1.111849069595337,human4_lib1.final_cell_0133-3
7399,1.1900153160095215,human4_lib1.final_cell_0134-3
7400,0.5555734634399414,human4_lib1.final_cell_0135-3
7401,0.4988813102245331,human4_lib1.final_cell_0136-3
7402,1.0670377016067505,human4_lib1.final_cell_0137-3
7403,0.796261191368103,human4_lib1.final_cell_0138-3
7404,0.6348488926887512,human4_lib1.final_cell_0139-3
7405,0.6870632171630859,human4_lib1.final_cell_0140-3
7406,0.7394068837165833,human4_lib1.final_cell_0141-3
7407,0.4746936857700348,human4_lib1.final_cell_0142-3
7408,0.8938450217247009,human4_lib1.final_cell_0143-3
7409,0.9784852862358093,human4_lib1.final_cell_0144-3
7410,2.531672954559326,human4_lib1.final_cell_0145-3
7411,0.46861010789871216,human4_lib1.final_cell_0146-3
7412,1.2080049514770508,human4_lib1.final_cell_0147-3
7413,1.176756501197815,human4_lib1.final_cell_0148-3
7414,1.2564585208892822,human4_lib1.final_cell_0149-3
7415,0.7902538776397705,human4_lib1.final_cell_0150-3
7416,0.6950659155845642,human4_lib1.final_cell_0151-3
7417,0.5066943168640137,human4_lib1.final_cell_0152-3
7418,1.3536803722381592,human4_lib1.final_cell_0153-3
7419,0.7452567219734192,human4_lib1.final_cell_0154-3
7420,0.9612534046173096,human4_lib1.final_cell_0155-3
7421,0.7708964347839355,human4_lib1.final_cell_0156-3
7422,1.1752408742904663,human4_lib1.final_cell_0157-3
7423,1.6611645221710205,human4_lib1.final_cell_0158-3
7424,1.6106393337249756,human4_lib1.final_cell_0159-3
7425,0.8979891538619995,human4_lib1.final_cell_0160-3
7426,0.7831030488014221,human4_lib1.final_cell_0161-3
7427,0.4779989719390869,human4_lib1.final_cell_0162-3
7428,0.7320955395698547,human4_lib1.final_cell_0163-3
7429,1.0654795169830322,human4_lib1.final_cell_0164-3
7430,0.48321405053138733,human4_lib1.final_cell_0165-3
7431,0.7437407374382019,human4_lib1.final_cell_0166-3
7432,0.6020996570587158,human4_lib1.final_cell_0167-3
7433,0.6213919520378113,human4_lib1.final_cell_0168-3
7434,0.7830815315246582,human4_lib1.final_cell_0169-3
7435,1.2996819019317627,human4_lib1.final_cell_0170-3
7436,0.5461461544036865,human4_lib1.final_cell_0171-3
7437,0.8232014179229736,human4_lib1.final_cell_0172-3
7438,0.7941671013832092,human4_lib1.final_cell_0173-3
7439,0.7330196499824524,human4_lib1.final_cell_0174-3
7440,1.0106743574142456,human4_lib1.final_cell_0175-3
7441,0.8026588559150696,human4_lib1.final_cell_0176-3
7442,0.6650163531303406,human4_lib1.final_cell_0177-3
7443,1.0275490283966064,human4_lib1.final_cell_0178-3
7444,1.2541073560714722,human4_lib1.final_cell_0179-3
7445,0.9602952003479004,human4_lib1.final_cell_0180-3
7446,3.196084976196289,human4_lib1.final_cell_0181-3
7447,0.6594319939613342,human4_lib1.final_cell_0182-3
7448,1.1210147142410278,human4_lib1.final_cell_0183-3
7449,0.6400007009506226,human4_lib1.final_cell_0184-3
7450,1.0618970394134521,human4_lib1.final_cell_0185-3
7451,0.7915499806404114,human4_lib1.final_cell_0186-3
7452,0.5491875410079956,human4_lib1.final_cell_0187-3
7453,0.5734721422195435,human4_lib1.final_cell_0188-3
7454,0.7318995594978333,human4_lib1.final_cell_0189-3
7455,0.45271363854408264,human4_lib1.final_cell_0190-3
7456,0.5061155557632446,human4_lib1.final_cell_0191-3
7457,0.8219784498214722,human4_lib1.final_cell_0192-3
7458,0.844163715839386,human4_lib1.final_cell_0193-3
7459,0.6209078431129456,human4_lib1.final_cell_0194-3
7460,0.48804396390914917,human4_lib1.final_cell_0195-3
7461,1.3977408409118652,human4_lib1.final_cell_0196-3
7462,1.1451756954193115,human4_lib1.final_cell_0197-3
7463,0.6262865662574768,human4_lib1.final_cell_0198-3
7464,1.5084112882614136,human4_lib1.final_cell_0199-3
7465,0.983561635017395,human4_lib1.final_cell_0200-3
7466,1.9551613330841064,human4_lib1.final_cell_0201-3
7467,0.8585038781166077,human4_lib1.final_cell_0202-3
7468,1.5315479040145874,human4_lib1.final_cell_0203-3
7469,1.161790370941162,human4_lib1.final_cell_0204-3
7470,0.5910959243774414,human4_lib1.final_cell_0205-3
7471,0.9161765575408936,human4_lib1.final_cell_0206-3
7472,0.49205121397972107,human4_lib1.final_cell_0207-3
7473,1.1647840738296509,human4_lib1.final_cell_0208-3
7474,1.0985270738601685,human4_lib1.final_cell_0209-3
7475,0.8112100958824158,human4_lib1.final_cell_0210-3
7476,0.49750015139579773,human4_lib1.final_cell_0211-3
7477,1.1190972328186035,human4_lib1.final_cell_0212-3
7478,1.528310775756836,human4_lib1.final_cell_0213-3
7479,0.46739661693573,human4_lib1.final_cell_0214-3
7480,1.1204018592834473,human4_lib1.final_cell_0215-3
7481,0.5738916993141174,human4_lib1.final_cell_0216-3
7482,1.1407755613327026,human4_lib1.final_cell_0217-3
7483,1.1728029251098633,human4_lib1.final_cell_0218-3
7484,1.0620651245117188,human4_lib1.final_cell_0219-3
7485,1.2557185888290405,human4_lib1.final_cell_0220-3
7486,0.6694802641868591,human4_lib1.final_cell_0221-3
7487,1.3447909355163574,human4_lib1.final_cell_0222-3
7488,1.4628733396530151,human4_lib1.final_cell_0223-3
7489,0.8643572926521301,human4_lib1.final_cell_0224-3
7490,0.8305938243865967,human4_lib1.final_cell_0225-3
7491,0.7848804593086243,human4_lib1.final_cell_0226-3
7492,0.722943127155304,human4_lib1.final_cell_0227-3
7493,0.5125192999839783,human4_lib1.final_cell_0228-3
7494,1.0817211866378784,human4_lib1.final_cell_0229-3
7495,0.5514827966690063,human4_lib1.final_cell_0230-3
7496,2.502810001373291,human4_lib1.final_cell_0231-3
7497,0.47075968980789185,human4_lib1.final_cell_0232-3
7498,0.5856956243515015,human4_lib1.final_cell_0233-3
7499,0.586130678653717,human4_lib1.final_cell_0234-3
7500,1.5713586807250977,human4_lib1.final_cell_0235-3
7501,1.9726388454437256,human4_lib1.final_cell_0236-3
7502,1.1561782360076904,human4_lib1.final_cell_0237-3
7503,0.9808361530303955,human4_lib1.final_cell_0238-3
7504,1.1099450588226318,human4_lib1.final_cell_0239-3
7505,1.2751003503799438,human4_lib1.final_cell_0240-3
7506,0.6788706183433533,human4_lib1.final_cell_0241-3
7507,1.2177784442901611,human4_lib1.final_cell_0242-3
7508,0.6560048460960388,human4_lib1.final_cell_0243-3
7509,0.6553723216056824,human4_lib1.final_cell_0244-3
7510,0.7021694779396057,human4_lib1.final_cell_0245-3
7511,0.6433140635490417,human4_lib1.final_cell_0246-3
7512,0.6139398217201233,human4_lib1.final_cell_0247-3
7513,0.7261894345283508,human4_lib1.final_cell_0248-3
7514,0.7275734543800354,human4_lib1.final_cell_0249-3
7515,0.4601377844810486,human4_lib1.final_cell_0250-3
7516,1.1831903457641602,human4_lib1.final_cell_0251-3
7517,1.084678053855896,human4_lib1.final_cell_0252-3
7518,0.7807793021202087,human4_lib1.final_cell_0253-3
7519,0.6150384545326233,human4_lib1.final_cell_0254-3
7520,0.5102810263633728,human4_lib1.final_cell_0255-3
7521,1.0230978727340698,human4_lib1.final_cell_0256-3
7522,1.2921260595321655,human4_lib1.final_cell_0257-3
7523,0.7806032299995422,human4_lib1.final_cell_0258-3
7524,0.7398574948310852,human4_lib1.final_cell_0259-3
7525,1.0409280061721802,human4_lib1.final_cell_0260-3
7526,0.6093377470970154,human4_lib1.final_cell_0261-3
7527,0.9490100145339966,human4_lib1.final_cell_0262-3
7528,0.6253249049186707,human4_lib1.final_cell_0263-3
7529,1.1959508657455444,human4_lib1.final_cell_0264-3
7530,1.2860064506530762,human4_lib1.final_cell_0265-3
7531,0.6337367296218872,human4_lib1.final_cell_0266-3
7532,0.7461114525794983,human4_lib1.final_cell_0267-3
7533,1.6220011711120605,human4_lib1.final_cell_0268-3
7534,0.6981964707374573,human4_lib1.final_cell_0269-3
7535,1.127097725868225,human4_lib1.final_cell_0270-3
7536,1.2484134435653687,human4_lib1.final_cell_0271-3
7537,0.7047222256660461,human4_lib1.final_cell_0272-3
7538,0.9748794436454773,human4_lib1.final_cell_0273-3
7539,0.9605438113212585,human4_lib1.final_cell_0274-3
7540,0.48915979266166687,human4_lib1.final_cell_0275-3
7541,1.5312578678131104,human4_lib1.final_cell_0276-3
7542,0.7804633378982544,human4_lib1.final_cell_0277-3
7543,0.6004133224487305,human4_lib1.final_cell_0278-3
7544,0.4810127019882202,human4_lib1.final_cell_0279-3
7545,0.8073075413703918,human4_lib1.final_cell_0280-3
7546,0.549069881439209,human4_lib1.final_cell_0281-3
7547,0.8874781727790833,human4_lib1.final_cell_0282-3
7548,0.6185318827629089,human4_lib1.final_cell_0283-3
7549,0.46076810359954834,human4_lib1.final_cell_0284-3
7550,1.102421522140503,human4_lib1.final_cell_0285-3
7551,0.5822449326515198,human4_lib1.final_cell_0286-3
7552,1.0860739946365356,human4_lib1.final_cell_0287-3
7553,0.5826348066329956,human4_lib1.final_cell_0288-3
7554,0.4636177122592926,human4_lib1.final_cell_0289-3
7555,0.9591444730758667,human4_lib1.final_cell_0290-3
7556,0.649760365486145,human4_lib1.final_cell_0291-3
7557,0.6563056111335754,human4_lib1.final_cell_0292-3
7558,1.002605676651001,human4_lib1.final_cell_0293-3
7559,0.452783465385437,human4_lib1.final_cell_0294-3
7560,2.423403263092041,human4_lib1.final_cell_0295-3
7561,0.4575422704219818,human4_lib1.final_cell_0296-3
7562,0.7424231767654419,human4_lib1.final_cell_0297-3
7563,1.4131126403808594,human4_lib1.final_cell_0298-3
7564,0.8536403775215149,human4_lib1.final_cell_0299-3
7565,1.468924641609192,human4_lib1.final_cell_0300-3
7566,0.7798846364021301,human4_lib1.final_cell_0301-3
7567,1.2936760187149048,human4_lib1.final_cell_0302-3
7568,1.5934197902679443,human4_lib1.final_cell_0303-3
7569,1.198691725730896,human4_lib1.final_cell_0304-3
7570,0.9976701736450195,human4_lib1.final_cell_0305-3
7571,0.7745382189750671,human4_lib1.final_cell_0306-3
7572,0.7142427563667297,human4_lib1.final_cell_0307-3
7573,0.45426931977272034,human4_lib1.final_cell_0308-3
7574,2.0653774738311768,human4_lib1.final_cell_0309-3
7575,0.5318514704704285,human4_lib1.final_cell_0310-3
7576,1.380193829536438,human4_lib1.final_cell_0311-3
7577,1.0733566284179688,human4_lib1.final_cell_0312-3
7578,0.6616367697715759,human4_lib1.final_cell_0313-3
7579,0.6598863005638123,human4_lib1.final_cell_0314-3
7580,0.45306316018104553,human4_lib1.final_cell_0315-3
7581,0.6436111927032471,human4_lib1.final_cell_0316-3
7582,0.6655362248420715,human4_lib1.final_cell_0317-3
7583,4.507195949554443,human4_lib1.final_cell_0318-3
7584,0.9530668258666992,human4_lib1.final_cell_0319-3
7585,0.5454816222190857,human4_lib1.final_cell_0320-3
7586,1.06472647190094,human4_lib1.final_cell_0321-3
7587,0.5794017910957336,human4_lib1.final_cell_0322-3
7588,1.3471245765686035,human4_lib1.final_cell_0323-3
7589,1.2389380931854248,human4_lib1.final_cell_0324-3
7590,0.9792191386222839,human4_lib1.final_cell_0325-3
7591,1.7756309509277344,human4_lib1.final_cell_0326-3
7592,0.5909839272499084,human4_lib1.final_cell_0327-3
7593,1.5911692380905151,human4_lib1.final_cell_0328-3
7594,1.376222848892212,human4_lib1.final_cell_0329-3
7595,0.6543200612068176,human4_lib1.final_cell_0330-3
7596,1.5369539260864258,human4_lib1.final_cell_0331-3
7597,0.668931245803833,human4_lib1.final_cell_0332-3
7598,0.46145114302635193,human4_lib1.final_cell_0333-3
7599,1.2849475145339966,human4_lib1.final_cell_0334-3
7600,0.4529973864555359,human4_lib1.final_cell_0335-3
7601,1.0352015495300293,human4_lib1.final_cell_0336-3
7602,0.7192230820655823,human4_lib1.final_cell_0337-3
7603,0.8172712922096252,human4_lib1.final_cell_0338-3
7604,0.7278870940208435,human4_lib1.final_cell_0339-3
7605,0.5715991854667664,human4_lib1.final_cell_0340-3
7606,0.7958741784095764,human4_lib1.final_cell_0341-3
7607,0.9379592537879944,human4_lib1.final_cell_0342-3
7608,2.1815171241760254,human4_lib1.final_cell_0343-3
7609,0.4648422300815582,human4_lib1.final_cell_0344-3
7610,0.47652745246887207,human4_lib1.final_cell_0345-3
7611,1.2285600900650024,human4_lib1.final_cell_0346-3
7612,0.705528974533081,human4_lib1.final_cell_0347-3
7613,0.6165825724601746,human4_lib1.final_cell_0348-3
7614,2.706531047821045,human4_lib1.final_cell_0349-3
7615,0.5136444568634033,human4_lib1.final_cell_0350-3
7616,0.9661510586738586,human4_lib1.final_cell_0351-3
7617,0.6923169493675232,human4_lib1.final_cell_0352-3
7618,0.5038379430770874,human4_lib1.final_cell_0353-3
7619,1.4374819993972778,human4_lib1.final_cell_0354-3
7620,0.8562576174736023,human4_lib1.final_cell_0355-3
7621,0.7234373688697815,human4_lib1.final_cell_0356-3
7622,0.45155754685401917,human4_lib1.final_cell_0357-3
7623,2.0340375900268555,human4_lib1.final_cell_0358-3
7624,0.6511414051055908,human4_lib1.final_cell_0359-3
7625,2.7854056358337402,human4_lib1.final_cell_0360-3
7626,2.6744954586029053,human4_lib1.final_cell_0361-3
7627,1.0950461626052856,human4_lib1.final_cell_0362-3
7628,0.5133823156356812,human4_lib1.final_cell_0363-3
7629,1.071038842201233,human4_lib1.final_cell_0364-3
7630,1.6400707960128784,human4_lib1.final_cell_0365-3
7631,0.6135137677192688,human4_lib1.final_cell_0366-3
7632,1.2618659734725952,human4_lib1.final_cell_0367-3
7633,0.7607434391975403,human4_lib1.final_cell_0368-3
7634,0.5830910801887512,human4_lib1.final_cell_0369-3
7635,0.4593490958213806,human4_lib1.final_cell_0370-3
7636,2.0062172412872314,human4_lib1.final_cell_0371-3
7637,1.1207736730575562,human4_lib1.final_cell_0372-3
7638,0.46124202013015747,human4_lib1.final_cell_0373-3
7639,1.026370882987976,human4_lib1.final_cell_0374-3
7640,0.6375454664230347,human4_lib1.final_cell_0375-3
7641,0.6017624139785767,human4_lib1.final_cell_0376-3
7642,0.8130234479904175,human4_lib1.final_cell_0377-3
7643,0.5471781492233276,human4_lib1.final_cell_0378-3
7644,1.9273356199264526,human4_lib1.final_cell_0379-3
7645,0.6782510280609131,human4_lib1.final_cell_0380-3
7646,0.8499617576599121,human4_lib1.final_cell_0381-3
7647,0.8201992511749268,human4_lib1.final_cell_0382-3
7648,0.7854488492012024,human4_lib1.final_cell_0383-3
7649,0.8987994194030762,human4_lib1.final_cell_0384-3
7650,0.5599415898323059,human4_lib1.final_cell_0385-3
7651,0.5035004615783691,human4_lib1.final_cell_0386-3
7652,0.782662034034729,human4_lib1.final_cell_0387-3
7653,1.2983691692352295,human4_lib1.final_cell_0388-3
7654,1.115242600440979,human4_lib1.final_cell_0389-3
7655,1.2991498708724976,human4_lib1.final_cell_0390-3
7656,0.4544212818145752,human4_lib1.final_cell_0391-3
7657,0.49306461215019226,human4_lib1.final_cell_0392-3
7658,0.702958881855011,human4_lib1.final_cell_0393-3
7659,0.5030947327613831,human4_lib1.final_cell_0394-3
7660,1.2995671033859253,human4_lib1.final_cell_0395-3
7661,0.6648222804069519,human4_lib1.final_cell_0396-3
7662,0.7412603497505188,human4_lib1.final_cell_0397-3
7663,0.560663104057312,human4_lib1.final_cell_0398-3
7664,2.9265410900115967,human4_lib1.final_cell_0399-3
7665,1.380918025970459,human4_lib1.final_cell_0400-3
7666,0.706037700176239,human4_lib1.final_cell_0401-3
7667,1.0652714967727661,human4_lib1.final_cell_0402-3
7668,1.49286687374115,human4_lib1.final_cell_0403-3
7669,1.1264839172363281,human4_lib1.final_cell_0404-3
7670,0.671745240688324,human4_lib1.final_cell_0405-3
7671,0.8280898928642273,human4_lib1.final_cell_0406-3
7672,0.6581112146377563,human4_lib1.final_cell_0407-3
7673,0.4966248869895935,human4_lib1.final_cell_0408-3
7674,0.7784289717674255,human4_lib1.final_cell_0409-3
7675,1.1335638761520386,human4_lib1.final_cell_0410-3
7676,1.442929983139038,human4_lib1.final_cell_0411-3
7677,0.7636627554893494,human4_lib1.final_cell_0412-3
7678,1.3873145580291748,human4_lib1.final_cell_0413-3
7679,0.8309495449066162,human4_lib1.final_cell_0414-3
7680,1.5567961931228638,human4_lib1.final_cell_0415-3
7681,0.7019644379615784,human4_lib1.final_cell_0416-3
7682,1.4253079891204834,human4_lib1.final_cell_0417-3
7683,1.3288747072219849,human4_lib1.final_cell_0418-3
7684,0.613178014755249,human4_lib1.final_cell_0419-3
7685,1.5427427291870117,human4_lib1.final_cell_0420-3
7686,0.8386891484260559,human4_lib1.final_cell_0421-3
7687,1.3248014450073242,human4_lib1.final_cell_0422-3
7688,0.6648597717285156,human4_lib1.final_cell_0423-3
7689,0.6437150239944458,human4_lib1.final_cell_0424-3
7690,1.8287242650985718,human4_lib1.final_cell_0425-3
7691,0.6723863482475281,human4_lib1.final_cell_0426-3
7692,0.6141409277915955,human4_lib1.final_cell_0427-3
7693,0.5010538101196289,human4_lib1.final_cell_0428-3
7694,0.6588040590286255,human4_lib1.final_cell_0429-3
7695,1.1158359050750732,human4_lib1.final_cell_0430-3
7696,0.6667860746383667,human4_lib1.final_cell_0431-3
7697,1.0187768936157227,human4_lib1.final_cell_0432-3
7698,0.8972572088241577,human4_lib1.final_cell_0433-3
7699,1.7457624673843384,human4_lib1.final_cell_0434-3
7700,0.5099629163742065,human4_lib1.final_cell_0435-3
7701,1.2485897541046143,human4_lib1.final_cell_0436-3
7702,1.6451070308685303,human4_lib1.final_cell_0437-3
7703,0.9933621287345886,human4_lib1.final_cell_0438-3
7704,1.2743555307388306,human4_lib1.final_cell_0439-3
7705,1.2423471212387085,human4_lib1.final_cell_0440-3
7706,0.5655642151832581,human4_lib1.final_cell_0441-3
7707,0.5341105461120605,human4_lib1.final_cell_0442-3
7708,0.4793451130390167,human4_lib1.final_cell_0443-3
7709,1.0448074340820312,human4_lib1.final_cell_0444-3
7710,1.0298635959625244,human4_lib1.final_cell_0445-3
7711,1.4217852354049683,human4_lib1.final_cell_0446-3
7712,1.9973435401916504,human4_lib1.final_cell_0447-3
7713,0.4629535973072052,human4_lib1.final_cell_0448-3
7714,1.6502001285552979,human4_lib1.final_cell_0449-3
7715,1.8404722213745117,human4_lib1.final_cell_0450-3
7716,0.9593281149864197,human4_lib1.final_cell_0451-3
7717,2.5044705867767334,human4_lib1.final_cell_0452-3
7718,0.9018280506134033,human4_lib1.final_cell_0453-3
7719,1.040398359298706,human4_lib1.final_cell_0454-3
7720,1.3646581172943115,human4_lib1.final_cell_0455-3
7721,0.6431857347488403,human4_lib1.final_cell_0456-3
7722,0.7152855396270752,human4_lib1.final_cell_0457-3
7723,1.5047458410263062,human4_lib1.final_cell_0458-3
7724,0.8227861523628235,human4_lib1.final_cell_0459-3
7725,0.6509777903556824,human4_lib1.final_cell_0460-3
7726,0.9952241778373718,human4_lib1.final_cell_0461-3
7727,1.5531593561172485,human4_lib1.final_cell_0462-3
7728,0.8490939140319824,human4_lib1.final_cell_0463-3
7729,1.5532337427139282,human4_lib1.final_cell_0464-3
7730,0.7388250827789307,human4_lib1.final_cell_0465-3
7731,2.969843626022339,human4_lib1.final_cell_0466-3
7732,0.8277003765106201,human4_lib1.final_cell_0467-3
7733,1.2061861753463745,human4_lib1.final_cell_0468-3
7734,1.1506056785583496,human4_lib1.final_cell_0469-3
7735,1.2443602085113525,human4_lib1.final_cell_0470-3
7736,1.4450993537902832,human4_lib1.final_cell_0471-3
7737,0.5579339265823364,human4_lib1.final_cell_0472-3
7738,0.4813230335712433,human4_lib1.final_cell_0473-3
7739,0.7203420996665955,human4_lib1.final_cell_0474-3
7740,0.9935160279273987,human4_lib1.final_cell_0475-3
7741,0.7839266061782837,human4_lib1.final_cell_0476-3
7742,0.6297518014907837,human4_lib1.final_cell_0477-3
7743,0.7641509771347046,human4_lib1.final_cell_0478-3
7744,0.7127130627632141,human4_lib1.final_cell_0479-3
7745,0.48330384492874146,human4_lib1.final_cell_0480-3
7746,0.6112229228019714,human4_lib1.final_cell_0481-3
7747,0.6880357265472412,human4_lib1.final_cell_0482-3
7748,0.6458925008773804,human4_lib1.final_cell_0483-3
7749,1.231561303138733,human4_lib1.final_cell_0484-3
7750,1.3031615018844604,human4_lib1.final_cell_0485-3
7751,0.7233341336250305,human4_lib1.final_cell_0486-3
7752,0.6871435046195984,human4_lib1.final_cell_0487-3
7753,1.626600980758667,human4_lib1.final_cell_0488-3
7754,0.9439616799354553,human4_lib1.final_cell_0489-3
7755,1.184180736541748,human4_lib1.final_cell_0490-3
7756,2.178372621536255,human4_lib1.final_cell_0491-3
7757,1.1769723892211914,human4_lib1.final_cell_0492-3
7758,1.7545139789581299,human4_lib1.final_cell_0493-3
7759,0.661908745765686,human4_lib1.final_cell_0494-3
7760,1.2914096117019653,human4_lib1.final_cell_0495-3
7761,1.2320728302001953,human4_lib1.final_cell_0496-3
7762,0.598696231842041,human4_lib1.final_cell_0497-3
7763,0.5738361477851868,human4_lib1.final_cell_0498-3
7764,0.8749430179595947,human4_lib1.final_cell_0499-3
7765,0.7226924300193787,human4_lib1.final_cell_0500-3
7766,0.7312378287315369,human4_lib1.final_cell_0501-3
7767,1.6489503383636475,human4_lib1.final_cell_0502-3
7768,1.3434374332427979,human4_lib1.final_cell_0503-3
7769,0.5605645775794983,human4_lib1.final_cell_0504-3
7770,1.5392323732376099,human4_lib1.final_cell_0505-3
7771,1.6130695343017578,human4_lib1.final_cell_0506-3
7772,1.933643102645874,human4_lib1.final_cell_0507-3
7773,0.5072834491729736,human4_lib1.final_cell_0508-3
7774,1.8592424392700195,human4_lib1.final_cell_0509-3
7775,0.6130802631378174,human4_lib1.final_cell_0510-3
7776,0.5057855844497681,human4_lib1.final_cell_0511-3
7777,0.6734830737113953,human4_lib1.final_cell_0512-3
7778,1.5612893104553223,human4_lib1.final_cell_0513-3
7779,0.9176480174064636,human4_lib1.final_cell_0514-3
7780,0.829439640045166,human4_lib1.final_cell_0515-3
7781,0.6093560457229614,human4_lib1.final_cell_0516-3
7782,1.287615180015564,human4_lib1.final_cell_0517-3
7783,0.9238314628601074,human4_lib1.final_cell_0518-3
7784,0.9939931035041809,human4_lib1.final_cell_0519-3
7785,1.250588297843933,human4_lib1.final_cell_0520-3
7786,0.6151741147041321,human4_lib1.final_cell_0521-3
7787,0.7199743986129761,human4_lib1.final_cell_0522-3
7788,0.8928148150444031,human4_lib1.final_cell_0523-3
7789,0.8170241117477417,human4_lib1.final_cell_0524-3
7790,0.9038193821907043,human4_lib1.final_cell_0525-3
7791,1.226474404335022,human4_lib1.final_cell_0526-3
7792,0.8714234232902527,human4_lib1.final_cell_0527-3
7793,1.2577781677246094,human4_lib1.final_cell_0528-3
7794,0.6283060312271118,human4_lib1.final_cell_0529-3
7795,0.7382575273513794,human4_lib1.final_cell_0530-3
7796,0.8643046021461487,human4_lib1.final_cell_0531-3
7797,1.4298357963562012,human4_lib1.final_cell_0532-3
7798,1.070183277130127,human4_lib1.final_cell_0533-3
7799,1.0705089569091797,human4_lib1.final_cell_0534-3
7800,1.8427422046661377,human4_lib1.final_cell_0535-3
7801,1.0926672220230103,human4_lib1.final_cell_0536-3
7802,0.708302915096283,human4_lib1.final_cell_0537-3
7803,0.8051779866218567,human4_lib1.final_cell_0538-3
7804,0.6203817129135132,human4_lib1.final_cell_0539-3
7805,1.1455154418945312,human4_lib1.final_cell_0540-3
7806,0.46321406960487366,human4_lib1.final_cell_0541-3
7807,1.70058274269104,human4_lib1.final_cell_0542-3
7808,1.8834463357925415,human4_lib1.final_cell_0543-3
7809,3.0673463344573975,human4_lib1.final_cell_0544-3
7810,1.4525041580200195,human4_lib1.final_cell_0545-3
7811,1.0179612636566162,human4_lib1.final_cell_0546-3
7812,0.7659847736358643,human4_lib1.final_cell_0547-3
7813,1.563254475593567,human4_lib1.final_cell_0548-3
7814,1.4247335195541382,human4_lib1.final_cell_0549-3
7815,0.9947074055671692,human4_lib1.final_cell_0550-3
7816,0.8157186508178711,human4_lib1.final_cell_0551-3
7817,0.8490421175956726,human4_lib1.final_cell_0552-3
7818,0.5639899373054504,human4_lib1.final_cell_0553-3
7819,1.0738701820373535,human4_lib1.final_cell_0554-3
7820,1.2249106168746948,human4_lib1.final_cell_0555-3
7821,1.1049798727035522,human4_lib1.final_cell_0556-3
7822,1.0555585622787476,human4_lib1.final_cell_0557-3
7823,0.6167845129966736,human4_lib1.final_cell_0558-3
7824,1.0624518394470215,human4_lib1.final_cell_0559-3
7825,0.5714908838272095,human4_lib1.final_cell_0560-3
7826,1.5449312925338745,human4_lib1.final_cell_0561-3
7827,0.9693483710289001,human4_lib1.final_cell_0562-3
7828,2.177845001220703,human4_lib1.final_cell_0563-3
7829,1.5242478847503662,human4_lib1.final_cell_0564-3
7830,0.9729037284851074,human4_lib1.final_cell_0565-3
7831,1.8065710067749023,human4_lib1.final_cell_0566-3
7832,0.895915687084198,human4_lib1.final_cell_0567-3
7833,3.243952512741089,human4_lib1.final_cell_0568-3
7834,0.6028432846069336,human4_lib1.final_cell_0569-3
7835,1.60835599899292,human4_lib1.final_cell_0570-3
7836,1.3197920322418213,human4_lib1.final_cell_0571-3
7837,1.2012840509414673,human4_lib1.final_cell_0572-3
7838,0.6849568486213684,human4_lib1.final_cell_0573-3
7839,0.7823339700698853,human4_lib1.final_cell_0574-3
7840,1.3481519222259521,human4_lib1.final_cell_0575-3
7841,0.663018524646759,human4_lib1.final_cell_0576-3
7842,1.317907691001892,human4_lib1.final_cell_0577-3
7843,1.4917606115341187,human4_lib1.final_cell_0578-3
7844,2.4135303497314453,human4_lib1.final_cell_0579-3
7845,1.3065130710601807,human4_lib1.final_cell_0580-3
7846,0.8106297254562378,human4_lib1.final_cell_0581-3
7847,1.4673271179199219,human4_lib1.final_cell_0582-3
7848,0.8991256952285767,human4_lib1.final_cell_0583-3
7849,1.15528404712677,human4_lib1.final_cell_0584-3
7850,1.5134799480438232,human4_lib1.final_cell_0585-3
7851,0.7359738945960999,human4_lib1.final_cell_0586-3
7852,0.6824674606323242,human4_lib1.final_cell_0587-3
7853,0.8275594115257263,human4_lib1.final_cell_0588-3
7854,0.6532670855522156,human4_lib1.final_cell_0589-3
7855,1.2564566135406494,human4_lib1.final_cell_0590-3
7856,0.8458814024925232,human4_lib1.final_cell_0591-3
7857,1.2939116954803467,human4_lib1.final_cell_0592-3
7858,0.8337942957878113,human4_lib1.final_cell_0593-3
7859,1.991941213607788,human4_lib1.final_cell_0594-3
7860,1.1868698596954346,human4_lib1.final_cell_0595-3
7861,1.027937650680542,human4_lib1.final_cell_0596-3
7862,0.6103575229644775,human4_lib1.final_cell_0597-3
7863,1.248631477355957,human4_lib1.final_cell_0598-3
7864,1.110249638557434,human4_lib1.final_cell_0599-3
7865,3.02655291557312,human4_lib1.final_cell_0600-3
7866,1.0784153938293457,human4_lib1.final_cell_0601-3
7867,1.3172531127929688,human4_lib1.final_cell_0602-3
7868,0.7831259965896606,human4_lib3.final_cell_0001-3
7869,0.7689009308815002,human4_lib3.final_cell_0002-3
7870,0.6888808608055115,human4_lib3.final_cell_0003-3
7871,0.8334082961082458,human4_lib3.final_cell_0004-3
7872,1.1405078172683716,human4_lib3.final_cell_0005-3
7873,1.3821395635604858,human4_lib3.final_cell_0006-3
7874,1.1300623416900635,human4_lib3.final_cell_0007-3
7875,1.371880054473877,human4_lib3.final_cell_0008-3
7876,3.606933116912842,human4_lib3.final_cell_0009-3
7877,0.7117500305175781,human4_lib3.final_cell_0010-3
7878,1.1475553512573242,human4_lib3.final_cell_0011-3
7879,0.6205133199691772,human4_lib3.final_cell_0012-3
7880,1.384308099746704,human4_lib3.final_cell_0013-3
7881,1.034471869468689,human4_lib3.final_cell_0014-3
7882,1.136629343032837,human4_lib3.final_cell_0015-3
7883,0.7095553874969482,human4_lib3.final_cell_0016-3
7884,1.8179930448532104,human4_lib3.final_cell_0017-3
7885,1.0000364780426025,human4_lib3.final_cell_0018-3
7886,0.5366387367248535,human4_lib3.final_cell_0019-3
7887,1.2395960092544556,human4_lib3.final_cell_0020-3
7888,1.2549093961715698,human4_lib3.final_cell_0021-3
7889,1.8709850311279297,human4_lib3.final_cell_0022-3
7890,1.3967891931533813,human4_lib3.final_cell_0023-3
7891,0.6676339507102966,human4_lib3.final_cell_0024-3
7892,0.89412522315979,human4_lib3.final_cell_0025-3
7893,0.8349061012268066,human4_lib3.final_cell_0026-3
7894,0.587727963924408,human4_lib3.final_cell_0027-3
7895,1.6513031721115112,human4_lib3.final_cell_0028-3
7896,0.6484542489051819,human4_lib3.final_cell_0029-3
7897,0.7811797857284546,human4_lib3.final_cell_0030-3
7898,1.2394015789031982,human4_lib3.final_cell_0031-3
7899,0.47585785388946533,human4_lib3.final_cell_0032-3
7900,0.7010501027107239,human4_lib3.final_cell_0033-3
7901,0.6618255972862244,human4_lib3.final_cell_0034-3
7902,1.1513066291809082,human4_lib3.final_cell_0035-3
7903,0.6152534484863281,human4_lib3.final_cell_0036-3
7904,0.6455350518226624,human4_lib3.final_cell_0037-3
7905,1.6192539930343628,human4_lib3.final_cell_0038-3
7906,0.7746369242668152,human4_lib3.final_cell_0039-3
7907,0.6425850987434387,human4_lib3.final_cell_0040-3
7908,0.7081683874130249,human4_lib3.final_cell_0041-3
7909,0.6988294720649719,human4_lib3.final_cell_0042-3
7910,1.5652791261672974,human4_lib3.final_cell_0043-3
7911,1.373026967048645,human4_lib3.final_cell_0044-3
7912,1.1098130941390991,human4_lib3.final_cell_0045-3
7913,1.1588975191116333,human4_lib3.final_cell_0046-3
7914,1.081897258758545,human4_lib3.final_cell_0047-3
7915,0.5972981452941895,human4_lib3.final_cell_0048-3
7916,1.0977988243103027,human4_lib3.final_cell_0049-3
7917,0.8604303598403931,human4_lib3.final_cell_0050-3
7918,0.6064629554748535,human4_lib3.final_cell_0051-3
7919,0.7310031652450562,human4_lib3.final_cell_0052-3
7920,0.9144474864006042,human4_lib3.final_cell_0053-3
7921,1.1933019161224365,human4_lib3.final_cell_0054-3
7922,0.9235112071037292,human4_lib3.final_cell_0055-3
7923,0.778119683265686,human4_lib3.final_cell_0056-3
7924,1.370408058166504,human4_lib3.final_cell_0057-3
7925,0.6572683453559875,human4_lib3.final_cell_0058-3
7926,2.0273282527923584,human4_lib3.final_cell_0059-3
7927,0.4505753815174103,human4_lib3.final_cell_0060-3
7928,0.5507748126983643,human4_lib3.final_cell_0061-3
7929,1.252884864807129,human4_lib3.final_cell_0062-3
7930,1.1097956895828247,human4_lib3.final_cell_0063-3
7931,2.6278634071350098,human4_lib3.final_cell_0064-3
7932,0.6573354005813599,human4_lib3.final_cell_0065-3
7933,0.838689923286438,human4_lib3.final_cell_0066-3
7934,0.6305648684501648,human4_lib3.final_cell_0067-3
7935,1.006965160369873,human4_lib3.final_cell_0068-3
7936,2.1689796447753906,human4_lib3.final_cell_0069-3
7937,0.8484066724777222,human4_lib3.final_cell_0070-3
7938,1.264284372329712,human4_lib3.final_cell_0071-3
7939,1.4026737213134766,human4_lib3.final_cell_0072-3
7940,0.556885302066803,human4_lib3.final_cell_0073-3
7941,0.6873409748077393,human4_lib3.final_cell_0074-3
7942,1.0837714672088623,human4_lib3.final_cell_0075-3
7943,2.5365538597106934,human4_lib3.final_cell_0076-3
7944,0.9130423069000244,human4_lib3.final_cell_0077-3
7945,0.7522276043891907,human4_lib3.final_cell_0078-3
7946,1.1790919303894043,human4_lib3.final_cell_0079-3
7947,0.7569769024848938,human4_lib3.final_cell_0080-3
7948,0.6059841513633728,human4_lib3.final_cell_0081-3
7949,0.5264067053794861,human4_lib3.final_cell_0082-3
7950,0.8482236266136169,human4_lib3.final_cell_0083-3
7951,1.3428579568862915,human4_lib3.final_cell_0084-3
7952,0.5795340538024902,human4_lib3.final_cell_0085-3
7953,1.2716134786605835,human4_lib3.final_cell_0086-3
7954,0.4965091943740845,human4_lib3.final_cell_0087-3
7955,0.4986390471458435,human4_lib3.final_cell_0088-3
7956,1.8783611059188843,human4_lib3.final_cell_0089-3
7957,1.674508810043335,human4_lib3.final_cell_0090-3
7958,1.2507038116455078,human4_lib3.final_cell_0091-3
7959,0.6802350282669067,human4_lib3.final_cell_0092-3
7960,0.6934197545051575,human4_lib3.final_cell_0093-3
7961,0.6668685674667358,human4_lib3.final_cell_0094-3
7962,0.46000319719314575,human4_lib3.final_cell_0095-3
7963,1.4007384777069092,human4_lib3.final_cell_0096-3
7964,1.2593861818313599,human4_lib3.final_cell_0097-3
7965,0.5138976573944092,human4_lib3.final_cell_0098-3
7966,0.5891417860984802,human4_lib3.final_cell_0099-3
7967,1.0017811059951782,human4_lib3.final_cell_0100-3
7968,0.6533503532409668,human4_lib3.final_cell_0101-3
7969,0.49820801615715027,human4_lib3.final_cell_0102-3
7970,0.6010366082191467,human4_lib3.final_cell_0103-3
7971,1.2834848165512085,human4_lib3.final_cell_0104-3
7972,0.6999152302742004,human4_lib3.final_cell_0105-3
7973,1.5974849462509155,human4_lib3.final_cell_0106-3
7974,0.7446034550666809,human4_lib3.final_cell_0107-3
7975,0.6026657819747925,human4_lib3.final_cell_0108-3
7976,0.7139502763748169,human4_lib3.final_cell_0109-3
7977,0.7736481428146362,human4_lib3.final_cell_0110-3
7978,0.6218078136444092,human4_lib3.final_cell_0111-3
7979,0.9142504930496216,human4_lib3.final_cell_0112-3
7980,1.3109369277954102,human4_lib3.final_cell_0113-3
7981,0.9992489218711853,human4_lib3.final_cell_0114-3
7982,0.7061811685562134,human4_lib3.final_cell_0115-3
7983,1.0969033241271973,human4_lib3.final_cell_0116-3
7984,1.3983190059661865,human4_lib3.final_cell_0117-3
7985,0.458635538816452,human4_lib3.final_cell_0118-3
7986,1.8341752290725708,human4_lib3.final_cell_0119-3
7987,0.5574140548706055,human4_lib3.final_cell_0120-3
7988,0.8803035616874695,human4_lib3.final_cell_0121-3
7989,1.3715335130691528,human4_lib3.final_cell_0122-3
7990,1.0977203845977783,human4_lib3.final_cell_0123-3
7991,0.47804170846939087,human4_lib3.final_cell_0124-3
7992,1.0786410570144653,human4_lib3.final_cell_0125-3
7993,1.465607762336731,human4_lib3.final_cell_0126-3
7994,0.48124998807907104,human4_lib3.final_cell_0127-3
7995,0.6658458113670349,human4_lib3.final_cell_0128-3
7996,1.5403145551681519,human4_lib3.final_cell_0129-3
7997,1.542987585067749,human4_lib3.final_cell_0130-3
7998,1.131209373474121,human4_lib3.final_cell_0131-3
7999,0.528331458568573,human4_lib3.final_cell_0132-3
8000,0.6814872026443481,human4_lib3.final_cell_0133-3
8001,0.4550933539867401,human4_lib3.final_cell_0134-3
8002,0.6739528179168701,human4_lib3.final_cell_0135-3
8003,1.135972499847412,human4_lib3.final_cell_0136-3
8004,0.7379647493362427,human4_lib3.final_cell_0137-3
8005,1.0349390506744385,human4_lib3.final_cell_0138-3
8006,1.1311702728271484,human4_lib3.final_cell_0139-3
8007,0.695858359336853,human4_lib3.final_cell_0140-3
8008,1.5107554197311401,human4_lib3.final_cell_0141-3
8009,0.6741135120391846,human4_lib3.final_cell_0142-3
8010,0.9257429838180542,human4_lib3.final_cell_0143-3
8011,2.006021022796631,human4_lib3.final_cell_0144-3
8012,1.215604305267334,human4_lib3.final_cell_0145-3
8013,1.0983387231826782,human4_lib3.final_cell_0146-3
8014,0.9052478075027466,human4_lib3.final_cell_0147-3
8015,0.643939197063446,human4_lib3.final_cell_0148-3
8016,0.6266335248947144,human4_lib3.final_cell_0149-3
8017,1.0358741283416748,human4_lib3.final_cell_0150-3
8018,0.5881302356719971,human4_lib3.final_cell_0151-3
8019,0.7220503687858582,human4_lib3.final_cell_0152-3
8020,0.5296551585197449,human4_lib3.final_cell_0153-3
8021,0.6396027207374573,human4_lib3.final_cell_0154-3
8022,0.7653033137321472,human4_lib3.final_cell_0155-3
8023,0.6525327563285828,human4_lib3.final_cell_0156-3
8024,0.6238910555839539,human4_lib3.final_cell_0157-3
8025,1.3506019115447998,human4_lib3.final_cell_0158-3
8026,1.3731505870819092,human4_lib3.final_cell_0159-3
8027,1.1927127838134766,human4_lib3.final_cell_0160-3
8028,0.7131175994873047,human4_lib3.final_cell_0161-3
8029,1.7010488510131836,human4_lib3.final_cell_0162-3
8030,0.45850691199302673,human4_lib3.final_cell_0163-3
8031,0.7415265440940857,human4_lib3.final_cell_0164-3
8032,0.7256526350975037,human4_lib3.final_cell_0165-3
8033,0.9721676111221313,human4_lib3.final_cell_0166-3
8034,1.092431664466858,human4_lib3.final_cell_0167-3
8035,0.7420313358306885,human4_lib3.final_cell_0168-3
8036,0.7740237712860107,human4_lib3.final_cell_0169-3
8037,0.633844792842865,human4_lib3.final_cell_0170-3
8038,1.2230207920074463,human4_lib3.final_cell_0171-3
8039,0.8827402591705322,human4_lib3.final_cell_0172-3
8040,0.499678373336792,human4_lib3.final_cell_0173-3
8041,0.8647666573524475,human4_lib3.final_cell_0174-3
8042,0.5352570414543152,human4_lib3.final_cell_0175-3
8043,0.6993635296821594,human4_lib3.final_cell_0176-3
8044,0.9572920799255371,human4_lib3.final_cell_0177-3
8045,1.2007018327713013,human4_lib3.final_cell_0178-3
8046,2.0327024459838867,human4_lib3.final_cell_0179-3
8047,1.944490909576416,human4_lib3.final_cell_0180-3
8048,1.028519630432129,human4_lib3.final_cell_0181-3
8049,0.7336426377296448,human4_lib3.final_cell_0182-3
8050,0.4540468156337738,human4_lib3.final_cell_0183-3
8051,0.4534054696559906,human4_lib3.final_cell_0184-3
8052,1.0825554132461548,human4_lib3.final_cell_0185-3
8053,0.8756425976753235,human4_lib3.final_cell_0186-3
8054,1.3534094095230103,human4_lib3.final_cell_0187-3
8055,0.4891200363636017,human4_lib3.final_cell_0188-3
8056,0.9030839204788208,human4_lib3.final_cell_0189-3
8057,0.7751136422157288,human4_lib3.final_cell_0190-3
8058,1.5289250612258911,human4_lib3.final_cell_0191-3
8059,0.6710615754127502,human4_lib3.final_cell_0192-3
8060,0.6326162219047546,human4_lib3.final_cell_0193-3
8061,0.9310479760169983,human4_lib3.final_cell_0194-3
8062,0.5437507033348083,human4_lib3.final_cell_0195-3
8063,1.1916837692260742,human4_lib3.final_cell_0196-3
8064,0.762938380241394,human4_lib3.final_cell_0197-3
8065,0.6096338629722595,human4_lib3.final_cell_0198-3
8066,0.7389357089996338,human4_lib3.final_cell_0199-3
8067,1.3386470079421997,human4_lib3.final_cell_0200-3
8068,1.142793893814087,human4_lib3.final_cell_0201-3
8069,1.0700687170028687,human4_lib3.final_cell_0202-3
8070,1.4174963235855103,human4_lib3.final_cell_0203-3
8071,1.8059954643249512,human4_lib3.final_cell_0204-3
8072,0.5365200042724609,human4_lib3.final_cell_0205-3
8073,1.56795334815979,human4_lib3.final_cell_0206-3
8074,1.026513934135437,human4_lib3.final_cell_0207-3
8075,1.7442289590835571,human4_lib3.final_cell_0208-3
8076,1.1084905862808228,human4_lib3.final_cell_0209-3
8077,0.7004830241203308,human4_lib3.final_cell_0210-3
8078,1.3339496850967407,human4_lib3.final_cell_0211-3
8079,0.501512348651886,human4_lib3.final_cell_0212-3
8080,0.681784987449646,human4_lib3.final_cell_0213-3
8081,0.6960883140563965,human4_lib3.final_cell_0214-3
8082,2.535358428955078,human4_lib3.final_cell_0215-3
8083,1.0345337390899658,human4_lib3.final_cell_0216-3
8084,0.5200590491294861,human4_lib3.final_cell_0217-3
8085,0.6885225772857666,human4_lib3.final_cell_0218-3
8086,1.6204277276992798,human4_lib3.final_cell_0219-3
8087,1.1523106098175049,human4_lib3.final_cell_0220-3
8088,1.4100714921951294,human4_lib3.final_cell_0221-3
8089,0.9825499057769775,human4_lib3.final_cell_0222-3
8090,1.3560118675231934,human4_lib3.final_cell_0223-3
8091,0.9322289824485779,human4_lib3.final_cell_0224-3
8092,0.6381322741508484,human4_lib3.final_cell_0225-3
8093,0.4625758230686188,human4_lib3.final_cell_0226-3
8094,1.1588515043258667,human4_lib3.final_cell_0227-3
8095,0.8507797122001648,human4_lib3.final_cell_0228-3
8096,1.498246192932129,human4_lib3.final_cell_0229-3
8097,1.9895635843276978,human4_lib3.final_cell_0230-3
8098,0.5584942102432251,human4_lib3.final_cell_0231-3
8099,0.6568610668182373,human4_lib3.final_cell_0232-3
8100,0.8596460819244385,human4_lib3.final_cell_0233-3
8101,0.748224139213562,human4_lib3.final_cell_0234-3
8102,1.3698657751083374,human4_lib3.final_cell_0235-3
8103,0.6402837634086609,human4_lib3.final_cell_0236-3
8104,0.5479470491409302,human4_lib3.final_cell_0237-3
8105,1.35163414478302,human4_lib3.final_cell_0238-3
8106,0.5110281705856323,human4_lib3.final_cell_0239-3
8107,0.4736016094684601,human4_lib3.final_cell_0240-3
8108,0.9975419640541077,human4_lib3.final_cell_0241-3
8109,0.6021851897239685,human4_lib3.final_cell_0242-3
8110,0.5637922286987305,human4_lib3.final_cell_0243-3
8111,1.1476342678070068,human4_lib3.final_cell_0244-3
8112,1.317509412765503,human4_lib3.final_cell_0245-3
8113,1.2722474336624146,human4_lib3.final_cell_0246-3
8114,2.9092750549316406,human4_lib3.final_cell_0247-3
8115,0.5873925089836121,human4_lib3.final_cell_0248-3
8116,1.405975580215454,human4_lib3.final_cell_0249-3
8117,0.7394464612007141,human4_lib3.final_cell_0250-3
8118,0.6564663648605347,human4_lib3.final_cell_0251-3
8119,1.1862123012542725,human4_lib3.final_cell_0252-3
8120,0.7687382698059082,human4_lib3.final_cell_0253-3
8121,1.312487244606018,human4_lib3.final_cell_0254-3
8122,0.6444824934005737,human4_lib3.final_cell_0255-3
8123,0.46470239758491516,human4_lib3.final_cell_0256-3
8124,0.9021047949790955,human4_lib3.final_cell_0257-3
8125,0.6116734147071838,human4_lib3.final_cell_0258-3
8126,1.173429250717163,human4_lib3.final_cell_0259-3
8127,1.4479366540908813,human4_lib3.final_cell_0260-3
8128,1.464268684387207,human4_lib3.final_cell_0261-3
8129,0.670787513256073,human4_lib3.final_cell_0262-3
8130,2.1845526695251465,human4_lib3.final_cell_0263-3
8131,2.1833958625793457,human4_lib3.final_cell_0264-3
8132,1.498663306236267,human4_lib3.final_cell_0265-3
8133,0.6912262439727783,human4_lib3.final_cell_0266-3
8134,0.602848470211029,human4_lib3.final_cell_0267-3
8135,0.7679710388183594,human4_lib3.final_cell_0268-3
8136,0.6658776998519897,human4_lib3.final_cell_0269-3
8137,0.5947321653366089,human4_lib3.final_cell_0270-3
8138,0.7903441190719604,human4_lib3.final_cell_0271-3
8139,0.45823296904563904,human4_lib3.final_cell_0272-3
8140,1.0802922248840332,human4_lib3.final_cell_0273-3
8141,1.2570737600326538,human4_lib3.final_cell_0274-3
8142,1.2659821510314941,human4_lib3.final_cell_0275-3
8143,0.6623104810714722,human4_lib3.final_cell_0276-3
8144,1.3984352350234985,human4_lib3.final_cell_0277-3
8145,1.235231637954712,human4_lib3.final_cell_0278-3
8146,0.4581579864025116,human4_lib3.final_cell_0279-3
8147,0.4887699484825134,human4_lib3.final_cell_0280-3
8148,0.45157334208488464,human4_lib3.final_cell_0281-3
8149,2.385606288909912,human4_lib3.final_cell_0282-3
8150,1.0872552394866943,human4_lib3.final_cell_0283-3
8151,0.8585021495819092,human4_lib3.final_cell_0284-3
8152,0.6711050271987915,human4_lib3.final_cell_0285-3
8153,0.8986395001411438,human4_lib3.final_cell_0286-3
8154,1.4714523553848267,human4_lib3.final_cell_0287-3
8155,0.7382310628890991,human4_lib3.final_cell_0288-3
8156,1.2390655279159546,human4_lib3.final_cell_0289-3
8157,1.3772557973861694,human4_lib3.final_cell_0290-3
8158,1.2025560140609741,human4_lib3.final_cell_0291-3
8159,1.1075026988983154,human4_lib3.final_cell_0292-3
8160,1.004235029220581,human4_lib3.final_cell_0293-3
8161,1.336053729057312,human4_lib3.final_cell_0294-3
8162,0.7012861371040344,human4_lib3.final_cell_0295-3
8163,0.9287257194519043,human4_lib3.final_cell_0296-3
8164,0.9676666259765625,human4_lib3.final_cell_0297-3
8165,1.0150893926620483,human4_lib3.final_cell_0298-3
8166,1.2782208919525146,human4_lib3.final_cell_0299-3
8167,0.583018958568573,human4_lib3.final_cell_0300-3
8168,1.9894962310791016,human4_lib3.final_cell_0301-3
8169,0.5357584357261658,human4_lib3.final_cell_0302-3
8170,0.8165298104286194,human4_lib3.final_cell_0303-3
8171,0.8097078204154968,human4_lib3.final_cell_0304-3
8172,0.6116103529930115,human4_lib3.final_cell_0305-3
8173,0.6628769040107727,human4_lib3.final_cell_0306-3
8174,1.8757152557373047,human4_lib3.final_cell_0307-3
8175,1.5308928489685059,human4_lib3.final_cell_0308-3
8176,1.0249348878860474,human4_lib3.final_cell_0309-3
8177,0.8486467003822327,human4_lib3.final_cell_0310-3
8178,1.269142508506775,human4_lib3.final_cell_0311-3
8179,1.1540889739990234,human4_lib3.final_cell_0312-3
8180,0.6736485958099365,human4_lib3.final_cell_0313-3
8181,1.4620776176452637,human4_lib3.final_cell_0314-3
8182,0.8991423845291138,human4_lib3.final_cell_0315-3
8183,1.4116710424423218,human4_lib3.final_cell_0316-3
8184,1.743757963180542,human4_lib3.final_cell_0317-3
8185,1.6738885641098022,human4_lib3.final_cell_0318-3
8186,0.9004254341125488,human4_lib3.final_cell_0319-3
8187,0.6545993089675903,human4_lib3.final_cell_0320-3
8188,0.4524167776107788,human4_lib3.final_cell_0321-3
8189,0.7128243446350098,human4_lib3.final_cell_0322-3
8190,0.8380347490310669,human4_lib3.final_cell_0323-3
8191,0.506138265132904,human4_lib3.final_cell_0324-3
8192,0.92945796251297,human4_lib3.final_cell_0325-3
8193,0.72222501039505,human4_lib3.final_cell_0326-3
8194,0.7182373404502869,human4_lib3.final_cell_0327-3
8195,0.9367027878761292,human4_lib3.final_cell_0328-3
8196,0.8917273283004761,human4_lib3.final_cell_0329-3
8197,1.1920673847198486,human4_lib3.final_cell_0330-3
8198,0.7866902351379395,human4_lib3.final_cell_0331-3
8199,0.6200851202011108,human4_lib3.final_cell_0332-3
8200,0.4771294891834259,human4_lib3.final_cell_0333-3
8201,0.7924181818962097,human4_lib3.final_cell_0334-3
8202,1.2610888481140137,human4_lib3.final_cell_0335-3
8203,1.0325438976287842,human4_lib3.final_cell_0336-3
8204,2.9118576049804688,human4_lib3.final_cell_0337-3
8205,0.7092038989067078,human4_lib3.final_cell_0338-3
8206,1.046240210533142,human4_lib3.final_cell_0339-3
8207,0.9629372358322144,human4_lib3.final_cell_0340-3
8208,0.639926016330719,human4_lib3.final_cell_0341-3
8209,0.9108579754829407,human4_lib3.final_cell_0342-3
8210,0.5174010396003723,human4_lib3.final_cell_0343-3
8211,1.0524262189865112,human4_lib3.final_cell_0344-3
8212,1.4511140584945679,human4_lib3.final_cell_0345-3
8213,0.6883073449134827,human4_lib3.final_cell_0346-3
8214,0.45889487862586975,human4_lib3.final_cell_0347-3
8215,1.15040123462677,human4_lib3.final_cell_0348-3
8216,1.6949702501296997,human4_lib3.final_cell_0349-3
8217,1.069027304649353,human4_lib3.final_cell_0350-3
8218,0.6071717739105225,human4_lib3.final_cell_0351-3
8219,0.8646796941757202,human4_lib3.final_cell_0352-3
8220,1.868039608001709,human4_lib3.final_cell_0353-3
8221,1.189896821975708,human4_lib3.final_cell_0354-3
8222,0.5340946316719055,human4_lib3.final_cell_0355-3
8223,0.689651608467102,human4_lib3.final_cell_0356-3
8224,0.552301287651062,human4_lib3.final_cell_0357-3
8225,0.6959758996963501,human4_lib3.final_cell_0358-3
8226,0.5404037237167358,human4_lib3.final_cell_0359-3
8227,0.6330744028091431,human4_lib3.final_cell_0360-3
8228,0.6578384041786194,human4_lib3.final_cell_0361-3
8229,0.4570171535015106,human4_lib3.final_cell_0362-3
8230,0.5166161060333252,human4_lib3.final_cell_0363-3
8231,0.973518967628479,human4_lib3.final_cell_0364-3
8232,1.9364057779312134,human4_lib3.final_cell_0365-3
8233,1.1005784273147583,human4_lib3.final_cell_0366-3
8234,0.7124224305152893,human4_lib3.final_cell_0367-3
8235,0.7857465147972107,human4_lib3.final_cell_0368-3
8236,0.6173028349876404,human4_lib3.final_cell_0369-3
8237,0.6584928631782532,human4_lib3.final_cell_0370-3
8238,0.629298210144043,human4_lib3.final_cell_0371-3
8239,0.7786607146263123,human4_lib3.final_cell_0372-3
8240,0.5691980123519897,human4_lib3.final_cell_0373-3
8241,0.6141525506973267,human4_lib3.final_cell_0374-3
8242,0.4528667628765106,human4_lib3.final_cell_0375-3
8243,1.2173019647598267,human4_lib3.final_cell_0376-3
8244,0.9216389060020447,human4_lib3.final_cell_0377-3
8245,1.3408372402191162,human4_lib3.final_cell_0378-3
8246,0.48621615767478943,human4_lib3.final_cell_0379-3
8247,0.6751610636711121,human4_lib3.final_cell_0380-3
8248,1.3963326215744019,human4_lib3.final_cell_0381-3
8249,0.9010562300682068,human4_lib3.final_cell_0382-3
8250,0.5450335144996643,human4_lib3.final_cell_0383-3
8251,1.5942127704620361,human4_lib3.final_cell_0384-3
8252,1.5933440923690796,human4_lib3.final_cell_0385-3
8253,0.45530396699905396,human4_lib3.final_cell_0386-3
8254,0.6500294804573059,human4_lib3.final_cell_0387-3
8255,0.5148400068283081,human4_lib3.final_cell_0388-3
8256,0.9984591603279114,human4_lib3.final_cell_0389-3
8257,1.7569785118103027,human4_lib3.final_cell_0390-3
8258,0.6248900294303894,human4_lib3.final_cell_0391-3
8259,0.7968311905860901,human4_lib3.final_cell_0392-3
8260,1.2649601697921753,human4_lib3.final_cell_0393-3
8261,1.2188608646392822,human4_lib3.final_cell_0394-3
8262,0.6581277847290039,human4_lib3.final_cell_0395-3
8263,1.3083686828613281,human4_lib3.final_cell_0396-3
8264,1.0431386232376099,human4_lib3.final_cell_0397-3
8265,0.9665852785110474,human4_lib3.final_cell_0398-3
8266,0.4505753815174103,human4_lib3.final_cell_0399-3
8267,1.020180106163025,human4_lib3.final_cell_0400-3
8268,0.8768585920333862,human4_lib3.final_cell_0401-3
8269,0.8437352776527405,human4_lib3.final_cell_0402-3
8270,0.832909882068634,human4_lib3.final_cell_0403-3
8271,0.47305333614349365,human4_lib3.final_cell_0404-3
8272,1.125877857208252,human4_lib3.final_cell_0405-3
8273,0.9734132885932922,human4_lib3.final_cell_0406-3
8274,0.4656805992126465,human4_lib3.final_cell_0407-3
8275,0.635399580001831,human4_lib3.final_cell_0408-3
8276,1.629473090171814,human4_lib3.final_cell_0409-3
8277,0.78635174036026,human4_lib3.final_cell_0410-3
8278,0.46045711636543274,human4_lib3.final_cell_0411-3
8279,0.5855519771575928,human4_lib3.final_cell_0412-3
8280,1.3403300046920776,human4_lib3.final_cell_0413-3
8281,1.7855815887451172,human4_lib3.final_cell_0414-3
8282,0.7105957269668579,human4_lib3.final_cell_0415-3
8283,1.0253989696502686,human4_lib3.final_cell_0416-3
8284,0.7369418740272522,human4_lib3.final_cell_0417-3
8285,0.9066637754440308,human4_lib3.final_cell_0418-3
8286,0.6740316152572632,human4_lib3.final_cell_0419-3
8287,0.603779673576355,human4_lib3.final_cell_0420-3
8288,1.1869646310806274,human4_lib3.final_cell_0421-3
8289,0.7275876402854919,human4_lib3.final_cell_0422-3
8290,1.1703078746795654,human4_lib3.final_cell_0423-3
8291,1.0568325519561768,human4_lib3.final_cell_0424-3
8292,1.220974087715149,human4_lib3.final_cell_0425-3
8293,0.5264392495155334,human4_lib3.final_cell_0426-3
8294,1.4839558601379395,human4_lib3.final_cell_0427-3
8295,0.9102084040641785,human4_lib3.final_cell_0428-3
8296,1.8641183376312256,human4_lib3.final_cell_0429-3
8297,1.4926526546478271,human4_lib3.final_cell_0430-3
8298,0.6539580821990967,human4_lib3.final_cell_0431-3
8299,1.2571300268173218,human4_lib3.final_cell_0432-3
8300,0.5219647288322449,human4_lib3.final_cell_0433-3
8301,1.0724098682403564,human4_lib3.final_cell_0434-3
8302,1.4749459028244019,human4_lib3.final_cell_0435-3
8303,1.2445425987243652,human4_lib3.final_cell_0436-3
8304,0.8339465856552124,human4_lib3.final_cell_0437-3
8305,1.1195247173309326,human4_lib3.final_cell_0438-3
8306,1.0051045417785645,human4_lib3.final_cell_0439-3
8307,0.8522827625274658,human4_lib3.final_cell_0440-3
8308,1.2605128288269043,human4_lib3.final_cell_0441-3
8309,1.2651231288909912,human4_lib3.final_cell_0442-3
8310,1.369279384613037,human4_lib3.final_cell_0443-3
8311,1.1428909301757812,human4_lib3.final_cell_0444-3
8312,0.5840488076210022,human4_lib3.final_cell_0445-3
8313,0.7013285756111145,human4_lib3.final_cell_0446-3
8314,0.7743096351623535,human4_lib3.final_cell_0447-3
8315,1.309714913368225,human4_lib3.final_cell_0448-3
8316,0.8482564091682434,human4_lib3.final_cell_0449-3
8317,0.9813291430473328,human4_lib3.final_cell_0450-3
8318,0.6851364374160767,human4_lib3.final_cell_0451-3
8319,1.6531155109405518,human4_lib3.final_cell_0452-3
8320,1.0900624990463257,human4_lib3.final_cell_0453-3
8321,1.1792465448379517,human4_lib3.final_cell_0454-3
8322,0.7188497185707092,human4_lib3.final_cell_0455-3
8323,1.4769647121429443,human4_lib3.final_cell_0456-3
8324,0.771611213684082,human4_lib3.final_cell_0457-3
8325,0.6473917961120605,human4_lib3.final_cell_0458-3
8326,1.2222329378128052,human4_lib3.final_cell_0459-3
8327,0.6177021861076355,human4_lib3.final_cell_0460-3
8328,0.5020639896392822,human4_lib3.final_cell_0461-3
8329,1.0034371614456177,human4_lib3.final_cell_0462-3
8330,1.095901608467102,human4_lib3.final_cell_0463-3
8331,1.3301321268081665,human4_lib3.final_cell_0464-3
8332,0.9232372045516968,human4_lib3.final_cell_0465-3
8333,1.1223434209823608,human4_lib3.final_cell_0466-3
8334,0.5975328683853149,human4_lib3.final_cell_0467-3
8335,0.4540790319442749,human4_lib3.final_cell_0468-3
8336,1.326645851135254,human4_lib3.final_cell_0469-3
8337,1.898329257965088,human4_lib3.final_cell_0470-3
8338,0.4992372393608093,human4_lib3.final_cell_0471-3
8339,0.8422353863716125,human4_lib3.final_cell_0472-3
8340,0.8165971040725708,human4_lib3.final_cell_0473-3
8341,0.455136775970459,human4_lib3.final_cell_0474-3
8342,0.9198195934295654,human4_lib3.final_cell_0475-3
8343,1.3082244396209717,human4_lib3.final_cell_0476-3
8344,0.5004239678382874,human4_lib3.final_cell_0477-3
8345,0.7973058819770813,human4_lib3.final_cell_0478-3
8346,1.2726272344589233,human4_lib3.final_cell_0479-3
8347,0.8310995697975159,human4_lib3.final_cell_0480-3
8348,0.7974534034729004,human4_lib3.final_cell_0481-3
8349,0.4957292675971985,human4_lib3.final_cell_0482-3
8350,0.6738566756248474,human4_lib3.final_cell_0483-3
8351,0.4987904131412506,human4_lib3.final_cell_0484-3
8352,0.5436076521873474,human4_lib3.final_cell_0485-3
8353,1.428640365600586,human4_lib3.final_cell_0486-3
8354,0.6413554549217224,human4_lib3.final_cell_0487-3
8355,0.8166601061820984,human4_lib3.final_cell_0488-3
8356,0.7819284796714783,human4_lib3.final_cell_0489-3
8357,0.7460234761238098,human4_lib3.final_cell_0490-3
8358,0.8923158049583435,human4_lib3.final_cell_0491-3
8359,0.769261360168457,human4_lib3.final_cell_0492-3
8360,0.7865726351737976,human4_lib3.final_cell_0493-3
8361,0.8020223379135132,human4_lib3.final_cell_0494-3
8362,0.5216652750968933,human4_lib3.final_cell_0495-3
8363,1.0126264095306396,human4_lib3.final_cell_0496-3
8364,1.8073612451553345,human4_lib3.final_cell_0497-3
8365,0.8778181076049805,human4_lib3.final_cell_0498-3
8366,0.8180832266807556,human4_lib3.final_cell_0499-3
8367,0.5808205008506775,human4_lib3.final_cell_0500-3
8368,0.5361220240592957,human4_lib3.final_cell_0501-3
8369,0.7776704430580139,human4_lib3.final_cell_0502-3
8370,0.7061425447463989,human4_lib3.final_cell_0503-3
8371,0.5720115303993225,human4_lib3.final_cell_0504-3
8372,1.4513804912567139,human4_lib3.final_cell_0505-3
8373,1.671195387840271,human4_lib3.final_cell_0506-3
8374,1.1968770027160645,human4_lib3.final_cell_0507-3
8375,0.7880980968475342,human4_lib3.final_cell_0508-3
8376,0.49699684977531433,human4_lib3.final_cell_0509-3
8377,0.9933071136474609,human4_lib3.final_cell_0510-3
8378,0.7107270956039429,human4_lib3.final_cell_0511-3
8379,1.7282031774520874,human4_lib3.final_cell_0512-3
8380,1.3736684322357178,human4_lib3.final_cell_0513-3
8381,0.7794631719589233,human4_lib3.final_cell_0514-3
8382,0.7647111415863037,human4_lib3.final_cell_0515-3
8383,1.3010379076004028,human4_lib3.final_cell_0516-3
8384,3.3205299377441406,human4_lib3.final_cell_0517-3
8385,0.7712166905403137,human4_lib3.final_cell_0518-3
8386,1.0853619575500488,human4_lib3.final_cell_0519-3
8387,0.4599642753601074,human4_lib3.final_cell_0520-3
8388,0.6565009951591492,human4_lib3.final_cell_0521-3
8389,0.45288345217704773,human4_lib3.final_cell_0522-3
8390,0.46280762553215027,human4_lib3.final_cell_0523-3
8391,1.3009806871414185,human4_lib3.final_cell_0524-3
8392,0.7124924659729004,human4_lib3.final_cell_0525-3
8393,0.45842286944389343,human4_lib3.final_cell_0526-3
8394,0.4835677444934845,human4_lib3.final_cell_0527-3
8395,0.8112690448760986,human4_lib3.final_cell_0528-3
8396,1.247045636177063,human4_lib3.final_cell_0529-3
8397,1.139382004737854,human4_lib3.final_cell_0530-3
8398,0.6215370297431946,human4_lib3.final_cell_0531-3
8399,0.8707548379898071,human4_lib3.final_cell_0532-3
8400,0.7636876702308655,human4_lib3.final_cell_0533-3
8401,0.9479541778564453,human4_lib3.final_cell_0534-3
8402,0.6656782031059265,human4_lib3.final_cell_0535-3
8403,1.0625375509262085,human4_lib3.final_cell_0536-3
8404,0.45933276414871216,human4_lib3.final_cell_0537-3
8405,0.6218035817146301,human4_lib3.final_cell_0538-3
8406,0.92237788438797,human4_lib3.final_cell_0539-3
8407,0.4692801237106323,human4_lib3.final_cell_0540-3
8408,0.8363956809043884,human4_lib3.final_cell_0541-3
8409,0.7267360687255859,human4_lib3.final_cell_0542-3
8410,0.6665924787521362,human4_lib3.final_cell_0543-3
8411,0.8436846733093262,human4_lib3.final_cell_0544-3
8412,1.0859977006912231,human4_lib3.final_cell_0545-3
8413,0.7524503469467163,human4_lib3.final_cell_0546-3
8414,1.6261613368988037,human4_lib3.final_cell_0547-3
8415,0.997373104095459,human4_lib3.final_cell_0548-3
8416,2.620161294937134,human4_lib3.final_cell_0549-3
8417,0.6877760291099548,human4_lib3.final_cell_0550-3
8418,0.5474989414215088,human4_lib3.final_cell_0551-3
8419,0.7312520146369934,human4_lib3.final_cell_0552-3
8420,0.8758921027183533,human4_lib3.final_cell_0553-3
8421,0.7459238767623901,human4_lib3.final_cell_0554-3
8422,0.6879672408103943,human4_lib3.final_cell_0555-3
8423,1.009469747543335,human4_lib3.final_cell_0556-3
8424,1.8102298974990845,human4_lib3.final_cell_0557-3
8425,0.6663955450057983,human4_lib3.final_cell_0558-3
8426,0.7417470216751099,human4_lib3.final_cell_0559-3
8427,0.5469052195549011,human4_lib3.final_cell_0560-3
8428,0.5413593053817749,human4_lib3.final_cell_0561-3
8429,0.9014115929603577,human4_lib3.final_cell_0562-3
8430,0.6020641922950745,human4_lib3.final_cell_0563-3
8431,0.8050710558891296,human4_lib3.final_cell_0564-3
8432,0.4545699656009674,human4_lib3.final_cell_0565-3
8433,1.2809741497039795,human4_lib3.final_cell_0566-3
8434,0.7217596173286438,human4_lib3.final_cell_0567-3
8435,1.3457212448120117,human4_lib3.final_cell_0568-3
8436,0.8256784081459045,human4_lib3.final_cell_0569-3
8437,1.1936509609222412,human4_lib3.final_cell_0570-3
8438,0.8456968665122986,human4_lib3.final_cell_0571-3
8439,0.7112699747085571,human4_lib3.final_cell_0572-3
8440,0.6910673379898071,human4_lib3.final_cell_0573-3
8441,2.812748432159424,human4_lib3.final_cell_0574-3
8442,1.2151970863342285,human4_lib3.final_cell_0575-3
8443,1.4015815258026123,human4_lib3.final_cell_0576-3
8444,0.4833396375179291,human4_lib3.final_cell_0577-3
8445,0.7108007073402405,human4_lib3.final_cell_0578-3
8446,0.7311198711395264,human4_lib3.final_cell_0579-3
8447,1.0084091424942017,human4_lib3.final_cell_0580-3
8448,0.7324525117874146,human4_lib3.final_cell_0581-3
8449,0.7697705626487732,human4_lib3.final_cell_0582-3
8450,0.9274262189865112,human4_lib3.final_cell_0583-3
8451,0.6172078847885132,human4_lib3.final_cell_0584-3
8452,1.0526175498962402,human4_lib3.final_cell_0585-3
8453,0.4751506745815277,human4_lib3.final_cell_0586-3
8454,1.4187307357788086,human4_lib3.final_cell_0587-3
8455,0.9894561767578125,human4_lib3.final_cell_0588-3
8456,0.6105476021766663,human4_lib3.final_cell_0589-3
8457,1.3092188835144043,human4_lib3.final_cell_0590-3
8458,1.2376441955566406,human4_lib3.final_cell_0591-3
8459,0.653217613697052,human4_lib3.final_cell_0592-3
8460,1.3270163536071777,human4_lib3.final_cell_0593-3
8461,0.9694547653198242,human4_lib3.final_cell_0594-3
8462,1.2382087707519531,human4_lib3.final_cell_0595-3
8463,0.7963550090789795,human4_lib3.final_cell_0596-3
8464,1.549518346786499,human4_lib3.final_cell_0597-3
8465,0.9929772615432739,human4_lib3.final_cell_0598-3
8466,1.5185998678207397,human4_lib3.final_cell_0599-3
8467,1.3780639171600342,human4_lib3.final_cell_0600-3
8468,0.6203246712684631,human4_lib3.final_cell_0601-3
8469,1.6438361406326294,human4_lib3.final_cell_0602-3
8470,0.7107466459274292,human4_lib3.final_cell_0603-3
8471,1.831568956375122,human4_lib3.final_cell_0604-3
8472,1.4486563205718994,human4_lib3.final_cell_0605-3
8473,0.6519190669059753,human4_lib3.final_cell_0606-3
8474,1.5649477243423462,human4_lib3.final_cell_0607-3
8475,1.2941968441009521,human4_lib3.final_cell_0608-3
8476,0.6559797525405884,human4_lib3.final_cell_0609-3
8477,0.7514327764511108,human4_lib3.final_cell_0610-3
8478,1.2223050594329834,human4_lib3.final_cell_0611-3
8479,1.8876768350601196,human4_lib3.final_cell_0612-3
8480,0.9357178211212158,human4_lib3.final_cell_0613-3
8481,0.5715880393981934,human4_lib3.final_cell_0614-3
8482,0.5754662752151489,human4_lib3.final_cell_0615-3
8483,0.9174251556396484,human4_lib3.final_cell_0616-3
8484,1.1528037786483765,human4_lib3.final_cell_0617-3
8485,0.6250728368759155,human4_lib3.final_cell_0618-3
8486,0.7316397428512573,human4_lib3.final_cell_0619-3
8487,0.7710543274879456,human4_lib3.final_cell_0620-3
8488,1.2990739345550537,human4_lib3.final_cell_0621-3
8489,1.252299427986145,human4_lib3.final_cell_0622-3
8490,0.6839643716812134,human4_lib3.final_cell_0623-3
8491,0.7093672752380371,human4_lib3.final_cell_0624-3
8492,0.828064501285553,human4_lib3.final_cell_0625-3
8493,1.690544843673706,human4_lib3.final_cell_0626-3
8494,0.7810906767845154,human4_lib3.final_cell_0627-3
8495,2.202765703201294,human4_lib3.final_cell_0628-3
8496,0.4981873631477356,human4_lib3.final_cell_0629-3
8497,0.6578158140182495,human4_lib3.final_cell_0630-3
8498,0.597454309463501,human4_lib3.final_cell_0631-3
8499,0.6015592813491821,human4_lib3.final_cell_0632-3
8500,0.8697126507759094,human4_lib3.final_cell_0633-3
8501,1.4218419790267944,human4_lib3.final_cell_0634-3
8502,0.5016545057296753,human4_lib3.final_cell_0635-3
8503,0.8201842308044434,human4_lib3.final_cell_0636-3
8504,1.615241289138794,human4_lib3.final_cell_0637-3
8505,1.302490472793579,human4_lib3.final_cell_0638-3
8506,1.0266321897506714,human4_lib3.final_cell_0639-3
8507,0.7135351300239563,human4_lib3.final_cell_0640-3
8508,0.5939816832542419,human4_lib3.final_cell_0641-3
8509,1.8104830980300903,human4_lib3.final_cell_0642-3
8510,1.4366319179534912,human4_lib3.final_cell_0643-3
8511,1.565514087677002,human4_lib3.final_cell_0644-3
8512,0.5394499897956848,human4_lib3.final_cell_0645-3
8513,0.5716139674186707,human4_lib3.final_cell_0646-3
8514,0.6317669749259949,human4_lib3.final_cell_0647-3
8515,0.5042085647583008,human4_lib3.final_cell_0648-3
8516,1.0791701078414917,human4_lib3.final_cell_0649-3
8517,1.0928658246994019,human4_lib3.final_cell_0650-3
8518,0.7493404150009155,human4_lib3.final_cell_0651-3
8519,0.7029358744621277,human4_lib3.final_cell_0652-3
8520,0.9855395555496216,human4_lib3.final_cell_0653-3
8521,2.069025754928589,human4_lib3.final_cell_0654-3
8522,1.2618674039840698,human4_lib3.final_cell_0655-3
8523,2.3253722190856934,human4_lib3.final_cell_0656-3
8524,0.8138165473937988,human4_lib3.final_cell_0657-3
8525,0.5920236706733704,human4_lib3.final_cell_0658-3
8526,1.6350735425949097,human4_lib3.final_cell_0659-3
8527,1.4189114570617676,human4_lib3.final_cell_0660-3
8528,0.6716666221618652,human4_lib3.final_cell_0661-3
8529,3.475308656692505,human4_lib3.final_cell_0662-3
8530,0.8547887206077576,human4_lib3.final_cell_0663-3
8531,1.279561161994934,human4_lib3.final_cell_0664-3
8532,0.6221271753311157,human4_lib3.final_cell_0665-3
8533,1.2952896356582642,human4_lib3.final_cell_0666-3
8534,0.7640563249588013,human4_lib3.final_cell_0667-3
8535,1.2112696170806885,human4_lib3.final_cell_0668-3
8536,0.5939124226570129,human4_lib3.final_cell_0669-3
8537,6.690637111663818,human4_lib3.final_cell_0670-3
8538,0.5526193976402283,human4_lib3.final_cell_0671-3
8539,2.7136189937591553,human4_lib3.final_cell_0672-3
8540,1.992889642715454,human4_lib3.final_cell_0673-3
8541,0.8456087112426758,human4_lib3.final_cell_0674-3
8542,1.4739856719970703,human4_lib3.final_cell_0675-3
8543,1.0323407649993896,human4_lib3.final_cell_0676-3
8544,1.3162610530853271,human4_lib3.final_cell_0677-3
8545,0.6836814284324646,human4_lib3.final_cell_0678-3
8546,1.2190027236938477,human4_lib3.final_cell_0679-3
8547,0.7728582620620728,human4_lib3.final_cell_0680-3
8548,0.48590388894081116,human4_lib3.final_cell_0681-3
8549,0.6453503370285034,human4_lib3.final_cell_0682-3
8550,1.3086267709732056,human4_lib3.final_cell_0683-3
8551,0.8984469175338745,human4_lib3.final_cell_0684-3
8552,0.7244399189949036,human4_lib3.final_cell_0685-3
8553,1.4436758756637573,human4_lib3.final_cell_0686-3
8554,0.8154277205467224,human4_lib3.final_cell_0687-3
8555,0.9377776980400085,human4_lib3.final_cell_0688-3
8556,0.6195816397666931,human4_lib3.final_cell_0689-3
8557,0.5547711849212646,human4_lib3.final_cell_0690-3
8558,0.7673304080963135,human4_lib3.final_cell_0691-3
8559,1.1759077310562134,human4_lib3.final_cell_0692-3
8560,0.7231101393699646,human4_lib3.final_cell_0693-3
8561,0.9383428692817688,human4_lib3.final_cell_0694-3
8562,0.9451296925544739,human4_lib3.final_cell_0695-3
8563,0.6701623201370239,human4_lib3.final_cell_0696-3
8564,1.4767745733261108,human4_lib3.final_cell_0697-3
8565,0.7750564813613892,human4_lib3.final_cell_0698-3
8566,0.6779190301895142,human4_lib3.final_cell_0699-3
8567,0.6067261695861816,human4_lib3.final_cell_0700-3
8568,1.116032600402832,human4_lib3.final_cell_0701-3
