cell_index,scraw_reconstruction_weight,cell_id
0,1.0070886611938477,A10_B000767_B009945_S10.mm10-plus-4-0
1,0.5994482636451721,A10_D045313_B009942_S10.mm10-plus-4-0
2,1.5090813636779785,A11_B000767_B009945_S11.mm10-plus-4-0
3,1.3267731666564941,A11_B001247_B009941_S11.mm10-plus-4-0
4,0.6786192655563354,A11_B002688_B009944_S11.mm10-plus-4-0
5,0.7752742171287537,A11_D045313_B009942_S11.mm10-plus-4-0
6,0.677789032459259,A12_B000767_B009945_S12.mm10-plus-4-0
7,1.8238446712493896,A12_B002688_B009944_S12.mm10-plus-4-0
8,0.5480058193206787,A12_D045313_B009942_S12.mm10-plus-4-0
9,0.5398263335227966,A13_B002681_B009943_S13.mm10-plus-4-0
10,0.7767981290817261,A13_B002688_B009944_S13.mm10-plus-4-0
11,0.785286545753479,A13_D045313_B009942_S13.mm10-plus-4-0
12,0.5968254804611206,A14_B001247_B009941_S14.mm10-plus-4-0
13,0.8430975079536438,A14_B002688_B009944_S14.mm10-plus-4-0
14,0.777270495891571,A14_D045313_B009942_S14.mm10-plus-4-0
15,0.7086424231529236,A15_B000767_B009945_S15.mm10-plus-4-0
16,0.5341542959213257,A15_B001247_B009941_S15.mm10-plus-4-0
17,0.4528411626815796,A15_B002681_B009943_S15.mm10-plus-4-0
18,1.352034091949463,A15_D045313_B009942_S15.mm10-plus-4-0
19,1.5814199447631836,A16_B000767_B009945_S16.mm10-plus-4-0
20,0.8470873832702637,A16_B001247_B009941_S16.mm10-plus-4-0
21,0.7072511911392212,A16_B002688_B009944_S16.mm10-plus-4-0
22,0.6545015573501587,A16_D045313_B009942_S16.mm10-plus-4-0
23,2.692344903945923,A17_B000767_B009945_S17.mm10-plus-4-0
24,0.8189718723297119,A17_B001247_B009941_S17.mm10-plus-4-0
25,0.44999998807907104,A17_B002688_B009944_S17.mm10-plus-4-0
26,0.5744591355323792,A17_D045313_B009942_S17.mm10-plus-4-0
27,1.1412842273712158,A18_B001247_B009941_S18.mm10-plus-4-0
28,0.4533309042453766,A18_B002681_B009943_S18.mm10-plus-4-0
29,0.5388281345367432,A18_B002688_B009944_S18.mm10-plus-4-0
30,0.8838171362876892,A18_D045313_B009942_S18.mm10-plus-4-0
31,4.331324100494385,A19_B000767_B009945_S19.mm10-plus-4-0
32,2.077853202819824,A19_B001247_B009941_S19.mm10-plus-4-0
33,0.697248101234436,A19_B002688_B009944_S19.mm10-plus-4-0
34,0.5946460962295532,A19_D045313_B009942_S19.mm10-plus-4-0
35,1.0843037366867065,A1_B000767_B009945_S1.mm10-plus-4-0
36,1.7158441543579102,A1_B001247_B009941_S1.mm10-plus-4-0
37,0.5746627449989319,A1_D045313_B009942_S1.mm10-plus-4-0
38,0.7922027111053467,A20_B000767_B009945_S20.mm10-plus-4-0
39,2.187591552734375,A20_B001247_B009941_S20.mm10-plus-4-0
40,1.141805648803711,A20_B002688_B009944_S20.mm10-plus-4-0
41,0.6296671628952026,A20_D045313_B009942_S20.mm10-plus-4-0
42,0.5976920127868652,A21_B000767_B009945_S21.mm10-plus-4-0
43,1.0053460597991943,A21_B001247_B009941_S21.mm10-plus-4-0
44,0.45043882727622986,A21_B002681_B009943_S21.mm10-plus-4-0
45,1.2062722444534302,A21_B002688_B009944_S21.mm10-plus-4-0
46,0.5401538014411926,A21_D045313_B009942_S21.mm10-plus-4-0
47,1.0403223037719727,A22_B000767_B009945_S22.mm10-plus-4-0
48,1.3807376623153687,A22_B001247_B009941_S22.mm10-plus-4-0
49,0.4540412425994873,A22_B002681_B009943_S22.mm10-plus-4-0
50,1.5588678121566772,A2_B000767_B009945_S2.mm10-plus-4-0
51,1.2050228118896484,A2_B001247_B009941_S2.mm10-plus-4-0
52,0.5657690167427063,A2_B002681_B009943_S2.mm10-plus-4-0
53,0.5131465792655945,A2_D045313_B009942_S2.mm10-plus-4-0
54,1.371711015701294,A3_B000767_B009945_S3.mm10-plus-4-0
55,0.7526527643203735,A3_B001247_B009941_S3.mm10-plus-4-0
56,0.8087753653526306,A3_B002681_B009943_S3.mm10-plus-4-0
57,0.8921711444854736,A3_D045313_B009942_S3.mm10-plus-4-0
58,1.1154547929763794,A4_B000767_B009945_S4.mm10-plus-4-0
59,1.1134587526321411,A5_B000767_B009945_S5.mm10-plus-4-0
60,1.2677868604660034,A5_B001247_B009941_S5.mm10-plus-4-0
61,1.0726778507232666,A5_D045313_B009942_S5.mm10-plus-4-0
62,1.4232425689697266,A6_B000767_B009945_S6.mm10-plus-4-0
63,0.9090472459793091,A6_B002681_B009943_S6.mm10-plus-4-0
64,0.6022782921791077,A6_D045313_B009942_S6.mm10-plus-4-0
65,0.9651771783828735,A7_B001247_B009941_S7.mm10-plus-4-0
66,1.1410199403762817,A7_B002688_B009944_S7.mm10-plus-4-0
67,0.608900785446167,A7_D045313_B009942_S7.mm10-plus-4-0
68,0.6412126421928406,A8_D045313_B009942_S8.mm10-plus-4-0
69,0.564272403717041,A9_B000767_B009945_S9.mm10-plus-4-0
70,0.6087567210197449,A9_D045313_B009942_S9.mm10-plus-4-0
71,0.566127598285675,B10_B000767_B009945_S34.mm10-plus-4-0
72,0.45790013670921326,B10_B002681_B009943_S34.mm10-plus-4-0
73,1.0109397172927856,B10_B002688_B009944_S34.mm10-plus-4-0
74,0.44999998807907104,B10_D045313_B009942_S34.mm10-plus-4-0
75,1.3155039548873901,B11_B000767_B009945_S35.mm10-plus-4-0
76,0.4576946794986725,B11_B002681_B009943_S35.mm10-plus-4-0
77,0.5935620665550232,B12_B000767_B009945_S36.mm10-plus-4-0
78,0.7231324911117554,B12_B002688_B009944_S36.mm10-plus-4-0
79,0.729515016078949,B12_D045313_B009942_S36.mm10-plus-4-0
80,0.7317082285881042,B13_B001247_B009941_S37.mm10-plus-4-0
81,0.4787520468235016,B13_B002681_B009943_S37.mm10-plus-4-0
82,0.6893097758293152,B13_D045313_B009942_S37.mm10-plus-4-0
83,0.6841257810592651,B14_B001247_B009941_S38.mm10-plus-4-0
84,0.5772148966789246,B14_B002681_B009943_S38.mm10-plus-4-0
85,0.6991087794303894,B14_B002688_B009944_S38.mm10-plus-4-0
86,2.827406644821167,B14_D045313_B009942_S38.mm10-plus-4-0
87,1.415627121925354,B15_B000767_B009945_S39.mm10-plus-4-0
88,0.65594083070755,B15_B001247_B009941_S39.mm10-plus-4-0
89,0.6706681251525879,B15_B002688_B009944_S39.mm10-plus-4-0
90,1.8419564962387085,B15_D045313_B009942_S39.mm10-plus-4-0
91,2.0180470943450928,B16_B001247_B009941_S40.mm10-plus-4-0
92,2.724263906478882,B16_B002688_B009944_S40.mm10-plus-4-0
93,0.5867214202880859,B16_D045313_B009942_S40.mm10-plus-4-0
94,1.307310938835144,B17_B001247_B009941_S41.mm10-plus-4-0
95,0.5129897594451904,B17_B002681_B009943_S41.mm10-plus-4-0
96,0.4525667726993561,B17_B002688_B009944_S41.mm10-plus-4-0
97,0.9302385449409485,B17_D045313_B009942_S41.mm10-plus-4-0
98,0.7719953656196594,B18_B000767_B009945_S42.mm10-plus-4-0
99,1.7934688329696655,B18_B001247_B009941_S42.mm10-plus-4-0
100,0.45663315057754517,B18_B002681_B009943_S42.mm10-plus-4-0
101,2.589327096939087,B18_B002688_B009944_S42.mm10-plus-4-0
102,0.8013919591903687,B18_D045313_B009942_S42.mm10-plus-4-0
103,0.5142256021499634,B19_B000767_B009945_S43.mm10-plus-4-0
104,1.3100864887237549,B19_B001247_B009941_S43.mm10-plus-4-0
105,0.5096215605735779,B19_D045313_B009942_S43.mm10-plus-4-0
106,0.9393734335899353,B1_B000767_B009945_S25.mm10-plus-4-0
107,0.8084821701049805,B1_B001247_B009941_S25.mm10-plus-4-0
108,0.8758462071418762,B1_B002681_B009943_S25.mm10-plus-4-0
109,0.4824325442314148,B1_D045313_B009942_S25.mm10-plus-4-0
110,2.606689214706421,B20_B001247_B009941_S44.mm10-plus-4-0
111,1.542826533317566,B20_B002688_B009944_S44.mm10-plus-4-0
112,0.677888035774231,B20_D045313_B009942_S44.mm10-plus-4-0
113,1.967067003250122,B21_B001247_B009941_S45.mm10-plus-4-0
114,1.3118531703948975,B21_B002688_B009944_S45.mm10-plus-4-0
115,0.46311452984809875,B21_D045313_B009942_S45.mm10-plus-4-0
116,1.4345343112945557,B22_B000767_B009945_S46.mm10-plus-4-0
117,1.4973187446594238,B22_B001247_B009941_S46.mm10-plus-4-0
118,0.4792090654373169,B22_D045313_B009942_S46.mm10-plus-4-0
119,1.9233955144882202,B2_B001247_B009941_S26.mm10-plus-4-0
120,1.0290005207061768,B3_B000767_B009945_S27.mm10-plus-4-0
121,0.9177649617195129,B3_B001247_B009941_S27.mm10-plus-4-0
122,0.9485903978347778,B3_B002688_B009944_S27.mm10-plus-4-0
123,0.5083773732185364,B3_D045313_B009942_S27.mm10-plus-4-0
124,1.135903239250183,B4_B000767_B009945_S28.mm10-plus-4-0
125,0.9361816048622131,B4_B001247_B009941_S28.mm10-plus-4-0
126,1.2184675931930542,B4_B002681_B009943_S28.mm10-plus-4-0
127,0.4505549371242523,B4_B002688_B009944_S28.mm10-plus-4-0
128,0.5583093762397766,B4_D045313_B009942_S28.mm10-plus-4-0
129,0.9749679565429688,B5_B001247_B009941_S29.mm10-plus-4-0
130,0.6595086455345154,B5_D045313_B009942_S29.mm10-plus-4-0
131,0.6118906140327454,B6_B002688_B009944_S30.mm10-plus-4-0
132,0.5251551270484924,B6_D045313_B009942_S30.mm10-plus-4-0
133,1.3321605920791626,B7_B000767_B009945_S31.mm10-plus-4-0
134,1.1333998441696167,B7_B001247_B009941_S31.mm10-plus-4-0
135,0.4527931213378906,B7_B002688_B009944_S31.mm10-plus-4-0
136,1.005895972251892,B7_D045313_B009942_S31.mm10-plus-4-0
137,1.2054041624069214,B8_B000767_B009945_S32.mm10-plus-4-0
138,1.2328109741210938,B8_D045313_B009942_S32.mm10-plus-4-0
139,1.0844976902008057,B9_B000767_B009945_S33.mm10-plus-4-0
140,0.788199782371521,B9_B002681_B009943_S33.mm10-plus-4-0
141,1.1287832260131836,B9_D045313_B009942_S33.mm10-plus-4-0
142,1.5331416130065918,C10_B000767_B009945_S58.mm10-plus-4-0
143,0.450834721326828,C10_B002681_B009943_S58.mm10-plus-4-0
144,0.8235015273094177,C10_B002688_B009944_S58.mm10-plus-4-0
145,0.8652166724205017,C11_B001247_B009941_S59.mm10-plus-4-0
146,0.4971567392349243,C11_B002681_B009943_S59.mm10-plus-4-0
147,0.6202310919761658,C11_B002688_B009944_S59.mm10-plus-4-0
148,1.3969621658325195,C11_D045313_B009942_S59.mm10-plus-4-0
149,1.236829400062561,C12_B001247_B009941_S60.mm10-plus-4-0
150,1.2535195350646973,C12_D045313_B009942_S60.mm10-plus-4-0
151,0.8267897367477417,C13_B000767_B009945_S61.mm10-plus-4-0
152,0.643663227558136,C13_B001247_B009941_S61.mm10-plus-4-0
153,0.6743850708007812,C13_B002681_B009943_S61.mm10-plus-4-0
154,0.5346035957336426,C13_B002688_B009944_S61.mm10-plus-4-0
155,0.6007435321807861,C13_D045313_B009942_S61.mm10-plus-4-0
156,0.9774640798568726,C14_B000767_B009945_S62.mm10-plus-4-0
157,0.9399778842926025,C14_B001247_B009941_S62.mm10-plus-4-0
158,1.0035004615783691,C14_B002681_B009943_S62.mm10-plus-4-0
159,0.6727328896522522,C14_B002688_B009944_S62.mm10-plus-4-0
160,0.6297388672828674,C14_D045313_B009942_S62.mm10-plus-4-0
161,0.54067462682724,C15_B000767_B009945_S63.mm10-plus-4-0
162,0.7221952676773071,C15_B001247_B009941_S63.mm10-plus-4-0
163,1.1945143938064575,C15_D045313_B009942_S63.mm10-plus-4-0
164,0.812605619430542,C16_B000767_B009945_S64.mm10-plus-4-0
165,0.5735451579093933,C16_B002681_B009943_S64.mm10-plus-4-0
166,0.8966763615608215,C16_B002688_B009944_S64.mm10-plus-4-0
167,2.7458670139312744,C16_D045313_B009942_S64.mm10-plus-4-0
168,1.2325685024261475,C17_B000767_B009945_S65.mm10-plus-4-0
169,2.2791571617126465,C17_B001247_B009941_S65.mm10-plus-4-0
170,0.9181222319602966,C17_B002688_B009944_S65.mm10-plus-4-0
171,1.4354339838027954,C17_D045313_B009942_S65.mm10-plus-4-0
172,0.7321199178695679,C18_B000767_B009945_S66.mm10-plus-4-0
173,3.5303726196289062,C18_B001247_B009941_S66.mm10-plus-4-0
174,0.4918317198753357,C18_B002688_B009944_S66.mm10-plus-4-0
175,0.6153939962387085,C18_D045313_B009942_S66.mm10-plus-4-0
176,0.6785160303115845,C19_B000767_B009945_S67.mm10-plus-4-0
177,0.5698316693305969,C19_B001247_B009941_S67.mm10-plus-4-0
178,0.6363356113433838,C19_D045313_B009942_S67.mm10-plus-4-0
179,1.2334462404251099,C1_B000767_B009945_S49.mm10-plus-4-0
180,0.9451712965965271,C1_B001247_B009941_S49.mm10-plus-4-0
181,0.7500078678131104,C1_B002681_B009943_S49.mm10-plus-4-0
182,0.6389238238334656,C1_B002688_B009944_S49.mm10-plus-4-0
183,0.9248989224433899,C20_B000767_B009945_S68.mm10-plus-4-0
184,1.585286259651184,C20_B001247_B009941_S68.mm10-plus-4-0
185,0.5895750522613525,C20_B002688_B009944_S68.mm10-plus-4-0
186,2.6716604232788086,C20_D045313_B009942_S68.mm10-plus-4-0
187,0.5142291784286499,C21_B000767_B009945_S69.mm10-plus-4-0
188,0.9942159056663513,C21_B001247_B009941_S69.mm10-plus-4-0
189,0.4555375277996063,C21_B002681_B009943_S69.mm10-plus-4-0
190,0.5696430206298828,C21_D045313_B009942_S69.mm10-plus-4-0
191,1.1083323955535889,C22_B000767_B009945_S70.mm10-plus-4-0
192,2.059718370437622,C22_B001247_B009941_S70.mm10-plus-4-0
193,1.2747726440429688,C2_B001247_B009941_S50.mm10-plus-4-0
194,0.7794022560119629,C2_B002688_B009944_S50.mm10-plus-4-0
195,3.131666421890259,C3_B000767_B009945_S51.mm10-plus-4-0
196,1.191617488861084,C3_B001247_B009941_S51.mm10-plus-4-0
197,1.0140511989593506,C3_B002681_B009943_S51.mm10-plus-4-0
198,0.49586501717567444,C3_D045313_B009942_S51.mm10-plus-4-0
199,1.1655880212783813,C4_B000767_B009945_S52.mm10-plus-4-0
200,1.1911100149154663,C4_B001247_B009941_S52.mm10-plus-4-0
201,0.519271731376648,C4_B002688_B009944_S52.mm10-plus-4-0
202,0.9002358317375183,C4_D045313_B009942_S52.mm10-plus-4-0
203,1.0700058937072754,C5_B000767_B009945_S53.mm10-plus-4-0
204,0.717566192150116,C5_B001247_B009941_S53.mm10-plus-4-0
205,0.5877177119255066,C5_D045313_B009942_S53.mm10-plus-4-0
206,1.6668587923049927,C6_B000767_B009945_S54.mm10-plus-4-0
207,0.6912674307823181,C6_B001247_B009941_S54.mm10-plus-4-0
208,0.4689454138278961,C6_B002681_B009943_S54.mm10-plus-4-0
209,1.8126466274261475,C7_B000767_B009945_S55.mm10-plus-4-0
210,0.5363080501556396,C7_B002681_B009943_S55.mm10-plus-4-0
211,0.9928639531135559,C7_D045313_B009942_S55.mm10-plus-4-0
212,0.49391958117485046,C8_B002681_B009943_S56.mm10-plus-4-0
213,0.8528334498405457,C8_D045313_B009942_S56.mm10-plus-4-0
214,1.6528418064117432,C9_B000767_B009945_S57.mm10-plus-4-0
215,1.4108766317367554,C9_B001247_B009941_S57.mm10-plus-4-0
216,1.216295838356018,D10_B000767_B009945_S82.mm10-plus-4-0
217,2.9950056076049805,D10_B001247_B009941_S82.mm10-plus-4-0
218,0.5825510621070862,D10_B002688_B009944_S82.mm10-plus-4-0
219,0.46884313225746155,D10_D045313_B009942_S82.mm10-plus-4-0
220,0.8613410592079163,D11_B000767_B009945_S83.mm10-plus-4-0
221,0.7854007482528687,D11_B001247_B009941_S83.mm10-plus-4-0
222,1.3360161781311035,D11_B002688_B009944_S83.mm10-plus-4-0
223,1.712620496749878,D11_D045313_B009942_S83.mm10-plus-4-0
224,0.5947810411453247,D12_B000767_B009945_S84.mm10-plus-4-0
225,0.9374823570251465,D12_B002681_B009943_S84.mm10-plus-4-0
226,3.179281711578369,D12_D045313_B009942_S84.mm10-plus-4-0
227,0.6415055394172668,D13_B001247_B009941_S85.mm10-plus-4-0
228,0.8119131326675415,D13_B002681_B009943_S85.mm10-plus-4-0
229,0.7613284587860107,D13_D045313_B009942_S85.mm10-plus-4-0
230,1.3814198970794678,D14_B000767_B009945_S86.mm10-plus-4-0
231,1.0143837928771973,D14_B001247_B009941_S86.mm10-plus-4-0
232,0.5063806176185608,D14_B002681_B009943_S86.mm10-plus-4-0
233,2.685455799102783,D14_D045313_B009942_S86.mm10-plus-4-0
234,1.3972615003585815,D15_B001247_B009941_S87.mm10-plus-4-0
235,0.5372585654258728,D15_B002681_B009943_S87.mm10-plus-4-0
236,0.804807186126709,D15_B002688_B009944_S87.mm10-plus-4-0
237,0.6796311140060425,D15_D045313_B009942_S87.mm10-plus-4-0
238,1.3028016090393066,D16_B000767_B009945_S88.mm10-plus-4-0
239,1.3028782606124878,D16_B001247_B009941_S88.mm10-plus-4-0
240,0.6589743494987488,D16_B002681_B009943_S88.mm10-plus-4-0
241,0.6391932964324951,D16_B002688_B009944_S88.mm10-plus-4-0
242,0.5784410834312439,D16_D045313_B009942_S88.mm10-plus-4-0
243,0.8520715832710266,D17_B000767_B009945_S89.mm10-plus-4-0
244,1.6075199842453003,D17_B001247_B009941_S89.mm10-plus-4-0
245,0.45194828510284424,D17_B002681_B009943_S89.mm10-plus-4-0
246,0.4586474299430847,D17_D045313_B009942_S89.mm10-plus-4-0
247,0.5128911137580872,D18_B000767_B009945_S90.mm10-plus-4-0
248,1.605844497680664,D18_B001247_B009941_S90.mm10-plus-4-0
249,0.45145270228385925,D18_B002681_B009943_S90.mm10-plus-4-0
250,1.3164494037628174,D18_B002688_B009944_S90.mm10-plus-4-0
251,0.5604313015937805,D18_D045313_B009942_S90.mm10-plus-4-0
252,1.6107534170150757,D19_B001247_B009941_S91.mm10-plus-4-0
253,0.5827328562736511,D19_B002688_B009944_S91.mm10-plus-4-0
254,0.5594046115875244,D19_D045313_B009942_S91.mm10-plus-4-0
255,0.9606719613075256,D1_B000767_B009945_S73.mm10-plus-4-0
256,1.0102896690368652,D1_B001247_B009941_S73.mm10-plus-4-0
257,0.4585193991661072,D1_B002681_B009943_S73.mm10-plus-4-0
258,0.5724353194236755,D1_B002688_B009944_S73.mm10-plus-4-0
259,1.0399097204208374,D1_D045313_B009942_S73.mm10-plus-4-0
260,1.9775508642196655,D20_B001247_B009941_S92.mm10-plus-4-0
261,0.6798056960105896,D20_B002688_B009944_S92.mm10-plus-4-0
262,0.6941916942596436,D20_D045313_B009942_S92.mm10-plus-4-0
263,1.525941252708435,D21_B001247_B009941_S93.mm10-plus-4-0
264,0.70297771692276,D21_B002681_B009943_S93.mm10-plus-4-0
265,0.5556786060333252,D21_D045313_B009942_S93.mm10-plus-4-0
266,0.9982578158378601,D22_B000767_B009945_S94.mm10-plus-4-0
267,1.121808409690857,D22_B001247_B009941_S94.mm10-plus-4-0
268,0.5628455281257629,D22_B002681_B009943_S94.mm10-plus-4-0
269,0.500139057636261,D22_B002688_B009944_S94.mm10-plus-4-0
270,0.8930100202560425,D22_D045313_B009942_S94.mm10-plus-4-0
271,1.3292499780654907,D2_B000767_B009945_S74.mm10-plus-4-0
272,0.45844128727912903,D2_B002681_B009943_S74.mm10-plus-4-0
273,0.6251100897789001,D2_B002688_B009944_S74.mm10-plus-4-0
274,0.9265735745429993,D2_D045313_B009942_S74.mm10-plus-4-0
275,1.034379482269287,D3_B000767_B009945_S75.mm10-plus-4-0
276,1.1401727199554443,D3_B001247_B009941_S75.mm10-plus-4-0
277,1.2316807508468628,D3_B002681_B009943_S75.mm10-plus-4-0
278,0.5553502440452576,D3_D045313_B009942_S75.mm10-plus-4-0
279,2.733694076538086,D4_B000767_B009945_S76.mm10-plus-4-0
280,2.2184722423553467,D4_B001247_B009941_S76.mm10-plus-4-0
281,0.6681459546089172,D4_B002688_B009944_S76.mm10-plus-4-0
282,0.9091798663139343,D4_D045313_B009942_S76.mm10-plus-4-0
283,1.409171223640442,D5_B000767_B009945_S77.mm10-plus-4-0
284,1.2746843099594116,D6_B000767_B009945_S78.mm10-plus-4-0
285,1.2847763299942017,D6_B002681_B009943_S78.mm10-plus-4-0
286,1.6649428606033325,D6_B002688_B009944_S78.mm10-plus-4-0
287,0.7096052765846252,D6_D045313_B009942_S78.mm10-plus-4-0
288,0.9009343981742859,D7_B000767_B009945_S79.mm10-plus-4-0
289,0.6573811769485474,D7_B002681_B009943_S79.mm10-plus-4-0
290,0.7225235104560852,D7_D045313_B009942_S79.mm10-plus-4-0
291,0.5512435436248779,D8_B002681_B009943_S80.mm10-plus-4-0
292,0.45262885093688965,D8_B002688_B009944_S80.mm10-plus-4-0
293,0.9831358790397644,D9_B000767_B009945_S81.mm10-plus-4-0
294,1.406223177909851,D9_B001247_B009941_S81.mm10-plus-4-0
295,0.45179879665374756,D9_B002688_B009944_S81.mm10-plus-4-0
296,0.5703773498535156,D9_D045313_B009942_S81.mm10-plus-4-0
297,1.2812409400939941,E10_B002688_B009944_S106.mm10-plus-4-0
298,0.5411098599433899,E10_D045313_B009942_S106.mm10-plus-4-0
299,1.2377800941467285,E11_B000767_B009945_S107.mm10-plus-4-0
300,0.6957635879516602,E11_B001247_B009941_S107.mm10-plus-4-0
301,0.8403797745704651,E11_B002681_B009943_S107.mm10-plus-4-0
302,0.6289342045783997,E11_B002688_B009944_S107.mm10-plus-4-0
303,0.6370000243186951,E12_B000767_B009945_S108.mm10-plus-4-0
304,0.4525495171546936,E12_B002681_B009943_S108.mm10-plus-4-0
305,1.5190433263778687,E13_B000767_B009945_S109.mm10-plus-4-0
306,0.5926364660263062,E13_B001247_B009941_S109.mm10-plus-4-0
307,0.4514385163784027,E13_B002681_B009943_S109.mm10-plus-4-0
308,0.7132733464241028,E13_B002688_B009944_S109.mm10-plus-4-0
309,0.7274291515350342,E13_D045313_B009942_S109.mm10-plus-4-0
310,0.4502767324447632,E14_B002681_B009943_S110.mm10-plus-4-0
311,1.1132487058639526,E14_B002688_B009944_S110.mm10-plus-4-0
312,0.6021046042442322,E14_D045313_B009942_S110.mm10-plus-4-0
313,0.6712961196899414,E15_B000767_B009945_S111.mm10-plus-4-0
314,0.5637729167938232,E15_B001247_B009941_S111.mm10-plus-4-0
315,0.44999998807907104,E15_B002681_B009943_S111.mm10-plus-4-0
316,0.5238468050956726,E15_D045313_B009942_S111.mm10-plus-4-0
317,0.5310485363006592,E16_B001247_B009941_S112.mm10-plus-4-0
318,1.3461413383483887,E16_B002688_B009944_S112.mm10-plus-4-0
319,0.5855160355567932,E16_D045313_B009942_S112.mm10-plus-4-0
320,1.4890059232711792,E17_B000767_B009945_S113.mm10-plus-4-0
321,1.5232325792312622,E17_B001247_B009941_S113.mm10-plus-4-0
322,1.0942769050598145,E17_B002681_B009943_S113.mm10-plus-4-0
323,0.7143763303756714,E17_D045313_B009942_S113.mm10-plus-4-0
324,1.474358081817627,E18_B000767_B009945_S114.mm10-plus-4-0
325,0.651650607585907,E18_B001247_B009941_S114.mm10-plus-4-0
326,0.5738663673400879,E18_B002688_B009944_S114.mm10-plus-4-0
327,0.711432695388794,E18_D045313_B009942_S114.mm10-plus-4-0
328,1.3977128267288208,E19_B000767_B009945_S115.mm10-plus-4-0
329,1.045079231262207,E19_B001247_B009941_S115.mm10-plus-4-0
330,0.9375624060630798,E19_B002681_B009943_S115.mm10-plus-4-0
331,0.655730128288269,E19_B002688_B009944_S115.mm10-plus-4-0
332,3.536275625228882,E19_D045313_B009942_S115.mm10-plus-4-0
333,1.1404346227645874,E1_B000767_B009945_S97.mm10-plus-4-0
334,0.9802538156509399,E1_B001247_B009941_S97.mm10-plus-4-0
335,0.6030280590057373,E1_D045313_B009942_S97.mm10-plus-4-0
336,1.599643349647522,E20_B000767_B009945_S116.mm10-plus-4-0
337,1.1455308198928833,E20_B001247_B009941_S116.mm10-plus-4-0
338,0.4982798099517822,E20_B002681_B009943_S116.mm10-plus-4-0
339,0.47711828351020813,E20_B002688_B009944_S116.mm10-plus-4-0
340,0.5694436430931091,E20_D045313_B009942_S116.mm10-plus-4-0
341,1.1775397062301636,E21_B000767_B009945_S117.mm10-plus-4-0
342,1.5334628820419312,E21_B001247_B009941_S117.mm10-plus-4-0
343,1.0008268356323242,E21_D045313_B009942_S117.mm10-plus-4-0
344,1.5129963159561157,E22_B001247_B009941_S118.mm10-plus-4-0
345,1.7969948053359985,E2_B000767_B009945_S98.mm10-plus-4-0
346,1.1497379541397095,E2_B001247_B009941_S98.mm10-plus-4-0
347,0.5869814157485962,E2_D045313_B009942_S98.mm10-plus-4-0
348,0.9972853064537048,E3_B000767_B009945_S99.mm10-plus-4-0
349,1.1769167184829712,E3_B001247_B009941_S99.mm10-plus-4-0
350,0.8029302954673767,E3_B002681_B009943_S99.mm10-plus-4-0
351,0.5647552609443665,E3_B002688_B009944_S99.mm10-plus-4-0
352,1.1529934406280518,E4_B000767_B009945_S100.mm10-plus-4-0
353,0.46512579917907715,E4_B002688_B009944_S100.mm10-plus-4-0
354,1.229422926902771,E4_D045313_B009942_S100.mm10-plus-4-0
355,0.9342029094696045,E5_B000767_B009945_S101.mm10-plus-4-0
356,1.078667163848877,E5_B001247_B009941_S101.mm10-plus-4-0
357,1.1093295812606812,E5_B002681_B009943_S101.mm10-plus-4-0
358,1.0331331491470337,E5_D045313_B009942_S101.mm10-plus-4-0
359,0.45829886198043823,E6_B002681_B009943_S102.mm10-plus-4-0
360,0.5149716138839722,E6_B002688_B009944_S102.mm10-plus-4-0
361,1.3336026668548584,E6_D045313_B009942_S102.mm10-plus-4-0
362,2.5334410667419434,E7_B000767_B009945_S103.mm10-plus-4-0
363,1.126454472541809,E7_B002688_B009944_S103.mm10-plus-4-0
364,2.832308530807495,E7_D045313_B009942_S103.mm10-plus-4-0
365,1.1490129232406616,E8_B000767_B009945_S104.mm10-plus-4-0
366,0.6190470457077026,E8_B002681_B009943_S104.mm10-plus-4-0
367,1.0467257499694824,E8_B002688_B009944_S104.mm10-plus-4-0
368,0.996976912021637,E8_D045313_B009942_S104.mm10-plus-4-0
369,1.0781971216201782,E9_B000767_B009945_S105.mm10-plus-4-0
370,0.7751762866973877,E9_B001247_B009941_S105.mm10-plus-4-0
371,0.9195091724395752,E9_B002688_B009944_S105.mm10-plus-4-0
372,0.8564507961273193,E9_D045313_B009942_S105.mm10-plus-4-0
373,0.5024043321609497,F10_B002681_B009943_S130.mm10-plus-4-0
374,0.5911554098129272,F10_B002688_B009944_S130.mm10-plus-4-0
375,0.6956236958503723,F10_D045313_B009942_S130.mm10-plus-4-0
376,0.4510384202003479,F11_B002681_B009943_S131.mm10-plus-4-0
377,0.8712235689163208,F11_B002688_B009944_S131.mm10-plus-4-0
378,0.8715314865112305,F12_B000767_B009945_S132.mm10-plus-4-0
379,0.7067500352859497,F12_B002688_B009944_S132.mm10-plus-4-0
380,0.5356407761573792,F13_D045313_B009942_S133.mm10-plus-4-0
381,1.5698460340499878,F14_B000767_B009945_S134.mm10-plus-4-0
382,0.6087570786476135,F14_B001247_B009941_S134.mm10-plus-4-0
383,0.46064338088035583,F14_B002681_B009943_S134.mm10-plus-4-0
384,0.5280632376670837,F14_D045313_B009942_S134.mm10-plus-4-0
385,0.7038962244987488,F15_B000767_B009945_S135.mm10-plus-4-0
386,1.0632449388504028,F15_B001247_B009941_S135.mm10-plus-4-0
387,0.7058587074279785,F15_B002681_B009943_S135.mm10-plus-4-0
388,0.6631023287773132,F15_B002688_B009944_S135.mm10-plus-4-0
389,0.6354345083236694,F15_D045313_B009942_S135.mm10-plus-4-0
390,0.6523913145065308,F16_B000767_B009945_S136.mm10-plus-4-0
391,0.5229180455207825,F16_B001247_B009941_S136.mm10-plus-4-0
392,0.8563122749328613,F16_B002681_B009943_S136.mm10-plus-4-0
393,0.6025668382644653,F16_B002688_B009944_S136.mm10-plus-4-0
394,0.5992413759231567,F16_D045313_B009942_S136.mm10-plus-4-0
395,1.3022462129592896,F17_B000767_B009945_S137.mm10-plus-4-0
396,0.7691968083381653,F17_B001247_B009941_S137.mm10-plus-4-0
397,0.5578217506408691,F17_B002681_B009943_S137.mm10-plus-4-0
398,1.2750788927078247,F17_B002688_B009944_S137.mm10-plus-4-0
399,0.6319431662559509,F18_B000767_B009945_S138.mm10-plus-4-0
400,1.5344388484954834,F18_B001247_B009941_S138.mm10-plus-4-0
401,0.5890839099884033,F18_B002681_B009943_S138.mm10-plus-4-0
402,1.6358873844146729,F18_B002688_B009944_S138.mm10-plus-4-0
403,1.019518494606018,F18_D045313_B009942_S138.mm10-plus-4-0
404,1.3556996583938599,F19_B000767_B009945_S139.mm10-plus-4-0
405,1.8681360483169556,F19_B001247_B009941_S139.mm10-plus-4-0
406,1.2285096645355225,F19_B002681_B009943_S139.mm10-plus-4-0
407,0.5257502794265747,F19_B002688_B009944_S139.mm10-plus-4-0
408,0.6448134779930115,F19_D045313_B009942_S139.mm10-plus-4-0
409,0.8480280041694641,F1_B000767_B009945_S121.mm10-plus-4-0
410,1.2491964101791382,F1_B001247_B009941_S121.mm10-plus-4-0
411,0.47643473744392395,F1_B002688_B009944_S121.mm10-plus-4-0
412,0.9772507548332214,F20_B000767_B009945_S140.mm10-plus-4-0
413,1.9149492979049683,F20_B001247_B009941_S140.mm10-plus-4-0
414,0.5022532939910889,F20_B002681_B009943_S140.mm10-plus-4-0
415,0.7192662954330444,F20_D045313_B009942_S140.mm10-plus-4-0
416,0.9887092709541321,F21_B000767_B009945_S141.mm10-plus-4-0
417,1.3845525979995728,F21_B001247_B009941_S141.mm10-plus-4-0
418,0.5589070320129395,F21_B002681_B009943_S141.mm10-plus-4-0
419,0.5070272088050842,F21_D045313_B009942_S141.mm10-plus-4-0
420,1.7822188138961792,F22_B000767_B009945_S142.mm10-plus-4-0
421,1.603115200996399,F22_B001247_B009941_S142.mm10-plus-4-0
422,0.5144329071044922,F22_B002688_B009944_S142.mm10-plus-4-0
423,0.6039223670959473,F22_D045313_B009942_S142.mm10-plus-4-0
424,0.9794816374778748,F2_B000767_B009945_S122.mm10-plus-4-0
425,1.2204442024230957,F2_B001247_B009941_S122.mm10-plus-4-0
426,0.45240041613578796,F2_B002688_B009944_S122.mm10-plus-4-0
427,0.48608139157295227,F2_D045313_B009942_S122.mm10-plus-4-0
428,1.7236074209213257,F3_B000767_B009945_S123.mm10-plus-4-0
429,0.451814740896225,F3_B002681_B009943_S123.mm10-plus-4-0
430,1.895319938659668,F3_B002688_B009944_S123.mm10-plus-4-0
431,1.049902081489563,F3_D045313_B009942_S123.mm10-plus-4-0
432,1.2654436826705933,F4_B000767_B009945_S124.mm10-plus-4-0
433,1.0306347608566284,F4_B002681_B009943_S124.mm10-plus-4-0
434,0.547454297542572,F4_D045313_B009942_S124.mm10-plus-4-0
435,1.1836142539978027,F5_B000767_B009945_S125.mm10-plus-4-0
436,0.8967081904411316,F5_B001247_B009941_S125.mm10-plus-4-0
437,0.8811346292495728,F5_D045313_B009942_S125.mm10-plus-4-0
438,0.9950658679008484,F6_B000767_B009945_S126.mm10-plus-4-0
439,0.9203124046325684,F6_B001247_B009941_S126.mm10-plus-4-0
440,0.47358793020248413,F6_B002681_B009943_S126.mm10-plus-4-0
441,0.5142377018928528,F6_B002688_B009944_S126.mm10-plus-4-0
442,0.7996774315834045,F6_D045313_B009942_S126.mm10-plus-4-0
443,0.9696981310844421,F7_B000767_B009945_S127.mm10-plus-4-0
444,0.9492216110229492,F7_B001247_B009941_S127.mm10-plus-4-0
445,1.4062080383300781,F7_B002681_B009943_S127.mm10-plus-4-0
446,0.5357885956764221,F7_B002688_B009944_S127.mm10-plus-4-0
447,0.554481029510498,F7_D045313_B009942_S127.mm10-plus-4-0
448,1.1915463209152222,F8_B000767_B009945_S128.mm10-plus-4-0
449,0.7409469485282898,F8_B001247_B009941_S128.mm10-plus-4-0
450,1.234765648841858,F8_D045313_B009942_S128.mm10-plus-4-0
451,0.633429765701294,F9_B002688_B009944_S129.mm10-plus-4-0
452,1.0791274309158325,F9_D045313_B009942_S129.mm10-plus-4-0
453,0.9809045195579529,G10_B000767_B009945_S154.mm10-plus-4-0
454,0.45444291830062866,G10_B002688_B009944_S154.mm10-plus-4-0
455,0.9822043180465698,G10_D045313_B009942_S154.mm10-plus-4-0
456,0.7741639018058777,G11_B001247_B009941_S155.mm10-plus-4-0
457,0.4572223126888275,G11_B002681_B009943_S155.mm10-plus-4-0
458,0.9454244375228882,G11_B002688_B009944_S155.mm10-plus-4-0
459,0.6910945177078247,G12_B000767_B009945_S156.mm10-plus-4-0
460,0.46636950969696045,G12_B002681_B009943_S156.mm10-plus-4-0
461,0.731849193572998,G12_B002688_B009944_S156.mm10-plus-4-0
462,0.6327885985374451,G12_D045313_B009942_S156.mm10-plus-4-0
463,1.3257240056991577,G13_B000767_B009945_S157.mm10-plus-4-0
464,0.7739381194114685,G13_B001247_B009941_S157.mm10-plus-4-0
465,0.46942585706710815,G13_B002681_B009943_S157.mm10-plus-4-0
466,0.6601117849349976,G13_B002688_B009944_S157.mm10-plus-4-0
467,0.7547389268875122,G13_D045313_B009942_S157.mm10-plus-4-0
468,1.049773097038269,G14_B002681_B009943_S158.mm10-plus-4-0
469,0.6192367672920227,G14_B002688_B009944_S158.mm10-plus-4-0
470,2.720444917678833,G14_D045313_B009942_S158.mm10-plus-4-0
471,1.078574538230896,G15_B000767_B009945_S159.mm10-plus-4-0
472,0.7781884670257568,G15_B001247_B009941_S159.mm10-plus-4-0
473,0.6823911666870117,G15_D045313_B009942_S159.mm10-plus-4-0
474,1.0290510654449463,G16_B000767_B009945_S160.mm10-plus-4-0
475,1.7051706314086914,G16_B002688_B009944_S160.mm10-plus-4-0
476,0.7174844741821289,G16_D045313_B009942_S160.mm10-plus-4-0
477,1.4774017333984375,G17_B000767_B009945_S161.mm10-plus-4-0
478,0.6302767395973206,G17_B001247_B009941_S161.mm10-plus-4-0
479,0.4523107409477234,G17_B002681_B009943_S161.mm10-plus-4-0
480,1.542830467224121,G17_B002688_B009944_S161.mm10-plus-4-0
481,0.5610064268112183,G17_D045313_B009942_S161.mm10-plus-4-0
482,1.2959266901016235,G18_B000767_B009945_S162.mm10-plus-4-0
483,0.7519649863243103,G18_B001247_B009941_S162.mm10-plus-4-0
484,0.4569968283176422,G18_B002688_B009944_S162.mm10-plus-4-0
485,0.7678632140159607,G18_D045313_B009942_S162.mm10-plus-4-0
486,0.9856105446815491,G19_B000767_B009945_S163.mm10-plus-4-0
487,1.1262397766113281,G19_B001247_B009941_S163.mm10-plus-4-0
488,0.4546676576137543,G19_B002681_B009943_S163.mm10-plus-4-0
489,0.6562649011611938,G19_B002688_B009944_S163.mm10-plus-4-0
490,1.0339497327804565,G19_D045313_B009942_S163.mm10-plus-4-0
491,1.1703306436538696,G1_B000767_B009945_S145.mm10-plus-4-0
492,1.1300315856933594,G1_B001247_B009941_S145.mm10-plus-4-0
493,0.4939853250980377,G1_B002681_B009943_S145.mm10-plus-4-0
494,1.1241121292114258,G20_B000767_B009945_S164.mm10-plus-4-0
495,1.3795287609100342,G20_B001247_B009941_S164.mm10-plus-4-0
496,0.7406738996505737,G20_B002681_B009943_S164.mm10-plus-4-0
497,0.564018726348877,G20_D045313_B009942_S164.mm10-plus-4-0
498,1.6312788724899292,G21_B001247_B009941_S165.mm10-plus-4-0
499,0.5402975082397461,G21_B002688_B009944_S165.mm10-plus-4-0
500,1.9004943370819092,G22_B001247_B009941_S166.mm10-plus-4-0
501,0.6712144017219543,G22_D045313_B009942_S166.mm10-plus-4-0
502,0.5429382920265198,G2_B000767_B009945_S146.mm10-plus-4-0
503,1.6324013471603394,G2_B001247_B009941_S146.mm10-plus-4-0
504,0.5334748029708862,G2_B002688_B009944_S146.mm10-plus-4-0
505,1.7959173917770386,G2_D045313_B009942_S146.mm10-plus-4-0
506,0.6629371047019958,G3_B001247_B009941_S147.mm10-plus-4-0
507,0.4680536389350891,G3_B002681_B009943_S147.mm10-plus-4-0
508,0.513007402420044,G3_D045313_B009942_S147.mm10-plus-4-0
509,1.4043595790863037,G4_B000767_B009945_S148.mm10-plus-4-0
510,1.1884002685546875,G4_B001247_B009941_S148.mm10-plus-4-0
511,0.7658334970474243,G5_B000767_B009945_S149.mm10-plus-4-0
512,0.523289144039154,G5_B002688_B009944_S149.mm10-plus-4-0
513,0.5644909143447876,G5_D045313_B009942_S149.mm10-plus-4-0
514,1.0055255889892578,G6_B000767_B009945_S150.mm10-plus-4-0
515,0.7689453363418579,G6_B001247_B009941_S150.mm10-plus-4-0
516,1.2525641918182373,G7_B000767_B009945_S151.mm10-plus-4-0
517,0.7877627015113831,G7_B001247_B009941_S151.mm10-plus-4-0
518,0.4699961841106415,G7_B002681_B009943_S151.mm10-plus-4-0
519,1.2192132472991943,G7_D045313_B009942_S151.mm10-plus-4-0
520,1.0543920993804932,G8_B000767_B009945_S152.mm10-plus-4-0
521,0.8953943252563477,G8_B001247_B009941_S152.mm10-plus-4-0
522,0.5940303206443787,G8_B002688_B009944_S152.mm10-plus-4-0
523,1.6974650621414185,G9_B000767_B009945_S153.mm10-plus-4-0
524,0.4583171606063843,G9_B002688_B009944_S153.mm10-plus-4-0
525,0.45545244216918945,G9_D045313_B009942_S153.mm10-plus-4-0
526,2.7673840522766113,H10_B001247_B009941_S178.mm10-plus-4-0
527,0.45028096437454224,H10_B002681_B009943_S178.mm10-plus-4-0
528,1.1072245836257935,H11_B002688_B009944_S179.mm10-plus-4-0
529,1.1382989883422852,H11_D045313_B009942_S179.mm10-plus-4-0
530,0.7690877318382263,H12_B000767_B009945_S180.mm10-plus-4-0
531,0.8319763541221619,H12_B001247_B009941_S180.mm10-plus-4-0
532,0.451255738735199,H12_B002688_B009944_S180.mm10-plus-4-0
533,0.6410849094390869,H12_D045313_B009942_S180.mm10-plus-4-0
534,0.47017940878868103,H13_B002681_B009943_S181.mm10-plus-4-0
535,1.0732911825180054,H13_B002688_B009944_S181.mm10-plus-4-0
536,0.603564441204071,H13_D045313_B009942_S181.mm10-plus-4-0
537,0.49750179052352905,H14_B002681_B009943_S182.mm10-plus-4-0
538,0.5509158968925476,H14_D045313_B009942_S182.mm10-plus-4-0
539,0.5988908410072327,H15_B001247_B009941_S183.mm10-plus-4-0
540,1.0421897172927856,H15_B002688_B009944_S183.mm10-plus-4-0
541,1.3630176782608032,H15_D045313_B009942_S183.mm10-plus-4-0
542,0.7498869299888611,H16_B000767_B009945_S184.mm10-plus-4-0
543,0.8620411157608032,H16_B001247_B009941_S184.mm10-plus-4-0
544,0.5773693919181824,H16_B002681_B009943_S184.mm10-plus-4-0
545,0.7141863107681274,H16_B002688_B009944_S184.mm10-plus-4-0
546,0.6327019333839417,H16_D045313_B009942_S184.mm10-plus-4-0
547,1.5916599035263062,H17_B000767_B009945_S185.mm10-plus-4-0
548,1.2796326875686646,H17_B001247_B009941_S185.mm10-plus-4-0
549,0.6752647757530212,H17_B002688_B009944_S185.mm10-plus-4-0
550,0.9175517559051514,H17_D045313_B009942_S185.mm10-plus-4-0
551,0.5721122026443481,H18_B000767_B009945_S186.mm10-plus-4-0
552,2.3136544227600098,H18_B001247_B009941_S186.mm10-plus-4-0
553,1.0162938833236694,H18_B002688_B009944_S186.mm10-plus-4-0
554,0.5750706791877747,H18_D045313_B009942_S186.mm10-plus-4-0
555,2.1858439445495605,H19_B000767_B009945_S187.mm10-plus-4-0
556,3.0654730796813965,H19_B001247_B009941_S187.mm10-plus-4-0
557,1.0192441940307617,H19_B002688_B009944_S187.mm10-plus-4-0
558,0.6084124445915222,H19_D045313_B009942_S187.mm10-plus-4-0
559,0.5195598602294922,H1_B000767_B009945_S169.mm10-plus-4-0
560,0.5932793617248535,H1_B002681_B009943_S169.mm10-plus-4-0
561,0.45033159852027893,H1_B002688_B009944_S169.mm10-plus-4-0
562,0.5807497501373291,H1_D045313_B009942_S169.mm10-plus-4-0
563,0.9814258217811584,H20_B000767_B009945_S188.mm10-plus-4-0
564,1.0895434617996216,H20_B001247_B009941_S188.mm10-plus-4-0
565,2.855419397354126,H20_B002688_B009944_S188.mm10-plus-4-0
566,0.8013921976089478,H20_D045313_B009942_S188.mm10-plus-4-0
567,1.1181727647781372,H21_B000767_B009945_S189.mm10-plus-4-0
568,3.1737852096557617,H21_B001247_B009941_S189.mm10-plus-4-0
569,0.5789290070533752,H21_D045313_B009942_S189.mm10-plus-4-0
570,0.9432188272476196,H22_B000767_B009945_S190.mm10-plus-4-0
571,1.1427098512649536,H22_B001247_B009941_S190.mm10-plus-4-0
572,0.8132678866386414,H22_D045313_B009942_S190.mm10-plus-4-0
573,0.8901810050010681,H2_B001247_B009941_S170.mm10-plus-4-0
574,1.1837432384490967,H2_B002681_B009943_S170.mm10-plus-4-0
575,1.0280468463897705,H2_D045313_B009942_S170.mm10-plus-4-0
576,1.3992670774459839,H3_B000767_B009945_S171.mm10-plus-4-0
577,1.4699780941009521,H3_B002688_B009944_S171.mm10-plus-4-0
578,0.5863642692565918,H3_D045313_B009942_S171.mm10-plus-4-0
579,1.3897324800491333,H4_B000767_B009945_S172.mm10-plus-4-0
580,0.9431828260421753,H4_B001247_B009941_S172.mm10-plus-4-0
581,1.3243207931518555,H4_B002681_B009943_S172.mm10-plus-4-0
582,0.47481468319892883,H4_B002688_B009944_S172.mm10-plus-4-0
583,3.156813859939575,H4_D045313_B009942_S172.mm10-plus-4-0
584,0.8791914582252502,H5_B000767_B009945_S173.mm10-plus-4-0
585,1.305586338043213,H5_B001247_B009941_S173.mm10-plus-4-0
586,0.5100240111351013,H5_B002681_B009943_S173.mm10-plus-4-0
587,1.0219875574111938,H6_B000767_B009945_S174.mm10-plus-4-0
588,0.9345531463623047,H6_B002681_B009943_S174.mm10-plus-4-0
589,1.0585381984710693,H7_B000767_B009945_S175.mm10-plus-4-0
590,1.4753283262252808,H7_D045313_B009942_S175.mm10-plus-4-0
591,1.2495687007904053,H8_B000767_B009945_S176.mm10-plus-4-0
592,0.8410512208938599,H8_B001247_B009941_S176.mm10-plus-4-0
593,0.6572780609130859,H8_B002681_B009943_S176.mm10-plus-4-0
594,0.5961347222328186,H8_B002688_B009944_S176.mm10-plus-4-0
595,0.6041275858879089,H8_D045313_B009942_S176.mm10-plus-4-0
596,1.3908040523529053,H9_B000767_B009945_S177.mm10-plus-4-0
597,1.4968546628952026,H9_B002688_B009944_S177.mm10-plus-4-0
598,1.0604430437088013,H9_D045313_B009942_S177.mm10-plus-4-0
599,3.5273096561431885,I10_B000767_B009945_S202.mm10-plus-4-0
600,0.6376694440841675,I10_B002681_B009943_S202.mm10-plus-4-0
601,1.4151629209518433,I11_B000767_B009945_S203.mm10-plus-4-0
602,0.5294861793518066,I11_B002681_B009943_S203.mm10-plus-4-0
603,0.7345833778381348,I11_B002688_B009944_S203.mm10-plus-4-0
604,0.7152285575866699,I11_D045313_B009942_S203.mm10-plus-4-0
605,0.9547696709632874,I12_B000767_B009945_S204.mm10-plus-4-0
606,0.5899646878242493,I12_B001247_B009941_S204.mm10-plus-4-0
607,0.5883488059043884,I12_B002681_B009943_S204.mm10-plus-4-0
608,1.5524107217788696,I12_B002688_B009944_S204.mm10-plus-4-0
609,0.6619115471839905,I12_D045313_B009942_S204.mm10-plus-4-0
610,0.6768497228622437,I13_B002688_B009944_S205.mm10-plus-4-0
611,1.0610507726669312,I13_D045313_B009942_S205.mm10-plus-4-0
612,0.9270097613334656,I14_B000767_B009945_S206.mm10-plus-4-0
613,0.5830604434013367,I14_B001247_B009941_S206.mm10-plus-4-0
614,0.47962772846221924,I14_B002681_B009943_S206.mm10-plus-4-0
615,0.7153111100196838,I14_D045313_B009942_S206.mm10-plus-4-0
616,0.9006446599960327,I15_B001247_B009941_S207.mm10-plus-4-0
617,0.45548775792121887,I15_B002681_B009943_S207.mm10-plus-4-0
618,0.5379436016082764,I15_B002688_B009944_S207.mm10-plus-4-0
619,1.1493719816207886,I15_D045313_B009942_S207.mm10-plus-4-0
620,1.0348433256149292,I16_B000767_B009945_S208.mm10-plus-4-0
621,0.6753270030021667,I16_B001247_B009941_S208.mm10-plus-4-0
622,0.9528879523277283,I16_B002681_B009943_S208.mm10-plus-4-0
623,0.6403040885925293,I16_B002688_B009944_S208.mm10-plus-4-0
624,0.5769187808036804,I16_D045313_B009942_S208.mm10-plus-4-0
625,1.1369786262512207,I17_B000767_B009945_S209.mm10-plus-4-0
626,0.5936539173126221,I17_B001247_B009941_S209.mm10-plus-4-0
627,0.9720510840415955,I17_B002688_B009944_S209.mm10-plus-4-0
628,0.5888091921806335,I17_D045313_B009942_S209.mm10-plus-4-0
629,1.2818700075149536,I18_B000767_B009945_S210.mm10-plus-4-0
630,3.4035520553588867,I18_B001247_B009941_S210.mm10-plus-4-0
631,0.9695566296577454,I18_D045313_B009942_S210.mm10-plus-4-0
632,0.7480336427688599,I19_B000767_B009945_S211.mm10-plus-4-0
633,3.7743682861328125,I19_B001247_B009941_S211.mm10-plus-4-0
634,1.1831508874893188,I19_B002681_B009943_S211.mm10-plus-4-0
635,1.0230883359909058,I19_B002688_B009944_S211.mm10-plus-4-0
636,1.615075945854187,I19_D045313_B009942_S211.mm10-plus-4-0
637,2.4125568866729736,I1_B000767_B009945_S193.mm10-plus-4-0
638,0.7904876470565796,I1_B001247_B009941_S193.mm10-plus-4-0
639,0.818875789642334,I20_B000767_B009945_S212.mm10-plus-4-0
640,2.8474693298339844,I20_B001247_B009941_S212.mm10-plus-4-0
641,1.3287183046340942,I20_B002688_B009944_S212.mm10-plus-4-0
642,0.6570330858230591,I20_D045313_B009942_S212.mm10-plus-4-0
643,1.2182422876358032,I21_B000767_B009945_S213.mm10-plus-4-0
644,1.1069594621658325,I21_B001247_B009941_S213.mm10-plus-4-0
645,0.4535846412181854,I21_B002688_B009944_S213.mm10-plus-4-0
646,1.0284364223480225,I22_B000767_B009945_S214.mm10-plus-4-0
647,1.0858582258224487,I22_B001247_B009941_S214.mm10-plus-4-0
648,0.4685136377811432,I22_B002681_B009943_S214.mm10-plus-4-0
649,0.4673592746257782,I22_B002688_B009944_S214.mm10-plus-4-0
650,0.4984339475631714,I22_D045313_B009942_S214.mm10-plus-4-0
651,1.0691379308700562,I2_B000767_B009945_S194.mm10-plus-4-0
652,0.7630465626716614,I2_B001247_B009941_S194.mm10-plus-4-0
653,1.0647813081741333,I2_B002681_B009943_S194.mm10-plus-4-0
654,1.368260383605957,I2_D045313_B009942_S194.mm10-plus-4-0
655,1.3477237224578857,I3_B000767_B009945_S195.mm10-plus-4-0
656,1.1282869577407837,I3_B001247_B009941_S195.mm10-plus-4-0
657,0.515053927898407,I3_B002681_B009943_S195.mm10-plus-4-0
658,1.0531585216522217,I4_B000767_B009945_S196.mm10-plus-4-0
659,0.44999998807907104,I4_B002681_B009943_S196.mm10-plus-4-0
660,0.6185148358345032,I4_D045313_B009942_S196.mm10-plus-4-0
661,1.489065408706665,I5_B000767_B009945_S197.mm10-plus-4-0
662,0.7506271004676819,I5_B001247_B009941_S197.mm10-plus-4-0
663,0.47061991691589355,I5_B002688_B009944_S197.mm10-plus-4-0
664,0.5114419460296631,I5_D045313_B009942_S197.mm10-plus-4-0
665,0.735978901386261,I6_B001247_B009941_S198.mm10-plus-4-0
666,0.48011600971221924,I6_B002688_B009944_S198.mm10-plus-4-0
667,0.6948890686035156,I6_D045313_B009942_S198.mm10-plus-4-0
668,0.8390120267868042,I7_B000767_B009945_S199.mm10-plus-4-0
669,0.8433197736740112,I7_B001247_B009941_S199.mm10-plus-4-0
670,0.5417634844779968,I7_B002688_B009944_S199.mm10-plus-4-0
671,0.47591379284858704,I7_D045313_B009942_S199.mm10-plus-4-0
672,1.0268815755844116,I8_B000767_B009945_S200.mm10-plus-4-0
673,1.475568413734436,I8_B002681_B009943_S200.mm10-plus-4-0
674,0.8020483255386353,I8_D045313_B009942_S200.mm10-plus-4-0
675,0.7582675814628601,I9_B000767_B009945_S201.mm10-plus-4-0
676,0.4582509696483612,I9_B002688_B009944_S201.mm10-plus-4-0
677,0.5317409634590149,J10_B000767_B009945_S226.mm10-plus-4-0
678,0.5542346835136414,J10_B002681_B009943_S226.mm10-plus-4-0
679,0.6535751223564148,J11_B002681_B009943_S227.mm10-plus-4-0
680,1.278611660003662,J11_B002688_B009944_S227.mm10-plus-4-0
681,0.5233712196350098,J11_D045313_B009942_S227.mm10-plus-4-0
682,1.120833158493042,J12_B000767_B009945_S228.mm10-plus-4-0
683,0.7735999226570129,J12_B001247_B009941_S228.mm10-plus-4-0
684,3.3989765644073486,J12_B002681_B009943_S228.mm10-plus-4-0
685,1.4320462942123413,J12_B002688_B009944_S228.mm10-plus-4-0
686,0.9370529651641846,J12_D045313_B009942_S228.mm10-plus-4-0
687,1.6852034330368042,J13_B000767_B009945_S229.mm10-plus-4-0
688,0.947921633720398,J13_D045313_B009942_S229.mm10-plus-4-0
689,1.342124342918396,J14_B001247_B009941_S230.mm10-plus-4-0
690,0.7022649645805359,J14_B002681_B009943_S230.mm10-plus-4-0
691,1.2124226093292236,J14_D045313_B009942_S230.mm10-plus-4-0
692,0.5564257502555847,J15_B002681_B009943_S231.mm10-plus-4-0
693,0.7587506175041199,J16_B000767_B009945_S232.mm10-plus-4-0
694,1.3807505369186401,J16_B001247_B009941_S232.mm10-plus-4-0
695,0.6227802634239197,J16_B002681_B009943_S232.mm10-plus-4-0
696,0.8152639269828796,J16_D045313_B009942_S232.mm10-plus-4-0
697,0.8435167670249939,J17_B001247_B009941_S233.mm10-plus-4-0
698,0.45866918563842773,J17_B002681_B009943_S233.mm10-plus-4-0
699,0.7307366728782654,J17_B002688_B009944_S233.mm10-plus-4-0
700,0.9963895082473755,J17_D045313_B009942_S233.mm10-plus-4-0
701,1.2142421007156372,J18_B000767_B009945_S234.mm10-plus-4-0
702,0.6266324520111084,J18_B001247_B009941_S234.mm10-plus-4-0
703,0.6808754205703735,J18_B002688_B009944_S234.mm10-plus-4-0
704,0.563788115978241,J18_D045313_B009942_S234.mm10-plus-4-0
705,0.5723830461502075,J19_B001247_B009941_S235.mm10-plus-4-0
706,0.6811984181404114,J19_B002688_B009944_S235.mm10-plus-4-0
707,3.126085042953491,J19_D045313_B009942_S235.mm10-plus-4-0
708,1.835749864578247,J1_B000767_B009945_S217.mm10-plus-4-0
709,1.1814440488815308,J1_B001247_B009941_S217.mm10-plus-4-0
710,2.431288480758667,J20_B000767_B009945_S236.mm10-plus-4-0
711,0.8971685171127319,J20_B001247_B009941_S236.mm10-plus-4-0
712,0.4680997431278229,J20_B002681_B009943_S236.mm10-plus-4-0
713,0.9500427842140198,J20_B002688_B009944_S236.mm10-plus-4-0
714,0.660693347454071,J20_D045313_B009942_S236.mm10-plus-4-0
715,1.1227233409881592,J21_B001247_B009941_S237.mm10-plus-4-0
716,1.1743707656860352,J21_D045313_B009942_S237.mm10-plus-4-0
717,0.9740963578224182,J22_B000767_B009945_S238.mm10-plus-4-0
718,1.2586967945098877,J22_B001247_B009941_S238.mm10-plus-4-0
719,0.9083385467529297,J2_B000767_B009945_S218.mm10-plus-4-0
720,0.515530526638031,J2_B001247_B009941_S218.mm10-plus-4-0
721,0.8344677686691284,J2_B002681_B009943_S218.mm10-plus-4-0
722,2.1932876110076904,J3_B000767_B009945_S219.mm10-plus-4-0
723,0.4510822892189026,J3_B002681_B009943_S219.mm10-plus-4-0
724,0.4688510298728943,J3_D045313_B009942_S219.mm10-plus-4-0
725,1.423904538154602,J4_B000767_B009945_S220.mm10-plus-4-0
726,0.6807711124420166,J4_B001247_B009941_S220.mm10-plus-4-0
727,0.45478591322898865,J4_B002681_B009943_S220.mm10-plus-4-0
728,0.9542344808578491,J5_B000767_B009945_S221.mm10-plus-4-0
729,1.0459028482437134,J5_B001247_B009941_S221.mm10-plus-4-0
730,0.46599438786506653,J5_B002681_B009943_S221.mm10-plus-4-0
731,0.5726020932197571,J6_B000767_B009945_S222.mm10-plus-4-0
732,0.7752684950828552,J6_B001247_B009941_S222.mm10-plus-4-0
733,0.8883394002914429,J6_D045313_B009942_S222.mm10-plus-4-0
734,1.1119238138198853,J8_B000767_B009945_S224.mm10-plus-4-0
735,0.7181932330131531,J8_B001247_B009941_S224.mm10-plus-4-0
736,0.5948430299758911,J8_B002681_B009943_S224.mm10-plus-4-0
737,0.4943416118621826,J8_B002688_B009944_S224.mm10-plus-4-0
738,0.6119591593742371,J8_D045313_B009942_S224.mm10-plus-4-0
739,0.8924683928489685,J9_B000767_B009945_S225.mm10-plus-4-0
740,0.7339797019958496,J9_B002688_B009944_S225.mm10-plus-4-0
741,1.1227680444717407,K10_D045313_B009942_S250.mm10-plus-4-0
742,0.6210236549377441,K11_B000767_B009945_S251.mm10-plus-4-0
743,0.8967026472091675,K11_B001247_B009941_S251.mm10-plus-4-0
744,0.5023162961006165,K11_B002688_B009944_S251.mm10-plus-4-0
745,0.5636393427848816,K11_D045313_B009942_S251.mm10-plus-4-0
746,0.863696277141571,K12_B000767_B009945_S252.mm10-plus-4-0
747,0.6298008561134338,K12_B001247_B009941_S252.mm10-plus-4-0
748,0.45483410358428955,K12_B002681_B009943_S252.mm10-plus-4-0
749,0.5671713948249817,K12_B002688_B009944_S252.mm10-plus-4-0
750,0.7265558838844299,K12_D045313_B009942_S252.mm10-plus-4-0
751,0.7257879972457886,K13_B001247_B009941_S253.mm10-plus-4-0
752,0.46083423495292664,K13_B002681_B009943_S253.mm10-plus-4-0
753,0.839232325553894,K13_B002688_B009944_S253.mm10-plus-4-0
754,0.5701256394386292,K13_D045313_B009942_S253.mm10-plus-4-0
755,0.8138169646263123,K14_B001247_B009941_S254.mm10-plus-4-0
756,0.47664982080459595,K14_B002681_B009943_S254.mm10-plus-4-0
757,1.8540250062942505,K14_D045313_B009942_S254.mm10-plus-4-0
758,0.8825333714485168,K15_B000767_B009945_S255.mm10-plus-4-0
759,0.9114916920661926,K15_D045313_B009942_S255.mm10-plus-4-0
760,1.3394837379455566,K16_B000767_B009945_S256.mm10-plus-4-0
761,0.8083741068840027,K16_B001247_B009941_S256.mm10-plus-4-0
762,1.2282159328460693,K16_B002681_B009943_S256.mm10-plus-4-0
763,1.3799928426742554,K16_B002688_B009944_S256.mm10-plus-4-0
764,0.7345574498176575,K16_D045313_B009942_S256.mm10-plus-4-0
765,0.5610269904136658,K17_B000767_B009945_S257.mm10-plus-4-0
766,1.0836073160171509,K17_B001247_B009941_S257.mm10-plus-4-0
767,0.590381383895874,K17_B002681_B009943_S257.mm10-plus-4-0
768,3.024949073791504,K17_B002688_B009944_S257.mm10-plus-4-0
769,0.793746829032898,K17_D045313_B009942_S257.mm10-plus-4-0
770,2.864119291305542,K18_B001247_B009941_S258.mm10-plus-4-0
771,0.6528345346450806,K18_B002688_B009944_S258.mm10-plus-4-0
772,1.5364153385162354,K19_B000767_B009945_S259.mm10-plus-4-0
773,0.5862746238708496,K19_B001247_B009941_S259.mm10-plus-4-0
774,0.49607422947883606,K19_B002681_B009943_S259.mm10-plus-4-0
775,1.3548535108566284,K19_D045313_B009942_S259.mm10-plus-4-0
776,0.9997325539588928,K1_B000767_B009945_S241.mm10-plus-4-0
777,0.9640489816665649,K1_B001247_B009941_S241.mm10-plus-4-0
778,0.960845410823822,K1_D045313_B009942_S241.mm10-plus-4-0
779,0.8418686985969543,K20_B000767_B009945_S260.mm10-plus-4-0
780,0.567982017993927,K20_B001247_B009941_S260.mm10-plus-4-0
781,0.5374042987823486,K20_B002688_B009944_S260.mm10-plus-4-0
782,0.6612221598625183,K20_D045313_B009942_S260.mm10-plus-4-0
783,0.9319055676460266,K21_B000767_B009945_S261.mm10-plus-4-0
784,0.9717245697975159,K21_B001247_B009941_S261.mm10-plus-4-0
785,0.5568281412124634,K21_B002681_B009943_S261.mm10-plus-4-0
786,0.49822893738746643,K21_B002688_B009944_S261.mm10-plus-4-0
787,0.5118407607078552,K21_D045313_B009942_S261.mm10-plus-4-0
788,0.9403800368309021,K22_B001247_B009941_S262.mm10-plus-4-0
789,0.6167137622833252,K22_B002681_B009943_S262.mm10-plus-4-0
790,0.9719552397727966,K22_B002688_B009944_S262.mm10-plus-4-0
791,2.718839645385742,K2_B000767_B009945_S242.mm10-plus-4-0
792,2.3857882022857666,K2_B001247_B009941_S242.mm10-plus-4-0
793,0.643419086933136,K2_B002681_B009943_S242.mm10-plus-4-0
794,0.8528518080711365,K2_B002688_B009944_S242.mm10-plus-4-0
795,1.1738084554672241,K2_D045313_B009942_S242.mm10-plus-4-0
796,1.8512928485870361,K3_B000767_B009945_S243.mm10-plus-4-0
797,0.9095470309257507,K3_B001247_B009941_S243.mm10-plus-4-0
798,0.4545972943305969,K3_D045313_B009942_S243.mm10-plus-4-0
799,1.8068102598190308,K4_B000767_B009945_S244.mm10-plus-4-0
800,0.9985184073448181,K4_B001247_B009941_S244.mm10-plus-4-0
801,0.46117544174194336,K4_B002688_B009944_S244.mm10-plus-4-0
802,0.45879343152046204,K4_D045313_B009942_S244.mm10-plus-4-0
803,1.0635731220245361,K5_B000767_B009945_S245.mm10-plus-4-0
804,1.1184651851654053,K5_B002688_B009944_S245.mm10-plus-4-0
805,0.44999998807907104,K5_D045313_B009942_S245.mm10-plus-4-0
806,1.0235005617141724,K6_B000767_B009945_S246.mm10-plus-4-0
807,1.152764916419983,K6_D045313_B009942_S246.mm10-plus-4-0
808,1.4518733024597168,K7_B001247_B009941_S247.mm10-plus-4-0
809,1.2021946907043457,K7_D045313_B009942_S247.mm10-plus-4-0
810,0.8457370400428772,K8_B000767_B009945_S248.mm10-plus-4-0
811,0.8093406558036804,K8_B001247_B009941_S248.mm10-plus-4-0
812,0.7402298450469971,K8_D045313_B009942_S248.mm10-plus-4-0
813,0.9173179864883423,K9_B000767_B009945_S249.mm10-plus-4-0
814,0.515613317489624,K9_B002681_B009943_S249.mm10-plus-4-0
815,0.628684937953949,K9_D045313_B009942_S249.mm10-plus-4-0
816,1.3167437314987183,L10_B000767_B009945_S274.mm10-plus-4-0
817,0.9110080003738403,L10_B001247_B009941_S274.mm10-plus-4-0
818,0.6073862314224243,L10_B002681_B009943_S274.mm10-plus-4-0
819,0.7081052660942078,L10_D045313_B009942_S274.mm10-plus-4-0
820,2.9204275608062744,L11_B000767_B009945_S275.mm10-plus-4-0
821,1.0231348276138306,L11_B001247_B009941_S275.mm10-plus-4-0
822,1.455385446548462,L11_B002688_B009944_S275.mm10-plus-4-0
823,0.8234236240386963,L11_D045313_B009942_S275.mm10-plus-4-0
824,0.5435339212417603,L12_B001247_B009941_S276.mm10-plus-4-0
825,0.5652244091033936,L12_B002688_B009944_S276.mm10-plus-4-0
826,1.2738454341888428,L13_B000767_B009945_S277.mm10-plus-4-0
827,0.6012078523635864,L13_B001247_B009941_S277.mm10-plus-4-0
828,2.5919668674468994,L13_B002688_B009944_S277.mm10-plus-4-0
829,0.80110102891922,L13_D045313_B009942_S277.mm10-plus-4-0
830,1.2260855436325073,L14_B000767_B009945_S278.mm10-plus-4-0
831,0.6236854195594788,L14_B001247_B009941_S278.mm10-plus-4-0
832,1.212032437324524,L14_D045313_B009942_S278.mm10-plus-4-0
833,0.9773204922676086,L15_B000767_B009945_S279.mm10-plus-4-0
834,0.5259131789207458,L15_B002688_B009944_S279.mm10-plus-4-0
835,0.7227205038070679,L15_D045313_B009942_S279.mm10-plus-4-0
836,0.5495303273200989,L16_B001247_B009941_S280.mm10-plus-4-0
837,1.2230658531188965,L16_B002681_B009943_S280.mm10-plus-4-0
838,0.5773583650588989,L16_B002688_B009944_S280.mm10-plus-4-0
839,0.9027012586593628,L16_D045313_B009942_S280.mm10-plus-4-0
840,1.4790409803390503,L17_B001247_B009941_S281.mm10-plus-4-0
841,1.3174383640289307,L17_B002688_B009944_S281.mm10-plus-4-0
842,0.7857615947723389,L17_D045313_B009942_S281.mm10-plus-4-0
843,0.9896186590194702,L18_B000767_B009945_S282.mm10-plus-4-0
844,0.7715671062469482,L18_B001247_B009941_S282.mm10-plus-4-0
845,0.5955945253372192,L18_B002688_B009944_S282.mm10-plus-4-0
846,1.7354470491409302,L18_D045313_B009942_S282.mm10-plus-4-0
847,0.5155748724937439,L19_B001247_B009941_S283.mm10-plus-4-0
848,0.4812389016151428,L19_B002681_B009943_S283.mm10-plus-4-0
849,0.6153156757354736,L19_D045313_B009942_S283.mm10-plus-4-0
850,0.9426736235618591,L1_B000767_B009945_S265.mm10-plus-4-0
851,0.9874939918518066,L1_B001247_B009941_S265.mm10-plus-4-0
852,1.2668182849884033,L20_B000767_B009945_S284.mm10-plus-4-0
853,1.0348303318023682,L20_B001247_B009941_S284.mm10-plus-4-0
854,1.0113986730575562,L20_B002688_B009944_S284.mm10-plus-4-0
855,1.448146104812622,L20_D045313_B009942_S284.mm10-plus-4-0
856,1.2109334468841553,L21_B000767_B009945_S285.mm10-plus-4-0
857,1.2251942157745361,L22_B000767_B009945_S286.mm10-plus-4-0
858,1.0284717082977295,L22_B001247_B009941_S286.mm10-plus-4-0
859,0.477939248085022,L22_B002681_B009943_S286.mm10-plus-4-0
860,0.47413966059684753,L22_B002688_B009944_S286.mm10-plus-4-0
861,3.317937135696411,L2_B000767_B009945_S266.mm10-plus-4-0
862,0.6503040790557861,L2_B001247_B009941_S266.mm10-plus-4-0
863,0.9883365631103516,L3_B000767_B009945_S267.mm10-plus-4-0
864,0.7530444860458374,L3_B001247_B009941_S267.mm10-plus-4-0
865,0.9422370195388794,L3_B002681_B009943_S267.mm10-plus-4-0
866,0.5184794664382935,L3_D045313_B009942_S267.mm10-plus-4-0
867,1.0643205642700195,L4_B000767_B009945_S268.mm10-plus-4-0
868,1.0895158052444458,L4_B001247_B009941_S268.mm10-plus-4-0
869,0.47363200783729553,L4_B002681_B009943_S268.mm10-plus-4-0
870,0.67219078540802,L4_D045313_B009942_S268.mm10-plus-4-0
871,0.9488364458084106,L5_B000767_B009945_S269.mm10-plus-4-0
872,1.1861815452575684,L5_B001247_B009941_S269.mm10-plus-4-0
873,1.2755928039550781,L6_B000767_B009945_S270.mm10-plus-4-0
874,1.1786357164382935,L6_B002688_B009944_S270.mm10-plus-4-0
875,1.1806317567825317,L7_B001247_B009941_S271.mm10-plus-4-0
876,0.741245448589325,L7_B002688_B009944_S271.mm10-plus-4-0
877,0.5991017818450928,L7_D045313_B009942_S271.mm10-plus-4-0
878,0.5215808153152466,L8_B002681_B009943_S272.mm10-plus-4-0
879,0.9589550495147705,L9_B000767_B009945_S273.mm10-plus-4-0
880,0.9543588161468506,M10_B000767_B009945_S298.mm10-plus-4-0
881,0.9072754979133606,M10_B001247_B009941_S298.mm10-plus-4-0
882,1.18517005443573,M10_D045313_B009942_S298.mm10-plus-4-0
883,0.8213751912117004,M11_B000767_B009945_S299.mm10-plus-4-0
884,1.2547582387924194,M11_B001247_B009941_S299.mm10-plus-4-0
885,0.5141172409057617,M11_D045313_B009942_S299.mm10-plus-4-0
886,0.8761075139045715,M12_B000767_B009945_S300.mm10-plus-4-0
887,0.7477099299430847,M12_B001247_B009941_S300.mm10-plus-4-0
888,1.1918272972106934,M12_B002681_B009943_S300.mm10-plus-4-0
889,1.7248889207839966,M12_B002688_B009944_S300.mm10-plus-4-0
890,1.663814663887024,M12_D045313_B009942_S300.mm10-plus-4-0
891,0.8382489085197449,M13_B000767_B009945_S301.mm10-plus-4-0
892,1.2233551740646362,M13_B002681_B009943_S301.mm10-plus-4-0
893,0.7148358821868896,M13_D045313_B009942_S301.mm10-plus-4-0
894,1.0518064498901367,M14_B000767_B009945_S302.mm10-plus-4-0
895,1.3577388525009155,M14_B001247_B009941_S302.mm10-plus-4-0
896,1.0617238283157349,M14_B002688_B009944_S302.mm10-plus-4-0
897,0.9969966411590576,M14_D045313_B009942_S302.mm10-plus-4-0
898,0.661091148853302,M15_B000767_B009945_S303.mm10-plus-4-0
899,1.59769868850708,M15_B001247_B009941_S303.mm10-plus-4-0
900,0.618064284324646,M15_B002688_B009944_S303.mm10-plus-4-0
901,0.5471329092979431,M15_D045313_B009942_S303.mm10-plus-4-0
902,2.1203160285949707,M16_B000767_B009945_S304.mm10-plus-4-0
903,1.1780192852020264,M16_B001247_B009941_S304.mm10-plus-4-0
904,1.36383056640625,M16_B002688_B009944_S304.mm10-plus-4-0
905,0.6418018937110901,M16_D045313_B009942_S304.mm10-plus-4-0
906,0.7013899087905884,M17_B000767_B009945_S305.mm10-plus-4-0
907,0.5820795297622681,M17_B001247_B009941_S305.mm10-plus-4-0
908,1.048813819885254,M17_B002681_B009943_S305.mm10-plus-4-0
909,0.5972254276275635,M17_B002688_B009944_S305.mm10-plus-4-0
910,0.5910195708274841,M17_D045313_B009942_S305.mm10-plus-4-0
911,1.0392578840255737,M18_B000767_B009945_S306.mm10-plus-4-0
912,0.7994647026062012,M18_B001247_B009941_S306.mm10-plus-4-0
913,1.1666762828826904,M18_B002688_B009944_S306.mm10-plus-4-0
914,1.0359286069869995,M18_D045313_B009942_S306.mm10-plus-4-0
915,1.4765264987945557,M19_B000767_B009945_S307.mm10-plus-4-0
916,0.6533792018890381,M19_B001247_B009941_S307.mm10-plus-4-0
917,0.45824354887008667,M19_B002681_B009943_S307.mm10-plus-4-0
918,1.1276322603225708,M19_B002688_B009944_S307.mm10-plus-4-0
919,0.8607592582702637,M19_D045313_B009942_S307.mm10-plus-4-0
920,0.7434464693069458,M1_B001247_B009941_S289.mm10-plus-4-0
921,0.5305094718933105,M1_B002681_B009943_S289.mm10-plus-4-0
922,1.3057324886322021,M1_D045313_B009942_S289.mm10-plus-4-0
923,0.890263557434082,M20_B000767_B009945_S308.mm10-plus-4-0
924,1.0748108625411987,M20_B001247_B009941_S308.mm10-plus-4-0
925,0.6291252374649048,M20_B002688_B009944_S308.mm10-plus-4-0
926,0.6781758069992065,M20_D045313_B009942_S308.mm10-plus-4-0
927,1.8077638149261475,M21_B000767_B009945_S309.mm10-plus-4-0
928,1.5762215852737427,M21_B001247_B009941_S309.mm10-plus-4-0
929,0.4526246190071106,M21_B002681_B009943_S309.mm10-plus-4-0
930,1.272305965423584,M21_D045313_B009942_S309.mm10-plus-4-0
931,1.7821271419525146,M22_B000767_B009945_S310.mm10-plus-4-0
932,1.1512248516082764,M22_B001247_B009941_S310.mm10-plus-4-0
933,0.4565562307834625,M22_B002681_B009943_S310.mm10-plus-4-0
934,0.45182207226753235,M22_B002688_B009944_S310.mm10-plus-4-0
935,1.6503674983978271,M22_D045313_B009942_S310.mm10-plus-4-0
936,1.366866946220398,M2_B000767_B009945_S290.mm10-plus-4-0
937,0.5100157260894775,M2_B002681_B009943_S290.mm10-plus-4-0
938,0.6923021674156189,M2_D045313_B009942_S290.mm10-plus-4-0
939,1.3078620433807373,M3_B000767_B009945_S291.mm10-plus-4-0
940,0.7488125562667847,M3_B001247_B009941_S291.mm10-plus-4-0
941,0.4705159664154053,M3_B002681_B009943_S291.mm10-plus-4-0
942,0.4614871144294739,M3_B002688_B009944_S291.mm10-plus-4-0
943,0.4620179831981659,M3_D045313_B009942_S291.mm10-plus-4-0
944,1.3371745347976685,M4_B000767_B009945_S292.mm10-plus-4-0
945,0.49978166818618774,M4_B002688_B009944_S292.mm10-plus-4-0
946,1.1343297958374023,M4_D045313_B009942_S292.mm10-plus-4-0
947,1.2835519313812256,M5_B000767_B009945_S293.mm10-plus-4-0
948,1.3544169664382935,M5_B001247_B009941_S293.mm10-plus-4-0
949,0.6961589455604553,M5_B002681_B009943_S293.mm10-plus-4-0
950,0.6068268418312073,M5_B002688_B009944_S293.mm10-plus-4-0
951,1.2864606380462646,M6_B000767_B009945_S294.mm10-plus-4-0
952,0.509540319442749,M6_B002681_B009943_S294.mm10-plus-4-0
953,0.44999998807907104,M6_B002688_B009944_S294.mm10-plus-4-0
954,0.5299263000488281,M6_D045313_B009942_S294.mm10-plus-4-0
955,0.5609592199325562,M7_B000767_B009945_S295.mm10-plus-4-0
956,0.45550039410591125,M7_B002681_B009943_S295.mm10-plus-4-0
957,1.26544189453125,M7_D045313_B009942_S295.mm10-plus-4-0
958,2.7389211654663086,M8_B000767_B009945_S296.mm10-plus-4-0
959,0.7738871574401855,M8_B001247_B009941_S296.mm10-plus-4-0
960,0.8343663811683655,M8_D045313_B009942_S296.mm10-plus-4-0
961,0.8986202478408813,M9_B000767_B009945_S297.mm10-plus-4-0
962,0.8062790036201477,M9_B001247_B009941_S297.mm10-plus-4-0
963,0.48428183794021606,M9_B002681_B009943_S297.mm10-plus-4-0
964,1.5273188352584839,M9_B002688_B009944_S297.mm10-plus-4-0
965,0.5046090483665466,M9_D045313_B009942_S297.mm10-plus-4-0
966,1.0550280809402466,N10_B000767_B009945_S322.mm10-plus-4-0
967,0.6682960391044617,N10_B002688_B009944_S322.mm10-plus-4-0
968,1.1334819793701172,N11_B000767_B009945_S323.mm10-plus-4-0
969,0.4777768850326538,N11_B002681_B009943_S323.mm10-plus-4-0
970,0.5826195478439331,N11_B002688_B009944_S323.mm10-plus-4-0
971,0.6738375425338745,N11_D045313_B009942_S323.mm10-plus-4-0
972,1.1294599771499634,N12_B000767_B009945_S324.mm10-plus-4-0
973,1.4816462993621826,N12_B001247_B009941_S324.mm10-plus-4-0
974,1.1938974857330322,N12_B002688_B009944_S324.mm10-plus-4-0
975,1.0671192407608032,N12_D045313_B009942_S324.mm10-plus-4-0
976,1.058437466621399,N13_B000767_B009945_S325.mm10-plus-4-0
977,0.6597099900245667,N13_B001247_B009941_S325.mm10-plus-4-0
978,0.7750340700149536,N13_B002688_B009944_S325.mm10-plus-4-0
979,0.6575571298599243,N13_D045313_B009942_S325.mm10-plus-4-0
980,0.8757506608963013,N14_B000767_B009945_S326.mm10-plus-4-0
981,0.7298489212989807,N14_B001247_B009941_S326.mm10-plus-4-0
982,0.5296487808227539,N14_B002681_B009943_S326.mm10-plus-4-0
983,1.0694198608398438,N14_B002688_B009944_S326.mm10-plus-4-0
984,0.623598039150238,N14_D045313_B009942_S326.mm10-plus-4-0
985,0.9792026281356812,N15_B000767_B009945_S327.mm10-plus-4-0
986,1.1123169660568237,N15_B001247_B009941_S327.mm10-plus-4-0
987,0.5596603155136108,N15_B002681_B009943_S327.mm10-plus-4-0
988,0.6482161283493042,N15_B002688_B009944_S327.mm10-plus-4-0
989,1.2958216667175293,N15_D045313_B009942_S327.mm10-plus-4-0
990,0.8175933361053467,N16_B000767_B009945_S328.mm10-plus-4-0
991,1.1733801364898682,N16_B001247_B009941_S328.mm10-plus-4-0
992,1.2945189476013184,N16_B002681_B009943_S328.mm10-plus-4-0
993,1.3567003011703491,N16_B002688_B009944_S328.mm10-plus-4-0
994,1.624087929725647,N17_B001247_B009941_S329.mm10-plus-4-0
995,0.4527526795864105,N17_B002681_B009943_S329.mm10-plus-4-0
996,1.022758960723877,N17_D045313_B009942_S329.mm10-plus-4-0
997,0.7748662829399109,N18_B000767_B009945_S330.mm10-plus-4-0
998,1.4141719341278076,N18_B001247_B009941_S330.mm10-plus-4-0
999,1.5150518417358398,N18_B002681_B009943_S330.mm10-plus-4-0
1000,1.3782455921173096,N18_B002688_B009944_S330.mm10-plus-4-0
1001,1.4314051866531372,N18_D045313_B009942_S330.mm10-plus-4-0
1002,0.8468371629714966,N19_B001247_B009941_S331.mm10-plus-4-0
1003,1.0525856018066406,N19_D045313_B009942_S331.mm10-plus-4-0
1004,1.0549184083938599,N1_B000767_B009945_S313.mm10-plus-4-0
1005,0.4515618681907654,N1_B002681_B009943_S313.mm10-plus-4-0
1006,0.5240811109542847,N1_B002688_B009944_S313.mm10-plus-4-0
1007,0.8947914242744446,N1_D045313_B009942_S313.mm10-plus-4-0
1008,0.9707555174827576,N20_B000767_B009945_S332.mm10-plus-4-0
1009,1.4010182619094849,N20_B001247_B009941_S332.mm10-plus-4-0
1010,0.45597127079963684,N20_B002681_B009943_S332.mm10-plus-4-0
1011,1.68600332736969,N20_D045313_B009942_S332.mm10-plus-4-0
1012,1.2133233547210693,N21_B000767_B009945_S333.mm10-plus-4-0
1013,1.64347505569458,N21_B001247_B009941_S333.mm10-plus-4-0
1014,0.4568488299846649,N21_B002681_B009943_S333.mm10-plus-4-0
1015,0.9040505290031433,N21_D045313_B009942_S333.mm10-plus-4-0
1016,0.8364989161491394,N22_B000767_B009945_S334.mm10-plus-4-0
1017,1.4913817644119263,N22_B001247_B009941_S334.mm10-plus-4-0
1018,0.45848116278648376,N22_B002681_B009943_S334.mm10-plus-4-0
1019,0.45702680945396423,N22_B002688_B009944_S334.mm10-plus-4-0
1020,1.5190434455871582,N2_B000767_B009945_S314.mm10-plus-4-0
1021,0.5564220547676086,N2_D045313_B009942_S314.mm10-plus-4-0
1022,2.4178030490875244,N3_B000767_B009945_S315.mm10-plus-4-0
1023,0.7585534453392029,N3_D045313_B009942_S315.mm10-plus-4-0
1024,1.841414451599121,N4_B000767_B009945_S316.mm10-plus-4-0
1025,1.3697353601455688,N4_B001247_B009941_S316.mm10-plus-4-0
1026,0.4967677891254425,N4_B002681_B009943_S316.mm10-plus-4-0
1027,1.2959342002868652,N4_D045313_B009942_S316.mm10-plus-4-0
1028,1.9226782321929932,N5_B000767_B009945_S317.mm10-plus-4-0
1029,1.295669674873352,N5_B001247_B009941_S317.mm10-plus-4-0
1030,1.0943111181259155,N6_B000767_B009945_S318.mm10-plus-4-0
1031,0.8032023310661316,N6_B001247_B009941_S318.mm10-plus-4-0
1032,0.44999998807907104,N6_B002681_B009943_S318.mm10-plus-4-0
1033,1.1255947351455688,N7_B000767_B009945_S319.mm10-plus-4-0
1034,2.242325782775879,N7_B001247_B009941_S319.mm10-plus-4-0
1035,0.8785284757614136,N7_B002688_B009944_S319.mm10-plus-4-0
1036,0.5066980719566345,N7_D045313_B009942_S319.mm10-plus-4-0
1037,0.4507351219654083,N8_B002688_B009944_S320.mm10-plus-4-0
1038,0.9503138065338135,N9_B000767_B009945_S321.mm10-plus-4-0
1039,1.2579878568649292,N9_B001247_B009941_S321.mm10-plus-4-0
1040,0.4678708612918854,N9_B002681_B009943_S321.mm10-plus-4-0
1041,0.909257173538208,O10_B000767_B009945_S346.mm10-plus-4-0
1042,1.109591007232666,O10_B001247_B009941_S346.mm10-plus-4-0
1043,0.5146165490150452,O10_B002681_B009943_S346.mm10-plus-4-0
1044,0.4891018867492676,O10_D045313_B009942_S346.mm10-plus-4-0
1045,0.8820282816886902,O11_B000767_B009945_S347.mm10-plus-4-0
1046,0.5501962304115295,O11_B001247_B009941_S347.mm10-plus-4-0
1047,2.9288384914398193,O11_B002681_B009943_S347.mm10-plus-4-0
1048,0.5620205998420715,O11_B002688_B009944_S347.mm10-plus-4-0
1049,0.6524773240089417,O12_B000767_B009945_S348.mm10-plus-4-0
1050,1.423837661743164,O12_B001247_B009941_S348.mm10-plus-4-0
1051,0.8773050308227539,O12_B002688_B009944_S348.mm10-plus-4-0
1052,0.6574190258979797,O12_D045313_B009942_S348.mm10-plus-4-0
1053,0.6526173949241638,O13_B000767_B009945_S349.mm10-plus-4-0
1054,0.4596356451511383,O13_B002681_B009943_S349.mm10-plus-4-0
1055,1.1438186168670654,O13_D045313_B009942_S349.mm10-plus-4-0
1056,0.8627477288246155,O14_B000767_B009945_S350.mm10-plus-4-0
1057,0.5388935208320618,O14_B002681_B009943_S350.mm10-plus-4-0
1058,1.3838711977005005,O14_B002688_B009944_S350.mm10-plus-4-0
1059,0.5344895124435425,O14_D045313_B009942_S350.mm10-plus-4-0
1060,0.5876497626304626,O15_B000767_B009945_S351.mm10-plus-4-0
1061,0.455107182264328,O15_B002681_B009943_S351.mm10-plus-4-0
1062,0.5508544445037842,O15_B002688_B009944_S351.mm10-plus-4-0
1063,0.6755717992782593,O15_D045313_B009942_S351.mm10-plus-4-0
1064,0.7037642598152161,O16_B000767_B009945_S352.mm10-plus-4-0
1065,0.8972674608230591,O16_B001247_B009941_S352.mm10-plus-4-0
1066,1.4866327047348022,O16_B002681_B009943_S352.mm10-plus-4-0
1067,0.6886363625526428,O16_D045313_B009942_S352.mm10-plus-4-0
1068,0.6283897161483765,O17_B001247_B009941_S353.mm10-plus-4-0
1069,1.4620219469070435,O17_B002681_B009943_S353.mm10-plus-4-0
1070,0.6794266700744629,O17_B002688_B009944_S353.mm10-plus-4-0
1071,0.592814028263092,O17_D045313_B009942_S353.mm10-plus-4-0
1072,1.1911488771438599,O18_B000767_B009945_S354.mm10-plus-4-0
1073,1.122388243675232,O18_B001247_B009941_S354.mm10-plus-4-0
1074,1.3919739723205566,O18_D045313_B009942_S354.mm10-plus-4-0
1075,0.9593415260314941,O19_B000767_B009945_S355.mm10-plus-4-0
1076,1.6596779823303223,O19_B001247_B009941_S355.mm10-plus-4-0
1077,0.620742917060852,O19_B002688_B009944_S355.mm10-plus-4-0
1078,2.4653148651123047,O19_D045313_B009942_S355.mm10-plus-4-0
1079,1.1109647750854492,O1_B000767_B009945_S337.mm10-plus-4-0
1080,0.6122269630432129,O1_B002688_B009944_S337.mm10-plus-4-0
1081,1.3400524854660034,O20_B000767_B009945_S356.mm10-plus-4-0
1082,1.2864524126052856,O20_B001247_B009941_S356.mm10-plus-4-0
1083,0.7962468266487122,O20_D045313_B009942_S356.mm10-plus-4-0
1084,1.0462615489959717,O21_B000767_B009945_S357.mm10-plus-4-0
1085,2.512732982635498,O21_B001247_B009941_S357.mm10-plus-4-0
1086,0.5513361692428589,O21_B002688_B009944_S357.mm10-plus-4-0
1087,1.1147960424423218,O22_B000767_B009945_S358.mm10-plus-4-0
1088,1.9060940742492676,O22_B001247_B009941_S358.mm10-plus-4-0
1089,0.9448371529579163,O22_B002681_B009943_S358.mm10-plus-4-0
1090,1.4560956954956055,O2_B000767_B009945_S338.mm10-plus-4-0
1091,1.1395900249481201,O2_B001247_B009941_S338.mm10-plus-4-0
1092,0.8527582287788391,O2_B002688_B009944_S338.mm10-plus-4-0
1093,1.0921248197555542,O2_D045313_B009942_S338.mm10-plus-4-0
1094,1.047575831413269,O3_B000767_B009945_S339.mm10-plus-4-0
1095,1.2113392353057861,O3_B001247_B009941_S339.mm10-plus-4-0
1096,0.6076292395591736,O3_B002681_B009943_S339.mm10-plus-4-0
1097,1.0707817077636719,O3_D045313_B009942_S339.mm10-plus-4-0
1098,1.424431324005127,O4_B000767_B009945_S340.mm10-plus-4-0
1099,1.1215314865112305,O4_B001247_B009941_S340.mm10-plus-4-0
1100,0.5709995627403259,O4_B002681_B009943_S340.mm10-plus-4-0
1101,1.3093329668045044,O4_D045313_B009942_S340.mm10-plus-4-0
1102,1.2563807964324951,O5_B000767_B009945_S341.mm10-plus-4-0
1103,1.1107856035232544,O5_B001247_B009941_S341.mm10-plus-4-0
1104,0.5625081658363342,O5_B002681_B009943_S341.mm10-plus-4-0
1105,0.8813796639442444,O5_D045313_B009942_S341.mm10-plus-4-0
1106,1.4072984457015991,O6_B000767_B009945_S342.mm10-plus-4-0
1107,2.7547447681427,O6_B001247_B009941_S342.mm10-plus-4-0
1108,0.5265257358551025,O6_D045313_B009942_S342.mm10-plus-4-0
1109,3.05145263671875,O7_B000767_B009945_S343.mm10-plus-4-0
1110,0.45415931940078735,O7_B002681_B009943_S343.mm10-plus-4-0
1111,1.0715502500534058,O7_D045313_B009942_S343.mm10-plus-4-0
1112,0.6367555260658264,O8_D045313_B009942_S344.mm10-plus-4-0
1113,0.9155310392379761,O9_B000767_B009945_S345.mm10-plus-4-0
1114,1.386772871017456,O9_B002681_B009943_S345.mm10-plus-4-0
1115,0.5578590631484985,O9_D045313_B009942_S345.mm10-plus-4-0
1116,2.580976963043213,P10_B000767_B009945_S370.mm10-plus-4-0
1117,0.4699237048625946,P10_D045313_B009942_S370.mm10-plus-4-0
1118,2.650125026702881,P11_B000767_B009945_S371.mm10-plus-4-0
1119,0.7090545892715454,P11_B001247_B009941_S371.mm10-plus-4-0
1120,0.44999998807907104,P11_B002681_B009943_S371.mm10-plus-4-0
1121,0.6455335021018982,P11_D045313_B009942_S371.mm10-plus-4-0
1122,0.6535444855690002,P12_B000767_B009945_S372.mm10-plus-4-0
1123,0.6615492105484009,P12_B001247_B009941_S372.mm10-plus-4-0
1124,0.9629455208778381,P13_B000767_B009945_S373.mm10-plus-4-0
1125,0.9115880727767944,P13_D045313_B009942_S373.mm10-plus-4-0
1126,1.0041533708572388,P14_B000767_B009945_S374.mm10-plus-4-0
1127,0.8476702570915222,P14_B001247_B009941_S374.mm10-plus-4-0
1128,0.6793013215065002,P14_B002688_B009944_S374.mm10-plus-4-0
1129,1.0393166542053223,P15_B000767_B009945_S375.mm10-plus-4-0
1130,0.8407076001167297,P15_B001247_B009941_S375.mm10-plus-4-0
1131,0.6798934936523438,P15_B002688_B009944_S375.mm10-plus-4-0
1132,0.9540941119194031,P16_B000767_B009945_S376.mm10-plus-4-0
1133,1.3288179636001587,P16_B001247_B009941_S376.mm10-plus-4-0
1134,0.7278736233711243,P16_B002681_B009943_S376.mm10-plus-4-0
1135,0.9019195437431335,P16_D045313_B009942_S376.mm10-plus-4-0
1136,1.869954228401184,P17_B000767_B009945_S377.mm10-plus-4-0
1137,0.8595166802406311,P17_B001247_B009941_S377.mm10-plus-4-0
1138,0.5448381304740906,P17_B002681_B009943_S377.mm10-plus-4-0
1139,0.9696078896522522,P18_B000767_B009945_S378.mm10-plus-4-0
1140,0.8129176497459412,P18_B001247_B009941_S378.mm10-plus-4-0
1141,1.3111172914505005,P18_D045313_B009942_S378.mm10-plus-4-0
1142,1.2993570566177368,P19_B000767_B009945_S379.mm10-plus-4-0
1143,1.3214592933654785,P19_B001247_B009941_S379.mm10-plus-4-0
1144,1.3566480875015259,P19_B002688_B009944_S379.mm10-plus-4-0
1145,1.1416356563568115,P19_D045313_B009942_S379.mm10-plus-4-0
1146,1.7723857164382935,P1_B000767_B009945_S361.mm10-plus-4-0
1147,0.4594023525714874,P1_B002681_B009943_S361.mm10-plus-4-0
1148,0.8842666149139404,P1_D045313_B009942_S361.mm10-plus-4-0
1149,1.2655304670333862,P20_B000767_B009945_S380.mm10-plus-4-0
1150,1.4013206958770752,P20_B001247_B009941_S380.mm10-plus-4-0
1151,0.4724142551422119,P20_B002681_B009943_S380.mm10-plus-4-0
1152,1.0672873258590698,P20_D045313_B009942_S380.mm10-plus-4-0
1153,1.001416563987732,P21_B000767_B009945_S381.mm10-plus-4-0
1154,1.8605802059173584,P21_B001247_B009941_S381.mm10-plus-4-0
1155,0.47592586278915405,P21_B002688_B009944_S381.mm10-plus-4-0
1156,0.969283938407898,P21_D045313_B009942_S381.mm10-plus-4-0
1157,0.9147852063179016,P22_B000767_B009945_S382.mm10-plus-4-0
1158,1.6992114782333374,P22_B001247_B009941_S382.mm10-plus-4-0
1159,1.2208576202392578,P22_B002688_B009944_S382.mm10-plus-4-0
1160,1.153891682624817,P2_B000767_B009945_S362.mm10-plus-4-0
1161,0.5623472929000854,P2_B002681_B009943_S362.mm10-plus-4-0
1162,0.45376837253570557,P2_B002688_B009944_S362.mm10-plus-4-0
1163,0.918320894241333,P3_B000767_B009945_S363.mm10-plus-4-0
1164,0.694843590259552,P3_B001247_B009941_S363.mm10-plus-4-0
1165,0.4518112242221832,P3_D045313_B009942_S363.mm10-plus-4-0
1166,0.9669662117958069,P4_B000767_B009945_S364.mm10-plus-4-0
1167,1.2587387561798096,P4_B001247_B009941_S364.mm10-plus-4-0
1168,1.216349482536316,P4_B002681_B009943_S364.mm10-plus-4-0
1169,1.411167860031128,P5_B000767_B009945_S365.mm10-plus-4-0
1170,0.917946457862854,P5_B001247_B009941_S365.mm10-plus-4-0
1171,0.4756404757499695,P5_B002688_B009944_S365.mm10-plus-4-0
1172,1.1538382768630981,P6_B001247_B009941_S366.mm10-plus-4-0
1173,0.45636287331581116,P6_B002681_B009943_S366.mm10-plus-4-0
1174,0.7324032187461853,P7_B001247_B009941_S367.mm10-plus-4-0
1175,0.8642749786376953,P8_B000767_B009945_S368.mm10-plus-4-0
1176,0.6304201483726501,P8_B001247_B009941_S368.mm10-plus-4-0
1177,1.0118893384933472,P8_B002688_B009944_S368.mm10-plus-4-0
1178,1.3984547853469849,P9_B001247_B009941_S369.mm10-plus-4-0
1179,1.3470414876937866,P9_D045313_B009942_S369.mm10-plus-4-0
1180,0.9015457630157471,A11_B008782_S203_L004.mus-1-0-1
1181,1.8533074855804443,A12_B008782_S204_L004.mus-1-0-1
1182,0.8858531713485718,A13_B008781_S289_L004.mus-1-0-1
1183,1.0701007843017578,A13_B008782_S205_L004.mus-1-0-1
1184,0.8394936919212341,A14_B008781_S290_L004.mus-1-0-1
1185,1.165281891822815,A14_B008782_S206_L004.mus-1-0-1
1186,2.050689935684204,A15_B008781_S291_L004.mus-1-0-1
1187,1.233749508857727,A15_B008782_S207_L004.mus-1-0-1
1188,0.8824020624160767,A16_B008781_S292_L004.mus-1-0-1
1189,1.5270136594772339,A16_B008782_S208_L004.mus-1-0-1
1190,1.3924638032913208,A17_B008781_S293_L004.mus-1-0-1
1191,0.9164864420890808,A17_B008782_S209_L004.mus-1-0-1
1192,0.8053930401802063,A18_B008781_S294_L004.mus-1-0-1
1193,0.6412014365196228,A18_B008782_S210_L004.mus-1-0-1
1194,1.330342173576355,A19_B008782_S211_L004.mus-1-0-1
1195,1.0502287149429321,A20_B008781_S296_L004.mus-1-0-1
1196,1.1035548448562622,A20_B008782_S212_L004.mus-1-0-1
1197,0.8054121732711792,A21_B008781_S297_L004.mus-1-0-1
1198,0.9051838517189026,A23_B008781_S299_L004.mus-1-0-1
1199,1.2648382186889648,A24_B008781_S300_L004.mus-1-0-1
1200,1.704156756401062,A2_B008781_S278_L004.mus-1-0-1
1201,0.8451076745986938,B13_B008659_S97_L004.mus-1-0-1
1202,0.9390749335289001,B13_B008781_S13_L004.mus-1-0-1
1203,0.9362344145774841,B14_B008659_S98_L004.mus-1-0-1
1204,0.9123415350914001,B14_B008781_S14_L004.mus-1-0-1
1205,0.8077448010444641,B15_B008781_S15_L004.mus-1-0-1
1206,0.8540422320365906,B16_B008659_S100_L004.mus-1-0-1
1207,0.7341743111610413,B16_B008781_S16_L004.mus-1-0-1
1208,1.0124561786651611,B18_B008659_S102_L004.mus-1-0-1
1209,0.924971878528595,B19_B008659_S103_L004.mus-1-0-1
1210,0.7986186742782593,B19_B008781_S19_L004.mus-1-0-1
1211,0.9072627425193787,B20_B008659_S104_L004.mus-1-0-1
1212,0.8482602834701538,B20_B008781_S20_L004.mus-1-0-1
1213,1.5090919733047485,B22_B008659_S106_L004.mus-1-0-1
1214,0.921953022480011,B22_B008781_S22_L004.mus-1-0-1
1215,0.5239033699035645,B7_B008782_S223_L004.mus-1-0-1
1216,1.0485378503799438,B8_B008782_S224_L004.mus-1-0-1
1217,1.0346684455871582,C10_B008781_S34_L004.mus-1-0-1
1218,1.1945570707321167,C10_B008782_S250_L004.mus-1-0-1
1219,0.834624171257019,C11_B008781_S35_L004.mus-1-0-1
1220,1.2888561487197876,C11_B008782_S251_L004.mus-1-0-1
1221,0.8479537963867188,C12_B008781_S36_L004.mus-1-0-1
1222,1.1245427131652832,C12_B008782_S252_L004.mus-1-0-1
1223,0.8205607533454895,C13_B008781_S37_L004.mus-1-0-1
1224,0.8189669251441956,C14_B008781_S38_L004.mus-1-0-1
1225,1.5026832818984985,C14_B008782_S254_L004.mus-1-0-1
1226,0.8922780752182007,C15_B008782_S255_L004.mus-1-0-1
1227,1.2636733055114746,C16_B008782_S256_L004.mus-1-0-1
1228,0.5249745845794678,C17_B008781_S41_L004.mus-1-0-1
1229,1.4715888500213623,C17_B008782_S257_L004.mus-1-0-1
1230,1.1128404140472412,C18_B008781_S42_L004.mus-1-0-1
1231,1.320656657218933,C18_B008782_S258_L004.mus-1-0-1
1232,0.76259446144104,C19_B008781_S43_L004.mus-1-0-1
1233,1.2166478633880615,C20_B008781_S44_L004.mus-1-0-1
1234,0.4768454432487488,C7_B008782_S247_L004.mus-1-0-1
1235,1.16693913936615,C8_B008782_S248_L004.mus-1-0-1
1236,1.122870922088623,C9_B008781_S33_L004.mus-1-0-1
1237,1.2122224569320679,C9_B008782_S249_L004.mus-1-0-1
1238,0.8033245205879211,D10_B008781_S58_L004.mus-1-0-1
1239,0.8910071849822998,D11_B008659_S143_L004.mus-1-0-1
1240,1.085429310798645,D12_B008659_S144_L004.mus-1-0-1
1241,0.6172640323638916,D12_B008781_S60_L004.mus-1-0-1
1242,1.18075430393219,D13_B008659_S145_L004.mus-1-0-1
1243,0.8433178663253784,D13_B008781_S61_L004.mus-1-0-1
1244,1.064209222793579,D14_B008659_S146_L004.mus-1-0-1
1245,0.4981778562068939,D14_B008781_S62_L004.mus-1-0-1
1246,1.276435136795044,D15_B008781_S63_L004.mus-1-0-1
1247,0.5632950067520142,D17_B008659_S149_L004.mus-1-0-1
1248,1.17886221408844,D17_B008781_S65_L004.mus-1-0-1
1249,1.095023512840271,D18_B008659_S150_L004.mus-1-0-1
1250,0.765101432800293,D4_B008782_S268_L004.mus-1-0-1
1251,0.9627406001091003,D6_B008782_S270_L004.mus-1-0-1
1252,0.748070240020752,D7_B008781_S55_L004.mus-1-0-1
1253,0.8341256976127625,D9_B008781_S57_L004.mus-1-0-1
1254,0.9537898898124695,E10_B008781_S82_L004.mus-1-0-1
1255,0.5955305695533752,E11_B008781_S83_L004.mus-1-0-1
1256,1.6488618850708008,E11_B008782_S299_L004.mus-1-0-1
1257,0.837546169757843,E12_B008782_S300_L004.mus-1-0-1
1258,0.6687471866607666,E13_B008781_S85_L004.mus-1-0-1
1259,1.095340609550476,E13_B008782_S1_L004.mus-1-0-1
1260,0.9844740629196167,E14_B008782_S2_L004.mus-1-0-1
1261,0.835793673992157,E24_B008782_S12_L004.mus-1-0-1
1262,1.3210666179656982,E3_B008782_S291_L004.mus-1-0-1
1263,1.38608980178833,E4_B008782_S292_L004.mus-1-0-1
1264,0.8948354125022888,E5_B008781_S77_L004.mus-1-0-1
1265,1.5907280445098877,E5_B008782_S293_L004.mus-1-0-1
1266,1.1452081203460693,E6_B008782_S294_L004.mus-1-0-1
1267,0.8331300616264343,E7_B008781_S79_L004.mus-1-0-1
1268,0.6956642270088196,E7_B008782_S295_L004.mus-1-0-1
1269,1.7228978872299194,E8_B008782_S296_L004.mus-1-0-1
1270,0.9028768539428711,E9_B008781_S81_L004.mus-1-0-1
1271,1.44924795627594,E9_B008782_S297_L004.mus-1-0-1
1272,0.8209561109542847,F10_B008659_S190_L004.mus-1-0-1
1273,0.5041283369064331,F10_B008781_S106_L004.mus-1-0-1
1274,1.3177498579025269,F11_B008781_S107_L004.mus-1-0-1
1275,0.8714873194694519,F12_B008659_S192_L004.mus-1-0-1
1276,0.7749718427658081,F12_B008781_S108_L004.mus-1-0-1
1277,0.5258179903030396,F14_B008781_S110_L004.mus-1-0-1
1278,1.9055618047714233,F23_B008782_S35_L004.mus-1-0-1
1279,1.511374831199646,F24_B008782_S36_L004.mus-1-0-1
1280,0.9158914089202881,F4_B008659_S184_L004.mus-1-0-1
1281,0.8891130685806274,F5_B008659_S185_L004.mus-1-0-1
1282,1.1709891557693481,F6_B008659_S186_L004.mus-1-0-1
1283,1.070807695388794,F7_B008659_S187_L004.mus-1-0-1
1284,1.1296813488006592,F7_B008781_S103_L004.mus-1-0-1
1285,0.7208582758903503,G11_B008781_S131_L004.mus-1-0-1
1286,0.8612420558929443,G1_B008781_S121_L004.mus-1-0-1
1287,1.6011455059051514,G1_B008782_S37_L004.mus-1-0-1
1288,0.7691349387168884,G23_B008781_S143_L004.mus-1-0-1
1289,1.1100049018859863,G24_B008781_S144_L004.mus-1-0-1
1290,0.8614134192466736,G2_B008781_S122_L004.mus-1-0-1
1291,1.8286383152008057,G2_B008782_S38_L004.mus-1-0-1
1292,1.0472344160079956,G3_B008781_S123_L004.mus-1-0-1
1293,1.2325897216796875,G3_B008782_S39_L004.mus-1-0-1
1294,0.8692084550857544,G4_B008781_S124_L004.mus-1-0-1
1295,1.1781573295593262,G4_B008782_S40_L004.mus-1-0-1
1296,0.5740658640861511,G5_B008781_S125_L004.mus-1-0-1
1297,1.0055104494094849,G7_B008781_S127_L004.mus-1-0-1
1298,0.8637189865112305,G8_B008781_S128_L004.mus-1-0-1
1299,1.0997755527496338,G9_B008781_S129_L004.mus-1-0-1
1300,1.2622909545898438,G9_B008782_S45_L004.mus-1-0-1
1301,0.9151746034622192,H10_B008781_S154_L004.mus-1-0-1
1302,1.4767919778823853,H19_B008782_S79_L004.mus-1-0-1
1303,0.8155851364135742,H1_B008659_S229_L004.mus-1-0-1
1304,1.7433217763900757,H20_B008782_S80_L004.mus-1-0-1
1305,0.49088239669799805,H21_B008781_S165_L004.mus-1-0-1
1306,0.49637356400489807,H22_B008782_S82_L004.mus-1-0-1
1307,1.184982419013977,H23_B008782_S83_L004.mus-1-0-1
1308,0.7667862772941589,H24_B008781_S168_L004.mus-1-0-1
1309,1.7197580337524414,H24_B008782_S84_L004.mus-1-0-1
1310,1.04472017288208,H2_B008659_S230_L004.mus-1-0-1
1311,0.9009101390838623,H2_B008781_S146_L004.mus-1-0-1
1312,0.8147280216217041,H3_B008659_S231_L004.mus-1-0-1
1313,1.068761944770813,H5_B008781_S149_L004.mus-1-0-1
1314,0.4768320918083191,H6_B008659_S234_L004.mus-1-0-1
1315,0.576420247554779,H7_B008659_S235_L004.mus-1-0-1
1316,1.0739283561706543,H7_B008781_S151_L004.mus-1-0-1
1317,1.024958848953247,H9_B008659_S237_L004.mus-1-0-1
1318,0.9040258526802063,I1_B008781_S169_L004.mus-1-0-1
1319,1.8175396919250488,I1_B008782_S85_L004.mus-1-0-1
1320,0.7997504472732544,I20_B008781_S188_L004.mus-1-0-1
1321,0.8178482055664062,I21_B008781_S189_L004.mus-1-0-1
1322,0.90741366147995,I22_B008781_S190_L004.mus-1-0-1
1323,1.2498753070831299,I23_B008781_S191_L004.mus-1-0-1
1324,0.7985275387763977,I24_B008659_S276_L004.mus-1-0-1
1325,1.120177984237671,I24_B008781_S192_L004.mus-1-0-1
1326,0.9571692943572998,I2_B008782_S86_L004.mus-1-0-1
1327,1.039331316947937,I3_B008781_S171_L004.mus-1-0-1
1328,0.7331811189651489,I3_B008782_S87_L004.mus-1-0-1
1329,2.5229275226593018,I4_B008782_S88_L004.mus-1-0-1
1330,0.8972084522247314,I5_B008782_S89_L004.mus-1-0-1
1331,1.075058102607727,I6_B008782_S90_L004.mus-1-0-1
1332,0.9092801213264465,I8_B008781_S176_L004.mus-1-0-1
1333,1.3963754177093506,J15_B008782_S123_L004.mus-1-0-1
1334,1.4083421230316162,J16_B008782_S124_L004.mus-1-0-1
1335,0.8340128064155579,J17_B008781_S209_L004.mus-1-0-1
1336,1.1922422647476196,J17_B008782_S125_L004.mus-1-0-1
1337,1.3708360195159912,J18_B008781_S210_L004.mus-1-0-1
1338,1.4930694103240967,J18_B008782_S126_L004.mus-1-0-1
1339,0.9145107269287109,J19_B008781_S211_L004.mus-1-0-1
1340,1.4663410186767578,J19_B008782_S127_L004.mus-1-0-1
1341,1.1698362827301025,J20_B008782_S128_L004.mus-1-0-1
1342,0.927636444568634,J21_B008781_S213_L004.mus-1-0-1
1343,0.8863067626953125,J22_B008781_S214_L004.mus-1-0-1
1344,0.7685240507125854,J22_B008782_S130_L004.mus-1-0-1
1345,0.5414594411849976,J23_B008781_S215_L004.mus-1-0-1
1346,0.721015989780426,J23_B008782_S131_L004.mus-1-0-1
1347,0.9785083532333374,J24_B008782_S132_L004.mus-1-0-1
1348,0.7096707820892334,J2_B008781_S194_L004.mus-1-0-1
1349,1.5455515384674072,J3_B008781_S195_L004.mus-1-0-1
1350,1.1054348945617676,J4_B008781_S196_L004.mus-1-0-1
1351,0.7283527851104736,J5_B008659_S281_L004.mus-1-0-1
1352,0.7812854051589966,J5_B008781_S197_L004.mus-1-0-1
1353,1.203770399093628,J6_B008659_S282_L004.mus-1-0-1
1354,0.49654579162597656,J6_B008781_S198_L004.mus-1-0-1
1355,1.0013904571533203,K15_B008781_S231_L004.mus-1-0-1
1356,0.9254111051559448,K16_B008659_S16_L004.mus-1-0-1
1357,0.8025230765342712,K16_B008781_S232_L004.mus-1-0-1
1358,1.0041451454162598,K17_B008659_S17_L004.mus-1-0-1
1359,0.9568912386894226,K18_B008659_S18_L004.mus-1-0-1
1360,1.0124931335449219,K18_B008781_S234_L004.mus-1-0-1
1361,1.1404904127120972,K19_B008659_S19_L004.mus-1-0-1
1362,0.8404771685600281,K19_B008781_S235_L004.mus-1-0-1
1363,1.0299298763275146,K1_B008781_S217_L004.mus-1-0-1
1364,4.178720951080322,K20_B008659_S20_L004.mus-1-0-1
1365,1.0072497129440308,K20_B008781_S236_L004.mus-1-0-1
1366,0.48664429783821106,K21_B008659_S21_L004.mus-1-0-1
1367,0.9004864692687988,K21_B008781_S237_L004.mus-1-0-1
1368,0.8893619775772095,K22_B008781_S238_L004.mus-1-0-1
1369,0.9775114059448242,K23_B008781_S239_L004.mus-1-0-1
1370,0.48268336057662964,K24_B008781_S240_L004.mus-1-0-1
1371,1.2335257530212402,K2_B008782_S134_L004.mus-1-0-1
1372,0.5317102670669556,K4_B008781_S220_L004.mus-1-0-1
1373,1.1842923164367676,L11_B008782_S167_L004.mus-1-0-1
1374,0.6358723044395447,L12_B008782_S168_L004.mus-1-0-1
1375,0.8872752785682678,L14_B008781_S254_L004.mus-1-0-1
1376,1.329456090927124,L14_B008782_S170_L004.mus-1-0-1
1377,0.5766082406044006,L15_B008781_S255_L004.mus-1-0-1
1378,1.3995130062103271,L15_B008782_S171_L004.mus-1-0-1
1379,0.9152457118034363,L16_B008781_S256_L004.mus-1-0-1
1380,1.2080141305923462,L16_B008782_S172_L004.mus-1-0-1
1381,1.2265353202819824,L17_B008781_S257_L004.mus-1-0-1
1382,0.8911523222923279,L17_B008782_S173_L004.mus-1-0-1
1383,0.8417372107505798,L18_B008782_S174_L004.mus-1-0-1
1384,0.841723620891571,L19_B008781_S259_L004.mus-1-0-1
1385,0.7253157496452332,L19_B008782_S175_L004.mus-1-0-1
1386,0.6086822748184204,L1_B008659_S25_L004.mus-1-0-1
1387,1.0991346836090088,L1_B008781_S241_L004.mus-1-0-1
1388,0.904740571975708,L20_B008781_S260_L004.mus-1-0-1
1389,1.0366621017456055,L21_B008781_S261_L004.mus-1-0-1
1390,0.8806400895118713,L22_B008781_S262_L004.mus-1-0-1
1391,0.8514787554740906,L23_B008781_S263_L004.mus-1-0-1
1392,0.9601894617080688,L23_B008782_S179_L004.mus-1-0-1
1393,0.8322300910949707,L2_B008659_S26_L004.mus-1-0-1
1394,1.0253722667694092,M10_B008782_S190_L004.mus-1-0-1
1395,0.7345654368400574,M11_B008781_S275_L004.mus-1-0-1
1396,1.1815474033355713,M12_B008781_S276_L004.mus-1-0-1
1397,0.9030460715293884,M13_B008781_S277_L004.mus-1-0-1
1398,0.8661673665046692,M14_B008781_S278_L004.mus-1-0-1
1399,0.913266122341156,M15_B008781_S279_L004.mus-1-0-1
1400,1.1902638673782349,M16_B008781_S280_L004.mus-1-0-1
1401,0.888777494430542,M17_B008781_S281_L004.mus-1-0-1
1402,0.9395257234573364,M18_B008781_S282_L004.mus-1-0-1
1403,1.2720566987991333,M1_B008782_S181_L004.mus-1-0-1
1404,1.00407075881958,M22_B008781_S286_L004.mus-1-0-1
1405,1.1192593574523926,N10_B008782_S214_L004.mus-1-0-1
1406,1.3375736474990845,N11_B008782_S215_L004.mus-1-0-1
1407,1.2197229862213135,N12_B008782_S216_L004.mus-1-0-1
1408,1.7784968614578247,N16_B008782_S220_L004.mus-1-0-1
1409,0.8495535254478455,N17_B008782_S221_L004.mus-1-0-1
1410,0.8201068639755249,N19_B008781_S7_L004.mus-1-0-1
1411,1.369484782218933,N19_B008782_S223_L004.mus-1-0-1
1412,1.4118316173553467,N20_B008781_S8_L004.mus-1-0-1
1413,1.629693627357483,N20_B008782_S224_L004.mus-1-0-1
1414,0.9242401123046875,N21_B008781_S9_L004.mus-1-0-1
1415,0.814948558807373,N22_B008781_S10_L004.mus-1-0-1
1416,0.871565043926239,N22_B008782_S226_L004.mus-1-0-1
1417,0.8250253200531006,N23_B008781_S11_L004.mus-1-0-1
1418,1.499064326286316,N23_B008782_S227_L004.mus-1-0-1
1419,0.9156455993652344,N24_B008781_S12_L004.mus-1-0-1
1420,1.0616400241851807,N24_B008782_S228_L004.mus-1-0-1
1421,1.3682644367218018,N7_B008782_S211_L004.mus-1-0-1
1422,1.1781203746795654,N8_B008782_S212_L004.mus-1-0-1
1423,2.0033891201019287,N9_B008782_S213_L004.mus-1-0-1
1424,1.1014187335968018,O17_B008782_S245_L004.mus-1-0-1
1425,1.1034916639328003,O18_B008782_S246_L004.mus-1-0-1
1426,0.8783184289932251,O20_B008782_S248_L004.mus-1-0-1
1427,0.8697049617767334,O21_B008782_S249_L004.mus-1-0-1
1428,0.830109179019928,O22_B008782_S250_L004.mus-1-0-1
1429,1.2051587104797363,O24_B008782_S252_L004.mus-1-0-1
1430,0.8330962657928467,O3_B008781_S15_L004.mus-1-0-1
1431,0.9745827913284302,O5_B008781_S17_L004.mus-1-0-1
1432,0.533452570438385,O5_B008782_S233_L004.mus-1-0-1
1433,0.6832801103591919,O6_B008782_S234_L004.mus-1-0-1
1434,0.8845915198326111,P15_B008781_S51_L004.mus-1-0-1
1435,0.5639054775238037,P15_B008782_S267_L004.mus-1-0-1
1436,0.9816187620162964,P16_B008782_S268_L004.mus-1-0-1
1437,0.9374736547470093,P17_B008781_S53_L004.mus-1-0-1
1438,0.9772000312805176,P17_B008782_S269_L004.mus-1-0-1
1439,0.6539395451545715,P18_B008781_S54_L004.mus-1-0-1
1440,1.3165260553359985,P18_B008782_S270_L004.mus-1-0-1
1441,1.1731655597686768,P19_B008781_S55_L004.mus-1-0-1
1442,0.8012086749076843,P19_B008782_S271_L004.mus-1-0-1
1443,0.8259299993515015,P20_B008781_S56_L004.mus-1-0-1
1444,1.135023832321167,P20_B008782_S272_L004.mus-1-0-1
1445,1.095055103302002,P21_B008782_S273_L004.mus-1-0-1
1446,1.291012167930603,P22_B008781_S58_L004.mus-1-0-1
1447,0.5576794147491455,P22_B008782_S274_L004.mus-1-0-1
1448,1.209876537322998,P23_B008781_S59_L004.mus-1-0-1
1449,0.87229323387146,P23_B008782_S275_L004.mus-1-0-1
1450,0.7151563763618469,P24_B008781_S60_L004.mus-1-0-1
1451,0.7646306753158569,P24_B008782_S276_L004.mus-1-0-1
1452,1.1507669687271118,P2_B008782_S254_L004.mus-1-0-1
1453,1.0078502893447876,A10_B001243_S214_L002.mus-2-0-1
1454,1.1679526567459106,A10_B003902_S130_L002.mus-2-0-1
1455,0.9847878813743591,A11_B003902_S131_L002.mus-2-0-1
1456,1.1110031604766846,A12_B001386_S252_L003.mus-2-0-1
1457,0.8964046239852905,A12_B003902_S132_L002.mus-2-0-1
1458,0.5869344472885132,A13_B001386_S253_L003.mus-2-0-1
1459,1.0294480323791504,A13_B003902_S133_L002.mus-2-0-1
1460,0.8565730452537537,A14_B001243_S218_L002.mus-2-0-1
1461,1.0452935695648193,A14_B001386_S254_L003.mus-2-0-1
1462,1.5540417432785034,A14_B003902_S134_L002.mus-2-0-1
1463,1.5100702047348022,A15_B003902_S135_L002.mus-2-0-1
1464,0.6141898036003113,A16_B003902_S136_L002.mus-2-0-1
1465,1.1508914232254028,A17_B003902_S137_L002.mus-2-0-1
1466,1.5801130533218384,A18_B001386_S258_L003.mus-2-0-1
1467,0.8916243314743042,A18_B003902_S138_L002.mus-2-0-1
1468,1.237872838973999,A1_B001386_S241_L003.mus-2-0-1
1469,1.3512920141220093,A20_B003902_S140_L002.mus-2-0-1
1470,0.9488897323608398,A21_B001243_S225_L002.mus-2-0-1
1471,0.9427205920219421,A21_B001386_S261_L003.mus-2-0-1
1472,0.9480107426643372,A22_B001243_S226_L002.mus-2-0-1
1473,0.7895720601081848,A22_B003902_S142_L002.mus-2-0-1
1474,0.9575713276863098,A2_B001386_S242_L003.mus-2-0-1
1475,1.4770468473434448,A2_B003902_S122_L002.mus-2-0-1
1476,0.6972367763519287,A4_B001386_S244_L003.mus-2-0-1
1477,1.1227740049362183,A4_B003902_S124_L002.mus-2-0-1
1478,0.9138889908790588,A7_B001243_S211_L002.mus-2-0-1
1479,0.998999834060669,A9_B001243_S213_L002.mus-2-0-1
1480,1.3729441165924072,B10_B001243_S238_L002.mus-2-0-1
1481,0.6562131643295288,B10_B001386_S274_L003.mus-2-0-1
1482,0.9825853705406189,B11_B001243_S239_L002.mus-2-0-1
1483,1.2260775566101074,B11_B003902_S155_L002.mus-2-0-1
1484,1.374335765838623,B12_B001243_S240_L002.mus-2-0-1
1485,0.9064404368400574,B12_B001386_S276_L003.mus-2-0-1
1486,1.0981359481811523,B13_B001243_S241_L002.mus-2-0-1
1487,1.149192214012146,B13_B003902_S157_L002.mus-2-0-1
1488,1.2820252180099487,B15_B001243_S243_L002.mus-2-0-1
1489,1.1478652954101562,B15_B001386_S279_L003.mus-2-0-1
1490,1.2716314792633057,B15_B003902_S159_L002.mus-2-0-1
1491,1.4155625104904175,B16_B003902_S160_L002.mus-2-0-1
1492,1.5646717548370361,B17_B003902_S161_L002.mus-2-0-1
1493,1.285602331161499,B18_B001386_S282_L003.mus-2-0-1
1494,0.9102106690406799,B18_B003902_S162_L002.mus-2-0-1
1495,1.2915786504745483,B19_B003902_S163_L002.mus-2-0-1
1496,1.0236752033233643,B1_B001386_S265_L003.mus-2-0-1
1497,0.4725947082042694,B20_B001243_S248_L002.mus-2-0-1
1498,1.4385820627212524,B20_B003902_S164_L002.mus-2-0-1
1499,0.8915672898292542,B21_B001386_S285_L003.mus-2-0-1
1500,1.1161943674087524,B21_B003902_S165_L002.mus-2-0-1
1501,0.5093702673912048,B22_B001243_S250_L002.mus-2-0-1
1502,1.4149508476257324,B22_B001386_S286_L003.mus-2-0-1
1503,1.0853986740112305,B22_B003902_S166_L002.mus-2-0-1
1504,0.6040517687797546,B4_B001386_S268_L003.mus-2-0-1
1505,1.7462801933288574,B4_B003902_S148_L002.mus-2-0-1
1506,1.7126884460449219,B5_B003902_S149_L002.mus-2-0-1
1507,1.061753273010254,B6_B001243_S234_L002.mus-2-0-1
1508,0.9614415764808655,B6_B003902_S150_L002.mus-2-0-1
1509,1.8416874408721924,B8_B001243_S236_L002.mus-2-0-1
1510,1.4840728044509888,B9_B001243_S237_L002.mus-2-0-1
1511,0.5755128264427185,B9_B001386_S273_L003.mus-2-0-1
1512,0.9341033697128296,B9_B003902_S153_L002.mus-2-0-1
1513,0.9732159376144409,C10_B001243_S262_L002.mus-2-0-1
1514,0.5302422642707825,C10_B001386_S298_L003.mus-2-0-1
1515,0.9458985328674316,C10_B003902_S178_L002.mus-2-0-1
1516,1.0858455896377563,C11_B003902_S179_L002.mus-2-0-1
1517,1.2016141414642334,C13_B001243_S265_L002.mus-2-0-1
1518,0.5144551396369934,C14_B001386_S2_L003.mus-2-0-1
1519,1.616018295288086,C14_B003902_S182_L002.mus-2-0-1
1520,1.1278759241104126,C15_B001386_S3_L003.mus-2-0-1
1521,2.7321863174438477,C15_B003902_S183_L002.mus-2-0-1
1522,1.2865397930145264,C16_B003902_S184_L002.mus-2-0-1
1523,1.1422502994537354,C17_B003902_S185_L002.mus-2-0-1
1524,1.1819286346435547,C18_B001386_S6_L003.mus-2-0-1
1525,1.8056527376174927,C18_B003902_S186_L002.mus-2-0-1
1526,0.5349711775779724,C19_B001243_S271_L002.mus-2-0-1
1527,4.640261650085449,C1_B001386_S289_L003.mus-2-0-1
1528,0.9744516015052795,C21_B001243_S273_L002.mus-2-0-1
1529,0.7832764983177185,C21_B001386_S9_L003.mus-2-0-1
1530,0.6396928429603577,C22_B001243_S274_L002.mus-2-0-1
1531,1.4993566274642944,C22_B003902_S190_L002.mus-2-0-1
1532,2.7312891483306885,C2_B001386_S290_L003.mus-2-0-1
1533,0.5672495365142822,C3_B001386_S291_L003.mus-2-0-1
1534,0.4580879211425781,C5_B001386_S293_L003.mus-2-0-1
1535,0.7799549698829651,C5_B003902_S173_L002.mus-2-0-1
1536,1.1337157487869263,C6_B001243_S258_L002.mus-2-0-1
1537,1.6438199281692505,C6_B003902_S174_L002.mus-2-0-1
1538,0.4792298376560211,C7_B001386_S295_L003.mus-2-0-1
1539,0.7321113348007202,C7_B003902_S175_L002.mus-2-0-1
1540,0.9247366189956665,C8_B001243_S260_L002.mus-2-0-1
1541,1.0461792945861816,C9_B001243_S261_L002.mus-2-0-1
1542,1.40626859664917,D10_B001243_S286_L002.mus-2-0-1
1543,0.9621068835258484,D10_B001386_S22_L003.mus-2-0-1
1544,2.0439486503601074,D11_B003902_S203_L002.mus-2-0-1
1545,0.7432581782341003,D12_B001386_S24_L003.mus-2-0-1
1546,1.504531979560852,D13_B001243_S289_L002.mus-2-0-1
1547,1.3865984678268433,D14_B001243_S290_L002.mus-2-0-1
1548,1.3252232074737549,D14_B003902_S206_L002.mus-2-0-1
1549,1.3380223512649536,D15_B003902_S207_L002.mus-2-0-1
1550,0.8814653158187866,D16_B001386_S28_L003.mus-2-0-1
1551,0.8715266585350037,D16_B003902_S208_L002.mus-2-0-1
1552,0.9373425841331482,D17_B001386_S29_L003.mus-2-0-1
1553,1.120850920677185,D18_B003902_S210_L002.mus-2-0-1
1554,0.5210571885108948,D19_B001386_S31_L003.mus-2-0-1
1555,2.2090976238250732,D19_B003902_S211_L002.mus-2-0-1
1556,1.4404284954071045,D1_B003902_S193_L002.mus-2-0-1
1557,1.089227557182312,D20_B001386_S32_L003.mus-2-0-1
1558,1.3353675603866577,D20_B003902_S212_L002.mus-2-0-1
1559,0.8808040618896484,D22_B001386_S34_L003.mus-2-0-1
1560,0.8174001574516296,D22_B003902_S214_L002.mus-2-0-1
1561,0.5314698815345764,D2_B001386_S14_L003.mus-2-0-1
1562,1.6528260707855225,D2_B003902_S194_L002.mus-2-0-1
1563,1.2217386960983276,D3_B001386_S15_L003.mus-2-0-1
1564,1.0594669580459595,D3_B003902_S195_L002.mus-2-0-1
1565,1.1162270307540894,D4_B001386_S16_L003.mus-2-0-1
1566,1.2705625295639038,D5_B001386_S17_L003.mus-2-0-1
1567,1.5940672159194946,D5_B003902_S197_L002.mus-2-0-1
1568,1.2636357545852661,D6_B001243_S282_L002.mus-2-0-1
1569,0.9683108329772949,D6_B001386_S18_L003.mus-2-0-1
1570,1.1369500160217285,D6_B003902_S198_L002.mus-2-0-1
1571,0.5156152844429016,D7_B003902_S199_L002.mus-2-0-1
1572,1.064934253692627,D8_B001243_S284_L002.mus-2-0-1
1573,0.9763458967208862,D9_B001243_S285_L002.mus-2-0-1
1574,1.252826452255249,E10_B001243_S10_L002.mus-2-0-1
1575,0.9510892033576965,E10_B003902_S226_L002.mus-2-0-1
1576,0.6184176206588745,E11_B001386_S47_L003.mus-2-0-1
1577,0.9986129403114319,E11_B003902_S227_L002.mus-2-0-1
1578,1.6073434352874756,E12_B003902_S228_L002.mus-2-0-1
1579,1.1761040687561035,E13_B001243_S13_L002.mus-2-0-1
1580,0.8498350381851196,E13_B003902_S229_L002.mus-2-0-1
1581,1.3391629457473755,E14_B001243_S14_L002.mus-2-0-1
1582,1.253717303276062,E15_B001243_S15_L002.mus-2-0-1
1583,1.3770171403884888,E15_B003902_S231_L002.mus-2-0-1
1584,1.6479347944259644,E16_B001386_S52_L003.mus-2-0-1
1585,0.704256534576416,E16_B003902_S232_L002.mus-2-0-1
1586,1.1920527219772339,E17_B003902_S233_L002.mus-2-0-1
1587,0.7496834993362427,E18_B001386_S54_L003.mus-2-0-1
1588,1.2373180389404297,E18_B003902_S234_L002.mus-2-0-1
1589,0.8688417673110962,E19_B001386_S55_L003.mus-2-0-1
1590,1.5998942852020264,E19_B003902_S235_L002.mus-2-0-1
1591,1.1181378364562988,E20_B001386_S56_L003.mus-2-0-1
1592,1.3599467277526855,E21_B003902_S237_L002.mus-2-0-1
1593,1.1299107074737549,E22_B001243_S22_L002.mus-2-0-1
1594,1.2099519968032837,E22_B003902_S238_L002.mus-2-0-1
1595,0.7001356482505798,E2_B001386_S38_L003.mus-2-0-1
1596,1.327408790588379,E4_B001386_S40_L003.mus-2-0-1
1597,0.8326883316040039,E6_B001386_S42_L003.mus-2-0-1
1598,1.0640629529953003,E6_B003902_S222_L002.mus-2-0-1
1599,0.8430903553962708,E7_B001243_S7_L002.mus-2-0-1
1600,1.1244922876358032,E7_B003902_S223_L002.mus-2-0-1
1601,1.060442566871643,E8_B001243_S8_L002.mus-2-0-1
1602,0.8800483345985413,E8_B003902_S224_L002.mus-2-0-1
1603,0.9055449366569519,E9_B001243_S9_L002.mus-2-0-1
1604,0.9408097863197327,F10_B001243_S34_L002.mus-2-0-1
1605,1.6214518547058105,F11_B003902_S251_L002.mus-2-0-1
1606,1.032348871231079,F12_B001386_S72_L003.mus-2-0-1
1607,1.289792776107788,F12_B003902_S252_L002.mus-2-0-1
1608,1.1257699728012085,F13_B001386_S73_L003.mus-2-0-1
1609,1.1400619745254517,F13_B003902_S253_L002.mus-2-0-1
1610,1.2629730701446533,F14_B001386_S74_L003.mus-2-0-1
1611,0.8552371263504028,F14_B003902_S254_L002.mus-2-0-1
1612,0.5892773270606995,F15_B001386_S75_L003.mus-2-0-1
1613,0.9883872866630554,F16_B003902_S256_L002.mus-2-0-1
1614,0.6992060542106628,F17_B003902_S257_L002.mus-2-0-1
1615,1.065176010131836,F18_B003902_S258_L002.mus-2-0-1
1616,1.0021132230758667,F19_B003902_S259_L002.mus-2-0-1
1617,0.5409880876541138,F1_B001386_S61_L003.mus-2-0-1
1618,0.7741751670837402,F1_B003902_S241_L002.mus-2-0-1
1619,1.020456075668335,F20_B001386_S80_L003.mus-2-0-1
1620,1.3738032579421997,F21_B001243_S45_L002.mus-2-0-1
1621,1.031519889831543,F21_B003902_S261_L002.mus-2-0-1
1622,1.2651845216751099,F22_B003902_S262_L002.mus-2-0-1
1623,1.4609582424163818,F2_B003902_S242_L002.mus-2-0-1
1624,0.8347757458686829,F3_B003902_S243_L002.mus-2-0-1
1625,1.104329228401184,F5_B001243_S29_L002.mus-2-0-1
1626,0.5902549028396606,F5_B001386_S65_L003.mus-2-0-1
1627,1.1035683155059814,F6_B001243_S30_L002.mus-2-0-1
1628,0.5592914819717407,F7_B001243_S31_L002.mus-2-0-1
1629,1.7382943630218506,F7_B001386_S67_L003.mus-2-0-1
1630,1.138988971710205,F7_B003902_S247_L002.mus-2-0-1
1631,1.0049967765808105,F8_B001243_S32_L002.mus-2-0-1
1632,0.6902987360954285,F8_B001386_S68_L003.mus-2-0-1
1633,0.5493682622909546,F8_B003902_S248_L002.mus-2-0-1
1634,0.6396769881248474,F9_B001386_S69_L003.mus-2-0-1
1635,0.7305583953857422,F9_B003902_S249_L002.mus-2-0-1
1636,1.0612446069717407,G10_B001243_S58_L002.mus-2-0-1
1637,0.9736368060112,G10_B003902_S274_L002.mus-2-0-1
1638,0.7021104097366333,G11_B001386_S95_L003.mus-2-0-1
1639,0.8928540349006653,G11_B003902_S275_L002.mus-2-0-1
1640,0.5394213199615479,G12_B001386_S96_L003.mus-2-0-1
1641,0.9132018089294434,G14_B003902_S278_L002.mus-2-0-1
1642,0.8480599522590637,G15_B001386_S99_L003.mus-2-0-1
1643,1.811945915222168,G15_B003902_S279_L002.mus-2-0-1
1644,0.4630458950996399,G16_B001243_S64_L002.mus-2-0-1
1645,1.674919605255127,G16_B003902_S280_L002.mus-2-0-1
1646,1.629380702972412,G17_B001386_S101_L003.mus-2-0-1
1647,0.8444633483886719,G18_B001386_S102_L003.mus-2-0-1
1648,1.0690420866012573,G18_B003902_S282_L002.mus-2-0-1
1649,1.0613934993743896,G19_B001386_S103_L003.mus-2-0-1
1650,1.0224387645721436,G19_B003902_S283_L002.mus-2-0-1
1651,2.5977225303649902,G1_B001386_S85_L003.mus-2-0-1
1652,0.8451900482177734,G1_B003902_S265_L002.mus-2-0-1
1653,0.459694504737854,G22_B003902_S286_L002.mus-2-0-1
1654,1.791467547416687,G3_B003902_S267_L002.mus-2-0-1
1655,0.8140433430671692,G5_B001386_S89_L003.mus-2-0-1
1656,1.309710144996643,G6_B001243_S54_L002.mus-2-0-1
1657,0.7560232877731323,G6_B001386_S90_L003.mus-2-0-1
1658,1.0013008117675781,G7_B001243_S55_L002.mus-2-0-1
1659,0.5993334054946899,G7_B001386_S91_L003.mus-2-0-1
1660,1.2117856740951538,G7_B003902_S271_L002.mus-2-0-1
1661,2.7651736736297607,G8_B001243_S56_L002.mus-2-0-1
1662,0.8949282765388489,G9_B001243_S57_L002.mus-2-0-1
1663,1.6587798595428467,G9_B003902_S273_L002.mus-2-0-1
1664,1.1609891653060913,H10_B001243_S82_L002.mus-2-0-1
1665,1.360754132270813,H11_B003902_S299_L002.mus-2-0-1
1666,0.6258484125137329,H12_B001386_S120_L003.mus-2-0-1
1667,1.0877368450164795,H12_B003902_S300_L002.mus-2-0-1
1668,0.6078169941902161,H13_B001386_S121_L003.mus-2-0-1
1669,0.6539002656936646,H14_B001386_S122_L003.mus-2-0-1
1670,1.11307954788208,H15_B003902_S3_L002.mus-2-0-1
1671,1.2362207174301147,H16_B001386_S124_L003.mus-2-0-1
1672,0.679479718208313,H16_B003902_S4_L002.mus-2-0-1
1673,1.6959582567214966,H17_B003902_S5_L002.mus-2-0-1
1674,1.328244924545288,H18_B003902_S6_L002.mus-2-0-1
1675,1.2548129558563232,H19_B003902_S7_L002.mus-2-0-1
1676,1.0403900146484375,H1_B001386_S109_L003.mus-2-0-1
1677,0.8036926984786987,H1_B003902_S289_L002.mus-2-0-1
1678,1.071179986000061,H20_B003902_S8_L002.mus-2-0-1
1679,0.9634028673171997,H21_B001243_S93_L002.mus-2-0-1
1680,0.8059012293815613,H21_B001386_S129_L003.mus-2-0-1
1681,0.9153995513916016,H21_B003902_S9_L002.mus-2-0-1
1682,0.7582415342330933,H22_B001386_S130_L003.mus-2-0-1
1683,1.3153879642486572,H22_B003902_S10_L002.mus-2-0-1
1684,0.8541284203529358,H2_B001386_S110_L003.mus-2-0-1
1685,1.302953839302063,H4_B001243_S76_L002.mus-2-0-1
1686,0.464042991399765,H4_B001386_S112_L003.mus-2-0-1
1687,0.9026680588722229,H4_B003902_S292_L002.mus-2-0-1
1688,1.2852898836135864,H5_B001243_S77_L002.mus-2-0-1
1689,1.6300166845321655,H5_B003902_S293_L002.mus-2-0-1
1690,1.0642259120941162,H6_B001243_S78_L002.mus-2-0-1
1691,1.0845407247543335,H6_B001386_S114_L003.mus-2-0-1
1692,1.8708786964416504,H7_B003902_S295_L002.mus-2-0-1
1693,0.8659988045692444,H8_B001243_S80_L002.mus-2-0-1
1694,1.3633466958999634,H8_B001386_S116_L003.mus-2-0-1
1695,1.212294101715088,H9_B001243_S81_L002.mus-2-0-1
1696,0.9320858716964722,H9_B001386_S117_L003.mus-2-0-1
1697,1.040534257888794,H9_B003902_S297_L002.mus-2-0-1
1698,1.1041007041931152,I10_B001243_S106_L002.mus-2-0-1
1699,1.2235718965530396,I11_B003902_S23_L002.mus-2-0-1
1700,0.5120251178741455,I12_B001386_S144_L003.mus-2-0-1
1701,1.1183866262435913,I13_B003902_S25_L002.mus-2-0-1
1702,0.8606375455856323,I14_B001386_S146_L003.mus-2-0-1
1703,1.4519422054290771,I14_B003902_S26_L002.mus-2-0-1
1704,2.271310329437256,I15_B003902_S27_L002.mus-2-0-1
1705,0.6669619083404541,I16_B001243_S112_L002.mus-2-0-1
1706,1.5548357963562012,I16_B003902_S28_L002.mus-2-0-1
1707,1.3266406059265137,I17_B001386_S149_L003.mus-2-0-1
1708,0.5394995212554932,I17_B003902_S29_L002.mus-2-0-1
1709,1.0509155988693237,I18_B003902_S30_L002.mus-2-0-1
1710,1.2696858644485474,I19_B003902_S31_L002.mus-2-0-1
1711,1.1339601278305054,I20_B001386_S152_L003.mus-2-0-1
1712,1.1638165712356567,I20_B003902_S32_L002.mus-2-0-1
1713,1.0495935678482056,I21_B003902_S33_L002.mus-2-0-1
1714,1.5191036462783813,I22_B001243_S118_L002.mus-2-0-1
1715,1.07973051071167,I22_B003902_S34_L002.mus-2-0-1
1716,1.7714030742645264,I3_B001386_S135_L003.mus-2-0-1
1717,0.48434942960739136,I5_B001386_S137_L003.mus-2-0-1
1718,1.1419620513916016,I5_B003902_S17_L002.mus-2-0-1
1719,0.9907436370849609,I6_B001243_S102_L002.mus-2-0-1
1720,1.0315306186676025,I6_B003902_S18_L002.mus-2-0-1
1721,1.0301622152328491,I8_B001243_S104_L002.mus-2-0-1
1722,0.9237241744995117,I9_B001243_S105_L002.mus-2-0-1
1723,0.6344971656799316,I9_B001386_S141_L003.mus-2-0-1
1724,1.070089340209961,I9_B003902_S21_L002.mus-2-0-1
1725,1.0293498039245605,J10_B001243_S130_L002.mus-2-0-1
1726,1.7938569784164429,J10_B003902_S46_L002.mus-2-0-1
1727,1.5563730001449585,J12_B003902_S48_L002.mus-2-0-1
1728,1.2246326208114624,J13_B003902_S49_L002.mus-2-0-1
1729,1.0259015560150146,J14_B003902_S50_L002.mus-2-0-1
1730,0.46476665139198303,J15_B001386_S171_L003.mus-2-0-1
1731,1.1292839050292969,J15_B003902_S51_L002.mus-2-0-1
1732,1.0346291065216064,J16_B003902_S52_L002.mus-2-0-1
1733,4.576176166534424,J18_B003902_S54_L002.mus-2-0-1
1734,1.3752634525299072,J19_B001386_S175_L003.mus-2-0-1
1735,1.1496078968048096,J19_B003902_S55_L002.mus-2-0-1
1736,1.2591049671173096,J1_B001386_S157_L003.mus-2-0-1
1737,1.2900954484939575,J20_B003902_S56_L002.mus-2-0-1
1738,1.2087478637695312,J22_B001386_S178_L003.mus-2-0-1
1739,1.311330795288086,J22_B003902_S58_L002.mus-2-0-1
1740,0.804934024810791,J2_B001386_S158_L003.mus-2-0-1
1741,0.7083378434181213,J2_B003902_S38_L002.mus-2-0-1
1742,1.109938144683838,J3_B003902_S39_L002.mus-2-0-1
1743,1.127922773361206,J4_B003902_S40_L002.mus-2-0-1
1744,1.0438628196716309,J5_B003902_S41_L002.mus-2-0-1
1745,1.0586503744125366,J6_B001243_S126_L002.mus-2-0-1
1746,0.8640817999839783,J6_B001386_S162_L003.mus-2-0-1
1747,1.2928495407104492,J6_B003902_S42_L002.mus-2-0-1
1748,1.1523339748382568,J7_B001243_S127_L002.mus-2-0-1
1749,1.063645362854004,J7_B001386_S163_L003.mus-2-0-1
1750,0.6204304099082947,J7_B003902_S43_L002.mus-2-0-1
1751,1.3546797037124634,J8_B001243_S128_L002.mus-2-0-1
1752,1.0619213581085205,J9_B001243_S129_L002.mus-2-0-1
1753,1.0469777584075928,J9_B001386_S165_L003.mus-2-0-1
1754,1.0980324745178223,J9_B003902_S45_L002.mus-2-0-1
1755,1.1017180681228638,K10_B001243_S154_L002.mus-2-0-1
1756,0.6805409789085388,K10_B001386_S190_L003.mus-2-0-1
1757,1.8327348232269287,K12_B001243_S156_L002.mus-2-0-1
1758,0.9022426605224609,K12_B003902_S72_L002.mus-2-0-1
1759,1.4053716659545898,K14_B001243_S158_L002.mus-2-0-1
1760,0.9758774042129517,K14_B003902_S74_L002.mus-2-0-1
1761,0.8786235451698303,K15_B003902_S75_L002.mus-2-0-1
1762,0.531499445438385,K16_B001386_S196_L003.mus-2-0-1
1763,1.0987578630447388,K16_B003902_S76_L002.mus-2-0-1
1764,0.8696718811988831,K17_B003902_S77_L002.mus-2-0-1
1765,0.943932056427002,K18_B003902_S78_L002.mus-2-0-1
1766,2.40580153465271,K1_B003902_S61_L002.mus-2-0-1
1767,0.5261176228523254,K20_B001243_S164_L002.mus-2-0-1
1768,1.5357791185379028,K20_B003902_S80_L002.mus-2-0-1
1769,1.1447938680648804,K21_B001386_S201_L003.mus-2-0-1
1770,1.7178459167480469,K21_B003902_S81_L002.mus-2-0-1
1771,0.5821037888526917,K22_B001386_S202_L003.mus-2-0-1
1772,1.155747652053833,K2_B001386_S182_L003.mus-2-0-1
1773,1.198244333267212,K3_B001243_S147_L002.mus-2-0-1
1774,1.240275263786316,K3_B001386_S183_L003.mus-2-0-1
1775,1.3564183712005615,K3_B003902_S63_L002.mus-2-0-1
1776,1.618139386177063,K4_B001243_S148_L002.mus-2-0-1
1777,1.2733430862426758,K5_B001243_S149_L002.mus-2-0-1
1778,1.0835795402526855,K5_B003902_S65_L002.mus-2-0-1
1779,0.7622370719909668,K6_B001243_S150_L002.mus-2-0-1
1780,1.0892927646636963,K7_B001243_S151_L002.mus-2-0-1
1781,0.9009581208229065,K8_B001243_S152_L002.mus-2-0-1
1782,1.0352376699447632,K8_B001386_S188_L003.mus-2-0-1
1783,1.1765004396438599,K8_B003902_S68_L002.mus-2-0-1
1784,1.6395678520202637,K9_B001243_S153_L002.mus-2-0-1
1785,1.0592161417007446,K9_B003902_S69_L002.mus-2-0-1
1786,1.4135956764221191,L10_B001243_S178_L002.mus-2-0-1
1787,0.5139721632003784,L10_B001386_S214_L003.mus-2-0-1
1788,0.9820705652236938,L11_B001243_S179_L002.mus-2-0-1
1789,0.6164789199829102,L13_B001386_S217_L003.mus-2-0-1
1790,1.544824481010437,L13_B003902_S97_L002.mus-2-0-1
1791,0.9897526502609253,L14_B003902_S98_L002.mus-2-0-1
1792,0.8223274350166321,L15_B001386_S219_L003.mus-2-0-1
1793,1.2846585512161255,L16_B003902_S100_L002.mus-2-0-1
1794,0.7320454716682434,L17_B001243_S185_L002.mus-2-0-1
1795,0.8257357478141785,L17_B001386_S221_L003.mus-2-0-1
1796,4.595695972442627,L17_B003902_S101_L002.mus-2-0-1
1797,1.6624751091003418,L18_B003902_S102_L002.mus-2-0-1
1798,1.617186427116394,L19_B003902_S103_L002.mus-2-0-1
1799,1.2347500324249268,L1_B001386_S205_L003.mus-2-0-1
1800,0.9658597111701965,L1_B003902_S85_L002.mus-2-0-1
1801,0.6211043000221252,L20_B001386_S224_L003.mus-2-0-1
1802,0.9912354946136475,L20_B003902_S104_L002.mus-2-0-1
1803,2.107224941253662,L21_B001243_S189_L002.mus-2-0-1
1804,1.2810903787612915,L21_B003902_S105_L002.mus-2-0-1
1805,1.354064702987671,L22_B001243_S190_L002.mus-2-0-1
1806,0.9955229163169861,L22_B001386_S226_L003.mus-2-0-1
1807,0.9364250898361206,L22_B003902_S106_L002.mus-2-0-1
1808,0.8750178217887878,L2_B001386_S206_L003.mus-2-0-1
1809,1.3883179426193237,L2_B003902_S86_L002.mus-2-0-1
1810,1.5278409719467163,L3_B001243_S171_L002.mus-2-0-1
1811,0.9837546944618225,L3_B001386_S207_L003.mus-2-0-1
1812,1.1846978664398193,L4_B001243_S172_L002.mus-2-0-1
1813,0.6538780927658081,L4_B001386_S208_L003.mus-2-0-1
1814,1.509230613708496,L5_B001243_S173_L002.mus-2-0-1
1815,1.1309175491333008,L6_B001243_S174_L002.mus-2-0-1
1816,0.7447299361228943,L6_B001386_S210_L003.mus-2-0-1
1817,0.8704295754432678,L6_B003902_S90_L002.mus-2-0-1
1818,1.0023537874221802,L7_B001243_S175_L002.mus-2-0-1
1819,0.9495189189910889,L7_B001386_S211_L003.mus-2-0-1
1820,1.110951542854309,L7_B003902_S91_L002.mus-2-0-1
1821,0.9794750809669495,L8_B001243_S176_L002.mus-2-0-1
1822,0.8684191703796387,L8_B001386_S212_L003.mus-2-0-1
1823,1.473524570465088,L8_B003902_S92_L002.mus-2-0-1
1824,0.9429028034210205,L9_B001243_S177_L002.mus-2-0-1
1825,1.0661110877990723,M10_B001243_S202_L002.mus-2-0-1
1826,0.9430290460586548,M10_B001386_S238_L003.mus-2-0-1
1827,2.566455602645874,M10_B003902_S118_L002.mus-2-0-1
1828,1.3653538227081299,M11_B001243_S203_L002.mus-2-0-1
1829,0.639976978302002,M11_B001386_S239_L003.mus-2-0-1
1830,1.0656547546386719,M11_B003902_S119_L002.mus-2-0-1
1831,2.278200626373291,M14_B003902_S122_L002.mus-2-0-1
1832,2.6298327445983887,M16_B003902_S124_L002.mus-2-0-1
1833,1.4004883766174316,M17_B001243_S209_L002.mus-2-0-1
1834,1.1189169883728027,M18_B001386_S246_L003.mus-2-0-1
1835,1.0344200134277344,M18_B003902_S126_L002.mus-2-0-1
1836,0.8650752305984497,M19_B001386_S247_L003.mus-2-0-1
1837,1.1197309494018555,M19_B003902_S127_L002.mus-2-0-1
1838,0.8905358910560608,M1_B003902_S109_L002.mus-2-0-1
1839,1.1841976642608643,M20_B003902_S128_L002.mus-2-0-1
1840,1.3291324377059937,M21_B001243_S213_L002.mus-2-0-1
1841,1.2697447538375854,M21_B001386_S249_L003.mus-2-0-1
1842,0.5541961193084717,M21_B003902_S129_L002.mus-2-0-1
1843,0.9609501361846924,M22_B001243_S214_L002.mus-2-0-1
1844,0.7712705135345459,M22_B001386_S250_L003.mus-2-0-1
1845,1.2870901823043823,M2_B001243_S194_L002.mus-2-0-1
1846,1.0792464017868042,M2_B001386_S230_L003.mus-2-0-1
1847,1.1695042848587036,M2_B003902_S110_L002.mus-2-0-1
1848,1.775442361831665,M3_B001243_S195_L002.mus-2-0-1
1849,0.5052271485328674,M3_B001386_S231_L003.mus-2-0-1
1850,1.916571021080017,M3_B003902_S111_L002.mus-2-0-1
1851,1.1364552974700928,M4_B001243_S196_L002.mus-2-0-1
1852,0.961966335773468,M4_B001386_S232_L003.mus-2-0-1
1853,1.7064086198806763,M4_B003902_S112_L002.mus-2-0-1
1854,1.8014929294586182,M5_B001243_S197_L002.mus-2-0-1
1855,1.2260173559188843,M5_B003902_S113_L002.mus-2-0-1
1856,0.8827820420265198,M6_B001386_S234_L003.mus-2-0-1
1857,1.056300163269043,M6_B003902_S114_L002.mus-2-0-1
1858,1.6825543642044067,M7_B001243_S199_L002.mus-2-0-1
1859,0.8357003927230835,M7_B003902_S115_L002.mus-2-0-1
1860,1.4980748891830444,M8_B001243_S200_L002.mus-2-0-1
1861,0.5659935474395752,M8_B001386_S236_L003.mus-2-0-1
1862,1.2458134889602661,M8_B003902_S116_L002.mus-2-0-1
1863,0.9576151371002197,M9_B001243_S201_L002.mus-2-0-1
1864,1.1045951843261719,M9_B003902_S117_L002.mus-2-0-1
1865,0.7683862447738647,N10_B001386_S262_L003.mus-2-0-1
1866,1.2489509582519531,N11_B003902_S143_L002.mus-2-0-1
1867,1.0032939910888672,N13_B001386_S265_L003.mus-2-0-1
1868,0.9207700490951538,N14_B001243_S230_L002.mus-2-0-1
1869,0.4836530089378357,N14_B001386_S266_L003.mus-2-0-1
1870,1.256558895111084,N15_B001386_S267_L003.mus-2-0-1
1871,1.1439208984375,N15_B003902_S147_L002.mus-2-0-1
1872,1.196158766746521,N16_B001386_S268_L003.mus-2-0-1
1873,1.1714353561401367,N16_B003902_S148_L002.mus-2-0-1
1874,0.7481680512428284,N17_B001386_S269_L003.mus-2-0-1
1875,1.3608392477035522,N18_B003902_S150_L002.mus-2-0-1
1876,0.9386060833930969,N19_B001386_S271_L003.mus-2-0-1
1877,1.499551773071289,N19_B003902_S151_L002.mus-2-0-1
1878,0.931239664554596,N20_B003902_S152_L002.mus-2-0-1
1879,1.1851940155029297,N21_B001243_S237_L002.mus-2-0-1
1880,1.5926388502120972,N22_B001243_S238_L002.mus-2-0-1
1881,1.399717926979065,N2_B001243_S218_L002.mus-2-0-1
1882,1.9220787286758423,N2_B001386_S254_L003.mus-2-0-1
1883,1.649634838104248,N2_B003902_S134_L002.mus-2-0-1
1884,1.1816824674606323,N3_B001243_S219_L002.mus-2-0-1
1885,1.1670068502426147,N3_B001386_S255_L003.mus-2-0-1
1886,1.8008086681365967,N5_B003902_S137_L002.mus-2-0-1
1887,0.9882925748825073,N6_B001243_S222_L002.mus-2-0-1
1888,1.1437678337097168,N6_B003902_S138_L002.mus-2-0-1
1889,1.5669978857040405,N7_B001243_S223_L002.mus-2-0-1
1890,0.9596430659294128,N7_B001386_S259_L003.mus-2-0-1
1891,1.6497327089309692,N7_B003902_S139_L002.mus-2-0-1
1892,2.5545430183410645,N8_B001243_S224_L002.mus-2-0-1
1893,0.6062079071998596,N9_B001386_S261_L003.mus-2-0-1
1894,0.7082328796386719,N9_B003902_S141_L002.mus-2-0-1
1895,1.0478968620300293,O10_B001243_S250_L002.mus-2-0-1
1896,1.069008708000183,O10_B003902_S166_L002.mus-2-0-1
1897,0.6623730659484863,O11_B001386_S287_L003.mus-2-0-1
1898,1.1085433959960938,O11_B003902_S167_L002.mus-2-0-1
1899,3.045212984085083,O12_B001243_S252_L002.mus-2-0-1
1900,0.9791015386581421,O12_B003902_S168_L002.mus-2-0-1
1901,0.9948768615722656,O13_B001243_S253_L002.mus-2-0-1
1902,0.95872962474823,O13_B003902_S169_L002.mus-2-0-1
1903,0.8137165307998657,O14_B001386_S290_L003.mus-2-0-1
1904,1.091508388519287,O15_B003902_S171_L002.mus-2-0-1
1905,1.2829774618148804,O16_B003902_S172_L002.mus-2-0-1
1906,0.864943265914917,O17_B003902_S173_L002.mus-2-0-1
1907,0.49059760570526123,O18_B001386_S294_L003.mus-2-0-1
1908,0.9125309586524963,O19_B001386_S295_L003.mus-2-0-1
1909,1.1608648300170898,O19_B003902_S175_L002.mus-2-0-1
1910,0.8622177243232727,O1_B003902_S157_L002.mus-2-0-1
1911,1.2932226657867432,O20_B001386_S296_L003.mus-2-0-1
1912,1.0581767559051514,O20_B003902_S176_L002.mus-2-0-1
1913,0.5209715962409973,O21_B001386_S297_L003.mus-2-0-1
1914,1.2685266733169556,O2_B001386_S278_L003.mus-2-0-1
1915,1.2869423627853394,O2_B003902_S158_L002.mus-2-0-1
1916,1.1663880348205566,O3_B003902_S159_L002.mus-2-0-1
1917,1.7593166828155518,O4_B003902_S160_L002.mus-2-0-1
1918,2.5622735023498535,O5_B001243_S245_L002.mus-2-0-1
1919,1.1505364179611206,O6_B001243_S246_L002.mus-2-0-1
1920,1.1219061613082886,O7_B001243_S247_L002.mus-2-0-1
1921,0.49488675594329834,O7_B001386_S283_L003.mus-2-0-1
1922,1.575609803199768,O8_B003902_S164_L002.mus-2-0-1
1923,0.9461333155632019,O9_B001243_S249_L002.mus-2-0-1
1924,0.772925615310669,O9_B001386_S285_L003.mus-2-0-1
1925,1.2292057275772095,P10_B001243_S274_L002.mus-2-0-1
1926,0.544857382774353,P10_B001386_S10_L003.mus-2-0-1
1927,0.8807992935180664,P10_B003902_S190_L002.mus-2-0-1
1928,1.2243940830230713,P11_B003902_S191_L002.mus-2-0-1
1929,0.49809131026268005,P12_B001386_S12_L003.mus-2-0-1
1930,1.265939712524414,P12_B003902_S192_L002.mus-2-0-1
1931,1.0129497051239014,P13_B001386_S13_L003.mus-2-0-1
1932,1.1339219808578491,P14_B001386_S14_L003.mus-2-0-1
1933,1.076534390449524,P14_B003902_S194_L002.mus-2-0-1
1934,0.5649425387382507,P17_B001386_S17_L003.mus-2-0-1
1935,1.153057336807251,P17_B003902_S197_L002.mus-2-0-1
1936,2.3130745887756348,P18_B001386_S18_L003.mus-2-0-1
1937,1.353418231010437,P18_B003902_S198_L002.mus-2-0-1
1938,0.48128730058670044,P20_B001386_S20_L003.mus-2-0-1
1939,1.200695276260376,P20_B003902_S200_L002.mus-2-0-1
1940,0.9973375797271729,P21_B001243_S285_L002.mus-2-0-1
1941,1.4059392213821411,P21_B003902_S201_L002.mus-2-0-1
1942,1.0166417360305786,P22_B001386_S22_L003.mus-2-0-1
1943,0.9478539824485779,P2_B001243_S266_L002.mus-2-0-1
1944,1.4978291988372803,P2_B003902_S182_L002.mus-2-0-1
1945,0.5737888813018799,P3_B001386_S3_L003.mus-2-0-1
1946,1.0813286304473877,P4_B001243_S268_L002.mus-2-0-1
1947,0.9736531376838684,P5_B001243_S269_L002.mus-2-0-1
1948,1.552404522895813,P5_B001386_S5_L003.mus-2-0-1
1949,1.6187278032302856,P5_B003902_S185_L002.mus-2-0-1
1950,1.2229607105255127,P6_B001243_S270_L002.mus-2-0-1
1951,1.0019643306732178,P6_B003902_S186_L002.mus-2-0-1
1952,1.1679197549819946,P7_B001243_S271_L002.mus-2-0-1
1953,1.0113415718078613,P8_B001243_S272_L002.mus-2-0-1
1954,0.541422426700592,P8_B001386_S8_L003.mus-2-0-1
1955,1.149800181388855,P8_B003902_S188_L002.mus-2-0-1
1956,0.9474058151245117,P9_B001243_S273_L002.mus-2-0-1
1957,1.0953445434570312,P9_B003902_S189_L002.mus-2-0-1
1958,0.5363765954971313,A14_B001242_S206.mus-7-0-1
1959,1.2261964082717896,A16_B001242_S208.mus-7-0-1
1960,0.9635167121887207,A17_B001242_S209.mus-7-0-1
1961,0.6293568015098572,A18_B001242_S210.mus-7-0-1
1962,1.0730750560760498,A20_B001242_S212.mus-7-0-1
1963,0.6206791400909424,A21_B001242_S213.mus-7-0-1
1964,0.8775185346603394,A3_B001242_S195.mus-7-0-1
1965,0.6587813496589661,A6_B001242_S198.mus-7-0-1
1966,0.49773693084716797,A7_B001242_S199.mus-7-0-1
1967,0.6521799564361572,B15_B001242_S231.mus-7-0-1
1968,0.9014942049980164,B17_B001242_S233.mus-7-0-1
1969,0.850477397441864,B20_B001242_S236.mus-7-0-1
1970,0.8702024817466736,B4_B001242_S220.mus-7-0-1
1971,0.9292466640472412,C11_B001242_S251.mus-7-0-1
1972,0.5195112824440002,C12_B001242_S252.mus-7-0-1
1973,1.29362952709198,C16_B001242_S256.mus-7-0-1
1974,0.6789180040359497,C19_B001242_S259.mus-7-0-1
1975,1.1643695831298828,C20_B001242_S260.mus-7-0-1
1976,1.0510237216949463,C21_B001242_S261.mus-7-0-1
1977,0.8680448532104492,C2_B001242_S242.mus-7-0-1
1978,0.87107914686203,C3_B001242_S243.mus-7-0-1
1979,0.5586565136909485,C7_B001242_S247.mus-7-0-1
1980,2.7877094745635986,C8_B001242_S248.mus-7-0-1
1981,1.0861698389053345,C9_B001242_S249.mus-7-0-1
1982,1.4568742513656616,D10_B001242_S274.mus-7-0-1
1983,0.8039531707763672,D11_B001242_S275.mus-7-0-1
1984,0.9969316124916077,D12_B001242_S276.mus-7-0-1
1985,0.6859040856361389,D14_B001242_S278.mus-7-0-1
1986,1.1962350606918335,D16_B001242_S280.mus-7-0-1
1987,0.5684331059455872,D17_B001242_S281.mus-7-0-1
1988,0.5131638646125793,D18_B001242_S282.mus-7-0-1
1989,0.6256640553474426,D19_B001242_S283.mus-7-0-1
1990,2.74397873878479,D20_B001242_S284.mus-7-0-1
1991,0.47201648354530334,D21_B001242_S285.mus-7-0-1
1992,0.4926428496837616,D3_B001242_S267.mus-7-0-1
1993,0.5652050971984863,D4_B001242_S268.mus-7-0-1
1994,1.1228461265563965,D8_B001242_S272.mus-7-0-1
1995,1.3793761730194092,D9_B001242_S273.mus-7-0-1
1996,0.7447417974472046,E11_B001242_S299.mus-7-0-1
1997,1.0598111152648926,E15_B001242_S3.mus-7-0-1
1998,0.59161376953125,E16_B001242_S4.mus-7-0-1
1999,1.1162887811660767,E17_B001242_S5.mus-7-0-1
2000,1.2625904083251953,E19_B001242_S7.mus-7-0-1
2001,2.544043779373169,E20_B001242_S8.mus-7-0-1
2002,0.870604932308197,E21_B001242_S9.mus-7-0-1
2003,0.49216002225875854,E2_B001242_S290.mus-7-0-1
2004,0.9497359991073608,E3_B001242_S291.mus-7-0-1
2005,0.5359027981758118,E7_B001242_S295.mus-7-0-1
2006,0.5577701926231384,F12_B001242_S24.mus-7-0-1
2007,1.1476850509643555,F13_B001242_S25.mus-7-0-1
2008,0.6029753684997559,F15_B001242_S27.mus-7-0-1
2009,0.6846159100532532,F17_B001242_S29.mus-7-0-1
2010,1.0393427610397339,F18_B001242_S30.mus-7-0-1
2011,0.634340226650238,F19_B001242_S31.mus-7-0-1
2012,0.9613305926322937,F1_B001242_S13.mus-7-0-1
2013,0.8449468016624451,F20_B001242_S32.mus-7-0-1
2014,1.0440176725387573,F2_B001242_S14.mus-7-0-1
2015,1.0476435422897339,F3_B001242_S15.mus-7-0-1
2016,2.9930596351623535,G10_B001242_S46.mus-7-0-1
2017,0.965254008769989,G13_B001242_S49.mus-7-0-1
2018,0.5591084957122803,G14_B001242_S50.mus-7-0-1
2019,2.3550286293029785,G15_B001242_S51.mus-7-0-1
2020,0.7597070932388306,G17_B001242_S53.mus-7-0-1
2021,0.5983118414878845,G18_B001242_S54.mus-7-0-1
2022,0.6352349519729614,G19_B001242_S55.mus-7-0-1
2023,0.8265448212623596,G1_B001242_S37.mus-7-0-1
2024,0.718680739402771,G20_B001242_S56.mus-7-0-1
2025,0.8363744020462036,G21_B001242_S57.mus-7-0-1
2026,1.0638628005981445,G22_B001242_S58.mus-7-0-1
2027,0.5303622484207153,G2_B001242_S38.mus-7-0-1
2028,1.0662175416946411,G4_B001242_S40.mus-7-0-1
2029,1.5408796072006226,H11_B001242_S71.mus-7-0-1
2030,1.8049736022949219,H13_B001242_S73.mus-7-0-1
2031,1.418359398841858,H14_B001242_S74.mus-7-0-1
2032,1.3580291271209717,H15_B001242_S75.mus-7-0-1
2033,2.0082991123199463,H16_B001242_S76.mus-7-0-1
2034,1.2598069906234741,H17_B001242_S77.mus-7-0-1
2035,1.6031960248947144,H18_B001242_S78.mus-7-0-1
2036,0.9937535524368286,H19_B001242_S79.mus-7-0-1
2037,0.4727422297000885,H1_B001242_S61.mus-7-0-1
2038,1.1456936597824097,H20_B001242_S80.mus-7-0-1
2039,0.9762858152389526,H2_B001242_S62.mus-7-0-1
2040,1.108071208000183,H3_B001242_S63.mus-7-0-1
2041,1.5582013130187988,H4_B001242_S64.mus-7-0-1
2042,0.8554386496543884,H5_B001242_S65.mus-7-0-1
2043,0.8522504568099976,H8_B001242_S68.mus-7-0-1
2044,0.6972529888153076,I10_B001242_S94.mus-7-0-1
2045,0.5339980125427246,I12_B001242_S96.mus-7-0-1
2046,0.606751561164856,I13_B001242_S97.mus-7-0-1
2047,1.196903109550476,I14_B001242_S98.mus-7-0-1
2048,0.640961766242981,I16_B001242_S100.mus-7-0-1
2049,0.8499112725257874,I17_B001242_S101.mus-7-0-1
2050,0.5786424875259399,I18_B001242_S102.mus-7-0-1
2051,0.5437089204788208,I19_B001242_S103.mus-7-0-1
2052,2.3438589572906494,I1_B001242_S85.mus-7-0-1
2053,0.6879695653915405,I20_B001242_S104.mus-7-0-1
2054,1.004005789756775,I21_B001242_S105.mus-7-0-1
2055,1.0653640031814575,I22_B001242_S106.mus-7-0-1
2056,0.9945631623268127,I3_B001242_S87.mus-7-0-1
2057,0.9193874597549438,I5_B001242_S89.mus-7-0-1
2058,0.6570930480957031,I8_B001242_S92.mus-7-0-1
2059,0.685146152973175,J14_B001242_S122.mus-7-0-1
2060,0.5813844203948975,J16_B001242_S124.mus-7-0-1
2061,0.6966678500175476,J18_B001242_S126.mus-7-0-1
2062,0.6348353028297424,J19_B001242_S127.mus-7-0-1
2063,0.5193093419075012,J20_B001242_S128.mus-7-0-1
2064,0.462425172328949,J21_B001242_S129.mus-7-0-1
2065,2.595639944076538,J22_B001242_S130.mus-7-0-1
2066,0.795911967754364,J2_B001242_S110.mus-7-0-1
2067,0.6817252039909363,J6_B001242_S114.mus-7-0-1
2068,0.6788457036018372,J7_B001242_S115.mus-7-0-1
2069,0.7425069808959961,J9_B001242_S117.mus-7-0-1
2070,0.7363799214363098,K11_B001242_S143.mus-7-0-1
2071,0.5954325795173645,K13_B001242_S145.mus-7-0-1
2072,2.848139524459839,K16_B001242_S148.mus-7-0-1
2073,0.8888546228408813,K17_B001242_S149.mus-7-0-1
2074,1.2852606773376465,K18_B001242_S150.mus-7-0-1
2075,0.5368426442146301,K19_B001242_S151.mus-7-0-1
2076,0.6126562356948853,K20_B001242_S152.mus-7-0-1
2077,1.0803920030593872,K3_B001242_S135.mus-7-0-1
2078,0.793016254901886,K4_B001242_S136.mus-7-0-1
2079,0.5960260629653931,L11_B001242_S167.mus-7-0-1
2080,0.7867345809936523,L13_B001242_S169.mus-7-0-1
2081,1.6858958005905151,L18_B001242_S174.mus-7-0-1
2082,0.7021459341049194,L19_B001242_S175.mus-7-0-1
2083,2.797617197036743,L1_B001242_S157.mus-7-0-1
2084,2.755337715148926,L20_B001242_S176.mus-7-0-1
2085,0.9222158193588257,L21_B001242_S177.mus-7-0-1
2086,0.8996357321739197,L5_B001242_S161.mus-7-0-1
2087,1.0833240747451782,L9_B001242_S165.mus-7-0-1
2088,0.8855335712432861,M11_B001242_S191.mus-7-0-1
2089,0.5391952991485596,M16_B001242_S196.mus-7-0-1
2090,0.6373331546783447,M17_B001242_S197.mus-7-0-1
2091,0.9615790247917175,M18_B001242_S198.mus-7-0-1
2092,0.5657109618186951,M19_B001242_S199.mus-7-0-1
2093,0.9815260767936707,M1_B001242_S181.mus-7-0-1
2094,1.1284793615341187,M3_B001242_S183.mus-7-0-1
2095,0.940767765045166,M4_B001242_S184.mus-7-0-1
2096,1.370421051979065,M5_B001242_S185.mus-7-0-1
2097,0.5158559679985046,N12_B001242_S216.mus-7-0-1
2098,0.5544670820236206,N13_B001242_S217.mus-7-0-1
2099,1.9049253463745117,N15_B001242_S219.mus-7-0-1
2100,0.5599678754806519,N17_B001242_S221.mus-7-0-1
2101,1.1262423992156982,N18_B001242_S222.mus-7-0-1
2102,0.6204800009727478,N19_B001242_S223.mus-7-0-1
2103,0.7619422078132629,N20_B001242_S224.mus-7-0-1
2104,1.1846791505813599,N21_B001242_S225.mus-7-0-1
2105,1.784814476966858,N5_B001242_S209.mus-7-0-1
2106,0.9536712169647217,N6_B001242_S210.mus-7-0-1
2107,1.7561193704605103,N8_B001242_S212.mus-7-0-1
2108,0.5989264249801636,O12_B001242_S240.mus-7-0-1
2109,0.6580374836921692,O14_B001242_S242.mus-7-0-1
2110,0.7489887475967407,O16_B001242_S244.mus-7-0-1
2111,0.8661515712738037,O17_B001242_S245.mus-7-0-1
2112,0.5163984298706055,O18_B001242_S246.mus-7-0-1
2113,2.5451009273529053,O19_B001242_S247.mus-7-0-1
2114,1.0733674764633179,O1_B001242_S229.mus-7-0-1
2115,1.267521858215332,O7_B001242_S235.mus-7-0-1
2116,1.4829668998718262,O9_B001242_S237.mus-7-0-1
2117,1.1950112581253052,P10_B001242_S262.mus-7-0-1
2118,0.5679594874382019,P13_B001242_S265.mus-7-0-1
2119,0.6283785700798035,P14_B001242_S266.mus-7-0-1
2120,0.617384672164917,P16_B001242_S268.mus-7-0-1
2121,0.5477080345153809,P17_B001242_S269.mus-7-0-1
2122,0.5260483622550964,P19_B001242_S271.mus-7-0-1
2123,1.3943278789520264,P1_B001242_S253.mus-7-0-1
2124,0.9483534693717957,P20_B001242_S272.mus-7-0-1
2125,0.688908576965332,P3_B001242_S255.mus-7-0-1
2126,0.9539567828178406,P5_B001242_S257.mus-7-0-1
2127,0.9025774598121643,P9_B001242_S261.mus-7-0-1
2128,1.8030245304107666,A1.MAA000907.3_11_M.1.1-1-1
2129,1.5891870260238647,A1.MAA100039.3_11_M.1.1-1-1
2130,1.4564166069030762,A1.MAA100138.3_56_F.1.1-1-1
2131,1.132844090461731,A1.MAA100140.3_57_F.1.1-1-1
2132,0.6297616958618164,A10.MAA000907.3_11_M.1.1-1-1
2133,0.7008916139602661,A10.MAA100041.3_9_M.1.1-1-1
2134,1.433656096458435,A10.MAA100138.3_56_F.1.1-1-1
2135,0.6008145809173584,A11.MAA000907.3_11_M.1.1-1-1
2136,1.0675925016403198,A11.MAA100041.3_9_M.1.1-1-1
2137,1.4310002326965332,A11.MAA100138.3_56_F.1.1-1-1
2138,1.5113393068313599,A11.MAA100140.3_57_F.1.1-1-1
2139,0.7260295152664185,A12.MAA000907.3_11_M.1.1-1-1
2140,1.7910542488098145,A12.MAA100042.3_9_M.1.1-1-1
2141,0.8103909492492676,A12.MAA100140.3_57_F.1.1-1-1
2142,1.2235872745513916,A13.MAA000907.3_11_M.1.1-1-1
2143,1.2642717361450195,A14.MAA000907.3_11_M.1.1-1-1
2144,0.891954243183136,A15.MAA000907.3_11_M.1.1-1-1
2145,0.7540969252586365,A16.MAA000907.3_11_M.1.1-1-1
2146,1.4272339344024658,A17.MAA000907.3_11_M.1.1-1-1
2147,0.525439441204071,A18.MAA000907.3_11_M.1.1-1-1
2148,0.6025370955467224,A19.MAA000907.3_11_M.1.1-1-1
2149,1.5711393356323242,A2.MAA000907.3_11_M.1.1-1-1
2150,0.7284232378005981,A2.MAA100039.3_11_M.1.1-1-1
2151,0.6076989769935608,A2.MAA100040.3_11_M.1.1-1-1
2152,1.3637809753417969,A2.MAA100138.3_56_F.1.1-1-1
2153,1.7846567630767822,A2.MAA100140.3_57_F.1.1-1-1
2154,0.583320677280426,A20.MAA000907.3_11_M.1.1-1-1
2155,0.9050282835960388,A21.MAA000907.3_11_M.1.1-1-1
2156,1.2536827325820923,A22.MAA000907.3_11_M.1.1-1-1
2157,0.5377971529960632,A3.MAA000907.3_11_M.1.1-1-1
2158,0.4669206738471985,A3.MAA100039.3_11_M.1.1-1-1
2159,0.8853227496147156,A3.MAA100040.3_11_M.1.1-1-1
2160,1.1658457517623901,A3.MAA100138.3_56_F.1.1-1-1
2161,1.5111597776412964,A3.MAA100140.3_57_F.1.1-1-1
2162,1.055858850479126,A4.MAA000907.3_11_M.1.1-1-1
2163,0.5140575766563416,A4.MAA100039.3_11_M.1.1-1-1
2164,0.7382714152336121,A4.MAA100041.3_9_M.1.1-1-1
2165,1.6603420972824097,A4.MAA100138.3_56_F.1.1-1-1
2166,1.5231860876083374,A4.MAA100140.3_57_F.1.1-1-1
2167,0.5633697509765625,A5.MAA000907.3_11_M.1.1-1-1
2168,0.5532150864601135,A5.MAA100039.3_11_M.1.1-1-1
2169,0.9581665992736816,A5.MAA100138.3_56_F.1.1-1-1
2170,0.7300869822502136,A5.MAA100140.3_57_F.1.1-1-1
2171,0.6297644376754761,A6.MAA000907.3_11_M.1.1-1-1
2172,0.5767192244529724,A6.MAA100039.3_11_M.1.1-1-1
2173,0.4916095435619354,A6.MAA100040.3_11_M.1.1-1-1
2174,0.6305216550827026,A6.MAA100042.3_9_M.1.1-1-1
2175,1.2500079870224,A6.MAA100138.3_56_F.1.1-1-1
2176,2.205888032913208,A6.MAA100140.3_57_F.1.1-1-1
2177,0.8828445076942444,A7.MAA000907.3_11_M.1.1-1-1
2178,0.4536624848842621,A7.MAA100040.3_11_M.1.1-1-1
2179,0.9521049857139587,A7.MAA100042.3_9_M.1.1-1-1
2180,1.2022249698638916,A7.MAA100138.3_56_F.1.1-1-1
2181,1.0801262855529785,A7.MAA100140.3_57_F.1.1-1-1
2182,1.0091757774353027,A8.MAA000907.3_11_M.1.1-1-1
2183,1.277108907699585,A8.MAA100138.3_56_F.1.1-1-1
2184,1.3803828954696655,A8.MAA100140.3_57_F.1.1-1-1
2185,1.806778073310852,A9.MAA000907.3_11_M.1.1-1-1
2186,0.5760013461112976,A9.MAA100039.3_11_M.1.1-1-1
2187,0.5532718300819397,A9.MAA100040.3_11_M.1.1-1-1
2188,0.5325414538383484,A9.MAA100042.3_9_M.1.1-1-1
2189,0.7418330311775208,A9.MAA100138.3_56_F.1.1-1-1
2190,0.8622735142707825,A9.MAA100140.3_57_F.1.1-1-1
2191,0.6553266048431396,B1.MAA000907.3_11_M.1.1-1-1
2192,1.36517333984375,B1.MAA100039.3_11_M.1.1-1-1
2193,0.5110417604446411,B1.MAA100040.3_11_M.1.1-1-1
2194,1.4109758138656616,B1.MAA100138.3_56_F.1.1-1-1
2195,0.8384795784950256,B1.MAA100140.3_57_F.1.1-1-1
2196,1.8188416957855225,B10.MAA000377.3_9_M.1.1-1-1
2197,0.4552907347679138,B10.MAA000907.3_11_M.1.1-1-1
2198,0.45244619250297546,B10.MAA100039.3_11_M.1.1-1-1
2199,0.6204380989074707,B10.MAA100040.3_11_M.1.1-1-1
2200,0.8746438026428223,B10.MAA100138.3_56_F.1.1-1-1
2201,1.1135472059249878,B11.MAA000907.3_11_M.1.1-1-1
2202,0.49564340710639954,B11.MAA100039.3_11_M.1.1-1-1
2203,1.6018855571746826,B11.MAA100042.3_9_M.1.1-1-1
2204,0.68584805727005,B11.MAA100138.3_56_F.1.1-1-1
2205,0.6213237643241882,B12.MAA000907.3_11_M.1.1-1-1
2206,0.4760873019695282,B12.MAA100039.3_11_M.1.1-1-1
2207,0.567762017250061,B12.MAA100041.3_9_M.1.1-1-1
2208,1.1511098146438599,B12.MAA100042.3_9_M.1.1-1-1
2209,0.7880353331565857,B12.MAA100140.3_57_F.1.1-1-1
2210,1.0155658721923828,B13.MAA000907.3_11_M.1.1-1-1
2211,0.9583569765090942,B14.MAA000377.3_9_M.1.1-1-1
2212,0.640292763710022,B14.MAA000907.3_11_M.1.1-1-1
2213,0.5195770859718323,B15.MAA000907.3_11_M.1.1-1-1
2214,0.5219590067863464,B16.MAA000907.3_11_M.1.1-1-1
2215,0.5901426672935486,B17.MAA000907.3_11_M.1.1-1-1
2216,0.8272848129272461,B18.MAA000907.3_11_M.1.1-1-1
2217,1.2541472911834717,B19.MAA000907.3_11_M.1.1-1-1
2218,1.6040830612182617,B2.MAA000907.3_11_M.1.1-1-1
2219,0.4521617889404297,B2.MAA100040.3_11_M.1.1-1-1
2220,1.4298005104064941,B2.MAA100138.3_56_F.1.1-1-1
2221,1.296446681022644,B2.MAA100140.3_57_F.1.1-1-1
2222,0.7399497032165527,B20.MAA000907.3_11_M.1.1-1-1
2223,1.0472450256347656,B21.MAA000907.3_11_M.1.1-1-1
2224,0.47142088413238525,B22.MAA000907.3_11_M.1.1-1-1
2225,0.5826517939567566,B3.MAA000907.3_11_M.1.1-1-1
2226,0.45870330929756165,B3.MAA100039.3_11_M.1.1-1-1
2227,0.5200663208961487,B3.MAA100040.3_11_M.1.1-1-1
2228,1.0188840627670288,B3.MAA100041.3_9_M.1.1-1-1
2229,1.1523940563201904,B3.MAA100138.3_56_F.1.1-1-1
2230,1.1395989656448364,B3.MAA100140.3_57_F.1.1-1-1
2231,1.5817402601242065,B4.MAA000907.3_11_M.1.1-1-1
2232,0.45399653911590576,B4.MAA100039.3_11_M.1.1-1-1
2233,0.5953835844993591,B4.MAA100040.3_11_M.1.1-1-1
2234,0.8572643399238586,B4.MAA100042.3_9_M.1.1-1-1
2235,1.156441569328308,B4.MAA100138.3_56_F.1.1-1-1
2236,1.302236557006836,B4.MAA100140.3_57_F.1.1-1-1
2237,0.6427006721496582,B5.MAA000907.3_11_M.1.1-1-1
2238,0.4827363193035126,B5.MAA100039.3_11_M.1.1-1-1
2239,1.1783969402313232,B5.MAA100138.3_56_F.1.1-1-1
2240,1.1430888175964355,B5.MAA100140.3_57_F.1.1-1-1
2241,0.7030442357063293,B6.MAA000377.3_9_M.1.1-1-1
2242,1.3985562324523926,B6.MAA000907.3_11_M.1.1-1-1
2243,0.4538215398788452,B6.MAA100039.3_11_M.1.1-1-1
2244,0.45670539140701294,B6.MAA100040.3_11_M.1.1-1-1
2245,1.0812630653381348,B6.MAA100138.3_56_F.1.1-1-1
2246,1.0850155353546143,B6.MAA100140.3_57_F.1.1-1-1
2247,2.196474552154541,B7.MAA000377.3_9_M.1.1-1-1
2248,0.4561253488063812,B7.MAA000907.3_11_M.1.1-1-1
2249,0.5255975723266602,B7.MAA100039.3_11_M.1.1-1-1
2250,0.6327625513076782,B7.MAA100040.3_11_M.1.1-1-1
2251,0.9033660292625427,B7.MAA100041.3_9_M.1.1-1-1
2252,0.8519942760467529,B7.MAA100138.3_56_F.1.1-1-1
2253,3.056594133377075,B8.MAA000377.3_9_M.1.1-1-1
2254,0.5046303272247314,B8.MAA000907.3_11_M.1.1-1-1
2255,0.47431355714797974,B8.MAA100040.3_11_M.1.1-1-1
2256,1.3855648040771484,B8.MAA100138.3_56_F.1.1-1-1
2257,2.01828670501709,B9.MAA000907.3_11_M.1.1-1-1
2258,0.5809019804000854,B9.MAA100039.3_11_M.1.1-1-1
2259,1.5273969173431396,B9.MAA100138.3_56_F.1.1-1-1
2260,1.1141308546066284,B9.MAA100140.3_57_F.1.1-1-1
2261,2.852969169616699,C1.MAA000907.3_11_M.1.1-1-1
2262,0.46360766887664795,C1.MAA100039.3_11_M.1.1-1-1
2263,0.4963950514793396,C1.MAA100040.3_11_M.1.1-1-1
2264,1.4239786863327026,C1.MAA100138.3_56_F.1.1-1-1
2265,1.224250316619873,C1.MAA100140.3_57_F.1.1-1-1
2266,0.8657090663909912,C10.MAA000377.3_9_M.1.1-1-1
2267,0.716950535774231,C10.MAA000907.3_11_M.1.1-1-1
2268,0.4935791790485382,C10.MAA100039.3_11_M.1.1-1-1
2269,1.11063814163208,C10.MAA100040.3_11_M.1.1-1-1
2270,1.194108247756958,C10.MAA100140.3_57_F.1.1-1-1
2271,0.7315738201141357,C11.MAA000907.3_11_M.1.1-1-1
2272,0.46418243646621704,C11.MAA100039.3_11_M.1.1-1-1
2273,0.843905508518219,C11.MAA100042.3_9_M.1.1-1-1
2274,1.3331595659255981,C11.MAA100138.3_56_F.1.1-1-1
2275,1.2420753240585327,C11.MAA100140.3_57_F.1.1-1-1
2276,0.4696143865585327,C12.MAA100039.3_11_M.1.1-1-1
2277,1.2559517621994019,C12.MAA100041.3_9_M.1.1-1-1
2278,1.3253486156463623,C12.MAA100042.3_9_M.1.1-1-1
2279,0.5839368104934692,C12.MAA100140.3_57_F.1.1-1-1
2280,0.879685640335083,C13.MAA000377.3_9_M.1.1-1-1
2281,1.2054096460342407,C13.MAA000907.3_11_M.1.1-1-1
2282,2.133500337600708,C14.MAA000377.3_9_M.1.1-1-1
2283,1.039831519126892,C14.MAA000907.3_11_M.1.1-1-1
2284,0.7168066501617432,C15.MAA000907.3_11_M.1.1-1-1
2285,0.5771545767784119,C16.MAA000907.3_11_M.1.1-1-1
2286,0.5233843326568604,C17.MAA000907.3_11_M.1.1-1-1
2287,0.6049141883850098,C18.MAA000377.3_9_M.1.1-1-1
2288,0.5590159296989441,C18.MAA000907.3_11_M.1.1-1-1
2289,0.4544408917427063,C19.MAA000907.3_11_M.1.1-1-1
2290,0.5841792821884155,C2.MAA000907.3_11_M.1.1-1-1
2291,0.628031849861145,C2.MAA100039.3_11_M.1.1-1-1
2292,1.3219374418258667,C2.MAA100138.3_56_F.1.1-1-1
2293,1.0910780429840088,C2.MAA100140.3_57_F.1.1-1-1
2294,0.6387373805046082,C20.MAA000907.3_11_M.1.1-1-1
2295,1.3119529485702515,C21.MAA000907.3_11_M.1.1-1-1
2296,0.8796117305755615,C22.MAA000907.3_11_M.1.1-1-1
2297,0.5707879066467285,C3.MAA000907.3_11_M.1.1-1-1
2298,0.6235384345054626,C3.MAA100041.3_9_M.1.1-1-1
2299,1.4089902639389038,C3.MAA100138.3_56_F.1.1-1-1
2300,1.189461588859558,C3.MAA100140.3_57_F.1.1-1-1
2301,0.5427324175834656,C4.MAA000907.3_11_M.1.1-1-1
2302,0.5982242822647095,C4.MAA100039.3_11_M.1.1-1-1
2303,1.0787148475646973,C4.MAA100040.3_11_M.1.1-1-1
2304,0.6079311966896057,C4.MAA100042.3_9_M.1.1-1-1
2305,1.1576122045516968,C4.MAA100138.3_56_F.1.1-1-1
2306,1.5170410871505737,C4.MAA100140.3_57_F.1.1-1-1
2307,1.1447545289993286,C5.MAA000907.3_11_M.1.1-1-1
2308,1.2474126815795898,C5.MAA100140.3_57_F.1.1-1-1
2309,0.9693415760993958,C6.MAA000907.3_11_M.1.1-1-1
2310,0.4811418652534485,C6.MAA100039.3_11_M.1.1-1-1
2311,0.954417884349823,C6.MAA100040.3_11_M.1.1-1-1
2312,0.5667932629585266,C6.MAA100042.3_9_M.1.1-1-1
2313,0.5807578563690186,C6.MAA100138.3_56_F.1.1-1-1
2314,0.6474390625953674,C6.MAA100140.3_57_F.1.1-1-1
2315,0.4573037028312683,C7.MAA100040.3_11_M.1.1-1-1
2316,0.7176004648208618,C7.MAA100042.3_9_M.1.1-1-1
2317,1.9069491624832153,C7.MAA100138.3_56_F.1.1-1-1
2318,1.214288353919983,C7.MAA100140.3_57_F.1.1-1-1
2319,0.5316976308822632,C8.MAA000907.3_11_M.1.1-1-1
2320,0.44999998807907104,C8.MAA100039.3_11_M.1.1-1-1
2321,0.542718768119812,C8.MAA100041.3_9_M.1.1-1-1
2322,1.3229212760925293,C8.MAA100138.3_56_F.1.1-1-1
2323,0.5363579988479614,C8.MAA100140.3_57_F.1.1-1-1
2324,0.4921936094760895,C9.MAA000907.3_11_M.1.1-1-1
2325,0.49291473627090454,C9.MAA100039.3_11_M.1.1-1-1
2326,1.6224582195281982,C9.MAA100041.3_9_M.1.1-1-1
2327,1.2861448526382446,C9.MAA100042.3_9_M.1.1-1-1
2328,1.3659406900405884,C9.MAA100140.3_57_F.1.1-1-1
2329,3.0460753440856934,D1.MAA000907.3_11_M.1.1-1-1
2330,1.0394086837768555,D1.MAA100039.3_11_M.1.1-1-1
2331,0.5927408933639526,D1.MAA100042.3_9_M.1.1-1-1
2332,1.2724063396453857,D1.MAA100138.3_56_F.1.1-1-1
2333,1.2322157621383667,D1.MAA100140.3_57_F.1.1-1-1
2334,0.5466926693916321,D10.MAA000907.3_11_M.1.1-1-1
2335,0.49446800351142883,D10.MAA100039.3_11_M.1.1-1-1
2336,0.6709446310997009,D10.MAA100041.3_9_M.1.1-1-1
2337,0.5268239974975586,D10.MAA100138.3_56_F.1.1-1-1
2338,1.1125296354293823,D10.MAA100140.3_57_F.1.1-1-1
2339,1.214726448059082,D11.MAA000907.3_11_M.1.1-1-1
2340,0.5553984045982361,D11.MAA100039.3_11_M.1.1-1-1
2341,1.5314942598342896,D11.MAA100041.3_9_M.1.1-1-1
2342,1.2803717851638794,D11.MAA100138.3_56_F.1.1-1-1
2343,0.633169412612915,D11.MAA100140.3_57_F.1.1-1-1
2344,0.7754613757133484,D12.MAA000377.3_9_M.1.1-1-1
2345,0.8253335952758789,D12.MAA000907.3_11_M.1.1-1-1
2346,0.45741647481918335,D12.MAA100039.3_11_M.1.1-1-1
2347,0.5006012916564941,D12.MAA100042.3_9_M.1.1-1-1
2348,1.2251876592636108,D12.MAA100138.3_56_F.1.1-1-1
2349,0.5932148694992065,D12.MAA100140.3_57_F.1.1-1-1
2350,0.5731543898582458,D13.MAA000907.3_11_M.1.1-1-1
2351,3.163299798965454,D14.MAA000907.3_11_M.1.1-1-1
2352,0.4983760416507721,D15.MAA000377.3_9_M.1.1-1-1
2353,1.197205662727356,D15.MAA000907.3_11_M.1.1-1-1
2354,0.504402220249176,D17.MAA000907.3_11_M.1.1-1-1
2355,0.5569676160812378,D18.MAA000907.3_11_M.1.1-1-1
2356,1.285312533378601,D2.MAA000907.3_11_M.1.1-1-1
2357,0.7811182141304016,D2.MAA100039.3_11_M.1.1-1-1
2358,0.47167837619781494,D2.MAA100040.3_11_M.1.1-1-1
2359,0.4897308349609375,D2.MAA100041.3_9_M.1.1-1-1
2360,1.2609117031097412,D2.MAA100138.3_56_F.1.1-1-1
2361,1.3808914422988892,D2.MAA100140.3_57_F.1.1-1-1
2362,2.0363550186157227,D20.MAA000907.3_11_M.1.1-1-1
2363,1.1726500988006592,D21.MAA000907.3_11_M.1.1-1-1
2364,2.0102851390838623,D22.MAA000907.3_11_M.1.1-1-1
2365,1.726578950881958,D3.MAA000907.3_11_M.1.1-1-1
2366,0.4655149281024933,D3.MAA100039.3_11_M.1.1-1-1
2367,0.6567611694335938,D3.MAA100040.3_11_M.1.1-1-1
2368,0.8145167827606201,D3.MAA100041.3_9_M.1.1-1-1
2369,1.1048732995986938,D3.MAA100138.3_56_F.1.1-1-1
2370,0.7991539835929871,D4.MAA000907.3_11_M.1.1-1-1
2371,0.455190509557724,D4.MAA100039.3_11_M.1.1-1-1
2372,0.4569762051105499,D4.MAA100040.3_11_M.1.1-1-1
2373,1.2641608715057373,D4.MAA100138.3_56_F.1.1-1-1
2374,1.181654930114746,D4.MAA100140.3_57_F.1.1-1-1
2375,1.3050514459609985,D5.MAA000907.3_11_M.1.1-1-1
2376,0.46394482254981995,D5.MAA100039.3_11_M.1.1-1-1
2377,0.4907625615596771,D5.MAA100040.3_11_M.1.1-1-1
2378,1.1195333003997803,D5.MAA100138.3_56_F.1.1-1-1
2379,1.397068977355957,D5.MAA100140.3_57_F.1.1-1-1
2380,0.5587949752807617,D6.MAA000907.3_11_M.1.1-1-1
2381,0.4982975423336029,D6.MAA100039.3_11_M.1.1-1-1
2382,0.5478359460830688,D6.MAA100138.3_56_F.1.1-1-1
2383,1.0463343858718872,D6.MAA100140.3_57_F.1.1-1-1
2384,0.6577960848808289,D7.MAA000907.3_11_M.1.1-1-1
2385,0.48981961607933044,D7.MAA100039.3_11_M.1.1-1-1
2386,0.5252240300178528,D7.MAA100042.3_9_M.1.1-1-1
2387,0.9786806702613831,D7.MAA100138.3_56_F.1.1-1-1
2388,0.5016297101974487,D8.MAA100039.3_11_M.1.1-1-1
2389,0.8546561002731323,D8.MAA100042.3_9_M.1.1-1-1
2390,0.647173285484314,D8.MAA100140.3_57_F.1.1-1-1
2391,1.1941863298416138,D9.MAA000907.3_11_M.1.1-1-1
2392,1.6770657300949097,D9.MAA100039.3_11_M.1.1-1-1
2393,0.9535708427429199,D9.MAA100138.3_56_F.1.1-1-1
2394,0.5600062012672424,E1.MAA000907.3_11_M.1.1-1-1
2395,0.4728669226169586,E1.MAA100039.3_11_M.1.1-1-1
2396,0.5169138312339783,E1.MAA100042.3_9_M.1.1-1-1
2397,1.2476692199707031,E1.MAA100138.3_56_F.1.1-1-1
2398,0.8533368706703186,E1.MAA100140.3_57_F.1.1-1-1
2399,0.545038640499115,E10.MAA100039.3_11_M.1.1-1-1
2400,1.7304092645645142,E10.MAA100138.3_56_F.1.1-1-1
2401,1.2207802534103394,E10.MAA100140.3_57_F.1.1-1-1
2402,0.5878480076789856,E11.MAA000907.3_11_M.1.1-1-1
2403,0.4654076099395752,E11.MAA100039.3_11_M.1.1-1-1
2404,1.2206891775131226,E11.MAA100138.3_56_F.1.1-1-1
2405,1.25110924243927,E11.MAA100140.3_57_F.1.1-1-1
2406,2.2807140350341797,E12.MAA000907.3_11_M.1.1-1-1
2407,1.1977585554122925,E12.MAA100138.3_56_F.1.1-1-1
2408,0.5753498077392578,E12.MAA100140.3_57_F.1.1-1-1
2409,0.5854425430297852,E14.MAA000377.3_9_M.1.1-1-1
2410,0.5910119414329529,E14.MAA000907.3_11_M.1.1-1-1
2411,0.8736124634742737,E15.MAA000907.3_11_M.1.1-1-1
2412,0.7305309772491455,E16.MAA000907.3_11_M.1.1-1-1
2413,0.582244336605072,E17.MAA000907.3_11_M.1.1-1-1
2414,3.140307664871216,E18.MAA000907.3_11_M.1.1-1-1
2415,1.160509467124939,E19.MAA000907.3_11_M.1.1-1-1
2416,0.5397709608078003,E2.MAA000907.3_11_M.1.1-1-1
2417,0.4547245502471924,E2.MAA100039.3_11_M.1.1-1-1
2418,0.8626382350921631,E2.MAA100042.3_9_M.1.1-1-1
2419,1.2310243844985962,E2.MAA100138.3_56_F.1.1-1-1
2420,1.9028915166854858,E2.MAA100140.3_57_F.1.1-1-1
2421,0.49599310755729675,E20.MAA000907.3_11_M.1.1-1-1
2422,1.2015801668167114,E21.MAA000907.3_11_M.1.1-1-1
2423,0.7853670120239258,E22.MAA000907.3_11_M.1.1-1-1
2424,0.522108793258667,E3.MAA000907.3_11_M.1.1-1-1
2425,0.4587409496307373,E3.MAA100039.3_11_M.1.1-1-1
2426,0.8774129152297974,E3.MAA100040.3_11_M.1.1-1-1
2427,1.7648547887802124,E3.MAA100042.3_9_M.1.1-1-1
2428,1.2127814292907715,E3.MAA100138.3_56_F.1.1-1-1
2429,1.3193875551223755,E3.MAA100140.3_57_F.1.1-1-1
2430,0.5349991321563721,E4.MAA000907.3_11_M.1.1-1-1
2431,0.5334141850471497,E4.MAA100039.3_11_M.1.1-1-1
2432,1.00430166721344,E4.MAA100042.3_9_M.1.1-1-1
2433,1.3698992729187012,E4.MAA100138.3_56_F.1.1-1-1
2434,1.2413947582244873,E4.MAA100140.3_57_F.1.1-1-1
2435,0.9005789756774902,E5.MAA000907.3_11_M.1.1-1-1
2436,0.4551665186882019,E5.MAA100040.3_11_M.1.1-1-1
2437,1.2147313356399536,E5.MAA100138.3_56_F.1.1-1-1
2438,1.069750189781189,E5.MAA100140.3_57_F.1.1-1-1
2439,0.8078166842460632,E6.MAA000907.3_11_M.1.1-1-1
2440,0.5326975584030151,E6.MAA100042.3_9_M.1.1-1-1
2441,0.5256192684173584,E6.MAA100138.3_56_F.1.1-1-1
2442,0.7838882803916931,E6.MAA100140.3_57_F.1.1-1-1
2443,0.508220374584198,E7.MAA000907.3_11_M.1.1-1-1
2444,0.45949897170066833,E7.MAA100040.3_11_M.1.1-1-1
2445,0.6706213355064392,E7.MAA100138.3_56_F.1.1-1-1
2446,1.720901608467102,E7.MAA100140.3_57_F.1.1-1-1
2447,1.0315947532653809,E8.MAA000907.3_11_M.1.1-1-1
2448,0.49556392431259155,E8.MAA100039.3_11_M.1.1-1-1
2449,0.491606205701828,E8.MAA100040.3_11_M.1.1-1-1
2450,1.2350777387619019,E8.MAA100138.3_56_F.1.1-1-1
2451,1.2193938493728638,E8.MAA100140.3_57_F.1.1-1-1
2452,1.3744791746139526,E9.MAA000907.3_11_M.1.1-1-1
2453,1.3396393060684204,E9.MAA100041.3_9_M.1.1-1-1
2454,0.7861858606338501,E9.MAA100138.3_56_F.1.1-1-1
2455,0.7585180401802063,E9.MAA100140.3_57_F.1.1-1-1
2456,1.7827967405319214,F1.MAA000907.3_11_M.1.1-1-1
2457,0.4755798280239105,F1.MAA100039.3_11_M.1.1-1-1
2458,1.2397106885910034,F1.MAA100138.3_56_F.1.1-1-1
2459,1.216102123260498,F1.MAA100140.3_57_F.1.1-1-1
2460,0.8068447113037109,F10.MAA000377.3_9_M.1.1-1-1
2461,0.874360978603363,F10.MAA100042.3_9_M.1.1-1-1
2462,1.0909383296966553,F10.MAA100138.3_56_F.1.1-1-1
2463,0.6958470940589905,F10.MAA100140.3_57_F.1.1-1-1
2464,0.7640170454978943,F11.MAA000377.3_9_M.1.1-1-1
2465,0.5497046709060669,F11.MAA000907.3_11_M.1.1-1-1
2466,0.7802637219429016,F11.MAA100042.3_9_M.1.1-1-1
2467,0.4949630796909332,F11.MAA100138.3_56_F.1.1-1-1
2468,0.7831108570098877,F12.MAA000907.3_11_M.1.1-1-1
2469,0.4656433165073395,F12.MAA100039.3_11_M.1.1-1-1
2470,0.6766138672828674,F13.MAA000377.3_9_M.1.1-1-1
2471,0.6926564574241638,F13.MAA000907.3_11_M.1.1-1-1
2472,0.5472067594528198,F15.MAA000377.3_9_M.1.1-1-1
2473,1.5664201974868774,F15.MAA000907.3_11_M.1.1-1-1
2474,0.9340041279792786,F16.MAA000377.3_9_M.1.1-1-1
2475,1.0839717388153076,F16.MAA000907.3_11_M.1.1-1-1
2476,0.5118879675865173,F17.MAA000377.3_9_M.1.1-1-1
2477,0.9300373792648315,F17.MAA000907.3_11_M.1.1-1-1
2478,1.2340959310531616,F18.MAA000377.3_9_M.1.1-1-1
2479,0.6351432800292969,F18.MAA000907.3_11_M.1.1-1-1
2480,0.5961834788322449,F19.MAA000377.3_9_M.1.1-1-1
2481,0.7631994485855103,F19.MAA000907.3_11_M.1.1-1-1
2482,0.5581820011138916,F2.MAA000907.3_11_M.1.1-1-1
2483,0.517488420009613,F2.MAA100039.3_11_M.1.1-1-1
2484,1.2716870307922363,F2.MAA100138.3_56_F.1.1-1-1
2485,1.5558454990386963,F2.MAA100140.3_57_F.1.1-1-1
2486,0.64068603515625,F20.MAA000377.3_9_M.1.1-1-1
2487,0.5703157782554626,F20.MAA000907.3_11_M.1.1-1-1
2488,1.5818541049957275,F21.MAA000907.3_11_M.1.1-1-1
2489,0.49198469519615173,F22.MAA000907.3_11_M.1.1-1-1
2490,0.5500755906105042,F3.MAA000907.3_11_M.1.1-1-1
2491,1.1895027160644531,F3.MAA100039.3_11_M.1.1-1-1
2492,1.0999157428741455,F3.MAA100040.3_11_M.1.1-1-1
2493,0.8809888362884521,F3.MAA100042.3_9_M.1.1-1-1
2494,1.7980128526687622,F3.MAA100138.3_56_F.1.1-1-1
2495,0.46897339820861816,F3.MAA100140.3_57_F.1.1-1-1
2496,0.8241494297981262,F4.MAA000907.3_11_M.1.1-1-1
2497,0.8724998831748962,F4.MAA100039.3_11_M.1.1-1-1
2498,0.826007604598999,F4.MAA100042.3_9_M.1.1-1-1
2499,1.8298784494400024,F4.MAA100138.3_56_F.1.1-1-1
2500,1.3977552652359009,F4.MAA100140.3_57_F.1.1-1-1
2501,0.5190854072570801,F5.MAA100039.3_11_M.1.1-1-1
2502,0.4518086016178131,F5.MAA100040.3_11_M.1.1-1-1
2503,0.47146710753440857,F5.MAA100042.3_9_M.1.1-1-1
2504,1.107093095779419,F5.MAA100138.3_56_F.1.1-1-1
2505,0.684442937374115,F5.MAA100140.3_57_F.1.1-1-1
2506,0.8733433485031128,F6.MAA000907.3_11_M.1.1-1-1
2507,0.4905078411102295,F6.MAA100039.3_11_M.1.1-1-1
2508,0.5255086421966553,F6.MAA100040.3_11_M.1.1-1-1
2509,0.5506949424743652,F6.MAA100042.3_9_M.1.1-1-1
2510,1.2950364351272583,F6.MAA100138.3_56_F.1.1-1-1
2511,1.1425073146820068,F6.MAA100140.3_57_F.1.1-1-1
2512,0.5326067209243774,F7.MAA000907.3_11_M.1.1-1-1
2513,0.46083584427833557,F7.MAA100039.3_11_M.1.1-1-1
2514,0.5371001362800598,F7.MAA100040.3_11_M.1.1-1-1
2515,1.138852596282959,F7.MAA100138.3_56_F.1.1-1-1
2516,1.2683866024017334,F7.MAA100140.3_57_F.1.1-1-1
2517,0.5601198077201843,F8.MAA000907.3_11_M.1.1-1-1
2518,0.7820107340812683,F8.MAA100039.3_11_M.1.1-1-1
2519,0.46015283465385437,F8.MAA100040.3_11_M.1.1-1-1
2520,0.6780774593353271,F8.MAA100042.3_9_M.1.1-1-1
2521,1.2169268131256104,F8.MAA100138.3_56_F.1.1-1-1
2522,0.874907910823822,F8.MAA100140.3_57_F.1.1-1-1
2523,0.5348053574562073,F9.MAA100039.3_11_M.1.1-1-1
2524,0.6165822744369507,F9.MAA100040.3_11_M.1.1-1-1
2525,1.176085352897644,F9.MAA100042.3_9_M.1.1-1-1
2526,1.6135303974151611,F9.MAA100138.3_56_F.1.1-1-1
2527,1.0937745571136475,F9.MAA100140.3_57_F.1.1-1-1
2528,1.2526614665985107,G1.MAA000907.3_11_M.1.1-1-1
2529,1.6807242631912231,G1.MAA100042.3_9_M.1.1-1-1
2530,1.2343143224716187,G1.MAA100140.3_57_F.1.1-1-1
2531,0.4706987738609314,G10.MAA100039.3_11_M.1.1-1-1
2532,1.2250852584838867,G10.MAA100138.3_56_F.1.1-1-1
2533,1.0947564840316772,G10.MAA100140.3_57_F.1.1-1-1
2534,0.7651002407073975,G11.MAA000377.3_9_M.1.1-1-1
2535,1.374800205230713,G11.MAA000907.3_11_M.1.1-1-1
2536,0.5583169460296631,G11.MAA100039.3_11_M.1.1-1-1
2537,1.382035732269287,G11.MAA100138.3_56_F.1.1-1-1
2538,0.7660838961601257,G11.MAA100140.3_57_F.1.1-1-1
2539,0.5194398760795593,G12.MAA100039.3_11_M.1.1-1-1
2540,0.5286612510681152,G13.MAA000377.3_9_M.1.1-1-1
2541,1.1948918104171753,G15.MAA000377.3_9_M.1.1-1-1
2542,0.5751832127571106,G15.MAA000907.3_11_M.1.1-1-1
2543,0.49909594655036926,G16.MAA000907.3_11_M.1.1-1-1
2544,0.7979154586791992,G18.MAA000377.3_9_M.1.1-1-1
2545,1.0000938177108765,G18.MAA000907.3_11_M.1.1-1-1
2546,1.5017640590667725,G19.MAA000377.3_9_M.1.1-1-1
2547,0.8736199140548706,G19.MAA000907.3_11_M.1.1-1-1
2548,0.9120073914527893,G2.MAA000907.3_11_M.1.1-1-1
2549,1.7750537395477295,G2.MAA100040.3_11_M.1.1-1-1
2550,1.3626377582550049,G2.MAA100138.3_56_F.1.1-1-1
2551,1.5172114372253418,G20.MAA000907.3_11_M.1.1-1-1
2552,1.0448429584503174,G21.MAA000907.3_11_M.1.1-1-1
2553,1.0600013732910156,G22.MAA000907.3_11_M.1.1-1-1
2554,1.023587942123413,G3.MAA100042.3_9_M.1.1-1-1
2555,0.7911695241928101,G3.MAA100140.3_57_F.1.1-1-1
2556,0.8605972528457642,G4.MAA000907.3_11_M.1.1-1-1
2557,0.4553478956222534,G4.MAA100039.3_11_M.1.1-1-1
2558,0.5194288492202759,G4.MAA100040.3_11_M.1.1-1-1
2559,0.9098937511444092,G4.MAA100042.3_9_M.1.1-1-1
2560,1.1007634401321411,G4.MAA100138.3_56_F.1.1-1-1
2561,0.7001919746398926,G4.MAA100140.3_57_F.1.1-1-1
2562,0.5107662677764893,G5.MAA000907.3_11_M.1.1-1-1
2563,0.47816887497901917,G5.MAA100040.3_11_M.1.1-1-1
2564,1.6749616861343384,G5.MAA100138.3_56_F.1.1-1-1
2565,0.9787565469741821,G6.MAA000907.3_11_M.1.1-1-1
2566,0.6641139984130859,G6.MAA100039.3_11_M.1.1-1-1
2567,0.458237886428833,G6.MAA100040.3_11_M.1.1-1-1
2568,0.6624212265014648,G6.MAA100138.3_56_F.1.1-1-1
2569,1.3476827144622803,G6.MAA100140.3_57_F.1.1-1-1
2570,0.6118867993354797,G7.MAA000907.3_11_M.1.1-1-1
2571,0.4962860941886902,G7.MAA100039.3_11_M.1.1-1-1
2572,0.7850135564804077,G7.MAA100040.3_11_M.1.1-1-1
2573,0.749584436416626,G7.MAA100042.3_9_M.1.1-1-1
2574,0.7596709728240967,G7.MAA100138.3_56_F.1.1-1-1
2575,0.6100355982780457,G8.MAA100039.3_11_M.1.1-1-1
2576,1.0822921991348267,G8.MAA100042.3_9_M.1.1-1-1
2577,1.421038031578064,G8.MAA100138.3_56_F.1.1-1-1
2578,1.3969942331314087,G8.MAA100140.3_57_F.1.1-1-1
2579,0.5643925070762634,G9.MAA000907.3_11_M.1.1-1-1
2580,0.4978449046611786,G9.MAA100039.3_11_M.1.1-1-1
2581,0.6990376710891724,G9.MAA100042.3_9_M.1.1-1-1
2582,1.0266151428222656,G9.MAA100138.3_56_F.1.1-1-1
2583,0.6082592010498047,H1.MAA000907.3_11_M.1.1-1-1
2584,0.4619736969470978,H1.MAA100039.3_11_M.1.1-1-1
2585,1.7619656324386597,H1.MAA100041.3_9_M.1.1-1-1
2586,0.4814078211784363,H1.MAA100042.3_9_M.1.1-1-1
2587,1.1057674884796143,H1.MAA100138.3_56_F.1.1-1-1
2588,1.0721840858459473,H1.MAA100140.3_57_F.1.1-1-1
2589,0.8609893918037415,H10.MAA000907.3_11_M.1.1-1-1
2590,0.5030864477157593,H10.MAA100039.3_11_M.1.1-1-1
2591,1.5358961820602417,H10.MAA100041.3_9_M.1.1-1-1
2592,0.5228275060653687,H11.MAA000907.3_11_M.1.1-1-1
2593,0.5843335390090942,H11.MAA100039.3_11_M.1.1-1-1
2594,0.6338868737220764,H11.MAA100040.3_11_M.1.1-1-1
2595,1.0749216079711914,H11.MAA100041.3_9_M.1.1-1-1
2596,1.6606743335723877,H11.MAA100138.3_56_F.1.1-1-1
2597,1.0208958387374878,H11.MAA100140.3_57_F.1.1-1-1
2598,2.234467029571533,H12.MAA000377.3_9_M.1.1-1-1
2599,0.596349835395813,H12.MAA000907.3_11_M.1.1-1-1
2600,0.6071065664291382,H12.MAA100040.3_11_M.1.1-1-1
2601,1.2600823640823364,H12.MAA100041.3_9_M.1.1-1-1
2602,1.0784052610397339,H12.MAA100042.3_9_M.1.1-1-1
2603,1.3157024383544922,H12.MAA100138.3_56_F.1.1-1-1
2604,1.1385300159454346,H12.MAA100140.3_57_F.1.1-1-1
2605,1.2523223161697388,H13.MAA000377.3_9_M.1.1-1-1
2606,0.5432690382003784,H13.MAA000907.3_11_M.1.1-1-1
2607,0.8007360100746155,H14.MAA000377.3_9_M.1.1-1-1
2608,0.4516032636165619,H14.MAA000907.3_11_M.1.1-1-1
2609,0.9971913695335388,H15.MAA000907.3_11_M.1.1-1-1
2610,0.8487604856491089,H16.MAA000377.3_9_M.1.1-1-1
2611,0.6399479508399963,H16.MAA000907.3_11_M.1.1-1-1
2612,1.9148191213607788,H17.MAA000377.3_9_M.1.1-1-1
2613,0.9140533804893494,H17.MAA000907.3_11_M.1.1-1-1
2614,0.7003687024116516,H18.MAA000907.3_11_M.1.1-1-1
2615,0.7926130890846252,H2.MAA000907.3_11_M.1.1-1-1
2616,0.5004238486289978,H2.MAA100039.3_11_M.1.1-1-1
2617,0.7772552967071533,H2.MAA100041.3_9_M.1.1-1-1
2618,0.5125871300697327,H2.MAA100042.3_9_M.1.1-1-1
2619,1.2427383661270142,H2.MAA100138.3_56_F.1.1-1-1
2620,1.6394495964050293,H2.MAA100140.3_57_F.1.1-1-1
2621,0.6703271865844727,H20.MAA000377.3_9_M.1.1-1-1
2622,0.5357337594032288,H20.MAA000907.3_11_M.1.1-1-1
2623,2.0897345542907715,H22.MAA000907.3_11_M.1.1-1-1
2624,0.6548696160316467,H3.MAA000377.3_9_M.1.1-1-1
2625,0.6279676556587219,H3.MAA000907.3_11_M.1.1-1-1
2626,0.4835403859615326,H3.MAA100040.3_11_M.1.1-1-1
2627,0.612877368927002,H3.MAA100041.3_9_M.1.1-1-1
2628,1.1537994146347046,H3.MAA100138.3_56_F.1.1-1-1
2629,1.1162095069885254,H3.MAA100140.3_57_F.1.1-1-1
2630,0.46785756945610046,H4.MAA100039.3_11_M.1.1-1-1
2631,1.2065370082855225,H4.MAA100140.3_57_F.1.1-1-1
2632,0.603704571723938,H5.MAA000907.3_11_M.1.1-1-1
2633,0.506070077419281,H5.MAA100042.3_9_M.1.1-1-1
2634,1.444808840751648,H5.MAA100138.3_56_F.1.1-1-1
2635,0.5595889687538147,H5.MAA100140.3_57_F.1.1-1-1
2636,0.5168312191963196,H6.MAA000907.3_11_M.1.1-1-1
2637,1.1998611688613892,H6.MAA100042.3_9_M.1.1-1-1
2638,0.923068106174469,H6.MAA100138.3_56_F.1.1-1-1
2639,0.7156469225883484,H6.MAA100140.3_57_F.1.1-1-1
2640,1.4656987190246582,H7.MAA000907.3_11_M.1.1-1-1
2641,0.6025781631469727,H7.MAA100039.3_11_M.1.1-1-1
2642,0.9154510498046875,H7.MAA100140.3_57_F.1.1-1-1
2643,0.5673288106918335,H8.MAA100039.3_11_M.1.1-1-1
2644,0.6008625626564026,H8.MAA100041.3_9_M.1.1-1-1
2645,0.5084667205810547,H8.MAA100138.3_56_F.1.1-1-1
2646,0.725989818572998,H9.MAA000907.3_11_M.1.1-1-1
2647,1.31693434715271,H9.MAA100041.3_9_M.1.1-1-1
2648,0.5047418475151062,H9.MAA100042.3_9_M.1.1-1-1
2649,0.6004272699356079,H9.MAA100138.3_56_F.1.1-1-1
2650,1.3834033012390137,H9.MAA100140.3_57_F.1.1-1-1
2651,0.5388110280036926,I1.MAA000907.3_11_M.1.1-1-1
2652,0.813869059085846,I10.MAA000907.3_11_M.1.1-1-1
2653,0.9889201521873474,I14.MAA000377.3_9_M.1.1-1-1
2654,0.5732866525650024,I14.MAA000907.3_11_M.1.1-1-1
2655,0.5574188828468323,I15.MAA000377.3_9_M.1.1-1-1
2656,0.5575252175331116,I16.MAA000907.3_11_M.1.1-1-1
2657,0.5330165028572083,I18.MAA000907.3_11_M.1.1-1-1
2658,0.5181936025619507,I19.MAA000907.3_11_M.1.1-1-1
2659,1.327240228652954,I2.MAA000907.3_11_M.1.1-1-1
2660,0.5884479880332947,I20.MAA000907.3_11_M.1.1-1-1
2661,0.6106990575790405,I21.MAA000907.3_11_M.1.1-1-1
2662,1.8832066059112549,I22.MAA000377.3_9_M.1.1-1-1
2663,1.4501804113388062,I22.MAA000907.3_11_M.1.1-1-1
2664,0.7494032382965088,I4.MAA000907.3_11_M.1.1-1-1
2665,0.7252561450004578,I7.MAA000907.3_11_M.1.1-1-1
2666,0.4529419541358948,I8.MAA000907.3_11_M.1.1-1-1
2667,1.0397342443466187,I9.MAA000377.3_9_M.1.1-1-1
2668,0.6712440252304077,I9.MAA000907.3_11_M.1.1-1-1
2669,0.7237470149993896,J1.MAA000907.3_11_M.1.1-1-1
2670,0.5913129448890686,J10.MAA000907.3_11_M.1.1-1-1
2671,0.5078337788581848,J11.MAA000907.3_11_M.1.1-1-1
2672,1.2498403787612915,J12.MAA000377.3_9_M.1.1-1-1
2673,0.595750629901886,J12.MAA000907.3_11_M.1.1-1-1
2674,0.679051399230957,J13.MAA000907.3_11_M.1.1-1-1
2675,0.5270105004310608,J14.MAA000907.3_11_M.1.1-1-1
2676,0.5674446225166321,J15.MAA000907.3_11_M.1.1-1-1
2677,0.7687032222747803,J16.MAA000377.3_9_M.1.1-1-1
2678,0.5567982792854309,J16.MAA000907.3_11_M.1.1-1-1
2679,0.6274887919425964,J17.MAA000377.3_9_M.1.1-1-1
2680,0.5778666138648987,J17.MAA000907.3_11_M.1.1-1-1
2681,0.6549186706542969,J18.MAA000377.3_9_M.1.1-1-1
2682,0.9859502911567688,J19.MAA000907.3_11_M.1.1-1-1
2683,0.5686174035072327,J2.MAA000907.3_11_M.1.1-1-1
2684,1.5927999019622803,J20.MAA000377.3_9_M.1.1-1-1
2685,0.6174563765525818,J20.MAA000907.3_11_M.1.1-1-1
2686,0.6664238572120667,J21.MAA000377.3_9_M.1.1-1-1
2687,0.6792799234390259,J21.MAA000907.3_11_M.1.1-1-1
2688,0.7730882167816162,J22.MAA000377.3_9_M.1.1-1-1
2689,1.3073198795318604,J4.MAA000907.3_11_M.1.1-1-1
2690,1.0160661935806274,J5.MAA000907.3_11_M.1.1-1-1
2691,0.5250548720359802,J7.MAA000907.3_11_M.1.1-1-1
2692,1.0588185787200928,J8.MAA000907.3_11_M.1.1-1-1
2693,0.6516672968864441,J9.MAA000907.3_11_M.1.1-1-1
2694,1.4451398849487305,K1.MAA000907.3_11_M.1.1-1-1
2695,0.4743696451187134,K10.MAA000907.3_11_M.1.1-1-1
2696,0.7118763327598572,K11.MAA000377.3_9_M.1.1-1-1
2697,0.4503539204597473,K11.MAA000907.3_11_M.1.1-1-1
2698,0.9333202838897705,K13.MAA000377.3_9_M.1.1-1-1
2699,0.5534393191337585,K13.MAA000907.3_11_M.1.1-1-1
2700,0.6868399977684021,K14.MAA000377.3_9_M.1.1-1-1
2701,0.7361524701118469,K14.MAA000907.3_11_M.1.1-1-1
2702,0.5893078446388245,K15.MAA000377.3_9_M.1.1-1-1
2703,1.007051706314087,K15.MAA000907.3_11_M.1.1-1-1
2704,1.1181623935699463,K17.MAA000377.3_9_M.1.1-1-1
2705,0.9580855369567871,K17.MAA000907.3_11_M.1.1-1-1
2706,2.419757127761841,K18.MAA000377.3_9_M.1.1-1-1
2707,0.5700121521949768,K18.MAA000907.3_11_M.1.1-1-1
2708,0.5330151319503784,K2.MAA000907.3_11_M.1.1-1-1
2709,0.624958336353302,K20.MAA000907.3_11_M.1.1-1-1
2710,0.5536995530128479,K21.MAA000907.3_11_M.1.1-1-1
2711,0.49693763256073,K22.MAA000907.3_11_M.1.1-1-1
2712,0.5237734913825989,K3.MAA000907.3_11_M.1.1-1-1
2713,0.7241316437721252,K4.MAA000907.3_11_M.1.1-1-1
2714,1.0271726846694946,K5.MAA000907.3_11_M.1.1-1-1
2715,0.8358511924743652,K6.MAA000907.3_11_M.1.1-1-1
2716,1.0162595510482788,K7.MAA000907.3_11_M.1.1-1-1
2717,0.6902304291725159,K8.MAA000907.3_11_M.1.1-1-1
2718,0.5519677400588989,K9.MAA000377.3_9_M.1.1-1-1
2719,2.29085373878479,K9.MAA000907.3_11_M.1.1-1-1
2720,0.9029043912887573,L1.MAA000907.3_11_M.1.1-1-1
2721,0.47181224822998047,L10.MAA000907.3_11_M.1.1-1-1
2722,1.1700490713119507,L11.MAA000377.3_9_M.1.1-1-1
2723,0.6410636901855469,L11.MAA000907.3_11_M.1.1-1-1
2724,1.4850313663482666,L12.MAA000377.3_9_M.1.1-1-1
2725,1.1441981792449951,L12.MAA000907.3_11_M.1.1-1-1
2726,1.2711386680603027,L13.MAA000377.3_9_M.1.1-1-1
2727,0.7747342586517334,L13.MAA000907.3_11_M.1.1-1-1
2728,0.6323133707046509,L14.MAA000907.3_11_M.1.1-1-1
2729,2.2697842121124268,L15.MAA000377.3_9_M.1.1-1-1
2730,0.6775421500205994,L15.MAA000907.3_11_M.1.1-1-1
2731,0.5581306219100952,L16.MAA000907.3_11_M.1.1-1-1
2732,1.2732505798339844,L17.MAA000907.3_11_M.1.1-1-1
2733,0.5040647983551025,L18.MAA000907.3_11_M.1.1-1-1
2734,0.5860040783882141,L19.MAA000907.3_11_M.1.1-1-1
2735,0.5953454375267029,L2.MAA000907.3_11_M.1.1-1-1
2736,0.8349117040634155,L20.MAA000907.3_11_M.1.1-1-1
2737,0.6600701212882996,L21.MAA000907.3_11_M.1.1-1-1
2738,0.47370365262031555,L22.MAA000907.3_11_M.1.1-1-1
2739,0.8270203471183777,L3.MAA000907.3_11_M.1.1-1-1
2740,0.49956512451171875,L4.MAA000907.3_11_M.1.1-1-1
2741,0.5652006268501282,L5.MAA000907.3_11_M.1.1-1-1
2742,0.9631768465042114,L6.MAA000907.3_11_M.1.1-1-1
2743,1.3325949907302856,L7.MAA000377.3_9_M.1.1-1-1
2744,0.6157093048095703,L7.MAA000907.3_11_M.1.1-1-1
2745,0.636861264705658,L8.MAA000907.3_11_M.1.1-1-1
2746,1.1424874067306519,L9.MAA000377.3_9_M.1.1-1-1
2747,0.6031448841094971,L9.MAA000907.3_11_M.1.1-1-1
2748,1.2497996091842651,M1.MAA000907.3_11_M.1.1-1-1
2749,2.7814080715179443,M10.MAA000377.3_9_M.1.1-1-1
2750,0.9193633794784546,M10.MAA000907.3_11_M.1.1-1-1
2751,0.6282821893692017,M11.MAA000907.3_11_M.1.1-1-1
2752,0.4762571156024933,M12.MAA000907.3_11_M.1.1-1-1
2753,0.6279229521751404,M13.MAA000907.3_11_M.1.1-1-1
2754,1.1273753643035889,M14.MAA000907.3_11_M.1.1-1-1
2755,1.000913381576538,M15.MAA000377.3_9_M.1.1-1-1
2756,0.872951865196228,M15.MAA000907.3_11_M.1.1-1-1
2757,1.7317534685134888,M16.MAA000377.3_9_M.1.1-1-1
2758,0.6027876138687134,M16.MAA000907.3_11_M.1.1-1-1
2759,1.3441898822784424,M17.MAA000907.3_11_M.1.1-1-1
2760,1.143435001373291,M18.MAA000907.3_11_M.1.1-1-1
2761,0.48795971274375916,M2.MAA000377.3_9_M.1.1-1-1
2762,1.0861399173736572,M2.MAA000907.3_11_M.1.1-1-1
2763,0.6885372400283813,M20.MAA000907.3_11_M.1.1-1-1
2764,0.5208260416984558,M21.MAA000907.3_11_M.1.1-1-1
2765,0.6343069076538086,M22.MAA000907.3_11_M.1.1-1-1
2766,0.4516904652118683,M3.MAA000907.3_11_M.1.1-1-1
2767,0.6775429248809814,M4.MAA000907.3_11_M.1.1-1-1
2768,0.8075831532478333,M6.MAA000907.3_11_M.1.1-1-1
2769,0.6160898208618164,M7.MAA000907.3_11_M.1.1-1-1
2770,1.1825339794158936,M8.MAA000907.3_11_M.1.1-1-1
2771,1.533082127571106,M9.MAA000907.3_11_M.1.1-1-1
2772,0.8561326265335083,N1.MAA000907.3_11_M.1.1-1-1
2773,1.0641841888427734,N10.MAA000907.3_11_M.1.1-1-1
2774,0.8504395484924316,N11.MAA000377.3_9_M.1.1-1-1
2775,0.504838764667511,N11.MAA000907.3_11_M.1.1-1-1
2776,0.5635135769844055,N12.MAA000907.3_11_M.1.1-1-1
2777,0.5154814124107361,N14.MAA000907.3_11_M.1.1-1-1
2778,0.9432178735733032,N15.MAA000377.3_9_M.1.1-1-1
2779,1.1631903648376465,N15.MAA000907.3_11_M.1.1-1-1
2780,0.610561192035675,N16.MAA000377.3_9_M.1.1-1-1
2781,1.2640507221221924,N16.MAA000907.3_11_M.1.1-1-1
2782,0.5100998878479004,N17.MAA000907.3_11_M.1.1-1-1
2783,0.5472259521484375,N18.MAA000907.3_11_M.1.1-1-1
2784,0.593062698841095,N19.MAA000907.3_11_M.1.1-1-1
2785,0.5641336441040039,N2.MAA000907.3_11_M.1.1-1-1
2786,0.5062063336372375,N20.MAA000377.3_9_M.1.1-1-1
2787,0.8908805847167969,N20.MAA000907.3_11_M.1.1-1-1
2788,0.6243593096733093,N21.MAA000377.3_9_M.1.1-1-1
2789,0.8668742179870605,N21.MAA000907.3_11_M.1.1-1-1
2790,0.5781015753746033,N22.MAA000377.3_9_M.1.1-1-1
2791,0.8547562956809998,N22.MAA000907.3_11_M.1.1-1-1
2792,0.9168190360069275,N3.MAA000907.3_11_M.1.1-1-1
2793,0.6997138857841492,N4.MAA000377.3_9_M.1.1-1-1
2794,0.7423683404922485,N4.MAA000907.3_11_M.1.1-1-1
2795,0.5083041191101074,N5.MAA000907.3_11_M.1.1-1-1
2796,0.9267257452011108,N6.MAA000907.3_11_M.1.1-1-1
2797,0.5790387392044067,N7.MAA000377.3_9_M.1.1-1-1
2798,0.5637142062187195,N7.MAA000907.3_11_M.1.1-1-1
2799,0.585654616355896,N8.MAA000907.3_11_M.1.1-1-1
2800,0.8951869010925293,N9.MAA000907.3_11_M.1.1-1-1
2801,0.6481888294219971,O1.MAA000907.3_11_M.1.1-1-1
2802,0.5343224406242371,O11.MAA000377.3_9_M.1.1-1-1
2803,0.9800339341163635,O11.MAA000907.3_11_M.1.1-1-1
2804,0.8103881478309631,O12.MAA000377.3_9_M.1.1-1-1
2805,0.6794569492340088,O13.MAA000907.3_11_M.1.1-1-1
2806,0.5031093955039978,O14.MAA000377.3_9_M.1.1-1-1
2807,0.45171186327934265,O14.MAA000907.3_11_M.1.1-1-1
2808,1.0441070795059204,O15.MAA000907.3_11_M.1.1-1-1
2809,0.6478832960128784,O16.MAA000907.3_11_M.1.1-1-1
2810,0.6158862709999084,O17.MAA000907.3_11_M.1.1-1-1
2811,0.5620319247245789,O18.MAA000907.3_11_M.1.1-1-1
2812,0.6422179937362671,O19.MAA000377.3_9_M.1.1-1-1
2813,0.7419767379760742,O19.MAA000907.3_11_M.1.1-1-1
2814,2.726668357849121,O2.MAA000907.3_11_M.1.1-1-1
2815,0.8868889808654785,O20.MAA000377.3_9_M.1.1-1-1
2816,0.5098819732666016,O20.MAA000907.3_11_M.1.1-1-1
2817,1.6115543842315674,O21.MAA000377.3_9_M.1.1-1-1
2818,3.0127015113830566,O21.MAA000907.3_11_M.1.1-1-1
2819,0.9209113717079163,O22.MAA000377.3_9_M.1.1-1-1
2820,0.8606378436088562,O22.MAA000907.3_11_M.1.1-1-1
2821,0.9504850506782532,O3.MAA000907.3_11_M.1.1-1-1
2822,0.8413186073303223,O4.MAA000907.3_11_M.1.1-1-1
2823,0.5534545183181763,O5.MAA000907.3_11_M.1.1-1-1
2824,0.7858898043632507,O6.MAA000907.3_11_M.1.1-1-1
2825,0.5477317571640015,O7.MAA000377.3_9_M.1.1-1-1
2826,0.6496390104293823,O7.MAA000907.3_11_M.1.1-1-1
2827,0.8917582035064697,O8.MAA000907.3_11_M.1.1-1-1
2828,1.083869457244873,O9.MAA000377.3_9_M.1.1-1-1
2829,1.5708131790161133,O9.MAA000907.3_11_M.1.1-1-1
2830,0.5167505145072937,P1.MAA000907.3_11_M.1.1-1-1
2831,0.5054712295532227,P10.MAA000907.3_11_M.1.1-1-1
2832,0.5248398184776306,P11.MAA000907.3_11_M.1.1-1-1
2833,0.5848689079284668,P12.MAA000907.3_11_M.1.1-1-1
2834,0.5241068601608276,P13.MAA000907.3_11_M.1.1-1-1
2835,0.5138343572616577,P14.MAA000907.3_11_M.1.1-1-1
2836,0.5611388683319092,P15.MAA000377.3_9_M.1.1-1-1
2837,0.5109678506851196,P15.MAA000907.3_11_M.1.1-1-1
2838,0.6712155342102051,P16.MAA000377.3_9_M.1.1-1-1
2839,0.5469433069229126,P16.MAA000907.3_11_M.1.1-1-1
2840,0.5313877463340759,P17.MAA000377.3_9_M.1.1-1-1
2841,0.5318009853363037,P17.MAA000907.3_11_M.1.1-1-1
2842,0.5935823917388916,P18.MAA000377.3_9_M.1.1-1-1
2843,0.5744041800498962,P18.MAA000907.3_11_M.1.1-1-1
2844,0.5778065323829651,P19.MAA000907.3_11_M.1.1-1-1
2845,0.4932323098182678,P2.MAA000907.3_11_M.1.1-1-1
2846,0.6527305841445923,P20.MAA000907.3_11_M.1.1-1-1
2847,0.9486702680587769,P21.MAA000377.3_9_M.1.1-1-1
2848,1.2877025604248047,P21.MAA000907.3_11_M.1.1-1-1
2849,0.5023181438446045,P22.MAA000377.3_9_M.1.1-1-1
2850,0.9590041041374207,P22.MAA000907.3_11_M.1.1-1-1
2851,0.7459461092948914,P3.MAA000377.3_9_M.1.1-1-1
2852,0.6153796315193176,P3.MAA000907.3_11_M.1.1-1-1
2853,0.5205327272415161,P4.MAA000907.3_11_M.1.1-1-1
2854,0.6311184763908386,P5.MAA000907.3_11_M.1.1-1-1
2855,0.9413174390792847,P6.MAA000907.3_11_M.1.1-1-1
2856,1.2661441564559937,P7.MAA000907.3_11_M.1.1-1-1
2857,0.5458930730819702,P8.MAA000907.3_11_M.1.1-1-1
2858,0.5395109057426453,P9.MAA000907.3_11_M.1.1-1-1
