cell_index,cell_id,predicted_label,true_label,aligned_predicted_label,batch
0,human1_lib1.final_cell_0001,12,acinar,acinar,inDrop1
1,human1_lib1.final_cell_0002,13,acinar,Unmatched_13,inDrop1
2,human1_lib1.final_cell_0003,12,acinar,acinar,inDrop1
3,human1_lib1.final_cell_0004,13,acinar,Unmatched_13,inDrop1
4,human1_lib1.final_cell_0005,13,acinar,Unmatched_13,inDrop1
5,human1_lib1.final_cell_0006,12,acinar,acinar,inDrop1
6,human1_lib1.final_cell_0007,20,beta,beta,inDrop1
7,human1_lib1.final_cell_0008,12,acinar,acinar,inDrop1
8,human1_lib1.final_cell_0009,13,acinar,Unmatched_13,inDrop1
9,human1_lib1.final_cell_0010,13,acinar,Unmatched_13,inDrop1
10,human1_lib1.final_cell_0011,23,acinar,epsilon,inDrop1
11,human1_lib1.final_cell_0012,12,acinar,acinar,inDrop1
12,human1_lib1.final_cell_0013,3,delta,delta,inDrop1
13,human1_lib1.final_cell_0014,3,delta,delta,inDrop1
14,human1_lib1.final_cell_0015,22,beta,Unmatched_22,inDrop1
15,human1_lib1.final_cell_0016,7,activated_stellate,activated_stellate,inDrop1
16,human1_lib1.final_cell_0017,20,beta,beta,inDrop1
17,human1_lib1.final_cell_0018,12,acinar,acinar,inDrop1
18,human1_lib1.final_cell_0019,1,ductal,ductal,inDrop1
19,human1_lib1.final_cell_0020,20,beta,beta,inDrop1
20,human1_lib1.final_cell_0021,20,beta,beta,inDrop1
21,human1_lib1.final_cell_0022,17,alpha,alpha,inDrop1
22,human1_lib1.final_cell_0023,1,ductal,ductal,inDrop1
23,human1_lib1.final_cell_0024,20,beta,beta,inDrop1
24,human1_lib1.final_cell_0025,3,delta,delta,inDrop1
25,human1_lib1.final_cell_0026,17,alpha,alpha,inDrop1
26,human1_lib1.final_cell_0027,20,beta,beta,inDrop1
27,human1_lib1.final_cell_0028,13,acinar,Unmatched_13,inDrop1
28,human1_lib1.final_cell_0029,12,acinar,acinar,inDrop1
29,human1_lib1.final_cell_0030,20,beta,beta,inDrop1
30,human1_lib1.final_cell_0031,3,delta,delta,inDrop1
31,human1_lib1.final_cell_0032,3,delta,delta,inDrop1
32,human1_lib1.final_cell_0033,3,delta,delta,inDrop1
33,human1_lib1.final_cell_0034,3,delta,delta,inDrop1
34,human1_lib1.final_cell_0035,20,beta,beta,inDrop1
35,human1_lib1.final_cell_0036,13,acinar,Unmatched_13,inDrop1
36,human1_lib1.final_cell_0037,20,beta,beta,inDrop1
37,human1_lib1.final_cell_0038,20,beta,beta,inDrop1
38,human1_lib1.final_cell_0039,22,beta,Unmatched_22,inDrop1
39,human1_lib1.final_cell_0040,3,delta,delta,inDrop1
40,human1_lib1.final_cell_0041,7,activated_stellate,activated_stellate,inDrop1
41,human1_lib1.final_cell_0042,20,beta,beta,inDrop1
42,human1_lib1.final_cell_0043,3,delta,delta,inDrop1
43,human1_lib1.final_cell_0044,7,activated_stellate,activated_stellate,inDrop1
44,human1_lib1.final_cell_0045,7,activated_stellate,activated_stellate,inDrop1
45,human1_lib1.final_cell_0046,7,activated_stellate,activated_stellate,inDrop1
46,human1_lib1.final_cell_0047,12,acinar,acinar,inDrop1
47,human1_lib1.final_cell_0048,7,activated_stellate,activated_stellate,inDrop1
48,human1_lib1.final_cell_0049,3,delta,delta,inDrop1
49,human1_lib1.final_cell_0050,20,beta,beta,inDrop1
50,human1_lib1.final_cell_0051,3,delta,delta,inDrop1
51,human1_lib1.final_cell_0052,20,beta,beta,inDrop1
52,human1_lib1.final_cell_0053,13,acinar,Unmatched_13,inDrop1
53,human1_lib1.final_cell_0054,20,beta,beta,inDrop1
54,human1_lib1.final_cell_0055,20,beta,beta,inDrop1
55,human1_lib1.final_cell_0056,7,activated_stellate,activated_stellate,inDrop1
56,human1_lib1.final_cell_0057,20,beta,beta,inDrop1
57,human1_lib1.final_cell_0058,20,beta,beta,inDrop1
58,human1_lib1.final_cell_0059,20,beta,beta,inDrop1
59,human1_lib1.final_cell_0060,22,beta,Unmatched_22,inDrop1
60,human1_lib1.final_cell_0061,1,ductal,ductal,inDrop1
61,human1_lib1.final_cell_0062,17,alpha,alpha,inDrop1
62,human1_lib1.final_cell_0063,22,beta,Unmatched_22,inDrop1
63,human1_lib1.final_cell_0064,1,ductal,ductal,inDrop1
64,human1_lib1.final_cell_0065,1,ductal,ductal,inDrop1
65,human1_lib1.final_cell_0066,12,acinar,acinar,inDrop1
66,human1_lib1.final_cell_0067,17,alpha,alpha,inDrop1
67,human1_lib1.final_cell_0068,20,beta,beta,inDrop1
68,human1_lib1.final_cell_0069,3,delta,delta,inDrop1
69,human1_lib1.final_cell_0070,17,alpha,alpha,inDrop1
70,human1_lib1.final_cell_0071,22,beta,Unmatched_22,inDrop1
71,human1_lib1.final_cell_0072,22,beta,Unmatched_22,inDrop1
72,human1_lib1.final_cell_0073,23,beta,epsilon,inDrop1
73,human1_lib1.final_cell_0074,3,delta,delta,inDrop1
74,human1_lib1.final_cell_0075,20,beta,beta,inDrop1
75,human1_lib1.final_cell_0076,20,beta,beta,inDrop1
76,human1_lib1.final_cell_0077,3,delta,delta,inDrop1
77,human1_lib1.final_cell_0078,23,beta,epsilon,inDrop1
78,human1_lib1.final_cell_0079,20,beta,beta,inDrop1
79,human1_lib1.final_cell_0080,20,beta,beta,inDrop1
80,human1_lib1.final_cell_0081,20,beta,beta,inDrop1
81,human1_lib1.final_cell_0082,20,beta,beta,inDrop1
82,human1_lib1.final_cell_0083,20,beta,beta,inDrop1
83,human1_lib1.final_cell_0084,12,acinar,acinar,inDrop1
84,human1_lib1.final_cell_0085,7,activated_stellate,activated_stellate,inDrop1
85,human1_lib1.final_cell_0086,3,delta,delta,inDrop1
86,human1_lib1.final_cell_0087,3,delta,delta,inDrop1
87,human1_lib1.final_cell_0088,20,beta,beta,inDrop1
88,human1_lib1.final_cell_0089,22,beta,Unmatched_22,inDrop1
89,human1_lib1.final_cell_0090,20,beta,beta,inDrop1
90,human1_lib1.final_cell_0091,20,beta,beta,inDrop1
91,human1_lib1.final_cell_0092,20,beta,beta,inDrop1
92,human1_lib1.final_cell_0093,20,beta,beta,inDrop1
93,human1_lib1.final_cell_0094,20,beta,beta,inDrop1
94,human1_lib1.final_cell_0095,20,beta,beta,inDrop1
95,human1_lib1.final_cell_0096,22,beta,Unmatched_22,inDrop1
96,human1_lib1.final_cell_0097,20,beta,beta,inDrop1
97,human1_lib1.final_cell_0098,3,delta,delta,inDrop1
98,human1_lib1.final_cell_0099,3,delta,delta,inDrop1
99,human1_lib1.final_cell_0100,20,beta,beta,inDrop1
100,human1_lib1.final_cell_0101,3,delta,delta,inDrop1
101,human1_lib1.final_cell_0102,17,alpha,alpha,inDrop1
102,human1_lib1.final_cell_0103,17,alpha,alpha,inDrop1
103,human1_lib1.final_cell_0104,3,delta,delta,inDrop1
104,human1_lib1.final_cell_0105,20,beta,beta,inDrop1
105,human1_lib1.final_cell_0106,20,beta,beta,inDrop1
106,human1_lib1.final_cell_0107,23,beta,epsilon,inDrop1
107,human1_lib1.final_cell_0108,20,beta,beta,inDrop1
108,human1_lib1.final_cell_0109,13,acinar,Unmatched_13,inDrop1
109,human1_lib1.final_cell_0110,3,delta,delta,inDrop1
110,human1_lib1.final_cell_0111,20,beta,beta,inDrop1
111,human1_lib1.final_cell_0112,23,beta,epsilon,inDrop1
112,human1_lib1.final_cell_0113,3,delta,delta,inDrop1
113,human1_lib1.final_cell_0114,20,beta,beta,inDrop1
114,human1_lib1.final_cell_0115,20,beta,beta,inDrop1
115,human1_lib1.final_cell_0116,20,beta,beta,inDrop1
116,human1_lib1.final_cell_0117,3,delta,delta,inDrop1
117,human1_lib1.final_cell_0118,20,beta,beta,inDrop1
118,human1_lib1.final_cell_0119,3,delta,delta,inDrop1
119,human1_lib1.final_cell_0120,20,beta,beta,inDrop1
120,human1_lib1.final_cell_0121,20,beta,beta,inDrop1
121,human1_lib1.final_cell_0122,23,beta,epsilon,inDrop1
122,human1_lib1.final_cell_0123,3,epsilon,delta,inDrop1
123,human1_lib1.final_cell_0124,20,beta,beta,inDrop1
124,human1_lib1.final_cell_0125,20,beta,beta,inDrop1
125,human1_lib1.final_cell_0126,20,beta,beta,inDrop1
126,human1_lib1.final_cell_0127,23,delta,epsilon,inDrop1
127,human1_lib1.final_cell_0128,20,beta,beta,inDrop1
128,human1_lib1.final_cell_0129,3,delta,delta,inDrop1
129,human1_lib1.final_cell_0130,20,beta,beta,inDrop1
130,human1_lib1.final_cell_0131,17,alpha,alpha,inDrop1
131,human1_lib1.final_cell_0132,17,alpha,alpha,inDrop1
132,human1_lib1.final_cell_0133,20,beta,beta,inDrop1
133,human1_lib1.final_cell_0134,12,acinar,acinar,inDrop1
134,human1_lib1.final_cell_0135,17,alpha,alpha,inDrop1
135,human1_lib1.final_cell_0136,20,beta,beta,inDrop1
136,human1_lib1.final_cell_0137,20,beta,beta,inDrop1
137,human1_lib1.final_cell_0138,17,alpha,alpha,inDrop1
138,human1_lib1.final_cell_0139,20,beta,beta,inDrop1
139,human1_lib1.final_cell_0140,3,delta,delta,inDrop1
140,human1_lib1.final_cell_0141,23,beta,epsilon,inDrop1
141,human1_lib1.final_cell_0142,20,beta,beta,inDrop1
142,human1_lib1.final_cell_0143,20,beta,beta,inDrop1
143,human1_lib1.final_cell_0144,23,beta,epsilon,inDrop1
144,human1_lib1.final_cell_0145,20,beta,beta,inDrop1
145,human1_lib1.final_cell_0146,3,delta,delta,inDrop1
146,human1_lib1.final_cell_0147,23,beta,epsilon,inDrop1
147,human1_lib1.final_cell_0148,1,ductal,ductal,inDrop1
148,human1_lib1.final_cell_0149,1,ductal,ductal,inDrop1
149,human1_lib1.final_cell_0150,20,beta,beta,inDrop1
150,human1_lib1.final_cell_0151,23,beta,epsilon,inDrop1
151,human1_lib1.final_cell_0152,20,beta,beta,inDrop1
152,human1_lib1.final_cell_0153,20,beta,beta,inDrop1
153,human1_lib1.final_cell_0154,3,delta,delta,inDrop1
154,human1_lib1.final_cell_0155,20,beta,beta,inDrop1
155,human1_lib1.final_cell_0156,7,activated_stellate,activated_stellate,inDrop1
156,human1_lib1.final_cell_0157,20,beta,beta,inDrop1
157,human1_lib1.final_cell_0158,21,beta,Unmatched_21,inDrop1
158,human1_lib1.final_cell_0159,17,alpha,alpha,inDrop1
159,human1_lib1.final_cell_0160,20,beta,beta,inDrop1
160,human1_lib1.final_cell_0161,17,alpha,alpha,inDrop1
161,human1_lib1.final_cell_0162,20,beta,beta,inDrop1
162,human1_lib1.final_cell_0163,18,gamma,gamma,inDrop1
163,human1_lib1.final_cell_0164,20,beta,beta,inDrop1
164,human1_lib1.final_cell_0165,20,beta,beta,inDrop1
165,human1_lib1.final_cell_0166,22,beta,Unmatched_22,inDrop1
166,human1_lib1.final_cell_0167,22,beta,Unmatched_22,inDrop1
167,human1_lib1.final_cell_0168,20,beta,beta,inDrop1
168,human1_lib1.final_cell_0169,20,beta,beta,inDrop1
169,human1_lib1.final_cell_0170,23,beta,epsilon,inDrop1
170,human1_lib1.final_cell_0171,12,acinar,acinar,inDrop1
171,human1_lib1.final_cell_0172,22,beta,Unmatched_22,inDrop1
172,human1_lib1.final_cell_0173,12,acinar,acinar,inDrop1
173,human1_lib1.final_cell_0174,20,beta,beta,inDrop1
174,human1_lib1.final_cell_0175,20,beta,beta,inDrop1
175,human1_lib1.final_cell_0176,20,beta,beta,inDrop1
176,human1_lib1.final_cell_0177,12,acinar,acinar,inDrop1
177,human1_lib1.final_cell_0178,3,delta,delta,inDrop1
178,human1_lib1.final_cell_0179,20,beta,beta,inDrop1
179,human1_lib1.final_cell_0180,3,delta,delta,inDrop1
180,human1_lib1.final_cell_0181,20,beta,beta,inDrop1
181,human1_lib1.final_cell_0182,12,acinar,acinar,inDrop1
182,human1_lib1.final_cell_0183,17,alpha,alpha,inDrop1
183,human1_lib1.final_cell_0184,20,beta,beta,inDrop1
184,human1_lib1.final_cell_0185,17,alpha,alpha,inDrop1
185,human1_lib1.final_cell_0186,20,beta,beta,inDrop1
186,human1_lib1.final_cell_0187,17,alpha,alpha,inDrop1
187,human1_lib1.final_cell_0188,0,endothelial,endothelial,inDrop1
188,human1_lib1.final_cell_0189,23,beta,epsilon,inDrop1
189,human1_lib1.final_cell_0190,20,beta,beta,inDrop1
190,human1_lib1.final_cell_0191,17,alpha,alpha,inDrop1
191,human1_lib1.final_cell_0192,3,delta,delta,inDrop1
192,human1_lib1.final_cell_0193,20,beta,beta,inDrop1
193,human1_lib1.final_cell_0194,20,beta,beta,inDrop1
194,human1_lib1.final_cell_0195,3,delta,delta,inDrop1
195,human1_lib1.final_cell_0196,20,beta,beta,inDrop1
196,human1_lib1.final_cell_0197,18,gamma,gamma,inDrop1
197,human1_lib1.final_cell_0198,17,alpha,alpha,inDrop1
198,human1_lib1.final_cell_0199,20,beta,beta,inDrop1
199,human1_lib1.final_cell_0200,20,beta,beta,inDrop1
200,human1_lib1.final_cell_0201,3,delta,delta,inDrop1
201,human1_lib1.final_cell_0202,17,alpha,alpha,inDrop1
202,human1_lib1.final_cell_0203,1,ductal,ductal,inDrop1
203,human1_lib1.final_cell_0204,20,beta,beta,inDrop1
204,human1_lib1.final_cell_0205,17,alpha,alpha,inDrop1
205,human1_lib1.final_cell_0206,20,beta,beta,inDrop1
206,human1_lib1.final_cell_0207,1,ductal,ductal,inDrop1
207,human1_lib1.final_cell_0208,17,alpha,alpha,inDrop1
208,human1_lib1.final_cell_0209,1,ductal,ductal,inDrop1
209,human1_lib1.final_cell_0210,20,beta,beta,inDrop1
210,human1_lib1.final_cell_0211,20,beta,beta,inDrop1
211,human1_lib1.final_cell_0212,17,alpha,alpha,inDrop1
212,human1_lib1.final_cell_0213,20,beta,beta,inDrop1
213,human1_lib1.final_cell_0214,20,beta,beta,inDrop1
214,human1_lib1.final_cell_0215,2,quiescent_stellate,quiescent_stellate,inDrop1
215,human1_lib1.final_cell_0216,1,ductal,ductal,inDrop1
216,human1_lib1.final_cell_0217,1,ductal,ductal,inDrop1
217,human1_lib1.final_cell_0218,0,endothelial,endothelial,inDrop1
218,human1_lib1.final_cell_0219,7,activated_stellate,activated_stellate,inDrop1
219,human1_lib1.final_cell_0220,20,beta,beta,inDrop1
220,human1_lib1.final_cell_0221,3,delta,delta,inDrop1
221,human1_lib1.final_cell_0222,18,gamma,gamma,inDrop1
222,human1_lib1.final_cell_0223,20,beta,beta,inDrop1
223,human1_lib1.final_cell_0224,20,beta,beta,inDrop1
224,human1_lib1.final_cell_0225,20,beta,beta,inDrop1
225,human1_lib1.final_cell_0226,17,alpha,alpha,inDrop1
226,human1_lib1.final_cell_0227,20,beta,beta,inDrop1
227,human1_lib1.final_cell_0228,20,beta,beta,inDrop1
228,human1_lib1.final_cell_0229,3,delta,delta,inDrop1
229,human1_lib1.final_cell_0230,1,ductal,ductal,inDrop1
230,human1_lib1.final_cell_0231,20,beta,beta,inDrop1
231,human1_lib1.final_cell_0232,3,delta,delta,inDrop1
232,human1_lib1.final_cell_0233,3,delta,delta,inDrop1
233,human1_lib1.final_cell_0234,20,beta,beta,inDrop1
234,human1_lib1.final_cell_0235,3,delta,delta,inDrop1
235,human1_lib1.final_cell_0236,23,beta,epsilon,inDrop1
236,human1_lib1.final_cell_0237,7,activated_stellate,activated_stellate,inDrop1
237,human1_lib1.final_cell_0238,20,beta,beta,inDrop1
238,human1_lib1.final_cell_0239,20,beta,beta,inDrop1
239,human1_lib1.final_cell_0240,3,delta,delta,inDrop1
240,human1_lib1.final_cell_0241,20,beta,beta,inDrop1
241,human1_lib1.final_cell_0242,2,quiescent_stellate,quiescent_stellate,inDrop1
242,human1_lib1.final_cell_0243,20,beta,beta,inDrop1
243,human1_lib1.final_cell_0244,12,acinar,acinar,inDrop1
244,human1_lib1.final_cell_0245,17,alpha,alpha,inDrop1
245,human1_lib1.final_cell_0246,3,delta,delta,inDrop1
246,human1_lib1.final_cell_0247,20,beta,beta,inDrop1
247,human1_lib1.final_cell_0248,17,alpha,alpha,inDrop1
248,human1_lib1.final_cell_0249,20,beta,beta,inDrop1
249,human1_lib1.final_cell_0250,0,endothelial,endothelial,inDrop1
250,human1_lib1.final_cell_0251,3,delta,delta,inDrop1
251,human1_lib1.final_cell_0252,3,delta,delta,inDrop1
252,human1_lib1.final_cell_0253,20,beta,beta,inDrop1
253,human1_lib1.final_cell_0254,20,beta,beta,inDrop1
254,human1_lib1.final_cell_0255,3,delta,delta,inDrop1
255,human1_lib1.final_cell_0256,18,gamma,gamma,inDrop1
256,human1_lib1.final_cell_0257,17,alpha,alpha,inDrop1
257,human1_lib1.final_cell_0258,20,beta,beta,inDrop1
258,human1_lib1.final_cell_0259,20,beta,beta,inDrop1
259,human1_lib1.final_cell_0260,23,beta,epsilon,inDrop1
260,human1_lib1.final_cell_0261,1,ductal,ductal,inDrop1
261,human1_lib1.final_cell_0262,3,delta,delta,inDrop1
262,human1_lib1.final_cell_0263,17,alpha,alpha,inDrop1
263,human1_lib1.final_cell_0264,20,beta,beta,inDrop1
264,human1_lib1.final_cell_0265,18,gamma,gamma,inDrop1
265,human1_lib1.final_cell_0266,20,beta,beta,inDrop1
266,human1_lib1.final_cell_0267,20,beta,beta,inDrop1
267,human1_lib1.final_cell_0268,20,beta,beta,inDrop1
268,human1_lib1.final_cell_0269,2,quiescent_stellate,quiescent_stellate,inDrop1
269,human1_lib1.final_cell_0270,17,alpha,alpha,inDrop1
270,human1_lib1.final_cell_0271,3,delta,delta,inDrop1
271,human1_lib1.final_cell_0272,17,alpha,alpha,inDrop1
272,human1_lib1.final_cell_0273,0,endothelial,endothelial,inDrop1
273,human1_lib1.final_cell_0274,17,alpha,alpha,inDrop1
274,human1_lib1.final_cell_0275,3,delta,delta,inDrop1
275,human1_lib1.final_cell_0276,20,beta,beta,inDrop1
276,human1_lib1.final_cell_0277,18,gamma,gamma,inDrop1
277,human1_lib1.final_cell_0278,1,ductal,ductal,inDrop1
278,human1_lib1.final_cell_0279,17,alpha,alpha,inDrop1
279,human1_lib1.final_cell_0280,23,alpha,epsilon,inDrop1
280,human1_lib1.final_cell_0281,3,delta,delta,inDrop1
281,human1_lib1.final_cell_0282,20,beta,beta,inDrop1
282,human1_lib1.final_cell_0283,20,beta,beta,inDrop1
283,human1_lib1.final_cell_0284,1,ductal,ductal,inDrop1
284,human1_lib1.final_cell_0285,17,alpha,alpha,inDrop1
285,human1_lib1.final_cell_0286,23,beta,epsilon,inDrop1
286,human1_lib1.final_cell_0287,3,delta,delta,inDrop1
287,human1_lib1.final_cell_0288,4,macrophage,macrophage,inDrop1
288,human1_lib1.final_cell_0289,0,endothelial,endothelial,inDrop1
289,human1_lib1.final_cell_0290,23,beta,epsilon,inDrop1
290,human1_lib1.final_cell_0291,20,beta,beta,inDrop1
291,human1_lib1.final_cell_0292,23,beta,epsilon,inDrop1
292,human1_lib1.final_cell_0293,22,beta,Unmatched_22,inDrop1
293,human1_lib1.final_cell_0294,20,beta,beta,inDrop1
294,human1_lib1.final_cell_0295,20,beta,beta,inDrop1
295,human1_lib1.final_cell_0296,20,beta,beta,inDrop1
296,human1_lib1.final_cell_0297,23,beta,epsilon,inDrop1
297,human1_lib1.final_cell_0298,20,beta,beta,inDrop1
298,human1_lib1.final_cell_0299,20,beta,beta,inDrop1
299,human1_lib1.final_cell_0300,22,beta,Unmatched_22,inDrop1
300,human1_lib1.final_cell_0301,18,gamma,gamma,inDrop1
301,human1_lib1.final_cell_0302,0,endothelial,endothelial,inDrop1
302,human1_lib1.final_cell_0303,20,beta,beta,inDrop1
303,human1_lib1.final_cell_0304,20,beta,beta,inDrop1
304,human1_lib1.final_cell_0305,22,beta,Unmatched_22,inDrop1
305,human1_lib1.final_cell_0306,3,delta,delta,inDrop1
306,human1_lib1.final_cell_0307,23,beta,epsilon,inDrop1
307,human1_lib1.final_cell_0308,18,gamma,gamma,inDrop1
308,human1_lib1.final_cell_0309,23,epsilon,epsilon,inDrop1
309,human1_lib1.final_cell_0310,3,delta,delta,inDrop1
310,human1_lib1.final_cell_0311,20,beta,beta,inDrop1
311,human1_lib1.final_cell_0312,20,beta,beta,inDrop1
312,human1_lib1.final_cell_0313,18,gamma,gamma,inDrop1
313,human1_lib1.final_cell_0314,20,beta,beta,inDrop1
314,human1_lib1.final_cell_0315,23,beta,epsilon,inDrop1
315,human1_lib1.final_cell_0316,23,beta,epsilon,inDrop1
316,human1_lib1.final_cell_0317,20,beta,beta,inDrop1
317,human1_lib1.final_cell_0318,20,beta,beta,inDrop1
318,human1_lib1.final_cell_0319,0,endothelial,endothelial,inDrop1
319,human1_lib1.final_cell_0320,20,beta,beta,inDrop1
320,human1_lib1.final_cell_0321,3,delta,delta,inDrop1
321,human1_lib1.final_cell_0322,17,alpha,alpha,inDrop1
322,human1_lib1.final_cell_0323,17,epsilon,alpha,inDrop1
323,human1_lib1.final_cell_0324,17,alpha,alpha,inDrop1
324,human1_lib1.final_cell_0325,2,quiescent_stellate,quiescent_stellate,inDrop1
325,human1_lib1.final_cell_0326,17,alpha,alpha,inDrop1
326,human1_lib1.final_cell_0327,17,alpha,alpha,inDrop1
327,human1_lib1.final_cell_0328,20,beta,beta,inDrop1
328,human1_lib1.final_cell_0329,20,beta,beta,inDrop1
329,human1_lib1.final_cell_0330,1,ductal,ductal,inDrop1
330,human1_lib1.final_cell_0331,22,beta,Unmatched_22,inDrop1
331,human1_lib1.final_cell_0332,17,alpha,alpha,inDrop1
332,human1_lib1.final_cell_0333,20,beta,beta,inDrop1
333,human1_lib1.final_cell_0334,17,alpha,alpha,inDrop1
334,human1_lib1.final_cell_0335,23,beta,epsilon,inDrop1
335,human1_lib1.final_cell_0336,22,beta,Unmatched_22,inDrop1
336,human1_lib1.final_cell_0337,3,delta,delta,inDrop1
337,human1_lib1.final_cell_0338,3,delta,delta,inDrop1
338,human1_lib1.final_cell_0339,20,beta,beta,inDrop1
339,human1_lib1.final_cell_0340,22,beta,Unmatched_22,inDrop1
340,human1_lib1.final_cell_0341,20,beta,beta,inDrop1
341,human1_lib1.final_cell_0342,1,ductal,ductal,inDrop1
342,human1_lib1.final_cell_0343,12,acinar,acinar,inDrop1
343,human1_lib1.final_cell_0344,20,beta,beta,inDrop1
344,human1_lib1.final_cell_0345,23,alpha,epsilon,inDrop1
345,human1_lib1.final_cell_0346,20,beta,beta,inDrop1
346,human1_lib1.final_cell_0347,20,beta,beta,inDrop1
347,human1_lib1.final_cell_0348,17,alpha,alpha,inDrop1
348,human1_lib1.final_cell_0349,20,beta,beta,inDrop1
349,human1_lib1.final_cell_0350,2,quiescent_stellate,quiescent_stellate,inDrop1
350,human1_lib1.final_cell_0351,20,beta,beta,inDrop1
351,human1_lib1.final_cell_0352,23,gamma,epsilon,inDrop1
352,human1_lib1.final_cell_0353,20,beta,beta,inDrop1
353,human1_lib1.final_cell_0354,18,gamma,gamma,inDrop1
354,human1_lib1.final_cell_0355,0,endothelial,endothelial,inDrop1
355,human1_lib1.final_cell_0356,23,beta,epsilon,inDrop1
356,human1_lib1.final_cell_0357,17,alpha,alpha,inDrop1
357,human1_lib1.final_cell_0358,8,schwann,schwann,inDrop1
358,human1_lib1.final_cell_0359,20,beta,beta,inDrop1
359,human1_lib1.final_cell_0360,2,quiescent_stellate,quiescent_stellate,inDrop1
360,human1_lib1.final_cell_0361,0,endothelial,endothelial,inDrop1
361,human1_lib1.final_cell_0362,18,gamma,gamma,inDrop1
362,human1_lib1.final_cell_0363,20,beta,beta,inDrop1
363,human1_lib1.final_cell_0364,20,beta,beta,inDrop1
364,human1_lib1.final_cell_0365,17,alpha,alpha,inDrop1
365,human1_lib1.final_cell_0366,17,alpha,alpha,inDrop1
366,human1_lib1.final_cell_0367,18,gamma,gamma,inDrop1
367,human1_lib1.final_cell_0368,20,beta,beta,inDrop1
368,human1_lib1.final_cell_0369,22,beta,Unmatched_22,inDrop1
369,human1_lib1.final_cell_0370,3,delta,delta,inDrop1
370,human1_lib1.final_cell_0371,12,acinar,acinar,inDrop1
371,human1_lib1.final_cell_0372,12,acinar,acinar,inDrop1
372,human1_lib1.final_cell_0373,18,gamma,gamma,inDrop1
373,human1_lib1.final_cell_0374,1,ductal,ductal,inDrop1
374,human1_lib1.final_cell_0375,1,ductal,ductal,inDrop1
375,human1_lib1.final_cell_0376,0,endothelial,endothelial,inDrop1
376,human1_lib1.final_cell_0377,3,delta,delta,inDrop1
377,human1_lib1.final_cell_0378,20,beta,beta,inDrop1
378,human1_lib1.final_cell_0379,20,beta,beta,inDrop1
379,human1_lib1.final_cell_0380,0,endothelial,endothelial,inDrop1
380,human1_lib1.final_cell_0381,17,alpha,alpha,inDrop1
381,human1_lib1.final_cell_0382,12,acinar,acinar,inDrop1
382,human1_lib1.final_cell_0383,0,endothelial,endothelial,inDrop1
383,human1_lib1.final_cell_0384,0,endothelial,endothelial,inDrop1
384,human1_lib1.final_cell_0385,17,alpha,alpha,inDrop1
385,human1_lib1.final_cell_0386,22,beta,Unmatched_22,inDrop1
386,human1_lib1.final_cell_0387,23,beta,epsilon,inDrop1
387,human1_lib1.final_cell_0388,18,gamma,gamma,inDrop1
388,human1_lib1.final_cell_0389,20,beta,beta,inDrop1
389,human1_lib1.final_cell_0390,17,alpha,alpha,inDrop1
390,human1_lib1.final_cell_0391,23,beta,epsilon,inDrop1
391,human1_lib1.final_cell_0392,20,beta,beta,inDrop1
392,human1_lib1.final_cell_0393,20,beta,beta,inDrop1
393,human1_lib1.final_cell_0394,23,beta,epsilon,inDrop1
394,human1_lib1.final_cell_0395,20,beta,beta,inDrop1
395,human1_lib1.final_cell_0396,3,delta,delta,inDrop1
396,human1_lib1.final_cell_0397,22,beta,Unmatched_22,inDrop1
397,human1_lib1.final_cell_0398,2,quiescent_stellate,quiescent_stellate,inDrop1
398,human1_lib1.final_cell_0399,7,activated_stellate,activated_stellate,inDrop1
399,human1_lib1.final_cell_0400,20,beta,beta,inDrop1
400,human1_lib1.final_cell_0401,17,alpha,alpha,inDrop1
401,human1_lib1.final_cell_0402,22,beta,Unmatched_22,inDrop1
402,human1_lib1.final_cell_0403,18,gamma,gamma,inDrop1
403,human1_lib1.final_cell_0404,2,quiescent_stellate,quiescent_stellate,inDrop1
404,human1_lib1.final_cell_0405,20,beta,beta,inDrop1
405,human1_lib1.final_cell_0406,17,alpha,alpha,inDrop1
406,human1_lib1.final_cell_0407,2,quiescent_stellate,quiescent_stellate,inDrop1
407,human1_lib1.final_cell_0408,0,endothelial,endothelial,inDrop1
408,human1_lib1.final_cell_0409,20,beta,beta,inDrop1
409,human1_lib1.final_cell_0410,1,ductal,ductal,inDrop1
410,human1_lib1.final_cell_0411,0,endothelial,endothelial,inDrop1
411,human1_lib1.final_cell_0412,1,ductal,ductal,inDrop1
412,human1_lib1.final_cell_0413,12,acinar,acinar,inDrop1
413,human1_lib1.final_cell_0414,17,alpha,alpha,inDrop1
414,human1_lib1.final_cell_0415,3,delta,delta,inDrop1
415,human1_lib1.final_cell_0416,3,beta,delta,inDrop1
416,human1_lib1.final_cell_0417,4,macrophage,macrophage,inDrop1
417,human1_lib1.final_cell_0418,1,ductal,ductal,inDrop1
418,human1_lib1.final_cell_0419,0,endothelial,endothelial,inDrop1
419,human1_lib1.final_cell_0420,0,endothelial,endothelial,inDrop1
420,human1_lib1.final_cell_0421,18,gamma,gamma,inDrop1
421,human1_lib1.final_cell_0422,0,endothelial,endothelial,inDrop1
422,human1_lib1.final_cell_0423,0,endothelial,endothelial,inDrop1
423,human1_lib1.final_cell_0424,20,beta,beta,inDrop1
424,human1_lib1.final_cell_0425,23,beta,epsilon,inDrop1
425,human1_lib1.final_cell_0426,18,gamma,gamma,inDrop1
426,human1_lib1.final_cell_0427,17,beta,alpha,inDrop1
427,human1_lib1.final_cell_0428,5,mast,mast,inDrop1
428,human1_lib1.final_cell_0429,22,beta,Unmatched_22,inDrop1
429,human1_lib1.final_cell_0430,0,endothelial,endothelial,inDrop1
430,human1_lib1.final_cell_0431,18,gamma,gamma,inDrop1
431,human1_lib1.final_cell_0432,2,quiescent_stellate,quiescent_stellate,inDrop1
432,human1_lib1.final_cell_0433,17,alpha,alpha,inDrop1
433,human1_lib1.final_cell_0434,20,beta,beta,inDrop1
434,human1_lib1.final_cell_0435,17,alpha,alpha,inDrop1
435,human1_lib1.final_cell_0436,23,acinar,epsilon,inDrop1
436,human1_lib1.final_cell_0437,1,ductal,ductal,inDrop1
437,human1_lib1.final_cell_0438,20,beta,beta,inDrop1
438,human1_lib1.final_cell_0439,22,beta,Unmatched_22,inDrop1
439,human1_lib1.final_cell_0440,1,ductal,ductal,inDrop1
440,human1_lib1.final_cell_0441,20,beta,beta,inDrop1
441,human1_lib1.final_cell_0442,20,beta,beta,inDrop1
442,human1_lib1.final_cell_0443,1,ductal,ductal,inDrop1
443,human1_lib1.final_cell_0444,12,acinar,acinar,inDrop1
444,human1_lib1.final_cell_0445,0,endothelial,endothelial,inDrop1
445,human1_lib1.final_cell_0446,20,beta,beta,inDrop1
446,human1_lib1.final_cell_0447,23,beta,epsilon,inDrop1
447,human1_lib1.final_cell_0448,20,beta,beta,inDrop1
448,human1_lib1.final_cell_0449,1,ductal,ductal,inDrop1
449,human1_lib1.final_cell_0450,7,activated_stellate,activated_stellate,inDrop1
450,human1_lib1.final_cell_0451,23,beta,epsilon,inDrop1
451,human1_lib1.final_cell_0452,2,quiescent_stellate,quiescent_stellate,inDrop1
452,human1_lib1.final_cell_0453,12,acinar,acinar,inDrop1
453,human1_lib1.final_cell_0454,18,gamma,gamma,inDrop1
454,human1_lib1.final_cell_0455,2,quiescent_stellate,quiescent_stellate,inDrop1
455,human1_lib1.final_cell_0456,0,endothelial,endothelial,inDrop1
456,human1_lib1.final_cell_0457,0,endothelial,endothelial,inDrop1
457,human1_lib1.final_cell_0458,17,alpha,alpha,inDrop1
458,human1_lib1.final_cell_0459,2,quiescent_stellate,quiescent_stellate,inDrop1
459,human1_lib1.final_cell_0460,20,beta,beta,inDrop1
460,human1_lib1.final_cell_0461,13,acinar,Unmatched_13,inDrop1
461,human1_lib1.final_cell_0462,20,beta,beta,inDrop1
462,human1_lib1.final_cell_0463,0,endothelial,endothelial,inDrop1
463,human1_lib1.final_cell_0464,0,endothelial,endothelial,inDrop1
464,human1_lib1.final_cell_0465,20,beta,beta,inDrop1
465,human1_lib1.final_cell_0466,12,acinar,acinar,inDrop1
466,human1_lib1.final_cell_0467,3,delta,delta,inDrop1
467,human1_lib1.final_cell_0468,23,beta,epsilon,inDrop1
468,human1_lib1.final_cell_0469,20,beta,beta,inDrop1
469,human1_lib1.final_cell_0470,20,beta,beta,inDrop1
470,human1_lib1.final_cell_0471,20,beta,beta,inDrop1
471,human1_lib1.final_cell_0472,22,beta,Unmatched_22,inDrop1
472,human1_lib1.final_cell_0473,20,beta,beta,inDrop1
473,human1_lib1.final_cell_0474,20,beta,beta,inDrop1
474,human1_lib1.final_cell_0475,23,beta,epsilon,inDrop1
475,human1_lib1.final_cell_0476,18,gamma,gamma,inDrop1
476,human1_lib1.final_cell_0477,1,ductal,ductal,inDrop1
477,human1_lib1.final_cell_0478,20,beta,beta,inDrop1
478,human1_lib1.final_cell_0479,18,gamma,gamma,inDrop1
479,human1_lib1.final_cell_0480,23,beta,epsilon,inDrop1
480,human1_lib1.final_cell_0481,3,delta,delta,inDrop1
481,human1_lib1.final_cell_0482,20,beta,beta,inDrop1
482,human1_lib1.final_cell_0483,20,beta,beta,inDrop1
483,human1_lib1.final_cell_0484,18,gamma,gamma,inDrop1
484,human1_lib1.final_cell_0485,2,quiescent_stellate,quiescent_stellate,inDrop1
485,human1_lib1.final_cell_0486,3,delta,delta,inDrop1
486,human1_lib1.final_cell_0487,23,beta,epsilon,inDrop1
487,human1_lib1.final_cell_0488,3,delta,delta,inDrop1
488,human1_lib1.final_cell_0489,2,quiescent_stellate,quiescent_stellate,inDrop1
489,human1_lib1.final_cell_0490,3,delta,delta,inDrop1
490,human1_lib1.final_cell_0491,20,beta,beta,inDrop1
491,human1_lib1.final_cell_0492,17,alpha,alpha,inDrop1
492,human1_lib1.final_cell_0493,3,delta,delta,inDrop1
493,human1_lib1.final_cell_0494,17,alpha,alpha,inDrop1
494,human1_lib1.final_cell_0495,2,quiescent_stellate,quiescent_stellate,inDrop1
495,human1_lib1.final_cell_0496,2,quiescent_stellate,quiescent_stellate,inDrop1
496,human1_lib1.final_cell_0497,23,beta,epsilon,inDrop1
497,human1_lib1.final_cell_0498,0,endothelial,endothelial,inDrop1
498,human1_lib1.final_cell_0499,0,endothelial,endothelial,inDrop1
499,human1_lib1.final_cell_0500,7,activated_stellate,activated_stellate,inDrop1
500,human1_lib1.final_cell_0501,23,beta,epsilon,inDrop1
501,human1_lib1.final_cell_0502,17,alpha,alpha,inDrop1
502,human1_lib1.final_cell_0503,3,delta,delta,inDrop1
503,human1_lib1.final_cell_0504,23,beta,epsilon,inDrop1
504,human1_lib1.final_cell_0505,0,endothelial,endothelial,inDrop1
505,human1_lib1.final_cell_0506,17,alpha,alpha,inDrop1
506,human1_lib1.final_cell_0507,2,quiescent_stellate,quiescent_stellate,inDrop1
507,human1_lib1.final_cell_0508,23,beta,epsilon,inDrop1
508,human1_lib1.final_cell_0509,0,endothelial,endothelial,inDrop1
509,human1_lib1.final_cell_0510,7,activated_stellate,activated_stellate,inDrop1
510,human1_lib1.final_cell_0511,18,gamma,gamma,inDrop1
511,human1_lib1.final_cell_0512,23,beta,epsilon,inDrop1
512,human1_lib1.final_cell_0513,2,quiescent_stellate,quiescent_stellate,inDrop1
513,human1_lib1.final_cell_0514,20,beta,beta,inDrop1
514,human1_lib1.final_cell_0515,0,endothelial,endothelial,inDrop1
515,human1_lib1.final_cell_0516,18,gamma,gamma,inDrop1
516,human1_lib1.final_cell_0517,23,beta,epsilon,inDrop1
517,human1_lib1.final_cell_0518,23,beta,epsilon,inDrop1
518,human1_lib1.final_cell_0519,17,alpha,alpha,inDrop1
519,human1_lib1.final_cell_0520,0,endothelial,endothelial,inDrop1
520,human1_lib1.final_cell_0521,18,gamma,gamma,inDrop1
521,human1_lib1.final_cell_0522,20,beta,beta,inDrop1
522,human1_lib1.final_cell_0523,20,beta,beta,inDrop1
523,human1_lib1.final_cell_0524,22,beta,Unmatched_22,inDrop1
524,human1_lib1.final_cell_0525,23,beta,epsilon,inDrop1
525,human1_lib1.final_cell_0526,0,endothelial,endothelial,inDrop1
526,human1_lib1.final_cell_0527,5,mast,mast,inDrop1
527,human1_lib1.final_cell_0528,20,beta,beta,inDrop1
528,human1_lib1.final_cell_0529,23,beta,epsilon,inDrop1
529,human1_lib1.final_cell_0530,0,endothelial,endothelial,inDrop1
530,human1_lib1.final_cell_0531,20,beta,beta,inDrop1
531,human1_lib1.final_cell_0532,0,endothelial,endothelial,inDrop1
532,human1_lib1.final_cell_0533,23,beta,epsilon,inDrop1
533,human1_lib1.final_cell_0534,0,endothelial,endothelial,inDrop1
534,human1_lib1.final_cell_0535,20,beta,beta,inDrop1
535,human1_lib1.final_cell_0536,2,quiescent_stellate,quiescent_stellate,inDrop1
536,human1_lib1.final_cell_0537,0,endothelial,endothelial,inDrop1
537,human1_lib1.final_cell_0538,0,endothelial,endothelial,inDrop1
538,human1_lib1.final_cell_0539,23,beta,epsilon,inDrop1
539,human1_lib1.final_cell_0540,0,endothelial,endothelial,inDrop1
540,human1_lib1.final_cell_0541,2,quiescent_stellate,quiescent_stellate,inDrop1
541,human1_lib1.final_cell_0542,20,beta,beta,inDrop1
542,human1_lib1.final_cell_0543,17,alpha,alpha,inDrop1
543,human1_lib1.final_cell_0544,1,ductal,ductal,inDrop1
544,human1_lib1.final_cell_0545,0,endothelial,endothelial,inDrop1
545,human1_lib1.final_cell_0546,23,beta,epsilon,inDrop1
546,human1_lib1.final_cell_0547,20,beta,beta,inDrop1
547,human1_lib1.final_cell_0548,0,endothelial,endothelial,inDrop1
548,human1_lib1.final_cell_0549,23,beta,epsilon,inDrop1
549,human1_lib1.final_cell_0550,20,beta,beta,inDrop1
550,human1_lib1.final_cell_0551,23,beta,epsilon,inDrop1
551,human1_lib1.final_cell_0552,0,endothelial,endothelial,inDrop1
552,human1_lib1.final_cell_0553,4,macrophage,macrophage,inDrop1
553,human1_lib1.final_cell_0554,0,endothelial,endothelial,inDrop1
554,human1_lib1.final_cell_0555,1,ductal,ductal,inDrop1
555,human1_lib1.final_cell_0556,20,beta,beta,inDrop1
556,human1_lib1.final_cell_0557,1,ductal,ductal,inDrop1
557,human1_lib1.final_cell_0558,0,endothelial,endothelial,inDrop1
558,human1_lib1.final_cell_0559,2,quiescent_stellate,quiescent_stellate,inDrop1
559,human1_lib1.final_cell_0560,20,beta,beta,inDrop1
560,human1_lib1.final_cell_0561,0,endothelial,endothelial,inDrop1
561,human1_lib1.final_cell_0562,0,endothelial,endothelial,inDrop1
562,human1_lib1.final_cell_0563,20,beta,beta,inDrop1
563,human1_lib1.final_cell_0564,0,endothelial,endothelial,inDrop1
564,human1_lib1.final_cell_0565,0,endothelial,endothelial,inDrop1
565,human1_lib1.final_cell_0566,17,alpha,alpha,inDrop1
566,human1_lib1.final_cell_0567,1,ductal,ductal,inDrop1
567,human1_lib1.final_cell_0568,20,beta,beta,inDrop1
568,human1_lib2.final_cell_0001,23,delta,epsilon,inDrop1
569,human1_lib2.final_cell_0002,3,delta,delta,inDrop1
570,human1_lib2.final_cell_0003,3,delta,delta,inDrop1
571,human1_lib2.final_cell_0004,23,acinar,epsilon,inDrop1
572,human1_lib2.final_cell_0005,12,acinar,acinar,inDrop1
573,human1_lib2.final_cell_0006,12,acinar,acinar,inDrop1
574,human1_lib2.final_cell_0007,23,acinar,epsilon,inDrop1
575,human1_lib2.final_cell_0008,3,delta,delta,inDrop1
576,human1_lib2.final_cell_0009,12,acinar,acinar,inDrop1
577,human1_lib2.final_cell_0010,13,ductal,Unmatched_13,inDrop1
578,human1_lib2.final_cell_0011,17,alpha,alpha,inDrop1
579,human1_lib2.final_cell_0012,3,delta,delta,inDrop1
580,human1_lib2.final_cell_0013,3,delta,delta,inDrop1
581,human1_lib2.final_cell_0014,3,delta,delta,inDrop1
582,human1_lib2.final_cell_0015,3,delta,delta,inDrop1
583,human1_lib2.final_cell_0016,13,acinar,Unmatched_13,inDrop1
584,human1_lib2.final_cell_0017,20,beta,beta,inDrop1
585,human1_lib2.final_cell_0018,12,acinar,acinar,inDrop1
586,human1_lib2.final_cell_0019,0,endothelial,endothelial,inDrop1
587,human1_lib2.final_cell_0020,3,delta,delta,inDrop1
588,human1_lib2.final_cell_0021,20,beta,beta,inDrop1
589,human1_lib2.final_cell_0022,3,delta,delta,inDrop1
590,human1_lib2.final_cell_0023,17,alpha,alpha,inDrop1
591,human1_lib2.final_cell_0024,1,ductal,ductal,inDrop1
592,human1_lib2.final_cell_0025,3,delta,delta,inDrop1
593,human1_lib2.final_cell_0026,3,delta,delta,inDrop1
594,human1_lib2.final_cell_0027,20,beta,beta,inDrop1
595,human1_lib2.final_cell_0028,3,delta,delta,inDrop1
596,human1_lib2.final_cell_0029,20,beta,beta,inDrop1
597,human1_lib2.final_cell_0030,22,beta,Unmatched_22,inDrop1
598,human1_lib2.final_cell_0031,3,delta,delta,inDrop1
599,human1_lib2.final_cell_0032,18,gamma,gamma,inDrop1
600,human1_lib2.final_cell_0033,20,beta,beta,inDrop1
601,human1_lib2.final_cell_0034,3,delta,delta,inDrop1
602,human1_lib2.final_cell_0035,20,beta,beta,inDrop1
603,human1_lib2.final_cell_0036,3,delta,delta,inDrop1
604,human1_lib2.final_cell_0037,20,beta,beta,inDrop1
605,human1_lib2.final_cell_0038,17,alpha,alpha,inDrop1
606,human1_lib2.final_cell_0039,20,beta,beta,inDrop1
607,human1_lib2.final_cell_0040,3,delta,delta,inDrop1
608,human1_lib2.final_cell_0041,3,delta,delta,inDrop1
609,human1_lib2.final_cell_0042,20,beta,beta,inDrop1
610,human1_lib2.final_cell_0043,3,delta,delta,inDrop1
611,human1_lib2.final_cell_0044,3,delta,delta,inDrop1
612,human1_lib2.final_cell_0045,1,ductal,ductal,inDrop1
613,human1_lib2.final_cell_0046,20,beta,beta,inDrop1
614,human1_lib2.final_cell_0047,3,delta,delta,inDrop1
615,human1_lib2.final_cell_0048,3,delta,delta,inDrop1
616,human1_lib2.final_cell_0049,17,alpha,alpha,inDrop1
617,human1_lib2.final_cell_0050,20,beta,beta,inDrop1
618,human1_lib2.final_cell_0051,17,alpha,alpha,inDrop1
619,human1_lib2.final_cell_0052,17,alpha,alpha,inDrop1
620,human1_lib2.final_cell_0053,20,beta,beta,inDrop1
621,human1_lib2.final_cell_0054,12,acinar,acinar,inDrop1
622,human1_lib2.final_cell_0055,20,beta,beta,inDrop1
623,human1_lib2.final_cell_0056,20,beta,beta,inDrop1
624,human1_lib2.final_cell_0057,20,beta,beta,inDrop1
625,human1_lib2.final_cell_0058,3,delta,delta,inDrop1
626,human1_lib2.final_cell_0059,7,activated_stellate,activated_stellate,inDrop1
627,human1_lib2.final_cell_0060,20,beta,beta,inDrop1
628,human1_lib2.final_cell_0061,20,beta,beta,inDrop1
629,human1_lib2.final_cell_0062,20,beta,beta,inDrop1
630,human1_lib2.final_cell_0063,3,delta,delta,inDrop1
631,human1_lib2.final_cell_0064,20,beta,beta,inDrop1
632,human1_lib2.final_cell_0065,17,alpha,alpha,inDrop1
633,human1_lib2.final_cell_0066,1,ductal,ductal,inDrop1
634,human1_lib2.final_cell_0067,13,acinar,Unmatched_13,inDrop1
635,human1_lib2.final_cell_0068,3,delta,delta,inDrop1
636,human1_lib2.final_cell_0069,20,beta,beta,inDrop1
637,human1_lib2.final_cell_0070,20,beta,beta,inDrop1
638,human1_lib2.final_cell_0071,20,beta,beta,inDrop1
639,human1_lib2.final_cell_0072,12,acinar,acinar,inDrop1
640,human1_lib2.final_cell_0073,20,beta,beta,inDrop1
641,human1_lib2.final_cell_0074,3,delta,delta,inDrop1
642,human1_lib2.final_cell_0075,20,beta,beta,inDrop1
643,human1_lib2.final_cell_0076,23,beta,epsilon,inDrop1
644,human1_lib2.final_cell_0077,20,beta,beta,inDrop1
645,human1_lib2.final_cell_0078,3,delta,delta,inDrop1
646,human1_lib2.final_cell_0079,3,delta,delta,inDrop1
647,human1_lib2.final_cell_0080,20,beta,beta,inDrop1
648,human1_lib2.final_cell_0081,3,delta,delta,inDrop1
649,human1_lib2.final_cell_0082,20,beta,beta,inDrop1
650,human1_lib2.final_cell_0083,20,beta,beta,inDrop1
651,human1_lib2.final_cell_0084,20,beta,beta,inDrop1
652,human1_lib2.final_cell_0085,20,beta,beta,inDrop1
653,human1_lib2.final_cell_0086,20,beta,beta,inDrop1
654,human1_lib2.final_cell_0087,20,beta,beta,inDrop1
655,human1_lib2.final_cell_0088,12,acinar,acinar,inDrop1
656,human1_lib2.final_cell_0089,20,beta,beta,inDrop1
657,human1_lib2.final_cell_0090,23,beta,epsilon,inDrop1
658,human1_lib2.final_cell_0091,20,beta,beta,inDrop1
659,human1_lib2.final_cell_0092,17,alpha,alpha,inDrop1
660,human1_lib2.final_cell_0093,0,endothelial,endothelial,inDrop1
661,human1_lib2.final_cell_0094,20,beta,beta,inDrop1
662,human1_lib2.final_cell_0095,3,delta,delta,inDrop1
663,human1_lib2.final_cell_0096,20,beta,beta,inDrop1
664,human1_lib2.final_cell_0097,3,delta,delta,inDrop1
665,human1_lib2.final_cell_0098,20,beta,beta,inDrop1
666,human1_lib2.final_cell_0099,3,delta,delta,inDrop1
667,human1_lib2.final_cell_0100,23,beta,epsilon,inDrop1
668,human1_lib2.final_cell_0101,20,beta,beta,inDrop1
669,human1_lib2.final_cell_0102,3,delta,delta,inDrop1
670,human1_lib2.final_cell_0103,1,ductal,ductal,inDrop1
671,human1_lib2.final_cell_0104,20,beta,beta,inDrop1
672,human1_lib2.final_cell_0105,20,beta,beta,inDrop1
673,human1_lib2.final_cell_0106,1,ductal,ductal,inDrop1
674,human1_lib2.final_cell_0107,20,beta,beta,inDrop1
675,human1_lib2.final_cell_0108,20,beta,beta,inDrop1
676,human1_lib2.final_cell_0109,20,beta,beta,inDrop1
677,human1_lib2.final_cell_0110,20,beta,beta,inDrop1
678,human1_lib2.final_cell_0111,12,acinar,acinar,inDrop1
679,human1_lib2.final_cell_0112,12,acinar,acinar,inDrop1
680,human1_lib2.final_cell_0113,20,beta,beta,inDrop1
681,human1_lib2.final_cell_0114,17,alpha,alpha,inDrop1
682,human1_lib2.final_cell_0115,20,beta,beta,inDrop1
683,human1_lib2.final_cell_0116,3,delta,delta,inDrop1
684,human1_lib2.final_cell_0117,20,beta,beta,inDrop1
685,human1_lib2.final_cell_0118,20,beta,beta,inDrop1
686,human1_lib2.final_cell_0119,20,beta,beta,inDrop1
687,human1_lib2.final_cell_0120,20,beta,beta,inDrop1
688,human1_lib2.final_cell_0121,22,beta,Unmatched_22,inDrop1
689,human1_lib2.final_cell_0122,1,ductal,ductal,inDrop1
690,human1_lib2.final_cell_0123,20,beta,beta,inDrop1
691,human1_lib2.final_cell_0124,12,acinar,acinar,inDrop1
692,human1_lib2.final_cell_0125,20,beta,beta,inDrop1
693,human1_lib2.final_cell_0126,12,acinar,acinar,inDrop1
694,human1_lib2.final_cell_0127,20,beta,beta,inDrop1
695,human1_lib2.final_cell_0128,1,ductal,ductal,inDrop1
696,human1_lib2.final_cell_0129,20,beta,beta,inDrop1
697,human1_lib2.final_cell_0130,7,activated_stellate,activated_stellate,inDrop1
698,human1_lib2.final_cell_0131,17,alpha,alpha,inDrop1
699,human1_lib2.final_cell_0132,20,beta,beta,inDrop1
700,human1_lib2.final_cell_0133,3,delta,delta,inDrop1
701,human1_lib2.final_cell_0134,3,delta,delta,inDrop1
702,human1_lib2.final_cell_0135,20,beta,beta,inDrop1
703,human1_lib2.final_cell_0136,23,beta,epsilon,inDrop1
704,human1_lib2.final_cell_0137,20,beta,beta,inDrop1
705,human1_lib2.final_cell_0138,22,beta,Unmatched_22,inDrop1
706,human1_lib2.final_cell_0139,12,acinar,acinar,inDrop1
707,human1_lib2.final_cell_0140,22,beta,Unmatched_22,inDrop1
708,human1_lib2.final_cell_0141,20,beta,beta,inDrop1
709,human1_lib2.final_cell_0142,20,beta,beta,inDrop1
710,human1_lib2.final_cell_0143,3,delta,delta,inDrop1
711,human1_lib2.final_cell_0144,23,beta,epsilon,inDrop1
712,human1_lib2.final_cell_0145,1,ductal,ductal,inDrop1
713,human1_lib2.final_cell_0146,20,beta,beta,inDrop1
714,human1_lib2.final_cell_0147,20,beta,beta,inDrop1
715,human1_lib2.final_cell_0148,1,ductal,ductal,inDrop1
716,human1_lib2.final_cell_0149,4,macrophage,macrophage,inDrop1
717,human1_lib2.final_cell_0150,20,beta,beta,inDrop1
718,human1_lib2.final_cell_0151,3,delta,delta,inDrop1
719,human1_lib2.final_cell_0152,20,beta,beta,inDrop1
720,human1_lib2.final_cell_0153,20,beta,beta,inDrop1
721,human1_lib2.final_cell_0154,20,beta,beta,inDrop1
722,human1_lib2.final_cell_0155,20,beta,beta,inDrop1
723,human1_lib2.final_cell_0156,20,beta,beta,inDrop1
724,human1_lib2.final_cell_0157,7,activated_stellate,activated_stellate,inDrop1
725,human1_lib2.final_cell_0158,20,beta,beta,inDrop1
726,human1_lib2.final_cell_0159,20,beta,beta,inDrop1
727,human1_lib2.final_cell_0160,1,ductal,ductal,inDrop1
728,human1_lib2.final_cell_0161,20,beta,beta,inDrop1
729,human1_lib2.final_cell_0162,20,beta,beta,inDrop1
730,human1_lib2.final_cell_0163,23,beta,epsilon,inDrop1
731,human1_lib2.final_cell_0164,20,beta,beta,inDrop1
732,human1_lib2.final_cell_0165,20,beta,beta,inDrop1
733,human1_lib2.final_cell_0166,3,delta,delta,inDrop1
734,human1_lib2.final_cell_0167,20,beta,beta,inDrop1
735,human1_lib2.final_cell_0168,20,beta,beta,inDrop1
736,human1_lib2.final_cell_0169,3,delta,delta,inDrop1
737,human1_lib2.final_cell_0170,20,beta,beta,inDrop1
738,human1_lib2.final_cell_0171,20,beta,beta,inDrop1
739,human1_lib2.final_cell_0172,20,beta,beta,inDrop1
740,human1_lib2.final_cell_0173,20,beta,beta,inDrop1
741,human1_lib2.final_cell_0174,17,alpha,alpha,inDrop1
742,human1_lib2.final_cell_0175,22,beta,Unmatched_22,inDrop1
743,human1_lib2.final_cell_0176,20,beta,beta,inDrop1
744,human1_lib2.final_cell_0177,12,acinar,acinar,inDrop1
745,human1_lib2.final_cell_0178,22,beta,Unmatched_22,inDrop1
746,human1_lib2.final_cell_0179,22,beta,Unmatched_22,inDrop1
747,human1_lib2.final_cell_0180,20,beta,beta,inDrop1
748,human1_lib2.final_cell_0181,20,beta,beta,inDrop1
749,human1_lib2.final_cell_0182,1,ductal,ductal,inDrop1
750,human1_lib2.final_cell_0183,20,beta,beta,inDrop1
751,human1_lib2.final_cell_0184,3,delta,delta,inDrop1
752,human1_lib2.final_cell_0185,20,beta,beta,inDrop1
753,human1_lib2.final_cell_0186,17,alpha,alpha,inDrop1
754,human1_lib2.final_cell_0187,22,beta,Unmatched_22,inDrop1
755,human1_lib2.final_cell_0188,20,beta,beta,inDrop1
756,human1_lib2.final_cell_0189,20,beta,beta,inDrop1
757,human1_lib2.final_cell_0190,23,beta,epsilon,inDrop1
758,human1_lib2.final_cell_0191,3,delta,delta,inDrop1
759,human1_lib2.final_cell_0192,20,beta,beta,inDrop1
760,human1_lib2.final_cell_0193,20,beta,beta,inDrop1
761,human1_lib2.final_cell_0194,23,delta,epsilon,inDrop1
762,human1_lib2.final_cell_0195,20,beta,beta,inDrop1
763,human1_lib2.final_cell_0196,20,beta,beta,inDrop1
764,human1_lib2.final_cell_0197,20,beta,beta,inDrop1
765,human1_lib2.final_cell_0198,20,beta,beta,inDrop1
766,human1_lib2.final_cell_0199,22,beta,Unmatched_22,inDrop1
767,human1_lib2.final_cell_0200,20,beta,beta,inDrop1
768,human1_lib2.final_cell_0201,23,beta,epsilon,inDrop1
769,human1_lib2.final_cell_0202,18,gamma,gamma,inDrop1
770,human1_lib2.final_cell_0203,20,beta,beta,inDrop1
771,human1_lib2.final_cell_0204,20,beta,beta,inDrop1
772,human1_lib2.final_cell_0205,3,delta,delta,inDrop1
773,human1_lib2.final_cell_0206,1,ductal,ductal,inDrop1
774,human1_lib2.final_cell_0207,20,beta,beta,inDrop1
775,human1_lib2.final_cell_0208,20,beta,beta,inDrop1
776,human1_lib2.final_cell_0209,22,beta,Unmatched_22,inDrop1
777,human1_lib2.final_cell_0210,3,delta,delta,inDrop1
778,human1_lib2.final_cell_0211,20,beta,beta,inDrop1
779,human1_lib2.final_cell_0212,1,ductal,ductal,inDrop1
780,human1_lib2.final_cell_0213,23,beta,epsilon,inDrop1
781,human1_lib2.final_cell_0214,22,beta,Unmatched_22,inDrop1
782,human1_lib2.final_cell_0215,20,beta,beta,inDrop1
783,human1_lib2.final_cell_0216,20,beta,beta,inDrop1
784,human1_lib2.final_cell_0217,1,ductal,ductal,inDrop1
785,human1_lib2.final_cell_0218,7,activated_stellate,activated_stellate,inDrop1
786,human1_lib2.final_cell_0219,22,beta,Unmatched_22,inDrop1
787,human1_lib2.final_cell_0220,17,alpha,alpha,inDrop1
788,human1_lib2.final_cell_0221,20,beta,beta,inDrop1
789,human1_lib2.final_cell_0222,20,beta,beta,inDrop1
790,human1_lib2.final_cell_0223,7,activated_stellate,activated_stellate,inDrop1
791,human1_lib2.final_cell_0224,17,alpha,alpha,inDrop1
792,human1_lib2.final_cell_0225,12,acinar,acinar,inDrop1
793,human1_lib2.final_cell_0226,18,gamma,gamma,inDrop1
794,human1_lib2.final_cell_0227,20,beta,beta,inDrop1
795,human1_lib2.final_cell_0228,20,beta,beta,inDrop1
796,human1_lib2.final_cell_0229,20,beta,beta,inDrop1
797,human1_lib2.final_cell_0230,3,delta,delta,inDrop1
798,human1_lib2.final_cell_0231,17,alpha,alpha,inDrop1
799,human1_lib2.final_cell_0232,0,endothelial,endothelial,inDrop1
800,human1_lib2.final_cell_0233,18,gamma,gamma,inDrop1
801,human1_lib2.final_cell_0234,20,beta,beta,inDrop1
802,human1_lib2.final_cell_0235,17,alpha,alpha,inDrop1
803,human1_lib2.final_cell_0236,20,beta,beta,inDrop1
804,human1_lib2.final_cell_0237,20,beta,beta,inDrop1
805,human1_lib2.final_cell_0238,20,beta,beta,inDrop1
806,human1_lib2.final_cell_0239,3,beta,delta,inDrop1
807,human1_lib2.final_cell_0240,22,beta,Unmatched_22,inDrop1
808,human1_lib2.final_cell_0241,0,endothelial,endothelial,inDrop1
809,human1_lib2.final_cell_0242,20,beta,beta,inDrop1
810,human1_lib2.final_cell_0243,3,delta,delta,inDrop1
811,human1_lib2.final_cell_0244,20,beta,beta,inDrop1
812,human1_lib2.final_cell_0245,17,alpha,alpha,inDrop1
813,human1_lib2.final_cell_0246,20,beta,beta,inDrop1
814,human1_lib2.final_cell_0247,17,alpha,alpha,inDrop1
815,human1_lib2.final_cell_0248,17,alpha,alpha,inDrop1
816,human1_lib2.final_cell_0249,23,delta,epsilon,inDrop1
817,human1_lib2.final_cell_0250,17,alpha,alpha,inDrop1
818,human1_lib2.final_cell_0251,1,ductal,ductal,inDrop1
819,human1_lib2.final_cell_0252,23,beta,epsilon,inDrop1
820,human1_lib2.final_cell_0253,17,alpha,alpha,inDrop1
821,human1_lib2.final_cell_0254,0,endothelial,endothelial,inDrop1
822,human1_lib2.final_cell_0255,20,beta,beta,inDrop1
823,human1_lib2.final_cell_0256,20,beta,beta,inDrop1
824,human1_lib2.final_cell_0257,1,ductal,ductal,inDrop1
825,human1_lib2.final_cell_0258,3,delta,delta,inDrop1
826,human1_lib2.final_cell_0259,23,beta,epsilon,inDrop1
827,human1_lib2.final_cell_0260,20,beta,beta,inDrop1
828,human1_lib2.final_cell_0261,17,alpha,alpha,inDrop1
829,human1_lib2.final_cell_0262,17,alpha,alpha,inDrop1
830,human1_lib2.final_cell_0263,3,delta,delta,inDrop1
831,human1_lib2.final_cell_0264,18,gamma,gamma,inDrop1
832,human1_lib2.final_cell_0265,17,alpha,alpha,inDrop1
833,human1_lib2.final_cell_0266,23,beta,epsilon,inDrop1
834,human1_lib2.final_cell_0267,17,alpha,alpha,inDrop1
835,human1_lib2.final_cell_0268,1,ductal,ductal,inDrop1
836,human1_lib2.final_cell_0269,20,beta,beta,inDrop1
837,human1_lib2.final_cell_0270,18,gamma,gamma,inDrop1
838,human1_lib2.final_cell_0271,23,beta,epsilon,inDrop1
839,human1_lib2.final_cell_0272,8,schwann,schwann,inDrop1
840,human1_lib2.final_cell_0273,3,delta,delta,inDrop1
841,human1_lib2.final_cell_0274,23,beta,epsilon,inDrop1
842,human1_lib2.final_cell_0275,17,alpha,alpha,inDrop1
843,human1_lib2.final_cell_0276,3,delta,delta,inDrop1
844,human1_lib2.final_cell_0277,23,beta,epsilon,inDrop1
845,human1_lib2.final_cell_0278,12,acinar,acinar,inDrop1
846,human1_lib2.final_cell_0279,20,beta,beta,inDrop1
847,human1_lib2.final_cell_0280,20,beta,beta,inDrop1
848,human1_lib2.final_cell_0281,20,beta,beta,inDrop1
849,human1_lib2.final_cell_0282,20,beta,beta,inDrop1
850,human1_lib2.final_cell_0283,23,beta,epsilon,inDrop1
851,human1_lib2.final_cell_0284,17,alpha,alpha,inDrop1
852,human1_lib2.final_cell_0285,20,beta,beta,inDrop1
853,human1_lib2.final_cell_0286,20,beta,beta,inDrop1
854,human1_lib2.final_cell_0287,4,macrophage,macrophage,inDrop1
855,human1_lib2.final_cell_0288,18,gamma,gamma,inDrop1
856,human1_lib2.final_cell_0289,22,beta,Unmatched_22,inDrop1
857,human1_lib2.final_cell_0290,23,beta,epsilon,inDrop1
858,human1_lib2.final_cell_0291,17,alpha,alpha,inDrop1
859,human1_lib2.final_cell_0292,13,acinar,Unmatched_13,inDrop1
860,human1_lib2.final_cell_0293,0,endothelial,endothelial,inDrop1
861,human1_lib2.final_cell_0294,17,alpha,alpha,inDrop1
862,human1_lib2.final_cell_0295,20,beta,beta,inDrop1
863,human1_lib2.final_cell_0296,17,alpha,alpha,inDrop1
864,human1_lib2.final_cell_0297,17,alpha,alpha,inDrop1
865,human1_lib2.final_cell_0298,17,alpha,alpha,inDrop1
866,human1_lib2.final_cell_0299,22,beta,Unmatched_22,inDrop1
867,human1_lib2.final_cell_0300,20,beta,beta,inDrop1
868,human1_lib2.final_cell_0301,17,alpha,alpha,inDrop1
869,human1_lib2.final_cell_0302,17,alpha,alpha,inDrop1
870,human1_lib2.final_cell_0303,4,macrophage,macrophage,inDrop1
871,human1_lib2.final_cell_0304,17,alpha,alpha,inDrop1
872,human1_lib2.final_cell_0305,23,beta,epsilon,inDrop1
873,human1_lib2.final_cell_0306,20,beta,beta,inDrop1
874,human1_lib2.final_cell_0307,23,beta,epsilon,inDrop1
875,human1_lib2.final_cell_0308,17,alpha,alpha,inDrop1
876,human1_lib2.final_cell_0309,7,activated_stellate,activated_stellate,inDrop1
877,human1_lib2.final_cell_0310,3,delta,delta,inDrop1
878,human1_lib2.final_cell_0311,17,alpha,alpha,inDrop1
879,human1_lib2.final_cell_0312,17,alpha,alpha,inDrop1
880,human1_lib2.final_cell_0313,0,endothelial,endothelial,inDrop1
881,human1_lib2.final_cell_0314,20,beta,beta,inDrop1
882,human1_lib2.final_cell_0315,2,delta,quiescent_stellate,inDrop1
883,human1_lib2.final_cell_0316,23,beta,epsilon,inDrop1
884,human1_lib2.final_cell_0317,20,beta,beta,inDrop1
885,human1_lib2.final_cell_0318,23,beta,epsilon,inDrop1
886,human1_lib2.final_cell_0319,1,ductal,ductal,inDrop1
887,human1_lib2.final_cell_0320,22,beta,Unmatched_22,inDrop1
888,human1_lib2.final_cell_0321,1,ductal,ductal,inDrop1
889,human1_lib2.final_cell_0322,20,beta,beta,inDrop1
890,human1_lib2.final_cell_0323,20,beta,beta,inDrop1
891,human1_lib2.final_cell_0324,7,activated_stellate,activated_stellate,inDrop1
892,human1_lib2.final_cell_0325,20,beta,beta,inDrop1
893,human1_lib2.final_cell_0326,1,ductal,ductal,inDrop1
894,human1_lib2.final_cell_0327,21,beta,Unmatched_21,inDrop1
895,human1_lib2.final_cell_0328,20,beta,beta,inDrop1
896,human1_lib2.final_cell_0329,3,delta,delta,inDrop1
897,human1_lib2.final_cell_0330,1,ductal,ductal,inDrop1
898,human1_lib2.final_cell_0331,17,alpha,alpha,inDrop1
899,human1_lib2.final_cell_0332,1,ductal,ductal,inDrop1
900,human1_lib2.final_cell_0333,20,beta,beta,inDrop1
901,human1_lib2.final_cell_0334,18,gamma,gamma,inDrop1
902,human1_lib2.final_cell_0335,1,ductal,ductal,inDrop1
903,human1_lib2.final_cell_0336,20,beta,beta,inDrop1
904,human1_lib2.final_cell_0337,23,gamma,epsilon,inDrop1
905,human1_lib2.final_cell_0338,3,delta,delta,inDrop1
906,human1_lib2.final_cell_0339,17,alpha,alpha,inDrop1
907,human1_lib2.final_cell_0340,18,gamma,gamma,inDrop1
908,human1_lib2.final_cell_0341,17,alpha,alpha,inDrop1
909,human1_lib2.final_cell_0342,20,beta,beta,inDrop1
910,human1_lib2.final_cell_0343,4,macrophage,macrophage,inDrop1
911,human1_lib2.final_cell_0344,20,beta,beta,inDrop1
912,human1_lib2.final_cell_0345,20,beta,beta,inDrop1
913,human1_lib2.final_cell_0346,2,quiescent_stellate,quiescent_stellate,inDrop1
914,human1_lib2.final_cell_0347,3,delta,delta,inDrop1
915,human1_lib2.final_cell_0348,20,beta,beta,inDrop1
916,human1_lib2.final_cell_0349,17,alpha,alpha,inDrop1
917,human1_lib2.final_cell_0350,20,beta,beta,inDrop1
918,human1_lib2.final_cell_0351,17,alpha,alpha,inDrop1
919,human1_lib2.final_cell_0352,20,beta,beta,inDrop1
920,human1_lib2.final_cell_0353,20,beta,beta,inDrop1
921,human1_lib2.final_cell_0354,18,gamma,gamma,inDrop1
922,human1_lib2.final_cell_0355,17,alpha,alpha,inDrop1
923,human1_lib2.final_cell_0356,23,beta,epsilon,inDrop1
924,human1_lib2.final_cell_0357,20,beta,beta,inDrop1
925,human1_lib2.final_cell_0358,20,beta,beta,inDrop1
926,human1_lib2.final_cell_0359,22,beta,Unmatched_22,inDrop1
927,human1_lib2.final_cell_0360,4,macrophage,macrophage,inDrop1
928,human1_lib2.final_cell_0361,23,beta,epsilon,inDrop1
929,human1_lib2.final_cell_0362,3,delta,delta,inDrop1
930,human1_lib2.final_cell_0363,20,beta,beta,inDrop1
931,human1_lib2.final_cell_0364,18,gamma,gamma,inDrop1
932,human1_lib2.final_cell_0365,23,epsilon,epsilon,inDrop1
933,human1_lib2.final_cell_0366,3,delta,delta,inDrop1
934,human1_lib2.final_cell_0367,17,alpha,alpha,inDrop1
935,human1_lib2.final_cell_0368,23,beta,epsilon,inDrop1
936,human1_lib2.final_cell_0369,20,beta,beta,inDrop1
937,human1_lib2.final_cell_0370,3,delta,delta,inDrop1
938,human1_lib2.final_cell_0371,17,alpha,alpha,inDrop1
939,human1_lib2.final_cell_0372,0,endothelial,endothelial,inDrop1
940,human1_lib2.final_cell_0373,22,beta,Unmatched_22,inDrop1
941,human1_lib2.final_cell_0374,7,activated_stellate,activated_stellate,inDrop1
942,human1_lib2.final_cell_0375,12,acinar,acinar,inDrop1
943,human1_lib2.final_cell_0376,20,beta,beta,inDrop1
944,human1_lib2.final_cell_0377,12,acinar,acinar,inDrop1
945,human1_lib2.final_cell_0378,17,alpha,alpha,inDrop1
946,human1_lib2.final_cell_0379,18,gamma,gamma,inDrop1
947,human1_lib2.final_cell_0380,4,macrophage,macrophage,inDrop1
948,human1_lib2.final_cell_0381,20,beta,beta,inDrop1
949,human1_lib2.final_cell_0382,20,beta,beta,inDrop1
950,human1_lib2.final_cell_0383,12,acinar,acinar,inDrop1
951,human1_lib2.final_cell_0384,20,beta,beta,inDrop1
952,human1_lib2.final_cell_0385,20,beta,beta,inDrop1
953,human1_lib2.final_cell_0386,17,alpha,alpha,inDrop1
954,human1_lib2.final_cell_0387,3,delta,delta,inDrop1
955,human1_lib2.final_cell_0388,20,beta,beta,inDrop1
956,human1_lib2.final_cell_0389,1,ductal,ductal,inDrop1
957,human1_lib2.final_cell_0390,17,alpha,alpha,inDrop1
958,human1_lib2.final_cell_0391,20,beta,beta,inDrop1
959,human1_lib2.final_cell_0392,3,delta,delta,inDrop1
960,human1_lib2.final_cell_0393,22,beta,Unmatched_22,inDrop1
961,human1_lib2.final_cell_0394,22,beta,Unmatched_22,inDrop1
962,human1_lib2.final_cell_0395,12,acinar,acinar,inDrop1
963,human1_lib2.final_cell_0396,23,beta,epsilon,inDrop1
964,human1_lib2.final_cell_0397,20,beta,beta,inDrop1
965,human1_lib2.final_cell_0398,20,beta,beta,inDrop1
966,human1_lib2.final_cell_0399,17,alpha,alpha,inDrop1
967,human1_lib2.final_cell_0400,17,alpha,alpha,inDrop1
968,human1_lib2.final_cell_0401,17,alpha,alpha,inDrop1
969,human1_lib2.final_cell_0402,1,ductal,ductal,inDrop1
970,human1_lib2.final_cell_0403,17,alpha,alpha,inDrop1
971,human1_lib2.final_cell_0404,12,acinar,acinar,inDrop1
972,human1_lib2.final_cell_0405,12,acinar,acinar,inDrop1
973,human1_lib2.final_cell_0406,20,beta,beta,inDrop1
974,human1_lib2.final_cell_0407,3,delta,delta,inDrop1
975,human1_lib2.final_cell_0408,2,quiescent_stellate,quiescent_stellate,inDrop1
976,human1_lib2.final_cell_0409,17,alpha,alpha,inDrop1
977,human1_lib2.final_cell_0410,3,delta,delta,inDrop1
978,human1_lib2.final_cell_0411,22,beta,Unmatched_22,inDrop1
979,human1_lib2.final_cell_0412,1,ductal,ductal,inDrop1
980,human1_lib2.final_cell_0413,22,beta,Unmatched_22,inDrop1
981,human1_lib2.final_cell_0414,20,beta,beta,inDrop1
982,human1_lib2.final_cell_0415,20,beta,beta,inDrop1
983,human1_lib2.final_cell_0416,20,beta,beta,inDrop1
984,human1_lib2.final_cell_0417,2,quiescent_stellate,quiescent_stellate,inDrop1
985,human1_lib2.final_cell_0418,0,endothelial,endothelial,inDrop1
986,human1_lib2.final_cell_0419,12,acinar,acinar,inDrop1
987,human1_lib2.final_cell_0420,7,activated_stellate,activated_stellate,inDrop1
988,human1_lib2.final_cell_0421,3,delta,delta,inDrop1
989,human1_lib2.final_cell_0422,23,beta,epsilon,inDrop1
990,human1_lib2.final_cell_0423,17,alpha,alpha,inDrop1
991,human1_lib2.final_cell_0424,0,endothelial,endothelial,inDrop1
992,human1_lib2.final_cell_0425,0,endothelial,endothelial,inDrop1
993,human1_lib2.final_cell_0426,17,alpha,alpha,inDrop1
994,human1_lib2.final_cell_0427,20,beta,beta,inDrop1
995,human1_lib2.final_cell_0428,18,gamma,gamma,inDrop1
996,human1_lib2.final_cell_0429,23,beta,epsilon,inDrop1
997,human1_lib2.final_cell_0430,1,ductal,ductal,inDrop1
998,human1_lib2.final_cell_0431,7,activated_stellate,activated_stellate,inDrop1
999,human1_lib2.final_cell_0432,17,alpha,alpha,inDrop1
1000,human1_lib2.final_cell_0433,20,beta,beta,inDrop1
1001,human1_lib2.final_cell_0434,23,beta,epsilon,inDrop1
1002,human1_lib2.final_cell_0435,17,alpha,alpha,inDrop1
1003,human1_lib2.final_cell_0436,12,acinar,acinar,inDrop1
1004,human1_lib2.final_cell_0437,2,quiescent_stellate,quiescent_stellate,inDrop1
1005,human1_lib2.final_cell_0438,20,beta,beta,inDrop1
1006,human1_lib2.final_cell_0439,17,alpha,alpha,inDrop1
1007,human1_lib2.final_cell_0440,20,beta,beta,inDrop1
1008,human1_lib2.final_cell_0441,1,ductal,ductal,inDrop1
1009,human1_lib2.final_cell_0442,20,beta,beta,inDrop1
1010,human1_lib2.final_cell_0443,3,delta,delta,inDrop1
1011,human1_lib2.final_cell_0444,20,beta,beta,inDrop1
1012,human1_lib2.final_cell_0445,23,beta,epsilon,inDrop1
1013,human1_lib2.final_cell_0446,20,beta,beta,inDrop1
1014,human1_lib2.final_cell_0447,20,beta,beta,inDrop1
1015,human1_lib2.final_cell_0448,2,quiescent_stellate,quiescent_stellate,inDrop1
1016,human1_lib2.final_cell_0449,20,beta,beta,inDrop1
1017,human1_lib2.final_cell_0450,20,beta,beta,inDrop1
1018,human1_lib2.final_cell_0451,8,schwann,schwann,inDrop1
1019,human1_lib2.final_cell_0452,0,endothelial,endothelial,inDrop1
1020,human1_lib2.final_cell_0453,23,beta,epsilon,inDrop1
1021,human1_lib2.final_cell_0454,20,beta,beta,inDrop1
1022,human1_lib2.final_cell_0455,1,ductal,ductal,inDrop1
1023,human1_lib2.final_cell_0456,18,gamma,gamma,inDrop1
1024,human1_lib2.final_cell_0457,17,alpha,alpha,inDrop1
1025,human1_lib2.final_cell_0458,18,gamma,gamma,inDrop1
1026,human1_lib2.final_cell_0459,17,alpha,alpha,inDrop1
1027,human1_lib2.final_cell_0460,7,quiescent_stellate,activated_stellate,inDrop1
1028,human1_lib2.final_cell_0461,0,endothelial,endothelial,inDrop1
1029,human1_lib2.final_cell_0462,2,quiescent_stellate,quiescent_stellate,inDrop1
1030,human1_lib2.final_cell_0463,3,delta,delta,inDrop1
1031,human1_lib2.final_cell_0464,23,beta,epsilon,inDrop1
1032,human1_lib2.final_cell_0465,1,ductal,ductal,inDrop1
1033,human1_lib2.final_cell_0466,0,endothelial,endothelial,inDrop1
1034,human1_lib2.final_cell_0467,22,beta,Unmatched_22,inDrop1
1035,human1_lib2.final_cell_0468,3,delta,delta,inDrop1
1036,human1_lib2.final_cell_0469,7,activated_stellate,activated_stellate,inDrop1
1037,human1_lib2.final_cell_0470,0,endothelial,endothelial,inDrop1
1038,human1_lib2.final_cell_0471,12,acinar,acinar,inDrop1
1039,human1_lib2.final_cell_0472,0,endothelial,endothelial,inDrop1
1040,human1_lib2.final_cell_0473,3,delta,delta,inDrop1
1041,human1_lib2.final_cell_0474,18,gamma,gamma,inDrop1
1042,human1_lib2.final_cell_0475,7,activated_stellate,activated_stellate,inDrop1
1043,human1_lib2.final_cell_0476,0,endothelial,endothelial,inDrop1
1044,human1_lib2.final_cell_0477,23,beta,epsilon,inDrop1
1045,human1_lib2.final_cell_0478,1,ductal,ductal,inDrop1
1046,human1_lib2.final_cell_0479,20,beta,beta,inDrop1
1047,human1_lib2.final_cell_0480,20,beta,beta,inDrop1
1048,human1_lib2.final_cell_0481,17,alpha,alpha,inDrop1
1049,human1_lib2.final_cell_0482,17,alpha,alpha,inDrop1
1050,human1_lib2.final_cell_0483,22,beta,Unmatched_22,inDrop1
1051,human1_lib2.final_cell_0484,1,ductal,ductal,inDrop1
1052,human1_lib2.final_cell_0485,22,beta,Unmatched_22,inDrop1
1053,human1_lib2.final_cell_0486,17,alpha,alpha,inDrop1
1054,human1_lib2.final_cell_0487,0,endothelial,endothelial,inDrop1
1055,human1_lib2.final_cell_0488,0,endothelial,endothelial,inDrop1
1056,human1_lib2.final_cell_0489,20,beta,beta,inDrop1
1057,human1_lib2.final_cell_0490,0,endothelial,endothelial,inDrop1
1058,human1_lib2.final_cell_0491,0,endothelial,endothelial,inDrop1
1059,human1_lib2.final_cell_0492,17,alpha,alpha,inDrop1
1060,human1_lib2.final_cell_0493,2,quiescent_stellate,quiescent_stellate,inDrop1
1061,human1_lib2.final_cell_0494,1,ductal,ductal,inDrop1
1062,human1_lib2.final_cell_0495,20,beta,beta,inDrop1
1063,human1_lib2.final_cell_0496,2,quiescent_stellate,quiescent_stellate,inDrop1
1064,human1_lib2.final_cell_0497,23,epsilon,epsilon,inDrop1
1065,human1_lib2.final_cell_0498,3,delta,delta,inDrop1
1066,human1_lib2.final_cell_0499,4,macrophage,macrophage,inDrop1
1067,human1_lib2.final_cell_0500,18,gamma,gamma,inDrop1
1068,human1_lib2.final_cell_0501,1,ductal,ductal,inDrop1
1069,human1_lib2.final_cell_0502,17,alpha,alpha,inDrop1
1070,human1_lib2.final_cell_0503,20,beta,beta,inDrop1
1071,human1_lib2.final_cell_0504,17,alpha,alpha,inDrop1
1072,human1_lib2.final_cell_0505,0,endothelial,endothelial,inDrop1
1073,human1_lib2.final_cell_0506,20,beta,beta,inDrop1
1074,human1_lib2.final_cell_0507,18,gamma,gamma,inDrop1
1075,human1_lib2.final_cell_0508,23,beta,epsilon,inDrop1
1076,human1_lib2.final_cell_0509,20,beta,beta,inDrop1
1077,human1_lib2.final_cell_0510,23,quiescent_stellate,epsilon,inDrop1
1078,human1_lib2.final_cell_0511,17,alpha,alpha,inDrop1
1079,human1_lib2.final_cell_0512,23,beta,epsilon,inDrop1
1080,human1_lib2.final_cell_0513,18,gamma,gamma,inDrop1
1081,human1_lib2.final_cell_0514,23,alpha,epsilon,inDrop1
1082,human1_lib2.final_cell_0515,23,alpha,epsilon,inDrop1
1083,human1_lib2.final_cell_0516,22,beta,Unmatched_22,inDrop1
1084,human1_lib2.final_cell_0517,0,endothelial,endothelial,inDrop1
1085,human1_lib2.final_cell_0518,22,beta,Unmatched_22,inDrop1
1086,human1_lib2.final_cell_0519,2,quiescent_stellate,quiescent_stellate,inDrop1
1087,human1_lib2.final_cell_0520,0,endothelial,endothelial,inDrop1
1088,human1_lib2.final_cell_0521,22,beta,Unmatched_22,inDrop1
1089,human1_lib2.final_cell_0522,20,beta,beta,inDrop1
1090,human1_lib2.final_cell_0523,22,beta,Unmatched_22,inDrop1
1091,human1_lib2.final_cell_0524,23,beta,epsilon,inDrop1
1092,human1_lib2.final_cell_0525,1,ductal,ductal,inDrop1
1093,human1_lib2.final_cell_0526,23,beta,epsilon,inDrop1
1094,human1_lib2.final_cell_0527,17,alpha,alpha,inDrop1
1095,human1_lib2.final_cell_0528,2,quiescent_stellate,quiescent_stellate,inDrop1
1096,human1_lib2.final_cell_0529,20,beta,beta,inDrop1
1097,human1_lib2.final_cell_0530,0,endothelial,endothelial,inDrop1
1098,human1_lib2.final_cell_0531,23,beta,epsilon,inDrop1
1099,human1_lib2.final_cell_0532,1,ductal,ductal,inDrop1
1100,human1_lib2.final_cell_0533,1,ductal,ductal,inDrop1
1101,human1_lib2.final_cell_0534,22,beta,Unmatched_22,inDrop1
1102,human1_lib2.final_cell_0535,7,activated_stellate,activated_stellate,inDrop1
1103,human1_lib2.final_cell_0536,20,beta,beta,inDrop1
1104,human1_lib2.final_cell_0537,1,ductal,ductal,inDrop1
1105,human1_lib2.final_cell_0538,20,beta,beta,inDrop1
1106,human1_lib2.final_cell_0539,0,endothelial,endothelial,inDrop1
1107,human1_lib2.final_cell_0540,23,beta,epsilon,inDrop1
1108,human1_lib2.final_cell_0541,23,beta,epsilon,inDrop1
1109,human1_lib2.final_cell_0542,12,acinar,acinar,inDrop1
1110,human1_lib2.final_cell_0543,17,alpha,alpha,inDrop1
1111,human1_lib2.final_cell_0544,8,schwann,schwann,inDrop1
1112,human1_lib2.final_cell_0545,20,beta,beta,inDrop1
1113,human1_lib2.final_cell_0546,20,beta,beta,inDrop1
1114,human1_lib2.final_cell_0547,2,quiescent_stellate,quiescent_stellate,inDrop1
1115,human1_lib2.final_cell_0548,23,beta,epsilon,inDrop1
1116,human1_lib2.final_cell_0549,18,gamma,gamma,inDrop1
1117,human1_lib2.final_cell_0550,0,endothelial,endothelial,inDrop1
1118,human1_lib2.final_cell_0551,20,beta,beta,inDrop1
1119,human1_lib2.final_cell_0552,5,mast,mast,inDrop1
1120,human1_lib2.final_cell_0553,23,beta,epsilon,inDrop1
1121,human1_lib2.final_cell_0554,18,gamma,gamma,inDrop1
1122,human1_lib2.final_cell_0555,2,quiescent_stellate,quiescent_stellate,inDrop1
1123,human1_lib2.final_cell_0556,20,beta,beta,inDrop1
1124,human1_lib2.final_cell_0557,23,beta,epsilon,inDrop1
1125,human1_lib2.final_cell_0558,20,beta,beta,inDrop1
1126,human1_lib2.final_cell_0559,0,endothelial,endothelial,inDrop1
1127,human1_lib2.final_cell_0560,20,beta,beta,inDrop1
1128,human1_lib2.final_cell_0561,17,alpha,alpha,inDrop1
1129,human1_lib2.final_cell_0562,2,quiescent_stellate,quiescent_stellate,inDrop1
1130,human1_lib2.final_cell_0563,7,activated_stellate,activated_stellate,inDrop1
1131,human1_lib2.final_cell_0564,23,beta,epsilon,inDrop1
1132,human1_lib2.final_cell_0565,17,alpha,alpha,inDrop1
1133,human1_lib2.final_cell_0566,0,endothelial,endothelial,inDrop1
1134,human1_lib2.final_cell_0567,2,quiescent_stellate,quiescent_stellate,inDrop1
1135,human1_lib2.final_cell_0568,0,endothelial,endothelial,inDrop1
1136,human1_lib2.final_cell_0569,0,endothelial,endothelial,inDrop1
1137,human1_lib2.final_cell_0570,0,endothelial,endothelial,inDrop1
1138,human1_lib2.final_cell_0571,0,endothelial,endothelial,inDrop1
1139,human1_lib2.final_cell_0572,1,ductal,ductal,inDrop1
1140,human1_lib2.final_cell_0573,23,beta,epsilon,inDrop1
1141,human1_lib2.final_cell_0574,1,ductal,ductal,inDrop1
1142,human1_lib2.final_cell_0575,2,quiescent_stellate,quiescent_stellate,inDrop1
1143,human1_lib2.final_cell_0576,23,beta,epsilon,inDrop1
1144,human1_lib2.final_cell_0577,0,endothelial,endothelial,inDrop1
1145,human1_lib2.final_cell_0578,0,endothelial,endothelial,inDrop1
1146,human1_lib2.final_cell_0579,17,alpha,alpha,inDrop1
1147,human1_lib2.final_cell_0580,2,quiescent_stellate,quiescent_stellate,inDrop1
1148,human1_lib2.final_cell_0581,17,alpha,alpha,inDrop1
1149,human1_lib2.final_cell_0582,12,acinar,acinar,inDrop1
1150,human1_lib2.final_cell_0583,18,gamma,gamma,inDrop1
1151,human1_lib2.final_cell_0584,0,endothelial,endothelial,inDrop1
1152,human1_lib2.final_cell_0585,20,beta,beta,inDrop1
1153,human1_lib2.final_cell_0586,2,quiescent_stellate,quiescent_stellate,inDrop1
1154,human1_lib2.final_cell_0587,7,activated_stellate,activated_stellate,inDrop1
1155,human1_lib2.final_cell_0588,20,beta,beta,inDrop1
1156,human1_lib2.final_cell_0589,23,beta,epsilon,inDrop1
1157,human1_lib2.final_cell_0590,0,endothelial,endothelial,inDrop1
1158,human1_lib2.final_cell_0591,17,alpha,alpha,inDrop1
1159,human1_lib2.final_cell_0592,2,quiescent_stellate,quiescent_stellate,inDrop1
1160,human1_lib2.final_cell_0593,2,quiescent_stellate,quiescent_stellate,inDrop1
1161,human1_lib2.final_cell_0594,2,quiescent_stellate,quiescent_stellate,inDrop1
1162,human1_lib2.final_cell_0595,2,quiescent_stellate,quiescent_stellate,inDrop1
1163,human1_lib2.final_cell_0596,0,endothelial,endothelial,inDrop1
1164,human1_lib2.final_cell_0597,23,beta,epsilon,inDrop1
1165,human1_lib2.final_cell_0598,2,quiescent_stellate,quiescent_stellate,inDrop1
1166,human1_lib2.final_cell_0599,20,beta,beta,inDrop1
1167,human1_lib2.final_cell_0600,2,quiescent_stellate,quiescent_stellate,inDrop1
1168,human1_lib2.final_cell_0601,2,quiescent_stellate,quiescent_stellate,inDrop1
1169,human1_lib2.final_cell_0602,20,beta,beta,inDrop1
1170,human1_lib2.final_cell_0603,23,beta,epsilon,inDrop1
1171,human1_lib2.final_cell_0604,23,beta,epsilon,inDrop1
1172,human1_lib2.final_cell_0605,23,beta,epsilon,inDrop1
1173,human1_lib2.final_cell_0606,23,beta,epsilon,inDrop1
1174,human1_lib2.final_cell_0607,0,endothelial,endothelial,inDrop1
1175,human1_lib2.final_cell_0608,17,alpha,alpha,inDrop1
1176,human1_lib2.final_cell_0609,20,beta,beta,inDrop1
1177,human1_lib2.final_cell_0610,0,endothelial,endothelial,inDrop1
1178,human1_lib2.final_cell_0611,0,endothelial,endothelial,inDrop1
1179,human1_lib2.final_cell_0612,23,activated_stellate,epsilon,inDrop1
1180,human1_lib2.final_cell_0613,17,alpha,alpha,inDrop1
1181,human1_lib2.final_cell_0614,20,beta,beta,inDrop1
1182,human1_lib2.final_cell_0615,20,beta,beta,inDrop1
1183,human1_lib2.final_cell_0616,12,acinar,acinar,inDrop1
1184,human1_lib2.final_cell_0617,2,quiescent_stellate,quiescent_stellate,inDrop1
1185,human1_lib2.final_cell_0618,0,endothelial,endothelial,inDrop1
1186,human1_lib2.final_cell_0619,0,endothelial,endothelial,inDrop1
1187,human1_lib2.final_cell_0620,0,endothelial,endothelial,inDrop1
1188,human1_lib2.final_cell_0621,23,delta,epsilon,inDrop1
1189,human1_lib2.final_cell_0622,0,endothelial,endothelial,inDrop1
1190,human1_lib2.final_cell_0623,17,alpha,alpha,inDrop1
1191,human1_lib2.final_cell_0624,23,beta,epsilon,inDrop1
1192,human1_lib2.final_cell_0625,2,quiescent_stellate,quiescent_stellate,inDrop1
1193,human1_lib2.final_cell_0626,0,endothelial,endothelial,inDrop1
1194,human1_lib2.final_cell_0627,2,quiescent_stellate,quiescent_stellate,inDrop1
1195,human1_lib2.final_cell_0628,23,alpha,epsilon,inDrop1
1196,human1_lib2.final_cell_0629,2,quiescent_stellate,quiescent_stellate,inDrop1
1197,human1_lib3.final_cell_0001,12,acinar,acinar,inDrop1
1198,human1_lib3.final_cell_0002,13,acinar,Unmatched_13,inDrop1
1199,human1_lib3.final_cell_0003,3,delta,delta,inDrop1
1200,human1_lib3.final_cell_0004,12,acinar,acinar,inDrop1
1201,human1_lib3.final_cell_0005,7,activated_stellate,activated_stellate,inDrop1
1202,human1_lib3.final_cell_0006,13,acinar,Unmatched_13,inDrop1
1203,human1_lib3.final_cell_0007,12,acinar,acinar,inDrop1
1204,human1_lib3.final_cell_0008,3,delta,delta,inDrop1
1205,human1_lib3.final_cell_0009,3,delta,delta,inDrop1
1206,human1_lib3.final_cell_0010,3,delta,delta,inDrop1
1207,human1_lib3.final_cell_0011,12,acinar,acinar,inDrop1
1208,human1_lib3.final_cell_0012,20,beta,beta,inDrop1
1209,human1_lib3.final_cell_0013,7,activated_stellate,activated_stellate,inDrop1
1210,human1_lib3.final_cell_0014,3,delta,delta,inDrop1
1211,human1_lib3.final_cell_0015,3,delta,delta,inDrop1
1212,human1_lib3.final_cell_0016,3,delta,delta,inDrop1
1213,human1_lib3.final_cell_0017,3,delta,delta,inDrop1
1214,human1_lib3.final_cell_0018,20,beta,beta,inDrop1
1215,human1_lib3.final_cell_0019,3,delta,delta,inDrop1
1216,human1_lib3.final_cell_0020,12,acinar,acinar,inDrop1
1217,human1_lib3.final_cell_0021,7,activated_stellate,activated_stellate,inDrop1
1218,human1_lib3.final_cell_0022,7,activated_stellate,activated_stellate,inDrop1
1219,human1_lib3.final_cell_0023,3,delta,delta,inDrop1
1220,human1_lib3.final_cell_0024,20,beta,beta,inDrop1
1221,human1_lib3.final_cell_0025,12,acinar,acinar,inDrop1
1222,human1_lib3.final_cell_0026,3,delta,delta,inDrop1
1223,human1_lib3.final_cell_0027,20,beta,beta,inDrop1
1224,human1_lib3.final_cell_0028,3,delta,delta,inDrop1
1225,human1_lib3.final_cell_0029,13,ductal,Unmatched_13,inDrop1
1226,human1_lib3.final_cell_0030,12,acinar,acinar,inDrop1
1227,human1_lib3.final_cell_0031,13,acinar,Unmatched_13,inDrop1
1228,human1_lib3.final_cell_0032,3,delta,delta,inDrop1
1229,human1_lib3.final_cell_0033,20,beta,beta,inDrop1
1230,human1_lib3.final_cell_0034,23,beta,epsilon,inDrop1
1231,human1_lib3.final_cell_0035,20,beta,beta,inDrop1
1232,human1_lib3.final_cell_0036,3,delta,delta,inDrop1
1233,human1_lib3.final_cell_0037,20,beta,beta,inDrop1
1234,human1_lib3.final_cell_0038,20,beta,beta,inDrop1
1235,human1_lib3.final_cell_0039,20,beta,beta,inDrop1
1236,human1_lib3.final_cell_0040,3,delta,delta,inDrop1
1237,human1_lib3.final_cell_0041,3,delta,delta,inDrop1
1238,human1_lib3.final_cell_0042,3,delta,delta,inDrop1
1239,human1_lib3.final_cell_0043,13,acinar,Unmatched_13,inDrop1
1240,human1_lib3.final_cell_0044,1,ductal,ductal,inDrop1
1241,human1_lib3.final_cell_0045,3,delta,delta,inDrop1
1242,human1_lib3.final_cell_0046,7,activated_stellate,activated_stellate,inDrop1
1243,human1_lib3.final_cell_0047,20,beta,beta,inDrop1
1244,human1_lib3.final_cell_0048,23,activated_stellate,epsilon,inDrop1
1245,human1_lib3.final_cell_0049,17,alpha,alpha,inDrop1
1246,human1_lib3.final_cell_0050,3,delta,delta,inDrop1
1247,human1_lib3.final_cell_0051,23,beta,epsilon,inDrop1
1248,human1_lib3.final_cell_0052,20,beta,beta,inDrop1
1249,human1_lib3.final_cell_0053,20,beta,beta,inDrop1
1250,human1_lib3.final_cell_0054,12,acinar,acinar,inDrop1
1251,human1_lib3.final_cell_0055,3,delta,delta,inDrop1
1252,human1_lib3.final_cell_0056,1,ductal,ductal,inDrop1
1253,human1_lib3.final_cell_0057,4,macrophage,macrophage,inDrop1
1254,human1_lib3.final_cell_0058,3,delta,delta,inDrop1
1255,human1_lib3.final_cell_0059,22,beta,Unmatched_22,inDrop1
1256,human1_lib3.final_cell_0060,20,beta,beta,inDrop1
1257,human1_lib3.final_cell_0061,3,delta,delta,inDrop1
1258,human1_lib3.final_cell_0062,3,delta,delta,inDrop1
1259,human1_lib3.final_cell_0063,23,beta,epsilon,inDrop1
1260,human1_lib3.final_cell_0064,3,delta,delta,inDrop1
1261,human1_lib3.final_cell_0065,20,beta,beta,inDrop1
1262,human1_lib3.final_cell_0066,3,delta,delta,inDrop1
1263,human1_lib3.final_cell_0067,13,acinar,Unmatched_13,inDrop1
1264,human1_lib3.final_cell_0068,3,delta,delta,inDrop1
1265,human1_lib3.final_cell_0069,20,beta,beta,inDrop1
1266,human1_lib3.final_cell_0070,13,acinar,Unmatched_13,inDrop1
1267,human1_lib3.final_cell_0071,20,beta,beta,inDrop1
1268,human1_lib3.final_cell_0072,20,beta,beta,inDrop1
1269,human1_lib3.final_cell_0073,1,ductal,ductal,inDrop1
1270,human1_lib3.final_cell_0074,3,delta,delta,inDrop1
1271,human1_lib3.final_cell_0075,3,delta,delta,inDrop1
1272,human1_lib3.final_cell_0076,20,beta,beta,inDrop1
1273,human1_lib3.final_cell_0077,3,delta,delta,inDrop1
1274,human1_lib3.final_cell_0078,3,delta,delta,inDrop1
1275,human1_lib3.final_cell_0079,20,beta,beta,inDrop1
1276,human1_lib3.final_cell_0080,17,alpha,alpha,inDrop1
1277,human1_lib3.final_cell_0081,20,beta,beta,inDrop1
1278,human1_lib3.final_cell_0082,13,acinar,Unmatched_13,inDrop1
1279,human1_lib3.final_cell_0083,17,alpha,alpha,inDrop1
1280,human1_lib3.final_cell_0084,17,alpha,alpha,inDrop1
1281,human1_lib3.final_cell_0085,20,beta,beta,inDrop1
1282,human1_lib3.final_cell_0086,20,beta,beta,inDrop1
1283,human1_lib3.final_cell_0087,20,beta,beta,inDrop1
1284,human1_lib3.final_cell_0088,20,beta,beta,inDrop1
1285,human1_lib3.final_cell_0089,20,beta,beta,inDrop1
1286,human1_lib3.final_cell_0090,20,beta,beta,inDrop1
1287,human1_lib3.final_cell_0091,20,beta,beta,inDrop1
1288,human1_lib3.final_cell_0092,20,beta,beta,inDrop1
1289,human1_lib3.final_cell_0093,3,delta,delta,inDrop1
1290,human1_lib3.final_cell_0094,20,beta,beta,inDrop1
1291,human1_lib3.final_cell_0095,20,beta,beta,inDrop1
1292,human1_lib3.final_cell_0096,3,delta,delta,inDrop1
1293,human1_lib3.final_cell_0097,20,beta,beta,inDrop1
1294,human1_lib3.final_cell_0098,20,beta,beta,inDrop1
1295,human1_lib3.final_cell_0099,20,beta,beta,inDrop1
1296,human1_lib3.final_cell_0100,17,alpha,alpha,inDrop1
1297,human1_lib3.final_cell_0101,3,delta,delta,inDrop1
1298,human1_lib3.final_cell_0102,17,alpha,alpha,inDrop1
1299,human1_lib3.final_cell_0103,20,beta,beta,inDrop1
1300,human1_lib3.final_cell_0104,3,delta,delta,inDrop1
1301,human1_lib3.final_cell_0105,20,beta,beta,inDrop1
1302,human1_lib3.final_cell_0106,7,activated_stellate,activated_stellate,inDrop1
1303,human1_lib3.final_cell_0107,20,beta,beta,inDrop1
1304,human1_lib3.final_cell_0108,22,beta,Unmatched_22,inDrop1
1305,human1_lib3.final_cell_0109,3,delta,delta,inDrop1
1306,human1_lib3.final_cell_0110,3,delta,delta,inDrop1
1307,human1_lib3.final_cell_0111,1,ductal,ductal,inDrop1
1308,human1_lib3.final_cell_0112,13,acinar,Unmatched_13,inDrop1
1309,human1_lib3.final_cell_0113,12,acinar,acinar,inDrop1
1310,human1_lib3.final_cell_0114,3,delta,delta,inDrop1
1311,human1_lib3.final_cell_0115,1,ductal,ductal,inDrop1
1312,human1_lib3.final_cell_0116,3,delta,delta,inDrop1
1313,human1_lib3.final_cell_0117,20,beta,beta,inDrop1
1314,human1_lib3.final_cell_0118,1,ductal,ductal,inDrop1
1315,human1_lib3.final_cell_0119,23,beta,epsilon,inDrop1
1316,human1_lib3.final_cell_0120,20,beta,beta,inDrop1
1317,human1_lib3.final_cell_0121,20,beta,beta,inDrop1
1318,human1_lib3.final_cell_0122,20,beta,beta,inDrop1
1319,human1_lib3.final_cell_0123,17,alpha,alpha,inDrop1
1320,human1_lib3.final_cell_0124,20,beta,beta,inDrop1
1321,human1_lib3.final_cell_0125,23,beta,epsilon,inDrop1
1322,human1_lib3.final_cell_0126,22,beta,Unmatched_22,inDrop1
1323,human1_lib3.final_cell_0127,20,beta,beta,inDrop1
1324,human1_lib3.final_cell_0128,20,beta,beta,inDrop1
1325,human1_lib3.final_cell_0129,17,alpha,alpha,inDrop1
1326,human1_lib3.final_cell_0130,13,acinar,Unmatched_13,inDrop1
1327,human1_lib3.final_cell_0131,20,beta,beta,inDrop1
1328,human1_lib3.final_cell_0132,20,beta,beta,inDrop1
1329,human1_lib3.final_cell_0133,20,beta,beta,inDrop1
1330,human1_lib3.final_cell_0134,20,beta,beta,inDrop1
1331,human1_lib3.final_cell_0135,3,delta,delta,inDrop1
1332,human1_lib3.final_cell_0136,20,beta,beta,inDrop1
1333,human1_lib3.final_cell_0137,20,beta,beta,inDrop1
1334,human1_lib3.final_cell_0138,20,beta,beta,inDrop1
1335,human1_lib3.final_cell_0139,7,activated_stellate,activated_stellate,inDrop1
1336,human1_lib3.final_cell_0140,20,beta,beta,inDrop1
1337,human1_lib3.final_cell_0141,3,delta,delta,inDrop1
1338,human1_lib3.final_cell_0142,20,beta,beta,inDrop1
1339,human1_lib3.final_cell_0143,12,acinar,acinar,inDrop1
1340,human1_lib3.final_cell_0144,23,beta,epsilon,inDrop1
1341,human1_lib3.final_cell_0145,20,beta,beta,inDrop1
1342,human1_lib3.final_cell_0146,7,activated_stellate,activated_stellate,inDrop1
1343,human1_lib3.final_cell_0147,17,alpha,alpha,inDrop1
1344,human1_lib3.final_cell_0148,20,beta,beta,inDrop1
1345,human1_lib3.final_cell_0149,20,beta,beta,inDrop1
1346,human1_lib3.final_cell_0150,2,quiescent_stellate,quiescent_stellate,inDrop1
1347,human1_lib3.final_cell_0151,7,activated_stellate,activated_stellate,inDrop1
1348,human1_lib3.final_cell_0152,13,acinar,Unmatched_13,inDrop1
1349,human1_lib3.final_cell_0153,20,beta,beta,inDrop1
1350,human1_lib3.final_cell_0154,17,alpha,alpha,inDrop1
1351,human1_lib3.final_cell_0155,3,delta,delta,inDrop1
1352,human1_lib3.final_cell_0156,12,acinar,acinar,inDrop1
1353,human1_lib3.final_cell_0157,20,beta,beta,inDrop1
1354,human1_lib3.final_cell_0158,20,beta,beta,inDrop1
1355,human1_lib3.final_cell_0159,23,beta,epsilon,inDrop1
1356,human1_lib3.final_cell_0160,20,beta,beta,inDrop1
1357,human1_lib3.final_cell_0161,1,ductal,ductal,inDrop1
1358,human1_lib3.final_cell_0162,20,beta,beta,inDrop1
1359,human1_lib3.final_cell_0163,12,acinar,acinar,inDrop1
1360,human1_lib3.final_cell_0164,20,beta,beta,inDrop1
1361,human1_lib3.final_cell_0165,23,beta,epsilon,inDrop1
1362,human1_lib3.final_cell_0166,22,beta,Unmatched_22,inDrop1
1363,human1_lib3.final_cell_0167,20,beta,beta,inDrop1
1364,human1_lib3.final_cell_0168,20,beta,beta,inDrop1
1365,human1_lib3.final_cell_0169,20,beta,beta,inDrop1
1366,human1_lib3.final_cell_0170,17,alpha,alpha,inDrop1
1367,human1_lib3.final_cell_0171,12,acinar,acinar,inDrop1
1368,human1_lib3.final_cell_0172,20,beta,beta,inDrop1
1369,human1_lib3.final_cell_0173,22,beta,Unmatched_22,inDrop1
1370,human1_lib3.final_cell_0174,17,alpha,alpha,inDrop1
1371,human1_lib3.final_cell_0175,20,beta,beta,inDrop1
1372,human1_lib3.final_cell_0176,23,beta,epsilon,inDrop1
1373,human1_lib3.final_cell_0177,18,gamma,gamma,inDrop1
1374,human1_lib3.final_cell_0178,3,delta,delta,inDrop1
1375,human1_lib3.final_cell_0179,4,macrophage,macrophage,inDrop1
1376,human1_lib3.final_cell_0180,17,alpha,alpha,inDrop1
1377,human1_lib3.final_cell_0181,3,delta,delta,inDrop1
1378,human1_lib3.final_cell_0182,20,beta,beta,inDrop1
1379,human1_lib3.final_cell_0183,1,ductal,ductal,inDrop1
1380,human1_lib3.final_cell_0184,1,ductal,ductal,inDrop1
1381,human1_lib3.final_cell_0185,17,alpha,alpha,inDrop1
1382,human1_lib3.final_cell_0186,20,beta,beta,inDrop1
1383,human1_lib3.final_cell_0187,22,beta,Unmatched_22,inDrop1
1384,human1_lib3.final_cell_0188,12,acinar,acinar,inDrop1
1385,human1_lib3.final_cell_0189,0,endothelial,endothelial,inDrop1
1386,human1_lib3.final_cell_0190,9,alpha,Unmatched_9,inDrop1
1387,human1_lib3.final_cell_0191,18,gamma,gamma,inDrop1
1388,human1_lib3.final_cell_0192,20,beta,beta,inDrop1
1389,human1_lib3.final_cell_0193,2,quiescent_stellate,quiescent_stellate,inDrop1
1390,human1_lib3.final_cell_0194,20,beta,beta,inDrop1
1391,human1_lib3.final_cell_0195,3,delta,delta,inDrop1
1392,human1_lib3.final_cell_0196,20,beta,beta,inDrop1
1393,human1_lib3.final_cell_0197,1,ductal,ductal,inDrop1
1394,human1_lib3.final_cell_0198,20,beta,beta,inDrop1
1395,human1_lib3.final_cell_0199,23,alpha,epsilon,inDrop1
1396,human1_lib3.final_cell_0200,20,beta,beta,inDrop1
1397,human1_lib3.final_cell_0201,3,delta,delta,inDrop1
1398,human1_lib3.final_cell_0202,22,beta,Unmatched_22,inDrop1
1399,human1_lib3.final_cell_0203,17,alpha,alpha,inDrop1
1400,human1_lib3.final_cell_0204,2,quiescent_stellate,quiescent_stellate,inDrop1
1401,human1_lib3.final_cell_0205,1,ductal,ductal,inDrop1
1402,human1_lib3.final_cell_0206,3,delta,delta,inDrop1
1403,human1_lib3.final_cell_0207,20,beta,beta,inDrop1
1404,human1_lib3.final_cell_0208,20,beta,beta,inDrop1
1405,human1_lib3.final_cell_0209,3,delta,delta,inDrop1
1406,human1_lib3.final_cell_0210,17,alpha,alpha,inDrop1
1407,human1_lib3.final_cell_0211,20,beta,beta,inDrop1
1408,human1_lib3.final_cell_0212,20,beta,beta,inDrop1
1409,human1_lib3.final_cell_0213,3,delta,delta,inDrop1
1410,human1_lib3.final_cell_0214,20,beta,beta,inDrop1
1411,human1_lib3.final_cell_0215,20,beta,beta,inDrop1
1412,human1_lib3.final_cell_0216,3,delta,delta,inDrop1
1413,human1_lib3.final_cell_0217,1,ductal,ductal,inDrop1
1414,human1_lib3.final_cell_0218,1,ductal,ductal,inDrop1
1415,human1_lib3.final_cell_0219,20,beta,beta,inDrop1
1416,human1_lib3.final_cell_0220,20,beta,beta,inDrop1
1417,human1_lib3.final_cell_0221,20,beta,beta,inDrop1
1418,human1_lib3.final_cell_0222,20,beta,beta,inDrop1
1419,human1_lib3.final_cell_0223,0,endothelial,endothelial,inDrop1
1420,human1_lib3.final_cell_0224,20,beta,beta,inDrop1
1421,human1_lib3.final_cell_0225,20,beta,beta,inDrop1
1422,human1_lib3.final_cell_0226,17,alpha,alpha,inDrop1
1423,human1_lib3.final_cell_0227,20,beta,beta,inDrop1
1424,human1_lib3.final_cell_0228,20,beta,beta,inDrop1
1425,human1_lib3.final_cell_0229,17,alpha,alpha,inDrop1
1426,human1_lib3.final_cell_0230,20,beta,beta,inDrop1
1427,human1_lib3.final_cell_0231,12,acinar,acinar,inDrop1
1428,human1_lib3.final_cell_0232,3,delta,delta,inDrop1
1429,human1_lib3.final_cell_0233,20,beta,beta,inDrop1
1430,human1_lib3.final_cell_0234,20,beta,beta,inDrop1
1431,human1_lib3.final_cell_0235,1,ductal,ductal,inDrop1
1432,human1_lib3.final_cell_0236,1,ductal,ductal,inDrop1
1433,human1_lib3.final_cell_0237,20,beta,beta,inDrop1
1434,human1_lib3.final_cell_0238,17,alpha,alpha,inDrop1
1435,human1_lib3.final_cell_0239,20,beta,beta,inDrop1
1436,human1_lib3.final_cell_0240,20,beta,beta,inDrop1
1437,human1_lib3.final_cell_0241,1,ductal,ductal,inDrop1
1438,human1_lib3.final_cell_0242,17,alpha,alpha,inDrop1
1439,human1_lib3.final_cell_0243,7,activated_stellate,activated_stellate,inDrop1
1440,human1_lib3.final_cell_0244,20,beta,beta,inDrop1
1441,human1_lib3.final_cell_0245,17,alpha,alpha,inDrop1
1442,human1_lib3.final_cell_0246,1,ductal,ductal,inDrop1
1443,human1_lib3.final_cell_0247,3,delta,delta,inDrop1
1444,human1_lib3.final_cell_0248,17,alpha,alpha,inDrop1
1445,human1_lib3.final_cell_0249,18,gamma,gamma,inDrop1
1446,human1_lib3.final_cell_0250,20,beta,beta,inDrop1
1447,human1_lib3.final_cell_0251,7,activated_stellate,activated_stellate,inDrop1
1448,human1_lib3.final_cell_0252,1,ductal,ductal,inDrop1
1449,human1_lib3.final_cell_0253,23,beta,epsilon,inDrop1
1450,human1_lib3.final_cell_0254,20,beta,beta,inDrop1
1451,human1_lib3.final_cell_0255,7,activated_stellate,activated_stellate,inDrop1
1452,human1_lib3.final_cell_0256,20,beta,beta,inDrop1
1453,human1_lib3.final_cell_0257,3,delta,delta,inDrop1
1454,human1_lib3.final_cell_0258,7,activated_stellate,activated_stellate,inDrop1
1455,human1_lib3.final_cell_0259,20,beta,beta,inDrop1
1456,human1_lib3.final_cell_0260,18,gamma,gamma,inDrop1
1457,human1_lib3.final_cell_0261,20,beta,beta,inDrop1
1458,human1_lib3.final_cell_0262,20,beta,beta,inDrop1
1459,human1_lib3.final_cell_0263,20,beta,beta,inDrop1
1460,human1_lib3.final_cell_0264,3,delta,delta,inDrop1
1461,human1_lib3.final_cell_0265,20,beta,beta,inDrop1
1462,human1_lib3.final_cell_0266,20,beta,beta,inDrop1
1463,human1_lib3.final_cell_0267,17,alpha,alpha,inDrop1
1464,human1_lib3.final_cell_0268,20,beta,beta,inDrop1
1465,human1_lib3.final_cell_0269,17,alpha,alpha,inDrop1
1466,human1_lib3.final_cell_0270,3,epsilon,delta,inDrop1
1467,human1_lib3.final_cell_0271,7,activated_stellate,activated_stellate,inDrop1
1468,human1_lib3.final_cell_0272,20,beta,beta,inDrop1
1469,human1_lib3.final_cell_0273,17,alpha,alpha,inDrop1
1470,human1_lib3.final_cell_0274,1,ductal,ductal,inDrop1
1471,human1_lib3.final_cell_0275,17,alpha,alpha,inDrop1
1472,human1_lib3.final_cell_0276,20,beta,beta,inDrop1
1473,human1_lib3.final_cell_0277,20,beta,beta,inDrop1
1474,human1_lib3.final_cell_0278,3,delta,delta,inDrop1
1475,human1_lib3.final_cell_0279,1,ductal,ductal,inDrop1
1476,human1_lib3.final_cell_0280,20,beta,beta,inDrop1
1477,human1_lib3.final_cell_0281,17,alpha,alpha,inDrop1
1478,human1_lib3.final_cell_0282,3,delta,delta,inDrop1
1479,human1_lib3.final_cell_0283,20,beta,beta,inDrop1
1480,human1_lib3.final_cell_0284,23,beta,epsilon,inDrop1
1481,human1_lib3.final_cell_0285,20,beta,beta,inDrop1
1482,human1_lib3.final_cell_0286,20,beta,beta,inDrop1
1483,human1_lib3.final_cell_0287,23,beta,epsilon,inDrop1
1484,human1_lib3.final_cell_0288,7,activated_stellate,activated_stellate,inDrop1
1485,human1_lib3.final_cell_0289,17,alpha,alpha,inDrop1
1486,human1_lib3.final_cell_0290,22,beta,Unmatched_22,inDrop1
1487,human1_lib3.final_cell_0291,1,ductal,ductal,inDrop1
1488,human1_lib3.final_cell_0292,3,delta,delta,inDrop1
1489,human1_lib3.final_cell_0293,23,alpha,epsilon,inDrop1
1490,human1_lib3.final_cell_0294,17,alpha,alpha,inDrop1
1491,human1_lib3.final_cell_0295,23,beta,epsilon,inDrop1
1492,human1_lib3.final_cell_0296,20,beta,beta,inDrop1
1493,human1_lib3.final_cell_0297,20,beta,beta,inDrop1
1494,human1_lib3.final_cell_0298,3,delta,delta,inDrop1
1495,human1_lib3.final_cell_0299,17,alpha,alpha,inDrop1
1496,human1_lib3.final_cell_0300,22,beta,Unmatched_22,inDrop1
1497,human1_lib3.final_cell_0301,20,beta,beta,inDrop1
1498,human1_lib3.final_cell_0302,20,beta,beta,inDrop1
1499,human1_lib3.final_cell_0303,20,beta,beta,inDrop1
1500,human1_lib3.final_cell_0304,20,beta,beta,inDrop1
1501,human1_lib3.final_cell_0305,3,delta,delta,inDrop1
1502,human1_lib3.final_cell_0306,20,beta,beta,inDrop1
1503,human1_lib3.final_cell_0307,20,beta,beta,inDrop1
1504,human1_lib3.final_cell_0308,20,beta,beta,inDrop1
1505,human1_lib3.final_cell_0309,17,alpha,alpha,inDrop1
1506,human1_lib3.final_cell_0310,20,beta,beta,inDrop1
1507,human1_lib3.final_cell_0311,18,gamma,gamma,inDrop1
1508,human1_lib3.final_cell_0312,20,beta,beta,inDrop1
1509,human1_lib3.final_cell_0313,7,activated_stellate,activated_stellate,inDrop1
1510,human1_lib3.final_cell_0314,20,beta,beta,inDrop1
1511,human1_lib3.final_cell_0315,17,alpha,alpha,inDrop1
1512,human1_lib3.final_cell_0316,17,alpha,alpha,inDrop1
1513,human1_lib3.final_cell_0317,20,beta,beta,inDrop1
1514,human1_lib3.final_cell_0318,20,beta,beta,inDrop1
1515,human1_lib3.final_cell_0319,3,delta,delta,inDrop1
1516,human1_lib3.final_cell_0320,20,beta,beta,inDrop1
1517,human1_lib3.final_cell_0321,21,beta,Unmatched_21,inDrop1
1518,human1_lib3.final_cell_0322,20,beta,beta,inDrop1
1519,human1_lib3.final_cell_0323,20,beta,beta,inDrop1
1520,human1_lib3.final_cell_0324,20,beta,beta,inDrop1
1521,human1_lib3.final_cell_0325,20,beta,beta,inDrop1
1522,human1_lib3.final_cell_0326,2,quiescent_stellate,quiescent_stellate,inDrop1
1523,human1_lib3.final_cell_0327,1,ductal,ductal,inDrop1
1524,human1_lib3.final_cell_0328,1,ductal,ductal,inDrop1
1525,human1_lib3.final_cell_0329,3,delta,delta,inDrop1
1526,human1_lib3.final_cell_0330,23,alpha,epsilon,inDrop1
1527,human1_lib3.final_cell_0331,20,beta,beta,inDrop1
1528,human1_lib3.final_cell_0332,22,beta,Unmatched_22,inDrop1
1529,human1_lib3.final_cell_0333,20,beta,beta,inDrop1
1530,human1_lib3.final_cell_0334,20,beta,beta,inDrop1
1531,human1_lib3.final_cell_0335,20,beta,beta,inDrop1
1532,human1_lib3.final_cell_0336,20,beta,beta,inDrop1
1533,human1_lib3.final_cell_0337,18,gamma,gamma,inDrop1
1534,human1_lib3.final_cell_0338,20,beta,beta,inDrop1
1535,human1_lib3.final_cell_0339,22,beta,Unmatched_22,inDrop1
1536,human1_lib3.final_cell_0340,18,gamma,gamma,inDrop1
1537,human1_lib3.final_cell_0341,17,alpha,alpha,inDrop1
1538,human1_lib3.final_cell_0342,20,beta,beta,inDrop1
1539,human1_lib3.final_cell_0343,17,alpha,alpha,inDrop1
1540,human1_lib3.final_cell_0344,17,alpha,alpha,inDrop1
1541,human1_lib3.final_cell_0345,20,beta,beta,inDrop1
1542,human1_lib3.final_cell_0346,3,delta,delta,inDrop1
1543,human1_lib3.final_cell_0347,20,beta,beta,inDrop1
1544,human1_lib3.final_cell_0348,20,beta,beta,inDrop1
1545,human1_lib3.final_cell_0349,23,beta,epsilon,inDrop1
1546,human1_lib3.final_cell_0350,20,beta,beta,inDrop1
1547,human1_lib3.final_cell_0351,0,endothelial,endothelial,inDrop1
1548,human1_lib3.final_cell_0352,20,beta,beta,inDrop1
1549,human1_lib3.final_cell_0353,2,quiescent_stellate,quiescent_stellate,inDrop1
1550,human1_lib3.final_cell_0354,20,beta,beta,inDrop1
1551,human1_lib3.final_cell_0355,20,beta,beta,inDrop1
1552,human1_lib3.final_cell_0356,17,alpha,alpha,inDrop1
1553,human1_lib3.final_cell_0357,1,ductal,ductal,inDrop1
1554,human1_lib3.final_cell_0358,23,beta,epsilon,inDrop1
1555,human1_lib3.final_cell_0359,20,beta,beta,inDrop1
1556,human1_lib3.final_cell_0360,18,gamma,gamma,inDrop1
1557,human1_lib3.final_cell_0361,17,alpha,alpha,inDrop1
1558,human1_lib3.final_cell_0362,18,gamma,gamma,inDrop1
1559,human1_lib3.final_cell_0363,20,beta,beta,inDrop1
1560,human1_lib3.final_cell_0364,20,beta,beta,inDrop1
1561,human1_lib3.final_cell_0365,17,alpha,alpha,inDrop1
1562,human1_lib3.final_cell_0366,23,alpha,epsilon,inDrop1
1563,human1_lib3.final_cell_0367,23,ductal,epsilon,inDrop1
1564,human1_lib3.final_cell_0368,20,beta,beta,inDrop1
1565,human1_lib3.final_cell_0369,17,alpha,alpha,inDrop1
1566,human1_lib3.final_cell_0370,20,beta,beta,inDrop1
1567,human1_lib3.final_cell_0371,3,delta,delta,inDrop1
1568,human1_lib3.final_cell_0372,1,ductal,ductal,inDrop1
1569,human1_lib3.final_cell_0373,20,beta,beta,inDrop1
1570,human1_lib3.final_cell_0374,20,beta,beta,inDrop1
1571,human1_lib3.final_cell_0375,20,beta,beta,inDrop1
1572,human1_lib3.final_cell_0376,20,beta,beta,inDrop1
1573,human1_lib3.final_cell_0377,20,beta,beta,inDrop1
1574,human1_lib3.final_cell_0378,23,beta,epsilon,inDrop1
1575,human1_lib3.final_cell_0379,1,ductal,ductal,inDrop1
1576,human1_lib3.final_cell_0380,20,beta,beta,inDrop1
1577,human1_lib3.final_cell_0381,23,alpha,epsilon,inDrop1
1578,human1_lib3.final_cell_0382,23,beta,epsilon,inDrop1
1579,human1_lib3.final_cell_0383,20,beta,beta,inDrop1
1580,human1_lib3.final_cell_0384,17,alpha,alpha,inDrop1
1581,human1_lib3.final_cell_0385,12,acinar,acinar,inDrop1
1582,human1_lib3.final_cell_0386,12,acinar,acinar,inDrop1
1583,human1_lib3.final_cell_0387,23,beta,epsilon,inDrop1
1584,human1_lib3.final_cell_0388,20,beta,beta,inDrop1
1585,human1_lib3.final_cell_0389,22,beta,Unmatched_22,inDrop1
1586,human1_lib3.final_cell_0390,17,alpha,alpha,inDrop1
1587,human1_lib3.final_cell_0391,17,alpha,alpha,inDrop1
1588,human1_lib3.final_cell_0392,17,alpha,alpha,inDrop1
1589,human1_lib3.final_cell_0393,17,alpha,alpha,inDrop1
1590,human1_lib3.final_cell_0394,20,beta,beta,inDrop1
1591,human1_lib3.final_cell_0395,17,alpha,alpha,inDrop1
1592,human1_lib3.final_cell_0396,20,beta,beta,inDrop1
1593,human1_lib3.final_cell_0397,17,alpha,alpha,inDrop1
1594,human1_lib3.final_cell_0398,20,beta,beta,inDrop1
1595,human1_lib3.final_cell_0399,22,beta,Unmatched_22,inDrop1
1596,human1_lib3.final_cell_0400,20,beta,beta,inDrop1
1597,human1_lib3.final_cell_0401,17,alpha,alpha,inDrop1
1598,human1_lib3.final_cell_0402,3,delta,delta,inDrop1
1599,human1_lib3.final_cell_0403,17,alpha,alpha,inDrop1
1600,human1_lib3.final_cell_0404,20,beta,beta,inDrop1
1601,human1_lib3.final_cell_0405,20,beta,beta,inDrop1
1602,human1_lib3.final_cell_0406,20,beta,beta,inDrop1
1603,human1_lib3.final_cell_0407,17,alpha,alpha,inDrop1
1604,human1_lib3.final_cell_0408,18,gamma,gamma,inDrop1
1605,human1_lib3.final_cell_0409,23,acinar,epsilon,inDrop1
1606,human1_lib3.final_cell_0410,20,beta,beta,inDrop1
1607,human1_lib3.final_cell_0411,1,ductal,ductal,inDrop1
1608,human1_lib3.final_cell_0412,3,delta,delta,inDrop1
1609,human1_lib3.final_cell_0413,20,beta,beta,inDrop1
1610,human1_lib3.final_cell_0414,1,ductal,ductal,inDrop1
1611,human1_lib3.final_cell_0415,18,gamma,gamma,inDrop1
1612,human1_lib3.final_cell_0416,20,beta,beta,inDrop1
1613,human1_lib3.final_cell_0417,2,quiescent_stellate,quiescent_stellate,inDrop1
1614,human1_lib3.final_cell_0418,1,ductal,ductal,inDrop1
1615,human1_lib3.final_cell_0419,3,delta,delta,inDrop1
1616,human1_lib3.final_cell_0420,18,gamma,gamma,inDrop1
1617,human1_lib3.final_cell_0421,20,beta,beta,inDrop1
1618,human1_lib3.final_cell_0422,20,beta,beta,inDrop1
1619,human1_lib3.final_cell_0423,20,beta,beta,inDrop1
1620,human1_lib3.final_cell_0424,23,gamma,epsilon,inDrop1
1621,human1_lib3.final_cell_0425,1,ductal,ductal,inDrop1
1622,human1_lib3.final_cell_0426,17,alpha,alpha,inDrop1
1623,human1_lib3.final_cell_0427,23,acinar,epsilon,inDrop1
1624,human1_lib3.final_cell_0428,1,ductal,ductal,inDrop1
1625,human1_lib3.final_cell_0429,0,endothelial,endothelial,inDrop1
1626,human1_lib3.final_cell_0430,17,alpha,alpha,inDrop1
1627,human1_lib3.final_cell_0431,0,endothelial,endothelial,inDrop1
1628,human1_lib3.final_cell_0432,20,beta,beta,inDrop1
1629,human1_lib3.final_cell_0433,20,beta,beta,inDrop1
1630,human1_lib3.final_cell_0434,22,beta,Unmatched_22,inDrop1
1631,human1_lib3.final_cell_0435,23,beta,epsilon,inDrop1
1632,human1_lib3.final_cell_0436,17,alpha,alpha,inDrop1
1633,human1_lib3.final_cell_0437,22,beta,Unmatched_22,inDrop1
1634,human1_lib3.final_cell_0438,1,ductal,ductal,inDrop1
1635,human1_lib3.final_cell_0439,1,ductal,ductal,inDrop1
1636,human1_lib3.final_cell_0440,20,beta,beta,inDrop1
1637,human1_lib3.final_cell_0441,20,beta,beta,inDrop1
1638,human1_lib3.final_cell_0442,18,gamma,gamma,inDrop1
1639,human1_lib3.final_cell_0443,20,beta,beta,inDrop1
1640,human1_lib3.final_cell_0444,2,quiescent_stellate,quiescent_stellate,inDrop1
1641,human1_lib3.final_cell_0445,1,ductal,ductal,inDrop1
1642,human1_lib3.final_cell_0446,23,beta,epsilon,inDrop1
1643,human1_lib3.final_cell_0447,12,acinar,acinar,inDrop1
1644,human1_lib3.final_cell_0448,1,ductal,ductal,inDrop1
1645,human1_lib3.final_cell_0449,0,endothelial,endothelial,inDrop1
1646,human1_lib3.final_cell_0450,12,acinar,acinar,inDrop1
1647,human1_lib3.final_cell_0451,18,gamma,gamma,inDrop1
1648,human1_lib3.final_cell_0452,22,beta,Unmatched_22,inDrop1
1649,human1_lib3.final_cell_0453,23,beta,epsilon,inDrop1
1650,human1_lib3.final_cell_0454,2,quiescent_stellate,quiescent_stellate,inDrop1
1651,human1_lib3.final_cell_0455,20,beta,beta,inDrop1
1652,human1_lib3.final_cell_0456,20,beta,beta,inDrop1
1653,human1_lib3.final_cell_0457,3,epsilon,delta,inDrop1
1654,human1_lib3.final_cell_0458,20,beta,beta,inDrop1
1655,human1_lib3.final_cell_0459,17,alpha,alpha,inDrop1
1656,human1_lib3.final_cell_0460,17,alpha,alpha,inDrop1
1657,human1_lib3.final_cell_0461,3,delta,delta,inDrop1
1658,human1_lib3.final_cell_0462,23,beta,epsilon,inDrop1
1659,human1_lib3.final_cell_0463,23,epsilon,epsilon,inDrop1
1660,human1_lib3.final_cell_0464,20,beta,beta,inDrop1
1661,human1_lib3.final_cell_0465,17,alpha,alpha,inDrop1
1662,human1_lib3.final_cell_0466,21,beta,Unmatched_21,inDrop1
1663,human1_lib3.final_cell_0467,22,beta,Unmatched_22,inDrop1
1664,human1_lib3.final_cell_0468,18,gamma,gamma,inDrop1
1665,human1_lib3.final_cell_0469,13,acinar,Unmatched_13,inDrop1
1666,human1_lib3.final_cell_0470,22,beta,Unmatched_22,inDrop1
1667,human1_lib3.final_cell_0471,17,alpha,alpha,inDrop1
1668,human1_lib3.final_cell_0472,20,beta,beta,inDrop1
1669,human1_lib3.final_cell_0473,17,alpha,alpha,inDrop1
1670,human1_lib3.final_cell_0474,1,ductal,ductal,inDrop1
1671,human1_lib3.final_cell_0475,17,alpha,alpha,inDrop1
1672,human1_lib3.final_cell_0476,22,beta,Unmatched_22,inDrop1
1673,human1_lib3.final_cell_0477,23,beta,epsilon,inDrop1
1674,human1_lib3.final_cell_0478,18,gamma,gamma,inDrop1
1675,human1_lib3.final_cell_0479,20,beta,beta,inDrop1
1676,human1_lib3.final_cell_0480,20,beta,beta,inDrop1
1677,human1_lib3.final_cell_0481,3,delta,delta,inDrop1
1678,human1_lib3.final_cell_0482,3,delta,delta,inDrop1
1679,human1_lib3.final_cell_0483,3,delta,delta,inDrop1
1680,human1_lib3.final_cell_0484,2,quiescent_stellate,quiescent_stellate,inDrop1
1681,human1_lib3.final_cell_0485,20,beta,beta,inDrop1
1682,human1_lib3.final_cell_0486,20,beta,beta,inDrop1
1683,human1_lib3.final_cell_0487,17,alpha,alpha,inDrop1
1684,human1_lib3.final_cell_0488,20,beta,beta,inDrop1
1685,human1_lib3.final_cell_0489,17,alpha,alpha,inDrop1
1686,human1_lib3.final_cell_0490,17,alpha,alpha,inDrop1
1687,human1_lib3.final_cell_0491,20,beta,beta,inDrop1
1688,human1_lib3.final_cell_0492,20,beta,beta,inDrop1
1689,human1_lib3.final_cell_0493,20,beta,beta,inDrop1
1690,human1_lib3.final_cell_0494,17,alpha,alpha,inDrop1
1691,human1_lib3.final_cell_0495,22,beta,Unmatched_22,inDrop1
1692,human1_lib3.final_cell_0496,22,beta,Unmatched_22,inDrop1
1693,human1_lib3.final_cell_0497,2,quiescent_stellate,quiescent_stellate,inDrop1
1694,human1_lib3.final_cell_0498,17,alpha,alpha,inDrop1
1695,human1_lib3.final_cell_0499,0,endothelial,endothelial,inDrop1
1696,human1_lib3.final_cell_0500,18,gamma,gamma,inDrop1
1697,human1_lib3.final_cell_0501,20,beta,beta,inDrop1
1698,human1_lib3.final_cell_0502,20,beta,beta,inDrop1
1699,human1_lib3.final_cell_0503,2,quiescent_stellate,quiescent_stellate,inDrop1
1700,human1_lib3.final_cell_0504,20,beta,beta,inDrop1
1701,human1_lib3.final_cell_0505,17,alpha,alpha,inDrop1
1702,human1_lib3.final_cell_0506,3,delta,delta,inDrop1
1703,human1_lib3.final_cell_0507,20,beta,beta,inDrop1
1704,human1_lib3.final_cell_0508,12,acinar,acinar,inDrop1
1705,human1_lib3.final_cell_0509,20,beta,beta,inDrop1
1706,human1_lib3.final_cell_0510,0,endothelial,endothelial,inDrop1
1707,human1_lib3.final_cell_0511,0,endothelial,endothelial,inDrop1
1708,human1_lib3.final_cell_0512,20,beta,beta,inDrop1
1709,human1_lib3.final_cell_0513,23,beta,epsilon,inDrop1
1710,human1_lib3.final_cell_0514,17,alpha,alpha,inDrop1
1711,human1_lib3.final_cell_0515,20,beta,beta,inDrop1
1712,human1_lib3.final_cell_0516,5,mast,mast,inDrop1
1713,human1_lib3.final_cell_0517,20,beta,beta,inDrop1
1714,human1_lib3.final_cell_0518,17,alpha,alpha,inDrop1
1715,human1_lib3.final_cell_0519,0,endothelial,endothelial,inDrop1
1716,human1_lib3.final_cell_0520,23,beta,epsilon,inDrop1
1717,human1_lib3.final_cell_0521,20,beta,beta,inDrop1
1718,human1_lib3.final_cell_0522,23,beta,epsilon,inDrop1
1719,human1_lib3.final_cell_0523,0,endothelial,endothelial,inDrop1
1720,human1_lib3.final_cell_0524,3,alpha,delta,inDrop1
1721,human1_lib3.final_cell_0525,23,beta,epsilon,inDrop1
1722,human1_lib3.final_cell_0526,20,beta,beta,inDrop1
1723,human1_lib3.final_cell_0527,20,beta,beta,inDrop1
1724,human1_lib3.final_cell_0528,22,beta,Unmatched_22,inDrop1
1725,human1_lib3.final_cell_0529,17,alpha,alpha,inDrop1
1726,human1_lib3.final_cell_0530,5,mast,mast,inDrop1
1727,human1_lib3.final_cell_0531,20,beta,beta,inDrop1
1728,human1_lib3.final_cell_0532,17,epsilon,alpha,inDrop1
1729,human1_lib3.final_cell_0533,0,endothelial,endothelial,inDrop1
1730,human1_lib3.final_cell_0534,2,quiescent_stellate,quiescent_stellate,inDrop1
1731,human1_lib3.final_cell_0535,17,alpha,alpha,inDrop1
1732,human1_lib3.final_cell_0536,2,alpha,quiescent_stellate,inDrop1
1733,human1_lib3.final_cell_0537,3,beta,delta,inDrop1
1734,human1_lib3.final_cell_0538,20,beta,beta,inDrop1
1735,human1_lib3.final_cell_0539,12,acinar,acinar,inDrop1
1736,human1_lib3.final_cell_0540,3,delta,delta,inDrop1
1737,human1_lib3.final_cell_0541,12,acinar,acinar,inDrop1
1738,human1_lib3.final_cell_0542,23,beta,epsilon,inDrop1
1739,human1_lib3.final_cell_0543,20,beta,beta,inDrop1
1740,human1_lib3.final_cell_0544,0,endothelial,endothelial,inDrop1
1741,human1_lib3.final_cell_0545,20,beta,beta,inDrop1
1742,human1_lib3.final_cell_0546,4,macrophage,macrophage,inDrop1
1743,human1_lib3.final_cell_0547,12,acinar,acinar,inDrop1
1744,human1_lib3.final_cell_0548,2,quiescent_stellate,quiescent_stellate,inDrop1
1745,human1_lib3.final_cell_0549,20,beta,beta,inDrop1
1746,human1_lib3.final_cell_0550,23,beta,epsilon,inDrop1
1747,human1_lib3.final_cell_0551,20,beta,beta,inDrop1
1748,human1_lib3.final_cell_0552,0,endothelial,endothelial,inDrop1
1749,human1_lib3.final_cell_0553,22,beta,Unmatched_22,inDrop1
1750,human1_lib3.final_cell_0554,20,beta,beta,inDrop1
1751,human1_lib3.final_cell_0555,1,ductal,ductal,inDrop1
1752,human1_lib3.final_cell_0556,22,beta,Unmatched_22,inDrop1
1753,human1_lib3.final_cell_0557,23,beta,epsilon,inDrop1
1754,human1_lib3.final_cell_0558,2,quiescent_stellate,quiescent_stellate,inDrop1
1755,human1_lib3.final_cell_0559,20,beta,beta,inDrop1
1756,human1_lib3.final_cell_0560,12,acinar,acinar,inDrop1
1757,human1_lib3.final_cell_0561,22,beta,Unmatched_22,inDrop1
1758,human1_lib3.final_cell_0562,3,delta,delta,inDrop1
1759,human1_lib3.final_cell_0563,20,beta,beta,inDrop1
1760,human1_lib3.final_cell_0564,20,beta,beta,inDrop1
1761,human1_lib3.final_cell_0565,20,beta,beta,inDrop1
1762,human1_lib3.final_cell_0566,22,beta,Unmatched_22,inDrop1
1763,human1_lib3.final_cell_0567,2,quiescent_stellate,quiescent_stellate,inDrop1
1764,human1_lib3.final_cell_0568,17,alpha,alpha,inDrop1
1765,human1_lib3.final_cell_0569,0,endothelial,endothelial,inDrop1
1766,human1_lib3.final_cell_0570,20,beta,beta,inDrop1
1767,human1_lib3.final_cell_0571,23,delta,epsilon,inDrop1
1768,human1_lib3.final_cell_0572,18,gamma,gamma,inDrop1
1769,human1_lib3.final_cell_0573,20,beta,beta,inDrop1
1770,human1_lib3.final_cell_0574,2,quiescent_stellate,quiescent_stellate,inDrop1
1771,human1_lib3.final_cell_0575,0,endothelial,endothelial,inDrop1
1772,human1_lib3.final_cell_0576,17,alpha,alpha,inDrop1
1773,human1_lib3.final_cell_0577,20,beta,beta,inDrop1
1774,human1_lib3.final_cell_0578,1,ductal,ductal,inDrop1
1775,human1_lib3.final_cell_0579,20,beta,beta,inDrop1
1776,human1_lib3.final_cell_0580,20,beta,beta,inDrop1
1777,human1_lib3.final_cell_0581,20,beta,beta,inDrop1
1778,human1_lib3.final_cell_0582,2,quiescent_stellate,quiescent_stellate,inDrop1
1779,human1_lib3.final_cell_0583,23,beta,epsilon,inDrop1
1780,human1_lib3.final_cell_0584,23,epsilon,epsilon,inDrop1
1781,human1_lib3.final_cell_0585,23,beta,epsilon,inDrop1
1782,human1_lib3.final_cell_0586,23,beta,epsilon,inDrop1
1783,human1_lib3.final_cell_0587,17,alpha,alpha,inDrop1
1784,human1_lib3.final_cell_0588,20,beta,beta,inDrop1
1785,human1_lib3.final_cell_0589,0,endothelial,endothelial,inDrop1
1786,human1_lib3.final_cell_0590,0,endothelial,endothelial,inDrop1
1787,human1_lib3.final_cell_0591,2,quiescent_stellate,quiescent_stellate,inDrop1
1788,human1_lib3.final_cell_0592,23,beta,epsilon,inDrop1
1789,human1_lib3.final_cell_0593,20,beta,beta,inDrop1
1790,human1_lib3.final_cell_0594,23,epsilon,epsilon,inDrop1
1791,human1_lib3.final_cell_0595,2,quiescent_stellate,quiescent_stellate,inDrop1
1792,human1_lib3.final_cell_0596,23,beta,epsilon,inDrop1
1793,human1_lib3.final_cell_0597,5,mast,mast,inDrop1
1794,human1_lib3.final_cell_0598,1,ductal,ductal,inDrop1
1795,human1_lib3.final_cell_0599,17,alpha,alpha,inDrop1
1796,human1_lib3.final_cell_0600,13,acinar,Unmatched_13,inDrop1
1797,human1_lib3.final_cell_0601,13,acinar,Unmatched_13,inDrop1
1798,human1_lib3.final_cell_0602,0,endothelial,endothelial,inDrop1
1799,human1_lib3.final_cell_0603,1,ductal,ductal,inDrop1
1800,human1_lib3.final_cell_0604,0,endothelial,endothelial,inDrop1
1801,human1_lib3.final_cell_0605,17,alpha,alpha,inDrop1
1802,human1_lib3.final_cell_0606,3,delta,delta,inDrop1
1803,human1_lib3.final_cell_0607,23,beta,epsilon,inDrop1
1804,human1_lib3.final_cell_0608,20,beta,beta,inDrop1
1805,human1_lib3.final_cell_0609,20,beta,beta,inDrop1
1806,human1_lib3.final_cell_0610,1,ductal,ductal,inDrop1
1807,human1_lib3.final_cell_0611,2,quiescent_stellate,quiescent_stellate,inDrop1
1808,human1_lib3.final_cell_0612,23,beta,epsilon,inDrop1
1809,human1_lib3.final_cell_0613,4,macrophage,macrophage,inDrop1
1810,human1_lib3.final_cell_0614,3,delta,delta,inDrop1
1811,human1_lib3.final_cell_0615,0,endothelial,endothelial,inDrop1
1812,human1_lib3.final_cell_0616,17,alpha,alpha,inDrop1
1813,human1_lib3.final_cell_0617,20,beta,beta,inDrop1
1814,human1_lib3.final_cell_0618,0,endothelial,endothelial,inDrop1
1815,human1_lib3.final_cell_0619,20,beta,beta,inDrop1
1816,human1_lib3.final_cell_0620,22,beta,Unmatched_22,inDrop1
1817,human1_lib3.final_cell_0621,0,endothelial,endothelial,inDrop1
1818,human1_lib3.final_cell_0622,3,delta,delta,inDrop1
1819,human1_lib3.final_cell_0623,23,acinar,epsilon,inDrop1
1820,human1_lib3.final_cell_0624,12,acinar,acinar,inDrop1
1821,human1_lib3.final_cell_0625,0,endothelial,endothelial,inDrop1
1822,human1_lib3.final_cell_0626,20,beta,beta,inDrop1
1823,human1_lib3.final_cell_0627,0,endothelial,endothelial,inDrop1
1824,human1_lib3.final_cell_0628,12,acinar,acinar,inDrop1
1825,human1_lib3.final_cell_0629,20,beta,beta,inDrop1
1826,human1_lib3.final_cell_0630,3,delta,delta,inDrop1
1827,human1_lib3.final_cell_0631,2,quiescent_stellate,quiescent_stellate,inDrop1
1828,human1_lib3.final_cell_0632,2,quiescent_stellate,quiescent_stellate,inDrop1
1829,human1_lib3.final_cell_0633,23,beta,epsilon,inDrop1
1830,human1_lib3.final_cell_0634,23,beta,epsilon,inDrop1
1831,human1_lib3.final_cell_0635,2,quiescent_stellate,quiescent_stellate,inDrop1
1832,human1_lib3.final_cell_0636,17,alpha,alpha,inDrop1
1833,human1_lib3.final_cell_0637,2,quiescent_stellate,quiescent_stellate,inDrop1
1834,human1_lib3.final_cell_0638,2,quiescent_stellate,quiescent_stellate,inDrop1
1835,human1_lib3.final_cell_0639,20,beta,beta,inDrop1
1836,human1_lib3.final_cell_0640,2,quiescent_stellate,quiescent_stellate,inDrop1
1837,human1_lib3.final_cell_0641,8,schwann,schwann,inDrop1
1838,human1_lib3.final_cell_0642,20,beta,beta,inDrop1
1839,human1_lib3.final_cell_0643,20,beta,beta,inDrop1
1840,human1_lib3.final_cell_0644,20,beta,beta,inDrop1
1841,human1_lib3.final_cell_0645,20,beta,beta,inDrop1
1842,human1_lib3.final_cell_0646,20,beta,beta,inDrop1
1843,human1_lib3.final_cell_0647,23,beta,epsilon,inDrop1
1844,human1_lib3.final_cell_0648,20,beta,beta,inDrop1
1845,human1_lib3.final_cell_0649,0,endothelial,endothelial,inDrop1
1846,human1_lib3.final_cell_0650,1,ductal,ductal,inDrop1
1847,human1_lib3.final_cell_0651,20,beta,beta,inDrop1
1848,human1_lib3.final_cell_0652,23,beta,epsilon,inDrop1
1849,human1_lib3.final_cell_0653,20,beta,beta,inDrop1
1850,human1_lib3.final_cell_0654,20,beta,beta,inDrop1
1851,human1_lib3.final_cell_0655,17,alpha,alpha,inDrop1
1852,human1_lib3.final_cell_0656,2,quiescent_stellate,quiescent_stellate,inDrop1
1853,human1_lib3.final_cell_0657,2,quiescent_stellate,quiescent_stellate,inDrop1
1854,human1_lib3.final_cell_0658,23,beta,epsilon,inDrop1
1855,human1_lib3.final_cell_0659,23,beta,epsilon,inDrop1
1856,human1_lib3.final_cell_0660,17,alpha,alpha,inDrop1
1857,human1_lib3.final_cell_0661,1,ductal,ductal,inDrop1
1858,human1_lib3.final_cell_0662,2,quiescent_stellate,quiescent_stellate,inDrop1
1859,human1_lib3.final_cell_0663,20,beta,beta,inDrop1
1860,human1_lib3.final_cell_0664,0,endothelial,endothelial,inDrop1
1861,human1_lib3.final_cell_0665,3,delta,delta,inDrop1
1862,human1_lib3.final_cell_0666,23,beta,epsilon,inDrop1
1863,human1_lib3.final_cell_0667,23,beta,epsilon,inDrop1
1864,human1_lib3.final_cell_0668,17,alpha,alpha,inDrop1
1865,human1_lib3.final_cell_0669,20,beta,beta,inDrop1
1866,human1_lib3.final_cell_0670,23,beta,epsilon,inDrop1
1867,human1_lib3.final_cell_0671,0,endothelial,endothelial,inDrop1
1868,human1_lib3.final_cell_0672,23,beta,epsilon,inDrop1
1869,human1_lib3.final_cell_0673,0,endothelial,endothelial,inDrop1
1870,human1_lib3.final_cell_0674,17,alpha,alpha,inDrop1
1871,human1_lib3.final_cell_0675,2,quiescent_stellate,quiescent_stellate,inDrop1
1872,human1_lib3.final_cell_0676,0,endothelial,endothelial,inDrop1
1873,human1_lib3.final_cell_0677,17,alpha,alpha,inDrop1
1874,human1_lib3.final_cell_0678,17,alpha,alpha,inDrop1
1875,human1_lib3.final_cell_0679,1,ductal,ductal,inDrop1
1876,human1_lib3.final_cell_0680,2,quiescent_stellate,quiescent_stellate,inDrop1
1877,human1_lib3.final_cell_0681,0,endothelial,endothelial,inDrop1
1878,human1_lib3.final_cell_0682,20,beta,beta,inDrop1
1879,human1_lib3.final_cell_0683,18,gamma,gamma,inDrop1
1880,human1_lib3.final_cell_0684,23,epsilon,epsilon,inDrop1
1881,human1_lib3.final_cell_0685,7,activated_stellate,activated_stellate,inDrop1
1882,human1_lib3.final_cell_0686,17,alpha,alpha,inDrop1
1883,human1_lib3.final_cell_0687,7,activated_stellate,activated_stellate,inDrop1
1884,human1_lib3.final_cell_0688,20,beta,beta,inDrop1
1885,human1_lib3.final_cell_0689,23,beta,epsilon,inDrop1
1886,human1_lib3.final_cell_0690,5,mast,mast,inDrop1
1887,human1_lib3.final_cell_0691,7,activated_stellate,activated_stellate,inDrop1
1888,human1_lib3.final_cell_0692,23,epsilon,epsilon,inDrop1
1889,human1_lib3.final_cell_0693,2,quiescent_stellate,quiescent_stellate,inDrop1
1890,human1_lib3.final_cell_0694,0,endothelial,endothelial,inDrop1
1891,human1_lib3.final_cell_0695,18,gamma,gamma,inDrop1
1892,human1_lib3.final_cell_0696,23,beta,epsilon,inDrop1
1893,human1_lib3.final_cell_0697,2,quiescent_stellate,quiescent_stellate,inDrop1
1894,human1_lib3.final_cell_0698,2,quiescent_stellate,quiescent_stellate,inDrop1
1895,human1_lib3.final_cell_0699,17,alpha,alpha,inDrop1
1896,human1_lib3.final_cell_0700,20,beta,beta,inDrop1
1897,human1_lib3.final_cell_0701,23,beta,epsilon,inDrop1
1898,human1_lib3.final_cell_0702,20,beta,beta,inDrop1
1899,human1_lib3.final_cell_0703,23,beta,epsilon,inDrop1
1900,human1_lib3.final_cell_0704,4,t_cell,macrophage,inDrop1
1901,human1_lib3.final_cell_0705,20,beta,beta,inDrop1
1902,human1_lib3.final_cell_0706,23,beta,epsilon,inDrop1
1903,human1_lib3.final_cell_0707,23,beta,epsilon,inDrop1
1904,human1_lib3.final_cell_0708,17,alpha,alpha,inDrop1
1905,human1_lib3.final_cell_0709,20,beta,beta,inDrop1
1906,human1_lib3.final_cell_0710,0,endothelial,endothelial,inDrop1
1907,human1_lib3.final_cell_0711,0,endothelial,endothelial,inDrop1
1908,human1_lib3.final_cell_0712,5,mast,mast,inDrop1
1909,human1_lib3.final_cell_0713,20,beta,beta,inDrop1
1910,human1_lib3.final_cell_0714,2,quiescent_stellate,quiescent_stellate,inDrop1
1911,human1_lib3.final_cell_0715,20,beta,beta,inDrop1
1912,human1_lib3.final_cell_0716,23,beta,epsilon,inDrop1
1913,human1_lib3.final_cell_0717,20,beta,beta,inDrop1
1914,human1_lib3.final_cell_0718,23,beta,epsilon,inDrop1
1915,human1_lib3.final_cell_0719,23,beta,epsilon,inDrop1
1916,human1_lib3.final_cell_0720,0,endothelial,endothelial,inDrop1
1917,human1_lib3.final_cell_0721,23,t_cell,epsilon,inDrop1
1918,human1_lib3.final_cell_0722,1,ductal,ductal,inDrop1
1919,human1_lib3.final_cell_0723,7,quiescent_stellate,activated_stellate,inDrop1
1920,human1_lib3.final_cell_0724,20,beta,beta,inDrop1
1921,human1_lib3.final_cell_0725,20,beta,beta,inDrop1
1922,human1_lib3.final_cell_0726,2,quiescent_stellate,quiescent_stellate,inDrop1
1923,human1_lib3.final_cell_0727,2,quiescent_stellate,quiescent_stellate,inDrop1
1924,human1_lib3.final_cell_0728,2,quiescent_stellate,quiescent_stellate,inDrop1
1925,human1_lib3.final_cell_0729,23,beta,epsilon,inDrop1
1926,human1_lib3.final_cell_0730,23,beta,epsilon,inDrop1
1927,human1_lib3.final_cell_0731,17,alpha,alpha,inDrop1
1928,human1_lib3.final_cell_0732,23,beta,epsilon,inDrop1
1929,human1_lib3.final_cell_0733,20,beta,beta,inDrop1
1930,human1_lib3.final_cell_0734,23,beta,epsilon,inDrop1
1931,human1_lib3.final_cell_0735,17,alpha,alpha,inDrop1
1932,human1_lib3.final_cell_0736,0,endothelial,endothelial,inDrop1
1933,human1_lib3.final_cell_0737,23,beta,epsilon,inDrop1
1934,human1_lib3.final_cell_0738,0,endothelial,endothelial,inDrop1
1935,human1_lib3.final_cell_0739,23,beta,epsilon,inDrop1
1936,human1_lib3.final_cell_0740,2,quiescent_stellate,quiescent_stellate,inDrop1
1937,human2_lib1.final_cell_0001,3,delta,delta,inDrop2
1938,human2_lib1.final_cell_0002,3,delta,delta,inDrop2
1939,human2_lib1.final_cell_0003,17,alpha,alpha,inDrop2
1940,human2_lib1.final_cell_0004,3,delta,delta,inDrop2
1941,human2_lib1.final_cell_0005,3,delta,delta,inDrop2
1942,human2_lib1.final_cell_0006,3,delta,delta,inDrop2
1943,human2_lib1.final_cell_0007,3,delta,delta,inDrop2
1944,human2_lib1.final_cell_0008,3,delta,delta,inDrop2
1945,human2_lib1.final_cell_0009,7,activated_stellate,activated_stellate,inDrop2
1946,human2_lib1.final_cell_0010,13,ductal,Unmatched_13,inDrop2
1947,human2_lib1.final_cell_0011,3,delta,delta,inDrop2
1948,human2_lib1.final_cell_0012,3,delta,delta,inDrop2
1949,human2_lib1.final_cell_0013,17,alpha,alpha,inDrop2
1950,human2_lib1.final_cell_0014,3,delta,delta,inDrop2
1951,human2_lib1.final_cell_0015,17,alpha,alpha,inDrop2
1952,human2_lib1.final_cell_0016,17,alpha,alpha,inDrop2
1953,human2_lib1.final_cell_0017,20,beta,beta,inDrop2
1954,human2_lib1.final_cell_0018,1,ductal,ductal,inDrop2
1955,human2_lib1.final_cell_0019,17,alpha,alpha,inDrop2
1956,human2_lib1.final_cell_0020,17,alpha,alpha,inDrop2
1957,human2_lib1.final_cell_0021,13,ductal,Unmatched_13,inDrop2
1958,human2_lib1.final_cell_0022,17,alpha,alpha,inDrop2
1959,human2_lib1.final_cell_0023,17,alpha,alpha,inDrop2
1960,human2_lib1.final_cell_0024,3,delta,delta,inDrop2
1961,human2_lib1.final_cell_0025,13,ductal,Unmatched_13,inDrop2
1962,human2_lib1.final_cell_0026,17,alpha,alpha,inDrop2
1963,human2_lib1.final_cell_0027,3,delta,delta,inDrop2
1964,human2_lib1.final_cell_0028,1,ductal,ductal,inDrop2
1965,human2_lib1.final_cell_0029,23,ductal,epsilon,inDrop2
1966,human2_lib1.final_cell_0030,13,ductal,Unmatched_13,inDrop2
1967,human2_lib1.final_cell_0031,23,activated_stellate,epsilon,inDrop2
1968,human2_lib1.final_cell_0032,1,ductal,ductal,inDrop2
1969,human2_lib1.final_cell_0033,17,alpha,alpha,inDrop2
1970,human2_lib1.final_cell_0034,3,delta,delta,inDrop2
1971,human2_lib1.final_cell_0035,3,delta,delta,inDrop2
1972,human2_lib1.final_cell_0036,3,delta,delta,inDrop2
1973,human2_lib1.final_cell_0037,17,alpha,alpha,inDrop2
1974,human2_lib1.final_cell_0038,13,ductal,Unmatched_13,inDrop2
1975,human2_lib1.final_cell_0039,17,alpha,alpha,inDrop2
1976,human2_lib1.final_cell_0040,4,macrophage,macrophage,inDrop2
1977,human2_lib1.final_cell_0041,17,alpha,alpha,inDrop2
1978,human2_lib1.final_cell_0042,3,delta,delta,inDrop2
1979,human2_lib1.final_cell_0043,13,ductal,Unmatched_13,inDrop2
1980,human2_lib1.final_cell_0044,3,delta,delta,inDrop2
1981,human2_lib1.final_cell_0045,17,alpha,alpha,inDrop2
1982,human2_lib1.final_cell_0046,17,alpha,alpha,inDrop2
1983,human2_lib1.final_cell_0047,17,alpha,alpha,inDrop2
1984,human2_lib1.final_cell_0048,17,alpha,alpha,inDrop2
1985,human2_lib1.final_cell_0049,1,ductal,ductal,inDrop2
1986,human2_lib1.final_cell_0050,7,activated_stellate,activated_stellate,inDrop2
1987,human2_lib1.final_cell_0051,13,ductal,Unmatched_13,inDrop2
1988,human2_lib1.final_cell_0052,17,alpha,alpha,inDrop2
1989,human2_lib1.final_cell_0053,2,quiescent_stellate,quiescent_stellate,inDrop2
1990,human2_lib1.final_cell_0054,20,beta,beta,inDrop2
1991,human2_lib1.final_cell_0055,17,alpha,alpha,inDrop2
1992,human2_lib1.final_cell_0056,20,beta,beta,inDrop2
1993,human2_lib1.final_cell_0057,20,beta,beta,inDrop2
1994,human2_lib1.final_cell_0058,20,beta,beta,inDrop2
1995,human2_lib1.final_cell_0059,17,alpha,alpha,inDrop2
1996,human2_lib1.final_cell_0060,3,delta,delta,inDrop2
1997,human2_lib1.final_cell_0061,3,delta,delta,inDrop2
1998,human2_lib1.final_cell_0062,17,alpha,alpha,inDrop2
1999,human2_lib1.final_cell_0063,20,beta,beta,inDrop2
2000,human2_lib1.final_cell_0064,23,alpha,epsilon,inDrop2
2001,human2_lib1.final_cell_0065,17,alpha,alpha,inDrop2
2002,human2_lib1.final_cell_0066,17,alpha,alpha,inDrop2
2003,human2_lib1.final_cell_0067,1,ductal,ductal,inDrop2
2004,human2_lib1.final_cell_0068,20,beta,beta,inDrop2
2005,human2_lib1.final_cell_0069,1,ductal,ductal,inDrop2
2006,human2_lib1.final_cell_0070,7,activated_stellate,activated_stellate,inDrop2
2007,human2_lib1.final_cell_0071,13,ductal,Unmatched_13,inDrop2
2008,human2_lib1.final_cell_0072,17,alpha,alpha,inDrop2
2009,human2_lib1.final_cell_0073,20,beta,beta,inDrop2
2010,human2_lib1.final_cell_0074,13,ductal,Unmatched_13,inDrop2
2011,human2_lib1.final_cell_0075,17,alpha,alpha,inDrop2
2012,human2_lib1.final_cell_0076,20,beta,beta,inDrop2
2013,human2_lib1.final_cell_0077,17,alpha,alpha,inDrop2
2014,human2_lib1.final_cell_0078,13,ductal,Unmatched_13,inDrop2
2015,human2_lib1.final_cell_0079,17,alpha,alpha,inDrop2
2016,human2_lib1.final_cell_0080,20,beta,beta,inDrop2
2017,human2_lib1.final_cell_0081,17,alpha,alpha,inDrop2
2018,human2_lib1.final_cell_0082,1,ductal,ductal,inDrop2
2019,human2_lib1.final_cell_0083,13,ductal,Unmatched_13,inDrop2
2020,human2_lib1.final_cell_0084,17,alpha,alpha,inDrop2
2021,human2_lib1.final_cell_0085,17,alpha,alpha,inDrop2
2022,human2_lib1.final_cell_0086,13,ductal,Unmatched_13,inDrop2
2023,human2_lib1.final_cell_0087,17,alpha,alpha,inDrop2
2024,human2_lib1.final_cell_0088,17,alpha,alpha,inDrop2
2025,human2_lib1.final_cell_0089,17,alpha,alpha,inDrop2
2026,human2_lib1.final_cell_0090,20,beta,beta,inDrop2
2027,human2_lib1.final_cell_0091,17,alpha,alpha,inDrop2
2028,human2_lib1.final_cell_0092,20,beta,beta,inDrop2
2029,human2_lib1.final_cell_0093,17,alpha,alpha,inDrop2
2030,human2_lib1.final_cell_0094,13,ductal,Unmatched_13,inDrop2
2031,human2_lib1.final_cell_0095,3,delta,delta,inDrop2
2032,human2_lib1.final_cell_0096,18,gamma,gamma,inDrop2
2033,human2_lib1.final_cell_0097,17,alpha,alpha,inDrop2
2034,human2_lib1.final_cell_0098,1,ductal,ductal,inDrop2
2035,human2_lib1.final_cell_0099,17,alpha,alpha,inDrop2
2036,human2_lib1.final_cell_0100,20,beta,beta,inDrop2
2037,human2_lib1.final_cell_0101,20,beta,beta,inDrop2
2038,human2_lib1.final_cell_0102,18,gamma,gamma,inDrop2
2039,human2_lib1.final_cell_0103,17,alpha,alpha,inDrop2
2040,human2_lib1.final_cell_0104,3,delta,delta,inDrop2
2041,human2_lib1.final_cell_0105,20,beta,beta,inDrop2
2042,human2_lib1.final_cell_0106,17,alpha,alpha,inDrop2
2043,human2_lib1.final_cell_0107,20,beta,beta,inDrop2
2044,human2_lib1.final_cell_0108,17,alpha,alpha,inDrop2
2045,human2_lib1.final_cell_0109,17,alpha,alpha,inDrop2
2046,human2_lib1.final_cell_0110,17,alpha,alpha,inDrop2
2047,human2_lib1.final_cell_0111,23,beta,epsilon,inDrop2
2048,human2_lib1.final_cell_0112,1,ductal,ductal,inDrop2
2049,human2_lib1.final_cell_0113,1,ductal,ductal,inDrop2
2050,human2_lib1.final_cell_0114,17,alpha,alpha,inDrop2
2051,human2_lib1.final_cell_0115,20,beta,beta,inDrop2
2052,human2_lib1.final_cell_0116,18,alpha,gamma,inDrop2
2053,human2_lib1.final_cell_0117,13,ductal,Unmatched_13,inDrop2
2054,human2_lib1.final_cell_0118,17,alpha,alpha,inDrop2
2055,human2_lib1.final_cell_0119,20,beta,beta,inDrop2
2056,human2_lib1.final_cell_0120,17,alpha,alpha,inDrop2
2057,human2_lib1.final_cell_0121,1,ductal,ductal,inDrop2
2058,human2_lib1.final_cell_0122,17,alpha,alpha,inDrop2
2059,human2_lib1.final_cell_0123,3,delta,delta,inDrop2
2060,human2_lib1.final_cell_0124,20,beta,beta,inDrop2
2061,human2_lib1.final_cell_0125,13,ductal,Unmatched_13,inDrop2
2062,human2_lib1.final_cell_0126,20,beta,beta,inDrop2
2063,human2_lib1.final_cell_0127,17,alpha,alpha,inDrop2
2064,human2_lib1.final_cell_0128,20,beta,beta,inDrop2
2065,human2_lib1.final_cell_0129,1,ductal,ductal,inDrop2
2066,human2_lib1.final_cell_0130,17,alpha,alpha,inDrop2
2067,human2_lib1.final_cell_0131,17,alpha,alpha,inDrop2
2068,human2_lib1.final_cell_0132,17,alpha,alpha,inDrop2
2069,human2_lib1.final_cell_0133,17,alpha,alpha,inDrop2
2070,human2_lib1.final_cell_0134,1,ductal,ductal,inDrop2
2071,human2_lib1.final_cell_0135,17,alpha,alpha,inDrop2
2072,human2_lib1.final_cell_0136,1,ductal,ductal,inDrop2
2073,human2_lib1.final_cell_0137,20,beta,beta,inDrop2
2074,human2_lib1.final_cell_0138,13,ductal,Unmatched_13,inDrop2
2075,human2_lib1.final_cell_0139,20,beta,beta,inDrop2
2076,human2_lib1.final_cell_0140,17,alpha,alpha,inDrop2
2077,human2_lib1.final_cell_0141,20,beta,beta,inDrop2
2078,human2_lib1.final_cell_0142,17,alpha,alpha,inDrop2
2079,human2_lib1.final_cell_0143,7,activated_stellate,activated_stellate,inDrop2
2080,human2_lib1.final_cell_0144,17,alpha,alpha,inDrop2
2081,human2_lib1.final_cell_0145,23,beta,epsilon,inDrop2
2082,human2_lib1.final_cell_0146,17,alpha,alpha,inDrop2
2083,human2_lib1.final_cell_0147,17,alpha,alpha,inDrop2
2084,human2_lib1.final_cell_0148,17,alpha,alpha,inDrop2
2085,human2_lib1.final_cell_0149,17,alpha,alpha,inDrop2
2086,human2_lib1.final_cell_0150,23,beta,epsilon,inDrop2
2087,human2_lib1.final_cell_0151,1,ductal,ductal,inDrop2
2088,human2_lib1.final_cell_0152,7,activated_stellate,activated_stellate,inDrop2
2089,human2_lib1.final_cell_0153,17,alpha,alpha,inDrop2
2090,human2_lib1.final_cell_0154,17,alpha,alpha,inDrop2
2091,human2_lib1.final_cell_0155,1,ductal,ductal,inDrop2
2092,human2_lib1.final_cell_0156,3,delta,delta,inDrop2
2093,human2_lib1.final_cell_0157,17,alpha,alpha,inDrop2
2094,human2_lib1.final_cell_0158,17,alpha,alpha,inDrop2
2095,human2_lib1.final_cell_0159,1,ductal,ductal,inDrop2
2096,human2_lib1.final_cell_0160,1,ductal,ductal,inDrop2
2097,human2_lib1.final_cell_0161,17,alpha,alpha,inDrop2
2098,human2_lib1.final_cell_0162,17,alpha,alpha,inDrop2
2099,human2_lib1.final_cell_0163,17,alpha,alpha,inDrop2
2100,human2_lib1.final_cell_0164,17,alpha,alpha,inDrop2
2101,human2_lib1.final_cell_0165,7,activated_stellate,activated_stellate,inDrop2
2102,human2_lib1.final_cell_0166,17,alpha,alpha,inDrop2
2103,human2_lib1.final_cell_0167,4,macrophage,macrophage,inDrop2
2104,human2_lib1.final_cell_0168,17,alpha,alpha,inDrop2
2105,human2_lib1.final_cell_0169,3,delta,delta,inDrop2
2106,human2_lib1.final_cell_0170,17,alpha,alpha,inDrop2
2107,human2_lib1.final_cell_0171,7,activated_stellate,activated_stellate,inDrop2
2108,human2_lib1.final_cell_0172,17,alpha,alpha,inDrop2
2109,human2_lib1.final_cell_0173,3,delta,delta,inDrop2
2110,human2_lib1.final_cell_0174,17,alpha,alpha,inDrop2
2111,human2_lib1.final_cell_0175,17,alpha,alpha,inDrop2
2112,human2_lib1.final_cell_0176,17,alpha,alpha,inDrop2
2113,human2_lib1.final_cell_0177,1,ductal,ductal,inDrop2
2114,human2_lib1.final_cell_0178,17,alpha,alpha,inDrop2
2115,human2_lib1.final_cell_0179,17,alpha,alpha,inDrop2
2116,human2_lib1.final_cell_0180,17,alpha,alpha,inDrop2
2117,human2_lib1.final_cell_0181,13,ductal,Unmatched_13,inDrop2
2118,human2_lib1.final_cell_0182,20,beta,beta,inDrop2
2119,human2_lib1.final_cell_0183,20,beta,beta,inDrop2
2120,human2_lib1.final_cell_0184,17,alpha,alpha,inDrop2
2121,human2_lib1.final_cell_0185,18,gamma,gamma,inDrop2
2122,human2_lib1.final_cell_0186,1,ductal,ductal,inDrop2
2123,human2_lib1.final_cell_0187,20,beta,beta,inDrop2
2124,human2_lib1.final_cell_0188,0,endothelial,endothelial,inDrop2
2125,human2_lib1.final_cell_0189,18,gamma,gamma,inDrop2
2126,human2_lib1.final_cell_0190,1,ductal,ductal,inDrop2
2127,human2_lib1.final_cell_0191,17,alpha,alpha,inDrop2
2128,human2_lib1.final_cell_0192,1,ductal,ductal,inDrop2
2129,human2_lib1.final_cell_0193,3,delta,delta,inDrop2
2130,human2_lib1.final_cell_0194,13,ductal,Unmatched_13,inDrop2
2131,human2_lib1.final_cell_0195,20,beta,beta,inDrop2
2132,human2_lib1.final_cell_0196,20,beta,beta,inDrop2
2133,human2_lib1.final_cell_0197,0,endothelial,endothelial,inDrop2
2134,human2_lib1.final_cell_0198,20,beta,beta,inDrop2
2135,human2_lib1.final_cell_0199,17,alpha,alpha,inDrop2
2136,human2_lib1.final_cell_0200,3,delta,delta,inDrop2
2137,human2_lib1.final_cell_0201,20,beta,beta,inDrop2
2138,human2_lib1.final_cell_0202,23,activated_stellate,epsilon,inDrop2
2139,human2_lib1.final_cell_0203,17,alpha,alpha,inDrop2
2140,human2_lib1.final_cell_0204,20,beta,beta,inDrop2
2141,human2_lib1.final_cell_0205,1,ductal,ductal,inDrop2
2142,human2_lib1.final_cell_0206,20,beta,beta,inDrop2
2143,human2_lib1.final_cell_0207,18,gamma,gamma,inDrop2
2144,human2_lib1.final_cell_0208,17,alpha,alpha,inDrop2
2145,human2_lib1.final_cell_0209,17,alpha,alpha,inDrop2
2146,human2_lib1.final_cell_0210,17,alpha,alpha,inDrop2
2147,human2_lib1.final_cell_0211,3,delta,delta,inDrop2
2148,human2_lib1.final_cell_0212,17,alpha,alpha,inDrop2
2149,human2_lib1.final_cell_0213,13,ductal,Unmatched_13,inDrop2
2150,human2_lib1.final_cell_0214,17,alpha,alpha,inDrop2
2151,human2_lib1.final_cell_0215,20,beta,beta,inDrop2
2152,human2_lib1.final_cell_0216,0,endothelial,endothelial,inDrop2
2153,human2_lib1.final_cell_0217,7,activated_stellate,activated_stellate,inDrop2
2154,human2_lib1.final_cell_0218,17,alpha,alpha,inDrop2
2155,human2_lib1.final_cell_0219,20,beta,beta,inDrop2
2156,human2_lib1.final_cell_0220,17,alpha,alpha,inDrop2
2157,human2_lib1.final_cell_0221,17,alpha,alpha,inDrop2
2158,human2_lib1.final_cell_0222,17,alpha,alpha,inDrop2
2159,human2_lib1.final_cell_0223,20,beta,beta,inDrop2
2160,human2_lib1.final_cell_0224,20,beta,beta,inDrop2
2161,human2_lib1.final_cell_0225,17,alpha,alpha,inDrop2
2162,human2_lib1.final_cell_0226,18,gamma,gamma,inDrop2
2163,human2_lib1.final_cell_0227,20,beta,beta,inDrop2
2164,human2_lib1.final_cell_0228,17,alpha,alpha,inDrop2
2165,human2_lib1.final_cell_0229,17,alpha,alpha,inDrop2
2166,human2_lib1.final_cell_0230,17,alpha,alpha,inDrop2
2167,human2_lib1.final_cell_0231,20,beta,beta,inDrop2
2168,human2_lib1.final_cell_0232,1,ductal,ductal,inDrop2
2169,human2_lib1.final_cell_0233,20,beta,beta,inDrop2
2170,human2_lib1.final_cell_0234,7,activated_stellate,activated_stellate,inDrop2
2171,human2_lib1.final_cell_0235,17,alpha,alpha,inDrop2
2172,human2_lib1.final_cell_0236,20,beta,beta,inDrop2
2173,human2_lib1.final_cell_0237,20,beta,beta,inDrop2
2174,human2_lib1.final_cell_0238,18,gamma,gamma,inDrop2
2175,human2_lib1.final_cell_0239,17,alpha,alpha,inDrop2
2176,human2_lib1.final_cell_0240,17,alpha,alpha,inDrop2
2177,human2_lib1.final_cell_0241,17,alpha,alpha,inDrop2
2178,human2_lib1.final_cell_0242,20,beta,beta,inDrop2
2179,human2_lib1.final_cell_0243,17,alpha,alpha,inDrop2
2180,human2_lib1.final_cell_0244,0,endothelial,endothelial,inDrop2
2181,human2_lib1.final_cell_0245,17,alpha,alpha,inDrop2
2182,human2_lib1.final_cell_0246,3,delta,delta,inDrop2
2183,human2_lib1.final_cell_0247,7,activated_stellate,activated_stellate,inDrop2
2184,human2_lib1.final_cell_0248,18,gamma,gamma,inDrop2
2185,human2_lib1.final_cell_0249,20,beta,beta,inDrop2
2186,human2_lib1.final_cell_0250,17,alpha,alpha,inDrop2
2187,human2_lib1.final_cell_0251,1,ductal,ductal,inDrop2
2188,human2_lib1.final_cell_0252,20,beta,beta,inDrop2
2189,human2_lib1.final_cell_0253,18,gamma,gamma,inDrop2
2190,human2_lib1.final_cell_0254,23,beta,epsilon,inDrop2
2191,human2_lib1.final_cell_0255,20,beta,beta,inDrop2
2192,human2_lib1.final_cell_0256,1,ductal,ductal,inDrop2
2193,human2_lib1.final_cell_0257,1,ductal,ductal,inDrop2
2194,human2_lib1.final_cell_0258,17,alpha,alpha,inDrop2
2195,human2_lib1.final_cell_0259,20,beta,beta,inDrop2
2196,human2_lib1.final_cell_0260,22,beta,Unmatched_22,inDrop2
2197,human2_lib1.final_cell_0261,1,ductal,ductal,inDrop2
2198,human2_lib1.final_cell_0262,20,beta,beta,inDrop2
2199,human2_lib1.final_cell_0263,1,ductal,ductal,inDrop2
2200,human2_lib1.final_cell_0264,17,alpha,alpha,inDrop2
2201,human2_lib1.final_cell_0265,17,alpha,alpha,inDrop2
2202,human2_lib1.final_cell_0266,7,activated_stellate,activated_stellate,inDrop2
2203,human2_lib1.final_cell_0267,3,delta,delta,inDrop2
2204,human2_lib1.final_cell_0268,17,alpha,alpha,inDrop2
2205,human2_lib1.final_cell_0269,7,activated_stellate,activated_stellate,inDrop2
2206,human2_lib1.final_cell_0270,20,beta,beta,inDrop2
2207,human2_lib1.final_cell_0271,17,alpha,alpha,inDrop2
2208,human2_lib1.final_cell_0272,3,delta,delta,inDrop2
2209,human2_lib1.final_cell_0273,23,beta,epsilon,inDrop2
2210,human2_lib1.final_cell_0274,23,beta,epsilon,inDrop2
2211,human2_lib1.final_cell_0275,3,delta,delta,inDrop2
2212,human2_lib1.final_cell_0276,1,ductal,ductal,inDrop2
2213,human2_lib1.final_cell_0277,17,alpha,alpha,inDrop2
2214,human2_lib1.final_cell_0278,3,delta,delta,inDrop2
2215,human2_lib1.final_cell_0279,17,alpha,alpha,inDrop2
2216,human2_lib1.final_cell_0280,20,beta,beta,inDrop2
2217,human2_lib1.final_cell_0281,1,ductal,ductal,inDrop2
2218,human2_lib1.final_cell_0282,20,beta,beta,inDrop2
2219,human2_lib1.final_cell_0283,0,endothelial,endothelial,inDrop2
2220,human2_lib1.final_cell_0284,1,ductal,ductal,inDrop2
2221,human2_lib1.final_cell_0285,20,beta,beta,inDrop2
2222,human2_lib1.final_cell_0286,17,alpha,alpha,inDrop2
2223,human2_lib1.final_cell_0287,7,activated_stellate,activated_stellate,inDrop2
2224,human2_lib1.final_cell_0288,20,beta,beta,inDrop2
2225,human2_lib1.final_cell_0289,17,alpha,alpha,inDrop2
2226,human2_lib1.final_cell_0290,20,beta,beta,inDrop2
2227,human2_lib1.final_cell_0291,20,beta,beta,inDrop2
2228,human2_lib1.final_cell_0292,17,alpha,alpha,inDrop2
2229,human2_lib1.final_cell_0293,20,beta,beta,inDrop2
2230,human2_lib1.final_cell_0294,17,alpha,alpha,inDrop2
2231,human2_lib1.final_cell_0295,18,gamma,gamma,inDrop2
2232,human2_lib1.final_cell_0296,20,beta,beta,inDrop2
2233,human2_lib1.final_cell_0297,1,ductal,ductal,inDrop2
2234,human2_lib1.final_cell_0298,20,beta,beta,inDrop2
2235,human2_lib1.final_cell_0299,17,alpha,alpha,inDrop2
2236,human2_lib1.final_cell_0300,17,alpha,alpha,inDrop2
2237,human2_lib1.final_cell_0301,17,alpha,alpha,inDrop2
2238,human2_lib1.final_cell_0302,17,alpha,alpha,inDrop2
2239,human2_lib1.final_cell_0303,1,ductal,ductal,inDrop2
2240,human2_lib1.final_cell_0304,20,beta,beta,inDrop2
2241,human2_lib1.final_cell_0305,17,alpha,alpha,inDrop2
2242,human2_lib1.final_cell_0306,17,alpha,alpha,inDrop2
2243,human2_lib1.final_cell_0307,1,ductal,ductal,inDrop2
2244,human2_lib1.final_cell_0308,17,alpha,alpha,inDrop2
2245,human2_lib1.final_cell_0309,1,ductal,ductal,inDrop2
2246,human2_lib1.final_cell_0310,17,alpha,alpha,inDrop2
2247,human2_lib1.final_cell_0311,17,alpha,alpha,inDrop2
2248,human2_lib1.final_cell_0312,18,gamma,gamma,inDrop2
2249,human2_lib1.final_cell_0313,13,ductal,Unmatched_13,inDrop2
2250,human2_lib1.final_cell_0314,1,ductal,ductal,inDrop2
2251,human2_lib1.final_cell_0315,17,alpha,alpha,inDrop2
2252,human2_lib1.final_cell_0316,17,alpha,alpha,inDrop2
2253,human2_lib1.final_cell_0317,13,ductal,Unmatched_13,inDrop2
2254,human2_lib1.final_cell_0318,20,beta,beta,inDrop2
2255,human2_lib1.final_cell_0319,1,ductal,ductal,inDrop2
2256,human2_lib1.final_cell_0320,17,alpha,alpha,inDrop2
2257,human2_lib1.final_cell_0321,1,ductal,ductal,inDrop2
2258,human2_lib1.final_cell_0322,17,alpha,alpha,inDrop2
2259,human2_lib1.final_cell_0323,1,ductal,ductal,inDrop2
2260,human2_lib1.final_cell_0324,23,beta,epsilon,inDrop2
2261,human2_lib1.final_cell_0325,20,beta,beta,inDrop2
2262,human2_lib1.final_cell_0326,20,beta,beta,inDrop2
2263,human2_lib1.final_cell_0327,1,ductal,ductal,inDrop2
2264,human2_lib1.final_cell_0328,1,ductal,ductal,inDrop2
2265,human2_lib1.final_cell_0329,17,alpha,alpha,inDrop2
2266,human2_lib1.final_cell_0330,3,delta,delta,inDrop2
2267,human2_lib1.final_cell_0331,17,alpha,alpha,inDrop2
2268,human2_lib1.final_cell_0332,20,beta,beta,inDrop2
2269,human2_lib1.final_cell_0333,20,beta,beta,inDrop2
2270,human2_lib1.final_cell_0334,0,endothelial,endothelial,inDrop2
2271,human2_lib1.final_cell_0335,17,alpha,alpha,inDrop2
2272,human2_lib1.final_cell_0336,23,alpha,epsilon,inDrop2
2273,human2_lib1.final_cell_0337,17,alpha,alpha,inDrop2
2274,human2_lib1.final_cell_0338,17,alpha,alpha,inDrop2
2275,human2_lib1.final_cell_0339,17,alpha,alpha,inDrop2
2276,human2_lib1.final_cell_0340,17,alpha,alpha,inDrop2
2277,human2_lib1.final_cell_0341,1,ductal,ductal,inDrop2
2278,human2_lib1.final_cell_0342,17,alpha,alpha,inDrop2
2279,human2_lib1.final_cell_0343,17,alpha,alpha,inDrop2
2280,human2_lib1.final_cell_0344,1,ductal,ductal,inDrop2
2281,human2_lib1.final_cell_0345,17,alpha,alpha,inDrop2
2282,human2_lib1.final_cell_0346,1,ductal,ductal,inDrop2
2283,human2_lib1.final_cell_0347,1,ductal,ductal,inDrop2
2284,human2_lib1.final_cell_0348,1,ductal,ductal,inDrop2
2285,human2_lib1.final_cell_0349,17,alpha,alpha,inDrop2
2286,human2_lib1.final_cell_0350,7,activated_stellate,activated_stellate,inDrop2
2287,human2_lib1.final_cell_0351,1,ductal,ductal,inDrop2
2288,human2_lib1.final_cell_0352,17,alpha,alpha,inDrop2
2289,human2_lib1.final_cell_0353,17,alpha,alpha,inDrop2
2290,human2_lib1.final_cell_0354,20,beta,beta,inDrop2
2291,human2_lib1.final_cell_0355,3,delta,delta,inDrop2
2292,human2_lib1.final_cell_0356,17,alpha,alpha,inDrop2
2293,human2_lib1.final_cell_0357,17,alpha,alpha,inDrop2
2294,human2_lib1.final_cell_0358,1,ductal,ductal,inDrop2
2295,human2_lib1.final_cell_0359,17,alpha,alpha,inDrop2
2296,human2_lib1.final_cell_0360,17,alpha,alpha,inDrop2
2297,human2_lib1.final_cell_0361,18,gamma,gamma,inDrop2
2298,human2_lib1.final_cell_0362,1,ductal,ductal,inDrop2
2299,human2_lib1.final_cell_0363,17,alpha,alpha,inDrop2
2300,human2_lib1.final_cell_0364,3,delta,delta,inDrop2
2301,human2_lib1.final_cell_0365,0,endothelial,endothelial,inDrop2
2302,human2_lib1.final_cell_0366,20,beta,beta,inDrop2
2303,human2_lib1.final_cell_0367,17,alpha,alpha,inDrop2
2304,human2_lib1.final_cell_0368,20,beta,beta,inDrop2
2305,human2_lib1.final_cell_0369,17,alpha,alpha,inDrop2
2306,human2_lib1.final_cell_0370,17,alpha,alpha,inDrop2
2307,human2_lib1.final_cell_0371,17,alpha,alpha,inDrop2
2308,human2_lib1.final_cell_0372,18,gamma,gamma,inDrop2
2309,human2_lib1.final_cell_0373,1,ductal,ductal,inDrop2
2310,human2_lib1.final_cell_0374,23,alpha,epsilon,inDrop2
2311,human2_lib1.final_cell_0375,17,alpha,alpha,inDrop2
2312,human2_lib1.final_cell_0376,18,gamma,gamma,inDrop2
2313,human2_lib1.final_cell_0377,17,alpha,alpha,inDrop2
2314,human2_lib1.final_cell_0378,2,quiescent_stellate,quiescent_stellate,inDrop2
2315,human2_lib1.final_cell_0379,23,beta,epsilon,inDrop2
2316,human2_lib1.final_cell_0380,13,ductal,Unmatched_13,inDrop2
2317,human2_lib1.final_cell_0381,13,ductal,Unmatched_13,inDrop2
2318,human2_lib1.final_cell_0382,20,beta,beta,inDrop2
2319,human2_lib1.final_cell_0383,17,alpha,alpha,inDrop2
2320,human2_lib1.final_cell_0384,17,alpha,alpha,inDrop2
2321,human2_lib1.final_cell_0385,17,alpha,alpha,inDrop2
2322,human2_lib1.final_cell_0386,17,alpha,alpha,inDrop2
2323,human2_lib1.final_cell_0387,17,alpha,alpha,inDrop2
2324,human2_lib1.final_cell_0388,20,beta,beta,inDrop2
2325,human2_lib1.final_cell_0389,17,alpha,alpha,inDrop2
2326,human2_lib1.final_cell_0390,23,beta,epsilon,inDrop2
2327,human2_lib1.final_cell_0391,1,ductal,ductal,inDrop2
2328,human2_lib1.final_cell_0392,18,gamma,gamma,inDrop2
2329,human2_lib1.final_cell_0393,20,beta,beta,inDrop2
2330,human2_lib1.final_cell_0394,7,activated_stellate,activated_stellate,inDrop2
2331,human2_lib1.final_cell_0395,1,ductal,ductal,inDrop2
2332,human2_lib1.final_cell_0396,1,ductal,ductal,inDrop2
2333,human2_lib1.final_cell_0397,17,alpha,alpha,inDrop2
2334,human2_lib1.final_cell_0398,18,gamma,gamma,inDrop2
2335,human2_lib1.final_cell_0399,23,epsilon,epsilon,inDrop2
2336,human2_lib1.final_cell_0400,17,alpha,alpha,inDrop2
2337,human2_lib1.final_cell_0401,3,delta,delta,inDrop2
2338,human2_lib1.final_cell_0402,17,alpha,alpha,inDrop2
2339,human2_lib1.final_cell_0403,13,ductal,Unmatched_13,inDrop2
2340,human2_lib1.final_cell_0404,17,alpha,alpha,inDrop2
2341,human2_lib1.final_cell_0405,3,beta,delta,inDrop2
2342,human2_lib1.final_cell_0406,7,activated_stellate,activated_stellate,inDrop2
2343,human2_lib1.final_cell_0407,18,gamma,gamma,inDrop2
2344,human2_lib1.final_cell_0408,17,alpha,alpha,inDrop2
2345,human2_lib1.final_cell_0409,17,alpha,alpha,inDrop2
2346,human2_lib1.final_cell_0410,8,schwann,schwann,inDrop2
2347,human2_lib1.final_cell_0411,13,ductal,Unmatched_13,inDrop2
2348,human2_lib1.final_cell_0412,17,alpha,alpha,inDrop2
2349,human2_lib1.final_cell_0413,17,alpha,alpha,inDrop2
2350,human2_lib1.final_cell_0414,18,gamma,gamma,inDrop2
2351,human2_lib1.final_cell_0415,17,alpha,alpha,inDrop2
2352,human2_lib1.final_cell_0416,17,alpha,alpha,inDrop2
2353,human2_lib1.final_cell_0417,17,alpha,alpha,inDrop2
2354,human2_lib1.final_cell_0418,17,alpha,alpha,inDrop2
2355,human2_lib1.final_cell_0419,17,alpha,alpha,inDrop2
2356,human2_lib1.final_cell_0420,17,alpha,alpha,inDrop2
2357,human2_lib1.final_cell_0421,20,beta,beta,inDrop2
2358,human2_lib1.final_cell_0422,4,macrophage,macrophage,inDrop2
2359,human2_lib1.final_cell_0423,1,ductal,ductal,inDrop2
2360,human2_lib1.final_cell_0424,17,alpha,alpha,inDrop2
2361,human2_lib1.final_cell_0425,17,alpha,alpha,inDrop2
2362,human2_lib1.final_cell_0426,1,ductal,ductal,inDrop2
2363,human2_lib1.final_cell_0427,17,alpha,alpha,inDrop2
2364,human2_lib1.final_cell_0428,17,alpha,alpha,inDrop2
2365,human2_lib1.final_cell_0429,17,alpha,alpha,inDrop2
2366,human2_lib1.final_cell_0430,20,beta,beta,inDrop2
2367,human2_lib1.final_cell_0431,1,ductal,ductal,inDrop2
2368,human2_lib1.final_cell_0432,17,gamma,alpha,inDrop2
2369,human2_lib1.final_cell_0433,3,delta,delta,inDrop2
2370,human2_lib1.final_cell_0434,1,ductal,ductal,inDrop2
2371,human2_lib1.final_cell_0435,3,delta,delta,inDrop2
2372,human2_lib1.final_cell_0436,20,beta,beta,inDrop2
2373,human2_lib1.final_cell_0437,17,alpha,alpha,inDrop2
2374,human2_lib1.final_cell_0438,1,ductal,ductal,inDrop2
2375,human2_lib1.final_cell_0439,18,gamma,gamma,inDrop2
2376,human2_lib1.final_cell_0440,17,alpha,alpha,inDrop2
2377,human2_lib1.final_cell_0441,17,alpha,alpha,inDrop2
2378,human2_lib1.final_cell_0442,17,alpha,alpha,inDrop2
2379,human2_lib1.final_cell_0443,18,gamma,gamma,inDrop2
2380,human2_lib1.final_cell_0444,7,activated_stellate,activated_stellate,inDrop2
2381,human2_lib1.final_cell_0445,17,alpha,alpha,inDrop2
2382,human2_lib1.final_cell_0446,1,ductal,ductal,inDrop2
2383,human2_lib1.final_cell_0447,17,alpha,alpha,inDrop2
2384,human2_lib1.final_cell_0448,17,alpha,alpha,inDrop2
2385,human2_lib1.final_cell_0449,20,beta,beta,inDrop2
2386,human2_lib1.final_cell_0450,1,ductal,ductal,inDrop2
2387,human2_lib1.final_cell_0451,17,alpha,alpha,inDrop2
2388,human2_lib1.final_cell_0452,18,gamma,gamma,inDrop2
2389,human2_lib1.final_cell_0453,3,delta,delta,inDrop2
2390,human2_lib1.final_cell_0454,17,alpha,alpha,inDrop2
2391,human2_lib1.final_cell_0455,17,alpha,alpha,inDrop2
2392,human2_lib1.final_cell_0456,1,ductal,ductal,inDrop2
2393,human2_lib1.final_cell_0457,7,activated_stellate,activated_stellate,inDrop2
2394,human2_lib1.final_cell_0458,17,alpha,alpha,inDrop2
2395,human2_lib1.final_cell_0459,17,alpha,alpha,inDrop2
2396,human2_lib1.final_cell_0460,17,alpha,alpha,inDrop2
2397,human2_lib1.final_cell_0461,18,gamma,gamma,inDrop2
2398,human2_lib1.final_cell_0462,17,alpha,alpha,inDrop2
2399,human2_lib1.final_cell_0463,20,beta,beta,inDrop2
2400,human2_lib1.final_cell_0464,17,alpha,alpha,inDrop2
2401,human2_lib1.final_cell_0465,17,alpha,alpha,inDrop2
2402,human2_lib1.final_cell_0466,23,beta,epsilon,inDrop2
2403,human2_lib1.final_cell_0467,1,ductal,ductal,inDrop2
2404,human2_lib1.final_cell_0468,8,schwann,schwann,inDrop2
2405,human2_lib1.final_cell_0469,3,delta,delta,inDrop2
2406,human2_lib1.final_cell_0470,18,gamma,gamma,inDrop2
2407,human2_lib1.final_cell_0471,7,activated_stellate,activated_stellate,inDrop2
2408,human2_lib1.final_cell_0472,17,alpha,alpha,inDrop2
2409,human2_lib1.final_cell_0473,13,ductal,Unmatched_13,inDrop2
2410,human2_lib1.final_cell_0474,23,beta,epsilon,inDrop2
2411,human2_lib1.final_cell_0475,20,beta,beta,inDrop2
2412,human2_lib1.final_cell_0476,17,alpha,alpha,inDrop2
2413,human2_lib1.final_cell_0477,18,gamma,gamma,inDrop2
2414,human2_lib1.final_cell_0478,18,gamma,gamma,inDrop2
2415,human2_lib1.final_cell_0479,1,ductal,ductal,inDrop2
2416,human2_lib1.final_cell_0480,17,alpha,alpha,inDrop2
2417,human2_lib1.final_cell_0481,7,activated_stellate,activated_stellate,inDrop2
2418,human2_lib1.final_cell_0482,0,endothelial,endothelial,inDrop2
2419,human2_lib1.final_cell_0483,20,beta,beta,inDrop2
2420,human2_lib1.final_cell_0484,20,beta,beta,inDrop2
2421,human2_lib1.final_cell_0485,0,endothelial,endothelial,inDrop2
2422,human2_lib1.final_cell_0486,17,alpha,alpha,inDrop2
2423,human2_lib1.final_cell_0487,20,beta,beta,inDrop2
2424,human2_lib1.final_cell_0488,20,beta,beta,inDrop2
2425,human2_lib1.final_cell_0489,17,alpha,alpha,inDrop2
2426,human2_lib1.final_cell_0490,3,ductal,delta,inDrop2
2427,human2_lib1.final_cell_0491,17,alpha,alpha,inDrop2
2428,human2_lib1.final_cell_0492,17,alpha,alpha,inDrop2
2429,human2_lib1.final_cell_0493,17,alpha,alpha,inDrop2
2430,human2_lib1.final_cell_0494,18,gamma,gamma,inDrop2
2431,human2_lib1.final_cell_0495,7,activated_stellate,activated_stellate,inDrop2
2432,human2_lib1.final_cell_0496,17,alpha,alpha,inDrop2
2433,human2_lib1.final_cell_0497,22,beta,Unmatched_22,inDrop2
2434,human2_lib1.final_cell_0498,23,alpha,epsilon,inDrop2
2435,human2_lib1.final_cell_0499,17,alpha,alpha,inDrop2
2436,human2_lib1.final_cell_0500,2,quiescent_stellate,quiescent_stellate,inDrop2
2437,human2_lib1.final_cell_0501,23,gamma,epsilon,inDrop2
2438,human2_lib1.final_cell_0502,17,alpha,alpha,inDrop2
2439,human2_lib1.final_cell_0503,17,alpha,alpha,inDrop2
2440,human2_lib1.final_cell_0504,17,alpha,alpha,inDrop2
2441,human2_lib1.final_cell_0505,17,alpha,alpha,inDrop2
2442,human2_lib1.final_cell_0506,17,alpha,alpha,inDrop2
2443,human2_lib1.final_cell_0507,2,quiescent_stellate,quiescent_stellate,inDrop2
2444,human2_lib1.final_cell_0508,17,alpha,alpha,inDrop2
2445,human2_lib1.final_cell_0509,17,alpha,alpha,inDrop2
2446,human2_lib1.final_cell_0510,17,alpha,alpha,inDrop2
2447,human2_lib1.final_cell_0511,1,ductal,ductal,inDrop2
2448,human2_lib1.final_cell_0512,17,alpha,alpha,inDrop2
2449,human2_lib1.final_cell_0513,23,beta,epsilon,inDrop2
2450,human2_lib1.final_cell_0514,23,beta,epsilon,inDrop2
2451,human2_lib1.final_cell_0515,20,beta,beta,inDrop2
2452,human2_lib1.final_cell_0516,20,beta,beta,inDrop2
2453,human2_lib1.final_cell_0517,1,ductal,ductal,inDrop2
2454,human2_lib1.final_cell_0518,17,alpha,alpha,inDrop2
2455,human2_lib1.final_cell_0519,23,alpha,epsilon,inDrop2
2456,human2_lib1.final_cell_0520,1,ductal,ductal,inDrop2
2457,human2_lib1.final_cell_0521,17,alpha,alpha,inDrop2
2458,human2_lib1.final_cell_0522,23,beta,epsilon,inDrop2
2459,human2_lib1.final_cell_0523,7,activated_stellate,activated_stellate,inDrop2
2460,human2_lib1.final_cell_0524,1,ductal,ductal,inDrop2
2461,human2_lib1.final_cell_0525,5,mast,mast,inDrop2
2462,human2_lib1.final_cell_0526,17,alpha,alpha,inDrop2
2463,human2_lib1.final_cell_0527,23,beta,epsilon,inDrop2
2464,human2_lib1.final_cell_0528,23,alpha,epsilon,inDrop2
2465,human2_lib1.final_cell_0529,17,alpha,alpha,inDrop2
2466,human2_lib1.final_cell_0530,23,beta,epsilon,inDrop2
2467,human2_lib1.final_cell_0531,18,gamma,gamma,inDrop2
2468,human2_lib1.final_cell_0532,23,beta,epsilon,inDrop2
2469,human2_lib1.final_cell_0533,13,ductal,Unmatched_13,inDrop2
2470,human2_lib1.final_cell_0534,1,ductal,ductal,inDrop2
2471,human2_lib1.final_cell_0535,1,ductal,ductal,inDrop2
2472,human2_lib1.final_cell_0536,1,ductal,ductal,inDrop2
2473,human2_lib1.final_cell_0537,17,alpha,alpha,inDrop2
2474,human2_lib1.final_cell_0538,23,beta,epsilon,inDrop2
2475,human2_lib1.final_cell_0539,23,ductal,epsilon,inDrop2
2476,human2_lib1.final_cell_0540,23,beta,epsilon,inDrop2
2477,human2_lib1.final_cell_0541,0,endothelial,endothelial,inDrop2
2478,human2_lib1.final_cell_0542,23,beta,epsilon,inDrop2
2479,human2_lib1.final_cell_0543,23,beta,epsilon,inDrop2
2480,human2_lib1.final_cell_0544,4,macrophage,macrophage,inDrop2
2481,human2_lib1.final_cell_0545,23,gamma,epsilon,inDrop2
2482,human2_lib1.final_cell_0546,1,ductal,ductal,inDrop2
2483,human2_lib1.final_cell_0547,1,ductal,ductal,inDrop2
2484,human2_lib1.final_cell_0548,20,beta,beta,inDrop2
2485,human2_lib1.final_cell_0549,2,quiescent_stellate,quiescent_stellate,inDrop2
2486,human2_lib1.final_cell_0550,13,ductal,Unmatched_13,inDrop2
2487,human2_lib1.final_cell_0551,17,alpha,alpha,inDrop2
2488,human2_lib1.final_cell_0552,17,alpha,alpha,inDrop2
2489,human2_lib1.final_cell_0553,1,ductal,ductal,inDrop2
2490,human2_lib1.final_cell_0554,23,alpha,epsilon,inDrop2
2491,human2_lib1.final_cell_0555,1,ductal,ductal,inDrop2
2492,human2_lib1.final_cell_0556,23,beta,epsilon,inDrop2
2493,human2_lib1.final_cell_0557,23,alpha,epsilon,inDrop2
2494,human2_lib1.final_cell_0558,13,ductal,Unmatched_13,inDrop2
2495,human2_lib1.final_cell_0559,23,beta,epsilon,inDrop2
2496,human2_lib2.final_cell_0001,3,delta,delta,inDrop2
2497,human2_lib2.final_cell_0002,23,alpha,epsilon,inDrop2
2498,human2_lib2.final_cell_0003,17,alpha,alpha,inDrop2
2499,human2_lib2.final_cell_0004,17,alpha,alpha,inDrop2
2500,human2_lib2.final_cell_0005,17,alpha,alpha,inDrop2
2501,human2_lib2.final_cell_0006,3,delta,delta,inDrop2
2502,human2_lib2.final_cell_0007,23,ductal,epsilon,inDrop2
2503,human2_lib2.final_cell_0008,17,alpha,alpha,inDrop2
2504,human2_lib2.final_cell_0009,3,delta,delta,inDrop2
2505,human2_lib2.final_cell_0010,3,delta,delta,inDrop2
2506,human2_lib2.final_cell_0011,3,delta,delta,inDrop2
2507,human2_lib2.final_cell_0012,23,activated_stellate,epsilon,inDrop2
2508,human2_lib2.final_cell_0013,20,beta,beta,inDrop2
2509,human2_lib2.final_cell_0014,3,delta,delta,inDrop2
2510,human2_lib2.final_cell_0015,13,ductal,Unmatched_13,inDrop2
2511,human2_lib2.final_cell_0016,13,ductal,Unmatched_13,inDrop2
2512,human2_lib2.final_cell_0017,13,ductal,Unmatched_13,inDrop2
2513,human2_lib2.final_cell_0018,1,ductal,ductal,inDrop2
2514,human2_lib2.final_cell_0019,17,alpha,alpha,inDrop2
2515,human2_lib2.final_cell_0020,3,delta,delta,inDrop2
2516,human2_lib2.final_cell_0021,4,macrophage,macrophage,inDrop2
2517,human2_lib2.final_cell_0022,20,beta,beta,inDrop2
2518,human2_lib2.final_cell_0023,3,delta,delta,inDrop2
2519,human2_lib2.final_cell_0024,13,ductal,Unmatched_13,inDrop2
2520,human2_lib2.final_cell_0025,20,beta,beta,inDrop2
2521,human2_lib2.final_cell_0026,3,delta,delta,inDrop2
2522,human2_lib2.final_cell_0027,17,alpha,alpha,inDrop2
2523,human2_lib2.final_cell_0028,17,alpha,alpha,inDrop2
2524,human2_lib2.final_cell_0029,7,activated_stellate,activated_stellate,inDrop2
2525,human2_lib2.final_cell_0030,13,ductal,Unmatched_13,inDrop2
2526,human2_lib2.final_cell_0031,20,beta,beta,inDrop2
2527,human2_lib2.final_cell_0032,13,ductal,Unmatched_13,inDrop2
2528,human2_lib2.final_cell_0033,17,alpha,alpha,inDrop2
2529,human2_lib2.final_cell_0034,3,delta,delta,inDrop2
2530,human2_lib2.final_cell_0035,1,ductal,ductal,inDrop2
2531,human2_lib2.final_cell_0036,12,ductal,acinar,inDrop2
2532,human2_lib2.final_cell_0037,20,beta,beta,inDrop2
2533,human2_lib2.final_cell_0038,17,alpha,alpha,inDrop2
2534,human2_lib2.final_cell_0039,23,alpha,epsilon,inDrop2
2535,human2_lib2.final_cell_0040,20,beta,beta,inDrop2
2536,human2_lib2.final_cell_0041,17,alpha,alpha,inDrop2
2537,human2_lib2.final_cell_0042,20,beta,beta,inDrop2
2538,human2_lib2.final_cell_0043,13,ductal,Unmatched_13,inDrop2
2539,human2_lib2.final_cell_0044,13,ductal,Unmatched_13,inDrop2
2540,human2_lib2.final_cell_0045,13,ductal,Unmatched_13,inDrop2
2541,human2_lib2.final_cell_0046,20,beta,beta,inDrop2
2542,human2_lib2.final_cell_0047,3,delta,delta,inDrop2
2543,human2_lib2.final_cell_0048,20,beta,beta,inDrop2
2544,human2_lib2.final_cell_0049,20,beta,beta,inDrop2
2545,human2_lib2.final_cell_0050,1,ductal,ductal,inDrop2
2546,human2_lib2.final_cell_0051,17,alpha,alpha,inDrop2
2547,human2_lib2.final_cell_0052,13,ductal,Unmatched_13,inDrop2
2548,human2_lib2.final_cell_0053,1,ductal,ductal,inDrop2
2549,human2_lib2.final_cell_0054,20,beta,beta,inDrop2
2550,human2_lib2.final_cell_0055,9,alpha,Unmatched_9,inDrop2
2551,human2_lib2.final_cell_0056,20,beta,beta,inDrop2
2552,human2_lib2.final_cell_0057,20,beta,beta,inDrop2
2553,human2_lib2.final_cell_0058,20,beta,beta,inDrop2
2554,human2_lib2.final_cell_0059,17,alpha,alpha,inDrop2
2555,human2_lib2.final_cell_0060,17,alpha,alpha,inDrop2
2556,human2_lib2.final_cell_0061,23,beta,epsilon,inDrop2
2557,human2_lib2.final_cell_0062,20,beta,beta,inDrop2
2558,human2_lib2.final_cell_0063,17,alpha,alpha,inDrop2
2559,human2_lib2.final_cell_0064,20,beta,beta,inDrop2
2560,human2_lib2.final_cell_0065,23,beta,epsilon,inDrop2
2561,human2_lib2.final_cell_0066,20,beta,beta,inDrop2
2562,human2_lib2.final_cell_0067,13,ductal,Unmatched_13,inDrop2
2563,human2_lib2.final_cell_0068,20,beta,beta,inDrop2
2564,human2_lib2.final_cell_0069,7,activated_stellate,activated_stellate,inDrop2
2565,human2_lib2.final_cell_0070,20,beta,beta,inDrop2
2566,human2_lib2.final_cell_0071,13,ductal,Unmatched_13,inDrop2
2567,human2_lib2.final_cell_0072,20,beta,beta,inDrop2
2568,human2_lib2.final_cell_0073,20,beta,beta,inDrop2
2569,human2_lib2.final_cell_0074,17,alpha,alpha,inDrop2
2570,human2_lib2.final_cell_0075,1,ductal,ductal,inDrop2
2571,human2_lib2.final_cell_0076,13,ductal,Unmatched_13,inDrop2
2572,human2_lib2.final_cell_0077,20,beta,beta,inDrop2
2573,human2_lib2.final_cell_0078,13,ductal,Unmatched_13,inDrop2
2574,human2_lib2.final_cell_0079,17,alpha,alpha,inDrop2
2575,human2_lib2.final_cell_0080,1,ductal,ductal,inDrop2
2576,human2_lib2.final_cell_0081,18,gamma,gamma,inDrop2
2577,human2_lib2.final_cell_0082,17,alpha,alpha,inDrop2
2578,human2_lib2.final_cell_0083,20,beta,beta,inDrop2
2579,human2_lib2.final_cell_0084,20,beta,beta,inDrop2
2580,human2_lib2.final_cell_0085,7,activated_stellate,activated_stellate,inDrop2
2581,human2_lib2.final_cell_0086,20,beta,beta,inDrop2
2582,human2_lib2.final_cell_0087,20,beta,beta,inDrop2
2583,human2_lib2.final_cell_0088,17,alpha,alpha,inDrop2
2584,human2_lib2.final_cell_0089,23,beta,epsilon,inDrop2
2585,human2_lib2.final_cell_0090,18,gamma,gamma,inDrop2
2586,human2_lib2.final_cell_0091,20,beta,beta,inDrop2
2587,human2_lib2.final_cell_0092,17,alpha,alpha,inDrop2
2588,human2_lib2.final_cell_0093,13,ductal,Unmatched_13,inDrop2
2589,human2_lib2.final_cell_0094,20,beta,beta,inDrop2
2590,human2_lib2.final_cell_0095,17,alpha,alpha,inDrop2
2591,human2_lib2.final_cell_0096,17,alpha,alpha,inDrop2
2592,human2_lib2.final_cell_0097,20,beta,beta,inDrop2
2593,human2_lib2.final_cell_0098,17,alpha,alpha,inDrop2
2594,human2_lib2.final_cell_0099,17,alpha,alpha,inDrop2
2595,human2_lib2.final_cell_0100,17,alpha,alpha,inDrop2
2596,human2_lib2.final_cell_0101,17,alpha,alpha,inDrop2
2597,human2_lib2.final_cell_0102,7,activated_stellate,activated_stellate,inDrop2
2598,human2_lib2.final_cell_0103,23,alpha,epsilon,inDrop2
2599,human2_lib2.final_cell_0104,7,activated_stellate,activated_stellate,inDrop2
2600,human2_lib2.final_cell_0105,20,beta,beta,inDrop2
2601,human2_lib2.final_cell_0106,18,gamma,gamma,inDrop2
2602,human2_lib2.final_cell_0107,17,alpha,alpha,inDrop2
2603,human2_lib2.final_cell_0108,20,beta,beta,inDrop2
2604,human2_lib2.final_cell_0109,3,delta,delta,inDrop2
2605,human2_lib2.final_cell_0110,13,ductal,Unmatched_13,inDrop2
2606,human2_lib2.final_cell_0111,17,alpha,alpha,inDrop2
2607,human2_lib2.final_cell_0112,23,activated_stellate,epsilon,inDrop2
2608,human2_lib2.final_cell_0113,20,beta,beta,inDrop2
2609,human2_lib2.final_cell_0114,23,alpha,epsilon,inDrop2
2610,human2_lib2.final_cell_0115,17,alpha,alpha,inDrop2
2611,human2_lib2.final_cell_0116,17,alpha,alpha,inDrop2
2612,human2_lib2.final_cell_0117,20,beta,beta,inDrop2
2613,human2_lib2.final_cell_0118,20,beta,beta,inDrop2
2614,human2_lib2.final_cell_0119,7,activated_stellate,activated_stellate,inDrop2
2615,human2_lib2.final_cell_0120,4,macrophage,macrophage,inDrop2
2616,human2_lib2.final_cell_0121,13,ductal,Unmatched_13,inDrop2
2617,human2_lib2.final_cell_0122,20,beta,beta,inDrop2
2618,human2_lib2.final_cell_0123,20,beta,beta,inDrop2
2619,human2_lib2.final_cell_0124,17,alpha,alpha,inDrop2
2620,human2_lib2.final_cell_0125,20,beta,beta,inDrop2
2621,human2_lib2.final_cell_0126,20,beta,beta,inDrop2
2622,human2_lib2.final_cell_0127,13,ductal,Unmatched_13,inDrop2
2623,human2_lib2.final_cell_0128,17,alpha,alpha,inDrop2
2624,human2_lib2.final_cell_0129,3,delta,delta,inDrop2
2625,human2_lib2.final_cell_0130,20,beta,beta,inDrop2
2626,human2_lib2.final_cell_0131,20,beta,beta,inDrop2
2627,human2_lib2.final_cell_0132,17,alpha,alpha,inDrop2
2628,human2_lib2.final_cell_0133,20,beta,beta,inDrop2
2629,human2_lib2.final_cell_0134,17,alpha,alpha,inDrop2
2630,human2_lib2.final_cell_0135,20,beta,beta,inDrop2
2631,human2_lib2.final_cell_0136,1,ductal,ductal,inDrop2
2632,human2_lib2.final_cell_0137,20,beta,beta,inDrop2
2633,human2_lib2.final_cell_0138,17,alpha,alpha,inDrop2
2634,human2_lib2.final_cell_0139,17,alpha,alpha,inDrop2
2635,human2_lib2.final_cell_0140,3,delta,delta,inDrop2
2636,human2_lib2.final_cell_0141,20,beta,beta,inDrop2
2637,human2_lib2.final_cell_0142,20,beta,beta,inDrop2
2638,human2_lib2.final_cell_0143,17,alpha,alpha,inDrop2
2639,human2_lib2.final_cell_0144,4,macrophage,macrophage,inDrop2
2640,human2_lib2.final_cell_0145,7,activated_stellate,activated_stellate,inDrop2
2641,human2_lib2.final_cell_0146,13,ductal,Unmatched_13,inDrop2
2642,human2_lib2.final_cell_0147,23,beta,epsilon,inDrop2
2643,human2_lib2.final_cell_0148,17,alpha,alpha,inDrop2
2644,human2_lib2.final_cell_0149,3,delta,delta,inDrop2
2645,human2_lib2.final_cell_0150,4,macrophage,macrophage,inDrop2
2646,human2_lib2.final_cell_0151,3,delta,delta,inDrop2
2647,human2_lib2.final_cell_0152,17,alpha,alpha,inDrop2
2648,human2_lib2.final_cell_0153,13,ductal,Unmatched_13,inDrop2
2649,human2_lib2.final_cell_0154,13,acinar,Unmatched_13,inDrop2
2650,human2_lib2.final_cell_0155,3,delta,delta,inDrop2
2651,human2_lib2.final_cell_0156,17,alpha,alpha,inDrop2
2652,human2_lib2.final_cell_0157,13,ductal,Unmatched_13,inDrop2
2653,human2_lib2.final_cell_0158,1,ductal,ductal,inDrop2
2654,human2_lib2.final_cell_0159,17,alpha,alpha,inDrop2
2655,human2_lib2.final_cell_0160,20,beta,beta,inDrop2
2656,human2_lib2.final_cell_0161,1,ductal,ductal,inDrop2
2657,human2_lib2.final_cell_0162,13,ductal,Unmatched_13,inDrop2
2658,human2_lib2.final_cell_0163,17,alpha,alpha,inDrop2
2659,human2_lib2.final_cell_0164,17,alpha,alpha,inDrop2
2660,human2_lib2.final_cell_0165,3,delta,delta,inDrop2
2661,human2_lib2.final_cell_0166,3,delta,delta,inDrop2
2662,human2_lib2.final_cell_0167,17,alpha,alpha,inDrop2
2663,human2_lib2.final_cell_0168,17,alpha,alpha,inDrop2
2664,human2_lib2.final_cell_0169,13,ductal,Unmatched_13,inDrop2
2665,human2_lib2.final_cell_0170,17,alpha,alpha,inDrop2
2666,human2_lib2.final_cell_0171,23,alpha,epsilon,inDrop2
2667,human2_lib2.final_cell_0172,3,delta,delta,inDrop2
2668,human2_lib2.final_cell_0173,17,alpha,alpha,inDrop2
2669,human2_lib2.final_cell_0174,20,beta,beta,inDrop2
2670,human2_lib2.final_cell_0175,20,beta,beta,inDrop2
2671,human2_lib2.final_cell_0176,17,alpha,alpha,inDrop2
2672,human2_lib2.final_cell_0177,1,ductal,ductal,inDrop2
2673,human2_lib2.final_cell_0178,3,delta,delta,inDrop2
2674,human2_lib2.final_cell_0179,17,alpha,alpha,inDrop2
2675,human2_lib2.final_cell_0180,7,activated_stellate,activated_stellate,inDrop2
2676,human2_lib2.final_cell_0181,3,delta,delta,inDrop2
2677,human2_lib2.final_cell_0182,20,beta,beta,inDrop2
2678,human2_lib2.final_cell_0183,18,gamma,gamma,inDrop2
2679,human2_lib2.final_cell_0184,3,delta,delta,inDrop2
2680,human2_lib2.final_cell_0185,18,gamma,gamma,inDrop2
2681,human2_lib2.final_cell_0186,20,beta,beta,inDrop2
2682,human2_lib2.final_cell_0187,1,ductal,ductal,inDrop2
2683,human2_lib2.final_cell_0188,17,alpha,alpha,inDrop2
2684,human2_lib2.final_cell_0189,1,ductal,ductal,inDrop2
2685,human2_lib2.final_cell_0190,17,alpha,alpha,inDrop2
2686,human2_lib2.final_cell_0191,1,ductal,ductal,inDrop2
2687,human2_lib2.final_cell_0192,20,beta,beta,inDrop2
2688,human2_lib2.final_cell_0193,1,ductal,ductal,inDrop2
2689,human2_lib2.final_cell_0194,23,alpha,epsilon,inDrop2
2690,human2_lib2.final_cell_0195,20,beta,beta,inDrop2
2691,human2_lib2.final_cell_0196,20,beta,beta,inDrop2
2692,human2_lib2.final_cell_0197,13,ductal,Unmatched_13,inDrop2
2693,human2_lib2.final_cell_0198,20,beta,beta,inDrop2
2694,human2_lib2.final_cell_0199,17,alpha,alpha,inDrop2
2695,human2_lib2.final_cell_0200,1,ductal,ductal,inDrop2
2696,human2_lib2.final_cell_0201,7,activated_stellate,activated_stellate,inDrop2
2697,human2_lib2.final_cell_0202,17,alpha,alpha,inDrop2
2698,human2_lib2.final_cell_0203,20,beta,beta,inDrop2
2699,human2_lib2.final_cell_0204,20,beta,beta,inDrop2
2700,human2_lib2.final_cell_0205,1,ductal,ductal,inDrop2
2701,human2_lib2.final_cell_0206,23,alpha,epsilon,inDrop2
2702,human2_lib2.final_cell_0207,1,ductal,ductal,inDrop2
2703,human2_lib2.final_cell_0208,17,alpha,alpha,inDrop2
2704,human2_lib2.final_cell_0209,17,alpha,alpha,inDrop2
2705,human2_lib2.final_cell_0210,17,alpha,alpha,inDrop2
2706,human2_lib2.final_cell_0211,17,alpha,alpha,inDrop2
2707,human2_lib2.final_cell_0212,17,alpha,alpha,inDrop2
2708,human2_lib2.final_cell_0213,20,beta,beta,inDrop2
2709,human2_lib2.final_cell_0214,1,ductal,ductal,inDrop2
2710,human2_lib2.final_cell_0215,17,alpha,alpha,inDrop2
2711,human2_lib2.final_cell_0216,17,alpha,alpha,inDrop2
2712,human2_lib2.final_cell_0217,17,alpha,alpha,inDrop2
2713,human2_lib2.final_cell_0218,1,ductal,ductal,inDrop2
2714,human2_lib2.final_cell_0219,20,beta,beta,inDrop2
2715,human2_lib2.final_cell_0220,1,ductal,ductal,inDrop2
2716,human2_lib2.final_cell_0221,7,activated_stellate,activated_stellate,inDrop2
2717,human2_lib2.final_cell_0222,17,alpha,alpha,inDrop2
2718,human2_lib2.final_cell_0223,20,beta,beta,inDrop2
2719,human2_lib2.final_cell_0224,17,alpha,alpha,inDrop2
2720,human2_lib2.final_cell_0225,17,alpha,alpha,inDrop2
2721,human2_lib2.final_cell_0226,1,ductal,ductal,inDrop2
2722,human2_lib2.final_cell_0227,17,alpha,alpha,inDrop2
2723,human2_lib2.final_cell_0228,17,alpha,alpha,inDrop2
2724,human2_lib2.final_cell_0229,20,beta,beta,inDrop2
2725,human2_lib2.final_cell_0230,20,beta,beta,inDrop2
2726,human2_lib2.final_cell_0231,20,beta,beta,inDrop2
2727,human2_lib2.final_cell_0232,20,beta,beta,inDrop2
2728,human2_lib2.final_cell_0233,13,ductal,Unmatched_13,inDrop2
2729,human2_lib2.final_cell_0234,4,macrophage,macrophage,inDrop2
2730,human2_lib2.final_cell_0235,17,alpha,alpha,inDrop2
2731,human2_lib2.final_cell_0236,13,ductal,Unmatched_13,inDrop2
2732,human2_lib2.final_cell_0237,17,alpha,alpha,inDrop2
2733,human2_lib2.final_cell_0238,20,beta,beta,inDrop2
2734,human2_lib2.final_cell_0239,23,beta,epsilon,inDrop2
2735,human2_lib2.final_cell_0240,1,ductal,ductal,inDrop2
2736,human2_lib2.final_cell_0241,20,beta,beta,inDrop2
2737,human2_lib2.final_cell_0242,3,delta,delta,inDrop2
2738,human2_lib2.final_cell_0243,2,quiescent_stellate,quiescent_stellate,inDrop2
2739,human2_lib2.final_cell_0244,17,alpha,alpha,inDrop2
2740,human2_lib2.final_cell_0245,17,alpha,alpha,inDrop2
2741,human2_lib2.final_cell_0246,20,beta,beta,inDrop2
2742,human2_lib2.final_cell_0247,1,ductal,ductal,inDrop2
2743,human2_lib2.final_cell_0248,20,beta,beta,inDrop2
2744,human2_lib2.final_cell_0249,17,alpha,alpha,inDrop2
2745,human2_lib2.final_cell_0250,20,beta,beta,inDrop2
2746,human2_lib2.final_cell_0251,17,alpha,alpha,inDrop2
2747,human2_lib2.final_cell_0252,20,beta,beta,inDrop2
2748,human2_lib2.final_cell_0253,20,beta,beta,inDrop2
2749,human2_lib2.final_cell_0254,20,beta,beta,inDrop2
2750,human2_lib2.final_cell_0255,20,beta,beta,inDrop2
2751,human2_lib2.final_cell_0256,17,alpha,alpha,inDrop2
2752,human2_lib2.final_cell_0257,17,alpha,alpha,inDrop2
2753,human2_lib2.final_cell_0258,20,beta,beta,inDrop2
2754,human2_lib2.final_cell_0259,17,alpha,alpha,inDrop2
2755,human2_lib2.final_cell_0260,3,delta,delta,inDrop2
2756,human2_lib2.final_cell_0261,17,alpha,alpha,inDrop2
2757,human2_lib2.final_cell_0262,22,beta,Unmatched_22,inDrop2
2758,human2_lib2.final_cell_0263,8,schwann,schwann,inDrop2
2759,human2_lib2.final_cell_0264,20,beta,beta,inDrop2
2760,human2_lib2.final_cell_0265,20,beta,beta,inDrop2
2761,human2_lib2.final_cell_0266,17,alpha,alpha,inDrop2
2762,human2_lib2.final_cell_0267,17,alpha,alpha,inDrop2
2763,human2_lib2.final_cell_0268,17,alpha,alpha,inDrop2
2764,human2_lib2.final_cell_0269,20,beta,beta,inDrop2
2765,human2_lib2.final_cell_0270,17,alpha,alpha,inDrop2
2766,human2_lib2.final_cell_0271,20,beta,beta,inDrop2
2767,human2_lib2.final_cell_0272,1,ductal,ductal,inDrop2
2768,human2_lib2.final_cell_0273,1,ductal,ductal,inDrop2
2769,human2_lib2.final_cell_0274,18,gamma,gamma,inDrop2
2770,human2_lib2.final_cell_0275,20,beta,beta,inDrop2
2771,human2_lib2.final_cell_0276,17,alpha,alpha,inDrop2
2772,human2_lib2.final_cell_0277,1,ductal,ductal,inDrop2
2773,human2_lib2.final_cell_0278,20,beta,beta,inDrop2
2774,human2_lib2.final_cell_0279,1,ductal,ductal,inDrop2
2775,human2_lib2.final_cell_0280,1,ductal,ductal,inDrop2
2776,human2_lib2.final_cell_0281,17,alpha,alpha,inDrop2
2777,human2_lib2.final_cell_0282,7,activated_stellate,activated_stellate,inDrop2
2778,human2_lib2.final_cell_0283,3,delta,delta,inDrop2
2779,human2_lib2.final_cell_0284,20,beta,beta,inDrop2
2780,human2_lib2.final_cell_0285,20,beta,beta,inDrop2
2781,human2_lib2.final_cell_0286,20,beta,beta,inDrop2
2782,human2_lib2.final_cell_0287,17,alpha,alpha,inDrop2
2783,human2_lib2.final_cell_0288,17,alpha,alpha,inDrop2
2784,human2_lib2.final_cell_0289,17,alpha,alpha,inDrop2
2785,human2_lib2.final_cell_0290,7,activated_stellate,activated_stellate,inDrop2
2786,human2_lib2.final_cell_0291,17,alpha,alpha,inDrop2
2787,human2_lib2.final_cell_0292,17,alpha,alpha,inDrop2
2788,human2_lib2.final_cell_0293,17,alpha,alpha,inDrop2
2789,human2_lib2.final_cell_0294,23,alpha,epsilon,inDrop2
2790,human2_lib2.final_cell_0295,17,alpha,alpha,inDrop2
2791,human2_lib2.final_cell_0296,3,delta,delta,inDrop2
2792,human2_lib2.final_cell_0297,17,alpha,alpha,inDrop2
2793,human2_lib2.final_cell_0298,18,gamma,gamma,inDrop2
2794,human2_lib2.final_cell_0299,17,alpha,alpha,inDrop2
2795,human2_lib2.final_cell_0300,17,alpha,alpha,inDrop2
2796,human2_lib2.final_cell_0301,23,gamma,epsilon,inDrop2
2797,human2_lib2.final_cell_0302,17,alpha,alpha,inDrop2
2798,human2_lib2.final_cell_0303,17,alpha,alpha,inDrop2
2799,human2_lib2.final_cell_0304,17,alpha,alpha,inDrop2
2800,human2_lib2.final_cell_0305,23,alpha,epsilon,inDrop2
2801,human2_lib2.final_cell_0306,1,ductal,ductal,inDrop2
2802,human2_lib2.final_cell_0307,17,alpha,alpha,inDrop2
2803,human2_lib2.final_cell_0308,7,activated_stellate,activated_stellate,inDrop2
2804,human2_lib2.final_cell_0309,17,alpha,alpha,inDrop2
2805,human2_lib2.final_cell_0310,3,delta,delta,inDrop2
2806,human2_lib2.final_cell_0311,17,alpha,alpha,inDrop2
2807,human2_lib2.final_cell_0312,17,alpha,alpha,inDrop2
2808,human2_lib2.final_cell_0313,17,alpha,alpha,inDrop2
2809,human2_lib2.final_cell_0314,1,ductal,ductal,inDrop2
2810,human2_lib2.final_cell_0315,3,delta,delta,inDrop2
2811,human2_lib2.final_cell_0316,17,alpha,alpha,inDrop2
2812,human2_lib2.final_cell_0317,17,alpha,alpha,inDrop2
2813,human2_lib2.final_cell_0318,17,alpha,alpha,inDrop2
2814,human2_lib2.final_cell_0319,17,alpha,alpha,inDrop2
2815,human2_lib2.final_cell_0320,20,beta,beta,inDrop2
2816,human2_lib2.final_cell_0321,20,beta,beta,inDrop2
2817,human2_lib2.final_cell_0322,17,alpha,alpha,inDrop2
2818,human2_lib2.final_cell_0323,7,activated_stellate,activated_stellate,inDrop2
2819,human2_lib2.final_cell_0324,17,alpha,alpha,inDrop2
2820,human2_lib2.final_cell_0325,20,beta,beta,inDrop2
2821,human2_lib2.final_cell_0326,17,alpha,alpha,inDrop2
2822,human2_lib2.final_cell_0327,23,beta,epsilon,inDrop2
2823,human2_lib2.final_cell_0328,20,beta,beta,inDrop2
2824,human2_lib2.final_cell_0329,17,alpha,alpha,inDrop2
2825,human2_lib2.final_cell_0330,17,alpha,alpha,inDrop2
2826,human2_lib2.final_cell_0331,7,activated_stellate,activated_stellate,inDrop2
2827,human2_lib2.final_cell_0332,20,beta,beta,inDrop2
2828,human2_lib2.final_cell_0333,17,alpha,alpha,inDrop2
2829,human2_lib2.final_cell_0334,22,beta,Unmatched_22,inDrop2
2830,human2_lib2.final_cell_0335,3,delta,delta,inDrop2
2831,human2_lib2.final_cell_0336,23,beta,epsilon,inDrop2
2832,human2_lib2.final_cell_0337,17,alpha,alpha,inDrop2
2833,human2_lib2.final_cell_0338,23,beta,epsilon,inDrop2
2834,human2_lib2.final_cell_0339,18,gamma,gamma,inDrop2
2835,human2_lib2.final_cell_0340,17,alpha,alpha,inDrop2
2836,human2_lib2.final_cell_0341,17,alpha,alpha,inDrop2
2837,human2_lib2.final_cell_0342,17,alpha,alpha,inDrop2
2838,human2_lib2.final_cell_0343,20,beta,beta,inDrop2
2839,human2_lib2.final_cell_0344,20,beta,beta,inDrop2
2840,human2_lib2.final_cell_0345,20,beta,beta,inDrop2
2841,human2_lib2.final_cell_0346,7,activated_stellate,activated_stellate,inDrop2
2842,human2_lib2.final_cell_0347,0,endothelial,endothelial,inDrop2
2843,human2_lib2.final_cell_0348,4,macrophage,macrophage,inDrop2
2844,human2_lib2.final_cell_0349,17,alpha,alpha,inDrop2
2845,human2_lib2.final_cell_0350,17,alpha,alpha,inDrop2
2846,human2_lib2.final_cell_0351,18,gamma,gamma,inDrop2
2847,human2_lib2.final_cell_0352,17,alpha,alpha,inDrop2
2848,human2_lib2.final_cell_0353,0,endothelial,endothelial,inDrop2
2849,human2_lib2.final_cell_0354,17,alpha,alpha,inDrop2
2850,human2_lib2.final_cell_0355,17,alpha,alpha,inDrop2
2851,human2_lib2.final_cell_0356,17,alpha,alpha,inDrop2
2852,human2_lib2.final_cell_0357,20,beta,beta,inDrop2
2853,human2_lib2.final_cell_0358,2,quiescent_stellate,quiescent_stellate,inDrop2
2854,human2_lib2.final_cell_0359,23,beta,epsilon,inDrop2
2855,human2_lib2.final_cell_0360,17,alpha,alpha,inDrop2
2856,human2_lib2.final_cell_0361,1,ductal,ductal,inDrop2
2857,human2_lib2.final_cell_0362,1,ductal,ductal,inDrop2
2858,human2_lib2.final_cell_0363,17,alpha,alpha,inDrop2
2859,human2_lib2.final_cell_0364,9,alpha,Unmatched_9,inDrop2
2860,human2_lib2.final_cell_0365,1,ductal,ductal,inDrop2
2861,human2_lib2.final_cell_0366,20,beta,beta,inDrop2
2862,human2_lib2.final_cell_0367,17,alpha,alpha,inDrop2
2863,human2_lib2.final_cell_0368,17,alpha,alpha,inDrop2
2864,human2_lib2.final_cell_0369,1,ductal,ductal,inDrop2
2865,human2_lib2.final_cell_0370,20,beta,beta,inDrop2
2866,human2_lib2.final_cell_0371,0,endothelial,endothelial,inDrop2
2867,human2_lib2.final_cell_0372,17,alpha,alpha,inDrop2
2868,human2_lib2.final_cell_0373,17,alpha,alpha,inDrop2
2869,human2_lib2.final_cell_0374,17,alpha,alpha,inDrop2
2870,human2_lib2.final_cell_0375,7,activated_stellate,activated_stellate,inDrop2
2871,human2_lib2.final_cell_0376,1,ductal,ductal,inDrop2
2872,human2_lib2.final_cell_0377,17,alpha,alpha,inDrop2
2873,human2_lib2.final_cell_0378,18,gamma,gamma,inDrop2
2874,human2_lib2.final_cell_0379,17,alpha,alpha,inDrop2
2875,human2_lib2.final_cell_0380,17,alpha,alpha,inDrop2
2876,human2_lib2.final_cell_0381,1,ductal,ductal,inDrop2
2877,human2_lib2.final_cell_0382,2,quiescent_stellate,quiescent_stellate,inDrop2
2878,human2_lib2.final_cell_0383,13,ductal,Unmatched_13,inDrop2
2879,human2_lib2.final_cell_0384,13,ductal,Unmatched_13,inDrop2
2880,human2_lib2.final_cell_0385,17,alpha,alpha,inDrop2
2881,human2_lib2.final_cell_0386,7,activated_stellate,activated_stellate,inDrop2
2882,human2_lib2.final_cell_0387,18,gamma,gamma,inDrop2
2883,human2_lib2.final_cell_0388,1,ductal,ductal,inDrop2
2884,human2_lib2.final_cell_0389,0,endothelial,endothelial,inDrop2
2885,human2_lib2.final_cell_0390,17,alpha,alpha,inDrop2
2886,human2_lib2.final_cell_0391,13,ductal,Unmatched_13,inDrop2
2887,human2_lib2.final_cell_0392,20,beta,beta,inDrop2
2888,human2_lib2.final_cell_0393,1,ductal,ductal,inDrop2
2889,human2_lib2.final_cell_0394,4,macrophage,macrophage,inDrop2
2890,human2_lib2.final_cell_0395,17,alpha,alpha,inDrop2
2891,human2_lib2.final_cell_0396,17,alpha,alpha,inDrop2
2892,human2_lib2.final_cell_0397,20,beta,beta,inDrop2
2893,human2_lib2.final_cell_0398,20,beta,beta,inDrop2
2894,human2_lib2.final_cell_0399,20,beta,beta,inDrop2
2895,human2_lib2.final_cell_0400,17,alpha,alpha,inDrop2
2896,human2_lib2.final_cell_0401,7,activated_stellate,activated_stellate,inDrop2
2897,human2_lib2.final_cell_0402,17,alpha,alpha,inDrop2
2898,human2_lib2.final_cell_0403,13,ductal,Unmatched_13,inDrop2
2899,human2_lib2.final_cell_0404,17,alpha,alpha,inDrop2
2900,human2_lib2.final_cell_0405,17,alpha,alpha,inDrop2
2901,human2_lib2.final_cell_0406,17,alpha,alpha,inDrop2
2902,human2_lib2.final_cell_0407,17,alpha,alpha,inDrop2
2903,human2_lib2.final_cell_0408,18,gamma,gamma,inDrop2
2904,human2_lib2.final_cell_0409,20,beta,beta,inDrop2
2905,human2_lib2.final_cell_0410,1,ductal,ductal,inDrop2
2906,human2_lib2.final_cell_0411,20,beta,beta,inDrop2
2907,human2_lib2.final_cell_0412,17,alpha,alpha,inDrop2
2908,human2_lib2.final_cell_0413,20,beta,beta,inDrop2
2909,human2_lib2.final_cell_0414,17,alpha,alpha,inDrop2
2910,human2_lib2.final_cell_0415,17,alpha,alpha,inDrop2
2911,human2_lib2.final_cell_0416,20,beta,beta,inDrop2
2912,human2_lib2.final_cell_0417,17,alpha,alpha,inDrop2
2913,human2_lib2.final_cell_0418,17,alpha,alpha,inDrop2
2914,human2_lib2.final_cell_0419,18,gamma,gamma,inDrop2
2915,human2_lib2.final_cell_0420,1,ductal,ductal,inDrop2
2916,human2_lib2.final_cell_0421,20,beta,beta,inDrop2
2917,human2_lib2.final_cell_0422,17,alpha,alpha,inDrop2
2918,human2_lib2.final_cell_0423,17,alpha,alpha,inDrop2
2919,human2_lib2.final_cell_0424,17,alpha,alpha,inDrop2
2920,human2_lib2.final_cell_0425,17,alpha,alpha,inDrop2
2921,human2_lib2.final_cell_0426,18,gamma,gamma,inDrop2
2922,human2_lib2.final_cell_0427,3,delta,delta,inDrop2
2923,human2_lib2.final_cell_0428,17,alpha,alpha,inDrop2
2924,human2_lib2.final_cell_0429,7,activated_stellate,activated_stellate,inDrop2
2925,human2_lib2.final_cell_0430,4,macrophage,macrophage,inDrop2
2926,human2_lib2.final_cell_0431,20,beta,beta,inDrop2
2927,human2_lib2.final_cell_0432,20,beta,beta,inDrop2
2928,human2_lib2.final_cell_0433,17,alpha,alpha,inDrop2
2929,human2_lib2.final_cell_0434,18,gamma,gamma,inDrop2
2930,human2_lib2.final_cell_0435,23,beta,epsilon,inDrop2
2931,human2_lib2.final_cell_0436,17,alpha,alpha,inDrop2
2932,human2_lib2.final_cell_0437,17,alpha,alpha,inDrop2
2933,human2_lib2.final_cell_0438,13,ductal,Unmatched_13,inDrop2
2934,human2_lib2.final_cell_0439,20,beta,beta,inDrop2
2935,human2_lib2.final_cell_0440,20,beta,beta,inDrop2
2936,human2_lib2.final_cell_0441,17,alpha,alpha,inDrop2
2937,human2_lib2.final_cell_0442,17,alpha,alpha,inDrop2
2938,human2_lib2.final_cell_0443,13,ductal,Unmatched_13,inDrop2
2939,human2_lib2.final_cell_0444,17,alpha,alpha,inDrop2
2940,human2_lib2.final_cell_0445,17,alpha,alpha,inDrop2
2941,human2_lib2.final_cell_0446,17,alpha,alpha,inDrop2
2942,human2_lib2.final_cell_0447,17,alpha,alpha,inDrop2
2943,human2_lib2.final_cell_0448,7,activated_stellate,activated_stellate,inDrop2
2944,human2_lib2.final_cell_0449,17,alpha,alpha,inDrop2
2945,human2_lib2.final_cell_0450,17,alpha,alpha,inDrop2
2946,human2_lib2.final_cell_0451,17,alpha,alpha,inDrop2
2947,human2_lib2.final_cell_0452,17,alpha,alpha,inDrop2
2948,human2_lib2.final_cell_0453,23,gamma,epsilon,inDrop2
2949,human2_lib2.final_cell_0454,23,beta,epsilon,inDrop2
2950,human2_lib2.final_cell_0455,17,alpha,alpha,inDrop2
2951,human2_lib2.final_cell_0456,17,alpha,alpha,inDrop2
2952,human2_lib2.final_cell_0457,17,alpha,alpha,inDrop2
2953,human2_lib2.final_cell_0458,22,beta,Unmatched_22,inDrop2
2954,human2_lib2.final_cell_0459,20,beta,beta,inDrop2
2955,human2_lib2.final_cell_0460,17,alpha,alpha,inDrop2
2956,human2_lib2.final_cell_0461,17,alpha,alpha,inDrop2
2957,human2_lib2.final_cell_0462,2,quiescent_stellate,quiescent_stellate,inDrop2
2958,human2_lib2.final_cell_0463,1,ductal,ductal,inDrop2
2959,human2_lib2.final_cell_0464,17,alpha,alpha,inDrop2
2960,human2_lib2.final_cell_0465,20,beta,beta,inDrop2
2961,human2_lib2.final_cell_0466,17,alpha,alpha,inDrop2
2962,human2_lib2.final_cell_0467,20,beta,beta,inDrop2
2963,human2_lib2.final_cell_0468,1,ductal,ductal,inDrop2
2964,human2_lib2.final_cell_0469,20,beta,beta,inDrop2
2965,human2_lib2.final_cell_0470,17,alpha,alpha,inDrop2
2966,human2_lib2.final_cell_0471,17,alpha,alpha,inDrop2
2967,human2_lib2.final_cell_0472,18,gamma,gamma,inDrop2
2968,human2_lib2.final_cell_0473,17,alpha,alpha,inDrop2
2969,human2_lib2.final_cell_0474,17,alpha,alpha,inDrop2
2970,human2_lib2.final_cell_0475,20,beta,beta,inDrop2
2971,human2_lib2.final_cell_0476,7,activated_stellate,activated_stellate,inDrop2
2972,human2_lib2.final_cell_0477,17,alpha,alpha,inDrop2
2973,human2_lib2.final_cell_0478,0,endothelial,endothelial,inDrop2
2974,human2_lib2.final_cell_0479,17,alpha,alpha,inDrop2
2975,human2_lib2.final_cell_0480,17,alpha,alpha,inDrop2
2976,human2_lib2.final_cell_0481,17,alpha,alpha,inDrop2
2977,human2_lib2.final_cell_0482,17,alpha,alpha,inDrop2
2978,human2_lib2.final_cell_0483,20,beta,beta,inDrop2
2979,human2_lib2.final_cell_0484,17,alpha,alpha,inDrop2
2980,human2_lib2.final_cell_0485,20,beta,beta,inDrop2
2981,human2_lib2.final_cell_0486,17,alpha,alpha,inDrop2
2982,human2_lib2.final_cell_0487,17,alpha,alpha,inDrop2
2983,human2_lib2.final_cell_0488,18,gamma,gamma,inDrop2
2984,human2_lib2.final_cell_0489,17,alpha,alpha,inDrop2
2985,human2_lib2.final_cell_0490,17,alpha,alpha,inDrop2
2986,human2_lib2.final_cell_0491,17,alpha,alpha,inDrop2
2987,human2_lib2.final_cell_0492,17,alpha,alpha,inDrop2
2988,human2_lib2.final_cell_0493,17,alpha,alpha,inDrop2
2989,human2_lib2.final_cell_0494,17,alpha,alpha,inDrop2
2990,human2_lib2.final_cell_0495,17,alpha,alpha,inDrop2
2991,human2_lib2.final_cell_0496,20,beta,beta,inDrop2
2992,human2_lib2.final_cell_0497,17,alpha,alpha,inDrop2
2993,human2_lib2.final_cell_0498,17,alpha,alpha,inDrop2
2994,human2_lib2.final_cell_0499,1,ductal,ductal,inDrop2
2995,human2_lib2.final_cell_0500,7,activated_stellate,activated_stellate,inDrop2
2996,human2_lib2.final_cell_0501,1,ductal,ductal,inDrop2
2997,human2_lib2.final_cell_0502,17,alpha,alpha,inDrop2
2998,human2_lib2.final_cell_0503,17,alpha,alpha,inDrop2
2999,human2_lib2.final_cell_0504,5,mast,mast,inDrop2
3000,human2_lib2.final_cell_0505,17,alpha,alpha,inDrop2
3001,human2_lib2.final_cell_0506,17,alpha,alpha,inDrop2
3002,human2_lib2.final_cell_0507,20,beta,beta,inDrop2
3003,human2_lib2.final_cell_0508,23,beta,epsilon,inDrop2
3004,human2_lib2.final_cell_0509,20,beta,beta,inDrop2
3005,human2_lib2.final_cell_0510,1,ductal,ductal,inDrop2
3006,human2_lib2.final_cell_0511,20,beta,beta,inDrop2
3007,human2_lib2.final_cell_0512,17,alpha,alpha,inDrop2
3008,human2_lib2.final_cell_0513,23,beta,epsilon,inDrop2
3009,human2_lib2.final_cell_0514,1,ductal,ductal,inDrop2
3010,human2_lib2.final_cell_0515,17,alpha,alpha,inDrop2
3011,human2_lib2.final_cell_0516,8,schwann,schwann,inDrop2
3012,human2_lib2.final_cell_0517,17,alpha,alpha,inDrop2
3013,human2_lib2.final_cell_0518,17,alpha,alpha,inDrop2
3014,human2_lib2.final_cell_0519,20,beta,beta,inDrop2
3015,human2_lib2.final_cell_0520,18,gamma,gamma,inDrop2
3016,human2_lib2.final_cell_0521,20,beta,beta,inDrop2
3017,human2_lib2.final_cell_0522,1,ductal,ductal,inDrop2
3018,human2_lib2.final_cell_0523,1,ductal,ductal,inDrop2
3019,human2_lib2.final_cell_0524,17,alpha,alpha,inDrop2
3020,human2_lib2.final_cell_0525,18,gamma,gamma,inDrop2
3021,human2_lib2.final_cell_0526,5,mast,mast,inDrop2
3022,human2_lib2.final_cell_0527,18,gamma,gamma,inDrop2
3023,human2_lib2.final_cell_0528,5,mast,mast,inDrop2
3024,human2_lib2.final_cell_0529,17,alpha,alpha,inDrop2
3025,human2_lib2.final_cell_0530,1,ductal,ductal,inDrop2
3026,human2_lib2.final_cell_0531,18,gamma,gamma,inDrop2
3027,human2_lib2.final_cell_0532,17,alpha,alpha,inDrop2
3028,human2_lib2.final_cell_0533,17,alpha,alpha,inDrop2
3029,human2_lib2.final_cell_0534,17,alpha,alpha,inDrop2
3030,human2_lib2.final_cell_0535,17,alpha,alpha,inDrop2
3031,human2_lib2.final_cell_0536,1,ductal,ductal,inDrop2
3032,human2_lib2.final_cell_0537,17,alpha,alpha,inDrop2
3033,human2_lib2.final_cell_0538,17,alpha,alpha,inDrop2
3034,human2_lib2.final_cell_0539,17,alpha,alpha,inDrop2
3035,human2_lib2.final_cell_0540,5,mast,mast,inDrop2
3036,human2_lib2.final_cell_0541,17,alpha,alpha,inDrop2
3037,human2_lib2.final_cell_0542,17,alpha,alpha,inDrop2
3038,human2_lib2.final_cell_0543,2,quiescent_stellate,quiescent_stellate,inDrop2
3039,human2_lib2.final_cell_0544,20,beta,beta,inDrop2
3040,human2_lib2.final_cell_0545,17,alpha,alpha,inDrop2
3041,human2_lib2.final_cell_0546,20,beta,beta,inDrop2
3042,human2_lib2.final_cell_0547,17,alpha,alpha,inDrop2
3043,human2_lib2.final_cell_0548,17,alpha,alpha,inDrop2
3044,human2_lib2.final_cell_0549,18,gamma,gamma,inDrop2
3045,human2_lib2.final_cell_0550,18,gamma,gamma,inDrop2
3046,human2_lib2.final_cell_0551,1,ductal,ductal,inDrop2
3047,human2_lib2.final_cell_0552,17,alpha,alpha,inDrop2
3048,human2_lib2.final_cell_0553,7,activated_stellate,activated_stellate,inDrop2
3049,human2_lib2.final_cell_0554,17,alpha,alpha,inDrop2
3050,human2_lib2.final_cell_0555,1,ductal,ductal,inDrop2
3051,human2_lib2.final_cell_0556,3,delta,delta,inDrop2
3052,human2_lib2.final_cell_0557,17,alpha,alpha,inDrop2
3053,human2_lib2.final_cell_0558,17,alpha,alpha,inDrop2
3054,human2_lib2.final_cell_0559,7,activated_stellate,activated_stellate,inDrop2
3055,human2_lib2.final_cell_0560,20,beta,beta,inDrop2
3056,human2_lib2.final_cell_0561,17,alpha,alpha,inDrop2
3057,human2_lib2.final_cell_0562,2,quiescent_stellate,quiescent_stellate,inDrop2
3058,human2_lib2.final_cell_0563,1,ductal,ductal,inDrop2
3059,human2_lib2.final_cell_0564,23,alpha,epsilon,inDrop2
3060,human2_lib2.final_cell_0565,2,quiescent_stellate,quiescent_stellate,inDrop2
3061,human2_lib2.final_cell_0566,13,ductal,Unmatched_13,inDrop2
3062,human2_lib2.final_cell_0567,17,alpha,alpha,inDrop2
3063,human2_lib2.final_cell_0568,7,activated_stellate,activated_stellate,inDrop2
3064,human2_lib2.final_cell_0569,20,beta,beta,inDrop2
3065,human2_lib2.final_cell_0570,20,beta,beta,inDrop2
3066,human2_lib2.final_cell_0571,7,activated_stellate,activated_stellate,inDrop2
3067,human2_lib2.final_cell_0572,17,alpha,alpha,inDrop2
3068,human2_lib2.final_cell_0573,17,alpha,alpha,inDrop2
3069,human2_lib2.final_cell_0574,1,ductal,ductal,inDrop2
3070,human2_lib2.final_cell_0575,23,beta,epsilon,inDrop2
3071,human2_lib2.final_cell_0576,20,beta,beta,inDrop2
3072,human2_lib2.final_cell_0577,17,alpha,alpha,inDrop2
3073,human2_lib2.final_cell_0578,8,schwann,schwann,inDrop2
3074,human2_lib2.final_cell_0579,18,gamma,gamma,inDrop2
3075,human2_lib2.final_cell_0580,1,ductal,ductal,inDrop2
3076,human2_lib2.final_cell_0581,17,alpha,alpha,inDrop2
3077,human2_lib2.final_cell_0582,4,t_cell,macrophage,inDrop2
3078,human2_lib2.final_cell_0583,8,schwann,schwann,inDrop2
3079,human2_lib2.final_cell_0584,20,beta,beta,inDrop2
3080,human2_lib2.final_cell_0585,18,gamma,gamma,inDrop2
3081,human2_lib2.final_cell_0586,23,beta,epsilon,inDrop2
3082,human2_lib2.final_cell_0587,23,beta,epsilon,inDrop2
3083,human2_lib2.final_cell_0588,23,beta,epsilon,inDrop2
3084,human2_lib2.final_cell_0589,23,beta,epsilon,inDrop2
3085,human2_lib2.final_cell_0590,23,t_cell,epsilon,inDrop2
3086,human2_lib2.final_cell_0591,20,beta,beta,inDrop2
3087,human2_lib2.final_cell_0592,20,beta,beta,inDrop2
3088,human2_lib2.final_cell_0593,17,alpha,alpha,inDrop2
3089,human2_lib2.final_cell_0594,23,beta,epsilon,inDrop2
3090,human2_lib2.final_cell_0595,23,alpha,epsilon,inDrop2
3091,human2_lib2.final_cell_0596,1,ductal,ductal,inDrop2
3092,human2_lib2.final_cell_0597,23,beta,epsilon,inDrop2
3093,human2_lib2.final_cell_0598,23,alpha,epsilon,inDrop2
3094,human2_lib2.final_cell_0599,13,ductal,Unmatched_13,inDrop2
3095,human2_lib2.final_cell_0600,23,alpha,epsilon,inDrop2
3096,human2_lib3.final_cell_0001,20,beta,beta,inDrop2
3097,human2_lib3.final_cell_0002,3,delta,delta,inDrop2
3098,human2_lib3.final_cell_0003,3,delta,delta,inDrop2
3099,human2_lib3.final_cell_0004,20,beta,beta,inDrop2
3100,human2_lib3.final_cell_0005,23,ductal,epsilon,inDrop2
3101,human2_lib3.final_cell_0006,17,alpha,alpha,inDrop2
3102,human2_lib3.final_cell_0007,20,beta,beta,inDrop2
3103,human2_lib3.final_cell_0008,1,ductal,ductal,inDrop2
3104,human2_lib3.final_cell_0009,17,alpha,alpha,inDrop2
3105,human2_lib3.final_cell_0010,3,delta,delta,inDrop2
3106,human2_lib3.final_cell_0011,13,ductal,Unmatched_13,inDrop2
3107,human2_lib3.final_cell_0012,17,alpha,alpha,inDrop2
3108,human2_lib3.final_cell_0013,13,ductal,Unmatched_13,inDrop2
3109,human2_lib3.final_cell_0014,3,delta,delta,inDrop2
3110,human2_lib3.final_cell_0015,1,ductal,ductal,inDrop2
3111,human2_lib3.final_cell_0016,17,alpha,alpha,inDrop2
3112,human2_lib3.final_cell_0017,1,ductal,ductal,inDrop2
3113,human2_lib3.final_cell_0018,13,ductal,Unmatched_13,inDrop2
3114,human2_lib3.final_cell_0019,3,delta,delta,inDrop2
3115,human2_lib3.final_cell_0020,3,delta,delta,inDrop2
3116,human2_lib3.final_cell_0021,17,alpha,alpha,inDrop2
3117,human2_lib3.final_cell_0022,20,beta,beta,inDrop2
3118,human2_lib3.final_cell_0023,3,delta,delta,inDrop2
3119,human2_lib3.final_cell_0024,3,delta,delta,inDrop2
3120,human2_lib3.final_cell_0025,20,beta,beta,inDrop2
3121,human2_lib3.final_cell_0026,3,delta,delta,inDrop2
3122,human2_lib3.final_cell_0027,13,ductal,Unmatched_13,inDrop2
3123,human2_lib3.final_cell_0028,13,ductal,Unmatched_13,inDrop2
3124,human2_lib3.final_cell_0029,13,ductal,Unmatched_13,inDrop2
3125,human2_lib3.final_cell_0030,13,ductal,Unmatched_13,inDrop2
3126,human2_lib3.final_cell_0031,3,delta,delta,inDrop2
3127,human2_lib3.final_cell_0032,17,alpha,alpha,inDrop2
3128,human2_lib3.final_cell_0033,3,delta,delta,inDrop2
3129,human2_lib3.final_cell_0034,17,alpha,alpha,inDrop2
3130,human2_lib3.final_cell_0035,16,beta,Unmatched_16,inDrop2
3131,human2_lib3.final_cell_0036,13,ductal,Unmatched_13,inDrop2
3132,human2_lib3.final_cell_0037,23,epsilon,epsilon,inDrop2
3133,human2_lib3.final_cell_0038,17,alpha,alpha,inDrop2
3134,human2_lib3.final_cell_0039,3,delta,delta,inDrop2
3135,human2_lib3.final_cell_0040,17,alpha,alpha,inDrop2
3136,human2_lib3.final_cell_0041,3,delta,delta,inDrop2
3137,human2_lib3.final_cell_0042,17,alpha,alpha,inDrop2
3138,human2_lib3.final_cell_0043,3,delta,delta,inDrop2
3139,human2_lib3.final_cell_0044,7,activated_stellate,activated_stellate,inDrop2
3140,human2_lib3.final_cell_0045,17,alpha,alpha,inDrop2
3141,human2_lib3.final_cell_0046,17,alpha,alpha,inDrop2
3142,human2_lib3.final_cell_0047,3,delta,delta,inDrop2
3143,human2_lib3.final_cell_0048,3,delta,delta,inDrop2
3144,human2_lib3.final_cell_0049,20,beta,beta,inDrop2
3145,human2_lib3.final_cell_0050,20,beta,beta,inDrop2
3146,human2_lib3.final_cell_0051,17,alpha,alpha,inDrop2
3147,human2_lib3.final_cell_0052,17,alpha,alpha,inDrop2
3148,human2_lib3.final_cell_0053,20,beta,beta,inDrop2
3149,human2_lib3.final_cell_0054,3,delta,delta,inDrop2
3150,human2_lib3.final_cell_0055,17,alpha,alpha,inDrop2
3151,human2_lib3.final_cell_0056,17,alpha,alpha,inDrop2
3152,human2_lib3.final_cell_0057,23,activated_stellate,epsilon,inDrop2
3153,human2_lib3.final_cell_0058,13,ductal,Unmatched_13,inDrop2
3154,human2_lib3.final_cell_0059,17,alpha,alpha,inDrop2
3155,human2_lib3.final_cell_0060,20,beta,beta,inDrop2
3156,human2_lib3.final_cell_0061,17,alpha,alpha,inDrop2
3157,human2_lib3.final_cell_0062,7,activated_stellate,activated_stellate,inDrop2
3158,human2_lib3.final_cell_0063,17,alpha,alpha,inDrop2
3159,human2_lib3.final_cell_0064,13,ductal,Unmatched_13,inDrop2
3160,human2_lib3.final_cell_0065,17,alpha,alpha,inDrop2
3161,human2_lib3.final_cell_0066,13,acinar,Unmatched_13,inDrop2
3162,human2_lib3.final_cell_0067,17,alpha,alpha,inDrop2
3163,human2_lib3.final_cell_0068,20,beta,beta,inDrop2
3164,human2_lib3.final_cell_0069,3,delta,delta,inDrop2
3165,human2_lib3.final_cell_0070,17,alpha,alpha,inDrop2
3166,human2_lib3.final_cell_0071,17,alpha,alpha,inDrop2
3167,human2_lib3.final_cell_0072,17,alpha,alpha,inDrop2
3168,human2_lib3.final_cell_0073,17,alpha,alpha,inDrop2
3169,human2_lib3.final_cell_0074,17,alpha,alpha,inDrop2
3170,human2_lib3.final_cell_0075,17,alpha,alpha,inDrop2
3171,human2_lib3.final_cell_0076,4,macrophage,macrophage,inDrop2
3172,human2_lib3.final_cell_0077,4,macrophage,macrophage,inDrop2
3173,human2_lib3.final_cell_0078,1,ductal,ductal,inDrop2
3174,human2_lib3.final_cell_0079,20,beta,beta,inDrop2
3175,human2_lib3.final_cell_0080,1,ductal,ductal,inDrop2
3176,human2_lib3.final_cell_0081,13,ductal,Unmatched_13,inDrop2
3177,human2_lib3.final_cell_0082,17,alpha,alpha,inDrop2
3178,human2_lib3.final_cell_0083,17,alpha,alpha,inDrop2
3179,human2_lib3.final_cell_0084,17,alpha,alpha,inDrop2
3180,human2_lib3.final_cell_0085,17,alpha,alpha,inDrop2
3181,human2_lib3.final_cell_0086,13,ductal,Unmatched_13,inDrop2
3182,human2_lib3.final_cell_0087,3,delta,delta,inDrop2
3183,human2_lib3.final_cell_0088,3,delta,delta,inDrop2
3184,human2_lib3.final_cell_0089,20,beta,beta,inDrop2
3185,human2_lib3.final_cell_0090,17,alpha,alpha,inDrop2
3186,human2_lib3.final_cell_0091,13,ductal,Unmatched_13,inDrop2
3187,human2_lib3.final_cell_0092,1,ductal,ductal,inDrop2
3188,human2_lib3.final_cell_0093,20,beta,beta,inDrop2
3189,human2_lib3.final_cell_0094,17,alpha,alpha,inDrop2
3190,human2_lib3.final_cell_0095,3,delta,delta,inDrop2
3191,human2_lib3.final_cell_0096,20,beta,beta,inDrop2
3192,human2_lib3.final_cell_0097,2,quiescent_stellate,quiescent_stellate,inDrop2
3193,human2_lib3.final_cell_0098,3,delta,delta,inDrop2
3194,human2_lib3.final_cell_0099,2,quiescent_stellate,quiescent_stellate,inDrop2
3195,human2_lib3.final_cell_0100,7,activated_stellate,activated_stellate,inDrop2
3196,human2_lib3.final_cell_0101,17,alpha,alpha,inDrop2
3197,human2_lib3.final_cell_0102,7,activated_stellate,activated_stellate,inDrop2
3198,human2_lib3.final_cell_0103,13,ductal,Unmatched_13,inDrop2
3199,human2_lib3.final_cell_0104,17,alpha,alpha,inDrop2
3200,human2_lib3.final_cell_0105,17,alpha,alpha,inDrop2
3201,human2_lib3.final_cell_0106,20,beta,beta,inDrop2
3202,human2_lib3.final_cell_0107,20,beta,beta,inDrop2
3203,human2_lib3.final_cell_0108,7,activated_stellate,activated_stellate,inDrop2
3204,human2_lib3.final_cell_0109,20,beta,beta,inDrop2
3205,human2_lib3.final_cell_0110,20,beta,beta,inDrop2
3206,human2_lib3.final_cell_0111,1,ductal,ductal,inDrop2
3207,human2_lib3.final_cell_0112,13,ductal,Unmatched_13,inDrop2
3208,human2_lib3.final_cell_0113,17,alpha,alpha,inDrop2
3209,human2_lib3.final_cell_0114,1,ductal,ductal,inDrop2
3210,human2_lib3.final_cell_0115,13,ductal,Unmatched_13,inDrop2
3211,human2_lib3.final_cell_0116,17,alpha,alpha,inDrop2
3212,human2_lib3.final_cell_0117,7,activated_stellate,activated_stellate,inDrop2
3213,human2_lib3.final_cell_0118,17,alpha,alpha,inDrop2
3214,human2_lib3.final_cell_0119,13,ductal,Unmatched_13,inDrop2
3215,human2_lib3.final_cell_0120,20,beta,beta,inDrop2
3216,human2_lib3.final_cell_0121,20,beta,beta,inDrop2
3217,human2_lib3.final_cell_0122,17,alpha,alpha,inDrop2
3218,human2_lib3.final_cell_0123,3,delta,delta,inDrop2
3219,human2_lib3.final_cell_0124,7,activated_stellate,activated_stellate,inDrop2
3220,human2_lib3.final_cell_0125,1,ductal,ductal,inDrop2
3221,human2_lib3.final_cell_0126,20,beta,beta,inDrop2
3222,human2_lib3.final_cell_0127,17,alpha,alpha,inDrop2
3223,human2_lib3.final_cell_0128,17,alpha,alpha,inDrop2
3224,human2_lib3.final_cell_0129,17,alpha,alpha,inDrop2
3225,human2_lib3.final_cell_0130,17,alpha,alpha,inDrop2
3226,human2_lib3.final_cell_0131,7,activated_stellate,activated_stellate,inDrop2
3227,human2_lib3.final_cell_0132,20,beta,beta,inDrop2
3228,human2_lib3.final_cell_0133,20,beta,beta,inDrop2
3229,human2_lib3.final_cell_0134,20,beta,beta,inDrop2
3230,human2_lib3.final_cell_0135,17,alpha,alpha,inDrop2
3231,human2_lib3.final_cell_0136,20,beta,beta,inDrop2
3232,human2_lib3.final_cell_0137,3,delta,delta,inDrop2
3233,human2_lib3.final_cell_0138,17,alpha,alpha,inDrop2
3234,human2_lib3.final_cell_0139,17,alpha,alpha,inDrop2
3235,human2_lib3.final_cell_0140,17,alpha,alpha,inDrop2
3236,human2_lib3.final_cell_0141,23,beta,epsilon,inDrop2
3237,human2_lib3.final_cell_0142,17,alpha,alpha,inDrop2
3238,human2_lib3.final_cell_0143,17,alpha,alpha,inDrop2
3239,human2_lib3.final_cell_0144,1,ductal,ductal,inDrop2
3240,human2_lib3.final_cell_0145,20,beta,beta,inDrop2
3241,human2_lib3.final_cell_0146,17,alpha,alpha,inDrop2
3242,human2_lib3.final_cell_0147,4,macrophage,macrophage,inDrop2
3243,human2_lib3.final_cell_0148,13,ductal,Unmatched_13,inDrop2
3244,human2_lib3.final_cell_0149,3,delta,delta,inDrop2
3245,human2_lib3.final_cell_0150,17,alpha,alpha,inDrop2
3246,human2_lib3.final_cell_0151,20,beta,beta,inDrop2
3247,human2_lib3.final_cell_0152,17,alpha,alpha,inDrop2
3248,human2_lib3.final_cell_0153,17,alpha,alpha,inDrop2
3249,human2_lib3.final_cell_0154,17,alpha,alpha,inDrop2
3250,human2_lib3.final_cell_0155,7,activated_stellate,activated_stellate,inDrop2
3251,human2_lib3.final_cell_0156,1,ductal,ductal,inDrop2
3252,human2_lib3.final_cell_0157,17,alpha,alpha,inDrop2
3253,human2_lib3.final_cell_0158,13,ductal,Unmatched_13,inDrop2
3254,human2_lib3.final_cell_0159,3,delta,delta,inDrop2
3255,human2_lib3.final_cell_0160,20,beta,beta,inDrop2
3256,human2_lib3.final_cell_0161,3,delta,delta,inDrop2
3257,human2_lib3.final_cell_0162,13,ductal,Unmatched_13,inDrop2
3258,human2_lib3.final_cell_0163,17,alpha,alpha,inDrop2
3259,human2_lib3.final_cell_0164,17,alpha,alpha,inDrop2
3260,human2_lib3.final_cell_0165,20,beta,beta,inDrop2
3261,human2_lib3.final_cell_0166,7,activated_stellate,activated_stellate,inDrop2
3262,human2_lib3.final_cell_0167,13,ductal,Unmatched_13,inDrop2
3263,human2_lib3.final_cell_0168,1,ductal,ductal,inDrop2
3264,human2_lib3.final_cell_0169,1,ductal,ductal,inDrop2
3265,human2_lib3.final_cell_0170,1,ductal,ductal,inDrop2
3266,human2_lib3.final_cell_0171,17,alpha,alpha,inDrop2
3267,human2_lib3.final_cell_0172,3,delta,delta,inDrop2
3268,human2_lib3.final_cell_0173,13,ductal,Unmatched_13,inDrop2
3269,human2_lib3.final_cell_0174,17,alpha,alpha,inDrop2
3270,human2_lib3.final_cell_0175,17,alpha,alpha,inDrop2
3271,human2_lib3.final_cell_0176,17,alpha,alpha,inDrop2
3272,human2_lib3.final_cell_0177,17,alpha,alpha,inDrop2
3273,human2_lib3.final_cell_0178,17,alpha,alpha,inDrop2
3274,human2_lib3.final_cell_0179,20,beta,beta,inDrop2
3275,human2_lib3.final_cell_0180,17,alpha,alpha,inDrop2
3276,human2_lib3.final_cell_0181,17,alpha,alpha,inDrop2
3277,human2_lib3.final_cell_0182,23,alpha,epsilon,inDrop2
3278,human2_lib3.final_cell_0183,7,activated_stellate,activated_stellate,inDrop2
3279,human2_lib3.final_cell_0184,17,alpha,alpha,inDrop2
3280,human2_lib3.final_cell_0185,20,beta,beta,inDrop2
3281,human2_lib3.final_cell_0186,17,alpha,alpha,inDrop2
3282,human2_lib3.final_cell_0187,1,ductal,ductal,inDrop2
3283,human2_lib3.final_cell_0188,17,alpha,alpha,inDrop2
3284,human2_lib3.final_cell_0189,17,alpha,alpha,inDrop2
3285,human2_lib3.final_cell_0190,17,alpha,alpha,inDrop2
3286,human2_lib3.final_cell_0191,13,ductal,Unmatched_13,inDrop2
3287,human2_lib3.final_cell_0192,17,alpha,alpha,inDrop2
3288,human2_lib3.final_cell_0193,17,alpha,alpha,inDrop2
3289,human2_lib3.final_cell_0194,13,acinar,Unmatched_13,inDrop2
3290,human2_lib3.final_cell_0195,20,beta,beta,inDrop2
3291,human2_lib3.final_cell_0196,13,ductal,Unmatched_13,inDrop2
3292,human2_lib3.final_cell_0197,20,beta,beta,inDrop2
3293,human2_lib3.final_cell_0198,1,ductal,ductal,inDrop2
3294,human2_lib3.final_cell_0199,17,alpha,alpha,inDrop2
3295,human2_lib3.final_cell_0200,23,beta,epsilon,inDrop2
3296,human2_lib3.final_cell_0201,17,alpha,alpha,inDrop2
3297,human2_lib3.final_cell_0202,3,delta,delta,inDrop2
3298,human2_lib3.final_cell_0203,17,alpha,alpha,inDrop2
3299,human2_lib3.final_cell_0204,1,ductal,ductal,inDrop2
3300,human2_lib3.final_cell_0205,17,alpha,alpha,inDrop2
3301,human2_lib3.final_cell_0206,17,alpha,alpha,inDrop2
3302,human2_lib3.final_cell_0207,17,alpha,alpha,inDrop2
3303,human2_lib3.final_cell_0208,0,endothelial,endothelial,inDrop2
3304,human2_lib3.final_cell_0209,13,ductal,Unmatched_13,inDrop2
3305,human2_lib3.final_cell_0210,3,delta,delta,inDrop2
3306,human2_lib3.final_cell_0211,20,beta,beta,inDrop2
3307,human2_lib3.final_cell_0212,17,alpha,alpha,inDrop2
3308,human2_lib3.final_cell_0213,17,alpha,alpha,inDrop2
3309,human2_lib3.final_cell_0214,17,alpha,alpha,inDrop2
3310,human2_lib3.final_cell_0215,23,beta,epsilon,inDrop2
3311,human2_lib3.final_cell_0216,17,alpha,alpha,inDrop2
3312,human2_lib3.final_cell_0217,1,ductal,ductal,inDrop2
3313,human2_lib3.final_cell_0218,17,alpha,alpha,inDrop2
3314,human2_lib3.final_cell_0219,17,alpha,alpha,inDrop2
3315,human2_lib3.final_cell_0220,23,beta,epsilon,inDrop2
3316,human2_lib3.final_cell_0221,17,alpha,alpha,inDrop2
3317,human2_lib3.final_cell_0222,17,alpha,alpha,inDrop2
3318,human2_lib3.final_cell_0223,3,delta,delta,inDrop2
3319,human2_lib3.final_cell_0224,17,alpha,alpha,inDrop2
3320,human2_lib3.final_cell_0225,17,alpha,alpha,inDrop2
3321,human2_lib3.final_cell_0226,3,delta,delta,inDrop2
3322,human2_lib3.final_cell_0227,7,activated_stellate,activated_stellate,inDrop2
3323,human2_lib3.final_cell_0228,17,alpha,alpha,inDrop2
3324,human2_lib3.final_cell_0229,1,ductal,ductal,inDrop2
3325,human2_lib3.final_cell_0230,2,quiescent_stellate,quiescent_stellate,inDrop2
3326,human2_lib3.final_cell_0231,17,alpha,alpha,inDrop2
3327,human2_lib3.final_cell_0232,17,alpha,alpha,inDrop2
3328,human2_lib3.final_cell_0233,1,ductal,ductal,inDrop2
3329,human2_lib3.final_cell_0234,20,beta,beta,inDrop2
3330,human2_lib3.final_cell_0235,20,beta,beta,inDrop2
3331,human2_lib3.final_cell_0236,17,alpha,alpha,inDrop2
3332,human2_lib3.final_cell_0237,1,ductal,ductal,inDrop2
3333,human2_lib3.final_cell_0238,1,ductal,ductal,inDrop2
3334,human2_lib3.final_cell_0239,18,gamma,gamma,inDrop2
3335,human2_lib3.final_cell_0240,7,activated_stellate,activated_stellate,inDrop2
3336,human2_lib3.final_cell_0241,17,alpha,alpha,inDrop2
3337,human2_lib3.final_cell_0242,17,alpha,alpha,inDrop2
3338,human2_lib3.final_cell_0243,3,delta,delta,inDrop2
3339,human2_lib3.final_cell_0244,20,beta,beta,inDrop2
3340,human2_lib3.final_cell_0245,17,alpha,alpha,inDrop2
3341,human2_lib3.final_cell_0246,23,beta,epsilon,inDrop2
3342,human2_lib3.final_cell_0247,7,activated_stellate,activated_stellate,inDrop2
3343,human2_lib3.final_cell_0248,23,beta,epsilon,inDrop2
3344,human2_lib3.final_cell_0249,3,delta,delta,inDrop2
3345,human2_lib3.final_cell_0250,3,delta,delta,inDrop2
3346,human2_lib3.final_cell_0251,2,quiescent_stellate,quiescent_stellate,inDrop2
3347,human2_lib3.final_cell_0252,3,delta,delta,inDrop2
3348,human2_lib3.final_cell_0253,20,beta,beta,inDrop2
3349,human2_lib3.final_cell_0254,1,ductal,ductal,inDrop2
3350,human2_lib3.final_cell_0255,17,alpha,alpha,inDrop2
3351,human2_lib3.final_cell_0256,20,beta,beta,inDrop2
3352,human2_lib3.final_cell_0257,20,beta,beta,inDrop2
3353,human2_lib3.final_cell_0258,17,alpha,alpha,inDrop2
3354,human2_lib3.final_cell_0259,17,alpha,alpha,inDrop2
3355,human2_lib3.final_cell_0260,3,delta,delta,inDrop2
3356,human2_lib3.final_cell_0261,23,beta,epsilon,inDrop2
3357,human2_lib3.final_cell_0262,17,alpha,alpha,inDrop2
3358,human2_lib3.final_cell_0263,18,gamma,gamma,inDrop2
3359,human2_lib3.final_cell_0264,17,alpha,alpha,inDrop2
3360,human2_lib3.final_cell_0265,7,activated_stellate,activated_stellate,inDrop2
3361,human2_lib3.final_cell_0266,20,beta,beta,inDrop2
3362,human2_lib3.final_cell_0267,17,alpha,alpha,inDrop2
3363,human2_lib3.final_cell_0268,1,ductal,ductal,inDrop2
3364,human2_lib3.final_cell_0269,1,ductal,ductal,inDrop2
3365,human2_lib3.final_cell_0270,20,beta,beta,inDrop2
3366,human2_lib3.final_cell_0271,4,macrophage,macrophage,inDrop2
3367,human2_lib3.final_cell_0272,20,beta,beta,inDrop2
3368,human2_lib3.final_cell_0273,7,activated_stellate,activated_stellate,inDrop2
3369,human2_lib3.final_cell_0274,13,ductal,Unmatched_13,inDrop2
3370,human2_lib3.final_cell_0275,20,beta,beta,inDrop2
3371,human2_lib3.final_cell_0276,17,alpha,alpha,inDrop2
3372,human2_lib3.final_cell_0277,17,alpha,alpha,inDrop2
3373,human2_lib3.final_cell_0278,17,alpha,alpha,inDrop2
3374,human2_lib3.final_cell_0279,7,activated_stellate,activated_stellate,inDrop2
3375,human2_lib3.final_cell_0280,7,activated_stellate,activated_stellate,inDrop2
3376,human2_lib3.final_cell_0281,1,ductal,ductal,inDrop2
3377,human2_lib3.final_cell_0282,17,alpha,alpha,inDrop2
3378,human2_lib3.final_cell_0283,17,alpha,alpha,inDrop2
3379,human2_lib3.final_cell_0284,20,beta,beta,inDrop2
3380,human2_lib3.final_cell_0285,17,alpha,alpha,inDrop2
3381,human2_lib3.final_cell_0286,17,alpha,alpha,inDrop2
3382,human2_lib3.final_cell_0287,17,alpha,alpha,inDrop2
3383,human2_lib3.final_cell_0288,3,delta,delta,inDrop2
3384,human2_lib3.final_cell_0289,7,activated_stellate,activated_stellate,inDrop2
3385,human2_lib3.final_cell_0290,20,beta,beta,inDrop2
3386,human2_lib3.final_cell_0291,20,beta,beta,inDrop2
3387,human2_lib3.final_cell_0292,0,endothelial,endothelial,inDrop2
3388,human2_lib3.final_cell_0293,20,beta,beta,inDrop2
3389,human2_lib3.final_cell_0294,17,alpha,alpha,inDrop2
3390,human2_lib3.final_cell_0295,17,alpha,alpha,inDrop2
3391,human2_lib3.final_cell_0296,17,alpha,alpha,inDrop2
3392,human2_lib3.final_cell_0297,1,ductal,ductal,inDrop2
3393,human2_lib3.final_cell_0298,1,ductal,ductal,inDrop2
3394,human2_lib3.final_cell_0299,17,alpha,alpha,inDrop2
3395,human2_lib3.final_cell_0300,21,beta,Unmatched_21,inDrop2
3396,human2_lib3.final_cell_0301,20,beta,beta,inDrop2
3397,human2_lib3.final_cell_0302,17,alpha,alpha,inDrop2
3398,human2_lib3.final_cell_0303,23,beta,epsilon,inDrop2
3399,human2_lib3.final_cell_0304,17,alpha,alpha,inDrop2
3400,human2_lib3.final_cell_0305,0,endothelial,endothelial,inDrop2
3401,human2_lib3.final_cell_0306,3,delta,delta,inDrop2
3402,human2_lib3.final_cell_0307,20,beta,beta,inDrop2
3403,human2_lib3.final_cell_0308,1,ductal,ductal,inDrop2
3404,human2_lib3.final_cell_0309,17,alpha,alpha,inDrop2
3405,human2_lib3.final_cell_0310,2,quiescent_stellate,quiescent_stellate,inDrop2
3406,human2_lib3.final_cell_0311,3,delta,delta,inDrop2
3407,human2_lib3.final_cell_0312,13,ductal,Unmatched_13,inDrop2
3408,human2_lib3.final_cell_0313,20,beta,beta,inDrop2
3409,human2_lib3.final_cell_0314,3,delta,delta,inDrop2
3410,human2_lib3.final_cell_0315,1,ductal,ductal,inDrop2
3411,human2_lib3.final_cell_0316,17,alpha,alpha,inDrop2
3412,human2_lib3.final_cell_0317,3,delta,delta,inDrop2
3413,human2_lib3.final_cell_0318,1,ductal,ductal,inDrop2
3414,human2_lib3.final_cell_0319,13,beta,Unmatched_13,inDrop2
3415,human2_lib3.final_cell_0320,20,beta,beta,inDrop2
3416,human2_lib3.final_cell_0321,17,alpha,alpha,inDrop2
3417,human2_lib3.final_cell_0322,23,beta,epsilon,inDrop2
3418,human2_lib3.final_cell_0323,13,ductal,Unmatched_13,inDrop2
3419,human2_lib3.final_cell_0324,20,beta,beta,inDrop2
3420,human2_lib3.final_cell_0325,17,alpha,alpha,inDrop2
3421,human2_lib3.final_cell_0326,17,alpha,alpha,inDrop2
3422,human2_lib3.final_cell_0327,1,ductal,ductal,inDrop2
3423,human2_lib3.final_cell_0328,1,ductal,ductal,inDrop2
3424,human2_lib3.final_cell_0329,17,alpha,alpha,inDrop2
3425,human2_lib3.final_cell_0330,18,gamma,gamma,inDrop2
3426,human2_lib3.final_cell_0331,3,delta,delta,inDrop2
3427,human2_lib3.final_cell_0332,1,ductal,ductal,inDrop2
3428,human2_lib3.final_cell_0333,17,alpha,alpha,inDrop2
3429,human2_lib3.final_cell_0334,20,beta,beta,inDrop2
3430,human2_lib3.final_cell_0335,13,ductal,Unmatched_13,inDrop2
3431,human2_lib3.final_cell_0336,23,alpha,epsilon,inDrop2
3432,human2_lib3.final_cell_0337,17,alpha,alpha,inDrop2
3433,human2_lib3.final_cell_0338,18,gamma,gamma,inDrop2
3434,human2_lib3.final_cell_0339,17,alpha,alpha,inDrop2
3435,human2_lib3.final_cell_0340,17,alpha,alpha,inDrop2
3436,human2_lib3.final_cell_0341,1,ductal,ductal,inDrop2
3437,human2_lib3.final_cell_0342,18,gamma,gamma,inDrop2
3438,human2_lib3.final_cell_0343,17,alpha,alpha,inDrop2
3439,human2_lib3.final_cell_0344,17,alpha,alpha,inDrop2
3440,human2_lib3.final_cell_0345,17,alpha,alpha,inDrop2
3441,human2_lib3.final_cell_0346,3,delta,delta,inDrop2
3442,human2_lib3.final_cell_0347,18,gamma,gamma,inDrop2
3443,human2_lib3.final_cell_0348,17,alpha,alpha,inDrop2
3444,human2_lib3.final_cell_0349,0,endothelial,endothelial,inDrop2
3445,human2_lib3.final_cell_0350,3,delta,delta,inDrop2
3446,human2_lib3.final_cell_0351,17,alpha,alpha,inDrop2
3447,human2_lib3.final_cell_0352,1,ductal,ductal,inDrop2
3448,human2_lib3.final_cell_0353,18,gamma,gamma,inDrop2
3449,human2_lib3.final_cell_0354,7,activated_stellate,activated_stellate,inDrop2
3450,human2_lib3.final_cell_0355,20,beta,beta,inDrop2
3451,human2_lib3.final_cell_0356,1,ductal,ductal,inDrop2
3452,human2_lib3.final_cell_0357,7,activated_stellate,activated_stellate,inDrop2
3453,human2_lib3.final_cell_0358,18,gamma,gamma,inDrop2
3454,human2_lib3.final_cell_0359,17,alpha,alpha,inDrop2
3455,human2_lib3.final_cell_0360,20,beta,beta,inDrop2
3456,human2_lib3.final_cell_0361,18,gamma,gamma,inDrop2
3457,human2_lib3.final_cell_0362,17,alpha,alpha,inDrop2
3458,human2_lib3.final_cell_0363,18,gamma,gamma,inDrop2
3459,human2_lib3.final_cell_0364,17,alpha,alpha,inDrop2
3460,human2_lib3.final_cell_0365,17,alpha,alpha,inDrop2
3461,human2_lib3.final_cell_0366,23,beta,epsilon,inDrop2
3462,human2_lib3.final_cell_0367,1,ductal,ductal,inDrop2
3463,human2_lib3.final_cell_0368,23,alpha,epsilon,inDrop2
3464,human2_lib3.final_cell_0369,13,ductal,Unmatched_13,inDrop2
3465,human2_lib3.final_cell_0370,3,delta,delta,inDrop2
3466,human2_lib3.final_cell_0371,1,ductal,ductal,inDrop2
3467,human2_lib3.final_cell_0372,17,alpha,alpha,inDrop2
3468,human2_lib3.final_cell_0373,17,alpha,alpha,inDrop2
3469,human2_lib3.final_cell_0374,20,beta,beta,inDrop2
3470,human2_lib3.final_cell_0375,17,alpha,alpha,inDrop2
3471,human2_lib3.final_cell_0376,20,beta,beta,inDrop2
3472,human2_lib3.final_cell_0377,17,alpha,alpha,inDrop2
3473,human2_lib3.final_cell_0378,1,ductal,ductal,inDrop2
3474,human2_lib3.final_cell_0379,18,gamma,gamma,inDrop2
3475,human2_lib3.final_cell_0380,17,alpha,alpha,inDrop2
3476,human2_lib3.final_cell_0381,17,alpha,alpha,inDrop2
3477,human2_lib3.final_cell_0382,17,alpha,alpha,inDrop2
3478,human2_lib3.final_cell_0383,12,ductal,acinar,inDrop2
3479,human2_lib3.final_cell_0384,17,alpha,alpha,inDrop2
3480,human2_lib3.final_cell_0385,18,gamma,gamma,inDrop2
3481,human2_lib3.final_cell_0386,2,quiescent_stellate,quiescent_stellate,inDrop2
3482,human2_lib3.final_cell_0387,20,beta,beta,inDrop2
3483,human2_lib3.final_cell_0388,1,ductal,ductal,inDrop2
3484,human2_lib3.final_cell_0389,17,alpha,alpha,inDrop2
3485,human2_lib3.final_cell_0390,17,alpha,alpha,inDrop2
3486,human2_lib3.final_cell_0391,17,alpha,alpha,inDrop2
3487,human2_lib3.final_cell_0392,1,ductal,ductal,inDrop2
3488,human2_lib3.final_cell_0393,17,alpha,alpha,inDrop2
3489,human2_lib3.final_cell_0394,20,beta,beta,inDrop2
3490,human2_lib3.final_cell_0395,1,ductal,ductal,inDrop2
3491,human2_lib3.final_cell_0396,23,alpha,epsilon,inDrop2
3492,human2_lib3.final_cell_0397,20,beta,beta,inDrop2
3493,human2_lib3.final_cell_0398,17,alpha,alpha,inDrop2
3494,human2_lib3.final_cell_0399,18,gamma,gamma,inDrop2
3495,human2_lib3.final_cell_0400,18,gamma,gamma,inDrop2
3496,human2_lib3.final_cell_0401,17,alpha,alpha,inDrop2
3497,human2_lib3.final_cell_0402,20,beta,beta,inDrop2
3498,human2_lib3.final_cell_0403,17,alpha,alpha,inDrop2
3499,human2_lib3.final_cell_0404,17,alpha,alpha,inDrop2
3500,human2_lib3.final_cell_0405,20,beta,beta,inDrop2
3501,human2_lib3.final_cell_0406,17,alpha,alpha,inDrop2
3502,human2_lib3.final_cell_0407,17,alpha,alpha,inDrop2
3503,human2_lib3.final_cell_0408,18,gamma,gamma,inDrop2
3504,human2_lib3.final_cell_0409,17,alpha,alpha,inDrop2
3505,human2_lib3.final_cell_0410,3,delta,delta,inDrop2
3506,human2_lib3.final_cell_0411,17,alpha,alpha,inDrop2
3507,human2_lib3.final_cell_0412,17,alpha,alpha,inDrop2
3508,human2_lib3.final_cell_0413,23,beta,epsilon,inDrop2
3509,human2_lib3.final_cell_0414,20,beta,beta,inDrop2
3510,human2_lib3.final_cell_0415,17,alpha,alpha,inDrop2
3511,human2_lib3.final_cell_0416,17,alpha,alpha,inDrop2
3512,human2_lib3.final_cell_0417,0,endothelial,endothelial,inDrop2
3513,human2_lib3.final_cell_0418,1,ductal,ductal,inDrop2
3514,human2_lib3.final_cell_0419,18,gamma,gamma,inDrop2
3515,human2_lib3.final_cell_0420,17,alpha,alpha,inDrop2
3516,human2_lib3.final_cell_0421,0,endothelial,endothelial,inDrop2
3517,human2_lib3.final_cell_0422,1,ductal,ductal,inDrop2
3518,human2_lib3.final_cell_0423,18,gamma,gamma,inDrop2
3519,human2_lib3.final_cell_0424,3,delta,delta,inDrop2
3520,human2_lib3.final_cell_0425,18,gamma,gamma,inDrop2
3521,human2_lib3.final_cell_0426,17,alpha,alpha,inDrop2
3522,human2_lib3.final_cell_0427,13,ductal,Unmatched_13,inDrop2
3523,human2_lib3.final_cell_0428,2,quiescent_stellate,quiescent_stellate,inDrop2
3524,human2_lib3.final_cell_0429,2,quiescent_stellate,quiescent_stellate,inDrop2
3525,human2_lib3.final_cell_0430,20,beta,beta,inDrop2
3526,human2_lib3.final_cell_0431,20,beta,beta,inDrop2
3527,human2_lib3.final_cell_0432,23,gamma,epsilon,inDrop2
3528,human2_lib3.final_cell_0433,20,beta,beta,inDrop2
3529,human2_lib3.final_cell_0434,17,alpha,alpha,inDrop2
3530,human2_lib3.final_cell_0435,1,ductal,ductal,inDrop2
3531,human2_lib3.final_cell_0436,23,beta,epsilon,inDrop2
3532,human2_lib3.final_cell_0437,20,beta,beta,inDrop2
3533,human2_lib3.final_cell_0438,3,delta,delta,inDrop2
3534,human2_lib3.final_cell_0439,18,gamma,gamma,inDrop2
3535,human2_lib3.final_cell_0440,1,ductal,ductal,inDrop2
3536,human2_lib3.final_cell_0441,17,alpha,alpha,inDrop2
3537,human2_lib3.final_cell_0442,17,alpha,alpha,inDrop2
3538,human2_lib3.final_cell_0443,3,delta,delta,inDrop2
3539,human2_lib3.final_cell_0444,17,alpha,alpha,inDrop2
3540,human2_lib3.final_cell_0445,1,ductal,ductal,inDrop2
3541,human2_lib3.final_cell_0446,20,beta,beta,inDrop2
3542,human2_lib3.final_cell_0447,20,beta,beta,inDrop2
3543,human2_lib3.final_cell_0448,1,ductal,ductal,inDrop2
3544,human2_lib3.final_cell_0449,17,alpha,alpha,inDrop2
3545,human2_lib3.final_cell_0450,1,ductal,ductal,inDrop2
3546,human2_lib3.final_cell_0451,20,beta,beta,inDrop2
3547,human2_lib3.final_cell_0452,17,alpha,alpha,inDrop2
3548,human2_lib3.final_cell_0453,17,alpha,alpha,inDrop2
3549,human2_lib3.final_cell_0454,17,alpha,alpha,inDrop2
3550,human2_lib3.final_cell_0455,23,gamma,epsilon,inDrop2
3551,human2_lib3.final_cell_0456,17,alpha,alpha,inDrop2
3552,human2_lib3.final_cell_0457,3,delta,delta,inDrop2
3553,human2_lib3.final_cell_0458,17,alpha,alpha,inDrop2
3554,human2_lib3.final_cell_0459,23,beta,epsilon,inDrop2
3555,human2_lib3.final_cell_0460,1,ductal,ductal,inDrop2
3556,human2_lib3.final_cell_0461,17,alpha,alpha,inDrop2
3557,human2_lib3.final_cell_0462,17,alpha,alpha,inDrop2
3558,human2_lib3.final_cell_0463,20,beta,beta,inDrop2
3559,human2_lib3.final_cell_0464,17,alpha,alpha,inDrop2
3560,human2_lib3.final_cell_0465,20,beta,beta,inDrop2
3561,human2_lib3.final_cell_0466,23,beta,epsilon,inDrop2
3562,human2_lib3.final_cell_0467,1,ductal,ductal,inDrop2
3563,human2_lib3.final_cell_0468,1,ductal,ductal,inDrop2
3564,human2_lib3.final_cell_0469,17,alpha,alpha,inDrop2
3565,human2_lib3.final_cell_0470,18,gamma,gamma,inDrop2
3566,human2_lib3.final_cell_0471,17,alpha,alpha,inDrop2
3567,human2_lib3.final_cell_0472,17,alpha,alpha,inDrop2
3568,human2_lib3.final_cell_0473,1,ductal,ductal,inDrop2
3569,human2_lib3.final_cell_0474,1,ductal,ductal,inDrop2
3570,human2_lib3.final_cell_0475,20,beta,beta,inDrop2
3571,human2_lib3.final_cell_0476,17,alpha,alpha,inDrop2
3572,human2_lib3.final_cell_0477,18,gamma,gamma,inDrop2
3573,human2_lib3.final_cell_0478,13,ductal,Unmatched_13,inDrop2
3574,human2_lib3.final_cell_0479,23,beta,epsilon,inDrop2
3575,human2_lib3.final_cell_0480,1,ductal,ductal,inDrop2
3576,human2_lib3.final_cell_0481,20,beta,beta,inDrop2
3577,human2_lib3.final_cell_0482,17,alpha,alpha,inDrop2
3578,human2_lib3.final_cell_0483,17,alpha,alpha,inDrop2
3579,human2_lib3.final_cell_0484,20,beta,beta,inDrop2
3580,human2_lib3.final_cell_0485,17,alpha,alpha,inDrop2
3581,human2_lib3.final_cell_0486,17,alpha,alpha,inDrop2
3582,human2_lib3.final_cell_0487,1,ductal,ductal,inDrop2
3583,human2_lib3.final_cell_0488,7,activated_stellate,activated_stellate,inDrop2
3584,human2_lib3.final_cell_0489,17,alpha,alpha,inDrop2
3585,human2_lib3.final_cell_0490,1,ductal,ductal,inDrop2
3586,human2_lib3.final_cell_0491,3,delta,delta,inDrop2
3587,human2_lib3.final_cell_0492,17,alpha,alpha,inDrop2
3588,human2_lib3.final_cell_0493,2,quiescent_stellate,quiescent_stellate,inDrop2
3589,human2_lib3.final_cell_0494,18,gamma,gamma,inDrop2
3590,human2_lib3.final_cell_0495,20,beta,beta,inDrop2
3591,human2_lib3.final_cell_0496,5,mast,mast,inDrop2
3592,human2_lib3.final_cell_0497,23,alpha,epsilon,inDrop2
3593,human2_lib3.final_cell_0498,2,quiescent_stellate,quiescent_stellate,inDrop2
3594,human2_lib3.final_cell_0499,17,alpha,alpha,inDrop2
3595,human2_lib3.final_cell_0500,7,activated_stellate,activated_stellate,inDrop2
3596,human2_lib3.final_cell_0501,17,alpha,alpha,inDrop2
3597,human2_lib3.final_cell_0502,20,beta,beta,inDrop2
3598,human2_lib3.final_cell_0503,17,alpha,alpha,inDrop2
3599,human2_lib3.final_cell_0504,17,alpha,alpha,inDrop2
3600,human2_lib3.final_cell_0505,1,ductal,ductal,inDrop2
3601,human2_lib3.final_cell_0506,1,ductal,ductal,inDrop2
3602,human2_lib3.final_cell_0507,1,ductal,ductal,inDrop2
3603,human2_lib3.final_cell_0508,20,beta,beta,inDrop2
3604,human2_lib3.final_cell_0509,0,endothelial,endothelial,inDrop2
3605,human2_lib3.final_cell_0510,1,ductal,ductal,inDrop2
3606,human2_lib3.final_cell_0511,20,beta,beta,inDrop2
3607,human2_lib3.final_cell_0512,1,ductal,ductal,inDrop2
3608,human2_lib3.final_cell_0513,17,alpha,alpha,inDrop2
3609,human2_lib3.final_cell_0514,17,alpha,alpha,inDrop2
3610,human2_lib3.final_cell_0515,20,beta,beta,inDrop2
3611,human2_lib3.final_cell_0516,18,gamma,gamma,inDrop2
3612,human2_lib3.final_cell_0517,23,alpha,epsilon,inDrop2
3613,human2_lib3.final_cell_0518,23,alpha,epsilon,inDrop2
3614,human2_lib3.final_cell_0519,20,beta,beta,inDrop2
3615,human2_lib3.final_cell_0520,23,alpha,epsilon,inDrop2
3616,human2_lib3.final_cell_0521,20,beta,beta,inDrop2
3617,human2_lib3.final_cell_0522,23,beta,epsilon,inDrop2
3618,human2_lib3.final_cell_0523,0,endothelial,endothelial,inDrop2
3619,human2_lib3.final_cell_0524,22,beta,Unmatched_22,inDrop2
3620,human2_lib3.final_cell_0525,5,mast,mast,inDrop2
3621,human2_lib3.final_cell_0526,18,gamma,gamma,inDrop2
3622,human2_lib3.final_cell_0527,18,gamma,gamma,inDrop2
3623,human2_lib3.final_cell_0528,23,alpha,epsilon,inDrop2
3624,human2_lib3.final_cell_0529,1,ductal,ductal,inDrop2
3625,human2_lib3.final_cell_0530,5,mast,mast,inDrop2
3626,human2_lib3.final_cell_0531,17,alpha,alpha,inDrop2
3627,human2_lib3.final_cell_0532,17,alpha,alpha,inDrop2
3628,human2_lib3.final_cell_0533,23,alpha,epsilon,inDrop2
3629,human2_lib3.final_cell_0534,20,beta,beta,inDrop2
3630,human2_lib3.final_cell_0535,23,alpha,epsilon,inDrop2
3631,human2_lib3.final_cell_0536,17,alpha,alpha,inDrop2
3632,human2_lib3.final_cell_0537,17,alpha,alpha,inDrop2
3633,human2_lib3.final_cell_0538,17,alpha,alpha,inDrop2
3634,human2_lib3.final_cell_0539,23,alpha,epsilon,inDrop2
3635,human2_lib3.final_cell_0540,1,ductal,ductal,inDrop2
3636,human2_lib3.final_cell_0541,23,alpha,epsilon,inDrop2
3637,human2_lib3.final_cell_0542,20,beta,beta,inDrop2
3638,human2_lib3.final_cell_0543,22,beta,Unmatched_22,inDrop2
3639,human2_lib3.final_cell_0544,17,alpha,alpha,inDrop2
3640,human2_lib3.final_cell_0545,7,activated_stellate,activated_stellate,inDrop2
3641,human2_lib3.final_cell_0546,5,mast,mast,inDrop2
3642,human2_lib3.final_cell_0547,23,activated_stellate,epsilon,inDrop2
3643,human2_lib3.final_cell_0548,17,alpha,alpha,inDrop2
3644,human2_lib3.final_cell_0549,1,ductal,ductal,inDrop2
3645,human2_lib3.final_cell_0550,23,beta,epsilon,inDrop2
3646,human2_lib3.final_cell_0551,17,alpha,alpha,inDrop2
3647,human2_lib3.final_cell_0552,1,ductal,ductal,inDrop2
3648,human2_lib3.final_cell_0553,18,gamma,gamma,inDrop2
3649,human2_lib3.final_cell_0554,20,beta,beta,inDrop2
3650,human2_lib3.final_cell_0555,23,beta,epsilon,inDrop2
3651,human2_lib3.final_cell_0556,23,alpha,epsilon,inDrop2
3652,human2_lib3.final_cell_0557,23,beta,epsilon,inDrop2
3653,human2_lib3.final_cell_0558,23,alpha,epsilon,inDrop2
3654,human2_lib3.final_cell_0559,18,gamma,gamma,inDrop2
3655,human2_lib3.final_cell_0560,23,beta,epsilon,inDrop2
3656,human2_lib3.final_cell_0561,7,activated_stellate,activated_stellate,inDrop2
3657,human2_lib3.final_cell_0562,23,macrophage,epsilon,inDrop2
3658,human2_lib3.final_cell_0563,13,ductal,Unmatched_13,inDrop2
3659,human2_lib3.final_cell_0564,23,activated_stellate,epsilon,inDrop2
3660,human2_lib3.final_cell_0565,17,alpha,alpha,inDrop2
3661,human3_lib1.final_cell_0001,12,acinar,acinar,inDrop3
3662,human3_lib1.final_cell_0002,12,acinar,acinar,inDrop3
3663,human3_lib1.final_cell_0003,12,acinar,acinar,inDrop3
3664,human3_lib1.final_cell_0004,12,acinar,acinar,inDrop3
3665,human3_lib1.final_cell_0005,12,acinar,acinar,inDrop3
3666,human3_lib1.final_cell_0006,12,acinar,acinar,inDrop3
3667,human3_lib1.final_cell_0007,12,acinar,acinar,inDrop3
3668,human3_lib1.final_cell_0008,12,acinar,acinar,inDrop3
3669,human3_lib1.final_cell_0009,12,acinar,acinar,inDrop3
3670,human3_lib1.final_cell_0010,12,acinar,acinar,inDrop3
3671,human3_lib1.final_cell_0011,12,acinar,acinar,inDrop3
3672,human3_lib1.final_cell_0012,12,acinar,acinar,inDrop3
3673,human3_lib1.final_cell_0013,12,acinar,acinar,inDrop3
3674,human3_lib1.final_cell_0014,12,acinar,acinar,inDrop3
3675,human3_lib1.final_cell_0015,23,acinar,epsilon,inDrop3
3676,human3_lib1.final_cell_0016,12,acinar,acinar,inDrop3
3677,human3_lib1.final_cell_0017,12,acinar,acinar,inDrop3
3678,human3_lib1.final_cell_0018,12,acinar,acinar,inDrop3
3679,human3_lib1.final_cell_0019,12,acinar,acinar,inDrop3
3680,human3_lib1.final_cell_0020,12,acinar,acinar,inDrop3
3681,human3_lib1.final_cell_0021,12,acinar,acinar,inDrop3
3682,human3_lib1.final_cell_0022,12,acinar,acinar,inDrop3
3683,human3_lib1.final_cell_0023,12,acinar,acinar,inDrop3
3684,human3_lib1.final_cell_0024,23,acinar,epsilon,inDrop3
3685,human3_lib1.final_cell_0025,12,acinar,acinar,inDrop3
3686,human3_lib1.final_cell_0026,12,acinar,acinar,inDrop3
3687,human3_lib1.final_cell_0027,12,acinar,acinar,inDrop3
3688,human3_lib1.final_cell_0028,3,delta,delta,inDrop3
3689,human3_lib1.final_cell_0029,12,acinar,acinar,inDrop3
3690,human3_lib1.final_cell_0030,3,delta,delta,inDrop3
3691,human3_lib1.final_cell_0031,12,acinar,acinar,inDrop3
3692,human3_lib1.final_cell_0032,12,acinar,acinar,inDrop3
3693,human3_lib1.final_cell_0033,12,acinar,acinar,inDrop3
3694,human3_lib1.final_cell_0034,12,acinar,acinar,inDrop3
3695,human3_lib1.final_cell_0035,12,acinar,acinar,inDrop3
3696,human3_lib1.final_cell_0036,12,acinar,acinar,inDrop3
3697,human3_lib1.final_cell_0037,12,acinar,acinar,inDrop3
3698,human3_lib1.final_cell_0038,12,acinar,acinar,inDrop3
3699,human3_lib1.final_cell_0039,3,delta,delta,inDrop3
3700,human3_lib1.final_cell_0040,12,acinar,acinar,inDrop3
3701,human3_lib1.final_cell_0041,12,acinar,acinar,inDrop3
3702,human3_lib1.final_cell_0042,12,acinar,acinar,inDrop3
3703,human3_lib1.final_cell_0043,12,acinar,acinar,inDrop3
3704,human3_lib1.final_cell_0044,12,acinar,acinar,inDrop3
3705,human3_lib1.final_cell_0045,12,acinar,acinar,inDrop3
3706,human3_lib1.final_cell_0046,12,acinar,acinar,inDrop3
3707,human3_lib1.final_cell_0047,12,acinar,acinar,inDrop3
3708,human3_lib1.final_cell_0048,1,ductal,ductal,inDrop3
3709,human3_lib1.final_cell_0049,12,acinar,acinar,inDrop3
3710,human3_lib1.final_cell_0050,12,acinar,acinar,inDrop3
3711,human3_lib1.final_cell_0051,12,acinar,acinar,inDrop3
3712,human3_lib1.final_cell_0052,12,acinar,acinar,inDrop3
3713,human3_lib1.final_cell_0053,12,acinar,acinar,inDrop3
3714,human3_lib1.final_cell_0054,12,acinar,acinar,inDrop3
3715,human3_lib1.final_cell_0055,12,acinar,acinar,inDrop3
3716,human3_lib1.final_cell_0056,17,alpha,alpha,inDrop3
3717,human3_lib1.final_cell_0057,12,acinar,acinar,inDrop3
3718,human3_lib1.final_cell_0058,12,acinar,acinar,inDrop3
3719,human3_lib1.final_cell_0059,12,acinar,acinar,inDrop3
3720,human3_lib1.final_cell_0060,12,acinar,acinar,inDrop3
3721,human3_lib1.final_cell_0061,12,acinar,acinar,inDrop3
3722,human3_lib1.final_cell_0062,12,acinar,acinar,inDrop3
3723,human3_lib1.final_cell_0063,12,acinar,acinar,inDrop3
3724,human3_lib1.final_cell_0064,20,beta,beta,inDrop3
3725,human3_lib1.final_cell_0065,1,ductal,ductal,inDrop3
3726,human3_lib1.final_cell_0066,1,acinar,ductal,inDrop3
3727,human3_lib1.final_cell_0067,12,acinar,acinar,inDrop3
3728,human3_lib1.final_cell_0068,17,alpha,alpha,inDrop3
3729,human3_lib1.final_cell_0069,12,acinar,acinar,inDrop3
3730,human3_lib1.final_cell_0070,12,acinar,acinar,inDrop3
3731,human3_lib1.final_cell_0071,0,endothelial,endothelial,inDrop3
3732,human3_lib1.final_cell_0072,12,acinar,acinar,inDrop3
3733,human3_lib1.final_cell_0073,13,acinar,Unmatched_13,inDrop3
3734,human3_lib1.final_cell_0074,12,acinar,acinar,inDrop3
3735,human3_lib1.final_cell_0075,3,delta,delta,inDrop3
3736,human3_lib1.final_cell_0076,12,acinar,acinar,inDrop3
3737,human3_lib1.final_cell_0077,12,acinar,acinar,inDrop3
3738,human3_lib1.final_cell_0078,12,acinar,acinar,inDrop3
3739,human3_lib1.final_cell_0079,12,acinar,acinar,inDrop3
3740,human3_lib1.final_cell_0080,12,acinar,acinar,inDrop3
3741,human3_lib1.final_cell_0081,17,alpha,alpha,inDrop3
3742,human3_lib1.final_cell_0082,12,acinar,acinar,inDrop3
3743,human3_lib1.final_cell_0083,17,alpha,alpha,inDrop3
3744,human3_lib1.final_cell_0084,12,acinar,acinar,inDrop3
3745,human3_lib1.final_cell_0085,12,acinar,acinar,inDrop3
3746,human3_lib1.final_cell_0086,12,acinar,acinar,inDrop3
3747,human3_lib1.final_cell_0087,12,acinar,acinar,inDrop3
3748,human3_lib1.final_cell_0088,7,activated_stellate,activated_stellate,inDrop3
3749,human3_lib1.final_cell_0089,12,acinar,acinar,inDrop3
3750,human3_lib1.final_cell_0090,12,acinar,acinar,inDrop3
3751,human3_lib1.final_cell_0091,3,delta,delta,inDrop3
3752,human3_lib1.final_cell_0092,12,acinar,acinar,inDrop3
3753,human3_lib1.final_cell_0093,12,acinar,acinar,inDrop3
3754,human3_lib1.final_cell_0094,12,acinar,acinar,inDrop3
3755,human3_lib1.final_cell_0095,12,acinar,acinar,inDrop3
3756,human3_lib1.final_cell_0096,12,acinar,acinar,inDrop3
3757,human3_lib1.final_cell_0097,12,acinar,acinar,inDrop3
3758,human3_lib1.final_cell_0098,12,acinar,acinar,inDrop3
3759,human3_lib1.final_cell_0099,20,beta,beta,inDrop3
3760,human3_lib1.final_cell_0100,23,beta,epsilon,inDrop3
3761,human3_lib1.final_cell_0101,12,acinar,acinar,inDrop3
3762,human3_lib1.final_cell_0102,17,alpha,alpha,inDrop3
3763,human3_lib1.final_cell_0103,17,alpha,alpha,inDrop3
3764,human3_lib1.final_cell_0104,3,delta,delta,inDrop3
3765,human3_lib1.final_cell_0105,12,acinar,acinar,inDrop3
3766,human3_lib1.final_cell_0106,3,delta,delta,inDrop3
3767,human3_lib1.final_cell_0107,12,acinar,acinar,inDrop3
3768,human3_lib1.final_cell_0108,12,acinar,acinar,inDrop3
3769,human3_lib1.final_cell_0109,12,acinar,acinar,inDrop3
3770,human3_lib1.final_cell_0110,3,delta,delta,inDrop3
3771,human3_lib1.final_cell_0111,17,alpha,alpha,inDrop3
3772,human3_lib1.final_cell_0112,12,acinar,acinar,inDrop3
3773,human3_lib1.final_cell_0113,12,acinar,acinar,inDrop3
3774,human3_lib1.final_cell_0114,3,delta,delta,inDrop3
3775,human3_lib1.final_cell_0115,17,alpha,alpha,inDrop3
3776,human3_lib1.final_cell_0116,12,acinar,acinar,inDrop3
3777,human3_lib1.final_cell_0117,12,acinar,acinar,inDrop3
3778,human3_lib1.final_cell_0118,17,alpha,alpha,inDrop3
3779,human3_lib1.final_cell_0119,12,acinar,acinar,inDrop3
3780,human3_lib1.final_cell_0120,12,acinar,acinar,inDrop3
3781,human3_lib1.final_cell_0121,23,acinar,epsilon,inDrop3
3782,human3_lib1.final_cell_0122,23,beta,epsilon,inDrop3
3783,human3_lib1.final_cell_0123,12,acinar,acinar,inDrop3
3784,human3_lib1.final_cell_0124,12,acinar,acinar,inDrop3
3785,human3_lib1.final_cell_0125,12,acinar,acinar,inDrop3
3786,human3_lib1.final_cell_0126,20,beta,beta,inDrop3
3787,human3_lib1.final_cell_0127,17,alpha,alpha,inDrop3
3788,human3_lib1.final_cell_0128,3,delta,delta,inDrop3
3789,human3_lib1.final_cell_0129,17,alpha,alpha,inDrop3
3790,human3_lib1.final_cell_0130,3,delta,delta,inDrop3
3791,human3_lib1.final_cell_0131,12,acinar,acinar,inDrop3
3792,human3_lib1.final_cell_0132,20,beta,beta,inDrop3
3793,human3_lib1.final_cell_0133,1,ductal,ductal,inDrop3
3794,human3_lib1.final_cell_0134,23,beta,epsilon,inDrop3
3795,human3_lib1.final_cell_0135,1,ductal,ductal,inDrop3
3796,human3_lib1.final_cell_0136,3,delta,delta,inDrop3
3797,human3_lib1.final_cell_0137,20,beta,beta,inDrop3
3798,human3_lib1.final_cell_0138,12,acinar,acinar,inDrop3
3799,human3_lib1.final_cell_0139,17,alpha,alpha,inDrop3
3800,human3_lib1.final_cell_0140,20,beta,beta,inDrop3
3801,human3_lib1.final_cell_0141,3,delta,delta,inDrop3
3802,human3_lib1.final_cell_0142,7,activated_stellate,activated_stellate,inDrop3
3803,human3_lib1.final_cell_0143,20,beta,beta,inDrop3
3804,human3_lib1.final_cell_0144,17,alpha,alpha,inDrop3
3805,human3_lib1.final_cell_0145,3,delta,delta,inDrop3
3806,human3_lib1.final_cell_0146,12,acinar,acinar,inDrop3
3807,human3_lib1.final_cell_0147,20,beta,beta,inDrop3
3808,human3_lib1.final_cell_0148,17,alpha,alpha,inDrop3
3809,human3_lib1.final_cell_0149,20,beta,beta,inDrop3
3810,human3_lib1.final_cell_0150,12,acinar,acinar,inDrop3
3811,human3_lib1.final_cell_0151,20,beta,beta,inDrop3
3812,human3_lib1.final_cell_0152,17,alpha,alpha,inDrop3
3813,human3_lib1.final_cell_0153,17,alpha,alpha,inDrop3
3814,human3_lib1.final_cell_0154,23,beta,epsilon,inDrop3
3815,human3_lib1.final_cell_0155,12,acinar,acinar,inDrop3
3816,human3_lib1.final_cell_0156,17,alpha,alpha,inDrop3
3817,human3_lib1.final_cell_0157,23,activated_stellate,epsilon,inDrop3
3818,human3_lib1.final_cell_0158,12,acinar,acinar,inDrop3
3819,human3_lib1.final_cell_0159,20,beta,beta,inDrop3
3820,human3_lib1.final_cell_0160,1,ductal,ductal,inDrop3
3821,human3_lib1.final_cell_0161,12,acinar,acinar,inDrop3
3822,human3_lib1.final_cell_0162,1,ductal,ductal,inDrop3
3823,human3_lib1.final_cell_0163,20,beta,beta,inDrop3
3824,human3_lib1.final_cell_0164,20,beta,beta,inDrop3
3825,human3_lib1.final_cell_0165,3,delta,delta,inDrop3
3826,human3_lib1.final_cell_0166,20,beta,beta,inDrop3
3827,human3_lib1.final_cell_0167,20,beta,beta,inDrop3
3828,human3_lib1.final_cell_0168,12,acinar,acinar,inDrop3
3829,human3_lib1.final_cell_0169,17,alpha,alpha,inDrop3
3830,human3_lib1.final_cell_0170,12,acinar,acinar,inDrop3
3831,human3_lib1.final_cell_0171,17,alpha,alpha,inDrop3
3832,human3_lib1.final_cell_0172,12,acinar,acinar,inDrop3
3833,human3_lib1.final_cell_0173,17,alpha,alpha,inDrop3
3834,human3_lib1.final_cell_0174,12,acinar,acinar,inDrop3
3835,human3_lib1.final_cell_0175,20,beta,beta,inDrop3
3836,human3_lib1.final_cell_0176,20,beta,beta,inDrop3
3837,human3_lib1.final_cell_0177,17,alpha,alpha,inDrop3
3838,human3_lib1.final_cell_0178,20,beta,beta,inDrop3
3839,human3_lib1.final_cell_0179,12,acinar,acinar,inDrop3
3840,human3_lib1.final_cell_0180,20,beta,beta,inDrop3
3841,human3_lib1.final_cell_0181,12,acinar,acinar,inDrop3
3842,human3_lib1.final_cell_0182,17,alpha,alpha,inDrop3
3843,human3_lib1.final_cell_0183,20,beta,beta,inDrop3
3844,human3_lib1.final_cell_0184,17,alpha,alpha,inDrop3
3845,human3_lib1.final_cell_0185,12,acinar,acinar,inDrop3
3846,human3_lib1.final_cell_0186,17,alpha,alpha,inDrop3
3847,human3_lib1.final_cell_0187,17,alpha,alpha,inDrop3
3848,human3_lib1.final_cell_0188,3,delta,delta,inDrop3
3849,human3_lib1.final_cell_0189,12,beta,acinar,inDrop3
3850,human3_lib1.final_cell_0190,12,acinar,acinar,inDrop3
3851,human3_lib1.final_cell_0191,17,alpha,alpha,inDrop3
3852,human3_lib1.final_cell_0192,3,delta,delta,inDrop3
3853,human3_lib1.final_cell_0193,3,delta,delta,inDrop3
3854,human3_lib1.final_cell_0194,3,delta,delta,inDrop3
3855,human3_lib1.final_cell_0195,12,acinar,acinar,inDrop3
3856,human3_lib1.final_cell_0196,12,acinar,acinar,inDrop3
3857,human3_lib1.final_cell_0197,12,acinar,acinar,inDrop3
3858,human3_lib1.final_cell_0198,17,alpha,alpha,inDrop3
3859,human3_lib1.final_cell_0199,20,beta,beta,inDrop3
3860,human3_lib1.final_cell_0200,12,acinar,acinar,inDrop3
3861,human3_lib1.final_cell_0201,12,acinar,acinar,inDrop3
3862,human3_lib1.final_cell_0202,21,beta,Unmatched_21,inDrop3
3863,human3_lib1.final_cell_0203,20,beta,beta,inDrop3
3864,human3_lib1.final_cell_0204,12,acinar,acinar,inDrop3
3865,human3_lib1.final_cell_0205,17,alpha,alpha,inDrop3
3866,human3_lib1.final_cell_0206,1,ductal,ductal,inDrop3
3867,human3_lib1.final_cell_0207,17,alpha,alpha,inDrop3
3868,human3_lib1.final_cell_0208,20,beta,beta,inDrop3
3869,human3_lib1.final_cell_0209,12,acinar,acinar,inDrop3
3870,human3_lib1.final_cell_0210,20,beta,beta,inDrop3
3871,human3_lib1.final_cell_0211,23,acinar,epsilon,inDrop3
3872,human3_lib1.final_cell_0212,12,acinar,acinar,inDrop3
3873,human3_lib1.final_cell_0213,20,beta,beta,inDrop3
3874,human3_lib1.final_cell_0214,12,acinar,acinar,inDrop3
3875,human3_lib1.final_cell_0215,12,acinar,acinar,inDrop3
3876,human3_lib1.final_cell_0216,3,delta,delta,inDrop3
3877,human3_lib1.final_cell_0217,3,delta,delta,inDrop3
3878,human3_lib1.final_cell_0218,20,beta,beta,inDrop3
3879,human3_lib1.final_cell_0219,20,beta,beta,inDrop3
3880,human3_lib1.final_cell_0220,12,acinar,acinar,inDrop3
3881,human3_lib1.final_cell_0221,17,alpha,alpha,inDrop3
3882,human3_lib1.final_cell_0222,17,alpha,alpha,inDrop3
3883,human3_lib1.final_cell_0223,23,alpha,epsilon,inDrop3
3884,human3_lib1.final_cell_0224,12,acinar,acinar,inDrop3
3885,human3_lib1.final_cell_0225,1,ductal,ductal,inDrop3
3886,human3_lib1.final_cell_0226,23,beta,epsilon,inDrop3
3887,human3_lib1.final_cell_0227,17,alpha,alpha,inDrop3
3888,human3_lib1.final_cell_0228,1,ductal,ductal,inDrop3
3889,human3_lib1.final_cell_0229,17,alpha,alpha,inDrop3
3890,human3_lib1.final_cell_0230,12,acinar,acinar,inDrop3
3891,human3_lib1.final_cell_0231,7,activated_stellate,activated_stellate,inDrop3
3892,human3_lib1.final_cell_0232,17,alpha,alpha,inDrop3
3893,human3_lib1.final_cell_0233,23,beta,epsilon,inDrop3
3894,human3_lib1.final_cell_0234,20,beta,beta,inDrop3
3895,human3_lib1.final_cell_0235,20,beta,beta,inDrop3
3896,human3_lib1.final_cell_0236,17,alpha,alpha,inDrop3
3897,human3_lib1.final_cell_0237,17,alpha,alpha,inDrop3
3898,human3_lib1.final_cell_0238,12,acinar,acinar,inDrop3
3899,human3_lib1.final_cell_0239,17,alpha,alpha,inDrop3
3900,human3_lib1.final_cell_0240,17,alpha,alpha,inDrop3
3901,human3_lib1.final_cell_0241,20,beta,beta,inDrop3
3902,human3_lib1.final_cell_0242,20,beta,beta,inDrop3
3903,human3_lib1.final_cell_0243,17,alpha,alpha,inDrop3
3904,human3_lib1.final_cell_0244,12,acinar,acinar,inDrop3
3905,human3_lib1.final_cell_0245,20,beta,beta,inDrop3
3906,human3_lib1.final_cell_0246,12,acinar,acinar,inDrop3
3907,human3_lib1.final_cell_0247,1,ductal,ductal,inDrop3
3908,human3_lib1.final_cell_0248,20,beta,beta,inDrop3
3909,human3_lib1.final_cell_0249,20,beta,beta,inDrop3
3910,human3_lib1.final_cell_0250,17,alpha,alpha,inDrop3
3911,human3_lib1.final_cell_0251,17,alpha,alpha,inDrop3
3912,human3_lib1.final_cell_0252,17,alpha,alpha,inDrop3
3913,human3_lib1.final_cell_0253,12,acinar,acinar,inDrop3
3914,human3_lib1.final_cell_0254,17,alpha,alpha,inDrop3
3915,human3_lib1.final_cell_0255,12,acinar,acinar,inDrop3
3916,human3_lib1.final_cell_0256,17,alpha,alpha,inDrop3
3917,human3_lib1.final_cell_0257,20,beta,beta,inDrop3
3918,human3_lib1.final_cell_0258,17,alpha,alpha,inDrop3
3919,human3_lib1.final_cell_0259,20,beta,beta,inDrop3
3920,human3_lib1.final_cell_0260,20,beta,beta,inDrop3
3921,human3_lib1.final_cell_0261,23,delta,epsilon,inDrop3
3922,human3_lib1.final_cell_0262,7,activated_stellate,activated_stellate,inDrop3
3923,human3_lib1.final_cell_0263,17,alpha,alpha,inDrop3
3924,human3_lib1.final_cell_0264,12,acinar,acinar,inDrop3
3925,human3_lib1.final_cell_0265,1,ductal,ductal,inDrop3
3926,human3_lib1.final_cell_0266,17,alpha,alpha,inDrop3
3927,human3_lib1.final_cell_0267,17,alpha,alpha,inDrop3
3928,human3_lib1.final_cell_0268,12,acinar,acinar,inDrop3
3929,human3_lib1.final_cell_0269,23,beta,epsilon,inDrop3
3930,human3_lib1.final_cell_0270,12,acinar,acinar,inDrop3
3931,human3_lib1.final_cell_0271,3,delta,delta,inDrop3
3932,human3_lib1.final_cell_0272,3,delta,delta,inDrop3
3933,human3_lib1.final_cell_0273,17,alpha,alpha,inDrop3
3934,human3_lib1.final_cell_0274,3,delta,delta,inDrop3
3935,human3_lib1.final_cell_0275,20,beta,beta,inDrop3
3936,human3_lib1.final_cell_0276,7,activated_stellate,activated_stellate,inDrop3
3937,human3_lib1.final_cell_0277,17,alpha,alpha,inDrop3
3938,human3_lib1.final_cell_0278,20,beta,beta,inDrop3
3939,human3_lib1.final_cell_0279,12,acinar,acinar,inDrop3
3940,human3_lib1.final_cell_0280,17,alpha,alpha,inDrop3
3941,human3_lib1.final_cell_0281,17,alpha,alpha,inDrop3
3942,human3_lib1.final_cell_0282,12,acinar,acinar,inDrop3
3943,human3_lib1.final_cell_0283,23,beta,epsilon,inDrop3
3944,human3_lib1.final_cell_0284,1,ductal,ductal,inDrop3
3945,human3_lib1.final_cell_0285,17,alpha,alpha,inDrop3
3946,human3_lib1.final_cell_0286,17,alpha,alpha,inDrop3
3947,human3_lib1.final_cell_0287,20,beta,beta,inDrop3
3948,human3_lib1.final_cell_0288,1,ductal,ductal,inDrop3
3949,human3_lib1.final_cell_0289,23,alpha,epsilon,inDrop3
3950,human3_lib1.final_cell_0290,2,quiescent_stellate,quiescent_stellate,inDrop3
3951,human3_lib1.final_cell_0291,17,alpha,alpha,inDrop3
3952,human3_lib1.final_cell_0292,1,ductal,ductal,inDrop3
3953,human3_lib1.final_cell_0293,17,alpha,alpha,inDrop3
3954,human3_lib1.final_cell_0294,20,beta,beta,inDrop3
3955,human3_lib1.final_cell_0295,17,alpha,alpha,inDrop3
3956,human3_lib1.final_cell_0296,17,alpha,alpha,inDrop3
3957,human3_lib1.final_cell_0297,17,alpha,alpha,inDrop3
3958,human3_lib1.final_cell_0298,3,delta,delta,inDrop3
3959,human3_lib1.final_cell_0299,17,alpha,alpha,inDrop3
3960,human3_lib1.final_cell_0300,12,acinar,acinar,inDrop3
3961,human3_lib1.final_cell_0301,3,delta,delta,inDrop3
3962,human3_lib1.final_cell_0302,12,acinar,acinar,inDrop3
3963,human3_lib1.final_cell_0303,23,alpha,epsilon,inDrop3
3964,human3_lib1.final_cell_0304,20,beta,beta,inDrop3
3965,human3_lib1.final_cell_0305,1,ductal,ductal,inDrop3
3966,human3_lib1.final_cell_0306,1,ductal,ductal,inDrop3
3967,human3_lib1.final_cell_0307,12,acinar,acinar,inDrop3
3968,human3_lib1.final_cell_0308,1,ductal,ductal,inDrop3
3969,human3_lib1.final_cell_0309,1,ductal,ductal,inDrop3
3970,human3_lib1.final_cell_0310,3,delta,delta,inDrop3
3971,human3_lib1.final_cell_0311,17,alpha,alpha,inDrop3
3972,human3_lib1.final_cell_0312,20,beta,beta,inDrop3
3973,human3_lib1.final_cell_0313,20,beta,beta,inDrop3
3974,human3_lib1.final_cell_0314,3,delta,delta,inDrop3
3975,human3_lib1.final_cell_0315,17,alpha,alpha,inDrop3
3976,human3_lib1.final_cell_0316,23,beta,epsilon,inDrop3
3977,human3_lib1.final_cell_0317,20,beta,beta,inDrop3
3978,human3_lib1.final_cell_0318,17,alpha,alpha,inDrop3
3979,human3_lib1.final_cell_0319,17,alpha,alpha,inDrop3
3980,human3_lib1.final_cell_0320,0,endothelial,endothelial,inDrop3
3981,human3_lib1.final_cell_0321,17,alpha,alpha,inDrop3
3982,human3_lib1.final_cell_0322,20,beta,beta,inDrop3
3983,human3_lib1.final_cell_0323,20,beta,beta,inDrop3
3984,human3_lib1.final_cell_0324,17,alpha,alpha,inDrop3
3985,human3_lib1.final_cell_0325,17,alpha,alpha,inDrop3
3986,human3_lib1.final_cell_0326,12,acinar,acinar,inDrop3
3987,human3_lib1.final_cell_0327,20,beta,beta,inDrop3
3988,human3_lib1.final_cell_0328,17,alpha,alpha,inDrop3
3989,human3_lib1.final_cell_0329,23,beta,epsilon,inDrop3
3990,human3_lib1.final_cell_0330,12,acinar,acinar,inDrop3
3991,human3_lib1.final_cell_0331,12,acinar,acinar,inDrop3
3992,human3_lib1.final_cell_0332,17,alpha,alpha,inDrop3
3993,human3_lib1.final_cell_0333,20,beta,beta,inDrop3
3994,human3_lib1.final_cell_0334,17,alpha,alpha,inDrop3
3995,human3_lib1.final_cell_0335,17,alpha,alpha,inDrop3
3996,human3_lib1.final_cell_0336,17,alpha,alpha,inDrop3
3997,human3_lib1.final_cell_0337,17,alpha,alpha,inDrop3
3998,human3_lib1.final_cell_0338,1,ductal,ductal,inDrop3
3999,human3_lib1.final_cell_0339,3,delta,delta,inDrop3
4000,human3_lib1.final_cell_0340,17,alpha,alpha,inDrop3
4001,human3_lib1.final_cell_0341,1,ductal,ductal,inDrop3
4002,human3_lib1.final_cell_0342,1,ductal,ductal,inDrop3
4003,human3_lib1.final_cell_0343,20,beta,beta,inDrop3
4004,human3_lib1.final_cell_0344,20,beta,beta,inDrop3
4005,human3_lib1.final_cell_0345,23,delta,epsilon,inDrop3
4006,human3_lib1.final_cell_0346,7,activated_stellate,activated_stellate,inDrop3
4007,human3_lib1.final_cell_0347,20,beta,beta,inDrop3
4008,human3_lib1.final_cell_0348,20,beta,beta,inDrop3
4009,human3_lib1.final_cell_0349,12,acinar,acinar,inDrop3
4010,human3_lib1.final_cell_0350,17,alpha,alpha,inDrop3
4011,human3_lib1.final_cell_0351,17,alpha,alpha,inDrop3
4012,human3_lib1.final_cell_0352,17,alpha,alpha,inDrop3
4013,human3_lib1.final_cell_0353,12,acinar,acinar,inDrop3
4014,human3_lib1.final_cell_0354,17,alpha,alpha,inDrop3
4015,human3_lib1.final_cell_0355,23,beta,epsilon,inDrop3
4016,human3_lib1.final_cell_0356,17,alpha,alpha,inDrop3
4017,human3_lib1.final_cell_0357,20,beta,beta,inDrop3
4018,human3_lib1.final_cell_0358,17,alpha,alpha,inDrop3
4019,human3_lib1.final_cell_0359,3,delta,delta,inDrop3
4020,human3_lib1.final_cell_0360,12,acinar,acinar,inDrop3
4021,human3_lib1.final_cell_0361,7,activated_stellate,activated_stellate,inDrop3
4022,human3_lib1.final_cell_0362,12,acinar,acinar,inDrop3
4023,human3_lib1.final_cell_0363,23,alpha,epsilon,inDrop3
4024,human3_lib1.final_cell_0364,20,beta,beta,inDrop3
4025,human3_lib1.final_cell_0365,7,activated_stellate,activated_stellate,inDrop3
4026,human3_lib1.final_cell_0366,17,alpha,alpha,inDrop3
4027,human3_lib1.final_cell_0367,17,alpha,alpha,inDrop3
4028,human3_lib1.final_cell_0368,17,alpha,alpha,inDrop3
4029,human3_lib1.final_cell_0369,17,alpha,alpha,inDrop3
4030,human3_lib1.final_cell_0370,17,alpha,alpha,inDrop3
4031,human3_lib1.final_cell_0371,12,acinar,acinar,inDrop3
4032,human3_lib1.final_cell_0372,17,alpha,alpha,inDrop3
4033,human3_lib1.final_cell_0373,12,acinar,acinar,inDrop3
4034,human3_lib1.final_cell_0374,17,alpha,alpha,inDrop3
4035,human3_lib1.final_cell_0375,17,alpha,alpha,inDrop3
4036,human3_lib1.final_cell_0376,1,ductal,ductal,inDrop3
4037,human3_lib1.final_cell_0377,20,beta,beta,inDrop3
4038,human3_lib1.final_cell_0378,17,alpha,alpha,inDrop3
4039,human3_lib1.final_cell_0379,3,delta,delta,inDrop3
4040,human3_lib1.final_cell_0380,20,beta,beta,inDrop3
4041,human3_lib1.final_cell_0381,7,activated_stellate,activated_stellate,inDrop3
4042,human3_lib1.final_cell_0382,1,ductal,ductal,inDrop3
4043,human3_lib1.final_cell_0383,20,beta,beta,inDrop3
4044,human3_lib1.final_cell_0384,17,alpha,alpha,inDrop3
4045,human3_lib1.final_cell_0385,12,acinar,acinar,inDrop3
4046,human3_lib1.final_cell_0386,17,alpha,alpha,inDrop3
4047,human3_lib1.final_cell_0387,17,alpha,alpha,inDrop3
4048,human3_lib1.final_cell_0388,17,alpha,alpha,inDrop3
4049,human3_lib1.final_cell_0389,12,acinar,acinar,inDrop3
4050,human3_lib1.final_cell_0390,17,alpha,alpha,inDrop3
4051,human3_lib1.final_cell_0391,12,acinar,acinar,inDrop3
4052,human3_lib1.final_cell_0392,7,activated_stellate,activated_stellate,inDrop3
4053,human3_lib1.final_cell_0393,17,alpha,alpha,inDrop3
4054,human3_lib1.final_cell_0394,20,beta,beta,inDrop3
4055,human3_lib1.final_cell_0395,20,beta,beta,inDrop3
4056,human3_lib1.final_cell_0396,23,beta,epsilon,inDrop3
4057,human3_lib1.final_cell_0397,7,activated_stellate,activated_stellate,inDrop3
4058,human3_lib1.final_cell_0398,12,acinar,acinar,inDrop3
4059,human3_lib1.final_cell_0399,17,alpha,alpha,inDrop3
4060,human3_lib1.final_cell_0400,1,ductal,ductal,inDrop3
4061,human3_lib1.final_cell_0401,17,alpha,alpha,inDrop3
4062,human3_lib1.final_cell_0402,23,beta,epsilon,inDrop3
4063,human3_lib1.final_cell_0403,20,beta,beta,inDrop3
4064,human3_lib1.final_cell_0404,20,beta,beta,inDrop3
4065,human3_lib1.final_cell_0405,17,alpha,alpha,inDrop3
4066,human3_lib1.final_cell_0406,3,delta,delta,inDrop3
4067,human3_lib1.final_cell_0407,17,alpha,alpha,inDrop3
4068,human3_lib1.final_cell_0408,20,beta,beta,inDrop3
4069,human3_lib1.final_cell_0409,20,beta,beta,inDrop3
4070,human3_lib1.final_cell_0410,23,alpha,epsilon,inDrop3
4071,human3_lib1.final_cell_0411,20,beta,beta,inDrop3
4072,human3_lib1.final_cell_0412,22,beta,Unmatched_22,inDrop3
4073,human3_lib1.final_cell_0413,17,alpha,alpha,inDrop3
4074,human3_lib1.final_cell_0414,22,beta,Unmatched_22,inDrop3
4075,human3_lib1.final_cell_0415,12,alpha,acinar,inDrop3
4076,human3_lib1.final_cell_0416,17,alpha,alpha,inDrop3
4077,human3_lib1.final_cell_0417,17,alpha,alpha,inDrop3
4078,human3_lib1.final_cell_0418,17,alpha,alpha,inDrop3
4079,human3_lib1.final_cell_0419,12,acinar,acinar,inDrop3
4080,human3_lib1.final_cell_0420,17,alpha,alpha,inDrop3
4081,human3_lib1.final_cell_0421,23,beta,epsilon,inDrop3
4082,human3_lib1.final_cell_0422,12,acinar,acinar,inDrop3
4083,human3_lib1.final_cell_0423,23,beta,epsilon,inDrop3
4084,human3_lib1.final_cell_0424,20,beta,beta,inDrop3
4085,human3_lib1.final_cell_0425,17,alpha,alpha,inDrop3
4086,human3_lib1.final_cell_0426,3,delta,delta,inDrop3
4087,human3_lib1.final_cell_0427,17,alpha,alpha,inDrop3
4088,human3_lib1.final_cell_0428,17,alpha,alpha,inDrop3
4089,human3_lib1.final_cell_0429,17,alpha,alpha,inDrop3
4090,human3_lib1.final_cell_0430,3,delta,delta,inDrop3
4091,human3_lib1.final_cell_0431,20,beta,beta,inDrop3
4092,human3_lib1.final_cell_0432,1,ductal,ductal,inDrop3
4093,human3_lib1.final_cell_0433,1,ductal,ductal,inDrop3
4094,human3_lib1.final_cell_0434,20,beta,beta,inDrop3
4095,human3_lib1.final_cell_0435,1,ductal,ductal,inDrop3
4096,human3_lib1.final_cell_0436,0,endothelial,endothelial,inDrop3
4097,human3_lib1.final_cell_0437,1,ductal,ductal,inDrop3
4098,human3_lib1.final_cell_0438,17,alpha,alpha,inDrop3
4099,human3_lib1.final_cell_0439,12,acinar,acinar,inDrop3
4100,human3_lib1.final_cell_0440,12,acinar,acinar,inDrop3
4101,human3_lib1.final_cell_0441,23,alpha,epsilon,inDrop3
4102,human3_lib1.final_cell_0442,17,alpha,alpha,inDrop3
4103,human3_lib1.final_cell_0443,20,beta,beta,inDrop3
4104,human3_lib1.final_cell_0444,17,alpha,alpha,inDrop3
4105,human3_lib1.final_cell_0445,17,alpha,alpha,inDrop3
4106,human3_lib1.final_cell_0446,20,beta,beta,inDrop3
4107,human3_lib1.final_cell_0447,12,acinar,acinar,inDrop3
4108,human3_lib1.final_cell_0448,17,alpha,alpha,inDrop3
4109,human3_lib1.final_cell_0449,20,beta,beta,inDrop3
4110,human3_lib1.final_cell_0450,17,alpha,alpha,inDrop3
4111,human3_lib1.final_cell_0451,17,alpha,alpha,inDrop3
4112,human3_lib1.final_cell_0452,17,alpha,alpha,inDrop3
4113,human3_lib1.final_cell_0453,7,activated_stellate,activated_stellate,inDrop3
4114,human3_lib1.final_cell_0454,17,alpha,alpha,inDrop3
4115,human3_lib1.final_cell_0455,9,alpha,Unmatched_9,inDrop3
4116,human3_lib1.final_cell_0456,18,gamma,gamma,inDrop3
4117,human3_lib1.final_cell_0457,20,beta,beta,inDrop3
4118,human3_lib1.final_cell_0458,1,ductal,ductal,inDrop3
4119,human3_lib1.final_cell_0459,20,beta,beta,inDrop3
4120,human3_lib1.final_cell_0460,20,beta,beta,inDrop3
4121,human3_lib1.final_cell_0461,17,alpha,alpha,inDrop3
4122,human3_lib1.final_cell_0462,1,ductal,ductal,inDrop3
4123,human3_lib1.final_cell_0463,20,beta,beta,inDrop3
4124,human3_lib1.final_cell_0464,17,alpha,alpha,inDrop3
4125,human3_lib1.final_cell_0465,17,alpha,alpha,inDrop3
4126,human3_lib1.final_cell_0466,17,alpha,alpha,inDrop3
4127,human3_lib1.final_cell_0467,17,alpha,alpha,inDrop3
4128,human3_lib1.final_cell_0468,17,alpha,alpha,inDrop3
4129,human3_lib1.final_cell_0469,1,ductal,ductal,inDrop3
4130,human3_lib1.final_cell_0470,7,activated_stellate,activated_stellate,inDrop3
4131,human3_lib1.final_cell_0471,23,alpha,epsilon,inDrop3
4132,human3_lib1.final_cell_0472,17,alpha,alpha,inDrop3
4133,human3_lib1.final_cell_0473,3,delta,delta,inDrop3
4134,human3_lib1.final_cell_0474,23,beta,epsilon,inDrop3
4135,human3_lib1.final_cell_0475,17,alpha,alpha,inDrop3
4136,human3_lib1.final_cell_0476,12,acinar,acinar,inDrop3
4137,human3_lib1.final_cell_0477,17,alpha,alpha,inDrop3
4138,human3_lib1.final_cell_0478,17,alpha,alpha,inDrop3
4139,human3_lib1.final_cell_0479,20,beta,beta,inDrop3
4140,human3_lib1.final_cell_0480,1,ductal,ductal,inDrop3
4141,human3_lib1.final_cell_0481,17,alpha,alpha,inDrop3
4142,human3_lib1.final_cell_0482,3,delta,delta,inDrop3
4143,human3_lib1.final_cell_0483,12,acinar,acinar,inDrop3
4144,human3_lib1.final_cell_0484,12,acinar,acinar,inDrop3
4145,human3_lib1.final_cell_0485,20,beta,beta,inDrop3
4146,human3_lib1.final_cell_0486,17,alpha,alpha,inDrop3
4147,human3_lib1.final_cell_0487,17,alpha,alpha,inDrop3
4148,human3_lib1.final_cell_0488,1,ductal,ductal,inDrop3
4149,human3_lib1.final_cell_0489,4,macrophage,macrophage,inDrop3
4150,human3_lib1.final_cell_0490,17,alpha,alpha,inDrop3
4151,human3_lib1.final_cell_0491,3,delta,delta,inDrop3
4152,human3_lib1.final_cell_0492,20,beta,beta,inDrop3
4153,human3_lib1.final_cell_0493,17,alpha,alpha,inDrop3
4154,human3_lib1.final_cell_0494,20,beta,beta,inDrop3
4155,human3_lib1.final_cell_0495,1,ductal,ductal,inDrop3
4156,human3_lib1.final_cell_0496,1,ductal,ductal,inDrop3
4157,human3_lib1.final_cell_0497,17,alpha,alpha,inDrop3
4158,human3_lib1.final_cell_0498,17,alpha,alpha,inDrop3
4159,human3_lib1.final_cell_0499,7,activated_stellate,activated_stellate,inDrop3
4160,human3_lib1.final_cell_0500,1,ductal,ductal,inDrop3
4161,human3_lib1.final_cell_0501,0,endothelial,endothelial,inDrop3
4162,human3_lib1.final_cell_0502,18,gamma,gamma,inDrop3
4163,human3_lib1.final_cell_0503,17,alpha,alpha,inDrop3
4164,human3_lib1.final_cell_0504,20,beta,beta,inDrop3
4165,human3_lib1.final_cell_0505,12,acinar,acinar,inDrop3
4166,human3_lib1.final_cell_0506,17,alpha,alpha,inDrop3
4167,human3_lib1.final_cell_0507,17,alpha,alpha,inDrop3
4168,human3_lib1.final_cell_0508,17,alpha,alpha,inDrop3
4169,human3_lib1.final_cell_0509,20,beta,beta,inDrop3
4170,human3_lib1.final_cell_0510,17,alpha,alpha,inDrop3
4171,human3_lib1.final_cell_0511,17,alpha,alpha,inDrop3
4172,human3_lib1.final_cell_0512,18,gamma,gamma,inDrop3
4173,human3_lib1.final_cell_0513,20,beta,beta,inDrop3
4174,human3_lib1.final_cell_0514,23,alpha,epsilon,inDrop3
4175,human3_lib1.final_cell_0515,1,ductal,ductal,inDrop3
4176,human3_lib1.final_cell_0516,3,delta,delta,inDrop3
4177,human3_lib1.final_cell_0517,1,ductal,ductal,inDrop3
4178,human3_lib1.final_cell_0518,17,alpha,alpha,inDrop3
4179,human3_lib1.final_cell_0519,17,alpha,alpha,inDrop3
4180,human3_lib1.final_cell_0520,0,endothelial,endothelial,inDrop3
4181,human3_lib1.final_cell_0521,17,alpha,alpha,inDrop3
4182,human3_lib1.final_cell_0522,17,alpha,alpha,inDrop3
4183,human3_lib1.final_cell_0523,23,beta,epsilon,inDrop3
4184,human3_lib1.final_cell_0524,7,activated_stellate,activated_stellate,inDrop3
4185,human3_lib1.final_cell_0525,17,alpha,alpha,inDrop3
4186,human3_lib1.final_cell_0526,12,acinar,acinar,inDrop3
4187,human3_lib1.final_cell_0527,17,alpha,alpha,inDrop3
4188,human3_lib1.final_cell_0528,20,beta,beta,inDrop3
4189,human3_lib1.final_cell_0529,1,ductal,ductal,inDrop3
4190,human3_lib1.final_cell_0530,12,acinar,acinar,inDrop3
4191,human3_lib1.final_cell_0531,20,beta,beta,inDrop3
4192,human3_lib1.final_cell_0532,23,beta,epsilon,inDrop3
4193,human3_lib1.final_cell_0533,23,beta,epsilon,inDrop3
4194,human3_lib1.final_cell_0534,17,alpha,alpha,inDrop3
4195,human3_lib1.final_cell_0535,3,delta,delta,inDrop3
4196,human3_lib1.final_cell_0536,12,acinar,acinar,inDrop3
4197,human3_lib1.final_cell_0537,17,alpha,alpha,inDrop3
4198,human3_lib1.final_cell_0538,20,beta,beta,inDrop3
4199,human3_lib1.final_cell_0539,17,alpha,alpha,inDrop3
4200,human3_lib1.final_cell_0540,1,ductal,ductal,inDrop3
4201,human3_lib1.final_cell_0541,17,alpha,alpha,inDrop3
4202,human3_lib1.final_cell_0542,17,alpha,alpha,inDrop3
4203,human3_lib1.final_cell_0543,23,beta,epsilon,inDrop3
4204,human3_lib1.final_cell_0544,17,alpha,alpha,inDrop3
4205,human3_lib1.final_cell_0545,12,acinar,acinar,inDrop3
4206,human3_lib1.final_cell_0546,12,acinar,acinar,inDrop3
4207,human3_lib1.final_cell_0547,20,beta,beta,inDrop3
4208,human3_lib1.final_cell_0548,20,beta,beta,inDrop3
4209,human3_lib1.final_cell_0549,17,alpha,alpha,inDrop3
4210,human3_lib1.final_cell_0550,1,ductal,ductal,inDrop3
4211,human3_lib1.final_cell_0551,1,ductal,ductal,inDrop3
4212,human3_lib1.final_cell_0552,17,alpha,alpha,inDrop3
4213,human3_lib1.final_cell_0553,20,beta,beta,inDrop3
4214,human3_lib1.final_cell_0554,1,ductal,ductal,inDrop3
4215,human3_lib1.final_cell_0555,17,alpha,alpha,inDrop3
4216,human3_lib1.final_cell_0556,4,macrophage,macrophage,inDrop3
4217,human3_lib1.final_cell_0557,1,ductal,ductal,inDrop3
4218,human3_lib1.final_cell_0558,12,acinar,acinar,inDrop3
4219,human3_lib1.final_cell_0559,20,beta,beta,inDrop3
4220,human3_lib1.final_cell_0560,12,acinar,acinar,inDrop3
4221,human3_lib1.final_cell_0561,20,beta,beta,inDrop3
4222,human3_lib1.final_cell_0562,1,ductal,ductal,inDrop3
4223,human3_lib1.final_cell_0563,18,gamma,gamma,inDrop3
4224,human3_lib1.final_cell_0564,1,ductal,ductal,inDrop3
4225,human3_lib1.final_cell_0565,17,alpha,alpha,inDrop3
4226,human3_lib1.final_cell_0566,17,alpha,alpha,inDrop3
4227,human3_lib1.final_cell_0567,1,ductal,ductal,inDrop3
4228,human3_lib1.final_cell_0568,17,alpha,alpha,inDrop3
4229,human3_lib1.final_cell_0569,17,alpha,alpha,inDrop3
4230,human3_lib1.final_cell_0570,3,delta,delta,inDrop3
4231,human3_lib1.final_cell_0571,1,ductal,ductal,inDrop3
4232,human3_lib1.final_cell_0572,12,acinar,acinar,inDrop3
4233,human3_lib1.final_cell_0573,17,alpha,alpha,inDrop3
4234,human3_lib1.final_cell_0574,17,alpha,alpha,inDrop3
4235,human3_lib1.final_cell_0575,17,alpha,alpha,inDrop3
4236,human3_lib1.final_cell_0576,1,ductal,ductal,inDrop3
4237,human3_lib1.final_cell_0577,1,ductal,ductal,inDrop3
4238,human3_lib1.final_cell_0578,1,ductal,ductal,inDrop3
4239,human3_lib1.final_cell_0579,1,ductal,ductal,inDrop3
4240,human3_lib1.final_cell_0580,12,acinar,acinar,inDrop3
4241,human3_lib1.final_cell_0581,17,alpha,alpha,inDrop3
4242,human3_lib1.final_cell_0582,17,alpha,alpha,inDrop3
4243,human3_lib1.final_cell_0583,3,delta,delta,inDrop3
4244,human3_lib1.final_cell_0584,3,delta,delta,inDrop3
4245,human3_lib1.final_cell_0585,17,alpha,alpha,inDrop3
4246,human3_lib1.final_cell_0586,17,alpha,alpha,inDrop3
4247,human3_lib1.final_cell_0587,1,ductal,ductal,inDrop3
4248,human3_lib1.final_cell_0588,12,acinar,acinar,inDrop3
4249,human3_lib1.final_cell_0589,17,alpha,alpha,inDrop3
4250,human3_lib1.final_cell_0590,17,alpha,alpha,inDrop3
4251,human3_lib1.final_cell_0591,20,beta,beta,inDrop3
4252,human3_lib1.final_cell_0592,17,alpha,alpha,inDrop3
4253,human3_lib1.final_cell_0593,7,activated_stellate,activated_stellate,inDrop3
4254,human3_lib1.final_cell_0594,1,ductal,ductal,inDrop3
4255,human3_lib1.final_cell_0595,23,alpha,epsilon,inDrop3
4256,human3_lib1.final_cell_0596,7,activated_stellate,activated_stellate,inDrop3
4257,human3_lib1.final_cell_0597,23,alpha,epsilon,inDrop3
4258,human3_lib1.final_cell_0598,12,acinar,acinar,inDrop3
4259,human3_lib1.final_cell_0599,1,ductal,ductal,inDrop3
4260,human3_lib1.final_cell_0600,17,alpha,alpha,inDrop3
4261,human3_lib1.final_cell_0601,17,alpha,alpha,inDrop3
4262,human3_lib1.final_cell_0602,17,alpha,alpha,inDrop3
4263,human3_lib1.final_cell_0603,12,acinar,acinar,inDrop3
4264,human3_lib1.final_cell_0604,7,activated_stellate,activated_stellate,inDrop3
4265,human3_lib1.final_cell_0605,0,endothelial,endothelial,inDrop3
4266,human3_lib1.final_cell_0606,23,beta,epsilon,inDrop3
4267,human3_lib1.final_cell_0607,17,alpha,alpha,inDrop3
4268,human3_lib1.final_cell_0608,1,ductal,ductal,inDrop3
4269,human3_lib1.final_cell_0609,17,alpha,alpha,inDrop3
4270,human3_lib1.final_cell_0610,20,beta,beta,inDrop3
4271,human3_lib1.final_cell_0611,17,alpha,alpha,inDrop3
4272,human3_lib1.final_cell_0612,17,alpha,alpha,inDrop3
4273,human3_lib1.final_cell_0613,2,quiescent_stellate,quiescent_stellate,inDrop3
4274,human3_lib1.final_cell_0614,1,ductal,ductal,inDrop3
4275,human3_lib1.final_cell_0615,1,ductal,ductal,inDrop3
4276,human3_lib1.final_cell_0616,17,alpha,alpha,inDrop3
4277,human3_lib1.final_cell_0617,17,alpha,alpha,inDrop3
4278,human3_lib1.final_cell_0618,12,acinar,acinar,inDrop3
4279,human3_lib1.final_cell_0619,12,acinar,acinar,inDrop3
4280,human3_lib1.final_cell_0620,17,alpha,alpha,inDrop3
4281,human3_lib1.final_cell_0621,20,beta,beta,inDrop3
4282,human3_lib1.final_cell_0622,17,alpha,alpha,inDrop3
4283,human3_lib1.final_cell_0623,3,delta,delta,inDrop3
4284,human3_lib1.final_cell_0624,23,alpha,epsilon,inDrop3
4285,human3_lib1.final_cell_0625,12,acinar,acinar,inDrop3
4286,human3_lib1.final_cell_0626,23,beta,epsilon,inDrop3
4287,human3_lib1.final_cell_0627,12,acinar,acinar,inDrop3
4288,human3_lib1.final_cell_0628,12,acinar,acinar,inDrop3
4289,human3_lib1.final_cell_0629,17,alpha,alpha,inDrop3
4290,human3_lib1.final_cell_0630,1,ductal,ductal,inDrop3
4291,human3_lib1.final_cell_0631,17,alpha,alpha,inDrop3
4292,human3_lib1.final_cell_0632,17,alpha,alpha,inDrop3
4293,human3_lib1.final_cell_0633,0,endothelial,endothelial,inDrop3
4294,human3_lib1.final_cell_0634,1,ductal,ductal,inDrop3
4295,human3_lib1.final_cell_0635,1,ductal,ductal,inDrop3
4296,human3_lib1.final_cell_0636,1,ductal,ductal,inDrop3
4297,human3_lib1.final_cell_0637,17,alpha,alpha,inDrop3
4298,human3_lib1.final_cell_0638,17,alpha,alpha,inDrop3
4299,human3_lib1.final_cell_0639,7,activated_stellate,activated_stellate,inDrop3
4300,human3_lib1.final_cell_0640,23,beta,epsilon,inDrop3
4301,human3_lib1.final_cell_0641,23,alpha,epsilon,inDrop3
4302,human3_lib1.final_cell_0642,12,acinar,acinar,inDrop3
4303,human3_lib1.final_cell_0643,23,gamma,epsilon,inDrop3
4304,human3_lib1.final_cell_0644,17,alpha,alpha,inDrop3
4305,human3_lib1.final_cell_0645,17,alpha,alpha,inDrop3
4306,human3_lib1.final_cell_0646,1,ductal,ductal,inDrop3
4307,human3_lib1.final_cell_0647,5,mast,mast,inDrop3
4308,human3_lib1.final_cell_0648,1,ductal,ductal,inDrop3
4309,human3_lib1.final_cell_0649,17,alpha,alpha,inDrop3
4310,human3_lib1.final_cell_0650,12,acinar,acinar,inDrop3
4311,human3_lib1.final_cell_0651,17,alpha,alpha,inDrop3
4312,human3_lib1.final_cell_0652,2,quiescent_stellate,quiescent_stellate,inDrop3
4313,human3_lib1.final_cell_0653,7,activated_stellate,activated_stellate,inDrop3
4314,human3_lib1.final_cell_0654,20,beta,beta,inDrop3
4315,human3_lib1.final_cell_0655,12,acinar,acinar,inDrop3
4316,human3_lib1.final_cell_0656,17,alpha,alpha,inDrop3
4317,human3_lib1.final_cell_0657,17,alpha,alpha,inDrop3
4318,human3_lib1.final_cell_0658,17,alpha,alpha,inDrop3
4319,human3_lib1.final_cell_0659,1,ductal,ductal,inDrop3
4320,human3_lib1.final_cell_0660,12,acinar,acinar,inDrop3
4321,human3_lib1.final_cell_0661,12,acinar,acinar,inDrop3
4322,human3_lib1.final_cell_0662,0,endothelial,endothelial,inDrop3
4323,human3_lib1.final_cell_0663,1,ductal,ductal,inDrop3
4324,human3_lib1.final_cell_0664,17,alpha,alpha,inDrop3
4325,human3_lib1.final_cell_0665,3,delta,delta,inDrop3
4326,human3_lib1.final_cell_0666,17,alpha,alpha,inDrop3
4327,human3_lib1.final_cell_0667,1,ductal,ductal,inDrop3
4328,human3_lib1.final_cell_0668,17,alpha,alpha,inDrop3
4329,human3_lib1.final_cell_0669,7,activated_stellate,activated_stellate,inDrop3
4330,human3_lib1.final_cell_0670,1,ductal,ductal,inDrop3
4331,human3_lib1.final_cell_0671,20,beta,beta,inDrop3
4332,human3_lib1.final_cell_0672,1,ductal,ductal,inDrop3
4333,human3_lib1.final_cell_0673,20,beta,beta,inDrop3
4334,human3_lib1.final_cell_0674,23,alpha,epsilon,inDrop3
4335,human3_lib1.final_cell_0675,17,alpha,alpha,inDrop3
4336,human3_lib1.final_cell_0676,1,ductal,ductal,inDrop3
4337,human3_lib1.final_cell_0677,17,alpha,alpha,inDrop3
4338,human3_lib1.final_cell_0678,17,alpha,alpha,inDrop3
4339,human3_lib1.final_cell_0679,17,alpha,alpha,inDrop3
4340,human3_lib1.final_cell_0680,17,alpha,alpha,inDrop3
4341,human3_lib1.final_cell_0681,17,alpha,alpha,inDrop3
4342,human3_lib1.final_cell_0682,7,activated_stellate,activated_stellate,inDrop3
4343,human3_lib1.final_cell_0683,12,acinar,acinar,inDrop3
4344,human3_lib1.final_cell_0684,20,beta,beta,inDrop3
4345,human3_lib1.final_cell_0685,17,alpha,alpha,inDrop3
4346,human3_lib1.final_cell_0686,2,quiescent_stellate,quiescent_stellate,inDrop3
4347,human3_lib1.final_cell_0687,17,alpha,alpha,inDrop3
4348,human3_lib1.final_cell_0688,17,alpha,alpha,inDrop3
4349,human3_lib1.final_cell_0689,17,alpha,alpha,inDrop3
4350,human3_lib1.final_cell_0690,17,alpha,alpha,inDrop3
4351,human3_lib1.final_cell_0691,7,activated_stellate,activated_stellate,inDrop3
4352,human3_lib1.final_cell_0692,17,alpha,alpha,inDrop3
4353,human3_lib1.final_cell_0693,17,alpha,alpha,inDrop3
4354,human3_lib1.final_cell_0694,17,alpha,alpha,inDrop3
4355,human3_lib1.final_cell_0695,17,alpha,alpha,inDrop3
4356,human3_lib1.final_cell_0696,20,beta,beta,inDrop3
4357,human3_lib1.final_cell_0697,0,endothelial,endothelial,inDrop3
4358,human3_lib1.final_cell_0698,12,acinar,acinar,inDrop3
4359,human3_lib1.final_cell_0699,17,alpha,alpha,inDrop3
4360,human3_lib1.final_cell_0700,2,quiescent_stellate,quiescent_stellate,inDrop3
4361,human3_lib1.final_cell_0701,17,alpha,alpha,inDrop3
4362,human3_lib1.final_cell_0702,1,ductal,ductal,inDrop3
4363,human3_lib1.final_cell_0703,23,alpha,epsilon,inDrop3
4364,human3_lib1.final_cell_0704,2,quiescent_stellate,quiescent_stellate,inDrop3
4365,human3_lib1.final_cell_0705,17,alpha,alpha,inDrop3
4366,human3_lib1.final_cell_0706,1,ductal,ductal,inDrop3
4367,human3_lib1.final_cell_0707,20,beta,beta,inDrop3
4368,human3_lib1.final_cell_0708,17,alpha,alpha,inDrop3
4369,human3_lib1.final_cell_0709,1,ductal,ductal,inDrop3
4370,human3_lib1.final_cell_0710,7,activated_stellate,activated_stellate,inDrop3
4371,human3_lib1.final_cell_0711,1,ductal,ductal,inDrop3
4372,human3_lib1.final_cell_0712,17,alpha,alpha,inDrop3
4373,human3_lib1.final_cell_0713,20,beta,beta,inDrop3
4374,human3_lib1.final_cell_0714,20,beta,beta,inDrop3
4375,human3_lib1.final_cell_0715,17,alpha,alpha,inDrop3
4376,human3_lib1.final_cell_0716,23,alpha,epsilon,inDrop3
4377,human3_lib1.final_cell_0717,17,alpha,alpha,inDrop3
4378,human3_lib1.final_cell_0718,3,delta,delta,inDrop3
4379,human3_lib1.final_cell_0719,1,ductal,ductal,inDrop3
4380,human3_lib1.final_cell_0720,0,endothelial,endothelial,inDrop3
4381,human3_lib1.final_cell_0721,20,beta,beta,inDrop3
4382,human3_lib1.final_cell_0722,17,alpha,alpha,inDrop3
4383,human3_lib1.final_cell_0723,23,alpha,epsilon,inDrop3
4384,human3_lib1.final_cell_0724,1,ductal,ductal,inDrop3
4385,human3_lib1.final_cell_0725,0,endothelial,endothelial,inDrop3
4386,human3_lib1.final_cell_0726,17,alpha,alpha,inDrop3
4387,human3_lib1.final_cell_0727,17,alpha,alpha,inDrop3
4388,human3_lib1.final_cell_0728,20,beta,beta,inDrop3
4389,human3_lib1.final_cell_0729,17,alpha,alpha,inDrop3
4390,human3_lib1.final_cell_0730,1,ductal,ductal,inDrop3
4391,human3_lib1.final_cell_0731,17,alpha,alpha,inDrop3
4392,human3_lib1.final_cell_0732,12,acinar,acinar,inDrop3
4393,human3_lib1.final_cell_0733,23,gamma,epsilon,inDrop3
4394,human3_lib1.final_cell_0734,0,endothelial,endothelial,inDrop3
4395,human3_lib1.final_cell_0735,17,alpha,alpha,inDrop3
4396,human3_lib1.final_cell_0736,1,ductal,ductal,inDrop3
4397,human3_lib1.final_cell_0737,23,alpha,epsilon,inDrop3
4398,human3_lib1.final_cell_0738,20,beta,beta,inDrop3
4399,human3_lib1.final_cell_0739,0,endothelial,endothelial,inDrop3
4400,human3_lib1.final_cell_0740,0,endothelial,endothelial,inDrop3
4401,human3_lib1.final_cell_0741,23,beta,epsilon,inDrop3
4402,human3_lib1.final_cell_0742,17,alpha,alpha,inDrop3
4403,human3_lib1.final_cell_0743,1,ductal,ductal,inDrop3
4404,human3_lib1.final_cell_0744,17,alpha,alpha,inDrop3
4405,human3_lib1.final_cell_0745,17,alpha,alpha,inDrop3
4406,human3_lib1.final_cell_0746,17,alpha,alpha,inDrop3
4407,human3_lib1.final_cell_0747,7,activated_stellate,activated_stellate,inDrop3
4408,human3_lib1.final_cell_0748,17,alpha,alpha,inDrop3
4409,human3_lib1.final_cell_0749,2,quiescent_stellate,quiescent_stellate,inDrop3
4410,human3_lib1.final_cell_0750,23,beta,epsilon,inDrop3
4411,human3_lib1.final_cell_0751,23,delta,epsilon,inDrop3
4412,human3_lib1.final_cell_0752,20,beta,beta,inDrop3
4413,human3_lib1.final_cell_0753,7,activated_stellate,activated_stellate,inDrop3
4414,human3_lib1.final_cell_0754,0,endothelial,endothelial,inDrop3
4415,human3_lib1.final_cell_0755,3,delta,delta,inDrop3
4416,human3_lib1.final_cell_0756,1,ductal,ductal,inDrop3
4417,human3_lib1.final_cell_0757,20,beta,beta,inDrop3
4418,human3_lib1.final_cell_0758,23,beta,epsilon,inDrop3
4419,human3_lib1.final_cell_0759,23,alpha,epsilon,inDrop3
4420,human3_lib1.final_cell_0760,0,endothelial,endothelial,inDrop3
4421,human3_lib1.final_cell_0761,7,activated_stellate,activated_stellate,inDrop3
4422,human3_lib1.final_cell_0762,17,alpha,alpha,inDrop3
4423,human3_lib1.final_cell_0763,23,alpha,epsilon,inDrop3
4424,human3_lib1.final_cell_0764,20,beta,beta,inDrop3
4425,human3_lib1.final_cell_0765,1,ductal,ductal,inDrop3
4426,human3_lib1.final_cell_0766,20,beta,beta,inDrop3
4427,human3_lib1.final_cell_0767,2,quiescent_stellate,quiescent_stellate,inDrop3
4428,human3_lib1.final_cell_0768,18,gamma,gamma,inDrop3
4429,human3_lib1.final_cell_0769,17,alpha,alpha,inDrop3
4430,human3_lib1.final_cell_0770,23,beta,epsilon,inDrop3
4431,human3_lib1.final_cell_0771,12,acinar,acinar,inDrop3
4432,human3_lib1.final_cell_0772,1,ductal,ductal,inDrop3
4433,human3_lib1.final_cell_0773,17,alpha,alpha,inDrop3
4434,human3_lib1.final_cell_0774,0,endothelial,endothelial,inDrop3
4435,human3_lib1.final_cell_0775,23,beta,epsilon,inDrop3
4436,human3_lib1.final_cell_0776,17,alpha,alpha,inDrop3
4437,human3_lib1.final_cell_0777,12,acinar,acinar,inDrop3
4438,human3_lib1.final_cell_0778,12,acinar,acinar,inDrop3
4439,human3_lib1.final_cell_0779,17,alpha,alpha,inDrop3
4440,human3_lib1.final_cell_0780,17,alpha,alpha,inDrop3
4441,human3_lib1.final_cell_0781,22,beta,Unmatched_22,inDrop3
4442,human3_lib1.final_cell_0782,20,beta,beta,inDrop3
4443,human3_lib1.final_cell_0783,23,alpha,epsilon,inDrop3
4444,human3_lib1.final_cell_0784,2,quiescent_stellate,quiescent_stellate,inDrop3
4445,human3_lib1.final_cell_0785,17,alpha,alpha,inDrop3
4446,human3_lib1.final_cell_0786,0,endothelial,endothelial,inDrop3
4447,human3_lib1.final_cell_0787,2,quiescent_stellate,quiescent_stellate,inDrop3
4448,human3_lib1.final_cell_0788,20,beta,beta,inDrop3
4449,human3_lib1.final_cell_0789,23,beta,epsilon,inDrop3
4450,human3_lib1.final_cell_0790,12,acinar,acinar,inDrop3
4451,human3_lib1.final_cell_0791,20,beta,beta,inDrop3
4452,human3_lib1.final_cell_0792,17,alpha,alpha,inDrop3
4453,human3_lib1.final_cell_0793,1,ductal,ductal,inDrop3
4454,human3_lib1.final_cell_0794,12,acinar,acinar,inDrop3
4455,human3_lib1.final_cell_0795,20,beta,beta,inDrop3
4456,human3_lib1.final_cell_0796,23,alpha,epsilon,inDrop3
4457,human3_lib1.final_cell_0797,23,alpha,epsilon,inDrop3
4458,human3_lib1.final_cell_0798,0,endothelial,endothelial,inDrop3
4459,human3_lib1.final_cell_0799,17,alpha,alpha,inDrop3
4460,human3_lib1.final_cell_0800,17,alpha,alpha,inDrop3
4461,human3_lib1.final_cell_0801,23,beta,epsilon,inDrop3
4462,human3_lib1.final_cell_0802,23,quiescent_stellate,epsilon,inDrop3
4463,human3_lib1.final_cell_0803,20,beta,beta,inDrop3
4464,human3_lib1.final_cell_0804,23,beta,epsilon,inDrop3
4465,human3_lib1.final_cell_0805,20,beta,beta,inDrop3
4466,human3_lib1.final_cell_0806,17,alpha,alpha,inDrop3
4467,human3_lib1.final_cell_0807,17,alpha,alpha,inDrop3
4468,human3_lib1.final_cell_0808,17,alpha,alpha,inDrop3
4469,human3_lib1.final_cell_0809,17,alpha,alpha,inDrop3
4470,human3_lib1.final_cell_0810,12,acinar,acinar,inDrop3
4471,human3_lib1.final_cell_0811,20,beta,beta,inDrop3
4472,human3_lib1.final_cell_0812,12,acinar,acinar,inDrop3
4473,human3_lib1.final_cell_0813,17,alpha,alpha,inDrop3
4474,human3_lib1.final_cell_0814,1,ductal,ductal,inDrop3
4475,human3_lib1.final_cell_0815,3,delta,delta,inDrop3
4476,human3_lib1.final_cell_0816,3,delta,delta,inDrop3
4477,human3_lib1.final_cell_0817,20,beta,beta,inDrop3
4478,human3_lib1.final_cell_0818,17,alpha,alpha,inDrop3
4479,human3_lib1.final_cell_0819,17,alpha,alpha,inDrop3
4480,human3_lib1.final_cell_0820,7,activated_stellate,activated_stellate,inDrop3
4481,human3_lib1.final_cell_0821,20,beta,beta,inDrop3
4482,human3_lib1.final_cell_0822,20,beta,beta,inDrop3
4483,human3_lib1.final_cell_0823,0,endothelial,endothelial,inDrop3
4484,human3_lib1.final_cell_0824,0,endothelial,endothelial,inDrop3
4485,human3_lib1.final_cell_0825,23,beta,epsilon,inDrop3
4486,human3_lib1.final_cell_0826,17,alpha,alpha,inDrop3
4487,human3_lib1.final_cell_0827,1,ductal,ductal,inDrop3
4488,human3_lib1.final_cell_0828,17,alpha,alpha,inDrop3
4489,human3_lib1.final_cell_0829,17,alpha,alpha,inDrop3
4490,human3_lib1.final_cell_0830,23,alpha,epsilon,inDrop3
4491,human3_lib1.final_cell_0831,0,endothelial,endothelial,inDrop3
4492,human3_lib1.final_cell_0832,17,alpha,alpha,inDrop3
4493,human3_lib1.final_cell_0833,17,alpha,alpha,inDrop3
4494,human3_lib1.final_cell_0834,20,beta,beta,inDrop3
4495,human3_lib1.final_cell_0835,1,ductal,ductal,inDrop3
4496,human3_lib1.final_cell_0836,20,beta,beta,inDrop3
4497,human3_lib1.final_cell_0837,20,beta,beta,inDrop3
4498,human3_lib1.final_cell_0838,23,alpha,epsilon,inDrop3
4499,human3_lib1.final_cell_0839,17,alpha,alpha,inDrop3
4500,human3_lib1.final_cell_0840,23,beta,epsilon,inDrop3
4501,human3_lib1.final_cell_0841,1,ductal,ductal,inDrop3
4502,human3_lib1.final_cell_0842,2,quiescent_stellate,quiescent_stellate,inDrop3
4503,human3_lib1.final_cell_0843,17,alpha,alpha,inDrop3
4504,human3_lib1.final_cell_0844,1,ductal,ductal,inDrop3
4505,human3_lib1.final_cell_0845,23,beta,epsilon,inDrop3
4506,human3_lib1.final_cell_0846,20,beta,beta,inDrop3
4507,human3_lib1.final_cell_0847,3,delta,delta,inDrop3
4508,human3_lib1.final_cell_0848,2,quiescent_stellate,quiescent_stellate,inDrop3
4509,human3_lib1.final_cell_0849,3,delta,delta,inDrop3
4510,human3_lib1.final_cell_0850,20,beta,beta,inDrop3
4511,human3_lib1.final_cell_0851,1,ductal,ductal,inDrop3
4512,human3_lib1.final_cell_0852,20,beta,beta,inDrop3
4513,human3_lib1.final_cell_0853,0,endothelial,endothelial,inDrop3
4514,human3_lib1.final_cell_0854,23,beta,epsilon,inDrop3
4515,human3_lib1.final_cell_0855,0,endothelial,endothelial,inDrop3
4516,human3_lib1.final_cell_0856,20,beta,beta,inDrop3
4517,human3_lib1.final_cell_0857,1,ductal,ductal,inDrop3
4518,human3_lib1.final_cell_0858,1,ductal,ductal,inDrop3
4519,human3_lib1.final_cell_0859,23,alpha,epsilon,inDrop3
4520,human3_lib1.final_cell_0860,23,alpha,epsilon,inDrop3
4521,human3_lib1.final_cell_0861,18,gamma,gamma,inDrop3
4522,human3_lib1.final_cell_0862,20,beta,beta,inDrop3
4523,human3_lib1.final_cell_0863,0,endothelial,endothelial,inDrop3
4524,human3_lib1.final_cell_0864,0,endothelial,endothelial,inDrop3
4525,human3_lib1.final_cell_0865,20,beta,beta,inDrop3
4526,human3_lib1.final_cell_0866,17,alpha,alpha,inDrop3
4527,human3_lib1.final_cell_0867,20,beta,beta,inDrop3
4528,human3_lib1.final_cell_0868,20,beta,beta,inDrop3
4529,human3_lib1.final_cell_0869,23,beta,epsilon,inDrop3
4530,human3_lib1.final_cell_0870,23,beta,epsilon,inDrop3
4531,human3_lib1.final_cell_0871,1,ductal,ductal,inDrop3
4532,human3_lib1.final_cell_0872,2,quiescent_stellate,quiescent_stellate,inDrop3
4533,human3_lib1.final_cell_0873,20,beta,beta,inDrop3
4534,human3_lib1.final_cell_0874,23,alpha,epsilon,inDrop3
4535,human3_lib1.final_cell_0875,20,beta,beta,inDrop3
4536,human3_lib1.final_cell_0876,17,alpha,alpha,inDrop3
4537,human3_lib1.final_cell_0877,23,beta,epsilon,inDrop3
4538,human3_lib1.final_cell_0878,23,beta,epsilon,inDrop3
4539,human3_lib1.final_cell_0879,23,beta,epsilon,inDrop3
4540,human3_lib1.final_cell_0880,20,beta,beta,inDrop3
4541,human3_lib1.final_cell_0881,20,beta,beta,inDrop3
4542,human3_lib1.final_cell_0882,17,alpha,alpha,inDrop3
4543,human3_lib1.final_cell_0883,20,beta,beta,inDrop3
4544,human3_lib1.final_cell_0884,0,endothelial,endothelial,inDrop3
4545,human3_lib1.final_cell_0885,2,quiescent_stellate,quiescent_stellate,inDrop3
4546,human3_lib1.final_cell_0886,20,beta,beta,inDrop3
4547,human3_lib1.final_cell_0887,20,beta,beta,inDrop3
4548,human3_lib1.final_cell_0888,22,beta,Unmatched_22,inDrop3
4549,human3_lib1.final_cell_0889,23,beta,epsilon,inDrop3
4550,human3_lib1.final_cell_0890,2,quiescent_stellate,quiescent_stellate,inDrop3
4551,human3_lib1.final_cell_0891,0,endothelial,endothelial,inDrop3
4552,human3_lib1.final_cell_0892,23,alpha,epsilon,inDrop3
4553,human3_lib1.final_cell_0893,17,alpha,alpha,inDrop3
4554,human3_lib1.final_cell_0894,20,beta,beta,inDrop3
4555,human3_lib1.final_cell_0895,1,ductal,ductal,inDrop3
4556,human3_lib1.final_cell_0896,0,endothelial,endothelial,inDrop3
4557,human3_lib1.final_cell_0897,0,endothelial,endothelial,inDrop3
4558,human3_lib2.final_cell_0001,12,acinar,acinar,inDrop3
4559,human3_lib2.final_cell_0002,12,acinar,acinar,inDrop3
4560,human3_lib2.final_cell_0003,12,acinar,acinar,inDrop3
4561,human3_lib2.final_cell_0004,12,acinar,acinar,inDrop3
4562,human3_lib2.final_cell_0005,12,acinar,acinar,inDrop3
4563,human3_lib2.final_cell_0006,12,acinar,acinar,inDrop3
4564,human3_lib2.final_cell_0007,12,acinar,acinar,inDrop3
4565,human3_lib2.final_cell_0008,12,acinar,acinar,inDrop3
4566,human3_lib2.final_cell_0009,12,acinar,acinar,inDrop3
4567,human3_lib2.final_cell_0010,12,acinar,acinar,inDrop3
4568,human3_lib2.final_cell_0011,12,acinar,acinar,inDrop3
4569,human3_lib2.final_cell_0012,12,acinar,acinar,inDrop3
4570,human3_lib2.final_cell_0013,12,acinar,acinar,inDrop3
4571,human3_lib2.final_cell_0014,12,acinar,acinar,inDrop3
4572,human3_lib2.final_cell_0015,12,acinar,acinar,inDrop3
4573,human3_lib2.final_cell_0016,3,delta,delta,inDrop3
4574,human3_lib2.final_cell_0017,12,acinar,acinar,inDrop3
4575,human3_lib2.final_cell_0018,12,acinar,acinar,inDrop3
4576,human3_lib2.final_cell_0019,12,acinar,acinar,inDrop3
4577,human3_lib2.final_cell_0020,12,acinar,acinar,inDrop3
4578,human3_lib2.final_cell_0021,12,acinar,acinar,inDrop3
4579,human3_lib2.final_cell_0022,12,acinar,acinar,inDrop3
4580,human3_lib2.final_cell_0023,12,acinar,acinar,inDrop3
4581,human3_lib2.final_cell_0024,12,acinar,acinar,inDrop3
4582,human3_lib2.final_cell_0025,12,acinar,acinar,inDrop3
4583,human3_lib2.final_cell_0026,12,acinar,acinar,inDrop3
4584,human3_lib2.final_cell_0027,12,acinar,acinar,inDrop3
4585,human3_lib2.final_cell_0028,12,acinar,acinar,inDrop3
4586,human3_lib2.final_cell_0029,12,acinar,acinar,inDrop3
4587,human3_lib2.final_cell_0030,20,beta,beta,inDrop3
4588,human3_lib2.final_cell_0031,12,acinar,acinar,inDrop3
4589,human3_lib2.final_cell_0032,12,acinar,acinar,inDrop3
4590,human3_lib2.final_cell_0033,12,acinar,acinar,inDrop3
4591,human3_lib2.final_cell_0034,12,acinar,acinar,inDrop3
4592,human3_lib2.final_cell_0035,12,acinar,acinar,inDrop3
4593,human3_lib2.final_cell_0036,23,acinar,epsilon,inDrop3
4594,human3_lib2.final_cell_0037,12,acinar,acinar,inDrop3
4595,human3_lib2.final_cell_0038,12,acinar,acinar,inDrop3
4596,human3_lib2.final_cell_0039,12,acinar,acinar,inDrop3
4597,human3_lib2.final_cell_0040,20,beta,beta,inDrop3
4598,human3_lib2.final_cell_0041,12,acinar,acinar,inDrop3
4599,human3_lib2.final_cell_0042,12,acinar,acinar,inDrop3
4600,human3_lib2.final_cell_0043,12,acinar,acinar,inDrop3
4601,human3_lib2.final_cell_0044,12,acinar,acinar,inDrop3
4602,human3_lib2.final_cell_0045,12,acinar,acinar,inDrop3
4603,human3_lib2.final_cell_0046,12,acinar,acinar,inDrop3
4604,human3_lib2.final_cell_0047,12,acinar,acinar,inDrop3
4605,human3_lib2.final_cell_0048,12,acinar,acinar,inDrop3
4606,human3_lib2.final_cell_0049,12,acinar,acinar,inDrop3
4607,human3_lib2.final_cell_0050,20,beta,beta,inDrop3
4608,human3_lib2.final_cell_0051,12,acinar,acinar,inDrop3
4609,human3_lib2.final_cell_0052,12,acinar,acinar,inDrop3
4610,human3_lib2.final_cell_0053,23,acinar,epsilon,inDrop3
4611,human3_lib2.final_cell_0054,12,acinar,acinar,inDrop3
4612,human3_lib2.final_cell_0055,12,acinar,acinar,inDrop3
4613,human3_lib2.final_cell_0056,12,acinar,acinar,inDrop3
4614,human3_lib2.final_cell_0057,12,acinar,acinar,inDrop3
4615,human3_lib2.final_cell_0058,12,acinar,acinar,inDrop3
4616,human3_lib2.final_cell_0059,12,acinar,acinar,inDrop3
4617,human3_lib2.final_cell_0060,12,acinar,acinar,inDrop3
4618,human3_lib2.final_cell_0061,12,acinar,acinar,inDrop3
4619,human3_lib2.final_cell_0062,12,acinar,acinar,inDrop3
4620,human3_lib2.final_cell_0063,12,acinar,acinar,inDrop3
4621,human3_lib2.final_cell_0064,12,acinar,acinar,inDrop3
4622,human3_lib2.final_cell_0065,20,beta,beta,inDrop3
4623,human3_lib2.final_cell_0066,3,delta,delta,inDrop3
4624,human3_lib2.final_cell_0067,12,acinar,acinar,inDrop3
4625,human3_lib2.final_cell_0068,23,ductal,epsilon,inDrop3
4626,human3_lib2.final_cell_0069,12,acinar,acinar,inDrop3
4627,human3_lib2.final_cell_0070,3,delta,delta,inDrop3
4628,human3_lib2.final_cell_0071,12,acinar,acinar,inDrop3
4629,human3_lib2.final_cell_0072,12,acinar,acinar,inDrop3
4630,human3_lib2.final_cell_0073,12,acinar,acinar,inDrop3
4631,human3_lib2.final_cell_0074,13,acinar,Unmatched_13,inDrop3
4632,human3_lib2.final_cell_0075,12,acinar,acinar,inDrop3
4633,human3_lib2.final_cell_0076,12,acinar,acinar,inDrop3
4634,human3_lib2.final_cell_0077,20,beta,beta,inDrop3
4635,human3_lib2.final_cell_0078,12,acinar,acinar,inDrop3
4636,human3_lib2.final_cell_0079,12,acinar,acinar,inDrop3
4637,human3_lib2.final_cell_0080,12,acinar,acinar,inDrop3
4638,human3_lib2.final_cell_0081,12,acinar,acinar,inDrop3
4639,human3_lib2.final_cell_0082,12,acinar,acinar,inDrop3
4640,human3_lib2.final_cell_0083,12,acinar,acinar,inDrop3
4641,human3_lib2.final_cell_0084,12,acinar,acinar,inDrop3
4642,human3_lib2.final_cell_0085,23,beta,epsilon,inDrop3
4643,human3_lib2.final_cell_0086,12,acinar,acinar,inDrop3
4644,human3_lib2.final_cell_0087,3,delta,delta,inDrop3
4645,human3_lib2.final_cell_0088,12,acinar,acinar,inDrop3
4646,human3_lib2.final_cell_0089,23,beta,epsilon,inDrop3
4647,human3_lib2.final_cell_0090,12,acinar,acinar,inDrop3
4648,human3_lib2.final_cell_0091,12,acinar,acinar,inDrop3
4649,human3_lib2.final_cell_0092,3,delta,delta,inDrop3
4650,human3_lib2.final_cell_0093,12,acinar,acinar,inDrop3
4651,human3_lib2.final_cell_0094,12,acinar,acinar,inDrop3
4652,human3_lib2.final_cell_0095,3,delta,delta,inDrop3
4653,human3_lib2.final_cell_0096,12,acinar,acinar,inDrop3
4654,human3_lib2.final_cell_0097,12,acinar,acinar,inDrop3
4655,human3_lib2.final_cell_0098,12,acinar,acinar,inDrop3
4656,human3_lib2.final_cell_0099,12,acinar,acinar,inDrop3
4657,human3_lib2.final_cell_0100,12,acinar,acinar,inDrop3
4658,human3_lib2.final_cell_0101,12,acinar,acinar,inDrop3
4659,human3_lib2.final_cell_0102,12,acinar,acinar,inDrop3
4660,human3_lib2.final_cell_0103,3,delta,delta,inDrop3
4661,human3_lib2.final_cell_0104,12,acinar,acinar,inDrop3
4662,human3_lib2.final_cell_0105,12,acinar,acinar,inDrop3
4663,human3_lib2.final_cell_0106,23,beta,epsilon,inDrop3
4664,human3_lib2.final_cell_0107,12,acinar,acinar,inDrop3
4665,human3_lib2.final_cell_0108,12,acinar,acinar,inDrop3
4666,human3_lib2.final_cell_0109,12,acinar,acinar,inDrop3
4667,human3_lib2.final_cell_0110,7,acinar,activated_stellate,inDrop3
4668,human3_lib2.final_cell_0111,17,alpha,alpha,inDrop3
4669,human3_lib2.final_cell_0112,12,acinar,acinar,inDrop3
4670,human3_lib2.final_cell_0113,20,beta,beta,inDrop3
4671,human3_lib2.final_cell_0114,17,alpha,alpha,inDrop3
4672,human3_lib2.final_cell_0115,12,acinar,acinar,inDrop3
4673,human3_lib2.final_cell_0116,12,acinar,acinar,inDrop3
4674,human3_lib2.final_cell_0117,12,acinar,acinar,inDrop3
4675,human3_lib2.final_cell_0118,12,acinar,acinar,inDrop3
4676,human3_lib2.final_cell_0119,12,acinar,acinar,inDrop3
4677,human3_lib2.final_cell_0120,12,acinar,acinar,inDrop3
4678,human3_lib2.final_cell_0121,18,gamma,gamma,inDrop3
4679,human3_lib2.final_cell_0122,1,ductal,ductal,inDrop3
4680,human3_lib2.final_cell_0123,12,acinar,acinar,inDrop3
4681,human3_lib2.final_cell_0124,12,acinar,acinar,inDrop3
4682,human3_lib2.final_cell_0125,12,acinar,acinar,inDrop3
4683,human3_lib2.final_cell_0126,12,acinar,acinar,inDrop3
4684,human3_lib2.final_cell_0127,12,acinar,acinar,inDrop3
4685,human3_lib2.final_cell_0128,1,ductal,ductal,inDrop3
4686,human3_lib2.final_cell_0129,12,acinar,acinar,inDrop3
4687,human3_lib2.final_cell_0130,12,acinar,acinar,inDrop3
4688,human3_lib2.final_cell_0131,3,delta,delta,inDrop3
4689,human3_lib2.final_cell_0132,20,beta,beta,inDrop3
4690,human3_lib2.final_cell_0133,17,alpha,alpha,inDrop3
4691,human3_lib2.final_cell_0134,12,acinar,acinar,inDrop3
4692,human3_lib2.final_cell_0135,12,acinar,acinar,inDrop3
4693,human3_lib2.final_cell_0136,3,delta,delta,inDrop3
4694,human3_lib2.final_cell_0137,20,beta,beta,inDrop3
4695,human3_lib2.final_cell_0138,12,acinar,acinar,inDrop3
4696,human3_lib2.final_cell_0139,23,beta,epsilon,inDrop3
4697,human3_lib2.final_cell_0140,12,acinar,acinar,inDrop3
4698,human3_lib2.final_cell_0141,1,ductal,ductal,inDrop3
4699,human3_lib2.final_cell_0142,12,alpha,acinar,inDrop3
4700,human3_lib2.final_cell_0143,1,ductal,ductal,inDrop3
4701,human3_lib2.final_cell_0144,20,beta,beta,inDrop3
4702,human3_lib2.final_cell_0145,17,alpha,alpha,inDrop3
4703,human3_lib2.final_cell_0146,20,beta,beta,inDrop3
4704,human3_lib2.final_cell_0147,17,alpha,alpha,inDrop3
4705,human3_lib2.final_cell_0148,12,acinar,acinar,inDrop3
4706,human3_lib2.final_cell_0149,3,delta,delta,inDrop3
4707,human3_lib2.final_cell_0150,20,beta,beta,inDrop3
4708,human3_lib2.final_cell_0151,20,beta,beta,inDrop3
4709,human3_lib2.final_cell_0152,17,alpha,alpha,inDrop3
4710,human3_lib2.final_cell_0153,20,beta,beta,inDrop3
4711,human3_lib2.final_cell_0154,17,alpha,alpha,inDrop3
4712,human3_lib2.final_cell_0155,3,delta,delta,inDrop3
4713,human3_lib2.final_cell_0156,17,alpha,alpha,inDrop3
4714,human3_lib2.final_cell_0157,20,beta,beta,inDrop3
4715,human3_lib2.final_cell_0158,12,acinar,acinar,inDrop3
4716,human3_lib2.final_cell_0159,12,acinar,acinar,inDrop3
4717,human3_lib2.final_cell_0160,13,acinar,Unmatched_13,inDrop3
4718,human3_lib2.final_cell_0161,1,ductal,ductal,inDrop3
4719,human3_lib2.final_cell_0162,1,ductal,ductal,inDrop3
4720,human3_lib2.final_cell_0163,20,beta,beta,inDrop3
4721,human3_lib2.final_cell_0164,12,acinar,acinar,inDrop3
4722,human3_lib2.final_cell_0165,3,delta,delta,inDrop3
4723,human3_lib2.final_cell_0166,20,beta,beta,inDrop3
4724,human3_lib2.final_cell_0167,18,gamma,gamma,inDrop3
4725,human3_lib2.final_cell_0168,12,acinar,acinar,inDrop3
4726,human3_lib2.final_cell_0169,23,beta,epsilon,inDrop3
4727,human3_lib2.final_cell_0170,20,beta,beta,inDrop3
4728,human3_lib2.final_cell_0171,12,acinar,acinar,inDrop3
4729,human3_lib2.final_cell_0172,13,acinar,Unmatched_13,inDrop3
4730,human3_lib2.final_cell_0173,17,alpha,alpha,inDrop3
4731,human3_lib2.final_cell_0174,12,acinar,acinar,inDrop3
4732,human3_lib2.final_cell_0175,20,beta,beta,inDrop3
4733,human3_lib2.final_cell_0176,17,alpha,alpha,inDrop3
4734,human3_lib2.final_cell_0177,20,beta,beta,inDrop3
4735,human3_lib2.final_cell_0178,17,alpha,alpha,inDrop3
4736,human3_lib2.final_cell_0179,18,gamma,gamma,inDrop3
4737,human3_lib2.final_cell_0180,12,acinar,acinar,inDrop3
4738,human3_lib2.final_cell_0181,23,alpha,epsilon,inDrop3
4739,human3_lib2.final_cell_0182,20,beta,beta,inDrop3
4740,human3_lib2.final_cell_0183,12,acinar,acinar,inDrop3
4741,human3_lib2.final_cell_0184,12,acinar,acinar,inDrop3
4742,human3_lib2.final_cell_0185,3,delta,delta,inDrop3
4743,human3_lib2.final_cell_0186,17,alpha,alpha,inDrop3
4744,human3_lib2.final_cell_0187,13,ductal,Unmatched_13,inDrop3
4745,human3_lib2.final_cell_0188,3,delta,delta,inDrop3
4746,human3_lib2.final_cell_0189,3,delta,delta,inDrop3
4747,human3_lib2.final_cell_0190,17,alpha,alpha,inDrop3
4748,human3_lib2.final_cell_0191,1,ductal,ductal,inDrop3
4749,human3_lib2.final_cell_0192,20,beta,beta,inDrop3
4750,human3_lib2.final_cell_0193,20,beta,beta,inDrop3
4751,human3_lib2.final_cell_0194,3,delta,delta,inDrop3
4752,human3_lib2.final_cell_0195,17,alpha,alpha,inDrop3
4753,human3_lib2.final_cell_0196,23,beta,epsilon,inDrop3
4754,human3_lib2.final_cell_0197,17,alpha,alpha,inDrop3
4755,human3_lib2.final_cell_0198,22,beta,Unmatched_22,inDrop3
4756,human3_lib2.final_cell_0199,12,acinar,acinar,inDrop3
4757,human3_lib2.final_cell_0200,20,beta,beta,inDrop3
4758,human3_lib2.final_cell_0201,12,acinar,acinar,inDrop3
4759,human3_lib2.final_cell_0202,17,alpha,alpha,inDrop3
4760,human3_lib2.final_cell_0203,20,beta,beta,inDrop3
4761,human3_lib2.final_cell_0204,20,beta,beta,inDrop3
4762,human3_lib2.final_cell_0205,17,alpha,alpha,inDrop3
4763,human3_lib2.final_cell_0206,23,beta,epsilon,inDrop3
4764,human3_lib2.final_cell_0207,12,acinar,acinar,inDrop3
4765,human3_lib2.final_cell_0208,1,ductal,ductal,inDrop3
4766,human3_lib2.final_cell_0209,1,ductal,ductal,inDrop3
4767,human3_lib2.final_cell_0210,20,beta,beta,inDrop3
4768,human3_lib2.final_cell_0211,17,alpha,alpha,inDrop3
4769,human3_lib2.final_cell_0212,17,alpha,alpha,inDrop3
4770,human3_lib2.final_cell_0213,12,acinar,acinar,inDrop3
4771,human3_lib2.final_cell_0214,12,acinar,acinar,inDrop3
4772,human3_lib2.final_cell_0215,18,gamma,gamma,inDrop3
4773,human3_lib2.final_cell_0216,17,alpha,alpha,inDrop3
4774,human3_lib2.final_cell_0217,17,alpha,alpha,inDrop3
4775,human3_lib2.final_cell_0218,12,acinar,acinar,inDrop3
4776,human3_lib2.final_cell_0219,20,beta,beta,inDrop3
4777,human3_lib2.final_cell_0220,3,delta,delta,inDrop3
4778,human3_lib2.final_cell_0221,17,alpha,alpha,inDrop3
4779,human3_lib2.final_cell_0222,1,ductal,ductal,inDrop3
4780,human3_lib2.final_cell_0223,3,delta,delta,inDrop3
4781,human3_lib2.final_cell_0224,1,ductal,ductal,inDrop3
4782,human3_lib2.final_cell_0225,3,delta,delta,inDrop3
4783,human3_lib2.final_cell_0226,12,acinar,acinar,inDrop3
4784,human3_lib2.final_cell_0227,1,ductal,ductal,inDrop3
4785,human3_lib2.final_cell_0228,12,acinar,acinar,inDrop3
4786,human3_lib2.final_cell_0229,12,acinar,acinar,inDrop3
4787,human3_lib2.final_cell_0230,20,beta,beta,inDrop3
4788,human3_lib2.final_cell_0231,17,alpha,alpha,inDrop3
4789,human3_lib2.final_cell_0232,1,ductal,ductal,inDrop3
4790,human3_lib2.final_cell_0233,20,beta,beta,inDrop3
4791,human3_lib2.final_cell_0234,20,beta,beta,inDrop3
4792,human3_lib2.final_cell_0235,12,acinar,acinar,inDrop3
4793,human3_lib2.final_cell_0236,17,alpha,alpha,inDrop3
4794,human3_lib2.final_cell_0237,12,acinar,acinar,inDrop3
4795,human3_lib2.final_cell_0238,23,alpha,epsilon,inDrop3
4796,human3_lib2.final_cell_0239,7,activated_stellate,activated_stellate,inDrop3
4797,human3_lib2.final_cell_0240,17,alpha,alpha,inDrop3
4798,human3_lib2.final_cell_0241,1,ductal,ductal,inDrop3
4799,human3_lib2.final_cell_0242,20,beta,beta,inDrop3
4800,human3_lib2.final_cell_0243,17,alpha,alpha,inDrop3
4801,human3_lib2.final_cell_0244,22,beta,Unmatched_22,inDrop3
4802,human3_lib2.final_cell_0245,3,delta,delta,inDrop3
4803,human3_lib2.final_cell_0246,17,alpha,alpha,inDrop3
4804,human3_lib2.final_cell_0247,12,acinar,acinar,inDrop3
4805,human3_lib2.final_cell_0248,17,alpha,alpha,inDrop3
4806,human3_lib2.final_cell_0249,23,beta,epsilon,inDrop3
4807,human3_lib2.final_cell_0250,17,alpha,alpha,inDrop3
4808,human3_lib2.final_cell_0251,17,alpha,alpha,inDrop3
4809,human3_lib2.final_cell_0252,7,activated_stellate,activated_stellate,inDrop3
4810,human3_lib2.final_cell_0253,1,ductal,ductal,inDrop3
4811,human3_lib2.final_cell_0254,1,acinar,ductal,inDrop3
4812,human3_lib2.final_cell_0255,17,alpha,alpha,inDrop3
4813,human3_lib2.final_cell_0256,17,alpha,alpha,inDrop3
4814,human3_lib2.final_cell_0257,12,acinar,acinar,inDrop3
4815,human3_lib2.final_cell_0258,17,alpha,alpha,inDrop3
4816,human3_lib2.final_cell_0259,20,beta,beta,inDrop3
4817,human3_lib2.final_cell_0260,12,acinar,acinar,inDrop3
4818,human3_lib2.final_cell_0261,23,beta,epsilon,inDrop3
4819,human3_lib2.final_cell_0262,1,ductal,ductal,inDrop3
4820,human3_lib2.final_cell_0263,23,beta,epsilon,inDrop3
4821,human3_lib2.final_cell_0264,3,delta,delta,inDrop3
4822,human3_lib2.final_cell_0265,20,beta,beta,inDrop3
4823,human3_lib2.final_cell_0266,12,acinar,acinar,inDrop3
4824,human3_lib2.final_cell_0267,12,acinar,acinar,inDrop3
4825,human3_lib2.final_cell_0268,12,acinar,acinar,inDrop3
4826,human3_lib2.final_cell_0269,12,acinar,acinar,inDrop3
4827,human3_lib2.final_cell_0270,12,acinar,acinar,inDrop3
4828,human3_lib2.final_cell_0271,7,activated_stellate,activated_stellate,inDrop3
4829,human3_lib2.final_cell_0272,12,acinar,acinar,inDrop3
4830,human3_lib2.final_cell_0273,20,beta,beta,inDrop3
4831,human3_lib2.final_cell_0274,1,ductal,ductal,inDrop3
4832,human3_lib2.final_cell_0275,17,alpha,alpha,inDrop3
4833,human3_lib2.final_cell_0276,20,beta,beta,inDrop3
4834,human3_lib2.final_cell_0277,12,acinar,acinar,inDrop3
4835,human3_lib2.final_cell_0278,20,beta,beta,inDrop3
4836,human3_lib2.final_cell_0279,23,beta,epsilon,inDrop3
4837,human3_lib2.final_cell_0280,12,acinar,acinar,inDrop3
4838,human3_lib2.final_cell_0281,1,ductal,ductal,inDrop3
4839,human3_lib2.final_cell_0282,20,beta,beta,inDrop3
4840,human3_lib2.final_cell_0283,12,acinar,acinar,inDrop3
4841,human3_lib2.final_cell_0284,20,beta,beta,inDrop3
4842,human3_lib2.final_cell_0285,20,beta,beta,inDrop3
4843,human3_lib2.final_cell_0286,17,alpha,alpha,inDrop3
4844,human3_lib2.final_cell_0287,20,beta,beta,inDrop3
4845,human3_lib2.final_cell_0288,17,alpha,alpha,inDrop3
4846,human3_lib2.final_cell_0289,1,ductal,ductal,inDrop3
4847,human3_lib2.final_cell_0290,17,alpha,alpha,inDrop3
4848,human3_lib2.final_cell_0291,12,acinar,acinar,inDrop3
4849,human3_lib2.final_cell_0292,17,alpha,alpha,inDrop3
4850,human3_lib2.final_cell_0293,1,ductal,ductal,inDrop3
4851,human3_lib2.final_cell_0294,7,activated_stellate,activated_stellate,inDrop3
4852,human3_lib2.final_cell_0295,17,alpha,alpha,inDrop3
4853,human3_lib2.final_cell_0296,23,alpha,epsilon,inDrop3
4854,human3_lib2.final_cell_0297,1,ductal,ductal,inDrop3
4855,human3_lib2.final_cell_0298,12,acinar,acinar,inDrop3
4856,human3_lib2.final_cell_0299,12,acinar,acinar,inDrop3
4857,human3_lib2.final_cell_0300,12,acinar,acinar,inDrop3
4858,human3_lib2.final_cell_0301,23,alpha,epsilon,inDrop3
4859,human3_lib2.final_cell_0302,17,alpha,alpha,inDrop3
4860,human3_lib2.final_cell_0303,17,alpha,alpha,inDrop3
4861,human3_lib2.final_cell_0304,20,beta,beta,inDrop3
4862,human3_lib2.final_cell_0305,17,alpha,alpha,inDrop3
4863,human3_lib2.final_cell_0306,20,beta,beta,inDrop3
4864,human3_lib2.final_cell_0307,17,alpha,alpha,inDrop3
4865,human3_lib2.final_cell_0308,20,beta,beta,inDrop3
4866,human3_lib2.final_cell_0309,20,beta,beta,inDrop3
4867,human3_lib2.final_cell_0310,17,alpha,alpha,inDrop3
4868,human3_lib2.final_cell_0311,3,delta,delta,inDrop3
4869,human3_lib2.final_cell_0312,17,alpha,alpha,inDrop3
4870,human3_lib2.final_cell_0313,17,alpha,alpha,inDrop3
4871,human3_lib2.final_cell_0314,17,alpha,alpha,inDrop3
4872,human3_lib2.final_cell_0315,1,ductal,ductal,inDrop3
4873,human3_lib2.final_cell_0316,1,ductal,ductal,inDrop3
4874,human3_lib2.final_cell_0317,3,delta,delta,inDrop3
4875,human3_lib2.final_cell_0318,17,alpha,alpha,inDrop3
4876,human3_lib2.final_cell_0319,1,ductal,ductal,inDrop3
4877,human3_lib2.final_cell_0320,1,ductal,ductal,inDrop3
4878,human3_lib2.final_cell_0321,17,alpha,alpha,inDrop3
4879,human3_lib2.final_cell_0322,17,alpha,alpha,inDrop3
4880,human3_lib2.final_cell_0323,1,ductal,ductal,inDrop3
4881,human3_lib2.final_cell_0324,12,acinar,acinar,inDrop3
4882,human3_lib2.final_cell_0325,20,beta,beta,inDrop3
4883,human3_lib2.final_cell_0326,20,beta,beta,inDrop3
4884,human3_lib2.final_cell_0327,17,alpha,alpha,inDrop3
4885,human3_lib2.final_cell_0328,17,alpha,alpha,inDrop3
4886,human3_lib2.final_cell_0329,17,alpha,alpha,inDrop3
4887,human3_lib2.final_cell_0330,17,alpha,alpha,inDrop3
4888,human3_lib2.final_cell_0331,22,beta,Unmatched_22,inDrop3
4889,human3_lib2.final_cell_0332,20,beta,beta,inDrop3
4890,human3_lib2.final_cell_0333,1,ductal,ductal,inDrop3
4891,human3_lib2.final_cell_0334,12,acinar,acinar,inDrop3
4892,human3_lib2.final_cell_0335,20,beta,beta,inDrop3
4893,human3_lib2.final_cell_0336,20,beta,beta,inDrop3
4894,human3_lib2.final_cell_0337,17,alpha,alpha,inDrop3
4895,human3_lib2.final_cell_0338,17,alpha,alpha,inDrop3
4896,human3_lib2.final_cell_0339,23,beta,epsilon,inDrop3
4897,human3_lib2.final_cell_0340,1,ductal,ductal,inDrop3
4898,human3_lib2.final_cell_0341,23,ductal,epsilon,inDrop3
4899,human3_lib2.final_cell_0342,20,beta,beta,inDrop3
4900,human3_lib2.final_cell_0343,1,ductal,ductal,inDrop3
4901,human3_lib2.final_cell_0344,7,activated_stellate,activated_stellate,inDrop3
4902,human3_lib2.final_cell_0345,1,ductal,ductal,inDrop3
4903,human3_lib2.final_cell_0346,20,beta,beta,inDrop3
4904,human3_lib2.final_cell_0347,20,beta,beta,inDrop3
4905,human3_lib2.final_cell_0348,23,alpha,epsilon,inDrop3
4906,human3_lib2.final_cell_0349,17,alpha,alpha,inDrop3
4907,human3_lib2.final_cell_0350,17,alpha,alpha,inDrop3
4908,human3_lib2.final_cell_0351,20,beta,beta,inDrop3
4909,human3_lib2.final_cell_0352,20,beta,beta,inDrop3
4910,human3_lib2.final_cell_0353,17,alpha,alpha,inDrop3
4911,human3_lib2.final_cell_0354,23,beta,epsilon,inDrop3
4912,human3_lib2.final_cell_0355,23,beta,epsilon,inDrop3
4913,human3_lib2.final_cell_0356,17,alpha,alpha,inDrop3
4914,human3_lib2.final_cell_0357,17,alpha,alpha,inDrop3
4915,human3_lib2.final_cell_0358,20,beta,beta,inDrop3
4916,human3_lib2.final_cell_0359,12,acinar,acinar,inDrop3
4917,human3_lib2.final_cell_0360,17,alpha,alpha,inDrop3
4918,human3_lib2.final_cell_0361,23,beta,epsilon,inDrop3
4919,human3_lib2.final_cell_0362,17,alpha,alpha,inDrop3
4920,human3_lib2.final_cell_0363,17,alpha,alpha,inDrop3
4921,human3_lib2.final_cell_0364,17,alpha,alpha,inDrop3
4922,human3_lib2.final_cell_0365,17,alpha,alpha,inDrop3
4923,human3_lib2.final_cell_0366,20,beta,beta,inDrop3
4924,human3_lib2.final_cell_0367,20,beta,beta,inDrop3
4925,human3_lib2.final_cell_0368,7,activated_stellate,activated_stellate,inDrop3
4926,human3_lib2.final_cell_0369,20,beta,beta,inDrop3
4927,human3_lib2.final_cell_0370,7,activated_stellate,activated_stellate,inDrop3
4928,human3_lib2.final_cell_0371,23,beta,epsilon,inDrop3
4929,human3_lib2.final_cell_0372,23,alpha,epsilon,inDrop3
4930,human3_lib2.final_cell_0373,0,endothelial,endothelial,inDrop3
4931,human3_lib2.final_cell_0374,12,acinar,acinar,inDrop3
4932,human3_lib2.final_cell_0375,1,ductal,ductal,inDrop3
4933,human3_lib2.final_cell_0376,17,alpha,alpha,inDrop3
4934,human3_lib2.final_cell_0377,17,alpha,alpha,inDrop3
4935,human3_lib2.final_cell_0378,12,alpha,acinar,inDrop3
4936,human3_lib2.final_cell_0379,1,ductal,ductal,inDrop3
4937,human3_lib2.final_cell_0380,18,gamma,gamma,inDrop3
4938,human3_lib2.final_cell_0381,20,beta,beta,inDrop3
4939,human3_lib2.final_cell_0382,23,beta,epsilon,inDrop3
4940,human3_lib2.final_cell_0383,1,ductal,ductal,inDrop3
4941,human3_lib2.final_cell_0384,12,acinar,acinar,inDrop3
4942,human3_lib2.final_cell_0385,17,alpha,alpha,inDrop3
4943,human3_lib2.final_cell_0386,3,delta,delta,inDrop3
4944,human3_lib2.final_cell_0387,3,delta,delta,inDrop3
4945,human3_lib2.final_cell_0388,23,beta,epsilon,inDrop3
4946,human3_lib2.final_cell_0389,23,alpha,epsilon,inDrop3
4947,human3_lib2.final_cell_0390,23,beta,epsilon,inDrop3
4948,human3_lib2.final_cell_0391,1,ductal,ductal,inDrop3
4949,human3_lib2.final_cell_0392,17,alpha,alpha,inDrop3
4950,human3_lib2.final_cell_0393,17,alpha,alpha,inDrop3
4951,human3_lib2.final_cell_0394,1,ductal,ductal,inDrop3
4952,human3_lib2.final_cell_0395,17,alpha,alpha,inDrop3
4953,human3_lib2.final_cell_0396,12,acinar,acinar,inDrop3
4954,human3_lib2.final_cell_0397,17,alpha,alpha,inDrop3
4955,human3_lib2.final_cell_0398,1,ductal,ductal,inDrop3
4956,human3_lib2.final_cell_0399,1,ductal,ductal,inDrop3
4957,human3_lib2.final_cell_0400,17,alpha,alpha,inDrop3
4958,human3_lib2.final_cell_0401,17,alpha,alpha,inDrop3
4959,human3_lib2.final_cell_0402,1,ductal,ductal,inDrop3
4960,human3_lib2.final_cell_0403,12,acinar,acinar,inDrop3
4961,human3_lib2.final_cell_0404,17,alpha,alpha,inDrop3
4962,human3_lib2.final_cell_0405,17,alpha,alpha,inDrop3
4963,human3_lib2.final_cell_0406,1,ductal,ductal,inDrop3
4964,human3_lib2.final_cell_0407,17,alpha,alpha,inDrop3
4965,human3_lib2.final_cell_0408,17,alpha,alpha,inDrop3
4966,human3_lib2.final_cell_0409,1,ductal,ductal,inDrop3
4967,human3_lib2.final_cell_0410,17,alpha,alpha,inDrop3
4968,human3_lib2.final_cell_0411,12,acinar,acinar,inDrop3
4969,human3_lib2.final_cell_0412,20,beta,beta,inDrop3
4970,human3_lib2.final_cell_0413,23,beta,epsilon,inDrop3
4971,human3_lib2.final_cell_0414,1,ductal,ductal,inDrop3
4972,human3_lib2.final_cell_0415,17,alpha,alpha,inDrop3
4973,human3_lib2.final_cell_0416,7,activated_stellate,activated_stellate,inDrop3
4974,human3_lib2.final_cell_0417,1,ductal,ductal,inDrop3
4975,human3_lib2.final_cell_0418,23,beta,epsilon,inDrop3
4976,human3_lib2.final_cell_0419,23,beta,epsilon,inDrop3
4977,human3_lib2.final_cell_0420,17,alpha,alpha,inDrop3
4978,human3_lib2.final_cell_0421,12,acinar,acinar,inDrop3
4979,human3_lib2.final_cell_0422,20,beta,beta,inDrop3
4980,human3_lib2.final_cell_0423,17,alpha,alpha,inDrop3
4981,human3_lib2.final_cell_0424,17,alpha,alpha,inDrop3
4982,human3_lib2.final_cell_0425,17,alpha,alpha,inDrop3
4983,human3_lib2.final_cell_0426,12,acinar,acinar,inDrop3
4984,human3_lib2.final_cell_0427,17,alpha,alpha,inDrop3
4985,human3_lib2.final_cell_0428,23,beta,epsilon,inDrop3
4986,human3_lib2.final_cell_0429,0,endothelial,endothelial,inDrop3
4987,human3_lib2.final_cell_0430,17,alpha,alpha,inDrop3
4988,human3_lib2.final_cell_0431,17,alpha,alpha,inDrop3
4989,human3_lib2.final_cell_0432,18,gamma,gamma,inDrop3
4990,human3_lib2.final_cell_0433,23,alpha,epsilon,inDrop3
4991,human3_lib2.final_cell_0434,20,beta,beta,inDrop3
4992,human3_lib2.final_cell_0435,20,beta,beta,inDrop3
4993,human3_lib2.final_cell_0436,1,ductal,ductal,inDrop3
4994,human3_lib2.final_cell_0437,3,delta,delta,inDrop3
4995,human3_lib2.final_cell_0438,20,beta,beta,inDrop3
4996,human3_lib2.final_cell_0439,23,beta,epsilon,inDrop3
4997,human3_lib2.final_cell_0440,17,alpha,alpha,inDrop3
4998,human3_lib2.final_cell_0441,7,activated_stellate,activated_stellate,inDrop3
4999,human3_lib2.final_cell_0442,23,alpha,epsilon,inDrop3
5000,human3_lib2.final_cell_0443,22,beta,Unmatched_22,inDrop3
5001,human3_lib2.final_cell_0444,17,alpha,alpha,inDrop3
5002,human3_lib2.final_cell_0445,12,acinar,acinar,inDrop3
5003,human3_lib2.final_cell_0446,23,alpha,epsilon,inDrop3
5004,human3_lib2.final_cell_0447,17,alpha,alpha,inDrop3
5005,human3_lib2.final_cell_0448,17,alpha,alpha,inDrop3
5006,human3_lib2.final_cell_0449,17,alpha,alpha,inDrop3
5007,human3_lib2.final_cell_0450,23,beta,epsilon,inDrop3
5008,human3_lib2.final_cell_0451,17,alpha,alpha,inDrop3
5009,human3_lib2.final_cell_0452,17,alpha,alpha,inDrop3
5010,human3_lib2.final_cell_0453,12,acinar,acinar,inDrop3
5011,human3_lib2.final_cell_0454,23,beta,epsilon,inDrop3
5012,human3_lib2.final_cell_0455,17,alpha,alpha,inDrop3
5013,human3_lib2.final_cell_0456,17,alpha,alpha,inDrop3
5014,human3_lib2.final_cell_0457,17,alpha,alpha,inDrop3
5015,human3_lib2.final_cell_0458,1,ductal,ductal,inDrop3
5016,human3_lib2.final_cell_0459,1,ductal,ductal,inDrop3
5017,human3_lib2.final_cell_0460,1,ductal,ductal,inDrop3
5018,human3_lib2.final_cell_0461,7,activated_stellate,activated_stellate,inDrop3
5019,human3_lib2.final_cell_0462,7,acinar,activated_stellate,inDrop3
5020,human3_lib2.final_cell_0463,17,alpha,alpha,inDrop3
5021,human3_lib2.final_cell_0464,20,beta,beta,inDrop3
5022,human3_lib2.final_cell_0465,22,beta,Unmatched_22,inDrop3
5023,human3_lib2.final_cell_0466,12,acinar,acinar,inDrop3
5024,human3_lib2.final_cell_0467,17,alpha,alpha,inDrop3
5025,human3_lib2.final_cell_0468,17,alpha,alpha,inDrop3
5026,human3_lib2.final_cell_0469,12,acinar,acinar,inDrop3
5027,human3_lib2.final_cell_0470,17,alpha,alpha,inDrop3
5028,human3_lib2.final_cell_0471,17,alpha,alpha,inDrop3
5029,human3_lib2.final_cell_0472,12,acinar,acinar,inDrop3
5030,human3_lib2.final_cell_0473,12,acinar,acinar,inDrop3
5031,human3_lib2.final_cell_0474,12,acinar,acinar,inDrop3
5032,human3_lib2.final_cell_0475,3,delta,delta,inDrop3
5033,human3_lib2.final_cell_0476,1,ductal,ductal,inDrop3
5034,human3_lib2.final_cell_0477,12,acinar,acinar,inDrop3
5035,human3_lib2.final_cell_0478,17,alpha,alpha,inDrop3
5036,human3_lib2.final_cell_0479,18,alpha,gamma,inDrop3
5037,human3_lib2.final_cell_0480,17,alpha,alpha,inDrop3
5038,human3_lib2.final_cell_0481,12,acinar,acinar,inDrop3
5039,human3_lib2.final_cell_0482,17,alpha,alpha,inDrop3
5040,human3_lib2.final_cell_0483,17,alpha,alpha,inDrop3
5041,human3_lib2.final_cell_0484,17,alpha,alpha,inDrop3
5042,human3_lib2.final_cell_0485,17,alpha,alpha,inDrop3
5043,human3_lib2.final_cell_0486,12,acinar,acinar,inDrop3
5044,human3_lib2.final_cell_0487,17,alpha,alpha,inDrop3
5045,human3_lib2.final_cell_0488,17,alpha,alpha,inDrop3
5046,human3_lib2.final_cell_0489,17,alpha,alpha,inDrop3
5047,human3_lib2.final_cell_0490,20,beta,beta,inDrop3
5048,human3_lib2.final_cell_0491,12,acinar,acinar,inDrop3
5049,human3_lib2.final_cell_0492,7,activated_stellate,activated_stellate,inDrop3
5050,human3_lib2.final_cell_0493,17,alpha,alpha,inDrop3
5051,human3_lib2.final_cell_0494,2,quiescent_stellate,quiescent_stellate,inDrop3
5052,human3_lib2.final_cell_0495,17,alpha,alpha,inDrop3
5053,human3_lib2.final_cell_0496,17,alpha,alpha,inDrop3
5054,human3_lib2.final_cell_0497,12,acinar,acinar,inDrop3
5055,human3_lib2.final_cell_0498,17,alpha,alpha,inDrop3
5056,human3_lib2.final_cell_0499,20,beta,beta,inDrop3
5057,human3_lib2.final_cell_0500,17,alpha,alpha,inDrop3
5058,human3_lib2.final_cell_0501,17,alpha,alpha,inDrop3
5059,human3_lib2.final_cell_0502,1,ductal,ductal,inDrop3
5060,human3_lib2.final_cell_0503,17,alpha,alpha,inDrop3
5061,human3_lib2.final_cell_0504,1,ductal,ductal,inDrop3
5062,human3_lib2.final_cell_0505,17,alpha,alpha,inDrop3
5063,human3_lib2.final_cell_0506,12,acinar,acinar,inDrop3
5064,human3_lib2.final_cell_0507,17,alpha,alpha,inDrop3
5065,human3_lib2.final_cell_0508,20,beta,beta,inDrop3
5066,human3_lib2.final_cell_0509,17,alpha,alpha,inDrop3
5067,human3_lib2.final_cell_0510,17,alpha,alpha,inDrop3
5068,human3_lib2.final_cell_0511,20,beta,beta,inDrop3
5069,human3_lib2.final_cell_0512,20,beta,beta,inDrop3
5070,human3_lib2.final_cell_0513,17,alpha,alpha,inDrop3
5071,human3_lib2.final_cell_0514,17,alpha,alpha,inDrop3
5072,human3_lib2.final_cell_0515,17,alpha,alpha,inDrop3
5073,human3_lib2.final_cell_0516,1,ductal,ductal,inDrop3
5074,human3_lib2.final_cell_0517,17,alpha,alpha,inDrop3
5075,human3_lib2.final_cell_0518,17,alpha,alpha,inDrop3
5076,human3_lib2.final_cell_0519,17,alpha,alpha,inDrop3
5077,human3_lib2.final_cell_0520,17,alpha,alpha,inDrop3
5078,human3_lib2.final_cell_0521,17,alpha,alpha,inDrop3
5079,human3_lib2.final_cell_0522,17,alpha,alpha,inDrop3
5080,human3_lib2.final_cell_0523,20,beta,beta,inDrop3
5081,human3_lib2.final_cell_0524,20,beta,beta,inDrop3
5082,human3_lib2.final_cell_0525,17,alpha,alpha,inDrop3
5083,human3_lib2.final_cell_0526,1,ductal,ductal,inDrop3
5084,human3_lib2.final_cell_0527,1,ductal,ductal,inDrop3
5085,human3_lib2.final_cell_0528,1,ductal,ductal,inDrop3
5086,human3_lib2.final_cell_0529,20,beta,beta,inDrop3
5087,human3_lib2.final_cell_0530,0,endothelial,endothelial,inDrop3
5088,human3_lib2.final_cell_0531,17,alpha,alpha,inDrop3
5089,human3_lib2.final_cell_0532,20,beta,beta,inDrop3
5090,human3_lib2.final_cell_0533,17,alpha,alpha,inDrop3
5091,human3_lib2.final_cell_0534,22,beta,Unmatched_22,inDrop3
5092,human3_lib2.final_cell_0535,17,alpha,alpha,inDrop3
5093,human3_lib2.final_cell_0536,17,alpha,alpha,inDrop3
5094,human3_lib2.final_cell_0537,17,alpha,alpha,inDrop3
5095,human3_lib2.final_cell_0538,1,ductal,ductal,inDrop3
5096,human3_lib2.final_cell_0539,20,beta,beta,inDrop3
5097,human3_lib2.final_cell_0540,7,activated_stellate,activated_stellate,inDrop3
5098,human3_lib2.final_cell_0541,17,alpha,alpha,inDrop3
5099,human3_lib2.final_cell_0542,17,alpha,alpha,inDrop3
5100,human3_lib2.final_cell_0543,17,alpha,alpha,inDrop3
5101,human3_lib2.final_cell_0544,0,endothelial,endothelial,inDrop3
5102,human3_lib2.final_cell_0545,17,alpha,alpha,inDrop3
5103,human3_lib2.final_cell_0546,20,beta,beta,inDrop3
5104,human3_lib2.final_cell_0547,12,acinar,acinar,inDrop3
5105,human3_lib2.final_cell_0548,17,alpha,alpha,inDrop3
5106,human3_lib2.final_cell_0549,23,ductal,epsilon,inDrop3
5107,human3_lib2.final_cell_0550,23,alpha,epsilon,inDrop3
5108,human3_lib2.final_cell_0551,17,alpha,alpha,inDrop3
5109,human3_lib2.final_cell_0552,17,alpha,alpha,inDrop3
5110,human3_lib2.final_cell_0553,20,beta,beta,inDrop3
5111,human3_lib2.final_cell_0554,17,alpha,alpha,inDrop3
5112,human3_lib2.final_cell_0555,17,alpha,alpha,inDrop3
5113,human3_lib2.final_cell_0556,23,alpha,epsilon,inDrop3
5114,human3_lib2.final_cell_0557,17,alpha,alpha,inDrop3
5115,human3_lib2.final_cell_0558,2,quiescent_stellate,quiescent_stellate,inDrop3
5116,human3_lib2.final_cell_0559,17,alpha,alpha,inDrop3
5117,human3_lib2.final_cell_0560,23,alpha,epsilon,inDrop3
5118,human3_lib2.final_cell_0561,17,alpha,alpha,inDrop3
5119,human3_lib2.final_cell_0562,20,beta,beta,inDrop3
5120,human3_lib2.final_cell_0563,23,beta,epsilon,inDrop3
5121,human3_lib2.final_cell_0564,17,alpha,alpha,inDrop3
5122,human3_lib2.final_cell_0565,17,alpha,alpha,inDrop3
5123,human3_lib2.final_cell_0566,20,beta,beta,inDrop3
5124,human3_lib2.final_cell_0567,17,alpha,alpha,inDrop3
5125,human3_lib2.final_cell_0568,17,alpha,alpha,inDrop3
5126,human3_lib2.final_cell_0569,12,acinar,acinar,inDrop3
5127,human3_lib2.final_cell_0570,1,ductal,ductal,inDrop3
5128,human3_lib2.final_cell_0571,17,alpha,alpha,inDrop3
5129,human3_lib2.final_cell_0572,17,alpha,alpha,inDrop3
5130,human3_lib2.final_cell_0573,23,beta,epsilon,inDrop3
5131,human3_lib2.final_cell_0574,20,beta,beta,inDrop3
5132,human3_lib2.final_cell_0575,17,alpha,alpha,inDrop3
5133,human3_lib2.final_cell_0576,12,acinar,acinar,inDrop3
5134,human3_lib2.final_cell_0577,17,alpha,alpha,inDrop3
5135,human3_lib2.final_cell_0578,17,alpha,alpha,inDrop3
5136,human3_lib2.final_cell_0579,17,alpha,alpha,inDrop3
5137,human3_lib2.final_cell_0580,4,macrophage,macrophage,inDrop3
5138,human3_lib2.final_cell_0581,20,beta,beta,inDrop3
5139,human3_lib2.final_cell_0582,20,beta,beta,inDrop3
5140,human3_lib2.final_cell_0583,17,alpha,alpha,inDrop3
5141,human3_lib2.final_cell_0584,17,alpha,alpha,inDrop3
5142,human3_lib2.final_cell_0585,1,ductal,ductal,inDrop3
5143,human3_lib2.final_cell_0586,12,acinar,acinar,inDrop3
5144,human3_lib2.final_cell_0587,23,alpha,epsilon,inDrop3
5145,human3_lib2.final_cell_0588,17,alpha,alpha,inDrop3
5146,human3_lib2.final_cell_0589,23,alpha,epsilon,inDrop3
5147,human3_lib2.final_cell_0590,17,alpha,alpha,inDrop3
5148,human3_lib2.final_cell_0591,2,alpha,quiescent_stellate,inDrop3
5149,human3_lib2.final_cell_0592,17,alpha,alpha,inDrop3
5150,human3_lib2.final_cell_0593,7,activated_stellate,activated_stellate,inDrop3
5151,human3_lib2.final_cell_0594,20,beta,beta,inDrop3
5152,human3_lib2.final_cell_0595,17,alpha,alpha,inDrop3
5153,human3_lib2.final_cell_0596,18,gamma,gamma,inDrop3
5154,human3_lib2.final_cell_0597,17,alpha,alpha,inDrop3
5155,human3_lib2.final_cell_0598,17,alpha,alpha,inDrop3
5156,human3_lib2.final_cell_0599,1,ductal,ductal,inDrop3
5157,human3_lib2.final_cell_0600,17,alpha,alpha,inDrop3
5158,human3_lib2.final_cell_0601,23,alpha,epsilon,inDrop3
5159,human3_lib2.final_cell_0602,17,alpha,alpha,inDrop3
5160,human3_lib2.final_cell_0603,23,alpha,epsilon,inDrop3
5161,human3_lib2.final_cell_0604,17,alpha,alpha,inDrop3
5162,human3_lib2.final_cell_0605,23,quiescent_stellate,epsilon,inDrop3
5163,human3_lib2.final_cell_0606,1,ductal,ductal,inDrop3
5164,human3_lib2.final_cell_0607,1,ductal,ductal,inDrop3
5165,human3_lib2.final_cell_0608,12,acinar,acinar,inDrop3
5166,human3_lib2.final_cell_0609,3,delta,delta,inDrop3
5167,human3_lib2.final_cell_0610,17,alpha,alpha,inDrop3
5168,human3_lib2.final_cell_0611,1,ductal,ductal,inDrop3
5169,human3_lib2.final_cell_0612,17,alpha,alpha,inDrop3
5170,human3_lib2.final_cell_0613,17,alpha,alpha,inDrop3
5171,human3_lib2.final_cell_0614,12,acinar,acinar,inDrop3
5172,human3_lib2.final_cell_0615,3,delta,delta,inDrop3
5173,human3_lib2.final_cell_0616,12,acinar,acinar,inDrop3
5174,human3_lib2.final_cell_0617,17,alpha,alpha,inDrop3
5175,human3_lib2.final_cell_0618,17,alpha,alpha,inDrop3
5176,human3_lib2.final_cell_0619,17,alpha,alpha,inDrop3
5177,human3_lib2.final_cell_0620,13,acinar,Unmatched_13,inDrop3
5178,human3_lib2.final_cell_0621,7,activated_stellate,activated_stellate,inDrop3
5179,human3_lib2.final_cell_0622,20,beta,beta,inDrop3
5180,human3_lib2.final_cell_0623,12,acinar,acinar,inDrop3
5181,human3_lib2.final_cell_0624,23,beta,epsilon,inDrop3
5182,human3_lib2.final_cell_0625,17,alpha,alpha,inDrop3
5183,human3_lib2.final_cell_0626,12,acinar,acinar,inDrop3
5184,human3_lib2.final_cell_0627,20,beta,beta,inDrop3
5185,human3_lib2.final_cell_0628,17,alpha,alpha,inDrop3
5186,human3_lib2.final_cell_0629,17,alpha,alpha,inDrop3
5187,human3_lib2.final_cell_0630,1,ductal,ductal,inDrop3
5188,human3_lib2.final_cell_0631,23,alpha,epsilon,inDrop3
5189,human3_lib2.final_cell_0632,1,ductal,ductal,inDrop3
5190,human3_lib2.final_cell_0633,17,alpha,alpha,inDrop3
5191,human3_lib2.final_cell_0634,17,alpha,alpha,inDrop3
5192,human3_lib2.final_cell_0635,17,alpha,alpha,inDrop3
5193,human3_lib2.final_cell_0636,12,acinar,acinar,inDrop3
5194,human3_lib2.final_cell_0637,1,ductal,ductal,inDrop3
5195,human3_lib2.final_cell_0638,12,acinar,acinar,inDrop3
5196,human3_lib2.final_cell_0639,17,alpha,alpha,inDrop3
5197,human3_lib2.final_cell_0640,3,delta,delta,inDrop3
5198,human3_lib2.final_cell_0641,17,alpha,alpha,inDrop3
5199,human3_lib2.final_cell_0642,12,alpha,acinar,inDrop3
5200,human3_lib2.final_cell_0643,12,acinar,acinar,inDrop3
5201,human3_lib2.final_cell_0644,20,beta,beta,inDrop3
5202,human3_lib2.final_cell_0645,17,alpha,alpha,inDrop3
5203,human3_lib2.final_cell_0646,12,acinar,acinar,inDrop3
5204,human3_lib2.final_cell_0647,0,endothelial,endothelial,inDrop3
5205,human3_lib2.final_cell_0648,23,beta,epsilon,inDrop3
5206,human3_lib2.final_cell_0649,17,alpha,alpha,inDrop3
5207,human3_lib2.final_cell_0650,7,activated_stellate,activated_stellate,inDrop3
5208,human3_lib2.final_cell_0651,7,activated_stellate,activated_stellate,inDrop3
5209,human3_lib2.final_cell_0652,12,acinar,acinar,inDrop3
5210,human3_lib2.final_cell_0653,17,alpha,alpha,inDrop3
5211,human3_lib2.final_cell_0654,17,alpha,alpha,inDrop3
5212,human3_lib2.final_cell_0655,17,alpha,alpha,inDrop3
5213,human3_lib2.final_cell_0656,23,alpha,epsilon,inDrop3
5214,human3_lib2.final_cell_0657,1,ductal,ductal,inDrop3
5215,human3_lib2.final_cell_0658,17,alpha,alpha,inDrop3
5216,human3_lib2.final_cell_0659,0,endothelial,endothelial,inDrop3
5217,human3_lib2.final_cell_0660,7,activated_stellate,activated_stellate,inDrop3
5218,human3_lib2.final_cell_0661,17,alpha,alpha,inDrop3
5219,human3_lib2.final_cell_0662,17,alpha,alpha,inDrop3
5220,human3_lib2.final_cell_0663,20,beta,beta,inDrop3
5221,human3_lib2.final_cell_0664,17,alpha,alpha,inDrop3
5222,human3_lib2.final_cell_0665,23,beta,epsilon,inDrop3
5223,human3_lib2.final_cell_0666,23,alpha,epsilon,inDrop3
5224,human3_lib2.final_cell_0667,23,beta,epsilon,inDrop3
5225,human3_lib2.final_cell_0668,23,quiescent_stellate,epsilon,inDrop3
5226,human3_lib2.final_cell_0669,17,alpha,alpha,inDrop3
5227,human3_lib2.final_cell_0670,1,ductal,ductal,inDrop3
5228,human3_lib2.final_cell_0671,12,acinar,acinar,inDrop3
5229,human3_lib2.final_cell_0672,23,beta,epsilon,inDrop3
5230,human3_lib2.final_cell_0673,5,mast,mast,inDrop3
5231,human3_lib2.final_cell_0674,12,acinar,acinar,inDrop3
5232,human3_lib2.final_cell_0675,12,acinar,acinar,inDrop3
5233,human3_lib2.final_cell_0676,23,beta,epsilon,inDrop3
5234,human3_lib2.final_cell_0677,20,beta,beta,inDrop3
5235,human3_lib2.final_cell_0678,20,beta,beta,inDrop3
5236,human3_lib2.final_cell_0679,17,alpha,alpha,inDrop3
5237,human3_lib2.final_cell_0680,17,alpha,alpha,inDrop3
5238,human3_lib2.final_cell_0681,7,activated_stellate,activated_stellate,inDrop3
5239,human3_lib2.final_cell_0682,17,alpha,alpha,inDrop3
5240,human3_lib2.final_cell_0683,17,alpha,alpha,inDrop3
5241,human3_lib2.final_cell_0684,12,acinar,acinar,inDrop3
5242,human3_lib2.final_cell_0685,12,acinar,acinar,inDrop3
5243,human3_lib2.final_cell_0686,1,ductal,ductal,inDrop3
5244,human3_lib2.final_cell_0687,20,beta,beta,inDrop3
5245,human3_lib2.final_cell_0688,17,alpha,alpha,inDrop3
5246,human3_lib2.final_cell_0689,12,acinar,acinar,inDrop3
5247,human3_lib2.final_cell_0690,1,ductal,ductal,inDrop3
5248,human3_lib2.final_cell_0691,22,beta,Unmatched_22,inDrop3
5249,human3_lib2.final_cell_0692,17,alpha,alpha,inDrop3
5250,human3_lib2.final_cell_0693,1,ductal,ductal,inDrop3
5251,human3_lib2.final_cell_0694,23,alpha,epsilon,inDrop3
5252,human3_lib2.final_cell_0695,1,ductal,ductal,inDrop3
5253,human3_lib2.final_cell_0696,17,alpha,alpha,inDrop3
5254,human3_lib2.final_cell_0697,7,activated_stellate,activated_stellate,inDrop3
5255,human3_lib2.final_cell_0698,1,ductal,ductal,inDrop3
5256,human3_lib2.final_cell_0699,23,beta,epsilon,inDrop3
5257,human3_lib2.final_cell_0700,23,alpha,epsilon,inDrop3
5258,human3_lib2.final_cell_0701,2,quiescent_stellate,quiescent_stellate,inDrop3
5259,human3_lib2.final_cell_0702,12,delta,acinar,inDrop3
5260,human3_lib2.final_cell_0703,3,beta,delta,inDrop3
5261,human3_lib2.final_cell_0704,17,alpha,alpha,inDrop3
5262,human3_lib2.final_cell_0705,1,ductal,ductal,inDrop3
5263,human3_lib2.final_cell_0706,23,alpha,epsilon,inDrop3
5264,human3_lib2.final_cell_0707,23,alpha,epsilon,inDrop3
5265,human3_lib2.final_cell_0708,20,beta,beta,inDrop3
5266,human3_lib2.final_cell_0709,17,alpha,alpha,inDrop3
5267,human3_lib2.final_cell_0710,12,acinar,acinar,inDrop3
5268,human3_lib2.final_cell_0711,17,alpha,alpha,inDrop3
5269,human3_lib2.final_cell_0712,2,quiescent_stellate,quiescent_stellate,inDrop3
5270,human3_lib2.final_cell_0713,1,ductal,ductal,inDrop3
5271,human3_lib2.final_cell_0714,17,alpha,alpha,inDrop3
5272,human3_lib2.final_cell_0715,1,ductal,ductal,inDrop3
5273,human3_lib2.final_cell_0716,7,activated_stellate,activated_stellate,inDrop3
5274,human3_lib2.final_cell_0717,17,alpha,alpha,inDrop3
5275,human3_lib2.final_cell_0718,20,beta,beta,inDrop3
5276,human3_lib2.final_cell_0719,17,alpha,alpha,inDrop3
5277,human3_lib2.final_cell_0720,12,acinar,acinar,inDrop3
5278,human3_lib2.final_cell_0721,12,acinar,acinar,inDrop3
5279,human3_lib2.final_cell_0722,17,alpha,alpha,inDrop3
5280,human3_lib2.final_cell_0723,17,alpha,alpha,inDrop3
5281,human3_lib2.final_cell_0724,23,alpha,epsilon,inDrop3
5282,human3_lib2.final_cell_0725,1,ductal,ductal,inDrop3
5283,human3_lib2.final_cell_0726,23,beta,epsilon,inDrop3
5284,human3_lib2.final_cell_0727,17,alpha,alpha,inDrop3
5285,human3_lib2.final_cell_0728,12,acinar,acinar,inDrop3
5286,human3_lib2.final_cell_0729,7,activated_stellate,activated_stellate,inDrop3
5287,human3_lib2.final_cell_0730,17,alpha,alpha,inDrop3
5288,human3_lib2.final_cell_0731,20,beta,beta,inDrop3
5289,human3_lib2.final_cell_0732,17,alpha,alpha,inDrop3
5290,human3_lib2.final_cell_0733,20,beta,beta,inDrop3
5291,human3_lib2.final_cell_0734,20,beta,beta,inDrop3
5292,human3_lib2.final_cell_0735,23,beta,epsilon,inDrop3
5293,human3_lib2.final_cell_0736,17,alpha,alpha,inDrop3
5294,human3_lib2.final_cell_0737,4,macrophage,macrophage,inDrop3
5295,human3_lib2.final_cell_0738,1,ductal,ductal,inDrop3
5296,human3_lib2.final_cell_0739,17,alpha,alpha,inDrop3
5297,human3_lib2.final_cell_0740,23,beta,epsilon,inDrop3
5298,human3_lib2.final_cell_0741,17,alpha,alpha,inDrop3
5299,human3_lib2.final_cell_0742,20,beta,beta,inDrop3
5300,human3_lib2.final_cell_0743,1,ductal,ductal,inDrop3
5301,human3_lib2.final_cell_0744,23,alpha,epsilon,inDrop3
5302,human3_lib2.final_cell_0745,17,alpha,alpha,inDrop3
5303,human3_lib2.final_cell_0746,23,alpha,epsilon,inDrop3
5304,human3_lib2.final_cell_0747,17,alpha,alpha,inDrop3
5305,human3_lib2.final_cell_0748,17,alpha,alpha,inDrop3
5306,human3_lib2.final_cell_0749,20,beta,beta,inDrop3
5307,human3_lib2.final_cell_0750,17,alpha,alpha,inDrop3
5308,human3_lib2.final_cell_0751,20,beta,beta,inDrop3
5309,human3_lib2.final_cell_0752,1,ductal,ductal,inDrop3
5310,human3_lib2.final_cell_0753,1,ductal,ductal,inDrop3
5311,human3_lib2.final_cell_0754,1,ductal,ductal,inDrop3
5312,human3_lib2.final_cell_0755,17,alpha,alpha,inDrop3
5313,human3_lib2.final_cell_0756,1,ductal,ductal,inDrop3
5314,human3_lib2.final_cell_0757,7,activated_stellate,activated_stellate,inDrop3
5315,human3_lib2.final_cell_0758,23,alpha,epsilon,inDrop3
5316,human3_lib2.final_cell_0759,23,beta,epsilon,inDrop3
5317,human3_lib2.final_cell_0760,7,activated_stellate,activated_stellate,inDrop3
5318,human3_lib2.final_cell_0761,17,alpha,alpha,inDrop3
5319,human3_lib2.final_cell_0762,12,acinar,acinar,inDrop3
5320,human3_lib2.final_cell_0763,12,acinar,acinar,inDrop3
5321,human3_lib2.final_cell_0764,17,alpha,alpha,inDrop3
5322,human3_lib2.final_cell_0765,3,delta,delta,inDrop3
5323,human3_lib2.final_cell_0766,0,endothelial,endothelial,inDrop3
5324,human3_lib2.final_cell_0767,2,quiescent_stellate,quiescent_stellate,inDrop3
5325,human3_lib2.final_cell_0768,23,beta,epsilon,inDrop3
5326,human3_lib2.final_cell_0769,20,beta,beta,inDrop3
5327,human3_lib2.final_cell_0770,17,alpha,alpha,inDrop3
5328,human3_lib2.final_cell_0771,23,activated_stellate,epsilon,inDrop3
5329,human3_lib2.final_cell_0772,17,alpha,alpha,inDrop3
5330,human3_lib2.final_cell_0773,20,beta,beta,inDrop3
5331,human3_lib2.final_cell_0774,12,acinar,acinar,inDrop3
5332,human3_lib2.final_cell_0775,23,alpha,epsilon,inDrop3
5333,human3_lib2.final_cell_0776,23,delta,epsilon,inDrop3
5334,human3_lib2.final_cell_0777,12,acinar,acinar,inDrop3
5335,human3_lib2.final_cell_0778,2,quiescent_stellate,quiescent_stellate,inDrop3
5336,human3_lib2.final_cell_0779,20,beta,beta,inDrop3
5337,human3_lib2.final_cell_0780,17,alpha,alpha,inDrop3
5338,human3_lib2.final_cell_0781,17,alpha,alpha,inDrop3
5339,human3_lib2.final_cell_0782,1,ductal,ductal,inDrop3
5340,human3_lib2.final_cell_0783,17,alpha,alpha,inDrop3
5341,human3_lib2.final_cell_0784,17,alpha,alpha,inDrop3
5342,human3_lib2.final_cell_0785,17,alpha,alpha,inDrop3
5343,human3_lib2.final_cell_0786,17,alpha,alpha,inDrop3
5344,human3_lib2.final_cell_0787,17,alpha,alpha,inDrop3
5345,human3_lib2.final_cell_0788,23,gamma,epsilon,inDrop3
5346,human3_lib2.final_cell_0789,23,alpha,epsilon,inDrop3
5347,human3_lib2.final_cell_0790,20,beta,beta,inDrop3
5348,human3_lib2.final_cell_0791,12,beta,acinar,inDrop3
5349,human3_lib2.final_cell_0792,3,delta,delta,inDrop3
5350,human3_lib2.final_cell_0793,17,alpha,alpha,inDrop3
5351,human3_lib2.final_cell_0794,7,activated_stellate,activated_stellate,inDrop3
5352,human3_lib2.final_cell_0795,23,alpha,epsilon,inDrop3
5353,human3_lib2.final_cell_0796,2,quiescent_stellate,quiescent_stellate,inDrop3
5354,human3_lib2.final_cell_0797,20,beta,beta,inDrop3
5355,human3_lib2.final_cell_0798,5,mast,mast,inDrop3
5356,human3_lib2.final_cell_0799,17,alpha,alpha,inDrop3
5357,human3_lib2.final_cell_0800,12,acinar,acinar,inDrop3
5358,human3_lib2.final_cell_0801,17,alpha,alpha,inDrop3
5359,human3_lib2.final_cell_0802,17,alpha,alpha,inDrop3
5360,human3_lib2.final_cell_0803,0,endothelial,endothelial,inDrop3
5361,human3_lib2.final_cell_0804,20,beta,beta,inDrop3
5362,human3_lib2.final_cell_0805,23,macrophage,epsilon,inDrop3
5363,human3_lib2.final_cell_0806,1,ductal,ductal,inDrop3
5364,human3_lib2.final_cell_0807,20,beta,beta,inDrop3
5365,human3_lib2.final_cell_0808,23,beta,epsilon,inDrop3
5366,human3_lib2.final_cell_0809,20,beta,beta,inDrop3
5367,human3_lib2.final_cell_0810,17,alpha,alpha,inDrop3
5368,human3_lib2.final_cell_0811,20,beta,beta,inDrop3
5369,human3_lib2.final_cell_0812,17,alpha,alpha,inDrop3
5370,human3_lib2.final_cell_0813,5,mast,mast,inDrop3
5371,human3_lib2.final_cell_0814,17,alpha,alpha,inDrop3
5372,human3_lib2.final_cell_0815,23,alpha,epsilon,inDrop3
5373,human3_lib2.final_cell_0816,23,beta,epsilon,inDrop3
5374,human3_lib2.final_cell_0817,0,endothelial,endothelial,inDrop3
5375,human3_lib2.final_cell_0818,12,acinar,acinar,inDrop3
5376,human3_lib2.final_cell_0819,0,endothelial,endothelial,inDrop3
5377,human3_lib2.final_cell_0820,20,beta,beta,inDrop3
5378,human3_lib2.final_cell_0821,20,beta,beta,inDrop3
5379,human3_lib2.final_cell_0822,17,alpha,alpha,inDrop3
5380,human3_lib2.final_cell_0823,2,quiescent_stellate,quiescent_stellate,inDrop3
5381,human3_lib2.final_cell_0824,1,ductal,ductal,inDrop3
5382,human3_lib2.final_cell_0825,1,ductal,ductal,inDrop3
5383,human3_lib2.final_cell_0826,3,beta,delta,inDrop3
5384,human3_lib2.final_cell_0827,23,beta,epsilon,inDrop3
5385,human3_lib2.final_cell_0828,17,alpha,alpha,inDrop3
5386,human3_lib2.final_cell_0829,20,beta,beta,inDrop3
5387,human3_lib2.final_cell_0830,20,beta,beta,inDrop3
5388,human3_lib2.final_cell_0831,23,beta,epsilon,inDrop3
5389,human3_lib2.final_cell_0832,2,quiescent_stellate,quiescent_stellate,inDrop3
5390,human3_lib2.final_cell_0833,2,quiescent_stellate,quiescent_stellate,inDrop3
5391,human3_lib2.final_cell_0834,23,beta,epsilon,inDrop3
5392,human3_lib2.final_cell_0835,23,alpha,epsilon,inDrop3
5393,human3_lib2.final_cell_0836,3,delta,delta,inDrop3
5394,human3_lib2.final_cell_0837,17,alpha,alpha,inDrop3
5395,human3_lib2.final_cell_0838,1,ductal,ductal,inDrop3
5396,human3_lib2.final_cell_0839,23,acinar,epsilon,inDrop3
5397,human3_lib2.final_cell_0840,17,alpha,alpha,inDrop3
5398,human3_lib2.final_cell_0841,17,alpha,alpha,inDrop3
5399,human3_lib2.final_cell_0842,17,alpha,alpha,inDrop3
5400,human3_lib2.final_cell_0843,2,quiescent_stellate,quiescent_stellate,inDrop3
5401,human3_lib2.final_cell_0844,17,alpha,alpha,inDrop3
5402,human3_lib2.final_cell_0845,20,beta,beta,inDrop3
5403,human3_lib2.final_cell_0846,0,endothelial,endothelial,inDrop3
5404,human3_lib2.final_cell_0847,7,activated_stellate,activated_stellate,inDrop3
5405,human3_lib2.final_cell_0848,17,alpha,alpha,inDrop3
5406,human3_lib2.final_cell_0849,23,alpha,epsilon,inDrop3
5407,human3_lib2.final_cell_0850,20,beta,beta,inDrop3
5408,human3_lib2.final_cell_0851,17,alpha,alpha,inDrop3
5409,human3_lib2.final_cell_0852,23,beta,epsilon,inDrop3
5410,human3_lib2.final_cell_0853,20,beta,beta,inDrop3
5411,human3_lib2.final_cell_0854,17,alpha,alpha,inDrop3
5412,human3_lib2.final_cell_0855,1,ductal,ductal,inDrop3
5413,human3_lib2.final_cell_0856,0,endothelial,endothelial,inDrop3
5414,human3_lib2.final_cell_0857,0,endothelial,endothelial,inDrop3
5415,human3_lib2.final_cell_0858,0,endothelial,endothelial,inDrop3
5416,human3_lib2.final_cell_0859,23,beta,epsilon,inDrop3
5417,human3_lib2.final_cell_0860,20,beta,beta,inDrop3
5418,human3_lib2.final_cell_0861,2,quiescent_stellate,quiescent_stellate,inDrop3
5419,human3_lib2.final_cell_0862,20,beta,beta,inDrop3
5420,human3_lib2.final_cell_0863,23,beta,epsilon,inDrop3
5421,human3_lib2.final_cell_0864,20,beta,beta,inDrop3
5422,human3_lib2.final_cell_0865,20,beta,beta,inDrop3
5423,human3_lib2.final_cell_0866,23,ductal,epsilon,inDrop3
5424,human3_lib2.final_cell_0867,20,beta,beta,inDrop3
5425,human3_lib2.final_cell_0868,1,ductal,ductal,inDrop3
5426,human3_lib2.final_cell_0869,0,endothelial,endothelial,inDrop3
5427,human3_lib2.final_cell_0870,0,endothelial,endothelial,inDrop3
5428,human3_lib2.final_cell_0871,23,alpha,epsilon,inDrop3
5429,human3_lib2.final_cell_0872,23,beta,epsilon,inDrop3
5430,human3_lib2.final_cell_0873,7,activated_stellate,activated_stellate,inDrop3
5431,human3_lib2.final_cell_0874,23,beta,epsilon,inDrop3
5432,human3_lib2.final_cell_0875,23,alpha,epsilon,inDrop3
5433,human3_lib3.final_cell_0001,12,acinar,acinar,inDrop3
5434,human3_lib3.final_cell_0002,12,acinar,acinar,inDrop3
5435,human3_lib3.final_cell_0003,12,acinar,acinar,inDrop3
5436,human3_lib3.final_cell_0004,12,acinar,acinar,inDrop3
5437,human3_lib3.final_cell_0005,12,acinar,acinar,inDrop3
5438,human3_lib3.final_cell_0006,12,acinar,acinar,inDrop3
5439,human3_lib3.final_cell_0007,12,acinar,acinar,inDrop3
5440,human3_lib3.final_cell_0008,12,acinar,acinar,inDrop3
5441,human3_lib3.final_cell_0009,12,acinar,acinar,inDrop3
5442,human3_lib3.final_cell_0010,12,acinar,acinar,inDrop3
5443,human3_lib3.final_cell_0011,7,acinar,activated_stellate,inDrop3
5444,human3_lib3.final_cell_0012,12,acinar,acinar,inDrop3
5445,human3_lib3.final_cell_0013,12,acinar,acinar,inDrop3
5446,human3_lib3.final_cell_0014,12,acinar,acinar,inDrop3
5447,human3_lib3.final_cell_0015,12,acinar,acinar,inDrop3
5448,human3_lib3.final_cell_0016,12,acinar,acinar,inDrop3
5449,human3_lib3.final_cell_0017,12,acinar,acinar,inDrop3
5450,human3_lib3.final_cell_0018,12,acinar,acinar,inDrop3
5451,human3_lib3.final_cell_0019,12,acinar,acinar,inDrop3
5452,human3_lib3.final_cell_0020,12,acinar,acinar,inDrop3
5453,human3_lib3.final_cell_0021,12,acinar,acinar,inDrop3
5454,human3_lib3.final_cell_0022,12,acinar,acinar,inDrop3
5455,human3_lib3.final_cell_0023,12,acinar,acinar,inDrop3
5456,human3_lib3.final_cell_0024,12,acinar,acinar,inDrop3
5457,human3_lib3.final_cell_0025,12,acinar,acinar,inDrop3
5458,human3_lib3.final_cell_0026,12,acinar,acinar,inDrop3
5459,human3_lib3.final_cell_0027,12,acinar,acinar,inDrop3
5460,human3_lib3.final_cell_0028,12,acinar,acinar,inDrop3
5461,human3_lib3.final_cell_0029,12,acinar,acinar,inDrop3
5462,human3_lib3.final_cell_0030,12,acinar,acinar,inDrop3
5463,human3_lib3.final_cell_0031,12,acinar,acinar,inDrop3
5464,human3_lib3.final_cell_0032,17,alpha,alpha,inDrop3
5465,human3_lib3.final_cell_0033,12,acinar,acinar,inDrop3
5466,human3_lib3.final_cell_0034,3,delta,delta,inDrop3
5467,human3_lib3.final_cell_0035,12,acinar,acinar,inDrop3
5468,human3_lib3.final_cell_0036,12,acinar,acinar,inDrop3
5469,human3_lib3.final_cell_0037,12,acinar,acinar,inDrop3
5470,human3_lib3.final_cell_0038,12,acinar,acinar,inDrop3
5471,human3_lib3.final_cell_0039,12,acinar,acinar,inDrop3
5472,human3_lib3.final_cell_0040,12,acinar,acinar,inDrop3
5473,human3_lib3.final_cell_0041,12,acinar,acinar,inDrop3
5474,human3_lib3.final_cell_0042,12,acinar,acinar,inDrop3
5475,human3_lib3.final_cell_0043,12,acinar,acinar,inDrop3
5476,human3_lib3.final_cell_0044,23,acinar,epsilon,inDrop3
5477,human3_lib3.final_cell_0045,12,acinar,acinar,inDrop3
5478,human3_lib3.final_cell_0046,12,acinar,acinar,inDrop3
5479,human3_lib3.final_cell_0047,12,acinar,acinar,inDrop3
5480,human3_lib3.final_cell_0048,13,acinar,Unmatched_13,inDrop3
5481,human3_lib3.final_cell_0049,12,acinar,acinar,inDrop3
5482,human3_lib3.final_cell_0050,12,acinar,acinar,inDrop3
5483,human3_lib3.final_cell_0051,12,acinar,acinar,inDrop3
5484,human3_lib3.final_cell_0052,20,beta,beta,inDrop3
5485,human3_lib3.final_cell_0053,23,acinar,epsilon,inDrop3
5486,human3_lib3.final_cell_0054,23,beta,epsilon,inDrop3
5487,human3_lib3.final_cell_0055,23,acinar,epsilon,inDrop3
5488,human3_lib3.final_cell_0056,12,acinar,acinar,inDrop3
5489,human3_lib3.final_cell_0057,12,acinar,acinar,inDrop3
5490,human3_lib3.final_cell_0058,12,acinar,acinar,inDrop3
5491,human3_lib3.final_cell_0059,12,acinar,acinar,inDrop3
5492,human3_lib3.final_cell_0060,12,acinar,acinar,inDrop3
5493,human3_lib3.final_cell_0061,12,acinar,acinar,inDrop3
5494,human3_lib3.final_cell_0062,12,acinar,acinar,inDrop3
5495,human3_lib3.final_cell_0063,12,acinar,acinar,inDrop3
5496,human3_lib3.final_cell_0064,12,acinar,acinar,inDrop3
5497,human3_lib3.final_cell_0065,12,acinar,acinar,inDrop3
5498,human3_lib3.final_cell_0066,12,acinar,acinar,inDrop3
5499,human3_lib3.final_cell_0067,12,acinar,acinar,inDrop3
5500,human3_lib3.final_cell_0068,12,acinar,acinar,inDrop3
5501,human3_lib3.final_cell_0069,23,acinar,epsilon,inDrop3
5502,human3_lib3.final_cell_0070,12,acinar,acinar,inDrop3
5503,human3_lib3.final_cell_0071,12,acinar,acinar,inDrop3
5504,human3_lib3.final_cell_0072,12,acinar,acinar,inDrop3
5505,human3_lib3.final_cell_0073,12,acinar,acinar,inDrop3
5506,human3_lib3.final_cell_0074,12,acinar,acinar,inDrop3
5507,human3_lib3.final_cell_0075,12,acinar,acinar,inDrop3
5508,human3_lib3.final_cell_0076,23,acinar,epsilon,inDrop3
5509,human3_lib3.final_cell_0077,12,acinar,acinar,inDrop3
5510,human3_lib3.final_cell_0078,12,acinar,acinar,inDrop3
5511,human3_lib3.final_cell_0079,12,acinar,acinar,inDrop3
5512,human3_lib3.final_cell_0080,12,acinar,acinar,inDrop3
5513,human3_lib3.final_cell_0081,12,acinar,acinar,inDrop3
5514,human3_lib3.final_cell_0082,12,acinar,acinar,inDrop3
5515,human3_lib3.final_cell_0083,1,ductal,ductal,inDrop3
5516,human3_lib3.final_cell_0084,12,acinar,acinar,inDrop3
5517,human3_lib3.final_cell_0085,12,acinar,acinar,inDrop3
5518,human3_lib3.final_cell_0086,23,beta,epsilon,inDrop3
5519,human3_lib3.final_cell_0087,20,beta,beta,inDrop3
5520,human3_lib3.final_cell_0088,12,acinar,acinar,inDrop3
5521,human3_lib3.final_cell_0089,12,acinar,acinar,inDrop3
5522,human3_lib3.final_cell_0090,12,acinar,acinar,inDrop3
5523,human3_lib3.final_cell_0091,3,delta,delta,inDrop3
5524,human3_lib3.final_cell_0092,12,acinar,acinar,inDrop3
5525,human3_lib3.final_cell_0093,20,beta,beta,inDrop3
5526,human3_lib3.final_cell_0094,12,acinar,acinar,inDrop3
5527,human3_lib3.final_cell_0095,12,acinar,acinar,inDrop3
5528,human3_lib3.final_cell_0096,12,acinar,acinar,inDrop3
5529,human3_lib3.final_cell_0097,17,alpha,alpha,inDrop3
5530,human3_lib3.final_cell_0098,12,acinar,acinar,inDrop3
5531,human3_lib3.final_cell_0099,12,acinar,acinar,inDrop3
5532,human3_lib3.final_cell_0100,12,acinar,acinar,inDrop3
5533,human3_lib3.final_cell_0101,12,acinar,acinar,inDrop3
5534,human3_lib3.final_cell_0102,3,delta,delta,inDrop3
5535,human3_lib3.final_cell_0103,12,acinar,acinar,inDrop3
5536,human3_lib3.final_cell_0104,17,alpha,alpha,inDrop3
5537,human3_lib3.final_cell_0105,20,beta,beta,inDrop3
5538,human3_lib3.final_cell_0106,12,acinar,acinar,inDrop3
5539,human3_lib3.final_cell_0107,20,beta,beta,inDrop3
5540,human3_lib3.final_cell_0108,23,beta,epsilon,inDrop3
5541,human3_lib3.final_cell_0109,12,acinar,acinar,inDrop3
5542,human3_lib3.final_cell_0110,1,ductal,ductal,inDrop3
5543,human3_lib3.final_cell_0111,12,acinar,acinar,inDrop3
5544,human3_lib3.final_cell_0112,20,beta,beta,inDrop3
5545,human3_lib3.final_cell_0113,12,acinar,acinar,inDrop3
5546,human3_lib3.final_cell_0114,17,alpha,alpha,inDrop3
5547,human3_lib3.final_cell_0115,17,alpha,alpha,inDrop3
5548,human3_lib3.final_cell_0116,17,alpha,alpha,inDrop3
5549,human3_lib3.final_cell_0117,7,activated_stellate,activated_stellate,inDrop3
5550,human3_lib3.final_cell_0118,12,acinar,acinar,inDrop3
5551,human3_lib3.final_cell_0119,12,acinar,acinar,inDrop3
5552,human3_lib3.final_cell_0120,12,acinar,acinar,inDrop3
5553,human3_lib3.final_cell_0121,23,beta,epsilon,inDrop3
5554,human3_lib3.final_cell_0122,12,acinar,acinar,inDrop3
5555,human3_lib3.final_cell_0123,12,acinar,acinar,inDrop3
5556,human3_lib3.final_cell_0124,23,beta,epsilon,inDrop3
5557,human3_lib3.final_cell_0125,17,alpha,alpha,inDrop3
5558,human3_lib3.final_cell_0126,12,acinar,acinar,inDrop3
5559,human3_lib3.final_cell_0127,17,alpha,alpha,inDrop3
5560,human3_lib3.final_cell_0128,12,acinar,acinar,inDrop3
5561,human3_lib3.final_cell_0129,12,acinar,acinar,inDrop3
5562,human3_lib3.final_cell_0130,17,alpha,alpha,inDrop3
5563,human3_lib3.final_cell_0131,20,beta,beta,inDrop3
5564,human3_lib3.final_cell_0132,12,acinar,acinar,inDrop3
5565,human3_lib3.final_cell_0133,17,alpha,alpha,inDrop3
5566,human3_lib3.final_cell_0134,7,activated_stellate,activated_stellate,inDrop3
5567,human3_lib3.final_cell_0135,12,acinar,acinar,inDrop3
5568,human3_lib3.final_cell_0136,20,beta,beta,inDrop3
5569,human3_lib3.final_cell_0137,20,beta,beta,inDrop3
5570,human3_lib3.final_cell_0138,20,beta,beta,inDrop3
5571,human3_lib3.final_cell_0139,12,acinar,acinar,inDrop3
5572,human3_lib3.final_cell_0140,20,beta,beta,inDrop3
5573,human3_lib3.final_cell_0141,20,beta,beta,inDrop3
5574,human3_lib3.final_cell_0142,23,beta,epsilon,inDrop3
5575,human3_lib3.final_cell_0143,12,acinar,acinar,inDrop3
5576,human3_lib3.final_cell_0144,12,acinar,acinar,inDrop3
5577,human3_lib3.final_cell_0145,12,acinar,acinar,inDrop3
5578,human3_lib3.final_cell_0146,23,endothelial,epsilon,inDrop3
5579,human3_lib3.final_cell_0147,17,alpha,alpha,inDrop3
5580,human3_lib3.final_cell_0148,20,beta,beta,inDrop3
5581,human3_lib3.final_cell_0149,3,delta,delta,inDrop3
5582,human3_lib3.final_cell_0150,20,beta,beta,inDrop3
5583,human3_lib3.final_cell_0151,22,beta,Unmatched_22,inDrop3
5584,human3_lib3.final_cell_0152,12,acinar,acinar,inDrop3
5585,human3_lib3.final_cell_0153,23,beta,epsilon,inDrop3
5586,human3_lib3.final_cell_0154,7,activated_stellate,activated_stellate,inDrop3
5587,human3_lib3.final_cell_0155,12,acinar,acinar,inDrop3
5588,human3_lib3.final_cell_0156,12,acinar,acinar,inDrop3
5589,human3_lib3.final_cell_0157,12,acinar,acinar,inDrop3
5590,human3_lib3.final_cell_0158,17,alpha,alpha,inDrop3
5591,human3_lib3.final_cell_0159,3,delta,delta,inDrop3
5592,human3_lib3.final_cell_0160,12,acinar,acinar,inDrop3
5593,human3_lib3.final_cell_0161,20,beta,beta,inDrop3
5594,human3_lib3.final_cell_0162,12,acinar,acinar,inDrop3
5595,human3_lib3.final_cell_0163,12,acinar,acinar,inDrop3
5596,human3_lib3.final_cell_0164,12,acinar,acinar,inDrop3
5597,human3_lib3.final_cell_0165,20,beta,beta,inDrop3
5598,human3_lib3.final_cell_0166,12,acinar,acinar,inDrop3
5599,human3_lib3.final_cell_0167,20,beta,beta,inDrop3
5600,human3_lib3.final_cell_0168,12,acinar,acinar,inDrop3
5601,human3_lib3.final_cell_0169,20,beta,beta,inDrop3
5602,human3_lib3.final_cell_0170,12,acinar,acinar,inDrop3
5603,human3_lib3.final_cell_0171,17,alpha,alpha,inDrop3
5604,human3_lib3.final_cell_0172,1,ductal,ductal,inDrop3
5605,human3_lib3.final_cell_0173,12,acinar,acinar,inDrop3
5606,human3_lib3.final_cell_0174,12,acinar,acinar,inDrop3
5607,human3_lib3.final_cell_0175,7,activated_stellate,activated_stellate,inDrop3
5608,human3_lib3.final_cell_0176,12,acinar,acinar,inDrop3
5609,human3_lib3.final_cell_0177,12,acinar,acinar,inDrop3
5610,human3_lib3.final_cell_0178,20,beta,beta,inDrop3
5611,human3_lib3.final_cell_0179,12,acinar,acinar,inDrop3
5612,human3_lib3.final_cell_0180,12,acinar,acinar,inDrop3
5613,human3_lib3.final_cell_0181,20,beta,beta,inDrop3
5614,human3_lib3.final_cell_0182,7,activated_stellate,activated_stellate,inDrop3
5615,human3_lib3.final_cell_0183,17,alpha,alpha,inDrop3
5616,human3_lib3.final_cell_0184,20,beta,beta,inDrop3
5617,human3_lib3.final_cell_0185,20,beta,beta,inDrop3
5618,human3_lib3.final_cell_0186,13,acinar,Unmatched_13,inDrop3
5619,human3_lib3.final_cell_0187,23,beta,epsilon,inDrop3
5620,human3_lib3.final_cell_0188,12,acinar,acinar,inDrop3
5621,human3_lib3.final_cell_0189,17,alpha,alpha,inDrop3
5622,human3_lib3.final_cell_0190,20,beta,beta,inDrop3
5623,human3_lib3.final_cell_0191,12,acinar,acinar,inDrop3
5624,human3_lib3.final_cell_0192,12,acinar,acinar,inDrop3
5625,human3_lib3.final_cell_0193,20,beta,beta,inDrop3
5626,human3_lib3.final_cell_0194,12,acinar,acinar,inDrop3
5627,human3_lib3.final_cell_0195,12,acinar,acinar,inDrop3
5628,human3_lib3.final_cell_0196,17,alpha,alpha,inDrop3
5629,human3_lib3.final_cell_0197,20,beta,beta,inDrop3
5630,human3_lib3.final_cell_0198,12,acinar,acinar,inDrop3
5631,human3_lib3.final_cell_0199,20,beta,beta,inDrop3
5632,human3_lib3.final_cell_0200,20,beta,beta,inDrop3
5633,human3_lib3.final_cell_0201,12,acinar,acinar,inDrop3
5634,human3_lib3.final_cell_0202,22,beta,Unmatched_22,inDrop3
5635,human3_lib3.final_cell_0203,12,acinar,acinar,inDrop3
5636,human3_lib3.final_cell_0204,13,acinar,Unmatched_13,inDrop3
5637,human3_lib3.final_cell_0205,12,acinar,acinar,inDrop3
5638,human3_lib3.final_cell_0206,20,beta,beta,inDrop3
5639,human3_lib3.final_cell_0207,12,acinar,acinar,inDrop3
5640,human3_lib3.final_cell_0208,12,acinar,acinar,inDrop3
5641,human3_lib3.final_cell_0209,23,beta,epsilon,inDrop3
5642,human3_lib3.final_cell_0210,20,beta,beta,inDrop3
5643,human3_lib3.final_cell_0211,3,delta,delta,inDrop3
5644,human3_lib3.final_cell_0212,17,alpha,alpha,inDrop3
5645,human3_lib3.final_cell_0213,0,endothelial,endothelial,inDrop3
5646,human3_lib3.final_cell_0214,13,acinar,Unmatched_13,inDrop3
5647,human3_lib3.final_cell_0215,20,beta,beta,inDrop3
5648,human3_lib3.final_cell_0216,17,alpha,alpha,inDrop3
5649,human3_lib3.final_cell_0217,17,alpha,alpha,inDrop3
5650,human3_lib3.final_cell_0218,23,beta,epsilon,inDrop3
5651,human3_lib3.final_cell_0219,23,alpha,epsilon,inDrop3
5652,human3_lib3.final_cell_0220,12,acinar,acinar,inDrop3
5653,human3_lib3.final_cell_0221,23,acinar,epsilon,inDrop3
5654,human3_lib3.final_cell_0222,17,alpha,alpha,inDrop3
5655,human3_lib3.final_cell_0223,12,acinar,acinar,inDrop3
5656,human3_lib3.final_cell_0224,1,ductal,ductal,inDrop3
5657,human3_lib3.final_cell_0225,20,beta,beta,inDrop3
5658,human3_lib3.final_cell_0226,12,acinar,acinar,inDrop3
5659,human3_lib3.final_cell_0227,13,acinar,Unmatched_13,inDrop3
5660,human3_lib3.final_cell_0228,12,acinar,acinar,inDrop3
5661,human3_lib3.final_cell_0229,12,acinar,acinar,inDrop3
5662,human3_lib3.final_cell_0230,1,ductal,ductal,inDrop3
5663,human3_lib3.final_cell_0231,12,acinar,acinar,inDrop3
5664,human3_lib3.final_cell_0232,20,beta,beta,inDrop3
5665,human3_lib3.final_cell_0233,12,acinar,acinar,inDrop3
5666,human3_lib3.final_cell_0234,17,alpha,alpha,inDrop3
5667,human3_lib3.final_cell_0235,12,acinar,acinar,inDrop3
5668,human3_lib3.final_cell_0236,20,beta,beta,inDrop3
5669,human3_lib3.final_cell_0237,18,gamma,gamma,inDrop3
5670,human3_lib3.final_cell_0238,20,beta,beta,inDrop3
5671,human3_lib3.final_cell_0239,20,beta,beta,inDrop3
5672,human3_lib3.final_cell_0240,17,alpha,alpha,inDrop3
5673,human3_lib3.final_cell_0241,12,acinar,acinar,inDrop3
5674,human3_lib3.final_cell_0242,17,alpha,alpha,inDrop3
5675,human3_lib3.final_cell_0243,12,acinar,acinar,inDrop3
5676,human3_lib3.final_cell_0244,1,ductal,ductal,inDrop3
5677,human3_lib3.final_cell_0245,17,alpha,alpha,inDrop3
5678,human3_lib3.final_cell_0246,20,beta,beta,inDrop3
5679,human3_lib3.final_cell_0247,20,beta,beta,inDrop3
5680,human3_lib3.final_cell_0248,20,beta,beta,inDrop3
5681,human3_lib3.final_cell_0249,20,beta,beta,inDrop3
5682,human3_lib3.final_cell_0250,23,ductal,epsilon,inDrop3
5683,human3_lib3.final_cell_0251,22,beta,Unmatched_22,inDrop3
5684,human3_lib3.final_cell_0252,1,ductal,ductal,inDrop3
5685,human3_lib3.final_cell_0253,20,beta,beta,inDrop3
5686,human3_lib3.final_cell_0254,20,beta,beta,inDrop3
5687,human3_lib3.final_cell_0255,1,ductal,ductal,inDrop3
5688,human3_lib3.final_cell_0256,20,beta,beta,inDrop3
5689,human3_lib3.final_cell_0257,20,beta,beta,inDrop3
5690,human3_lib3.final_cell_0258,12,acinar,acinar,inDrop3
5691,human3_lib3.final_cell_0259,20,beta,beta,inDrop3
5692,human3_lib3.final_cell_0260,20,beta,beta,inDrop3
5693,human3_lib3.final_cell_0261,23,alpha,epsilon,inDrop3
5694,human3_lib3.final_cell_0262,12,acinar,acinar,inDrop3
5695,human3_lib3.final_cell_0263,20,beta,beta,inDrop3
5696,human3_lib3.final_cell_0264,3,delta,delta,inDrop3
5697,human3_lib3.final_cell_0265,7,activated_stellate,activated_stellate,inDrop3
5698,human3_lib3.final_cell_0266,0,acinar,endothelial,inDrop3
5699,human3_lib3.final_cell_0267,1,ductal,ductal,inDrop3
5700,human3_lib3.final_cell_0268,12,acinar,acinar,inDrop3
5701,human3_lib3.final_cell_0269,20,beta,beta,inDrop3
5702,human3_lib3.final_cell_0270,23,beta,epsilon,inDrop3
5703,human3_lib3.final_cell_0271,1,ductal,ductal,inDrop3
5704,human3_lib3.final_cell_0272,12,acinar,acinar,inDrop3
5705,human3_lib3.final_cell_0273,17,alpha,alpha,inDrop3
5706,human3_lib3.final_cell_0274,3,delta,delta,inDrop3
5707,human3_lib3.final_cell_0275,23,beta,epsilon,inDrop3
5708,human3_lib3.final_cell_0276,12,acinar,acinar,inDrop3
5709,human3_lib3.final_cell_0277,17,alpha,alpha,inDrop3
5710,human3_lib3.final_cell_0278,1,ductal,ductal,inDrop3
5711,human3_lib3.final_cell_0279,22,beta,Unmatched_22,inDrop3
5712,human3_lib3.final_cell_0280,17,alpha,alpha,inDrop3
5713,human3_lib3.final_cell_0281,17,alpha,alpha,inDrop3
5714,human3_lib3.final_cell_0282,23,beta,epsilon,inDrop3
5715,human3_lib3.final_cell_0283,7,activated_stellate,activated_stellate,inDrop3
5716,human3_lib3.final_cell_0284,12,acinar,acinar,inDrop3
5717,human3_lib3.final_cell_0285,3,delta,delta,inDrop3
5718,human3_lib3.final_cell_0286,23,beta,epsilon,inDrop3
5719,human3_lib3.final_cell_0287,17,alpha,alpha,inDrop3
5720,human3_lib3.final_cell_0288,1,ductal,ductal,inDrop3
5721,human3_lib3.final_cell_0289,12,acinar,acinar,inDrop3
5722,human3_lib3.final_cell_0290,1,ductal,ductal,inDrop3
5723,human3_lib3.final_cell_0291,17,alpha,alpha,inDrop3
5724,human3_lib3.final_cell_0292,0,endothelial,endothelial,inDrop3
5725,human3_lib3.final_cell_0293,12,acinar,acinar,inDrop3
5726,human3_lib3.final_cell_0294,23,alpha,epsilon,inDrop3
5727,human3_lib3.final_cell_0295,23,alpha,epsilon,inDrop3
5728,human3_lib3.final_cell_0296,12,acinar,acinar,inDrop3
5729,human3_lib3.final_cell_0297,22,beta,Unmatched_22,inDrop3
5730,human3_lib3.final_cell_0298,20,beta,beta,inDrop3
5731,human3_lib3.final_cell_0299,1,ductal,ductal,inDrop3
5732,human3_lib3.final_cell_0300,1,ductal,ductal,inDrop3
5733,human3_lib3.final_cell_0301,12,acinar,acinar,inDrop3
5734,human3_lib3.final_cell_0302,1,ductal,ductal,inDrop3
5735,human3_lib3.final_cell_0303,3,delta,delta,inDrop3
5736,human3_lib3.final_cell_0304,20,beta,beta,inDrop3
5737,human3_lib3.final_cell_0305,3,delta,delta,inDrop3
5738,human3_lib3.final_cell_0306,12,acinar,acinar,inDrop3
5739,human3_lib3.final_cell_0307,3,delta,delta,inDrop3
5740,human3_lib3.final_cell_0308,17,alpha,alpha,inDrop3
5741,human3_lib3.final_cell_0309,17,alpha,alpha,inDrop3
5742,human3_lib3.final_cell_0310,20,beta,beta,inDrop3
5743,human3_lib3.final_cell_0311,0,endothelial,endothelial,inDrop3
5744,human3_lib3.final_cell_0312,1,ductal,ductal,inDrop3
5745,human3_lib3.final_cell_0313,20,beta,beta,inDrop3
5746,human3_lib3.final_cell_0314,20,beta,beta,inDrop3
5747,human3_lib3.final_cell_0315,17,alpha,alpha,inDrop3
5748,human3_lib3.final_cell_0316,13,acinar,Unmatched_13,inDrop3
5749,human3_lib3.final_cell_0317,17,alpha,alpha,inDrop3
5750,human3_lib3.final_cell_0318,3,delta,delta,inDrop3
5751,human3_lib3.final_cell_0319,17,alpha,alpha,inDrop3
5752,human3_lib3.final_cell_0320,17,alpha,alpha,inDrop3
5753,human3_lib3.final_cell_0321,20,beta,beta,inDrop3
5754,human3_lib3.final_cell_0322,1,ductal,ductal,inDrop3
5755,human3_lib3.final_cell_0323,20,beta,beta,inDrop3
5756,human3_lib3.final_cell_0324,4,macrophage,macrophage,inDrop3
5757,human3_lib3.final_cell_0325,17,alpha,alpha,inDrop3
5758,human3_lib3.final_cell_0326,3,delta,delta,inDrop3
5759,human3_lib3.final_cell_0327,1,ductal,ductal,inDrop3
5760,human3_lib3.final_cell_0328,23,beta,epsilon,inDrop3
5761,human3_lib3.final_cell_0329,1,ductal,ductal,inDrop3
5762,human3_lib3.final_cell_0330,17,alpha,alpha,inDrop3
5763,human3_lib3.final_cell_0331,3,delta,delta,inDrop3
5764,human3_lib3.final_cell_0332,20,beta,beta,inDrop3
5765,human3_lib3.final_cell_0333,12,acinar,acinar,inDrop3
5766,human3_lib3.final_cell_0334,1,ductal,ductal,inDrop3
5767,human3_lib3.final_cell_0335,1,ductal,ductal,inDrop3
5768,human3_lib3.final_cell_0336,20,beta,beta,inDrop3
5769,human3_lib3.final_cell_0337,17,alpha,alpha,inDrop3
5770,human3_lib3.final_cell_0338,17,alpha,alpha,inDrop3
5771,human3_lib3.final_cell_0339,12,acinar,acinar,inDrop3
5772,human3_lib3.final_cell_0340,23,beta,epsilon,inDrop3
5773,human3_lib3.final_cell_0341,1,ductal,ductal,inDrop3
5774,human3_lib3.final_cell_0342,1,ductal,ductal,inDrop3
5775,human3_lib3.final_cell_0343,20,beta,beta,inDrop3
5776,human3_lib3.final_cell_0344,17,alpha,alpha,inDrop3
5777,human3_lib3.final_cell_0345,3,delta,delta,inDrop3
5778,human3_lib3.final_cell_0346,17,alpha,alpha,inDrop3
5779,human3_lib3.final_cell_0347,17,alpha,alpha,inDrop3
5780,human3_lib3.final_cell_0348,17,alpha,alpha,inDrop3
5781,human3_lib3.final_cell_0349,23,beta,epsilon,inDrop3
5782,human3_lib3.final_cell_0350,20,beta,beta,inDrop3
5783,human3_lib3.final_cell_0351,20,beta,beta,inDrop3
5784,human3_lib3.final_cell_0352,17,alpha,alpha,inDrop3
5785,human3_lib3.final_cell_0353,17,alpha,alpha,inDrop3
5786,human3_lib3.final_cell_0354,12,acinar,acinar,inDrop3
5787,human3_lib3.final_cell_0355,12,acinar,acinar,inDrop3
5788,human3_lib3.final_cell_0356,22,beta,Unmatched_22,inDrop3
5789,human3_lib3.final_cell_0357,17,alpha,alpha,inDrop3
5790,human3_lib3.final_cell_0358,17,alpha,alpha,inDrop3
5791,human3_lib3.final_cell_0359,23,beta,epsilon,inDrop3
5792,human3_lib3.final_cell_0360,17,alpha,alpha,inDrop3
5793,human3_lib3.final_cell_0361,12,acinar,acinar,inDrop3
5794,human3_lib3.final_cell_0362,3,delta,delta,inDrop3
5795,human3_lib3.final_cell_0363,12,acinar,acinar,inDrop3
5796,human3_lib3.final_cell_0364,20,beta,beta,inDrop3
5797,human3_lib3.final_cell_0365,17,alpha,alpha,inDrop3
5798,human3_lib3.final_cell_0366,1,ductal,ductal,inDrop3
5799,human3_lib3.final_cell_0367,20,beta,beta,inDrop3
5800,human3_lib3.final_cell_0368,17,alpha,alpha,inDrop3
5801,human3_lib3.final_cell_0369,17,alpha,alpha,inDrop3
5802,human3_lib3.final_cell_0370,17,alpha,alpha,inDrop3
5803,human3_lib3.final_cell_0371,20,beta,beta,inDrop3
5804,human3_lib3.final_cell_0372,17,alpha,alpha,inDrop3
5805,human3_lib3.final_cell_0373,18,gamma,gamma,inDrop3
5806,human3_lib3.final_cell_0374,3,delta,delta,inDrop3
5807,human3_lib3.final_cell_0375,0,endothelial,endothelial,inDrop3
5808,human3_lib3.final_cell_0376,17,alpha,alpha,inDrop3
5809,human3_lib3.final_cell_0377,20,beta,beta,inDrop3
5810,human3_lib3.final_cell_0378,17,alpha,alpha,inDrop3
5811,human3_lib3.final_cell_0379,3,delta,delta,inDrop3
5812,human3_lib3.final_cell_0380,20,beta,beta,inDrop3
5813,human3_lib3.final_cell_0381,3,delta,delta,inDrop3
5814,human3_lib3.final_cell_0382,1,ductal,ductal,inDrop3
5815,human3_lib3.final_cell_0383,23,beta,epsilon,inDrop3
5816,human3_lib3.final_cell_0384,17,alpha,alpha,inDrop3
5817,human3_lib3.final_cell_0385,12,acinar,acinar,inDrop3
5818,human3_lib3.final_cell_0386,17,alpha,alpha,inDrop3
5819,human3_lib3.final_cell_0387,20,beta,beta,inDrop3
5820,human3_lib3.final_cell_0388,1,ductal,ductal,inDrop3
5821,human3_lib3.final_cell_0389,20,beta,beta,inDrop3
5822,human3_lib3.final_cell_0390,17,alpha,alpha,inDrop3
5823,human3_lib3.final_cell_0391,20,beta,beta,inDrop3
5824,human3_lib3.final_cell_0392,1,ductal,ductal,inDrop3
5825,human3_lib3.final_cell_0393,12,acinar,acinar,inDrop3
5826,human3_lib3.final_cell_0394,17,alpha,alpha,inDrop3
5827,human3_lib3.final_cell_0395,23,beta,epsilon,inDrop3
5828,human3_lib3.final_cell_0396,12,acinar,acinar,inDrop3
5829,human3_lib3.final_cell_0397,17,alpha,alpha,inDrop3
5830,human3_lib3.final_cell_0398,17,alpha,alpha,inDrop3
5831,human3_lib3.final_cell_0399,17,alpha,alpha,inDrop3
5832,human3_lib3.final_cell_0400,17,alpha,alpha,inDrop3
5833,human3_lib3.final_cell_0401,20,beta,beta,inDrop3
5834,human3_lib3.final_cell_0402,1,ductal,ductal,inDrop3
5835,human3_lib3.final_cell_0403,20,beta,beta,inDrop3
5836,human3_lib3.final_cell_0404,17,alpha,alpha,inDrop3
5837,human3_lib3.final_cell_0405,17,alpha,alpha,inDrop3
5838,human3_lib3.final_cell_0406,12,acinar,acinar,inDrop3
5839,human3_lib3.final_cell_0407,1,ductal,ductal,inDrop3
5840,human3_lib3.final_cell_0408,20,beta,beta,inDrop3
5841,human3_lib3.final_cell_0409,1,ductal,ductal,inDrop3
5842,human3_lib3.final_cell_0410,17,alpha,alpha,inDrop3
5843,human3_lib3.final_cell_0411,23,beta,epsilon,inDrop3
5844,human3_lib3.final_cell_0412,23,beta,epsilon,inDrop3
5845,human3_lib3.final_cell_0413,4,macrophage,macrophage,inDrop3
5846,human3_lib3.final_cell_0414,23,beta,epsilon,inDrop3
5847,human3_lib3.final_cell_0415,12,acinar,acinar,inDrop3
5848,human3_lib3.final_cell_0416,23,beta,epsilon,inDrop3
5849,human3_lib3.final_cell_0417,1,ductal,ductal,inDrop3
5850,human3_lib3.final_cell_0418,20,beta,beta,inDrop3
5851,human3_lib3.final_cell_0419,23,beta,epsilon,inDrop3
5852,human3_lib3.final_cell_0420,1,ductal,ductal,inDrop3
5853,human3_lib3.final_cell_0421,23,alpha,epsilon,inDrop3
5854,human3_lib3.final_cell_0422,20,beta,beta,inDrop3
5855,human3_lib3.final_cell_0423,17,alpha,alpha,inDrop3
5856,human3_lib3.final_cell_0424,17,alpha,alpha,inDrop3
5857,human3_lib3.final_cell_0425,17,alpha,alpha,inDrop3
5858,human3_lib3.final_cell_0426,17,alpha,alpha,inDrop3
5859,human3_lib3.final_cell_0427,17,alpha,alpha,inDrop3
5860,human3_lib3.final_cell_0428,23,beta,epsilon,inDrop3
5861,human3_lib3.final_cell_0429,20,beta,beta,inDrop3
5862,human3_lib3.final_cell_0430,17,alpha,alpha,inDrop3
5863,human3_lib3.final_cell_0431,17,alpha,alpha,inDrop3
5864,human3_lib3.final_cell_0432,20,beta,beta,inDrop3
5865,human3_lib3.final_cell_0433,0,endothelial,endothelial,inDrop3
5866,human3_lib3.final_cell_0434,17,alpha,alpha,inDrop3
5867,human3_lib3.final_cell_0435,22,beta,Unmatched_22,inDrop3
5868,human3_lib3.final_cell_0436,17,alpha,alpha,inDrop3
5869,human3_lib3.final_cell_0437,1,ductal,ductal,inDrop3
5870,human3_lib3.final_cell_0438,0,endothelial,endothelial,inDrop3
5871,human3_lib3.final_cell_0439,17,alpha,alpha,inDrop3
5872,human3_lib3.final_cell_0440,12,acinar,acinar,inDrop3
5873,human3_lib3.final_cell_0441,1,ductal,ductal,inDrop3
5874,human3_lib3.final_cell_0442,7,activated_stellate,activated_stellate,inDrop3
5875,human3_lib3.final_cell_0443,17,alpha,alpha,inDrop3
5876,human3_lib3.final_cell_0444,20,beta,beta,inDrop3
5877,human3_lib3.final_cell_0445,23,beta,epsilon,inDrop3
5878,human3_lib3.final_cell_0446,17,alpha,alpha,inDrop3
5879,human3_lib3.final_cell_0447,0,endothelial,endothelial,inDrop3
5880,human3_lib3.final_cell_0448,17,alpha,alpha,inDrop3
5881,human3_lib3.final_cell_0449,1,ductal,ductal,inDrop3
5882,human3_lib3.final_cell_0450,3,delta,delta,inDrop3
5883,human3_lib3.final_cell_0451,17,alpha,alpha,inDrop3
5884,human3_lib3.final_cell_0452,17,alpha,alpha,inDrop3
5885,human3_lib3.final_cell_0453,12,acinar,acinar,inDrop3
5886,human3_lib3.final_cell_0454,1,ductal,ductal,inDrop3
5887,human3_lib3.final_cell_0455,17,alpha,alpha,inDrop3
5888,human3_lib3.final_cell_0456,23,alpha,epsilon,inDrop3
5889,human3_lib3.final_cell_0457,17,alpha,alpha,inDrop3
5890,human3_lib3.final_cell_0458,17,alpha,alpha,inDrop3
5891,human3_lib3.final_cell_0459,1,ductal,ductal,inDrop3
5892,human3_lib3.final_cell_0460,17,alpha,alpha,inDrop3
5893,human3_lib3.final_cell_0461,1,ductal,ductal,inDrop3
5894,human3_lib3.final_cell_0462,17,alpha,alpha,inDrop3
5895,human3_lib3.final_cell_0463,17,alpha,alpha,inDrop3
5896,human3_lib3.final_cell_0464,23,beta,epsilon,inDrop3
5897,human3_lib3.final_cell_0465,22,beta,Unmatched_22,inDrop3
5898,human3_lib3.final_cell_0466,20,beta,beta,inDrop3
5899,human3_lib3.final_cell_0467,12,acinar,acinar,inDrop3
5900,human3_lib3.final_cell_0468,17,alpha,alpha,inDrop3
5901,human3_lib3.final_cell_0469,17,alpha,alpha,inDrop3
5902,human3_lib3.final_cell_0470,17,alpha,alpha,inDrop3
5903,human3_lib3.final_cell_0471,1,ductal,ductal,inDrop3
5904,human3_lib3.final_cell_0472,17,alpha,alpha,inDrop3
5905,human3_lib3.final_cell_0473,12,acinar,acinar,inDrop3
5906,human3_lib3.final_cell_0474,17,alpha,alpha,inDrop3
5907,human3_lib3.final_cell_0475,20,beta,beta,inDrop3
5908,human3_lib3.final_cell_0476,23,beta,epsilon,inDrop3
5909,human3_lib3.final_cell_0477,3,delta,delta,inDrop3
5910,human3_lib3.final_cell_0478,12,acinar,acinar,inDrop3
5911,human3_lib3.final_cell_0479,17,alpha,alpha,inDrop3
5912,human3_lib3.final_cell_0480,17,alpha,alpha,inDrop3
5913,human3_lib3.final_cell_0481,20,beta,beta,inDrop3
5914,human3_lib3.final_cell_0482,17,alpha,alpha,inDrop3
5915,human3_lib3.final_cell_0483,2,acinar,quiescent_stellate,inDrop3
5916,human3_lib3.final_cell_0484,17,gamma,alpha,inDrop3
5917,human3_lib3.final_cell_0485,17,alpha,alpha,inDrop3
5918,human3_lib3.final_cell_0486,17,alpha,alpha,inDrop3
5919,human3_lib3.final_cell_0487,23,beta,epsilon,inDrop3
5920,human3_lib3.final_cell_0488,17,alpha,alpha,inDrop3
5921,human3_lib3.final_cell_0489,20,beta,beta,inDrop3
5922,human3_lib3.final_cell_0490,1,ductal,ductal,inDrop3
5923,human3_lib3.final_cell_0491,1,ductal,ductal,inDrop3
5924,human3_lib3.final_cell_0492,17,alpha,alpha,inDrop3
5925,human3_lib3.final_cell_0493,20,beta,beta,inDrop3
5926,human3_lib3.final_cell_0494,17,alpha,alpha,inDrop3
5927,human3_lib3.final_cell_0495,12,acinar,acinar,inDrop3
5928,human3_lib3.final_cell_0496,1,ductal,ductal,inDrop3
5929,human3_lib3.final_cell_0497,17,alpha,alpha,inDrop3
5930,human3_lib3.final_cell_0498,17,alpha,alpha,inDrop3
5931,human3_lib3.final_cell_0499,23,alpha,epsilon,inDrop3
5932,human3_lib3.final_cell_0500,23,alpha,epsilon,inDrop3
5933,human3_lib3.final_cell_0501,20,beta,beta,inDrop3
5934,human3_lib3.final_cell_0502,23,alpha,epsilon,inDrop3
5935,human3_lib3.final_cell_0503,23,beta,epsilon,inDrop3
5936,human3_lib3.final_cell_0504,20,beta,beta,inDrop3
5937,human3_lib3.final_cell_0505,17,alpha,alpha,inDrop3
5938,human3_lib3.final_cell_0506,17,alpha,alpha,inDrop3
5939,human3_lib3.final_cell_0507,20,beta,beta,inDrop3
5940,human3_lib3.final_cell_0508,17,alpha,alpha,inDrop3
5941,human3_lib3.final_cell_0509,17,alpha,alpha,inDrop3
5942,human3_lib3.final_cell_0510,17,alpha,alpha,inDrop3
5943,human3_lib3.final_cell_0511,23,alpha,epsilon,inDrop3
5944,human3_lib3.final_cell_0512,17,alpha,alpha,inDrop3
5945,human3_lib3.final_cell_0513,23,alpha,epsilon,inDrop3
5946,human3_lib3.final_cell_0514,21,beta,Unmatched_21,inDrop3
5947,human3_lib3.final_cell_0515,23,beta,epsilon,inDrop3
5948,human3_lib3.final_cell_0516,7,activated_stellate,activated_stellate,inDrop3
5949,human3_lib3.final_cell_0517,0,endothelial,endothelial,inDrop3
5950,human3_lib3.final_cell_0518,7,activated_stellate,activated_stellate,inDrop3
5951,human3_lib3.final_cell_0519,7,activated_stellate,activated_stellate,inDrop3
5952,human3_lib3.final_cell_0520,22,beta,Unmatched_22,inDrop3
5953,human3_lib3.final_cell_0521,1,ductal,ductal,inDrop3
5954,human3_lib3.final_cell_0522,1,ductal,ductal,inDrop3
5955,human3_lib3.final_cell_0523,7,activated_stellate,activated_stellate,inDrop3
5956,human3_lib3.final_cell_0524,1,ductal,ductal,inDrop3
5957,human3_lib3.final_cell_0525,12,acinar,acinar,inDrop3
5958,human3_lib3.final_cell_0526,9,alpha,Unmatched_9,inDrop3
5959,human3_lib3.final_cell_0527,20,beta,beta,inDrop3
5960,human3_lib3.final_cell_0528,1,ductal,ductal,inDrop3
5961,human3_lib3.final_cell_0529,23,gamma,epsilon,inDrop3
5962,human3_lib3.final_cell_0530,7,activated_stellate,activated_stellate,inDrop3
5963,human3_lib3.final_cell_0531,23,beta,epsilon,inDrop3
5964,human3_lib3.final_cell_0532,3,delta,delta,inDrop3
5965,human3_lib3.final_cell_0533,17,alpha,alpha,inDrop3
5966,human3_lib3.final_cell_0534,20,beta,beta,inDrop3
5967,human3_lib3.final_cell_0535,17,alpha,alpha,inDrop3
5968,human3_lib3.final_cell_0536,12,acinar,acinar,inDrop3
5969,human3_lib3.final_cell_0537,12,acinar,acinar,inDrop3
5970,human3_lib3.final_cell_0538,17,alpha,alpha,inDrop3
5971,human3_lib3.final_cell_0539,17,alpha,alpha,inDrop3
5972,human3_lib3.final_cell_0540,1,ductal,ductal,inDrop3
5973,human3_lib3.final_cell_0541,1,ductal,ductal,inDrop3
5974,human3_lib3.final_cell_0542,20,beta,beta,inDrop3
5975,human3_lib3.final_cell_0543,17,alpha,alpha,inDrop3
5976,human3_lib3.final_cell_0544,23,alpha,epsilon,inDrop3
5977,human3_lib3.final_cell_0545,17,alpha,alpha,inDrop3
5978,human3_lib3.final_cell_0546,1,ductal,ductal,inDrop3
5979,human3_lib3.final_cell_0547,1,ductal,ductal,inDrop3
5980,human3_lib3.final_cell_0548,17,alpha,alpha,inDrop3
5981,human3_lib3.final_cell_0549,20,beta,beta,inDrop3
5982,human3_lib3.final_cell_0550,17,alpha,alpha,inDrop3
5983,human3_lib3.final_cell_0551,12,acinar,acinar,inDrop3
5984,human3_lib3.final_cell_0552,17,alpha,alpha,inDrop3
5985,human3_lib3.final_cell_0553,20,beta,beta,inDrop3
5986,human3_lib3.final_cell_0554,7,activated_stellate,activated_stellate,inDrop3
5987,human3_lib3.final_cell_0555,20,beta,beta,inDrop3
5988,human3_lib3.final_cell_0556,20,beta,beta,inDrop3
5989,human3_lib3.final_cell_0557,17,alpha,alpha,inDrop3
5990,human3_lib3.final_cell_0558,1,ductal,ductal,inDrop3
5991,human3_lib3.final_cell_0559,17,alpha,alpha,inDrop3
5992,human3_lib3.final_cell_0560,12,acinar,acinar,inDrop3
5993,human3_lib3.final_cell_0561,17,alpha,alpha,inDrop3
5994,human3_lib3.final_cell_0562,18,gamma,gamma,inDrop3
5995,human3_lib3.final_cell_0563,3,delta,delta,inDrop3
5996,human3_lib3.final_cell_0564,7,activated_stellate,activated_stellate,inDrop3
5997,human3_lib3.final_cell_0565,17,alpha,alpha,inDrop3
5998,human3_lib3.final_cell_0566,17,alpha,alpha,inDrop3
5999,human3_lib3.final_cell_0567,23,alpha,epsilon,inDrop3
6000,human3_lib3.final_cell_0568,17,alpha,alpha,inDrop3
6001,human3_lib3.final_cell_0569,17,alpha,alpha,inDrop3
6002,human3_lib3.final_cell_0570,12,acinar,acinar,inDrop3
6003,human3_lib3.final_cell_0571,17,alpha,alpha,inDrop3
6004,human3_lib3.final_cell_0572,23,delta,epsilon,inDrop3
6005,human3_lib3.final_cell_0573,17,alpha,alpha,inDrop3
6006,human3_lib3.final_cell_0574,20,beta,beta,inDrop3
6007,human3_lib3.final_cell_0575,23,alpha,epsilon,inDrop3
6008,human3_lib3.final_cell_0576,1,ductal,ductal,inDrop3
6009,human3_lib3.final_cell_0577,17,alpha,alpha,inDrop3
6010,human3_lib3.final_cell_0578,17,alpha,alpha,inDrop3
6011,human3_lib3.final_cell_0579,20,beta,beta,inDrop3
6012,human3_lib3.final_cell_0580,17,alpha,alpha,inDrop3
6013,human3_lib3.final_cell_0581,2,quiescent_stellate,quiescent_stellate,inDrop3
6014,human3_lib3.final_cell_0582,17,alpha,alpha,inDrop3
6015,human3_lib3.final_cell_0583,23,beta,epsilon,inDrop3
6016,human3_lib3.final_cell_0584,3,delta,delta,inDrop3
6017,human3_lib3.final_cell_0585,17,alpha,alpha,inDrop3
6018,human3_lib3.final_cell_0586,12,acinar,acinar,inDrop3
6019,human3_lib3.final_cell_0587,17,alpha,alpha,inDrop3
6020,human3_lib3.final_cell_0588,1,ductal,ductal,inDrop3
6021,human3_lib3.final_cell_0589,23,beta,epsilon,inDrop3
6022,human3_lib3.final_cell_0590,17,alpha,alpha,inDrop3
6023,human3_lib3.final_cell_0591,20,beta,beta,inDrop3
6024,human3_lib3.final_cell_0592,20,beta,beta,inDrop3
6025,human3_lib3.final_cell_0593,12,acinar,acinar,inDrop3
6026,human3_lib3.final_cell_0594,20,beta,beta,inDrop3
6027,human3_lib3.final_cell_0595,17,alpha,alpha,inDrop3
6028,human3_lib3.final_cell_0596,0,endothelial,endothelial,inDrop3
6029,human3_lib3.final_cell_0597,1,ductal,ductal,inDrop3
6030,human3_lib3.final_cell_0598,17,alpha,alpha,inDrop3
6031,human3_lib3.final_cell_0599,17,alpha,alpha,inDrop3
6032,human3_lib3.final_cell_0600,23,alpha,epsilon,inDrop3
6033,human3_lib3.final_cell_0601,17,alpha,alpha,inDrop3
6034,human3_lib3.final_cell_0602,3,delta,delta,inDrop3
6035,human3_lib3.final_cell_0603,12,acinar,acinar,inDrop3
6036,human3_lib3.final_cell_0604,20,beta,beta,inDrop3
6037,human3_lib3.final_cell_0605,23,beta,epsilon,inDrop3
6038,human3_lib3.final_cell_0606,23,alpha,epsilon,inDrop3
6039,human3_lib3.final_cell_0607,12,acinar,acinar,inDrop3
6040,human3_lib3.final_cell_0608,7,activated_stellate,activated_stellate,inDrop3
6041,human3_lib3.final_cell_0609,17,alpha,alpha,inDrop3
6042,human3_lib3.final_cell_0610,12,acinar,acinar,inDrop3
6043,human3_lib3.final_cell_0611,23,alpha,epsilon,inDrop3
6044,human3_lib3.final_cell_0612,17,alpha,alpha,inDrop3
6045,human3_lib3.final_cell_0613,12,acinar,acinar,inDrop3
6046,human3_lib3.final_cell_0614,18,gamma,gamma,inDrop3
6047,human3_lib3.final_cell_0615,17,alpha,alpha,inDrop3
6048,human3_lib3.final_cell_0616,12,alpha,acinar,inDrop3
6049,human3_lib3.final_cell_0617,2,acinar,quiescent_stellate,inDrop3
6050,human3_lib3.final_cell_0618,17,alpha,alpha,inDrop3
6051,human3_lib3.final_cell_0619,17,alpha,alpha,inDrop3
6052,human3_lib3.final_cell_0620,3,alpha,delta,inDrop3
6053,human3_lib3.final_cell_0621,23,epsilon,epsilon,inDrop3
6054,human3_lib3.final_cell_0622,23,alpha,epsilon,inDrop3
6055,human3_lib3.final_cell_0623,17,alpha,alpha,inDrop3
6056,human3_lib3.final_cell_0624,17,alpha,alpha,inDrop3
6057,human3_lib3.final_cell_0625,3,delta,delta,inDrop3
6058,human3_lib3.final_cell_0626,1,ductal,ductal,inDrop3
6059,human3_lib3.final_cell_0627,17,alpha,alpha,inDrop3
6060,human3_lib3.final_cell_0628,23,ductal,epsilon,inDrop3
6061,human3_lib3.final_cell_0629,20,beta,beta,inDrop3
6062,human3_lib3.final_cell_0630,23,alpha,epsilon,inDrop3
6063,human3_lib3.final_cell_0631,17,alpha,alpha,inDrop3
6064,human3_lib3.final_cell_0632,17,alpha,alpha,inDrop3
6065,human3_lib3.final_cell_0633,17,alpha,alpha,inDrop3
6066,human3_lib3.final_cell_0634,20,beta,beta,inDrop3
6067,human3_lib3.final_cell_0635,23,alpha,epsilon,inDrop3
6068,human3_lib3.final_cell_0636,17,alpha,alpha,inDrop3
6069,human3_lib3.final_cell_0637,12,acinar,acinar,inDrop3
6070,human3_lib3.final_cell_0638,1,ductal,ductal,inDrop3
6071,human3_lib3.final_cell_0639,0,endothelial,endothelial,inDrop3
6072,human3_lib3.final_cell_0640,1,ductal,ductal,inDrop3
6073,human3_lib3.final_cell_0641,12,acinar,acinar,inDrop3
6074,human3_lib3.final_cell_0642,12,acinar,acinar,inDrop3
6075,human3_lib3.final_cell_0643,17,alpha,alpha,inDrop3
6076,human3_lib3.final_cell_0644,23,alpha,epsilon,inDrop3
6077,human3_lib3.final_cell_0645,17,alpha,alpha,inDrop3
6078,human3_lib3.final_cell_0646,12,acinar,acinar,inDrop3
6079,human3_lib3.final_cell_0647,17,alpha,alpha,inDrop3
6080,human3_lib3.final_cell_0648,17,alpha,alpha,inDrop3
6081,human3_lib3.final_cell_0649,7,activated_stellate,activated_stellate,inDrop3
6082,human3_lib3.final_cell_0650,17,alpha,alpha,inDrop3
6083,human3_lib3.final_cell_0651,1,acinar,ductal,inDrop3
6084,human3_lib3.final_cell_0652,17,alpha,alpha,inDrop3
6085,human3_lib3.final_cell_0653,20,beta,beta,inDrop3
6086,human3_lib3.final_cell_0654,1,ductal,ductal,inDrop3
6087,human3_lib3.final_cell_0655,17,alpha,alpha,inDrop3
6088,human3_lib3.final_cell_0656,20,beta,beta,inDrop3
6089,human3_lib3.final_cell_0657,17,alpha,alpha,inDrop3
6090,human3_lib3.final_cell_0658,17,alpha,alpha,inDrop3
6091,human3_lib3.final_cell_0659,17,alpha,alpha,inDrop3
6092,human3_lib3.final_cell_0660,20,beta,beta,inDrop3
6093,human3_lib3.final_cell_0661,12,acinar,acinar,inDrop3
6094,human3_lib3.final_cell_0662,17,alpha,alpha,inDrop3
6095,human3_lib3.final_cell_0663,17,alpha,alpha,inDrop3
6096,human3_lib3.final_cell_0664,12,acinar,acinar,inDrop3
6097,human3_lib3.final_cell_0665,3,delta,delta,inDrop3
6098,human3_lib3.final_cell_0666,17,alpha,alpha,inDrop3
6099,human3_lib3.final_cell_0667,17,alpha,alpha,inDrop3
6100,human3_lib3.final_cell_0668,17,alpha,alpha,inDrop3
6101,human3_lib3.final_cell_0669,7,activated_stellate,activated_stellate,inDrop3
6102,human3_lib3.final_cell_0670,23,beta,epsilon,inDrop3
6103,human3_lib3.final_cell_0671,20,beta,beta,inDrop3
6104,human3_lib3.final_cell_0672,17,alpha,alpha,inDrop3
6105,human3_lib3.final_cell_0673,3,delta,delta,inDrop3
6106,human3_lib3.final_cell_0674,1,ductal,ductal,inDrop3
6107,human3_lib3.final_cell_0675,20,beta,beta,inDrop3
6108,human3_lib3.final_cell_0676,17,alpha,alpha,inDrop3
6109,human3_lib3.final_cell_0677,1,ductal,ductal,inDrop3
6110,human3_lib3.final_cell_0678,17,alpha,alpha,inDrop3
6111,human3_lib3.final_cell_0679,17,alpha,alpha,inDrop3
6112,human3_lib3.final_cell_0680,12,acinar,acinar,inDrop3
6113,human3_lib3.final_cell_0681,23,gamma,epsilon,inDrop3
6114,human3_lib3.final_cell_0682,7,activated_stellate,activated_stellate,inDrop3
6115,human3_lib3.final_cell_0683,20,beta,beta,inDrop3
6116,human3_lib3.final_cell_0684,12,acinar,acinar,inDrop3
6117,human3_lib3.final_cell_0685,12,acinar,acinar,inDrop3
6118,human3_lib3.final_cell_0686,17,alpha,alpha,inDrop3
6119,human3_lib3.final_cell_0687,23,beta,epsilon,inDrop3
6120,human3_lib3.final_cell_0688,17,alpha,alpha,inDrop3
6121,human3_lib3.final_cell_0689,20,beta,beta,inDrop3
6122,human3_lib3.final_cell_0690,23,beta,epsilon,inDrop3
6123,human3_lib3.final_cell_0691,17,alpha,alpha,inDrop3
6124,human3_lib3.final_cell_0692,17,alpha,alpha,inDrop3
6125,human3_lib3.final_cell_0693,1,ductal,ductal,inDrop3
6126,human3_lib3.final_cell_0694,1,ductal,ductal,inDrop3
6127,human3_lib3.final_cell_0695,7,activated_stellate,activated_stellate,inDrop3
6128,human3_lib3.final_cell_0696,12,acinar,acinar,inDrop3
6129,human3_lib3.final_cell_0697,20,beta,beta,inDrop3
6130,human3_lib3.final_cell_0698,23,beta,epsilon,inDrop3
6131,human3_lib3.final_cell_0699,12,acinar,acinar,inDrop3
6132,human3_lib3.final_cell_0700,20,beta,beta,inDrop3
6133,human3_lib3.final_cell_0701,17,alpha,alpha,inDrop3
6134,human3_lib3.final_cell_0702,7,activated_stellate,activated_stellate,inDrop3
6135,human3_lib3.final_cell_0703,12,acinar,acinar,inDrop3
6136,human3_lib3.final_cell_0704,17,alpha,alpha,inDrop3
6137,human3_lib3.final_cell_0705,1,ductal,ductal,inDrop3
6138,human3_lib3.final_cell_0706,20,beta,beta,inDrop3
6139,human3_lib3.final_cell_0707,17,alpha,alpha,inDrop3
6140,human3_lib3.final_cell_0708,17,alpha,alpha,inDrop3
6141,human3_lib3.final_cell_0709,20,beta,beta,inDrop3
6142,human3_lib3.final_cell_0710,17,alpha,alpha,inDrop3
6143,human3_lib3.final_cell_0711,17,alpha,alpha,inDrop3
6144,human3_lib3.final_cell_0712,12,acinar,acinar,inDrop3
6145,human3_lib3.final_cell_0713,17,alpha,alpha,inDrop3
6146,human3_lib3.final_cell_0714,17,alpha,alpha,inDrop3
6147,human3_lib3.final_cell_0715,17,alpha,alpha,inDrop3
6148,human3_lib3.final_cell_0716,23,beta,epsilon,inDrop3
6149,human3_lib3.final_cell_0717,17,alpha,alpha,inDrop3
6150,human3_lib3.final_cell_0718,23,beta,epsilon,inDrop3
6151,human3_lib3.final_cell_0719,1,ductal,ductal,inDrop3
6152,human3_lib3.final_cell_0720,17,alpha,alpha,inDrop3
6153,human3_lib3.final_cell_0721,17,alpha,alpha,inDrop3
6154,human3_lib3.final_cell_0722,1,ductal,ductal,inDrop3
6155,human3_lib3.final_cell_0723,12,acinar,acinar,inDrop3
6156,human3_lib3.final_cell_0724,1,ductal,ductal,inDrop3
6157,human3_lib3.final_cell_0725,12,acinar,acinar,inDrop3
6158,human3_lib3.final_cell_0726,12,acinar,acinar,inDrop3
6159,human3_lib3.final_cell_0727,20,beta,beta,inDrop3
6160,human3_lib3.final_cell_0728,12,acinar,acinar,inDrop3
6161,human3_lib3.final_cell_0729,12,alpha,acinar,inDrop3
6162,human3_lib3.final_cell_0730,17,alpha,alpha,inDrop3
6163,human3_lib3.final_cell_0731,1,ductal,ductal,inDrop3
6164,human3_lib3.final_cell_0732,17,alpha,alpha,inDrop3
6165,human3_lib3.final_cell_0733,17,alpha,alpha,inDrop3
6166,human3_lib3.final_cell_0734,7,activated_stellate,activated_stellate,inDrop3
6167,human3_lib3.final_cell_0735,12,acinar,acinar,inDrop3
6168,human3_lib3.final_cell_0736,12,acinar,acinar,inDrop3
6169,human3_lib3.final_cell_0737,17,alpha,alpha,inDrop3
6170,human3_lib3.final_cell_0738,12,acinar,acinar,inDrop3
6171,human3_lib3.final_cell_0739,17,alpha,alpha,inDrop3
6172,human3_lib3.final_cell_0740,17,alpha,alpha,inDrop3
6173,human3_lib3.final_cell_0741,12,beta,acinar,inDrop3
6174,human3_lib3.final_cell_0742,17,alpha,alpha,inDrop3
6175,human3_lib3.final_cell_0743,1,ductal,ductal,inDrop3
6176,human3_lib3.final_cell_0744,0,endothelial,endothelial,inDrop3
6177,human3_lib3.final_cell_0745,23,acinar,epsilon,inDrop3
6178,human3_lib3.final_cell_0746,17,alpha,alpha,inDrop3
6179,human3_lib3.final_cell_0747,1,ductal,ductal,inDrop3
6180,human3_lib3.final_cell_0748,1,ductal,ductal,inDrop3
6181,human3_lib3.final_cell_0749,1,ductal,ductal,inDrop3
6182,human3_lib3.final_cell_0750,17,alpha,alpha,inDrop3
6183,human3_lib3.final_cell_0751,17,alpha,alpha,inDrop3
6184,human3_lib3.final_cell_0752,17,alpha,alpha,inDrop3
6185,human3_lib3.final_cell_0753,4,macrophage,macrophage,inDrop3
6186,human3_lib3.final_cell_0754,1,ductal,ductal,inDrop3
6187,human3_lib3.final_cell_0755,17,alpha,alpha,inDrop3
6188,human3_lib3.final_cell_0756,23,alpha,epsilon,inDrop3
6189,human3_lib3.final_cell_0757,17,alpha,alpha,inDrop3
6190,human3_lib3.final_cell_0758,17,alpha,alpha,inDrop3
6191,human3_lib3.final_cell_0759,7,activated_stellate,activated_stellate,inDrop3
6192,human3_lib3.final_cell_0760,23,alpha,epsilon,inDrop3
6193,human3_lib3.final_cell_0761,17,alpha,alpha,inDrop3
6194,human3_lib3.final_cell_0762,1,ductal,ductal,inDrop3
6195,human3_lib3.final_cell_0763,17,alpha,alpha,inDrop3
6196,human3_lib3.final_cell_0764,17,alpha,alpha,inDrop3
6197,human3_lib3.final_cell_0765,17,alpha,alpha,inDrop3
6198,human3_lib3.final_cell_0766,1,ductal,ductal,inDrop3
6199,human3_lib3.final_cell_0767,17,alpha,alpha,inDrop3
6200,human3_lib3.final_cell_0768,17,alpha,alpha,inDrop3
6201,human3_lib3.final_cell_0769,17,alpha,alpha,inDrop3
6202,human3_lib3.final_cell_0770,23,alpha,epsilon,inDrop3
6203,human3_lib3.final_cell_0771,17,alpha,alpha,inDrop3
6204,human3_lib3.final_cell_0772,17,alpha,alpha,inDrop3
6205,human3_lib3.final_cell_0773,17,alpha,alpha,inDrop3
6206,human3_lib3.final_cell_0774,0,endothelial,endothelial,inDrop3
6207,human3_lib3.final_cell_0775,22,beta,Unmatched_22,inDrop3
6208,human3_lib3.final_cell_0776,23,beta,epsilon,inDrop3
6209,human3_lib3.final_cell_0777,1,ductal,ductal,inDrop3
6210,human3_lib3.final_cell_0778,23,beta,epsilon,inDrop3
6211,human3_lib3.final_cell_0779,17,alpha,alpha,inDrop3
6212,human3_lib3.final_cell_0780,23,beta,epsilon,inDrop3
6213,human3_lib3.final_cell_0781,3,delta,delta,inDrop3
6214,human3_lib3.final_cell_0782,12,acinar,acinar,inDrop3
6215,human3_lib3.final_cell_0783,17,alpha,alpha,inDrop3
6216,human3_lib3.final_cell_0784,12,acinar,acinar,inDrop3
6217,human3_lib3.final_cell_0785,1,ductal,ductal,inDrop3
6218,human3_lib3.final_cell_0786,20,beta,beta,inDrop3
6219,human3_lib3.final_cell_0787,1,ductal,ductal,inDrop3
6220,human3_lib3.final_cell_0788,18,gamma,gamma,inDrop3
6221,human3_lib3.final_cell_0789,12,acinar,acinar,inDrop3
6222,human3_lib3.final_cell_0790,20,beta,beta,inDrop3
6223,human3_lib3.final_cell_0791,17,alpha,alpha,inDrop3
6224,human3_lib3.final_cell_0792,23,alpha,epsilon,inDrop3
6225,human3_lib3.final_cell_0793,20,beta,beta,inDrop3
6226,human3_lib3.final_cell_0794,20,beta,beta,inDrop3
6227,human3_lib3.final_cell_0795,12,acinar,acinar,inDrop3
6228,human3_lib3.final_cell_0796,17,alpha,alpha,inDrop3
6229,human3_lib3.final_cell_0797,17,alpha,alpha,inDrop3
6230,human3_lib3.final_cell_0798,17,alpha,alpha,inDrop3
6231,human3_lib3.final_cell_0799,23,alpha,epsilon,inDrop3
6232,human3_lib3.final_cell_0800,3,delta,delta,inDrop3
6233,human3_lib3.final_cell_0801,17,alpha,alpha,inDrop3
6234,human3_lib3.final_cell_0802,5,mast,mast,inDrop3
6235,human3_lib3.final_cell_0803,12,acinar,acinar,inDrop3
6236,human3_lib3.final_cell_0804,17,alpha,alpha,inDrop3
6237,human3_lib3.final_cell_0805,17,alpha,alpha,inDrop3
6238,human3_lib3.final_cell_0806,7,activated_stellate,activated_stellate,inDrop3
6239,human3_lib3.final_cell_0807,0,endothelial,endothelial,inDrop3
6240,human3_lib3.final_cell_0808,20,beta,beta,inDrop3
6241,human3_lib3.final_cell_0809,12,acinar,acinar,inDrop3
6242,human3_lib3.final_cell_0810,3,delta,delta,inDrop3
6243,human3_lib3.final_cell_0811,20,beta,beta,inDrop3
6244,human3_lib3.final_cell_0812,17,alpha,alpha,inDrop3
6245,human3_lib3.final_cell_0813,17,alpha,alpha,inDrop3
6246,human3_lib3.final_cell_0814,17,alpha,alpha,inDrop3
6247,human3_lib3.final_cell_0815,20,beta,beta,inDrop3
6248,human3_lib3.final_cell_0816,0,endothelial,endothelial,inDrop3
6249,human3_lib3.final_cell_0817,23,alpha,epsilon,inDrop3
6250,human3_lib3.final_cell_0818,12,acinar,acinar,inDrop3
6251,human3_lib3.final_cell_0819,5,mast,mast,inDrop3
6252,human3_lib3.final_cell_0820,1,ductal,ductal,inDrop3
6253,human3_lib3.final_cell_0821,17,alpha,alpha,inDrop3
6254,human3_lib3.final_cell_0822,0,endothelial,endothelial,inDrop3
6255,human3_lib3.final_cell_0823,1,ductal,ductal,inDrop3
6256,human3_lib3.final_cell_0824,17,alpha,alpha,inDrop3
6257,human3_lib3.final_cell_0825,17,alpha,alpha,inDrop3
6258,human3_lib3.final_cell_0826,17,alpha,alpha,inDrop3
6259,human3_lib3.final_cell_0827,17,alpha,alpha,inDrop3
6260,human3_lib3.final_cell_0828,17,alpha,alpha,inDrop3
6261,human3_lib3.final_cell_0829,3,delta,delta,inDrop3
6262,human3_lib3.final_cell_0830,2,quiescent_stellate,quiescent_stellate,inDrop3
6263,human3_lib3.final_cell_0831,17,alpha,alpha,inDrop3
6264,human3_lib3.final_cell_0832,20,beta,beta,inDrop3
6265,human3_lib3.final_cell_0833,1,ductal,ductal,inDrop3
6266,human3_lib3.final_cell_0834,17,alpha,alpha,inDrop3
6267,human3_lib3.final_cell_0835,0,endothelial,endothelial,inDrop3
6268,human3_lib3.final_cell_0836,17,alpha,alpha,inDrop3
6269,human3_lib3.final_cell_0837,17,alpha,alpha,inDrop3
6270,human3_lib3.final_cell_0838,17,alpha,alpha,inDrop3
6271,human3_lib3.final_cell_0839,17,alpha,alpha,inDrop3
6272,human3_lib3.final_cell_0840,12,acinar,acinar,inDrop3
6273,human3_lib3.final_cell_0841,0,endothelial,endothelial,inDrop3
6274,human3_lib3.final_cell_0842,1,ductal,ductal,inDrop3
6275,human3_lib3.final_cell_0843,23,alpha,epsilon,inDrop3
6276,human3_lib3.final_cell_0844,20,beta,beta,inDrop3
6277,human3_lib3.final_cell_0845,20,beta,beta,inDrop3
6278,human3_lib3.final_cell_0846,17,alpha,alpha,inDrop3
6279,human3_lib3.final_cell_0847,23,beta,epsilon,inDrop3
6280,human3_lib3.final_cell_0848,17,alpha,alpha,inDrop3
6281,human3_lib3.final_cell_0849,20,beta,beta,inDrop3
6282,human3_lib3.final_cell_0850,20,beta,beta,inDrop3
6283,human3_lib3.final_cell_0851,12,acinar,acinar,inDrop3
6284,human3_lib3.final_cell_0852,23,beta,epsilon,inDrop3
6285,human3_lib3.final_cell_0853,20,beta,beta,inDrop3
6286,human3_lib3.final_cell_0854,20,beta,beta,inDrop3
6287,human3_lib3.final_cell_0855,4,macrophage,macrophage,inDrop3
6288,human3_lib3.final_cell_0856,2,quiescent_stellate,quiescent_stellate,inDrop3
6289,human3_lib3.final_cell_0857,17,alpha,alpha,inDrop3
6290,human3_lib3.final_cell_0858,1,ductal,ductal,inDrop3
6291,human3_lib3.final_cell_0859,1,ductal,ductal,inDrop3
6292,human3_lib3.final_cell_0860,0,endothelial,endothelial,inDrop3
6293,human3_lib3.final_cell_0861,20,beta,beta,inDrop3
6294,human3_lib3.final_cell_0862,2,quiescent_stellate,quiescent_stellate,inDrop3
6295,human3_lib3.final_cell_0863,0,endothelial,endothelial,inDrop3
6296,human3_lib3.final_cell_0864,17,alpha,alpha,inDrop3
6297,human3_lib3.final_cell_0865,23,alpha,epsilon,inDrop3
6298,human3_lib3.final_cell_0866,4,t_cell,macrophage,inDrop3
6299,human3_lib3.final_cell_0867,23,alpha,epsilon,inDrop3
6300,human3_lib3.final_cell_0868,17,alpha,alpha,inDrop3
6301,human3_lib3.final_cell_0869,23,beta,epsilon,inDrop3
6302,human3_lib3.final_cell_0870,23,beta,epsilon,inDrop3
6303,human3_lib3.final_cell_0871,23,beta,epsilon,inDrop3
6304,human3_lib3.final_cell_0872,23,beta,epsilon,inDrop3
6305,human3_lib3.final_cell_0873,20,beta,beta,inDrop3
6306,human3_lib3.final_cell_0874,17,alpha,alpha,inDrop3
6307,human3_lib3.final_cell_0875,17,alpha,alpha,inDrop3
6308,human3_lib3.final_cell_0876,12,acinar,acinar,inDrop3
6309,human3_lib3.final_cell_0877,23,beta,epsilon,inDrop3
6310,human3_lib3.final_cell_0878,20,beta,beta,inDrop3
6311,human3_lib3.final_cell_0879,23,beta,epsilon,inDrop3
6312,human3_lib3.final_cell_0880,2,quiescent_stellate,quiescent_stellate,inDrop3
6313,human3_lib3.final_cell_0881,3,delta,delta,inDrop3
6314,human3_lib3.final_cell_0882,0,endothelial,endothelial,inDrop3
6315,human3_lib3.final_cell_0883,4,macrophage,macrophage,inDrop3
6316,human3_lib3.final_cell_0884,1,ductal,ductal,inDrop3
6317,human3_lib3.final_cell_0885,5,mast,mast,inDrop3
6318,human3_lib3.final_cell_0886,23,alpha,epsilon,inDrop3
6319,human3_lib3.final_cell_0887,12,acinar,acinar,inDrop3
6320,human3_lib3.final_cell_0888,23,beta,epsilon,inDrop3
6321,human3_lib3.final_cell_0889,0,endothelial,endothelial,inDrop3
6322,human3_lib3.final_cell_0890,2,quiescent_stellate,quiescent_stellate,inDrop3
6323,human3_lib3.final_cell_0891,17,alpha,alpha,inDrop3
6324,human3_lib3.final_cell_0892,23,beta,epsilon,inDrop3
6325,human3_lib3.final_cell_0893,23,beta,epsilon,inDrop3
6326,human3_lib3.final_cell_0894,2,quiescent_stellate,quiescent_stellate,inDrop3
6327,human3_lib3.final_cell_0895,2,acinar,quiescent_stellate,inDrop3
6328,human3_lib3.final_cell_0896,23,t_cell,epsilon,inDrop3
6329,human3_lib3.final_cell_0897,23,beta,epsilon,inDrop3
6330,human3_lib3.final_cell_0898,0,endothelial,endothelial,inDrop3
6331,human3_lib3.final_cell_0899,23,beta,epsilon,inDrop3
6332,human3_lib3.final_cell_0900,20,beta,beta,inDrop3
6333,human3_lib3.final_cell_0901,2,quiescent_stellate,quiescent_stellate,inDrop3
6334,human3_lib3.final_cell_0902,3,delta,delta,inDrop3
6335,human3_lib3.final_cell_0903,20,beta,beta,inDrop3
6336,human3_lib3.final_cell_0904,0,endothelial,endothelial,inDrop3
6337,human3_lib3.final_cell_0905,20,beta,beta,inDrop3
6338,human3_lib3.final_cell_0906,20,beta,beta,inDrop3
6339,human3_lib3.final_cell_0907,3,delta,delta,inDrop3
6340,human3_lib3.final_cell_0908,4,macrophage,macrophage,inDrop3
6341,human3_lib3.final_cell_0909,20,beta,beta,inDrop3
6342,human3_lib3.final_cell_0910,20,beta,beta,inDrop3
6343,human3_lib3.final_cell_0911,20,beta,beta,inDrop3
6344,human3_lib3.final_cell_0912,20,beta,beta,inDrop3
6345,human3_lib3.final_cell_0913,0,endothelial,endothelial,inDrop3
6346,human3_lib3.final_cell_0914,20,beta,beta,inDrop3
6347,human3_lib3.final_cell_0915,7,activated_stellate,activated_stellate,inDrop3
6348,human3_lib3.final_cell_0916,23,beta,epsilon,inDrop3
6349,human3_lib3.final_cell_0917,23,alpha,epsilon,inDrop3
6350,human3_lib3.final_cell_0918,23,beta,epsilon,inDrop3
6351,human3_lib3.final_cell_0919,0,endothelial,endothelial,inDrop3
6352,human3_lib3.final_cell_0920,2,quiescent_stellate,quiescent_stellate,inDrop3
6353,human3_lib3.final_cell_0921,1,ductal,ductal,inDrop3
6354,human3_lib3.final_cell_0922,0,endothelial,endothelial,inDrop3
6355,human3_lib3.final_cell_0923,0,endothelial,endothelial,inDrop3
6356,human3_lib3.final_cell_0924,23,beta,epsilon,inDrop3
6357,human3_lib3.final_cell_0925,0,endothelial,endothelial,inDrop3
6358,human3_lib3.final_cell_0926,23,beta,epsilon,inDrop3
6359,human3_lib3.final_cell_0927,20,beta,beta,inDrop3
6360,human3_lib3.final_cell_0928,23,alpha,epsilon,inDrop3
6361,human3_lib3.final_cell_0929,20,beta,beta,inDrop3
6362,human3_lib3.final_cell_0930,23,beta,epsilon,inDrop3
6363,human3_lib3.final_cell_0931,0,endothelial,endothelial,inDrop3
6364,human3_lib3.final_cell_0932,22,beta,Unmatched_22,inDrop3
6365,human3_lib3.final_cell_0933,0,endothelial,endothelial,inDrop3
6366,human3_lib3.final_cell_0934,20,beta,beta,inDrop3
6367,human3_lib4.final_cell_0001,12,acinar,acinar,inDrop3
6368,human3_lib4.final_cell_0002,12,acinar,acinar,inDrop3
6369,human3_lib4.final_cell_0003,12,acinar,acinar,inDrop3
6370,human3_lib4.final_cell_0004,12,acinar,acinar,inDrop3
6371,human3_lib4.final_cell_0005,12,acinar,acinar,inDrop3
6372,human3_lib4.final_cell_0006,12,acinar,acinar,inDrop3
6373,human3_lib4.final_cell_0007,12,acinar,acinar,inDrop3
6374,human3_lib4.final_cell_0008,12,acinar,acinar,inDrop3
6375,human3_lib4.final_cell_0009,12,acinar,acinar,inDrop3
6376,human3_lib4.final_cell_0010,12,acinar,acinar,inDrop3
6377,human3_lib4.final_cell_0011,12,acinar,acinar,inDrop3
6378,human3_lib4.final_cell_0012,12,acinar,acinar,inDrop3
6379,human3_lib4.final_cell_0013,12,acinar,acinar,inDrop3
6380,human3_lib4.final_cell_0014,12,acinar,acinar,inDrop3
6381,human3_lib4.final_cell_0015,12,acinar,acinar,inDrop3
6382,human3_lib4.final_cell_0016,12,acinar,acinar,inDrop3
6383,human3_lib4.final_cell_0017,12,acinar,acinar,inDrop3
6384,human3_lib4.final_cell_0018,12,acinar,acinar,inDrop3
6385,human3_lib4.final_cell_0019,12,acinar,acinar,inDrop3
6386,human3_lib4.final_cell_0020,12,acinar,acinar,inDrop3
6387,human3_lib4.final_cell_0021,12,acinar,acinar,inDrop3
6388,human3_lib4.final_cell_0022,12,acinar,acinar,inDrop3
6389,human3_lib4.final_cell_0023,12,acinar,acinar,inDrop3
6390,human3_lib4.final_cell_0024,12,acinar,acinar,inDrop3
6391,human3_lib4.final_cell_0025,12,acinar,acinar,inDrop3
6392,human3_lib4.final_cell_0026,12,acinar,acinar,inDrop3
6393,human3_lib4.final_cell_0027,12,acinar,acinar,inDrop3
6394,human3_lib4.final_cell_0028,12,acinar,acinar,inDrop3
6395,human3_lib4.final_cell_0029,12,acinar,acinar,inDrop3
6396,human3_lib4.final_cell_0030,3,delta,delta,inDrop3
6397,human3_lib4.final_cell_0031,12,acinar,acinar,inDrop3
6398,human3_lib4.final_cell_0032,12,acinar,acinar,inDrop3
6399,human3_lib4.final_cell_0033,12,acinar,acinar,inDrop3
6400,human3_lib4.final_cell_0034,12,acinar,acinar,inDrop3
6401,human3_lib4.final_cell_0035,12,acinar,acinar,inDrop3
6402,human3_lib4.final_cell_0036,12,acinar,acinar,inDrop3
6403,human3_lib4.final_cell_0037,12,acinar,acinar,inDrop3
6404,human3_lib4.final_cell_0038,12,acinar,acinar,inDrop3
6405,human3_lib4.final_cell_0039,12,acinar,acinar,inDrop3
6406,human3_lib4.final_cell_0040,23,beta,epsilon,inDrop3
6407,human3_lib4.final_cell_0041,12,acinar,acinar,inDrop3
6408,human3_lib4.final_cell_0042,20,beta,beta,inDrop3
6409,human3_lib4.final_cell_0043,12,acinar,acinar,inDrop3
6410,human3_lib4.final_cell_0044,12,acinar,acinar,inDrop3
6411,human3_lib4.final_cell_0045,17,alpha,alpha,inDrop3
6412,human3_lib4.final_cell_0046,12,acinar,acinar,inDrop3
6413,human3_lib4.final_cell_0047,3,delta,delta,inDrop3
6414,human3_lib4.final_cell_0048,12,acinar,acinar,inDrop3
6415,human3_lib4.final_cell_0049,12,acinar,acinar,inDrop3
6416,human3_lib4.final_cell_0050,3,delta,delta,inDrop3
6417,human3_lib4.final_cell_0051,12,acinar,acinar,inDrop3
6418,human3_lib4.final_cell_0052,1,ductal,ductal,inDrop3
6419,human3_lib4.final_cell_0053,12,acinar,acinar,inDrop3
6420,human3_lib4.final_cell_0054,12,acinar,acinar,inDrop3
6421,human3_lib4.final_cell_0055,12,acinar,acinar,inDrop3
6422,human3_lib4.final_cell_0056,12,acinar,acinar,inDrop3
6423,human3_lib4.final_cell_0057,12,acinar,acinar,inDrop3
6424,human3_lib4.final_cell_0058,20,beta,beta,inDrop3
6425,human3_lib4.final_cell_0059,12,acinar,acinar,inDrop3
6426,human3_lib4.final_cell_0060,12,acinar,acinar,inDrop3
6427,human3_lib4.final_cell_0061,12,acinar,acinar,inDrop3
6428,human3_lib4.final_cell_0062,12,acinar,acinar,inDrop3
6429,human3_lib4.final_cell_0063,12,acinar,acinar,inDrop3
6430,human3_lib4.final_cell_0064,12,acinar,acinar,inDrop3
6431,human3_lib4.final_cell_0065,12,acinar,acinar,inDrop3
6432,human3_lib4.final_cell_0066,12,acinar,acinar,inDrop3
6433,human3_lib4.final_cell_0067,3,delta,delta,inDrop3
6434,human3_lib4.final_cell_0068,12,acinar,acinar,inDrop3
6435,human3_lib4.final_cell_0069,13,acinar,Unmatched_13,inDrop3
6436,human3_lib4.final_cell_0070,12,acinar,acinar,inDrop3
6437,human3_lib4.final_cell_0071,20,beta,beta,inDrop3
6438,human3_lib4.final_cell_0072,12,acinar,acinar,inDrop3
6439,human3_lib4.final_cell_0073,12,acinar,acinar,inDrop3
6440,human3_lib4.final_cell_0074,12,acinar,acinar,inDrop3
6441,human3_lib4.final_cell_0075,12,acinar,acinar,inDrop3
6442,human3_lib4.final_cell_0076,12,acinar,acinar,inDrop3
6443,human3_lib4.final_cell_0077,12,acinar,acinar,inDrop3
6444,human3_lib4.final_cell_0078,12,acinar,acinar,inDrop3
6445,human3_lib4.final_cell_0079,1,ductal,ductal,inDrop3
6446,human3_lib4.final_cell_0080,12,acinar,acinar,inDrop3
6447,human3_lib4.final_cell_0081,12,acinar,acinar,inDrop3
6448,human3_lib4.final_cell_0082,3,delta,delta,inDrop3
6449,human3_lib4.final_cell_0083,12,acinar,acinar,inDrop3
6450,human3_lib4.final_cell_0084,17,alpha,alpha,inDrop3
6451,human3_lib4.final_cell_0085,1,ductal,ductal,inDrop3
6452,human3_lib4.final_cell_0086,12,acinar,acinar,inDrop3
6453,human3_lib4.final_cell_0087,12,acinar,acinar,inDrop3
6454,human3_lib4.final_cell_0088,12,acinar,acinar,inDrop3
6455,human3_lib4.final_cell_0089,17,alpha,alpha,inDrop3
6456,human3_lib4.final_cell_0090,12,acinar,acinar,inDrop3
6457,human3_lib4.final_cell_0091,12,acinar,acinar,inDrop3
6458,human3_lib4.final_cell_0092,20,beta,beta,inDrop3
6459,human3_lib4.final_cell_0093,12,acinar,acinar,inDrop3
6460,human3_lib4.final_cell_0094,20,beta,beta,inDrop3
6461,human3_lib4.final_cell_0095,20,beta,beta,inDrop3
6462,human3_lib4.final_cell_0096,20,beta,beta,inDrop3
6463,human3_lib4.final_cell_0097,20,beta,beta,inDrop3
6464,human3_lib4.final_cell_0098,20,beta,beta,inDrop3
6465,human3_lib4.final_cell_0099,3,delta,delta,inDrop3
6466,human3_lib4.final_cell_0100,1,ductal,ductal,inDrop3
6467,human3_lib4.final_cell_0101,12,acinar,acinar,inDrop3
6468,human3_lib4.final_cell_0102,12,acinar,acinar,inDrop3
6469,human3_lib4.final_cell_0103,12,acinar,acinar,inDrop3
6470,human3_lib4.final_cell_0104,3,delta,delta,inDrop3
6471,human3_lib4.final_cell_0105,20,beta,beta,inDrop3
6472,human3_lib4.final_cell_0106,12,acinar,acinar,inDrop3
6473,human3_lib4.final_cell_0107,17,alpha,alpha,inDrop3
6474,human3_lib4.final_cell_0108,12,acinar,acinar,inDrop3
6475,human3_lib4.final_cell_0109,12,acinar,acinar,inDrop3
6476,human3_lib4.final_cell_0110,12,acinar,acinar,inDrop3
6477,human3_lib4.final_cell_0111,12,acinar,acinar,inDrop3
6478,human3_lib4.final_cell_0112,20,beta,beta,inDrop3
6479,human3_lib4.final_cell_0113,12,acinar,acinar,inDrop3
6480,human3_lib4.final_cell_0114,12,acinar,acinar,inDrop3
6481,human3_lib4.final_cell_0115,12,acinar,acinar,inDrop3
6482,human3_lib4.final_cell_0116,17,alpha,alpha,inDrop3
6483,human3_lib4.final_cell_0117,22,beta,Unmatched_22,inDrop3
6484,human3_lib4.final_cell_0118,3,delta,delta,inDrop3
6485,human3_lib4.final_cell_0119,7,activated_stellate,activated_stellate,inDrop3
6486,human3_lib4.final_cell_0120,12,acinar,acinar,inDrop3
6487,human3_lib4.final_cell_0121,1,ductal,ductal,inDrop3
6488,human3_lib4.final_cell_0122,12,acinar,acinar,inDrop3
6489,human3_lib4.final_cell_0123,12,acinar,acinar,inDrop3
6490,human3_lib4.final_cell_0124,20,beta,beta,inDrop3
6491,human3_lib4.final_cell_0125,12,acinar,acinar,inDrop3
6492,human3_lib4.final_cell_0126,12,acinar,acinar,inDrop3
6493,human3_lib4.final_cell_0127,12,acinar,acinar,inDrop3
6494,human3_lib4.final_cell_0128,12,acinar,acinar,inDrop3
6495,human3_lib4.final_cell_0129,12,acinar,acinar,inDrop3
6496,human3_lib4.final_cell_0130,3,delta,delta,inDrop3
6497,human3_lib4.final_cell_0131,12,acinar,acinar,inDrop3
6498,human3_lib4.final_cell_0132,20,beta,beta,inDrop3
6499,human3_lib4.final_cell_0133,12,acinar,acinar,inDrop3
6500,human3_lib4.final_cell_0134,20,beta,beta,inDrop3
6501,human3_lib4.final_cell_0135,12,acinar,acinar,inDrop3
6502,human3_lib4.final_cell_0136,20,beta,beta,inDrop3
6503,human3_lib4.final_cell_0137,12,acinar,acinar,inDrop3
6504,human3_lib4.final_cell_0138,20,beta,beta,inDrop3
6505,human3_lib4.final_cell_0139,12,acinar,acinar,inDrop3
6506,human3_lib4.final_cell_0140,20,beta,beta,inDrop3
6507,human3_lib4.final_cell_0141,20,beta,beta,inDrop3
6508,human3_lib4.final_cell_0142,12,acinar,acinar,inDrop3
6509,human3_lib4.final_cell_0143,12,acinar,acinar,inDrop3
6510,human3_lib4.final_cell_0144,3,delta,delta,inDrop3
6511,human3_lib4.final_cell_0145,1,ductal,ductal,inDrop3
6512,human3_lib4.final_cell_0146,12,acinar,acinar,inDrop3
6513,human3_lib4.final_cell_0147,12,acinar,acinar,inDrop3
6514,human3_lib4.final_cell_0148,12,acinar,acinar,inDrop3
6515,human3_lib4.final_cell_0149,12,acinar,acinar,inDrop3
6516,human3_lib4.final_cell_0150,1,ductal,ductal,inDrop3
6517,human3_lib4.final_cell_0151,17,alpha,alpha,inDrop3
6518,human3_lib4.final_cell_0152,17,alpha,alpha,inDrop3
6519,human3_lib4.final_cell_0153,17,alpha,alpha,inDrop3
6520,human3_lib4.final_cell_0154,17,alpha,alpha,inDrop3
6521,human3_lib4.final_cell_0155,12,acinar,acinar,inDrop3
6522,human3_lib4.final_cell_0156,17,alpha,alpha,inDrop3
6523,human3_lib4.final_cell_0157,12,acinar,acinar,inDrop3
6524,human3_lib4.final_cell_0158,3,delta,delta,inDrop3
6525,human3_lib4.final_cell_0159,20,beta,beta,inDrop3
6526,human3_lib4.final_cell_0160,17,alpha,alpha,inDrop3
6527,human3_lib4.final_cell_0161,20,beta,beta,inDrop3
6528,human3_lib4.final_cell_0162,23,beta,epsilon,inDrop3
6529,human3_lib4.final_cell_0163,20,beta,beta,inDrop3
6530,human3_lib4.final_cell_0164,12,acinar,acinar,inDrop3
6531,human3_lib4.final_cell_0165,12,acinar,acinar,inDrop3
6532,human3_lib4.final_cell_0166,17,alpha,alpha,inDrop3
6533,human3_lib4.final_cell_0167,1,ductal,ductal,inDrop3
6534,human3_lib4.final_cell_0168,17,alpha,alpha,inDrop3
6535,human3_lib4.final_cell_0169,20,beta,beta,inDrop3
6536,human3_lib4.final_cell_0170,12,acinar,acinar,inDrop3
6537,human3_lib4.final_cell_0171,12,acinar,acinar,inDrop3
6538,human3_lib4.final_cell_0172,17,alpha,alpha,inDrop3
6539,human3_lib4.final_cell_0173,23,acinar,epsilon,inDrop3
6540,human3_lib4.final_cell_0174,1,ductal,ductal,inDrop3
6541,human3_lib4.final_cell_0175,12,acinar,acinar,inDrop3
6542,human3_lib4.final_cell_0176,12,acinar,acinar,inDrop3
6543,human3_lib4.final_cell_0177,23,acinar,epsilon,inDrop3
6544,human3_lib4.final_cell_0178,1,ductal,ductal,inDrop3
6545,human3_lib4.final_cell_0179,12,acinar,acinar,inDrop3
6546,human3_lib4.final_cell_0180,3,delta,delta,inDrop3
6547,human3_lib4.final_cell_0181,1,ductal,ductal,inDrop3
6548,human3_lib4.final_cell_0182,12,acinar,acinar,inDrop3
6549,human3_lib4.final_cell_0183,3,delta,delta,inDrop3
6550,human3_lib4.final_cell_0184,2,acinar,quiescent_stellate,inDrop3
6551,human3_lib4.final_cell_0185,17,alpha,alpha,inDrop3
6552,human3_lib4.final_cell_0186,17,alpha,alpha,inDrop3
6553,human3_lib4.final_cell_0187,12,acinar,acinar,inDrop3
6554,human3_lib4.final_cell_0188,3,beta,delta,inDrop3
6555,human3_lib4.final_cell_0189,17,alpha,alpha,inDrop3
6556,human3_lib4.final_cell_0190,12,acinar,acinar,inDrop3
6557,human3_lib4.final_cell_0191,1,ductal,ductal,inDrop3
6558,human3_lib4.final_cell_0192,3,delta,delta,inDrop3
6559,human3_lib4.final_cell_0193,20,beta,beta,inDrop3
6560,human3_lib4.final_cell_0194,20,beta,beta,inDrop3
6561,human3_lib4.final_cell_0195,12,acinar,acinar,inDrop3
6562,human3_lib4.final_cell_0196,20,beta,beta,inDrop3
6563,human3_lib4.final_cell_0197,12,acinar,acinar,inDrop3
6564,human3_lib4.final_cell_0198,12,acinar,acinar,inDrop3
6565,human3_lib4.final_cell_0199,13,acinar,Unmatched_13,inDrop3
6566,human3_lib4.final_cell_0200,13,acinar,Unmatched_13,inDrop3
6567,human3_lib4.final_cell_0201,20,beta,beta,inDrop3
6568,human3_lib4.final_cell_0202,3,delta,delta,inDrop3
6569,human3_lib4.final_cell_0203,3,delta,delta,inDrop3
6570,human3_lib4.final_cell_0204,1,ductal,ductal,inDrop3
6571,human3_lib4.final_cell_0205,20,beta,beta,inDrop3
6572,human3_lib4.final_cell_0206,17,alpha,alpha,inDrop3
6573,human3_lib4.final_cell_0207,12,acinar,acinar,inDrop3
6574,human3_lib4.final_cell_0208,20,beta,beta,inDrop3
6575,human3_lib4.final_cell_0209,17,alpha,alpha,inDrop3
6576,human3_lib4.final_cell_0210,1,ductal,ductal,inDrop3
6577,human3_lib4.final_cell_0211,12,acinar,acinar,inDrop3
6578,human3_lib4.final_cell_0212,3,delta,delta,inDrop3
6579,human3_lib4.final_cell_0213,12,acinar,acinar,inDrop3
6580,human3_lib4.final_cell_0214,12,acinar,acinar,inDrop3
6581,human3_lib4.final_cell_0215,20,beta,beta,inDrop3
6582,human3_lib4.final_cell_0216,17,alpha,alpha,inDrop3
6583,human3_lib4.final_cell_0217,17,alpha,alpha,inDrop3
6584,human3_lib4.final_cell_0218,23,beta,epsilon,inDrop3
6585,human3_lib4.final_cell_0219,12,acinar,acinar,inDrop3
6586,human3_lib4.final_cell_0220,23,gamma,epsilon,inDrop3
6587,human3_lib4.final_cell_0221,17,alpha,alpha,inDrop3
6588,human3_lib4.final_cell_0222,17,alpha,alpha,inDrop3
6589,human3_lib4.final_cell_0223,20,beta,beta,inDrop3
6590,human3_lib4.final_cell_0224,12,acinar,acinar,inDrop3
6591,human3_lib4.final_cell_0225,20,beta,beta,inDrop3
6592,human3_lib4.final_cell_0226,23,beta,epsilon,inDrop3
6593,human3_lib4.final_cell_0227,20,beta,beta,inDrop3
6594,human3_lib4.final_cell_0228,12,acinar,acinar,inDrop3
6595,human3_lib4.final_cell_0229,20,beta,beta,inDrop3
6596,human3_lib4.final_cell_0230,3,delta,delta,inDrop3
6597,human3_lib4.final_cell_0231,17,alpha,alpha,inDrop3
6598,human3_lib4.final_cell_0232,1,ductal,ductal,inDrop3
6599,human3_lib4.final_cell_0233,12,acinar,acinar,inDrop3
6600,human3_lib4.final_cell_0234,12,acinar,acinar,inDrop3
6601,human3_lib4.final_cell_0235,3,delta,delta,inDrop3
6602,human3_lib4.final_cell_0236,20,beta,beta,inDrop3
6603,human3_lib4.final_cell_0237,23,quiescent_stellate,epsilon,inDrop3
6604,human3_lib4.final_cell_0238,17,alpha,alpha,inDrop3
6605,human3_lib4.final_cell_0239,1,ductal,ductal,inDrop3
6606,human3_lib4.final_cell_0240,20,beta,beta,inDrop3
6607,human3_lib4.final_cell_0241,17,alpha,alpha,inDrop3
6608,human3_lib4.final_cell_0242,12,acinar,acinar,inDrop3
6609,human3_lib4.final_cell_0243,20,beta,beta,inDrop3
6610,human3_lib4.final_cell_0244,20,beta,beta,inDrop3
6611,human3_lib4.final_cell_0245,17,alpha,alpha,inDrop3
6612,human3_lib4.final_cell_0246,17,alpha,alpha,inDrop3
6613,human3_lib4.final_cell_0247,17,alpha,alpha,inDrop3
6614,human3_lib4.final_cell_0248,17,alpha,alpha,inDrop3
6615,human3_lib4.final_cell_0249,1,ductal,ductal,inDrop3
6616,human3_lib4.final_cell_0250,17,alpha,alpha,inDrop3
6617,human3_lib4.final_cell_0251,20,beta,beta,inDrop3
6618,human3_lib4.final_cell_0252,17,alpha,alpha,inDrop3
6619,human3_lib4.final_cell_0253,17,alpha,alpha,inDrop3
6620,human3_lib4.final_cell_0254,20,beta,beta,inDrop3
6621,human3_lib4.final_cell_0255,7,activated_stellate,activated_stellate,inDrop3
6622,human3_lib4.final_cell_0256,17,alpha,alpha,inDrop3
6623,human3_lib4.final_cell_0257,20,beta,beta,inDrop3
6624,human3_lib4.final_cell_0258,17,alpha,alpha,inDrop3
6625,human3_lib4.final_cell_0259,17,alpha,alpha,inDrop3
6626,human3_lib4.final_cell_0260,23,alpha,epsilon,inDrop3
6627,human3_lib4.final_cell_0261,18,gamma,gamma,inDrop3
6628,human3_lib4.final_cell_0262,1,ductal,ductal,inDrop3
6629,human3_lib4.final_cell_0263,20,beta,beta,inDrop3
6630,human3_lib4.final_cell_0264,20,beta,beta,inDrop3
6631,human3_lib4.final_cell_0265,23,beta,epsilon,inDrop3
6632,human3_lib4.final_cell_0266,1,ductal,ductal,inDrop3
6633,human3_lib4.final_cell_0267,1,ductal,ductal,inDrop3
6634,human3_lib4.final_cell_0268,20,beta,beta,inDrop3
6635,human3_lib4.final_cell_0269,12,acinar,acinar,inDrop3
6636,human3_lib4.final_cell_0270,12,acinar,acinar,inDrop3
6637,human3_lib4.final_cell_0271,1,ductal,ductal,inDrop3
6638,human3_lib4.final_cell_0272,12,acinar,acinar,inDrop3
6639,human3_lib4.final_cell_0273,17,alpha,alpha,inDrop3
6640,human3_lib4.final_cell_0274,1,ductal,ductal,inDrop3
6641,human3_lib4.final_cell_0275,23,beta,epsilon,inDrop3
6642,human3_lib4.final_cell_0276,17,alpha,alpha,inDrop3
6643,human3_lib4.final_cell_0277,12,acinar,acinar,inDrop3
6644,human3_lib4.final_cell_0278,3,delta,delta,inDrop3
6645,human3_lib4.final_cell_0279,20,beta,beta,inDrop3
6646,human3_lib4.final_cell_0280,17,alpha,alpha,inDrop3
6647,human3_lib4.final_cell_0281,20,beta,beta,inDrop3
6648,human3_lib4.final_cell_0282,22,beta,Unmatched_22,inDrop3
6649,human3_lib4.final_cell_0283,23,epsilon,epsilon,inDrop3
6650,human3_lib4.final_cell_0284,1,ductal,ductal,inDrop3
6651,human3_lib4.final_cell_0285,22,beta,Unmatched_22,inDrop3
6652,human3_lib4.final_cell_0286,20,beta,beta,inDrop3
6653,human3_lib4.final_cell_0287,12,acinar,acinar,inDrop3
6654,human3_lib4.final_cell_0288,17,alpha,alpha,inDrop3
6655,human3_lib4.final_cell_0289,20,beta,beta,inDrop3
6656,human3_lib4.final_cell_0290,17,alpha,alpha,inDrop3
6657,human3_lib4.final_cell_0291,20,beta,beta,inDrop3
6658,human3_lib4.final_cell_0292,12,acinar,acinar,inDrop3
6659,human3_lib4.final_cell_0293,20,beta,beta,inDrop3
6660,human3_lib4.final_cell_0294,17,alpha,alpha,inDrop3
6661,human3_lib4.final_cell_0295,20,beta,beta,inDrop3
6662,human3_lib4.final_cell_0296,3,delta,delta,inDrop3
6663,human3_lib4.final_cell_0297,17,alpha,alpha,inDrop3
6664,human3_lib4.final_cell_0298,22,beta,Unmatched_22,inDrop3
6665,human3_lib4.final_cell_0299,20,beta,beta,inDrop3
6666,human3_lib4.final_cell_0300,12,acinar,acinar,inDrop3
6667,human3_lib4.final_cell_0301,20,beta,beta,inDrop3
6668,human3_lib4.final_cell_0302,17,alpha,alpha,inDrop3
6669,human3_lib4.final_cell_0303,7,activated_stellate,activated_stellate,inDrop3
6670,human3_lib4.final_cell_0304,17,alpha,alpha,inDrop3
6671,human3_lib4.final_cell_0305,17,alpha,alpha,inDrop3
6672,human3_lib4.final_cell_0306,22,beta,Unmatched_22,inDrop3
6673,human3_lib4.final_cell_0307,1,ductal,ductal,inDrop3
6674,human3_lib4.final_cell_0308,20,beta,beta,inDrop3
6675,human3_lib4.final_cell_0309,20,beta,beta,inDrop3
6676,human3_lib4.final_cell_0310,17,alpha,alpha,inDrop3
6677,human3_lib4.final_cell_0311,1,ductal,ductal,inDrop3
6678,human3_lib4.final_cell_0312,20,beta,beta,inDrop3
6679,human3_lib4.final_cell_0313,23,beta,epsilon,inDrop3
6680,human3_lib4.final_cell_0314,1,ductal,ductal,inDrop3
6681,human3_lib4.final_cell_0315,1,ductal,ductal,inDrop3
6682,human3_lib4.final_cell_0316,1,ductal,ductal,inDrop3
6683,human3_lib4.final_cell_0317,1,ductal,ductal,inDrop3
6684,human3_lib4.final_cell_0318,12,acinar,acinar,inDrop3
6685,human3_lib4.final_cell_0319,17,alpha,alpha,inDrop3
6686,human3_lib4.final_cell_0320,23,alpha,epsilon,inDrop3
6687,human3_lib4.final_cell_0321,20,beta,beta,inDrop3
6688,human3_lib4.final_cell_0322,3,delta,delta,inDrop3
6689,human3_lib4.final_cell_0323,20,beta,beta,inDrop3
6690,human3_lib4.final_cell_0324,20,beta,beta,inDrop3
6691,human3_lib4.final_cell_0325,17,alpha,alpha,inDrop3
6692,human3_lib4.final_cell_0326,17,alpha,alpha,inDrop3
6693,human3_lib4.final_cell_0327,7,activated_stellate,activated_stellate,inDrop3
6694,human3_lib4.final_cell_0328,17,alpha,alpha,inDrop3
6695,human3_lib4.final_cell_0329,23,beta,epsilon,inDrop3
6696,human3_lib4.final_cell_0330,20,beta,beta,inDrop3
6697,human3_lib4.final_cell_0331,17,alpha,alpha,inDrop3
6698,human3_lib4.final_cell_0332,1,ductal,ductal,inDrop3
6699,human3_lib4.final_cell_0333,17,alpha,alpha,inDrop3
6700,human3_lib4.final_cell_0334,17,alpha,alpha,inDrop3
6701,human3_lib4.final_cell_0335,1,ductal,ductal,inDrop3
6702,human3_lib4.final_cell_0336,17,alpha,alpha,inDrop3
6703,human3_lib4.final_cell_0337,20,beta,beta,inDrop3
6704,human3_lib4.final_cell_0338,17,alpha,alpha,inDrop3
6705,human3_lib4.final_cell_0339,1,ductal,ductal,inDrop3
6706,human3_lib4.final_cell_0340,3,delta,delta,inDrop3
6707,human3_lib4.final_cell_0341,23,beta,epsilon,inDrop3
6708,human3_lib4.final_cell_0342,2,acinar,quiescent_stellate,inDrop3
6709,human3_lib4.final_cell_0343,7,activated_stellate,activated_stellate,inDrop3
6710,human3_lib4.final_cell_0344,20,beta,beta,inDrop3
6711,human3_lib4.final_cell_0345,12,acinar,acinar,inDrop3
6712,human3_lib4.final_cell_0346,23,beta,epsilon,inDrop3
6713,human3_lib4.final_cell_0347,23,beta,epsilon,inDrop3
6714,human3_lib4.final_cell_0348,20,beta,beta,inDrop3
6715,human3_lib4.final_cell_0349,17,alpha,alpha,inDrop3
6716,human3_lib4.final_cell_0350,20,beta,beta,inDrop3
6717,human3_lib4.final_cell_0351,17,alpha,alpha,inDrop3
6718,human3_lib4.final_cell_0352,1,ductal,ductal,inDrop3
6719,human3_lib4.final_cell_0353,3,delta,delta,inDrop3
6720,human3_lib4.final_cell_0354,20,beta,beta,inDrop3
6721,human3_lib4.final_cell_0355,12,acinar,acinar,inDrop3
6722,human3_lib4.final_cell_0356,12,acinar,acinar,inDrop3
6723,human3_lib4.final_cell_0357,23,beta,epsilon,inDrop3
6724,human3_lib4.final_cell_0358,12,acinar,acinar,inDrop3
6725,human3_lib4.final_cell_0359,1,ductal,ductal,inDrop3
6726,human3_lib4.final_cell_0360,17,alpha,alpha,inDrop3
6727,human3_lib4.final_cell_0361,1,ductal,ductal,inDrop3
6728,human3_lib4.final_cell_0362,20,beta,beta,inDrop3
6729,human3_lib4.final_cell_0363,17,alpha,alpha,inDrop3
6730,human3_lib4.final_cell_0364,20,beta,beta,inDrop3
6731,human3_lib4.final_cell_0365,12,acinar,acinar,inDrop3
6732,human3_lib4.final_cell_0366,17,alpha,alpha,inDrop3
6733,human3_lib4.final_cell_0367,17,alpha,alpha,inDrop3
6734,human3_lib4.final_cell_0368,12,acinar,acinar,inDrop3
6735,human3_lib4.final_cell_0369,17,alpha,alpha,inDrop3
6736,human3_lib4.final_cell_0370,17,alpha,alpha,inDrop3
6737,human3_lib4.final_cell_0371,12,acinar,acinar,inDrop3
6738,human3_lib4.final_cell_0372,17,alpha,alpha,inDrop3
6739,human3_lib4.final_cell_0373,20,beta,beta,inDrop3
6740,human3_lib4.final_cell_0374,20,beta,beta,inDrop3
6741,human3_lib4.final_cell_0375,17,alpha,alpha,inDrop3
6742,human3_lib4.final_cell_0376,23,alpha,epsilon,inDrop3
6743,human3_lib4.final_cell_0377,0,endothelial,endothelial,inDrop3
6744,human3_lib4.final_cell_0378,23,alpha,epsilon,inDrop3
6745,human3_lib4.final_cell_0379,3,delta,delta,inDrop3
6746,human3_lib4.final_cell_0380,20,beta,beta,inDrop3
6747,human3_lib4.final_cell_0381,12,acinar,acinar,inDrop3
6748,human3_lib4.final_cell_0382,17,alpha,alpha,inDrop3
6749,human3_lib4.final_cell_0383,12,acinar,acinar,inDrop3
6750,human3_lib4.final_cell_0384,1,ductal,ductal,inDrop3
6751,human3_lib4.final_cell_0385,20,beta,beta,inDrop3
6752,human3_lib4.final_cell_0386,23,beta,epsilon,inDrop3
6753,human3_lib4.final_cell_0387,20,beta,beta,inDrop3
6754,human3_lib4.final_cell_0388,20,beta,beta,inDrop3
6755,human3_lib4.final_cell_0389,17,alpha,alpha,inDrop3
6756,human3_lib4.final_cell_0390,17,alpha,alpha,inDrop3
6757,human3_lib4.final_cell_0391,1,ductal,ductal,inDrop3
6758,human3_lib4.final_cell_0392,23,beta,epsilon,inDrop3
6759,human3_lib4.final_cell_0393,0,endothelial,endothelial,inDrop3
6760,human3_lib4.final_cell_0394,1,ductal,ductal,inDrop3
6761,human3_lib4.final_cell_0395,17,alpha,alpha,inDrop3
6762,human3_lib4.final_cell_0396,1,ductal,ductal,inDrop3
6763,human3_lib4.final_cell_0397,17,alpha,alpha,inDrop3
6764,human3_lib4.final_cell_0398,17,alpha,alpha,inDrop3
6765,human3_lib4.final_cell_0399,23,beta,epsilon,inDrop3
6766,human3_lib4.final_cell_0400,17,alpha,alpha,inDrop3
6767,human3_lib4.final_cell_0401,17,alpha,alpha,inDrop3
6768,human3_lib4.final_cell_0402,23,gamma,epsilon,inDrop3
6769,human3_lib4.final_cell_0403,1,ductal,ductal,inDrop3
6770,human3_lib4.final_cell_0404,17,alpha,alpha,inDrop3
6771,human3_lib4.final_cell_0405,12,acinar,acinar,inDrop3
6772,human3_lib4.final_cell_0406,12,acinar,acinar,inDrop3
6773,human3_lib4.final_cell_0407,12,acinar,acinar,inDrop3
6774,human3_lib4.final_cell_0408,17,alpha,alpha,inDrop3
6775,human3_lib4.final_cell_0409,17,alpha,alpha,inDrop3
6776,human3_lib4.final_cell_0410,17,alpha,alpha,inDrop3
6777,human3_lib4.final_cell_0411,1,ductal,ductal,inDrop3
6778,human3_lib4.final_cell_0412,1,ductal,ductal,inDrop3
6779,human3_lib4.final_cell_0413,3,delta,delta,inDrop3
6780,human3_lib4.final_cell_0414,12,acinar,acinar,inDrop3
6781,human3_lib4.final_cell_0415,17,alpha,alpha,inDrop3
6782,human3_lib4.final_cell_0416,17,alpha,alpha,inDrop3
6783,human3_lib4.final_cell_0417,17,alpha,alpha,inDrop3
6784,human3_lib4.final_cell_0418,12,acinar,acinar,inDrop3
6785,human3_lib4.final_cell_0419,17,alpha,alpha,inDrop3
6786,human3_lib4.final_cell_0420,20,beta,beta,inDrop3
6787,human3_lib4.final_cell_0421,17,alpha,alpha,inDrop3
6788,human3_lib4.final_cell_0422,23,beta,epsilon,inDrop3
6789,human3_lib4.final_cell_0423,17,alpha,alpha,inDrop3
6790,human3_lib4.final_cell_0424,1,ductal,ductal,inDrop3
6791,human3_lib4.final_cell_0425,23,alpha,epsilon,inDrop3
6792,human3_lib4.final_cell_0426,1,ductal,ductal,inDrop3
6793,human3_lib4.final_cell_0427,20,beta,beta,inDrop3
6794,human3_lib4.final_cell_0428,17,alpha,alpha,inDrop3
6795,human3_lib4.final_cell_0429,20,beta,beta,inDrop3
6796,human3_lib4.final_cell_0430,20,beta,beta,inDrop3
6797,human3_lib4.final_cell_0431,17,alpha,alpha,inDrop3
6798,human3_lib4.final_cell_0432,23,alpha,epsilon,inDrop3
6799,human3_lib4.final_cell_0433,17,alpha,alpha,inDrop3
6800,human3_lib4.final_cell_0434,1,ductal,ductal,inDrop3
6801,human3_lib4.final_cell_0435,3,delta,delta,inDrop3
6802,human3_lib4.final_cell_0436,23,alpha,epsilon,inDrop3
6803,human3_lib4.final_cell_0437,17,alpha,alpha,inDrop3
6804,human3_lib4.final_cell_0438,17,alpha,alpha,inDrop3
6805,human3_lib4.final_cell_0439,17,alpha,alpha,inDrop3
6806,human3_lib4.final_cell_0440,17,alpha,alpha,inDrop3
6807,human3_lib4.final_cell_0441,17,alpha,alpha,inDrop3
6808,human3_lib4.final_cell_0442,1,ductal,ductal,inDrop3
6809,human3_lib4.final_cell_0443,1,ductal,ductal,inDrop3
6810,human3_lib4.final_cell_0444,1,ductal,ductal,inDrop3
6811,human3_lib4.final_cell_0445,12,acinar,acinar,inDrop3
6812,human3_lib4.final_cell_0446,17,alpha,alpha,inDrop3
6813,human3_lib4.final_cell_0447,1,ductal,ductal,inDrop3
6814,human3_lib4.final_cell_0448,17,alpha,alpha,inDrop3
6815,human3_lib4.final_cell_0449,7,activated_stellate,activated_stellate,inDrop3
6816,human3_lib4.final_cell_0450,23,beta,epsilon,inDrop3
6817,human3_lib4.final_cell_0451,18,gamma,gamma,inDrop3
6818,human3_lib4.final_cell_0452,20,beta,beta,inDrop3
6819,human3_lib4.final_cell_0453,17,alpha,alpha,inDrop3
6820,human3_lib4.final_cell_0454,17,alpha,alpha,inDrop3
6821,human3_lib4.final_cell_0455,7,activated_stellate,activated_stellate,inDrop3
6822,human3_lib4.final_cell_0456,17,alpha,alpha,inDrop3
6823,human3_lib4.final_cell_0457,2,quiescent_stellate,quiescent_stellate,inDrop3
6824,human3_lib4.final_cell_0458,17,alpha,alpha,inDrop3
6825,human3_lib4.final_cell_0459,12,acinar,acinar,inDrop3
6826,human3_lib4.final_cell_0460,17,alpha,alpha,inDrop3
6827,human3_lib4.final_cell_0461,17,alpha,alpha,inDrop3
6828,human3_lib4.final_cell_0462,20,beta,beta,inDrop3
6829,human3_lib4.final_cell_0463,20,beta,beta,inDrop3
6830,human3_lib4.final_cell_0464,12,alpha,acinar,inDrop3
6831,human3_lib4.final_cell_0465,22,beta,Unmatched_22,inDrop3
6832,human3_lib4.final_cell_0466,12,acinar,acinar,inDrop3
6833,human3_lib4.final_cell_0467,20,beta,beta,inDrop3
6834,human3_lib4.final_cell_0468,1,ductal,ductal,inDrop3
6835,human3_lib4.final_cell_0469,1,ductal,ductal,inDrop3
6836,human3_lib4.final_cell_0470,20,beta,beta,inDrop3
6837,human3_lib4.final_cell_0471,17,alpha,alpha,inDrop3
6838,human3_lib4.final_cell_0472,23,beta,epsilon,inDrop3
6839,human3_lib4.final_cell_0473,20,beta,beta,inDrop3
6840,human3_lib4.final_cell_0474,1,ductal,ductal,inDrop3
6841,human3_lib4.final_cell_0475,20,beta,beta,inDrop3
6842,human3_lib4.final_cell_0476,23,beta,epsilon,inDrop3
6843,human3_lib4.final_cell_0477,17,alpha,alpha,inDrop3
6844,human3_lib4.final_cell_0478,1,ductal,ductal,inDrop3
6845,human3_lib4.final_cell_0479,17,alpha,alpha,inDrop3
6846,human3_lib4.final_cell_0480,4,macrophage,macrophage,inDrop3
6847,human3_lib4.final_cell_0481,23,beta,epsilon,inDrop3
6848,human3_lib4.final_cell_0482,20,beta,beta,inDrop3
6849,human3_lib4.final_cell_0483,17,alpha,alpha,inDrop3
6850,human3_lib4.final_cell_0484,17,alpha,alpha,inDrop3
6851,human3_lib4.final_cell_0485,17,alpha,alpha,inDrop3
6852,human3_lib4.final_cell_0486,17,alpha,alpha,inDrop3
6853,human3_lib4.final_cell_0487,1,ductal,ductal,inDrop3
6854,human3_lib4.final_cell_0488,17,alpha,alpha,inDrop3
6855,human3_lib4.final_cell_0489,1,ductal,ductal,inDrop3
6856,human3_lib4.final_cell_0490,2,quiescent_stellate,quiescent_stellate,inDrop3
6857,human3_lib4.final_cell_0491,1,ductal,ductal,inDrop3
6858,human3_lib4.final_cell_0492,17,alpha,alpha,inDrop3
6859,human3_lib4.final_cell_0493,17,alpha,alpha,inDrop3
6860,human3_lib4.final_cell_0494,12,acinar,acinar,inDrop3
6861,human3_lib4.final_cell_0495,17,alpha,alpha,inDrop3
6862,human3_lib4.final_cell_0496,17,alpha,alpha,inDrop3
6863,human3_lib4.final_cell_0497,23,beta,epsilon,inDrop3
6864,human3_lib4.final_cell_0498,17,alpha,alpha,inDrop3
6865,human3_lib4.final_cell_0499,1,ductal,ductal,inDrop3
6866,human3_lib4.final_cell_0500,17,alpha,alpha,inDrop3
6867,human3_lib4.final_cell_0501,20,beta,beta,inDrop3
6868,human3_lib4.final_cell_0502,12,acinar,acinar,inDrop3
6869,human3_lib4.final_cell_0503,17,alpha,alpha,inDrop3
6870,human3_lib4.final_cell_0504,23,beta,epsilon,inDrop3
6871,human3_lib4.final_cell_0505,12,acinar,acinar,inDrop3
6872,human3_lib4.final_cell_0506,20,beta,beta,inDrop3
6873,human3_lib4.final_cell_0507,1,ductal,ductal,inDrop3
6874,human3_lib4.final_cell_0508,20,beta,beta,inDrop3
6875,human3_lib4.final_cell_0509,17,alpha,alpha,inDrop3
6876,human3_lib4.final_cell_0510,17,alpha,alpha,inDrop3
6877,human3_lib4.final_cell_0511,23,alpha,epsilon,inDrop3
6878,human3_lib4.final_cell_0512,12,acinar,acinar,inDrop3
6879,human3_lib4.final_cell_0513,1,ductal,ductal,inDrop3
6880,human3_lib4.final_cell_0514,17,alpha,alpha,inDrop3
6881,human3_lib4.final_cell_0515,1,ductal,ductal,inDrop3
6882,human3_lib4.final_cell_0516,17,alpha,alpha,inDrop3
6883,human3_lib4.final_cell_0517,1,ductal,ductal,inDrop3
6884,human3_lib4.final_cell_0518,12,acinar,acinar,inDrop3
6885,human3_lib4.final_cell_0519,12,acinar,acinar,inDrop3
6886,human3_lib4.final_cell_0520,1,ductal,ductal,inDrop3
6887,human3_lib4.final_cell_0521,2,quiescent_stellate,quiescent_stellate,inDrop3
6888,human3_lib4.final_cell_0522,17,alpha,alpha,inDrop3
6889,human3_lib4.final_cell_0523,17,alpha,alpha,inDrop3
6890,human3_lib4.final_cell_0524,1,ductal,ductal,inDrop3
6891,human3_lib4.final_cell_0525,20,beta,beta,inDrop3
6892,human3_lib4.final_cell_0526,20,beta,beta,inDrop3
6893,human3_lib4.final_cell_0527,17,alpha,alpha,inDrop3
6894,human3_lib4.final_cell_0528,20,beta,beta,inDrop3
6895,human3_lib4.final_cell_0529,3,delta,delta,inDrop3
6896,human3_lib4.final_cell_0530,7,activated_stellate,activated_stellate,inDrop3
6897,human3_lib4.final_cell_0531,3,delta,delta,inDrop3
6898,human3_lib4.final_cell_0532,20,beta,beta,inDrop3
6899,human3_lib4.final_cell_0533,12,acinar,acinar,inDrop3
6900,human3_lib4.final_cell_0534,1,ductal,ductal,inDrop3
6901,human3_lib4.final_cell_0535,17,alpha,alpha,inDrop3
6902,human3_lib4.final_cell_0536,7,activated_stellate,activated_stellate,inDrop3
6903,human3_lib4.final_cell_0537,12,acinar,acinar,inDrop3
6904,human3_lib4.final_cell_0538,1,ductal,ductal,inDrop3
6905,human3_lib4.final_cell_0539,17,alpha,alpha,inDrop3
6906,human3_lib4.final_cell_0540,1,ductal,ductal,inDrop3
6907,human3_lib4.final_cell_0541,20,beta,beta,inDrop3
6908,human3_lib4.final_cell_0542,17,alpha,alpha,inDrop3
6909,human3_lib4.final_cell_0543,20,beta,beta,inDrop3
6910,human3_lib4.final_cell_0544,22,beta,Unmatched_22,inDrop3
6911,human3_lib4.final_cell_0545,17,alpha,alpha,inDrop3
6912,human3_lib4.final_cell_0546,17,alpha,alpha,inDrop3
6913,human3_lib4.final_cell_0547,23,beta,epsilon,inDrop3
6914,human3_lib4.final_cell_0548,12,acinar,acinar,inDrop3
6915,human3_lib4.final_cell_0549,12,acinar,acinar,inDrop3
6916,human3_lib4.final_cell_0550,0,endothelial,endothelial,inDrop3
6917,human3_lib4.final_cell_0551,20,beta,beta,inDrop3
6918,human3_lib4.final_cell_0552,7,activated_stellate,activated_stellate,inDrop3
6919,human3_lib4.final_cell_0553,17,alpha,alpha,inDrop3
6920,human3_lib4.final_cell_0554,23,alpha,epsilon,inDrop3
6921,human3_lib4.final_cell_0555,23,acinar,epsilon,inDrop3
6922,human3_lib4.final_cell_0556,17,alpha,alpha,inDrop3
6923,human3_lib4.final_cell_0557,17,alpha,alpha,inDrop3
6924,human3_lib4.final_cell_0558,17,alpha,alpha,inDrop3
6925,human3_lib4.final_cell_0559,17,alpha,alpha,inDrop3
6926,human3_lib4.final_cell_0560,20,beta,beta,inDrop3
6927,human3_lib4.final_cell_0561,12,acinar,acinar,inDrop3
6928,human3_lib4.final_cell_0562,17,alpha,alpha,inDrop3
6929,human3_lib4.final_cell_0563,12,beta,acinar,inDrop3
6930,human3_lib4.final_cell_0564,1,ductal,ductal,inDrop3
6931,human3_lib4.final_cell_0565,1,ductal,ductal,inDrop3
6932,human3_lib4.final_cell_0566,1,ductal,ductal,inDrop3
6933,human3_lib4.final_cell_0567,17,alpha,alpha,inDrop3
6934,human3_lib4.final_cell_0568,18,gamma,gamma,inDrop3
6935,human3_lib4.final_cell_0569,17,alpha,alpha,inDrop3
6936,human3_lib4.final_cell_0570,23,beta,epsilon,inDrop3
6937,human3_lib4.final_cell_0571,17,alpha,alpha,inDrop3
6938,human3_lib4.final_cell_0572,0,endothelial,endothelial,inDrop3
6939,human3_lib4.final_cell_0573,17,alpha,alpha,inDrop3
6940,human3_lib4.final_cell_0574,4,macrophage,macrophage,inDrop3
6941,human3_lib4.final_cell_0575,12,acinar,acinar,inDrop3
6942,human3_lib4.final_cell_0576,7,activated_stellate,activated_stellate,inDrop3
6943,human3_lib4.final_cell_0577,23,beta,epsilon,inDrop3
6944,human3_lib4.final_cell_0578,17,alpha,alpha,inDrop3
6945,human3_lib4.final_cell_0579,23,alpha,epsilon,inDrop3
6946,human3_lib4.final_cell_0580,17,alpha,alpha,inDrop3
6947,human3_lib4.final_cell_0581,1,ductal,ductal,inDrop3
6948,human3_lib4.final_cell_0582,17,alpha,alpha,inDrop3
6949,human3_lib4.final_cell_0583,20,beta,beta,inDrop3
6950,human3_lib4.final_cell_0584,17,alpha,alpha,inDrop3
6951,human3_lib4.final_cell_0585,20,beta,beta,inDrop3
6952,human3_lib4.final_cell_0586,20,beta,beta,inDrop3
6953,human3_lib4.final_cell_0587,17,alpha,alpha,inDrop3
6954,human3_lib4.final_cell_0588,21,beta,Unmatched_21,inDrop3
6955,human3_lib4.final_cell_0589,3,delta,delta,inDrop3
6956,human3_lib4.final_cell_0590,17,alpha,alpha,inDrop3
6957,human3_lib4.final_cell_0591,7,activated_stellate,activated_stellate,inDrop3
6958,human3_lib4.final_cell_0592,17,alpha,alpha,inDrop3
6959,human3_lib4.final_cell_0593,7,activated_stellate,activated_stellate,inDrop3
6960,human3_lib4.final_cell_0594,17,alpha,alpha,inDrop3
6961,human3_lib4.final_cell_0595,20,beta,beta,inDrop3
6962,human3_lib4.final_cell_0596,17,alpha,alpha,inDrop3
6963,human3_lib4.final_cell_0597,1,ductal,ductal,inDrop3
6964,human3_lib4.final_cell_0598,20,beta,beta,inDrop3
6965,human3_lib4.final_cell_0599,20,beta,beta,inDrop3
6966,human3_lib4.final_cell_0600,12,alpha,acinar,inDrop3
6967,human3_lib4.final_cell_0601,12,acinar,acinar,inDrop3
6968,human3_lib4.final_cell_0602,17,alpha,alpha,inDrop3
6969,human3_lib4.final_cell_0603,0,endothelial,endothelial,inDrop3
6970,human3_lib4.final_cell_0604,20,beta,beta,inDrop3
6971,human3_lib4.final_cell_0605,17,alpha,alpha,inDrop3
6972,human3_lib4.final_cell_0606,17,alpha,alpha,inDrop3
6973,human3_lib4.final_cell_0607,17,alpha,alpha,inDrop3
6974,human3_lib4.final_cell_0608,20,beta,beta,inDrop3
6975,human3_lib4.final_cell_0609,1,ductal,ductal,inDrop3
6976,human3_lib4.final_cell_0610,12,acinar,acinar,inDrop3
6977,human3_lib4.final_cell_0611,12,acinar,acinar,inDrop3
6978,human3_lib4.final_cell_0612,17,alpha,alpha,inDrop3
6979,human3_lib4.final_cell_0613,0,endothelial,endothelial,inDrop3
6980,human3_lib4.final_cell_0614,1,ductal,ductal,inDrop3
6981,human3_lib4.final_cell_0615,23,acinar,epsilon,inDrop3
6982,human3_lib4.final_cell_0616,20,beta,beta,inDrop3
6983,human3_lib4.final_cell_0617,20,beta,beta,inDrop3
6984,human3_lib4.final_cell_0618,20,beta,beta,inDrop3
6985,human3_lib4.final_cell_0619,1,ductal,ductal,inDrop3
6986,human3_lib4.final_cell_0620,17,alpha,alpha,inDrop3
6987,human3_lib4.final_cell_0621,23,alpha,epsilon,inDrop3
6988,human3_lib4.final_cell_0622,12,acinar,acinar,inDrop3
6989,human3_lib4.final_cell_0623,18,gamma,gamma,inDrop3
6990,human3_lib4.final_cell_0624,17,alpha,alpha,inDrop3
6991,human3_lib4.final_cell_0625,17,alpha,alpha,inDrop3
6992,human3_lib4.final_cell_0626,12,acinar,acinar,inDrop3
6993,human3_lib4.final_cell_0627,17,alpha,alpha,inDrop3
6994,human3_lib4.final_cell_0628,23,alpha,epsilon,inDrop3
6995,human3_lib4.final_cell_0629,17,alpha,alpha,inDrop3
6996,human3_lib4.final_cell_0630,20,beta,beta,inDrop3
6997,human3_lib4.final_cell_0631,22,beta,Unmatched_22,inDrop3
6998,human3_lib4.final_cell_0632,20,beta,beta,inDrop3
6999,human3_lib4.final_cell_0633,12,acinar,acinar,inDrop3
7000,human3_lib4.final_cell_0634,17,alpha,alpha,inDrop3
7001,human3_lib4.final_cell_0635,20,beta,beta,inDrop3
7002,human3_lib4.final_cell_0636,23,acinar,epsilon,inDrop3
7003,human3_lib4.final_cell_0637,17,alpha,alpha,inDrop3
7004,human3_lib4.final_cell_0638,1,ductal,ductal,inDrop3
7005,human3_lib4.final_cell_0639,17,alpha,alpha,inDrop3
7006,human3_lib4.final_cell_0640,17,alpha,alpha,inDrop3
7007,human3_lib4.final_cell_0641,17,alpha,alpha,inDrop3
7008,human3_lib4.final_cell_0642,20,beta,beta,inDrop3
7009,human3_lib4.final_cell_0643,12,acinar,acinar,inDrop3
7010,human3_lib4.final_cell_0644,22,beta,Unmatched_22,inDrop3
7011,human3_lib4.final_cell_0645,22,beta,Unmatched_22,inDrop3
7012,human3_lib4.final_cell_0646,17,alpha,alpha,inDrop3
7013,human3_lib4.final_cell_0647,12,acinar,acinar,inDrop3
7014,human3_lib4.final_cell_0648,7,activated_stellate,activated_stellate,inDrop3
7015,human3_lib4.final_cell_0649,17,alpha,alpha,inDrop3
7016,human3_lib4.final_cell_0650,17,alpha,alpha,inDrop3
7017,human3_lib4.final_cell_0651,17,alpha,alpha,inDrop3
7018,human3_lib4.final_cell_0652,17,alpha,alpha,inDrop3
7019,human3_lib4.final_cell_0653,1,ductal,ductal,inDrop3
7020,human3_lib4.final_cell_0654,17,alpha,alpha,inDrop3
7021,human3_lib4.final_cell_0655,12,acinar,acinar,inDrop3
7022,human3_lib4.final_cell_0656,17,alpha,alpha,inDrop3
7023,human3_lib4.final_cell_0657,23,beta,epsilon,inDrop3
7024,human3_lib4.final_cell_0658,17,alpha,alpha,inDrop3
7025,human3_lib4.final_cell_0659,17,alpha,alpha,inDrop3
7026,human3_lib4.final_cell_0660,17,alpha,alpha,inDrop3
7027,human3_lib4.final_cell_0661,17,alpha,alpha,inDrop3
7028,human3_lib4.final_cell_0662,23,acinar,epsilon,inDrop3
7029,human3_lib4.final_cell_0663,20,beta,beta,inDrop3
7030,human3_lib4.final_cell_0664,17,alpha,alpha,inDrop3
7031,human3_lib4.final_cell_0665,12,acinar,acinar,inDrop3
7032,human3_lib4.final_cell_0666,17,alpha,alpha,inDrop3
7033,human3_lib4.final_cell_0667,23,acinar,epsilon,inDrop3
7034,human3_lib4.final_cell_0668,17,alpha,alpha,inDrop3
7035,human3_lib4.final_cell_0669,17,alpha,alpha,inDrop3
7036,human3_lib4.final_cell_0670,1,ductal,ductal,inDrop3
7037,human3_lib4.final_cell_0671,20,beta,beta,inDrop3
7038,human3_lib4.final_cell_0672,20,beta,beta,inDrop3
7039,human3_lib4.final_cell_0673,12,acinar,acinar,inDrop3
7040,human3_lib4.final_cell_0674,17,alpha,alpha,inDrop3
7041,human3_lib4.final_cell_0675,7,activated_stellate,activated_stellate,inDrop3
7042,human3_lib4.final_cell_0676,17,alpha,alpha,inDrop3
7043,human3_lib4.final_cell_0677,23,alpha,epsilon,inDrop3
7044,human3_lib4.final_cell_0678,17,alpha,alpha,inDrop3
7045,human3_lib4.final_cell_0679,20,beta,beta,inDrop3
7046,human3_lib4.final_cell_0680,20,beta,beta,inDrop3
7047,human3_lib4.final_cell_0681,18,gamma,gamma,inDrop3
7048,human3_lib4.final_cell_0682,17,alpha,alpha,inDrop3
7049,human3_lib4.final_cell_0683,20,beta,beta,inDrop3
7050,human3_lib4.final_cell_0684,2,activated_stellate,quiescent_stellate,inDrop3
7051,human3_lib4.final_cell_0685,12,acinar,acinar,inDrop3
7052,human3_lib4.final_cell_0686,1,ductal,ductal,inDrop3
7053,human3_lib4.final_cell_0687,23,alpha,epsilon,inDrop3
7054,human3_lib4.final_cell_0688,23,alpha,epsilon,inDrop3
7055,human3_lib4.final_cell_0689,20,beta,beta,inDrop3
7056,human3_lib4.final_cell_0690,1,ductal,ductal,inDrop3
7057,human3_lib4.final_cell_0691,20,beta,beta,inDrop3
7058,human3_lib4.final_cell_0692,3,delta,delta,inDrop3
7059,human3_lib4.final_cell_0693,1,ductal,ductal,inDrop3
7060,human3_lib4.final_cell_0694,12,acinar,acinar,inDrop3
7061,human3_lib4.final_cell_0695,1,ductal,ductal,inDrop3
7062,human3_lib4.final_cell_0696,12,acinar,acinar,inDrop3
7063,human3_lib4.final_cell_0697,17,alpha,alpha,inDrop3
7064,human3_lib4.final_cell_0698,1,ductal,ductal,inDrop3
7065,human3_lib4.final_cell_0699,17,alpha,alpha,inDrop3
7066,human3_lib4.final_cell_0700,20,beta,beta,inDrop3
7067,human3_lib4.final_cell_0701,20,beta,beta,inDrop3
7068,human3_lib4.final_cell_0702,4,alpha,macrophage,inDrop3
7069,human3_lib4.final_cell_0703,17,alpha,alpha,inDrop3
7070,human3_lib4.final_cell_0704,17,alpha,alpha,inDrop3
7071,human3_lib4.final_cell_0705,0,endothelial,endothelial,inDrop3
7072,human3_lib4.final_cell_0706,12,acinar,acinar,inDrop3
7073,human3_lib4.final_cell_0707,1,ductal,ductal,inDrop3
7074,human3_lib4.final_cell_0708,17,alpha,alpha,inDrop3
7075,human3_lib4.final_cell_0709,23,beta,epsilon,inDrop3
7076,human3_lib4.final_cell_0710,1,ductal,ductal,inDrop3
7077,human3_lib4.final_cell_0711,17,alpha,alpha,inDrop3
7078,human3_lib4.final_cell_0712,17,alpha,alpha,inDrop3
7079,human3_lib4.final_cell_0713,22,beta,Unmatched_22,inDrop3
7080,human3_lib4.final_cell_0714,17,alpha,alpha,inDrop3
7081,human3_lib4.final_cell_0715,1,ductal,ductal,inDrop3
7082,human3_lib4.final_cell_0716,20,beta,beta,inDrop3
7083,human3_lib4.final_cell_0717,1,ductal,ductal,inDrop3
7084,human3_lib4.final_cell_0718,1,ductal,ductal,inDrop3
7085,human3_lib4.final_cell_0719,1,ductal,ductal,inDrop3
7086,human3_lib4.final_cell_0720,17,alpha,alpha,inDrop3
7087,human3_lib4.final_cell_0721,17,alpha,alpha,inDrop3
7088,human3_lib4.final_cell_0722,17,alpha,alpha,inDrop3
7089,human3_lib4.final_cell_0723,20,beta,beta,inDrop3
7090,human3_lib4.final_cell_0724,1,ductal,ductal,inDrop3
7091,human3_lib4.final_cell_0725,23,alpha,epsilon,inDrop3
7092,human3_lib4.final_cell_0726,0,endothelial,endothelial,inDrop3
7093,human3_lib4.final_cell_0727,17,alpha,alpha,inDrop3
7094,human3_lib4.final_cell_0728,2,quiescent_stellate,quiescent_stellate,inDrop3
7095,human3_lib4.final_cell_0729,22,beta,Unmatched_22,inDrop3
7096,human3_lib4.final_cell_0730,3,delta,delta,inDrop3
7097,human3_lib4.final_cell_0731,17,alpha,alpha,inDrop3
7098,human3_lib4.final_cell_0732,12,acinar,acinar,inDrop3
7099,human3_lib4.final_cell_0733,17,alpha,alpha,inDrop3
7100,human3_lib4.final_cell_0734,20,beta,beta,inDrop3
7101,human3_lib4.final_cell_0735,23,beta,epsilon,inDrop3
7102,human3_lib4.final_cell_0736,23,alpha,epsilon,inDrop3
7103,human3_lib4.final_cell_0737,2,quiescent_stellate,quiescent_stellate,inDrop3
7104,human3_lib4.final_cell_0738,17,alpha,alpha,inDrop3
7105,human3_lib4.final_cell_0739,20,beta,beta,inDrop3
7106,human3_lib4.final_cell_0740,23,alpha,epsilon,inDrop3
7107,human3_lib4.final_cell_0741,2,quiescent_stellate,quiescent_stellate,inDrop3
7108,human3_lib4.final_cell_0742,12,acinar,acinar,inDrop3
7109,human3_lib4.final_cell_0743,17,alpha,alpha,inDrop3
7110,human3_lib4.final_cell_0744,17,alpha,alpha,inDrop3
7111,human3_lib4.final_cell_0745,20,beta,beta,inDrop3
7112,human3_lib4.final_cell_0746,12,acinar,acinar,inDrop3
7113,human3_lib4.final_cell_0747,3,delta,delta,inDrop3
7114,human3_lib4.final_cell_0748,12,acinar,acinar,inDrop3
7115,human3_lib4.final_cell_0749,17,alpha,alpha,inDrop3
7116,human3_lib4.final_cell_0750,23,alpha,epsilon,inDrop3
7117,human3_lib4.final_cell_0751,1,ductal,ductal,inDrop3
7118,human3_lib4.final_cell_0752,23,gamma,epsilon,inDrop3
7119,human3_lib4.final_cell_0753,0,endothelial,endothelial,inDrop3
7120,human3_lib4.final_cell_0754,20,beta,beta,inDrop3
7121,human3_lib4.final_cell_0755,17,alpha,alpha,inDrop3
7122,human3_lib4.final_cell_0756,17,alpha,alpha,inDrop3
7123,human3_lib4.final_cell_0757,1,ductal,ductal,inDrop3
7124,human3_lib4.final_cell_0758,23,alpha,epsilon,inDrop3
7125,human3_lib4.final_cell_0759,17,alpha,alpha,inDrop3
7126,human3_lib4.final_cell_0760,17,alpha,alpha,inDrop3
7127,human3_lib4.final_cell_0761,20,beta,beta,inDrop3
7128,human3_lib4.final_cell_0762,12,acinar,acinar,inDrop3
7129,human3_lib4.final_cell_0763,17,alpha,alpha,inDrop3
7130,human3_lib4.final_cell_0764,20,beta,beta,inDrop3
7131,human3_lib4.final_cell_0765,17,alpha,alpha,inDrop3
7132,human3_lib4.final_cell_0766,17,alpha,alpha,inDrop3
7133,human3_lib4.final_cell_0767,23,alpha,epsilon,inDrop3
7134,human3_lib4.final_cell_0768,1,ductal,ductal,inDrop3
7135,human3_lib4.final_cell_0769,3,delta,delta,inDrop3
7136,human3_lib4.final_cell_0770,17,alpha,alpha,inDrop3
7137,human3_lib4.final_cell_0771,17,alpha,alpha,inDrop3
7138,human3_lib4.final_cell_0772,23,alpha,epsilon,inDrop3
7139,human3_lib4.final_cell_0773,12,acinar,acinar,inDrop3
7140,human3_lib4.final_cell_0774,1,ductal,ductal,inDrop3
7141,human3_lib4.final_cell_0775,1,ductal,ductal,inDrop3
7142,human3_lib4.final_cell_0776,23,alpha,epsilon,inDrop3
7143,human3_lib4.final_cell_0777,17,alpha,alpha,inDrop3
7144,human3_lib4.final_cell_0778,17,alpha,alpha,inDrop3
7145,human3_lib4.final_cell_0779,12,acinar,acinar,inDrop3
7146,human3_lib4.final_cell_0780,20,beta,beta,inDrop3
7147,human3_lib4.final_cell_0781,17,alpha,alpha,inDrop3
7148,human3_lib4.final_cell_0782,18,gamma,gamma,inDrop3
7149,human3_lib4.final_cell_0783,12,acinar,acinar,inDrop3
7150,human3_lib4.final_cell_0784,17,alpha,alpha,inDrop3
7151,human3_lib4.final_cell_0785,18,gamma,gamma,inDrop3
7152,human3_lib4.final_cell_0786,18,gamma,gamma,inDrop3
7153,human3_lib4.final_cell_0787,22,beta,Unmatched_22,inDrop3
7154,human3_lib4.final_cell_0788,23,beta,epsilon,inDrop3
7155,human3_lib4.final_cell_0789,23,alpha,epsilon,inDrop3
7156,human3_lib4.final_cell_0790,20,beta,beta,inDrop3
7157,human3_lib4.final_cell_0791,20,beta,beta,inDrop3
7158,human3_lib4.final_cell_0792,12,acinar,acinar,inDrop3
7159,human3_lib4.final_cell_0793,12,acinar,acinar,inDrop3
7160,human3_lib4.final_cell_0794,12,acinar,acinar,inDrop3
7161,human3_lib4.final_cell_0795,2,quiescent_stellate,quiescent_stellate,inDrop3
7162,human3_lib4.final_cell_0796,2,quiescent_stellate,quiescent_stellate,inDrop3
7163,human3_lib4.final_cell_0797,1,ductal,ductal,inDrop3
7164,human3_lib4.final_cell_0798,23,beta,epsilon,inDrop3
7165,human3_lib4.final_cell_0799,17,alpha,alpha,inDrop3
7166,human3_lib4.final_cell_0800,20,beta,beta,inDrop3
7167,human3_lib4.final_cell_0801,17,alpha,alpha,inDrop3
7168,human3_lib4.final_cell_0802,1,ductal,ductal,inDrop3
7169,human3_lib4.final_cell_0803,17,alpha,alpha,inDrop3
7170,human3_lib4.final_cell_0804,17,alpha,alpha,inDrop3
7171,human3_lib4.final_cell_0805,17,alpha,alpha,inDrop3
7172,human3_lib4.final_cell_0806,17,alpha,alpha,inDrop3
7173,human3_lib4.final_cell_0807,17,alpha,alpha,inDrop3
7174,human3_lib4.final_cell_0808,20,beta,beta,inDrop3
7175,human3_lib4.final_cell_0809,3,beta,delta,inDrop3
7176,human3_lib4.final_cell_0810,22,beta,Unmatched_22,inDrop3
7177,human3_lib4.final_cell_0811,12,acinar,acinar,inDrop3
7178,human3_lib4.final_cell_0812,17,alpha,alpha,inDrop3
7179,human3_lib4.final_cell_0813,23,beta,epsilon,inDrop3
7180,human3_lib4.final_cell_0814,20,beta,beta,inDrop3
7181,human3_lib4.final_cell_0815,20,beta,beta,inDrop3
7182,human3_lib4.final_cell_0816,23,beta,epsilon,inDrop3
7183,human3_lib4.final_cell_0817,18,gamma,gamma,inDrop3
7184,human3_lib4.final_cell_0818,0,endothelial,endothelial,inDrop3
7185,human3_lib4.final_cell_0819,2,quiescent_stellate,quiescent_stellate,inDrop3
7186,human3_lib4.final_cell_0820,17,alpha,alpha,inDrop3
7187,human3_lib4.final_cell_0821,17,alpha,alpha,inDrop3
7188,human3_lib4.final_cell_0822,20,beta,beta,inDrop3
7189,human3_lib4.final_cell_0823,20,beta,beta,inDrop3
7190,human3_lib4.final_cell_0824,23,beta,epsilon,inDrop3
7191,human3_lib4.final_cell_0825,1,ductal,ductal,inDrop3
7192,human3_lib4.final_cell_0826,1,ductal,ductal,inDrop3
7193,human3_lib4.final_cell_0827,23,beta,epsilon,inDrop3
7194,human3_lib4.final_cell_0828,2,quiescent_stellate,quiescent_stellate,inDrop3
7195,human3_lib4.final_cell_0829,17,alpha,alpha,inDrop3
7196,human3_lib4.final_cell_0830,17,alpha,alpha,inDrop3
7197,human3_lib4.final_cell_0831,17,alpha,alpha,inDrop3
7198,human3_lib4.final_cell_0832,2,activated_stellate,quiescent_stellate,inDrop3
7199,human3_lib4.final_cell_0833,12,acinar,acinar,inDrop3
7200,human3_lib4.final_cell_0834,20,beta,beta,inDrop3
7201,human3_lib4.final_cell_0835,17,alpha,alpha,inDrop3
7202,human3_lib4.final_cell_0836,17,alpha,alpha,inDrop3
7203,human3_lib4.final_cell_0837,1,ductal,ductal,inDrop3
7204,human3_lib4.final_cell_0838,17,alpha,alpha,inDrop3
7205,human3_lib4.final_cell_0839,20,beta,beta,inDrop3
7206,human3_lib4.final_cell_0840,17,alpha,alpha,inDrop3
7207,human3_lib4.final_cell_0841,23,beta,epsilon,inDrop3
7208,human3_lib4.final_cell_0842,0,endothelial,endothelial,inDrop3
7209,human3_lib4.final_cell_0843,1,ductal,ductal,inDrop3
7210,human3_lib4.final_cell_0844,0,endothelial,endothelial,inDrop3
7211,human3_lib4.final_cell_0845,20,beta,beta,inDrop3
7212,human3_lib4.final_cell_0846,2,quiescent_stellate,quiescent_stellate,inDrop3
7213,human3_lib4.final_cell_0847,0,endothelial,endothelial,inDrop3
7214,human3_lib4.final_cell_0848,17,alpha,alpha,inDrop3
7215,human3_lib4.final_cell_0849,17,alpha,alpha,inDrop3
7216,human3_lib4.final_cell_0850,23,beta,epsilon,inDrop3
7217,human3_lib4.final_cell_0851,23,alpha,epsilon,inDrop3
7218,human3_lib4.final_cell_0852,7,activated_stellate,activated_stellate,inDrop3
7219,human3_lib4.final_cell_0853,2,quiescent_stellate,quiescent_stellate,inDrop3
7220,human3_lib4.final_cell_0854,17,alpha,alpha,inDrop3
7221,human3_lib4.final_cell_0855,23,beta,epsilon,inDrop3
7222,human3_lib4.final_cell_0856,17,alpha,alpha,inDrop3
7223,human3_lib4.final_cell_0857,17,alpha,alpha,inDrop3
7224,human3_lib4.final_cell_0858,23,beta,epsilon,inDrop3
7225,human3_lib4.final_cell_0859,2,activated_stellate,quiescent_stellate,inDrop3
7226,human3_lib4.final_cell_0860,20,beta,beta,inDrop3
7227,human3_lib4.final_cell_0861,17,alpha,alpha,inDrop3
7228,human3_lib4.final_cell_0862,20,beta,beta,inDrop3
7229,human3_lib4.final_cell_0863,3,delta,delta,inDrop3
7230,human3_lib4.final_cell_0864,2,quiescent_stellate,quiescent_stellate,inDrop3
7231,human3_lib4.final_cell_0865,17,alpha,alpha,inDrop3
7232,human3_lib4.final_cell_0866,23,beta,epsilon,inDrop3
7233,human3_lib4.final_cell_0867,20,beta,beta,inDrop3
7234,human3_lib4.final_cell_0868,17,alpha,alpha,inDrop3
7235,human3_lib4.final_cell_0869,23,beta,epsilon,inDrop3
7236,human3_lib4.final_cell_0870,17,alpha,alpha,inDrop3
7237,human3_lib4.final_cell_0871,20,beta,beta,inDrop3
7238,human3_lib4.final_cell_0872,3,delta,delta,inDrop3
7239,human3_lib4.final_cell_0873,1,ductal,ductal,inDrop3
7240,human3_lib4.final_cell_0874,23,alpha,epsilon,inDrop3
7241,human3_lib4.final_cell_0875,23,beta,epsilon,inDrop3
7242,human3_lib4.final_cell_0876,0,endothelial,endothelial,inDrop3
7243,human3_lib4.final_cell_0877,20,beta,beta,inDrop3
7244,human3_lib4.final_cell_0878,23,beta,epsilon,inDrop3
7245,human3_lib4.final_cell_0879,17,alpha,alpha,inDrop3
7246,human3_lib4.final_cell_0880,17,alpha,alpha,inDrop3
7247,human3_lib4.final_cell_0881,17,alpha,alpha,inDrop3
7248,human3_lib4.final_cell_0882,17,alpha,alpha,inDrop3
7249,human3_lib4.final_cell_0883,8,schwann,schwann,inDrop3
7250,human3_lib4.final_cell_0884,23,alpha,epsilon,inDrop3
7251,human3_lib4.final_cell_0885,23,beta,epsilon,inDrop3
7252,human3_lib4.final_cell_0886,4,macrophage,macrophage,inDrop3
7253,human3_lib4.final_cell_0887,0,endothelial,endothelial,inDrop3
7254,human3_lib4.final_cell_0888,1,ductal,ductal,inDrop3
7255,human3_lib4.final_cell_0889,20,beta,beta,inDrop3
7256,human3_lib4.final_cell_0890,17,alpha,alpha,inDrop3
7257,human3_lib4.final_cell_0891,17,alpha,alpha,inDrop3
7258,human3_lib4.final_cell_0892,2,quiescent_stellate,quiescent_stellate,inDrop3
7259,human3_lib4.final_cell_0893,12,acinar,acinar,inDrop3
7260,human3_lib4.final_cell_0894,1,ductal,ductal,inDrop3
7261,human3_lib4.final_cell_0895,17,alpha,alpha,inDrop3
7262,human3_lib4.final_cell_0896,23,beta,epsilon,inDrop3
7263,human3_lib4.final_cell_0897,17,alpha,alpha,inDrop3
7264,human3_lib4.final_cell_0898,23,beta,epsilon,inDrop3
7265,human3_lib4.final_cell_0899,23,alpha,epsilon,inDrop3
7266,human4_lib1.final_cell_0001,13,ductal,Unmatched_13,inDrop4
7267,human4_lib1.final_cell_0002,3,delta,delta,inDrop4
7268,human4_lib1.final_cell_0003,3,delta,delta,inDrop4
7269,human4_lib1.final_cell_0004,13,ductal,Unmatched_13,inDrop4
7270,human4_lib1.final_cell_0005,1,ductal,ductal,inDrop4
7271,human4_lib1.final_cell_0006,1,ductal,ductal,inDrop4
7272,human4_lib1.final_cell_0007,13,ductal,Unmatched_13,inDrop4
7273,human4_lib1.final_cell_0008,17,alpha,alpha,inDrop4
7274,human4_lib1.final_cell_0009,13,ductal,Unmatched_13,inDrop4
7275,human4_lib1.final_cell_0010,13,ductal,Unmatched_13,inDrop4
7276,human4_lib1.final_cell_0011,17,alpha,alpha,inDrop4
7277,human4_lib1.final_cell_0012,1,ductal,ductal,inDrop4
7278,human4_lib1.final_cell_0013,1,ductal,ductal,inDrop4
7279,human4_lib1.final_cell_0014,13,ductal,Unmatched_13,inDrop4
7280,human4_lib1.final_cell_0015,3,delta,delta,inDrop4
7281,human4_lib1.final_cell_0016,7,activated_stellate,activated_stellate,inDrop4
7282,human4_lib1.final_cell_0017,20,beta,beta,inDrop4
7283,human4_lib1.final_cell_0018,13,ductal,Unmatched_13,inDrop4
7284,human4_lib1.final_cell_0019,1,ductal,ductal,inDrop4
7285,human4_lib1.final_cell_0020,20,beta,beta,inDrop4
7286,human4_lib1.final_cell_0021,23,beta,epsilon,inDrop4
7287,human4_lib1.final_cell_0022,3,delta,delta,inDrop4
7288,human4_lib1.final_cell_0023,13,ductal,Unmatched_13,inDrop4
7289,human4_lib1.final_cell_0024,3,delta,delta,inDrop4
7290,human4_lib1.final_cell_0025,17,alpha,alpha,inDrop4
7291,human4_lib1.final_cell_0026,20,beta,beta,inDrop4
7292,human4_lib1.final_cell_0027,20,beta,beta,inDrop4
7293,human4_lib1.final_cell_0028,3,delta,delta,inDrop4
7294,human4_lib1.final_cell_0029,13,ductal,Unmatched_13,inDrop4
7295,human4_lib1.final_cell_0030,7,activated_stellate,activated_stellate,inDrop4
7296,human4_lib1.final_cell_0031,13,ductal,Unmatched_13,inDrop4
7297,human4_lib1.final_cell_0032,13,ductal,Unmatched_13,inDrop4
7298,human4_lib1.final_cell_0033,1,ductal,ductal,inDrop4
7299,human4_lib1.final_cell_0034,20,beta,beta,inDrop4
7300,human4_lib1.final_cell_0035,4,macrophage,macrophage,inDrop4
7301,human4_lib1.final_cell_0036,17,alpha,alpha,inDrop4
7302,human4_lib1.final_cell_0037,20,beta,beta,inDrop4
7303,human4_lib1.final_cell_0038,23,beta,epsilon,inDrop4
7304,human4_lib1.final_cell_0039,17,alpha,alpha,inDrop4
7305,human4_lib1.final_cell_0040,1,ductal,ductal,inDrop4
7306,human4_lib1.final_cell_0041,23,beta,epsilon,inDrop4
7307,human4_lib1.final_cell_0042,20,beta,beta,inDrop4
7308,human4_lib1.final_cell_0043,17,alpha,alpha,inDrop4
7309,human4_lib1.final_cell_0044,1,ductal,ductal,inDrop4
7310,human4_lib1.final_cell_0045,1,ductal,ductal,inDrop4
7311,human4_lib1.final_cell_0046,23,beta,epsilon,inDrop4
7312,human4_lib1.final_cell_0047,20,beta,beta,inDrop4
7313,human4_lib1.final_cell_0048,17,alpha,alpha,inDrop4
7314,human4_lib1.final_cell_0049,20,beta,beta,inDrop4
7315,human4_lib1.final_cell_0050,17,alpha,alpha,inDrop4
7316,human4_lib1.final_cell_0051,20,beta,beta,inDrop4
7317,human4_lib1.final_cell_0052,1,ductal,ductal,inDrop4
7318,human4_lib1.final_cell_0053,20,beta,beta,inDrop4
7319,human4_lib1.final_cell_0054,1,ductal,ductal,inDrop4
7320,human4_lib1.final_cell_0055,17,alpha,alpha,inDrop4
7321,human4_lib1.final_cell_0056,20,beta,beta,inDrop4
7322,human4_lib1.final_cell_0057,23,delta,epsilon,inDrop4
7323,human4_lib1.final_cell_0058,20,beta,beta,inDrop4
7324,human4_lib1.final_cell_0059,20,beta,beta,inDrop4
7325,human4_lib1.final_cell_0060,1,ductal,ductal,inDrop4
7326,human4_lib1.final_cell_0061,20,beta,beta,inDrop4
7327,human4_lib1.final_cell_0062,13,ductal,Unmatched_13,inDrop4
7328,human4_lib1.final_cell_0063,23,beta,epsilon,inDrop4
7329,human4_lib1.final_cell_0064,1,ductal,ductal,inDrop4
7330,human4_lib1.final_cell_0065,13,ductal,Unmatched_13,inDrop4
7331,human4_lib1.final_cell_0066,23,activated_stellate,epsilon,inDrop4
7332,human4_lib1.final_cell_0067,17,alpha,alpha,inDrop4
7333,human4_lib1.final_cell_0068,17,alpha,alpha,inDrop4
7334,human4_lib1.final_cell_0069,3,delta,delta,inDrop4
7335,human4_lib1.final_cell_0070,7,activated_stellate,activated_stellate,inDrop4
7336,human4_lib1.final_cell_0071,7,activated_stellate,activated_stellate,inDrop4
7337,human4_lib1.final_cell_0072,20,beta,beta,inDrop4
7338,human4_lib1.final_cell_0073,7,activated_stellate,activated_stellate,inDrop4
7339,human4_lib1.final_cell_0074,17,alpha,alpha,inDrop4
7340,human4_lib1.final_cell_0075,20,beta,beta,inDrop4
7341,human4_lib1.final_cell_0076,1,ductal,ductal,inDrop4
7342,human4_lib1.final_cell_0077,23,quiescent_stellate,epsilon,inDrop4
7343,human4_lib1.final_cell_0078,23,beta,epsilon,inDrop4
7344,human4_lib1.final_cell_0079,13,ductal,Unmatched_13,inDrop4
7345,human4_lib1.final_cell_0080,20,beta,beta,inDrop4
7346,human4_lib1.final_cell_0081,23,beta,epsilon,inDrop4
7347,human4_lib1.final_cell_0082,7,activated_stellate,activated_stellate,inDrop4
7348,human4_lib1.final_cell_0083,3,delta,delta,inDrop4
7349,human4_lib1.final_cell_0084,20,beta,beta,inDrop4
7350,human4_lib1.final_cell_0085,20,beta,beta,inDrop4
7351,human4_lib1.final_cell_0086,23,beta,epsilon,inDrop4
7352,human4_lib1.final_cell_0087,23,beta,epsilon,inDrop4
7353,human4_lib1.final_cell_0088,3,delta,delta,inDrop4
7354,human4_lib1.final_cell_0089,20,beta,beta,inDrop4
7355,human4_lib1.final_cell_0090,3,delta,delta,inDrop4
7356,human4_lib1.final_cell_0091,23,alpha,epsilon,inDrop4
7357,human4_lib1.final_cell_0092,1,ductal,ductal,inDrop4
7358,human4_lib1.final_cell_0093,17,alpha,alpha,inDrop4
7359,human4_lib1.final_cell_0094,17,alpha,alpha,inDrop4
7360,human4_lib1.final_cell_0095,17,alpha,alpha,inDrop4
7361,human4_lib1.final_cell_0096,4,macrophage,macrophage,inDrop4
7362,human4_lib1.final_cell_0097,3,delta,delta,inDrop4
7363,human4_lib1.final_cell_0098,1,ductal,ductal,inDrop4
7364,human4_lib1.final_cell_0099,1,ductal,ductal,inDrop4
7365,human4_lib1.final_cell_0100,20,beta,beta,inDrop4
7366,human4_lib1.final_cell_0101,1,ductal,ductal,inDrop4
7367,human4_lib1.final_cell_0102,20,beta,beta,inDrop4
7368,human4_lib1.final_cell_0103,20,beta,beta,inDrop4
7369,human4_lib1.final_cell_0104,17,alpha,alpha,inDrop4
7370,human4_lib1.final_cell_0105,20,beta,beta,inDrop4
7371,human4_lib1.final_cell_0106,3,delta,delta,inDrop4
7372,human4_lib1.final_cell_0107,17,alpha,alpha,inDrop4
7373,human4_lib1.final_cell_0108,17,alpha,alpha,inDrop4
7374,human4_lib1.final_cell_0109,3,delta,delta,inDrop4
7375,human4_lib1.final_cell_0110,20,beta,beta,inDrop4
7376,human4_lib1.final_cell_0111,1,ductal,ductal,inDrop4
7377,human4_lib1.final_cell_0112,22,beta,Unmatched_22,inDrop4
7378,human4_lib1.final_cell_0113,20,beta,beta,inDrop4
7379,human4_lib1.final_cell_0114,3,delta,delta,inDrop4
7380,human4_lib1.final_cell_0115,13,acinar,Unmatched_13,inDrop4
7381,human4_lib1.final_cell_0116,1,ductal,ductal,inDrop4
7382,human4_lib1.final_cell_0117,17,alpha,alpha,inDrop4
7383,human4_lib1.final_cell_0118,1,ductal,ductal,inDrop4
7384,human4_lib1.final_cell_0119,1,ductal,ductal,inDrop4
7385,human4_lib1.final_cell_0120,20,beta,beta,inDrop4
7386,human4_lib1.final_cell_0121,20,beta,beta,inDrop4
7387,human4_lib1.final_cell_0122,18,gamma,gamma,inDrop4
7388,human4_lib1.final_cell_0123,17,alpha,alpha,inDrop4
7389,human4_lib1.final_cell_0124,20,beta,beta,inDrop4
7390,human4_lib1.final_cell_0125,22,beta,Unmatched_22,inDrop4
7391,human4_lib1.final_cell_0126,20,beta,beta,inDrop4
7392,human4_lib1.final_cell_0127,13,ductal,Unmatched_13,inDrop4
7393,human4_lib1.final_cell_0128,7,activated_stellate,activated_stellate,inDrop4
7394,human4_lib1.final_cell_0129,3,delta,delta,inDrop4
7395,human4_lib1.final_cell_0130,20,beta,beta,inDrop4
7396,human4_lib1.final_cell_0131,1,ductal,ductal,inDrop4
7397,human4_lib1.final_cell_0132,20,beta,beta,inDrop4
7398,human4_lib1.final_cell_0133,13,ductal,Unmatched_13,inDrop4
7399,human4_lib1.final_cell_0134,13,ductal,Unmatched_13,inDrop4
7400,human4_lib1.final_cell_0135,20,beta,beta,inDrop4
7401,human4_lib1.final_cell_0136,17,alpha,alpha,inDrop4
7402,human4_lib1.final_cell_0137,1,ductal,ductal,inDrop4
7403,human4_lib1.final_cell_0138,3,delta,delta,inDrop4
7404,human4_lib1.final_cell_0139,23,beta,epsilon,inDrop4
7405,human4_lib1.final_cell_0140,3,delta,delta,inDrop4
7406,human4_lib1.final_cell_0141,3,delta,delta,inDrop4
7407,human4_lib1.final_cell_0142,17,alpha,alpha,inDrop4
7408,human4_lib1.final_cell_0143,17,alpha,alpha,inDrop4
7409,human4_lib1.final_cell_0144,1,ductal,ductal,inDrop4
7410,human4_lib1.final_cell_0145,4,macrophage,macrophage,inDrop4
7411,human4_lib1.final_cell_0146,17,alpha,alpha,inDrop4
7412,human4_lib1.final_cell_0147,13,ductal,Unmatched_13,inDrop4
7413,human4_lib1.final_cell_0148,1,ductal,ductal,inDrop4
7414,human4_lib1.final_cell_0149,1,ductal,ductal,inDrop4
7415,human4_lib1.final_cell_0150,23,beta,epsilon,inDrop4
7416,human4_lib1.final_cell_0151,20,beta,beta,inDrop4
7417,human4_lib1.final_cell_0152,17,alpha,alpha,inDrop4
7418,human4_lib1.final_cell_0153,20,beta,beta,inDrop4
7419,human4_lib1.final_cell_0154,23,alpha,epsilon,inDrop4
7420,human4_lib1.final_cell_0155,20,beta,beta,inDrop4
7421,human4_lib1.final_cell_0156,20,beta,beta,inDrop4
7422,human4_lib1.final_cell_0157,1,ductal,ductal,inDrop4
7423,human4_lib1.final_cell_0158,1,ductal,ductal,inDrop4
7424,human4_lib1.final_cell_0159,20,beta,beta,inDrop4
7425,human4_lib1.final_cell_0160,20,beta,beta,inDrop4
7426,human4_lib1.final_cell_0161,17,alpha,alpha,inDrop4
7427,human4_lib1.final_cell_0162,17,alpha,alpha,inDrop4
7428,human4_lib1.final_cell_0163,20,beta,beta,inDrop4
7429,human4_lib1.final_cell_0164,22,beta,Unmatched_22,inDrop4
7430,human4_lib1.final_cell_0165,17,alpha,alpha,inDrop4
7431,human4_lib1.final_cell_0166,20,beta,beta,inDrop4
7432,human4_lib1.final_cell_0167,20,beta,beta,inDrop4
7433,human4_lib1.final_cell_0168,17,alpha,alpha,inDrop4
7434,human4_lib1.final_cell_0169,3,delta,delta,inDrop4
7435,human4_lib1.final_cell_0170,20,beta,beta,inDrop4
7436,human4_lib1.final_cell_0171,17,alpha,alpha,inDrop4
7437,human4_lib1.final_cell_0172,20,beta,beta,inDrop4
7438,human4_lib1.final_cell_0173,20,beta,beta,inDrop4
7439,human4_lib1.final_cell_0174,23,beta,epsilon,inDrop4
7440,human4_lib1.final_cell_0175,23,beta,epsilon,inDrop4
7441,human4_lib1.final_cell_0176,3,delta,delta,inDrop4
7442,human4_lib1.final_cell_0177,23,beta,epsilon,inDrop4
7443,human4_lib1.final_cell_0178,1,ductal,ductal,inDrop4
7444,human4_lib1.final_cell_0179,18,gamma,gamma,inDrop4
7445,human4_lib1.final_cell_0180,3,delta,delta,inDrop4
7446,human4_lib1.final_cell_0181,1,ductal,ductal,inDrop4
7447,human4_lib1.final_cell_0182,17,alpha,alpha,inDrop4
7448,human4_lib1.final_cell_0183,12,ductal,acinar,inDrop4
7449,human4_lib1.final_cell_0184,17,alpha,alpha,inDrop4
7450,human4_lib1.final_cell_0185,17,alpha,alpha,inDrop4
7451,human4_lib1.final_cell_0186,3,delta,delta,inDrop4
7452,human4_lib1.final_cell_0187,17,alpha,alpha,inDrop4
7453,human4_lib1.final_cell_0188,20,beta,beta,inDrop4
7454,human4_lib1.final_cell_0189,3,delta,delta,inDrop4
7455,human4_lib1.final_cell_0190,17,alpha,alpha,inDrop4
7456,human4_lib1.final_cell_0191,17,alpha,alpha,inDrop4
7457,human4_lib1.final_cell_0192,3,delta,delta,inDrop4
7458,human4_lib1.final_cell_0193,20,beta,beta,inDrop4
7459,human4_lib1.final_cell_0194,20,beta,beta,inDrop4
7460,human4_lib1.final_cell_0195,17,alpha,alpha,inDrop4
7461,human4_lib1.final_cell_0196,18,gamma,gamma,inDrop4
7462,human4_lib1.final_cell_0197,20,beta,beta,inDrop4
7463,human4_lib1.final_cell_0198,20,beta,beta,inDrop4
7464,human4_lib1.final_cell_0199,18,gamma,gamma,inDrop4
7465,human4_lib1.final_cell_0200,3,delta,delta,inDrop4
7466,human4_lib1.final_cell_0201,1,ductal,ductal,inDrop4
7467,human4_lib1.final_cell_0202,20,beta,beta,inDrop4
7468,human4_lib1.final_cell_0203,17,alpha,alpha,inDrop4
7469,human4_lib1.final_cell_0204,3,delta,delta,inDrop4
7470,human4_lib1.final_cell_0205,20,beta,beta,inDrop4
7471,human4_lib1.final_cell_0206,23,beta,epsilon,inDrop4
7472,human4_lib1.final_cell_0207,17,alpha,alpha,inDrop4
7473,human4_lib1.final_cell_0208,13,ductal,Unmatched_13,inDrop4
7474,human4_lib1.final_cell_0209,1,ductal,ductal,inDrop4
7475,human4_lib1.final_cell_0210,20,beta,beta,inDrop4
7476,human4_lib1.final_cell_0211,17,alpha,alpha,inDrop4
7477,human4_lib1.final_cell_0212,1,ductal,ductal,inDrop4
7478,human4_lib1.final_cell_0213,7,activated_stellate,activated_stellate,inDrop4
7479,human4_lib1.final_cell_0214,17,alpha,alpha,inDrop4
7480,human4_lib1.final_cell_0215,20,beta,beta,inDrop4
7481,human4_lib1.final_cell_0216,17,alpha,alpha,inDrop4
7482,human4_lib1.final_cell_0217,1,ductal,ductal,inDrop4
7483,human4_lib1.final_cell_0218,20,beta,beta,inDrop4
7484,human4_lib1.final_cell_0219,23,beta,epsilon,inDrop4
7485,human4_lib1.final_cell_0220,1,ductal,ductal,inDrop4
7486,human4_lib1.final_cell_0221,23,beta,epsilon,inDrop4
7487,human4_lib1.final_cell_0222,20,beta,beta,inDrop4
7488,human4_lib1.final_cell_0223,1,ductal,ductal,inDrop4
7489,human4_lib1.final_cell_0224,23,beta,epsilon,inDrop4
7490,human4_lib1.final_cell_0225,20,beta,beta,inDrop4
7491,human4_lib1.final_cell_0226,20,beta,beta,inDrop4
7492,human4_lib1.final_cell_0227,20,beta,beta,inDrop4
7493,human4_lib1.final_cell_0228,17,alpha,alpha,inDrop4
7494,human4_lib1.final_cell_0229,3,delta,delta,inDrop4
7495,human4_lib1.final_cell_0230,17,alpha,alpha,inDrop4
7496,human4_lib1.final_cell_0231,4,macrophage,macrophage,inDrop4
7497,human4_lib1.final_cell_0232,17,alpha,alpha,inDrop4
7498,human4_lib1.final_cell_0233,17,alpha,alpha,inDrop4
7499,human4_lib1.final_cell_0234,20,beta,beta,inDrop4
7500,human4_lib1.final_cell_0235,7,activated_stellate,activated_stellate,inDrop4
7501,human4_lib1.final_cell_0236,23,beta,epsilon,inDrop4
7502,human4_lib1.final_cell_0237,20,beta,beta,inDrop4
7503,human4_lib1.final_cell_0238,1,ductal,ductal,inDrop4
7504,human4_lib1.final_cell_0239,1,ductal,ductal,inDrop4
7505,human4_lib1.final_cell_0240,18,gamma,gamma,inDrop4
7506,human4_lib1.final_cell_0241,20,beta,beta,inDrop4
7507,human4_lib1.final_cell_0242,1,ductal,ductal,inDrop4
7508,human4_lib1.final_cell_0243,23,beta,epsilon,inDrop4
7509,human4_lib1.final_cell_0244,20,beta,beta,inDrop4
7510,human4_lib1.final_cell_0245,20,beta,beta,inDrop4
7511,human4_lib1.final_cell_0246,20,beta,beta,inDrop4
7512,human4_lib1.final_cell_0247,20,beta,beta,inDrop4
7513,human4_lib1.final_cell_0248,17,alpha,alpha,inDrop4
7514,human4_lib1.final_cell_0249,3,delta,delta,inDrop4
7515,human4_lib1.final_cell_0250,17,alpha,alpha,inDrop4
7516,human4_lib1.final_cell_0251,1,ductal,ductal,inDrop4
7517,human4_lib1.final_cell_0252,13,ductal,Unmatched_13,inDrop4
7518,human4_lib1.final_cell_0253,20,beta,beta,inDrop4
7519,human4_lib1.final_cell_0254,17,alpha,alpha,inDrop4
7520,human4_lib1.final_cell_0255,17,alpha,alpha,inDrop4
7521,human4_lib1.final_cell_0256,12,ductal,acinar,inDrop4
7522,human4_lib1.final_cell_0257,1,ductal,ductal,inDrop4
7523,human4_lib1.final_cell_0258,17,alpha,alpha,inDrop4
7524,human4_lib1.final_cell_0259,17,alpha,alpha,inDrop4
7525,human4_lib1.final_cell_0260,1,ductal,ductal,inDrop4
7526,human4_lib1.final_cell_0261,20,beta,beta,inDrop4
7527,human4_lib1.final_cell_0262,20,beta,beta,inDrop4
7528,human4_lib1.final_cell_0263,17,alpha,alpha,inDrop4
7529,human4_lib1.final_cell_0264,13,ductal,Unmatched_13,inDrop4
7530,human4_lib1.final_cell_0265,18,gamma,gamma,inDrop4
7531,human4_lib1.final_cell_0266,20,beta,beta,inDrop4
7532,human4_lib1.final_cell_0267,3,delta,delta,inDrop4
7533,human4_lib1.final_cell_0268,18,gamma,gamma,inDrop4
7534,human4_lib1.final_cell_0269,20,beta,beta,inDrop4
7535,human4_lib1.final_cell_0270,1,ductal,ductal,inDrop4
7536,human4_lib1.final_cell_0271,1,ductal,ductal,inDrop4
7537,human4_lib1.final_cell_0272,20,beta,beta,inDrop4
7538,human4_lib1.final_cell_0273,1,ductal,ductal,inDrop4
7539,human4_lib1.final_cell_0274,23,beta,epsilon,inDrop4
7540,human4_lib1.final_cell_0275,17,alpha,alpha,inDrop4
7541,human4_lib1.final_cell_0276,23,beta,epsilon,inDrop4
7542,human4_lib1.final_cell_0277,20,beta,beta,inDrop4
7543,human4_lib1.final_cell_0278,20,beta,beta,inDrop4
7544,human4_lib1.final_cell_0279,17,alpha,alpha,inDrop4
7545,human4_lib1.final_cell_0280,20,beta,beta,inDrop4
7546,human4_lib1.final_cell_0281,17,alpha,alpha,inDrop4
7547,human4_lib1.final_cell_0282,20,beta,beta,inDrop4
7548,human4_lib1.final_cell_0283,20,beta,beta,inDrop4
7549,human4_lib1.final_cell_0284,17,alpha,alpha,inDrop4
7550,human4_lib1.final_cell_0285,1,ductal,ductal,inDrop4
7551,human4_lib1.final_cell_0286,17,alpha,alpha,inDrop4
7552,human4_lib1.final_cell_0287,1,ductal,ductal,inDrop4
7553,human4_lib1.final_cell_0288,20,beta,beta,inDrop4
7554,human4_lib1.final_cell_0289,17,alpha,alpha,inDrop4
7555,human4_lib1.final_cell_0290,20,beta,beta,inDrop4
7556,human4_lib1.final_cell_0291,20,beta,beta,inDrop4
7557,human4_lib1.final_cell_0292,20,beta,beta,inDrop4
7558,human4_lib1.final_cell_0293,20,beta,beta,inDrop4
7559,human4_lib1.final_cell_0294,17,alpha,alpha,inDrop4
7560,human4_lib1.final_cell_0295,4,macrophage,macrophage,inDrop4
7561,human4_lib1.final_cell_0296,17,alpha,alpha,inDrop4
7562,human4_lib1.final_cell_0297,3,delta,delta,inDrop4
7563,human4_lib1.final_cell_0298,18,gamma,gamma,inDrop4
7564,human4_lib1.final_cell_0299,20,beta,beta,inDrop4
7565,human4_lib1.final_cell_0300,20,beta,beta,inDrop4
7566,human4_lib1.final_cell_0301,3,delta,delta,inDrop4
7567,human4_lib1.final_cell_0302,13,ductal,Unmatched_13,inDrop4
7568,human4_lib1.final_cell_0303,1,ductal,ductal,inDrop4
7569,human4_lib1.final_cell_0304,20,beta,beta,inDrop4
7570,human4_lib1.final_cell_0305,23,beta,epsilon,inDrop4
7571,human4_lib1.final_cell_0306,17,alpha,alpha,inDrop4
7572,human4_lib1.final_cell_0307,20,beta,beta,inDrop4
7573,human4_lib1.final_cell_0308,17,alpha,alpha,inDrop4
7574,human4_lib1.final_cell_0309,23,activated_stellate,epsilon,inDrop4
7575,human4_lib1.final_cell_0310,17,alpha,alpha,inDrop4
7576,human4_lib1.final_cell_0311,18,gamma,gamma,inDrop4
7577,human4_lib1.final_cell_0312,3,delta,delta,inDrop4
7578,human4_lib1.final_cell_0313,20,beta,beta,inDrop4
7579,human4_lib1.final_cell_0314,17,alpha,alpha,inDrop4
7580,human4_lib1.final_cell_0315,17,alpha,alpha,inDrop4
7581,human4_lib1.final_cell_0316,23,beta,epsilon,inDrop4
7582,human4_lib1.final_cell_0317,3,delta,delta,inDrop4
7583,human4_lib1.final_cell_0318,4,delta,macrophage,inDrop4
7584,human4_lib1.final_cell_0319,3,delta,delta,inDrop4
7585,human4_lib1.final_cell_0320,17,alpha,alpha,inDrop4
7586,human4_lib1.final_cell_0321,23,beta,epsilon,inDrop4
7587,human4_lib1.final_cell_0322,23,beta,epsilon,inDrop4
7588,human4_lib1.final_cell_0323,7,activated_stellate,activated_stellate,inDrop4
7589,human4_lib1.final_cell_0324,1,ductal,ductal,inDrop4
7590,human4_lib1.final_cell_0325,20,beta,beta,inDrop4
7591,human4_lib1.final_cell_0326,23,epsilon,epsilon,inDrop4
7592,human4_lib1.final_cell_0327,17,alpha,alpha,inDrop4
7593,human4_lib1.final_cell_0328,18,gamma,gamma,inDrop4
7594,human4_lib1.final_cell_0329,18,gamma,gamma,inDrop4
7595,human4_lib1.final_cell_0330,20,beta,beta,inDrop4
7596,human4_lib1.final_cell_0331,18,gamma,gamma,inDrop4
7597,human4_lib1.final_cell_0332,17,alpha,alpha,inDrop4
7598,human4_lib1.final_cell_0333,17,alpha,alpha,inDrop4
7599,human4_lib1.final_cell_0334,20,beta,beta,inDrop4
7600,human4_lib1.final_cell_0335,17,alpha,alpha,inDrop4
7601,human4_lib1.final_cell_0336,1,ductal,ductal,inDrop4
7602,human4_lib1.final_cell_0337,3,delta,delta,inDrop4
7603,human4_lib1.final_cell_0338,17,alpha,alpha,inDrop4
7604,human4_lib1.final_cell_0339,20,beta,beta,inDrop4
7605,human4_lib1.final_cell_0340,20,beta,beta,inDrop4
7606,human4_lib1.final_cell_0341,17,alpha,alpha,inDrop4
7607,human4_lib1.final_cell_0342,23,beta,epsilon,inDrop4
7608,human4_lib1.final_cell_0343,1,ductal,ductal,inDrop4
7609,human4_lib1.final_cell_0344,17,alpha,alpha,inDrop4
7610,human4_lib1.final_cell_0345,17,alpha,alpha,inDrop4
7611,human4_lib1.final_cell_0346,1,ductal,ductal,inDrop4
7612,human4_lib1.final_cell_0347,3,delta,delta,inDrop4
7613,human4_lib1.final_cell_0348,20,beta,beta,inDrop4
7614,human4_lib1.final_cell_0349,4,macrophage,macrophage,inDrop4
7615,human4_lib1.final_cell_0350,17,alpha,alpha,inDrop4
7616,human4_lib1.final_cell_0351,1,ductal,ductal,inDrop4
7617,human4_lib1.final_cell_0352,20,beta,beta,inDrop4
7618,human4_lib1.final_cell_0353,17,alpha,alpha,inDrop4
7619,human4_lib1.final_cell_0354,7,activated_stellate,activated_stellate,inDrop4
7620,human4_lib1.final_cell_0355,1,ductal,ductal,inDrop4
7621,human4_lib1.final_cell_0356,20,beta,beta,inDrop4
7622,human4_lib1.final_cell_0357,17,alpha,alpha,inDrop4
7623,human4_lib1.final_cell_0358,23,beta,epsilon,inDrop4
7624,human4_lib1.final_cell_0359,23,beta,epsilon,inDrop4
7625,human4_lib1.final_cell_0360,1,ductal,ductal,inDrop4
7626,human4_lib1.final_cell_0361,0,endothelial,endothelial,inDrop4
7627,human4_lib1.final_cell_0362,1,ductal,ductal,inDrop4
7628,human4_lib1.final_cell_0363,17,alpha,alpha,inDrop4
7629,human4_lib1.final_cell_0364,1,ductal,ductal,inDrop4
7630,human4_lib1.final_cell_0365,18,gamma,gamma,inDrop4
7631,human4_lib1.final_cell_0366,20,beta,beta,inDrop4
7632,human4_lib1.final_cell_0367,7,activated_stellate,activated_stellate,inDrop4
7633,human4_lib1.final_cell_0368,20,beta,beta,inDrop4
7634,human4_lib1.final_cell_0369,17,alpha,alpha,inDrop4
7635,human4_lib1.final_cell_0370,17,alpha,alpha,inDrop4
7636,human4_lib1.final_cell_0371,7,activated_stellate,activated_stellate,inDrop4
7637,human4_lib1.final_cell_0372,1,ductal,ductal,inDrop4
7638,human4_lib1.final_cell_0373,17,alpha,alpha,inDrop4
7639,human4_lib1.final_cell_0374,20,beta,beta,inDrop4
7640,human4_lib1.final_cell_0375,20,beta,beta,inDrop4
7641,human4_lib1.final_cell_0376,17,alpha,alpha,inDrop4
7642,human4_lib1.final_cell_0377,3,delta,delta,inDrop4
7643,human4_lib1.final_cell_0378,20,beta,beta,inDrop4
7644,human4_lib1.final_cell_0379,1,ductal,ductal,inDrop4
7645,human4_lib1.final_cell_0380,20,beta,beta,inDrop4
7646,human4_lib1.final_cell_0381,23,beta,epsilon,inDrop4
7647,human4_lib1.final_cell_0382,23,beta,epsilon,inDrop4
7648,human4_lib1.final_cell_0383,20,beta,beta,inDrop4
7649,human4_lib1.final_cell_0384,17,alpha,alpha,inDrop4
7650,human4_lib1.final_cell_0385,20,beta,beta,inDrop4
7651,human4_lib1.final_cell_0386,17,alpha,alpha,inDrop4
7652,human4_lib1.final_cell_0387,3,delta,delta,inDrop4
7653,human4_lib1.final_cell_0388,18,gamma,gamma,inDrop4
7654,human4_lib1.final_cell_0389,23,beta,epsilon,inDrop4
7655,human4_lib1.final_cell_0390,3,beta,delta,inDrop4
7656,human4_lib1.final_cell_0391,17,alpha,alpha,inDrop4
7657,human4_lib1.final_cell_0392,17,alpha,alpha,inDrop4
7658,human4_lib1.final_cell_0393,3,delta,delta,inDrop4
7659,human4_lib1.final_cell_0394,17,alpha,alpha,inDrop4
7660,human4_lib1.final_cell_0395,18,gamma,gamma,inDrop4
7661,human4_lib1.final_cell_0396,20,beta,beta,inDrop4
7662,human4_lib1.final_cell_0397,20,beta,beta,inDrop4
7663,human4_lib1.final_cell_0398,20,beta,beta,inDrop4
7664,human4_lib1.final_cell_0399,1,ductal,ductal,inDrop4
7665,human4_lib1.final_cell_0400,7,activated_stellate,activated_stellate,inDrop4
7666,human4_lib1.final_cell_0401,23,beta,epsilon,inDrop4
7667,human4_lib1.final_cell_0402,13,ductal,Unmatched_13,inDrop4
7668,human4_lib1.final_cell_0403,20,beta,beta,inDrop4
7669,human4_lib1.final_cell_0404,20,beta,beta,inDrop4
7670,human4_lib1.final_cell_0405,20,beta,beta,inDrop4
7671,human4_lib1.final_cell_0406,3,delta,delta,inDrop4
7672,human4_lib1.final_cell_0407,20,beta,beta,inDrop4
7673,human4_lib1.final_cell_0408,17,alpha,alpha,inDrop4
7674,human4_lib1.final_cell_0409,23,beta,epsilon,inDrop4
7675,human4_lib1.final_cell_0410,23,beta,epsilon,inDrop4
7676,human4_lib1.final_cell_0411,22,beta,Unmatched_22,inDrop4
7677,human4_lib1.final_cell_0412,23,beta,epsilon,inDrop4
7678,human4_lib1.final_cell_0413,1,ductal,ductal,inDrop4
7679,human4_lib1.final_cell_0414,20,beta,beta,inDrop4
7680,human4_lib1.final_cell_0415,23,beta,epsilon,inDrop4
7681,human4_lib1.final_cell_0416,17,alpha,alpha,inDrop4
7682,human4_lib1.final_cell_0417,23,beta,epsilon,inDrop4
7683,human4_lib1.final_cell_0418,20,beta,beta,inDrop4
7684,human4_lib1.final_cell_0419,3,delta,delta,inDrop4
7685,human4_lib1.final_cell_0420,1,ductal,ductal,inDrop4
7686,human4_lib1.final_cell_0421,17,alpha,alpha,inDrop4
7687,human4_lib1.final_cell_0422,1,ductal,ductal,inDrop4
7688,human4_lib1.final_cell_0423,20,beta,beta,inDrop4
7689,human4_lib1.final_cell_0424,17,alpha,alpha,inDrop4
7690,human4_lib1.final_cell_0425,0,endothelial,endothelial,inDrop4
7691,human4_lib1.final_cell_0426,20,beta,beta,inDrop4
7692,human4_lib1.final_cell_0427,20,beta,beta,inDrop4
7693,human4_lib1.final_cell_0428,17,alpha,alpha,inDrop4
7694,human4_lib1.final_cell_0429,20,beta,beta,inDrop4
7695,human4_lib1.final_cell_0430,23,beta,epsilon,inDrop4
7696,human4_lib1.final_cell_0431,20,beta,beta,inDrop4
7697,human4_lib1.final_cell_0432,20,beta,beta,inDrop4
7698,human4_lib1.final_cell_0433,20,beta,beta,inDrop4
7699,human4_lib1.final_cell_0434,23,beta,epsilon,inDrop4
7700,human4_lib1.final_cell_0435,17,alpha,alpha,inDrop4
7701,human4_lib1.final_cell_0436,23,beta,epsilon,inDrop4
7702,human4_lib1.final_cell_0437,23,beta,epsilon,inDrop4
7703,human4_lib1.final_cell_0438,1,ductal,ductal,inDrop4
7704,human4_lib1.final_cell_0439,1,ductal,ductal,inDrop4
7705,human4_lib1.final_cell_0440,7,activated_stellate,activated_stellate,inDrop4
7706,human4_lib1.final_cell_0441,17,alpha,alpha,inDrop4
7707,human4_lib1.final_cell_0442,17,alpha,alpha,inDrop4
7708,human4_lib1.final_cell_0443,17,alpha,alpha,inDrop4
7709,human4_lib1.final_cell_0444,23,beta,epsilon,inDrop4
7710,human4_lib1.final_cell_0445,23,beta,epsilon,inDrop4
7711,human4_lib1.final_cell_0446,1,ductal,ductal,inDrop4
7712,human4_lib1.final_cell_0447,7,activated_stellate,activated_stellate,inDrop4
7713,human4_lib1.final_cell_0448,17,alpha,alpha,inDrop4
7714,human4_lib1.final_cell_0449,18,gamma,gamma,inDrop4
7715,human4_lib1.final_cell_0450,2,quiescent_stellate,quiescent_stellate,inDrop4
7716,human4_lib1.final_cell_0451,20,beta,beta,inDrop4
7717,human4_lib1.final_cell_0452,1,ductal,ductal,inDrop4
7718,human4_lib1.final_cell_0453,3,delta,delta,inDrop4
7719,human4_lib1.final_cell_0454,23,beta,epsilon,inDrop4
7720,human4_lib1.final_cell_0455,13,ductal,Unmatched_13,inDrop4
7721,human4_lib1.final_cell_0456,20,beta,beta,inDrop4
7722,human4_lib1.final_cell_0457,17,alpha,alpha,inDrop4
7723,human4_lib1.final_cell_0458,18,gamma,gamma,inDrop4
7724,human4_lib1.final_cell_0459,20,beta,beta,inDrop4
7725,human4_lib1.final_cell_0460,17,alpha,alpha,inDrop4
7726,human4_lib1.final_cell_0461,23,beta,epsilon,inDrop4
7727,human4_lib1.final_cell_0462,1,ductal,ductal,inDrop4
7728,human4_lib1.final_cell_0463,20,beta,beta,inDrop4
7729,human4_lib1.final_cell_0464,18,gamma,gamma,inDrop4
7730,human4_lib1.final_cell_0465,20,beta,beta,inDrop4
7731,human4_lib1.final_cell_0466,1,ductal,ductal,inDrop4
7732,human4_lib1.final_cell_0467,20,beta,beta,inDrop4
7733,human4_lib1.final_cell_0468,1,ductal,ductal,inDrop4
7734,human4_lib1.final_cell_0469,13,ductal,Unmatched_13,inDrop4
7735,human4_lib1.final_cell_0470,18,gamma,gamma,inDrop4
7736,human4_lib1.final_cell_0471,7,activated_stellate,activated_stellate,inDrop4
7737,human4_lib1.final_cell_0472,17,alpha,alpha,inDrop4
7738,human4_lib1.final_cell_0473,17,alpha,alpha,inDrop4
7739,human4_lib1.final_cell_0474,20,beta,beta,inDrop4
7740,human4_lib1.final_cell_0475,20,beta,beta,inDrop4
7741,human4_lib1.final_cell_0476,23,beta,epsilon,inDrop4
7742,human4_lib1.final_cell_0477,17,alpha,alpha,inDrop4
7743,human4_lib1.final_cell_0478,20,beta,beta,inDrop4
7744,human4_lib1.final_cell_0479,17,alpha,alpha,inDrop4
7745,human4_lib1.final_cell_0480,17,alpha,alpha,inDrop4
7746,human4_lib1.final_cell_0481,17,alpha,alpha,inDrop4
7747,human4_lib1.final_cell_0482,20,beta,beta,inDrop4
7748,human4_lib1.final_cell_0483,17,alpha,alpha,inDrop4
7749,human4_lib1.final_cell_0484,18,gamma,gamma,inDrop4
7750,human4_lib1.final_cell_0485,0,endothelial,endothelial,inDrop4
7751,human4_lib1.final_cell_0486,22,beta,Unmatched_22,inDrop4
7752,human4_lib1.final_cell_0487,17,alpha,alpha,inDrop4
7753,human4_lib1.final_cell_0488,18,gamma,gamma,inDrop4
7754,human4_lib1.final_cell_0489,23,beta,epsilon,inDrop4
7755,human4_lib1.final_cell_0490,23,beta,epsilon,inDrop4
7756,human4_lib1.final_cell_0491,22,beta,Unmatched_22,inDrop4
7757,human4_lib1.final_cell_0492,1,ductal,ductal,inDrop4
7758,human4_lib1.final_cell_0493,7,activated_stellate,activated_stellate,inDrop4
7759,human4_lib1.final_cell_0494,3,delta,delta,inDrop4
7760,human4_lib1.final_cell_0495,7,activated_stellate,activated_stellate,inDrop4
7761,human4_lib1.final_cell_0496,1,ductal,ductal,inDrop4
7762,human4_lib1.final_cell_0497,20,beta,beta,inDrop4
7763,human4_lib1.final_cell_0498,17,alpha,alpha,inDrop4
7764,human4_lib1.final_cell_0499,20,beta,beta,inDrop4
7765,human4_lib1.final_cell_0500,20,beta,beta,inDrop4
7766,human4_lib1.final_cell_0501,20,beta,beta,inDrop4
7767,human4_lib1.final_cell_0502,18,beta,gamma,inDrop4
7768,human4_lib1.final_cell_0503,23,beta,epsilon,inDrop4
7769,human4_lib1.final_cell_0504,20,beta,beta,inDrop4
7770,human4_lib1.final_cell_0505,18,gamma,gamma,inDrop4
7771,human4_lib1.final_cell_0506,2,activated_stellate,quiescent_stellate,inDrop4
7772,human4_lib1.final_cell_0507,1,ductal,ductal,inDrop4
7773,human4_lib1.final_cell_0508,17,alpha,alpha,inDrop4
7774,human4_lib1.final_cell_0509,23,beta,epsilon,inDrop4
7775,human4_lib1.final_cell_0510,23,beta,epsilon,inDrop4
7776,human4_lib1.final_cell_0511,17,alpha,alpha,inDrop4
7777,human4_lib1.final_cell_0512,20,beta,beta,inDrop4
7778,human4_lib1.final_cell_0513,23,beta,epsilon,inDrop4
7779,human4_lib1.final_cell_0514,23,beta,epsilon,inDrop4
7780,human4_lib1.final_cell_0515,20,beta,beta,inDrop4
7781,human4_lib1.final_cell_0516,23,beta,epsilon,inDrop4
7782,human4_lib1.final_cell_0517,18,gamma,gamma,inDrop4
7783,human4_lib1.final_cell_0518,17,alpha,alpha,inDrop4
7784,human4_lib1.final_cell_0519,17,alpha,alpha,inDrop4
7785,human4_lib1.final_cell_0520,1,ductal,ductal,inDrop4
7786,human4_lib1.final_cell_0521,20,beta,beta,inDrop4
7787,human4_lib1.final_cell_0522,20,beta,beta,inDrop4
7788,human4_lib1.final_cell_0523,20,beta,beta,inDrop4
7789,human4_lib1.final_cell_0524,20,beta,beta,inDrop4
7790,human4_lib1.final_cell_0525,20,beta,beta,inDrop4
7791,human4_lib1.final_cell_0526,1,ductal,ductal,inDrop4
7792,human4_lib1.final_cell_0527,20,beta,beta,inDrop4
7793,human4_lib1.final_cell_0528,1,ductal,ductal,inDrop4
7794,human4_lib1.final_cell_0529,20,beta,beta,inDrop4
7795,human4_lib1.final_cell_0530,3,delta,delta,inDrop4
7796,human4_lib1.final_cell_0531,23,beta,epsilon,inDrop4
7797,human4_lib1.final_cell_0532,20,beta,beta,inDrop4
7798,human4_lib1.final_cell_0533,3,delta,delta,inDrop4
7799,human4_lib1.final_cell_0534,1,ductal,ductal,inDrop4
7800,human4_lib1.final_cell_0535,20,beta,beta,inDrop4
7801,human4_lib1.final_cell_0536,17,alpha,alpha,inDrop4
7802,human4_lib1.final_cell_0537,20,beta,beta,inDrop4
7803,human4_lib1.final_cell_0538,20,beta,beta,inDrop4
7804,human4_lib1.final_cell_0539,23,beta,epsilon,inDrop4
7805,human4_lib1.final_cell_0540,1,ductal,ductal,inDrop4
7806,human4_lib1.final_cell_0541,17,alpha,alpha,inDrop4
7807,human4_lib1.final_cell_0542,20,beta,beta,inDrop4
7808,human4_lib1.final_cell_0543,23,beta,epsilon,inDrop4
7809,human4_lib1.final_cell_0544,1,ductal,ductal,inDrop4
7810,human4_lib1.final_cell_0545,17,alpha,alpha,inDrop4
7811,human4_lib1.final_cell_0546,22,beta,Unmatched_22,inDrop4
7812,human4_lib1.final_cell_0547,17,alpha,alpha,inDrop4
7813,human4_lib1.final_cell_0548,7,activated_stellate,activated_stellate,inDrop4
7814,human4_lib1.final_cell_0549,7,activated_stellate,activated_stellate,inDrop4
7815,human4_lib1.final_cell_0550,3,delta,delta,inDrop4
7816,human4_lib1.final_cell_0551,21,beta,Unmatched_21,inDrop4
7817,human4_lib1.final_cell_0552,20,beta,beta,inDrop4
7818,human4_lib1.final_cell_0553,20,beta,beta,inDrop4
7819,human4_lib1.final_cell_0554,1,ductal,ductal,inDrop4
7820,human4_lib1.final_cell_0555,22,beta,Unmatched_22,inDrop4
7821,human4_lib1.final_cell_0556,1,ductal,ductal,inDrop4
7822,human4_lib1.final_cell_0557,20,beta,beta,inDrop4
7823,human4_lib1.final_cell_0558,17,alpha,alpha,inDrop4
7824,human4_lib1.final_cell_0559,1,ductal,ductal,inDrop4
7825,human4_lib1.final_cell_0560,17,alpha,alpha,inDrop4
7826,human4_lib1.final_cell_0561,18,gamma,gamma,inDrop4
7827,human4_lib1.final_cell_0562,23,alpha,epsilon,inDrop4
7828,human4_lib1.final_cell_0563,3,beta,delta,inDrop4
7829,human4_lib1.final_cell_0564,1,ductal,ductal,inDrop4
7830,human4_lib1.final_cell_0565,23,beta,epsilon,inDrop4
7831,human4_lib1.final_cell_0566,23,ductal,epsilon,inDrop4
7832,human4_lib1.final_cell_0567,23,beta,epsilon,inDrop4
7833,human4_lib1.final_cell_0568,4,t_cell,macrophage,inDrop4
7834,human4_lib1.final_cell_0569,17,alpha,alpha,inDrop4
7835,human4_lib1.final_cell_0570,18,gamma,gamma,inDrop4
7836,human4_lib1.final_cell_0571,3,delta,delta,inDrop4
7837,human4_lib1.final_cell_0572,0,endothelial,endothelial,inDrop4
7838,human4_lib1.final_cell_0573,17,alpha,alpha,inDrop4
7839,human4_lib1.final_cell_0574,17,alpha,alpha,inDrop4
7840,human4_lib1.final_cell_0575,18,gamma,gamma,inDrop4
7841,human4_lib1.final_cell_0576,20,beta,beta,inDrop4
7842,human4_lib1.final_cell_0577,23,beta,epsilon,inDrop4
7843,human4_lib1.final_cell_0578,2,quiescent_stellate,quiescent_stellate,inDrop4
7844,human4_lib1.final_cell_0579,4,macrophage,macrophage,inDrop4
7845,human4_lib1.final_cell_0580,18,gamma,gamma,inDrop4
7846,human4_lib1.final_cell_0581,17,alpha,alpha,inDrop4
7847,human4_lib1.final_cell_0582,3,beta,delta,inDrop4
7848,human4_lib1.final_cell_0583,20,beta,beta,inDrop4
7849,human4_lib1.final_cell_0584,13,ductal,Unmatched_13,inDrop4
7850,human4_lib1.final_cell_0585,1,ductal,ductal,inDrop4
7851,human4_lib1.final_cell_0586,23,beta,epsilon,inDrop4
7852,human4_lib1.final_cell_0587,20,beta,beta,inDrop4
7853,human4_lib1.final_cell_0588,17,alpha,alpha,inDrop4
7854,human4_lib1.final_cell_0589,20,beta,beta,inDrop4
7855,human4_lib1.final_cell_0590,1,ductal,ductal,inDrop4
7856,human4_lib1.final_cell_0591,17,alpha,alpha,inDrop4
7857,human4_lib1.final_cell_0592,1,ductal,ductal,inDrop4
7858,human4_lib1.final_cell_0593,17,alpha,alpha,inDrop4
7859,human4_lib1.final_cell_0594,23,activated_stellate,epsilon,inDrop4
7860,human4_lib1.final_cell_0595,1,ductal,ductal,inDrop4
7861,human4_lib1.final_cell_0596,1,ductal,ductal,inDrop4
7862,human4_lib1.final_cell_0597,23,beta,epsilon,inDrop4
7863,human4_lib1.final_cell_0598,23,beta,epsilon,inDrop4
7864,human4_lib1.final_cell_0599,1,ductal,ductal,inDrop4
7865,human4_lib1.final_cell_0600,1,ductal,ductal,inDrop4
7866,human4_lib1.final_cell_0601,1,ductal,ductal,inDrop4
7867,human4_lib1.final_cell_0602,1,ductal,ductal,inDrop4
7868,human4_lib3.final_cell_0001,20,beta,beta,inDrop4
7869,human4_lib3.final_cell_0002,3,delta,delta,inDrop4
7870,human4_lib3.final_cell_0003,3,delta,delta,inDrop4
7871,human4_lib3.final_cell_0004,20,beta,beta,inDrop4
7872,human4_lib3.final_cell_0005,13,ductal,Unmatched_13,inDrop4
7873,human4_lib3.final_cell_0006,13,ductal,Unmatched_13,inDrop4
7874,human4_lib3.final_cell_0007,23,beta,epsilon,inDrop4
7875,human4_lib3.final_cell_0008,13,ductal,Unmatched_13,inDrop4
7876,human4_lib3.final_cell_0009,1,ductal,ductal,inDrop4
7877,human4_lib3.final_cell_0010,20,beta,beta,inDrop4
7878,human4_lib3.final_cell_0011,1,ductal,ductal,inDrop4
7879,human4_lib3.final_cell_0012,20,beta,beta,inDrop4
7880,human4_lib3.final_cell_0013,13,ductal,Unmatched_13,inDrop4
7881,human4_lib3.final_cell_0014,13,ductal,Unmatched_13,inDrop4
7882,human4_lib3.final_cell_0015,13,ductal,Unmatched_13,inDrop4
7883,human4_lib3.final_cell_0016,20,beta,beta,inDrop4
7884,human4_lib3.final_cell_0017,23,ductal,epsilon,inDrop4
7885,human4_lib3.final_cell_0018,3,delta,delta,inDrop4
7886,human4_lib3.final_cell_0019,17,alpha,alpha,inDrop4
7887,human4_lib3.final_cell_0020,13,ductal,Unmatched_13,inDrop4
7888,human4_lib3.final_cell_0021,13,ductal,Unmatched_13,inDrop4
7889,human4_lib3.final_cell_0022,1,ductal,ductal,inDrop4
7890,human4_lib3.final_cell_0023,7,activated_stellate,activated_stellate,inDrop4
7891,human4_lib3.final_cell_0024,20,beta,beta,inDrop4
7892,human4_lib3.final_cell_0025,20,beta,beta,inDrop4
7893,human4_lib3.final_cell_0026,3,delta,delta,inDrop4
7894,human4_lib3.final_cell_0027,20,beta,beta,inDrop4
7895,human4_lib3.final_cell_0028,13,ductal,Unmatched_13,inDrop4
7896,human4_lib3.final_cell_0029,20,beta,beta,inDrop4
7897,human4_lib3.final_cell_0030,3,delta,delta,inDrop4
7898,human4_lib3.final_cell_0031,13,ductal,Unmatched_13,inDrop4
7899,human4_lib3.final_cell_0032,17,alpha,alpha,inDrop4
7900,human4_lib3.final_cell_0033,3,delta,delta,inDrop4
7901,human4_lib3.final_cell_0034,20,beta,beta,inDrop4
7902,human4_lib3.final_cell_0035,13,ductal,Unmatched_13,inDrop4
7903,human4_lib3.final_cell_0036,3,delta,delta,inDrop4
7904,human4_lib3.final_cell_0037,20,beta,beta,inDrop4
7905,human4_lib3.final_cell_0038,13,ductal,Unmatched_13,inDrop4
7906,human4_lib3.final_cell_0039,3,delta,delta,inDrop4
7907,human4_lib3.final_cell_0040,20,beta,beta,inDrop4
7908,human4_lib3.final_cell_0041,20,beta,beta,inDrop4
7909,human4_lib3.final_cell_0042,23,beta,epsilon,inDrop4
7910,human4_lib3.final_cell_0043,1,ductal,ductal,inDrop4
7911,human4_lib3.final_cell_0044,12,ductal,acinar,inDrop4
7912,human4_lib3.final_cell_0045,1,ductal,ductal,inDrop4
7913,human4_lib3.final_cell_0046,1,ductal,ductal,inDrop4
7914,human4_lib3.final_cell_0047,3,delta,delta,inDrop4
7915,human4_lib3.final_cell_0048,17,alpha,alpha,inDrop4
7916,human4_lib3.final_cell_0049,13,ductal,Unmatched_13,inDrop4
7917,human4_lib3.final_cell_0050,3,delta,delta,inDrop4
7918,human4_lib3.final_cell_0051,20,beta,beta,inDrop4
7919,human4_lib3.final_cell_0052,20,beta,beta,inDrop4
7920,human4_lib3.final_cell_0053,3,delta,delta,inDrop4
7921,human4_lib3.final_cell_0054,1,ductal,ductal,inDrop4
7922,human4_lib3.final_cell_0055,1,ductal,ductal,inDrop4
7923,human4_lib3.final_cell_0056,3,delta,delta,inDrop4
7924,human4_lib3.final_cell_0057,13,ductal,Unmatched_13,inDrop4
7925,human4_lib3.final_cell_0058,3,delta,delta,inDrop4
7926,human4_lib3.final_cell_0059,7,activated_stellate,activated_stellate,inDrop4
7927,human4_lib3.final_cell_0060,17,alpha,alpha,inDrop4
7928,human4_lib3.final_cell_0061,20,beta,beta,inDrop4
7929,human4_lib3.final_cell_0062,1,ductal,ductal,inDrop4
7930,human4_lib3.final_cell_0063,13,ductal,Unmatched_13,inDrop4
7931,human4_lib3.final_cell_0064,4,macrophage,macrophage,inDrop4
7932,human4_lib3.final_cell_0065,20,beta,beta,inDrop4
7933,human4_lib3.final_cell_0066,20,beta,beta,inDrop4
7934,human4_lib3.final_cell_0067,20,beta,beta,inDrop4
7935,human4_lib3.final_cell_0068,20,beta,beta,inDrop4
7936,human4_lib3.final_cell_0069,1,ductal,ductal,inDrop4
7937,human4_lib3.final_cell_0070,3,delta,delta,inDrop4
7938,human4_lib3.final_cell_0071,13,ductal,Unmatched_13,inDrop4
7939,human4_lib3.final_cell_0072,7,activated_stellate,activated_stellate,inDrop4
7940,human4_lib3.final_cell_0073,17,alpha,alpha,inDrop4
7941,human4_lib3.final_cell_0074,3,delta,delta,inDrop4
7942,human4_lib3.final_cell_0075,13,ductal,Unmatched_13,inDrop4
7943,human4_lib3.final_cell_0076,23,ductal,epsilon,inDrop4
7944,human4_lib3.final_cell_0077,20,beta,beta,inDrop4
7945,human4_lib3.final_cell_0078,20,beta,beta,inDrop4
7946,human4_lib3.final_cell_0079,13,ductal,Unmatched_13,inDrop4
7947,human4_lib3.final_cell_0080,3,delta,delta,inDrop4
7948,human4_lib3.final_cell_0081,20,beta,beta,inDrop4
7949,human4_lib3.final_cell_0082,17,alpha,alpha,inDrop4
7950,human4_lib3.final_cell_0083,3,delta,delta,inDrop4
7951,human4_lib3.final_cell_0084,18,gamma,gamma,inDrop4
7952,human4_lib3.final_cell_0085,20,beta,beta,inDrop4
7953,human4_lib3.final_cell_0086,1,ductal,ductal,inDrop4
7954,human4_lib3.final_cell_0087,17,alpha,alpha,inDrop4
7955,human4_lib3.final_cell_0088,17,alpha,alpha,inDrop4
7956,human4_lib3.final_cell_0089,23,beta,epsilon,inDrop4
7957,human4_lib3.final_cell_0090,7,activated_stellate,activated_stellate,inDrop4
7958,human4_lib3.final_cell_0091,20,beta,beta,inDrop4
7959,human4_lib3.final_cell_0092,20,beta,beta,inDrop4
7960,human4_lib3.final_cell_0093,3,delta,delta,inDrop4
7961,human4_lib3.final_cell_0094,20,beta,beta,inDrop4
7962,human4_lib3.final_cell_0095,17,alpha,alpha,inDrop4
7963,human4_lib3.final_cell_0096,1,ductal,ductal,inDrop4
7964,human4_lib3.final_cell_0097,23,beta,epsilon,inDrop4
7965,human4_lib3.final_cell_0098,17,alpha,alpha,inDrop4
7966,human4_lib3.final_cell_0099,20,beta,beta,inDrop4
7967,human4_lib3.final_cell_0100,1,ductal,ductal,inDrop4
7968,human4_lib3.final_cell_0101,20,beta,beta,inDrop4
7969,human4_lib3.final_cell_0102,17,alpha,alpha,inDrop4
7970,human4_lib3.final_cell_0103,20,beta,beta,inDrop4
7971,human4_lib3.final_cell_0104,13,ductal,Unmatched_13,inDrop4
7972,human4_lib3.final_cell_0105,20,beta,beta,inDrop4
7973,human4_lib3.final_cell_0106,1,ductal,ductal,inDrop4
7974,human4_lib3.final_cell_0107,3,delta,delta,inDrop4
7975,human4_lib3.final_cell_0108,20,beta,beta,inDrop4
7976,human4_lib3.final_cell_0109,17,alpha,alpha,inDrop4
7977,human4_lib3.final_cell_0110,3,delta,delta,inDrop4
7978,human4_lib3.final_cell_0111,3,delta,delta,inDrop4
7979,human4_lib3.final_cell_0112,20,beta,beta,inDrop4
7980,human4_lib3.final_cell_0113,1,ductal,ductal,inDrop4
7981,human4_lib3.final_cell_0114,17,alpha,alpha,inDrop4
7982,human4_lib3.final_cell_0115,3,delta,delta,inDrop4
7983,human4_lib3.final_cell_0116,20,beta,beta,inDrop4
7984,human4_lib3.final_cell_0117,23,beta,epsilon,inDrop4
7985,human4_lib3.final_cell_0118,17,alpha,alpha,inDrop4
7986,human4_lib3.final_cell_0119,2,quiescent_stellate,quiescent_stellate,inDrop4
7987,human4_lib3.final_cell_0120,17,alpha,alpha,inDrop4
7988,human4_lib3.final_cell_0121,20,beta,beta,inDrop4
7989,human4_lib3.final_cell_0122,7,activated_stellate,activated_stellate,inDrop4
7990,human4_lib3.final_cell_0123,1,ductal,ductal,inDrop4
7991,human4_lib3.final_cell_0124,17,alpha,alpha,inDrop4
7992,human4_lib3.final_cell_0125,13,ductal,Unmatched_13,inDrop4
7993,human4_lib3.final_cell_0126,23,beta,epsilon,inDrop4
7994,human4_lib3.final_cell_0127,17,alpha,alpha,inDrop4
7995,human4_lib3.final_cell_0128,17,alpha,alpha,inDrop4
7996,human4_lib3.final_cell_0129,1,ductal,ductal,inDrop4
7997,human4_lib3.final_cell_0130,23,ductal,epsilon,inDrop4
7998,human4_lib3.final_cell_0131,13,ductal,Unmatched_13,inDrop4
7999,human4_lib3.final_cell_0132,17,alpha,alpha,inDrop4
8000,human4_lib3.final_cell_0133,17,alpha,alpha,inDrop4
8001,human4_lib3.final_cell_0134,17,alpha,alpha,inDrop4
8002,human4_lib3.final_cell_0135,20,beta,beta,inDrop4
8003,human4_lib3.final_cell_0136,13,beta,Unmatched_13,inDrop4
8004,human4_lib3.final_cell_0137,3,delta,delta,inDrop4
8005,human4_lib3.final_cell_0138,1,ductal,ductal,inDrop4
8006,human4_lib3.final_cell_0139,20,beta,beta,inDrop4
8007,human4_lib3.final_cell_0140,20,beta,beta,inDrop4
8008,human4_lib3.final_cell_0141,1,ductal,ductal,inDrop4
8009,human4_lib3.final_cell_0142,20,beta,beta,inDrop4
8010,human4_lib3.final_cell_0143,20,beta,beta,inDrop4
8011,human4_lib3.final_cell_0144,1,ductal,ductal,inDrop4
8012,human4_lib3.final_cell_0145,18,gamma,gamma,inDrop4
8013,human4_lib3.final_cell_0146,1,ductal,ductal,inDrop4
8014,human4_lib3.final_cell_0147,17,alpha,alpha,inDrop4
8015,human4_lib3.final_cell_0148,3,delta,delta,inDrop4
8016,human4_lib3.final_cell_0149,20,beta,beta,inDrop4
8017,human4_lib3.final_cell_0150,20,beta,beta,inDrop4
8018,human4_lib3.final_cell_0151,20,beta,beta,inDrop4
8019,human4_lib3.final_cell_0152,20,beta,beta,inDrop4
8020,human4_lib3.final_cell_0153,17,alpha,alpha,inDrop4
8021,human4_lib3.final_cell_0154,3,delta,delta,inDrop4
8022,human4_lib3.final_cell_0155,23,beta,epsilon,inDrop4
8023,human4_lib3.final_cell_0156,20,beta,beta,inDrop4
8024,human4_lib3.final_cell_0157,20,beta,beta,inDrop4
8025,human4_lib3.final_cell_0158,13,ductal,Unmatched_13,inDrop4
8026,human4_lib3.final_cell_0159,1,ductal,ductal,inDrop4
8027,human4_lib3.final_cell_0160,13,ductal,Unmatched_13,inDrop4
8028,human4_lib3.final_cell_0161,3,delta,delta,inDrop4
8029,human4_lib3.final_cell_0162,20,beta,beta,inDrop4
8030,human4_lib3.final_cell_0163,17,alpha,alpha,inDrop4
8031,human4_lib3.final_cell_0164,17,alpha,alpha,inDrop4
8032,human4_lib3.final_cell_0165,3,delta,delta,inDrop4
8033,human4_lib3.final_cell_0166,1,ductal,ductal,inDrop4
8034,human4_lib3.final_cell_0167,1,ductal,ductal,inDrop4
8035,human4_lib3.final_cell_0168,23,beta,epsilon,inDrop4
8036,human4_lib3.final_cell_0169,20,beta,beta,inDrop4
8037,human4_lib3.final_cell_0170,17,alpha,alpha,inDrop4
8038,human4_lib3.final_cell_0171,18,gamma,gamma,inDrop4
8039,human4_lib3.final_cell_0172,22,beta,Unmatched_22,inDrop4
8040,human4_lib3.final_cell_0173,17,alpha,alpha,inDrop4
8041,human4_lib3.final_cell_0174,3,delta,delta,inDrop4
8042,human4_lib3.final_cell_0175,17,alpha,alpha,inDrop4
8043,human4_lib3.final_cell_0176,20,beta,beta,inDrop4
8044,human4_lib3.final_cell_0177,3,delta,delta,inDrop4
8045,human4_lib3.final_cell_0178,13,ductal,Unmatched_13,inDrop4
8046,human4_lib3.final_cell_0179,1,ductal,ductal,inDrop4
8047,human4_lib3.final_cell_0180,20,beta,beta,inDrop4
8048,human4_lib3.final_cell_0181,1,ductal,ductal,inDrop4
8049,human4_lib3.final_cell_0182,20,beta,beta,inDrop4
8050,human4_lib3.final_cell_0183,17,alpha,alpha,inDrop4
8051,human4_lib3.final_cell_0184,17,alpha,alpha,inDrop4
8052,human4_lib3.final_cell_0185,1,ductal,ductal,inDrop4
8053,human4_lib3.final_cell_0186,23,beta,epsilon,inDrop4
8054,human4_lib3.final_cell_0187,18,gamma,gamma,inDrop4
8055,human4_lib3.final_cell_0188,17,alpha,alpha,inDrop4
8056,human4_lib3.final_cell_0189,23,beta,epsilon,inDrop4
8057,human4_lib3.final_cell_0190,3,delta,delta,inDrop4
8058,human4_lib3.final_cell_0191,1,ductal,ductal,inDrop4
8059,human4_lib3.final_cell_0192,20,beta,beta,inDrop4
8060,human4_lib3.final_cell_0193,17,alpha,alpha,inDrop4
8061,human4_lib3.final_cell_0194,1,ductal,ductal,inDrop4
8062,human4_lib3.final_cell_0195,17,alpha,alpha,inDrop4
8063,human4_lib3.final_cell_0196,18,gamma,gamma,inDrop4
8064,human4_lib3.final_cell_0197,20,beta,beta,inDrop4
8065,human4_lib3.final_cell_0198,23,beta,epsilon,inDrop4
8066,human4_lib3.final_cell_0199,20,beta,beta,inDrop4
8067,human4_lib3.final_cell_0200,1,ductal,ductal,inDrop4
8068,human4_lib3.final_cell_0201,1,ductal,ductal,inDrop4
8069,human4_lib3.final_cell_0202,20,beta,beta,inDrop4
8070,human4_lib3.final_cell_0203,18,gamma,gamma,inDrop4
8071,human4_lib3.final_cell_0204,1,ductal,ductal,inDrop4
8072,human4_lib3.final_cell_0205,17,alpha,alpha,inDrop4
8073,human4_lib3.final_cell_0206,7,activated_stellate,activated_stellate,inDrop4
8074,human4_lib3.final_cell_0207,1,ductal,ductal,inDrop4
8075,human4_lib3.final_cell_0208,18,gamma,gamma,inDrop4
8076,human4_lib3.final_cell_0209,13,ductal,Unmatched_13,inDrop4
8077,human4_lib3.final_cell_0210,17,alpha,alpha,inDrop4
8078,human4_lib3.final_cell_0211,7,activated_stellate,activated_stellate,inDrop4
8079,human4_lib3.final_cell_0212,17,alpha,alpha,inDrop4
8080,human4_lib3.final_cell_0213,20,beta,beta,inDrop4
8081,human4_lib3.final_cell_0214,20,beta,beta,inDrop4
8082,human4_lib3.final_cell_0215,4,macrophage,macrophage,inDrop4
8083,human4_lib3.final_cell_0216,13,ductal,Unmatched_13,inDrop4
8084,human4_lib3.final_cell_0217,17,alpha,alpha,inDrop4
8085,human4_lib3.final_cell_0218,3,delta,delta,inDrop4
8086,human4_lib3.final_cell_0219,3,beta,delta,inDrop4
8087,human4_lib3.final_cell_0220,1,ductal,ductal,inDrop4
8088,human4_lib3.final_cell_0221,13,ductal,Unmatched_13,inDrop4
8089,human4_lib3.final_cell_0222,1,ductal,ductal,inDrop4
8090,human4_lib3.final_cell_0223,20,beta,beta,inDrop4
8091,human4_lib3.final_cell_0224,3,delta,delta,inDrop4
8092,human4_lib3.final_cell_0225,20,beta,beta,inDrop4
8093,human4_lib3.final_cell_0226,17,alpha,alpha,inDrop4
8094,human4_lib3.final_cell_0227,1,ductal,ductal,inDrop4
8095,human4_lib3.final_cell_0228,20,beta,beta,inDrop4
8096,human4_lib3.final_cell_0229,1,ductal,ductal,inDrop4
8097,human4_lib3.final_cell_0230,23,activated_stellate,epsilon,inDrop4
8098,human4_lib3.final_cell_0231,17,alpha,alpha,inDrop4
8099,human4_lib3.final_cell_0232,20,beta,beta,inDrop4
8100,human4_lib3.final_cell_0233,3,delta,delta,inDrop4
8101,human4_lib3.final_cell_0234,23,beta,epsilon,inDrop4
8102,human4_lib3.final_cell_0235,23,beta,epsilon,inDrop4
8103,human4_lib3.final_cell_0236,3,delta,delta,inDrop4
8104,human4_lib3.final_cell_0237,20,beta,beta,inDrop4
8105,human4_lib3.final_cell_0238,17,alpha,alpha,inDrop4
8106,human4_lib3.final_cell_0239,17,alpha,alpha,inDrop4
8107,human4_lib3.final_cell_0240,17,alpha,alpha,inDrop4
8108,human4_lib3.final_cell_0241,1,ductal,ductal,inDrop4
8109,human4_lib3.final_cell_0242,17,alpha,alpha,inDrop4
8110,human4_lib3.final_cell_0243,17,alpha,alpha,inDrop4
8111,human4_lib3.final_cell_0244,23,beta,epsilon,inDrop4
8112,human4_lib3.final_cell_0245,13,ductal,Unmatched_13,inDrop4
8113,human4_lib3.final_cell_0246,1,ductal,ductal,inDrop4
8114,human4_lib3.final_cell_0247,1,ductal,ductal,inDrop4
8115,human4_lib3.final_cell_0248,17,alpha,alpha,inDrop4
8116,human4_lib3.final_cell_0249,23,beta,epsilon,inDrop4
8117,human4_lib3.final_cell_0250,3,delta,delta,inDrop4
8118,human4_lib3.final_cell_0251,20,beta,beta,inDrop4
8119,human4_lib3.final_cell_0252,1,ductal,ductal,inDrop4
8120,human4_lib3.final_cell_0253,20,beta,beta,inDrop4
8121,human4_lib3.final_cell_0254,1,ductal,ductal,inDrop4
8122,human4_lib3.final_cell_0255,20,beta,beta,inDrop4
8123,human4_lib3.final_cell_0256,17,alpha,alpha,inDrop4
8124,human4_lib3.final_cell_0257,20,beta,beta,inDrop4
8125,human4_lib3.final_cell_0258,20,beta,beta,inDrop4
8126,human4_lib3.final_cell_0259,1,ductal,ductal,inDrop4
8127,human4_lib3.final_cell_0260,7,activated_stellate,activated_stellate,inDrop4
8128,human4_lib3.final_cell_0261,1,ductal,ductal,inDrop4
8129,human4_lib3.final_cell_0262,20,beta,beta,inDrop4
8130,human4_lib3.final_cell_0263,1,ductal,ductal,inDrop4
8131,human4_lib3.final_cell_0264,7,activated_stellate,activated_stellate,inDrop4
8132,human4_lib3.final_cell_0265,1,ductal,ductal,inDrop4
8133,human4_lib3.final_cell_0266,20,beta,beta,inDrop4
8134,human4_lib3.final_cell_0267,20,beta,beta,inDrop4
8135,human4_lib3.final_cell_0268,20,beta,beta,inDrop4
8136,human4_lib3.final_cell_0269,3,delta,delta,inDrop4
8137,human4_lib3.final_cell_0270,17,alpha,alpha,inDrop4
8138,human4_lib3.final_cell_0271,3,delta,delta,inDrop4
8139,human4_lib3.final_cell_0272,17,alpha,alpha,inDrop4
8140,human4_lib3.final_cell_0273,1,ductal,ductal,inDrop4
8141,human4_lib3.final_cell_0274,18,gamma,gamma,inDrop4
8142,human4_lib3.final_cell_0275,18,gamma,gamma,inDrop4
8143,human4_lib3.final_cell_0276,17,alpha,alpha,inDrop4
8144,human4_lib3.final_cell_0277,13,ductal,Unmatched_13,inDrop4
8145,human4_lib3.final_cell_0278,23,beta,epsilon,inDrop4
8146,human4_lib3.final_cell_0279,17,alpha,alpha,inDrop4
8147,human4_lib3.final_cell_0280,17,alpha,alpha,inDrop4
8148,human4_lib3.final_cell_0281,17,alpha,alpha,inDrop4
8149,human4_lib3.final_cell_0282,1,ductal,ductal,inDrop4
8150,human4_lib3.final_cell_0283,1,ductal,ductal,inDrop4
8151,human4_lib3.final_cell_0284,20,beta,beta,inDrop4
8152,human4_lib3.final_cell_0285,20,beta,beta,inDrop4
8153,human4_lib3.final_cell_0286,1,ductal,ductal,inDrop4
8154,human4_lib3.final_cell_0287,7,activated_stellate,activated_stellate,inDrop4
8155,human4_lib3.final_cell_0288,20,beta,beta,inDrop4
8156,human4_lib3.final_cell_0289,1,ductal,ductal,inDrop4
8157,human4_lib3.final_cell_0290,1,ductal,ductal,inDrop4
8158,human4_lib3.final_cell_0291,1,ductal,ductal,inDrop4
8159,human4_lib3.final_cell_0292,13,acinar,Unmatched_13,inDrop4
8160,human4_lib3.final_cell_0293,1,ductal,ductal,inDrop4
8161,human4_lib3.final_cell_0294,18,gamma,gamma,inDrop4
8162,human4_lib3.final_cell_0295,17,alpha,alpha,inDrop4
8163,human4_lib3.final_cell_0296,1,ductal,ductal,inDrop4
8164,human4_lib3.final_cell_0297,23,beta,epsilon,inDrop4
8165,human4_lib3.final_cell_0298,1,ductal,ductal,inDrop4
8166,human4_lib3.final_cell_0299,18,gamma,gamma,inDrop4
8167,human4_lib3.final_cell_0300,20,beta,beta,inDrop4
8168,human4_lib3.final_cell_0301,23,beta,epsilon,inDrop4
8169,human4_lib3.final_cell_0302,20,beta,beta,inDrop4
8170,human4_lib3.final_cell_0303,3,delta,delta,inDrop4
8171,human4_lib3.final_cell_0304,17,alpha,alpha,inDrop4
8172,human4_lib3.final_cell_0305,20,beta,beta,inDrop4
8173,human4_lib3.final_cell_0306,20,beta,beta,inDrop4
8174,human4_lib3.final_cell_0307,23,beta,epsilon,inDrop4
8175,human4_lib3.final_cell_0308,7,activated_stellate,activated_stellate,inDrop4
8176,human4_lib3.final_cell_0309,1,ductal,ductal,inDrop4
8177,human4_lib3.final_cell_0310,20,beta,beta,inDrop4
8178,human4_lib3.final_cell_0311,1,ductal,ductal,inDrop4
8179,human4_lib3.final_cell_0312,23,beta,epsilon,inDrop4
8180,human4_lib3.final_cell_0313,20,beta,beta,inDrop4
8181,human4_lib3.final_cell_0314,18,gamma,gamma,inDrop4
8182,human4_lib3.final_cell_0315,20,beta,beta,inDrop4
8183,human4_lib3.final_cell_0316,18,gamma,gamma,inDrop4
8184,human4_lib3.final_cell_0317,1,ductal,ductal,inDrop4
8185,human4_lib3.final_cell_0318,1,ductal,ductal,inDrop4
8186,human4_lib3.final_cell_0319,20,beta,beta,inDrop4
8187,human4_lib3.final_cell_0320,20,beta,beta,inDrop4
8188,human4_lib3.final_cell_0321,17,alpha,alpha,inDrop4
8189,human4_lib3.final_cell_0322,3,delta,delta,inDrop4
8190,human4_lib3.final_cell_0323,20,beta,beta,inDrop4
8191,human4_lib3.final_cell_0324,17,alpha,alpha,inDrop4
8192,human4_lib3.final_cell_0325,1,ductal,ductal,inDrop4
8193,human4_lib3.final_cell_0326,3,delta,delta,inDrop4
8194,human4_lib3.final_cell_0327,17,alpha,alpha,inDrop4
8195,human4_lib3.final_cell_0328,1,ductal,ductal,inDrop4
8196,human4_lib3.final_cell_0329,17,alpha,alpha,inDrop4
8197,human4_lib3.final_cell_0330,1,ductal,ductal,inDrop4
8198,human4_lib3.final_cell_0331,3,delta,delta,inDrop4
8199,human4_lib3.final_cell_0332,17,alpha,alpha,inDrop4
8200,human4_lib3.final_cell_0333,17,alpha,alpha,inDrop4
8201,human4_lib3.final_cell_0334,22,beta,Unmatched_22,inDrop4
8202,human4_lib3.final_cell_0335,13,ductal,Unmatched_13,inDrop4
8203,human4_lib3.final_cell_0336,13,ductal,Unmatched_13,inDrop4
8204,human4_lib3.final_cell_0337,1,ductal,ductal,inDrop4
8205,human4_lib3.final_cell_0338,20,beta,beta,inDrop4
8206,human4_lib3.final_cell_0339,1,ductal,ductal,inDrop4
8207,human4_lib3.final_cell_0340,17,alpha,alpha,inDrop4
8208,human4_lib3.final_cell_0341,20,beta,beta,inDrop4
8209,human4_lib3.final_cell_0342,1,ductal,ductal,inDrop4
8210,human4_lib3.final_cell_0343,17,alpha,alpha,inDrop4
8211,human4_lib3.final_cell_0344,20,beta,beta,inDrop4
8212,human4_lib3.final_cell_0345,18,gamma,gamma,inDrop4
8213,human4_lib3.final_cell_0346,3,delta,delta,inDrop4
8214,human4_lib3.final_cell_0347,17,alpha,alpha,inDrop4
8215,human4_lib3.final_cell_0348,1,ductal,ductal,inDrop4
8216,human4_lib3.final_cell_0349,18,gamma,gamma,inDrop4
8217,human4_lib3.final_cell_0350,1,ductal,ductal,inDrop4
8218,human4_lib3.final_cell_0351,20,beta,beta,inDrop4
8219,human4_lib3.final_cell_0352,23,beta,epsilon,inDrop4
8220,human4_lib3.final_cell_0353,23,beta,epsilon,inDrop4
8221,human4_lib3.final_cell_0354,13,ductal,Unmatched_13,inDrop4
8222,human4_lib3.final_cell_0355,17,alpha,alpha,inDrop4
8223,human4_lib3.final_cell_0356,20,beta,beta,inDrop4
8224,human4_lib3.final_cell_0357,20,beta,beta,inDrop4
8225,human4_lib3.final_cell_0358,23,beta,epsilon,inDrop4
8226,human4_lib3.final_cell_0359,17,alpha,alpha,inDrop4
8227,human4_lib3.final_cell_0360,17,alpha,alpha,inDrop4
8228,human4_lib3.final_cell_0361,20,beta,beta,inDrop4
8229,human4_lib3.final_cell_0362,17,alpha,alpha,inDrop4
8230,human4_lib3.final_cell_0363,17,alpha,alpha,inDrop4
8231,human4_lib3.final_cell_0364,20,beta,beta,inDrop4
8232,human4_lib3.final_cell_0365,23,beta,epsilon,inDrop4
8233,human4_lib3.final_cell_0366,17,alpha,alpha,inDrop4
8234,human4_lib3.final_cell_0367,20,beta,beta,inDrop4
8235,human4_lib3.final_cell_0368,20,beta,beta,inDrop4
8236,human4_lib3.final_cell_0369,17,alpha,alpha,inDrop4
8237,human4_lib3.final_cell_0370,20,beta,beta,inDrop4
8238,human4_lib3.final_cell_0371,17,alpha,alpha,inDrop4
8239,human4_lib3.final_cell_0372,3,delta,delta,inDrop4
8240,human4_lib3.final_cell_0373,20,beta,beta,inDrop4
8241,human4_lib3.final_cell_0374,20,beta,beta,inDrop4
8242,human4_lib3.final_cell_0375,17,alpha,alpha,inDrop4
8243,human4_lib3.final_cell_0376,7,activated_stellate,activated_stellate,inDrop4
8244,human4_lib3.final_cell_0377,20,beta,beta,inDrop4
8245,human4_lib3.final_cell_0378,18,gamma,gamma,inDrop4
8246,human4_lib3.final_cell_0379,17,alpha,alpha,inDrop4
8247,human4_lib3.final_cell_0380,20,beta,beta,inDrop4
8248,human4_lib3.final_cell_0381,23,beta,epsilon,inDrop4
8249,human4_lib3.final_cell_0382,17,alpha,alpha,inDrop4
8250,human4_lib3.final_cell_0383,23,alpha,epsilon,inDrop4
8251,human4_lib3.final_cell_0384,7,activated_stellate,activated_stellate,inDrop4
8252,human4_lib3.final_cell_0385,7,activated_stellate,activated_stellate,inDrop4
8253,human4_lib3.final_cell_0386,17,alpha,alpha,inDrop4
8254,human4_lib3.final_cell_0387,20,beta,beta,inDrop4
8255,human4_lib3.final_cell_0388,17,alpha,alpha,inDrop4
8256,human4_lib3.final_cell_0389,1,ductal,ductal,inDrop4
8257,human4_lib3.final_cell_0390,1,ductal,ductal,inDrop4
8258,human4_lib3.final_cell_0391,20,beta,beta,inDrop4
8259,human4_lib3.final_cell_0392,20,beta,beta,inDrop4
8260,human4_lib3.final_cell_0393,18,gamma,gamma,inDrop4
8261,human4_lib3.final_cell_0394,18,gamma,gamma,inDrop4
8262,human4_lib3.final_cell_0395,20,beta,beta,inDrop4
8263,human4_lib3.final_cell_0396,7,activated_stellate,activated_stellate,inDrop4
8264,human4_lib3.final_cell_0397,1,ductal,ductal,inDrop4
8265,human4_lib3.final_cell_0398,20,beta,beta,inDrop4
8266,human4_lib3.final_cell_0399,17,alpha,alpha,inDrop4
8267,human4_lib3.final_cell_0400,1,ductal,ductal,inDrop4
8268,human4_lib3.final_cell_0401,17,alpha,alpha,inDrop4
8269,human4_lib3.final_cell_0402,20,beta,beta,inDrop4
8270,human4_lib3.final_cell_0403,23,beta,epsilon,inDrop4
8271,human4_lib3.final_cell_0404,17,alpha,alpha,inDrop4
8272,human4_lib3.final_cell_0405,13,ductal,Unmatched_13,inDrop4
8273,human4_lib3.final_cell_0406,23,beta,epsilon,inDrop4
8274,human4_lib3.final_cell_0407,17,alpha,alpha,inDrop4
8275,human4_lib3.final_cell_0408,17,alpha,alpha,inDrop4
8276,human4_lib3.final_cell_0409,18,gamma,gamma,inDrop4
8277,human4_lib3.final_cell_0410,3,delta,delta,inDrop4
8278,human4_lib3.final_cell_0411,17,alpha,alpha,inDrop4
8279,human4_lib3.final_cell_0412,20,beta,beta,inDrop4
8280,human4_lib3.final_cell_0413,1,ductal,ductal,inDrop4
8281,human4_lib3.final_cell_0414,23,beta,epsilon,inDrop4
8282,human4_lib3.final_cell_0415,23,beta,epsilon,inDrop4
8283,human4_lib3.final_cell_0416,1,ductal,ductal,inDrop4
8284,human4_lib3.final_cell_0417,20,beta,beta,inDrop4
8285,human4_lib3.final_cell_0418,1,ductal,ductal,inDrop4
8286,human4_lib3.final_cell_0419,20,beta,beta,inDrop4
8287,human4_lib3.final_cell_0420,20,beta,beta,inDrop4
8288,human4_lib3.final_cell_0421,1,ductal,ductal,inDrop4
8289,human4_lib3.final_cell_0422,17,alpha,alpha,inDrop4
8290,human4_lib3.final_cell_0423,1,ductal,ductal,inDrop4
8291,human4_lib3.final_cell_0424,12,ductal,acinar,inDrop4
8292,human4_lib3.final_cell_0425,18,gamma,gamma,inDrop4
8293,human4_lib3.final_cell_0426,17,alpha,alpha,inDrop4
8294,human4_lib3.final_cell_0427,0,endothelial,endothelial,inDrop4
8295,human4_lib3.final_cell_0428,1,ductal,ductal,inDrop4
8296,human4_lib3.final_cell_0429,23,beta,epsilon,inDrop4
8297,human4_lib3.final_cell_0430,18,gamma,gamma,inDrop4
8298,human4_lib3.final_cell_0431,23,beta,epsilon,inDrop4
8299,human4_lib3.final_cell_0432,1,ductal,ductal,inDrop4
8300,human4_lib3.final_cell_0433,17,alpha,alpha,inDrop4
8301,human4_lib3.final_cell_0434,12,ductal,acinar,inDrop4
8302,human4_lib3.final_cell_0435,7,activated_stellate,activated_stellate,inDrop4
8303,human4_lib3.final_cell_0436,18,gamma,gamma,inDrop4
8304,human4_lib3.final_cell_0437,20,beta,beta,inDrop4
8305,human4_lib3.final_cell_0438,17,alpha,alpha,inDrop4
8306,human4_lib3.final_cell_0439,1,ductal,ductal,inDrop4
8307,human4_lib3.final_cell_0440,20,beta,beta,inDrop4
8308,human4_lib3.final_cell_0441,1,ductal,ductal,inDrop4
8309,human4_lib3.final_cell_0442,7,activated_stellate,activated_stellate,inDrop4
8310,human4_lib3.final_cell_0443,18,gamma,gamma,inDrop4
8311,human4_lib3.final_cell_0444,13,ductal,Unmatched_13,inDrop4
8312,human4_lib3.final_cell_0445,17,alpha,alpha,inDrop4
8313,human4_lib3.final_cell_0446,20,beta,beta,inDrop4
8314,human4_lib3.final_cell_0447,20,beta,beta,inDrop4
8315,human4_lib3.final_cell_0448,13,ductal,Unmatched_13,inDrop4
8316,human4_lib3.final_cell_0449,20,beta,beta,inDrop4
8317,human4_lib3.final_cell_0450,23,beta,epsilon,inDrop4
8318,human4_lib3.final_cell_0451,3,delta,delta,inDrop4
8319,human4_lib3.final_cell_0452,23,gamma,epsilon,inDrop4
8320,human4_lib3.final_cell_0453,1,ductal,ductal,inDrop4
8321,human4_lib3.final_cell_0454,22,beta,Unmatched_22,inDrop4
8322,human4_lib3.final_cell_0455,20,beta,beta,inDrop4
8323,human4_lib3.final_cell_0456,20,beta,beta,inDrop4
8324,human4_lib3.final_cell_0457,23,beta,epsilon,inDrop4
8325,human4_lib3.final_cell_0458,20,beta,beta,inDrop4
8326,human4_lib3.final_cell_0459,7,activated_stellate,activated_stellate,inDrop4
8327,human4_lib3.final_cell_0460,23,beta,epsilon,inDrop4
8328,human4_lib3.final_cell_0461,17,alpha,alpha,inDrop4
8329,human4_lib3.final_cell_0462,1,ductal,ductal,inDrop4
8330,human4_lib3.final_cell_0463,23,beta,epsilon,inDrop4
8331,human4_lib3.final_cell_0464,18,gamma,gamma,inDrop4
8332,human4_lib3.final_cell_0465,1,ductal,ductal,inDrop4
8333,human4_lib3.final_cell_0466,23,beta,epsilon,inDrop4
8334,human4_lib3.final_cell_0467,23,beta,epsilon,inDrop4
8335,human4_lib3.final_cell_0468,17,alpha,alpha,inDrop4
8336,human4_lib3.final_cell_0469,7,activated_stellate,activated_stellate,inDrop4
8337,human4_lib3.final_cell_0470,23,beta,epsilon,inDrop4
8338,human4_lib3.final_cell_0471,17,alpha,alpha,inDrop4
8339,human4_lib3.final_cell_0472,20,beta,beta,inDrop4
8340,human4_lib3.final_cell_0473,23,beta,epsilon,inDrop4
8341,human4_lib3.final_cell_0474,17,alpha,alpha,inDrop4
8342,human4_lib3.final_cell_0475,1,ductal,ductal,inDrop4
8343,human4_lib3.final_cell_0476,20,beta,beta,inDrop4
8344,human4_lib3.final_cell_0477,17,alpha,alpha,inDrop4
8345,human4_lib3.final_cell_0478,20,beta,beta,inDrop4
8346,human4_lib3.final_cell_0479,1,ductal,ductal,inDrop4
8347,human4_lib3.final_cell_0480,20,beta,beta,inDrop4
8348,human4_lib3.final_cell_0481,3,delta,delta,inDrop4
8349,human4_lib3.final_cell_0482,17,alpha,alpha,inDrop4
8350,human4_lib3.final_cell_0483,20,beta,beta,inDrop4
8351,human4_lib3.final_cell_0484,17,alpha,alpha,inDrop4
8352,human4_lib3.final_cell_0485,17,alpha,alpha,inDrop4
8353,human4_lib3.final_cell_0486,1,ductal,ductal,inDrop4
8354,human4_lib3.final_cell_0487,20,beta,beta,inDrop4
8355,human4_lib3.final_cell_0488,17,alpha,alpha,inDrop4
8356,human4_lib3.final_cell_0489,20,beta,beta,inDrop4
8357,human4_lib3.final_cell_0490,20,beta,beta,inDrop4
8358,human4_lib3.final_cell_0491,23,beta,epsilon,inDrop4
8359,human4_lib3.final_cell_0492,20,beta,beta,inDrop4
8360,human4_lib3.final_cell_0493,20,beta,beta,inDrop4
8361,human4_lib3.final_cell_0494,22,beta,Unmatched_22,inDrop4
8362,human4_lib3.final_cell_0495,17,alpha,alpha,inDrop4
8363,human4_lib3.final_cell_0496,1,ductal,ductal,inDrop4
8364,human4_lib3.final_cell_0497,0,endothelial,endothelial,inDrop4
8365,human4_lib3.final_cell_0498,17,alpha,alpha,inDrop4
8366,human4_lib3.final_cell_0499,3,delta,delta,inDrop4
8367,human4_lib3.final_cell_0500,20,beta,beta,inDrop4
8368,human4_lib3.final_cell_0501,17,alpha,alpha,inDrop4
8369,human4_lib3.final_cell_0502,23,beta,epsilon,inDrop4
8370,human4_lib3.final_cell_0503,20,beta,beta,inDrop4
8371,human4_lib3.final_cell_0504,17,alpha,alpha,inDrop4
8372,human4_lib3.final_cell_0505,23,beta,epsilon,inDrop4
8373,human4_lib3.final_cell_0506,23,beta,epsilon,inDrop4
8374,human4_lib3.final_cell_0507,13,ductal,Unmatched_13,inDrop4
8375,human4_lib3.final_cell_0508,22,beta,Unmatched_22,inDrop4
8376,human4_lib3.final_cell_0509,17,alpha,alpha,inDrop4
8377,human4_lib3.final_cell_0510,1,ductal,ductal,inDrop4
8378,human4_lib3.final_cell_0511,20,beta,beta,inDrop4
8379,human4_lib3.final_cell_0512,23,beta,epsilon,inDrop4
8380,human4_lib3.final_cell_0513,18,gamma,gamma,inDrop4
8381,human4_lib3.final_cell_0514,20,beta,beta,inDrop4
8382,human4_lib3.final_cell_0515,20,beta,beta,inDrop4
8383,human4_lib3.final_cell_0516,1,ductal,ductal,inDrop4
8384,human4_lib3.final_cell_0517,1,ductal,ductal,inDrop4
8385,human4_lib3.final_cell_0518,20,beta,beta,inDrop4
8386,human4_lib3.final_cell_0519,20,beta,beta,inDrop4
8387,human4_lib3.final_cell_0520,17,alpha,alpha,inDrop4
8388,human4_lib3.final_cell_0521,17,alpha,alpha,inDrop4
8389,human4_lib3.final_cell_0522,17,alpha,alpha,inDrop4
8390,human4_lib3.final_cell_0523,17,alpha,alpha,inDrop4
8391,human4_lib3.final_cell_0524,7,activated_stellate,activated_stellate,inDrop4
8392,human4_lib3.final_cell_0525,17,alpha,alpha,inDrop4
8393,human4_lib3.final_cell_0526,17,alpha,alpha,inDrop4
8394,human4_lib3.final_cell_0527,17,alpha,alpha,inDrop4
8395,human4_lib3.final_cell_0528,17,alpha,alpha,inDrop4
8396,human4_lib3.final_cell_0529,18,gamma,gamma,inDrop4
8397,human4_lib3.final_cell_0530,1,ductal,ductal,inDrop4
8398,human4_lib3.final_cell_0531,17,alpha,alpha,inDrop4
8399,human4_lib3.final_cell_0532,17,alpha,alpha,inDrop4
8400,human4_lib3.final_cell_0533,23,beta,epsilon,inDrop4
8401,human4_lib3.final_cell_0534,23,beta,epsilon,inDrop4
8402,human4_lib3.final_cell_0535,20,beta,beta,inDrop4
8403,human4_lib3.final_cell_0536,1,ductal,ductal,inDrop4
8404,human4_lib3.final_cell_0537,17,alpha,alpha,inDrop4
8405,human4_lib3.final_cell_0538,17,alpha,alpha,inDrop4
8406,human4_lib3.final_cell_0539,20,beta,beta,inDrop4
8407,human4_lib3.final_cell_0540,17,alpha,alpha,inDrop4
8408,human4_lib3.final_cell_0541,17,alpha,alpha,inDrop4
8409,human4_lib3.final_cell_0542,20,beta,beta,inDrop4
8410,human4_lib3.final_cell_0543,20,beta,beta,inDrop4
8411,human4_lib3.final_cell_0544,3,delta,delta,inDrop4
8412,human4_lib3.final_cell_0545,1,ductal,ductal,inDrop4
8413,human4_lib3.final_cell_0546,23,alpha,epsilon,inDrop4
8414,human4_lib3.final_cell_0547,23,beta,epsilon,inDrop4
8415,human4_lib3.final_cell_0548,20,beta,beta,inDrop4
8416,human4_lib3.final_cell_0549,1,ductal,ductal,inDrop4
8417,human4_lib3.final_cell_0550,20,beta,beta,inDrop4
8418,human4_lib3.final_cell_0551,20,beta,beta,inDrop4
8419,human4_lib3.final_cell_0552,20,beta,beta,inDrop4
8420,human4_lib3.final_cell_0553,3,beta,delta,inDrop4
8421,human4_lib3.final_cell_0554,23,beta,epsilon,inDrop4
8422,human4_lib3.final_cell_0555,20,beta,beta,inDrop4
8423,human4_lib3.final_cell_0556,1,ductal,ductal,inDrop4
8424,human4_lib3.final_cell_0557,23,beta,epsilon,inDrop4
8425,human4_lib3.final_cell_0558,17,alpha,alpha,inDrop4
8426,human4_lib3.final_cell_0559,17,alpha,alpha,inDrop4
8427,human4_lib3.final_cell_0560,17,alpha,alpha,inDrop4
8428,human4_lib3.final_cell_0561,17,alpha,alpha,inDrop4
8429,human4_lib3.final_cell_0562,20,beta,beta,inDrop4
8430,human4_lib3.final_cell_0563,17,alpha,alpha,inDrop4
8431,human4_lib3.final_cell_0564,20,beta,beta,inDrop4
8432,human4_lib3.final_cell_0565,17,alpha,alpha,inDrop4
8433,human4_lib3.final_cell_0566,18,gamma,gamma,inDrop4
8434,human4_lib3.final_cell_0567,20,beta,beta,inDrop4
8435,human4_lib3.final_cell_0568,18,gamma,gamma,inDrop4
8436,human4_lib3.final_cell_0569,23,beta,epsilon,inDrop4
8437,human4_lib3.final_cell_0570,18,gamma,gamma,inDrop4
8438,human4_lib3.final_cell_0571,20,beta,beta,inDrop4
8439,human4_lib3.final_cell_0572,20,beta,beta,inDrop4
8440,human4_lib3.final_cell_0573,17,alpha,alpha,inDrop4
8441,human4_lib3.final_cell_0574,4,macrophage,macrophage,inDrop4
8442,human4_lib3.final_cell_0575,12,ductal,acinar,inDrop4
8443,human4_lib3.final_cell_0576,20,beta,beta,inDrop4
8444,human4_lib3.final_cell_0577,17,alpha,alpha,inDrop4
8445,human4_lib3.final_cell_0578,17,alpha,alpha,inDrop4
8446,human4_lib3.final_cell_0579,20,beta,beta,inDrop4
8447,human4_lib3.final_cell_0580,22,beta,Unmatched_22,inDrop4
8448,human4_lib3.final_cell_0581,3,delta,delta,inDrop4
8449,human4_lib3.final_cell_0582,23,beta,epsilon,inDrop4
8450,human4_lib3.final_cell_0583,23,beta,epsilon,inDrop4
8451,human4_lib3.final_cell_0584,20,beta,beta,inDrop4
8452,human4_lib3.final_cell_0585,20,beta,beta,inDrop4
8453,human4_lib3.final_cell_0586,17,alpha,alpha,inDrop4
8454,human4_lib3.final_cell_0587,1,ductal,ductal,inDrop4
8455,human4_lib3.final_cell_0588,17,alpha,alpha,inDrop4
8456,human4_lib3.final_cell_0589,17,alpha,alpha,inDrop4
8457,human4_lib3.final_cell_0590,7,activated_stellate,activated_stellate,inDrop4
8458,human4_lib3.final_cell_0591,18,gamma,gamma,inDrop4
8459,human4_lib3.final_cell_0592,20,beta,beta,inDrop4
8460,human4_lib3.final_cell_0593,20,beta,beta,inDrop4
8461,human4_lib3.final_cell_0594,1,ductal,ductal,inDrop4
8462,human4_lib3.final_cell_0595,13,ductal,Unmatched_13,inDrop4
8463,human4_lib3.final_cell_0596,17,alpha,alpha,inDrop4
8464,human4_lib3.final_cell_0597,23,beta,epsilon,inDrop4
8465,human4_lib3.final_cell_0598,17,alpha,alpha,inDrop4
8466,human4_lib3.final_cell_0599,23,delta,epsilon,inDrop4
8467,human4_lib3.final_cell_0600,7,activated_stellate,activated_stellate,inDrop4
8468,human4_lib3.final_cell_0601,20,beta,beta,inDrop4
8469,human4_lib3.final_cell_0602,1,ductal,ductal,inDrop4
8470,human4_lib3.final_cell_0603,17,alpha,alpha,inDrop4
8471,human4_lib3.final_cell_0604,0,endothelial,endothelial,inDrop4
8472,human4_lib3.final_cell_0605,22,beta,Unmatched_22,inDrop4
8473,human4_lib3.final_cell_0606,23,beta,epsilon,inDrop4
8474,human4_lib3.final_cell_0607,13,ductal,Unmatched_13,inDrop4
8475,human4_lib3.final_cell_0608,17,alpha,alpha,inDrop4
8476,human4_lib3.final_cell_0609,23,beta,epsilon,inDrop4
8477,human4_lib3.final_cell_0610,20,beta,beta,inDrop4
8478,human4_lib3.final_cell_0611,23,ductal,epsilon,inDrop4
8479,human4_lib3.final_cell_0612,23,beta,epsilon,inDrop4
8480,human4_lib3.final_cell_0613,1,ductal,ductal,inDrop4
8481,human4_lib3.final_cell_0614,17,alpha,alpha,inDrop4
8482,human4_lib3.final_cell_0615,17,alpha,alpha,inDrop4
8483,human4_lib3.final_cell_0616,17,alpha,alpha,inDrop4
8484,human4_lib3.final_cell_0617,18,gamma,gamma,inDrop4
8485,human4_lib3.final_cell_0618,20,beta,beta,inDrop4
8486,human4_lib3.final_cell_0619,20,beta,beta,inDrop4
8487,human4_lib3.final_cell_0620,17,alpha,alpha,inDrop4
8488,human4_lib3.final_cell_0621,23,beta,epsilon,inDrop4
8489,human4_lib3.final_cell_0622,18,gamma,gamma,inDrop4
8490,human4_lib3.final_cell_0623,20,beta,beta,inDrop4
8491,human4_lib3.final_cell_0624,23,beta,epsilon,inDrop4
8492,human4_lib3.final_cell_0625,20,beta,beta,inDrop4
8493,human4_lib3.final_cell_0626,23,beta,epsilon,inDrop4
8494,human4_lib3.final_cell_0627,23,beta,epsilon,inDrop4
8495,human4_lib3.final_cell_0628,23,ductal,epsilon,inDrop4
8496,human4_lib3.final_cell_0629,17,alpha,alpha,inDrop4
8497,human4_lib3.final_cell_0630,23,beta,epsilon,inDrop4
8498,human4_lib3.final_cell_0631,20,beta,beta,inDrop4
8499,human4_lib3.final_cell_0632,20,beta,beta,inDrop4
8500,human4_lib3.final_cell_0633,23,beta,epsilon,inDrop4
8501,human4_lib3.final_cell_0634,22,beta,Unmatched_22,inDrop4
8502,human4_lib3.final_cell_0635,17,alpha,alpha,inDrop4
8503,human4_lib3.final_cell_0636,20,beta,beta,inDrop4
8504,human4_lib3.final_cell_0637,18,gamma,gamma,inDrop4
8505,human4_lib3.final_cell_0638,22,beta,Unmatched_22,inDrop4
8506,human4_lib3.final_cell_0639,23,ductal,epsilon,inDrop4
8507,human4_lib3.final_cell_0640,17,alpha,alpha,inDrop4
8508,human4_lib3.final_cell_0641,17,alpha,alpha,inDrop4
8509,human4_lib3.final_cell_0642,1,ductal,ductal,inDrop4
8510,human4_lib3.final_cell_0643,18,gamma,gamma,inDrop4
8511,human4_lib3.final_cell_0644,7,activated_stellate,activated_stellate,inDrop4
8512,human4_lib3.final_cell_0645,17,alpha,alpha,inDrop4
8513,human4_lib3.final_cell_0646,17,alpha,alpha,inDrop4
8514,human4_lib3.final_cell_0647,17,alpha,alpha,inDrop4
8515,human4_lib3.final_cell_0648,17,alpha,alpha,inDrop4
8516,human4_lib3.final_cell_0649,23,alpha,epsilon,inDrop4
8517,human4_lib3.final_cell_0650,1,ductal,ductal,inDrop4
8518,human4_lib3.final_cell_0651,23,beta,epsilon,inDrop4
8519,human4_lib3.final_cell_0652,17,alpha,alpha,inDrop4
8520,human4_lib3.final_cell_0653,23,beta,epsilon,inDrop4
8521,human4_lib3.final_cell_0654,7,activated_stellate,activated_stellate,inDrop4
8522,human4_lib3.final_cell_0655,3,delta,delta,inDrop4
8523,human4_lib3.final_cell_0656,1,ductal,ductal,inDrop4
8524,human4_lib3.final_cell_0657,23,beta,epsilon,inDrop4
8525,human4_lib3.final_cell_0658,17,alpha,alpha,inDrop4
8526,human4_lib3.final_cell_0659,18,gamma,gamma,inDrop4
8527,human4_lib3.final_cell_0660,17,alpha,alpha,inDrop4
8528,human4_lib3.final_cell_0661,20,beta,beta,inDrop4
8529,human4_lib3.final_cell_0662,5,mast,mast,inDrop4
8530,human4_lib3.final_cell_0663,20,beta,beta,inDrop4
8531,human4_lib3.final_cell_0664,1,ductal,ductal,inDrop4
8532,human4_lib3.final_cell_0665,20,beta,beta,inDrop4
8533,human4_lib3.final_cell_0666,1,ductal,ductal,inDrop4
8534,human4_lib3.final_cell_0667,23,beta,epsilon,inDrop4
8535,human4_lib3.final_cell_0668,22,beta,Unmatched_22,inDrop4
8536,human4_lib3.final_cell_0669,23,beta,epsilon,inDrop4
8537,human4_lib3.final_cell_0670,8,schwann,schwann,inDrop4
8538,human4_lib3.final_cell_0671,17,alpha,alpha,inDrop4
8539,human4_lib3.final_cell_0672,1,ductal,ductal,inDrop4
8540,human4_lib3.final_cell_0673,23,beta,epsilon,inDrop4
8541,human4_lib3.final_cell_0674,20,beta,beta,inDrop4
8542,human4_lib3.final_cell_0675,23,beta,epsilon,inDrop4
8543,human4_lib3.final_cell_0676,1,ductal,ductal,inDrop4
8544,human4_lib3.final_cell_0677,13,ductal,Unmatched_13,inDrop4
8545,human4_lib3.final_cell_0678,20,beta,beta,inDrop4
8546,human4_lib3.final_cell_0679,1,ductal,ductal,inDrop4
8547,human4_lib3.final_cell_0680,3,delta,delta,inDrop4
8548,human4_lib3.final_cell_0681,17,alpha,alpha,inDrop4
8549,human4_lib3.final_cell_0682,17,alpha,alpha,inDrop4
8550,human4_lib3.final_cell_0683,2,quiescent_stellate,quiescent_stellate,inDrop4
8551,human4_lib3.final_cell_0684,23,beta,epsilon,inDrop4
8552,human4_lib3.final_cell_0685,20,beta,beta,inDrop4
8553,human4_lib3.final_cell_0686,7,activated_stellate,activated_stellate,inDrop4
8554,human4_lib3.final_cell_0687,23,beta,epsilon,inDrop4
8555,human4_lib3.final_cell_0688,23,beta,epsilon,inDrop4
8556,human4_lib3.final_cell_0689,23,alpha,epsilon,inDrop4
8557,human4_lib3.final_cell_0690,20,beta,beta,inDrop4
8558,human4_lib3.final_cell_0691,23,beta,epsilon,inDrop4
8559,human4_lib3.final_cell_0692,23,beta,epsilon,inDrop4
8560,human4_lib3.final_cell_0693,23,beta,epsilon,inDrop4
8561,human4_lib3.final_cell_0694,17,alpha,alpha,inDrop4
8562,human4_lib3.final_cell_0695,20,beta,beta,inDrop4
8563,human4_lib3.final_cell_0696,20,beta,beta,inDrop4
8564,human4_lib3.final_cell_0697,7,activated_stellate,activated_stellate,inDrop4
8565,human4_lib3.final_cell_0698,17,alpha,alpha,inDrop4
8566,human4_lib3.final_cell_0699,23,beta,epsilon,inDrop4
8567,human4_lib3.final_cell_0700,23,beta,epsilon,inDrop4
8568,human4_lib3.final_cell_0701,23,ductal,epsilon,inDrop4
8569,D28-1_1,17,alpha,alpha,celseq2
8570,D28-1_2,0,endothelial,endothelial,celseq2
8571,D28-1_3,3,delta,delta,celseq2
8572,D28-1_4,16,beta,Unmatched_16,celseq2
8573,D28-1_5,1,ductal,ductal,celseq2
8574,D28-1_13,1,ductal,ductal,celseq2
8575,D28-1_15,17,alpha,alpha,celseq2
8576,D28-1_17,17,alpha,alpha,celseq2
8577,D28-1_26,0,endothelial,endothelial,celseq2
8578,D28-1_29,17,alpha,alpha,celseq2
8579,D28-1_30,17,alpha,alpha,celseq2
8580,D28-1_37,13,acinar,Unmatched_13,celseq2
8581,D28-1_38,23,acinar,epsilon,celseq2
8582,D28-1_39,17,alpha,alpha,celseq2
8583,D28-1_40,17,alpha,alpha,celseq2
8584,D28-1_41,17,alpha,alpha,celseq2
8585,D28-1_43,22,beta,Unmatched_22,celseq2
8586,D28-1_49,1,ductal,ductal,celseq2
8587,D28-1_50,13,acinar,Unmatched_13,celseq2
8588,D28-1_51,17,alpha,alpha,celseq2
8589,D28-1_52,1,ductal,ductal,celseq2
8590,D28-1_55,13,acinar,Unmatched_13,celseq2
8591,D28-1_61,3,delta,delta,celseq2
8592,D28-1_62,13,acinar,Unmatched_13,celseq2
8593,D28-1_63,17,alpha,alpha,celseq2
8594,D28-1_64,6,mast,t_cell,celseq2
8595,D28-1_65,16,alpha,Unmatched_16,celseq2
8596,D28-1_66,1,ductal,ductal,celseq2
8597,D28-1_67,13,acinar,Unmatched_13,celseq2
8598,D28-1_68,13,acinar,Unmatched_13,celseq2
8599,D28-1_73,1,ductal,ductal,celseq2
8600,D28-1_74,23,gamma,epsilon,celseq2
8601,D28-1_75,17,alpha,alpha,celseq2
8602,D28-1_76,18,gamma,gamma,celseq2
8603,D28-1_77,1,ductal,ductal,celseq2
8604,D28-1_80,1,ductal,ductal,celseq2
8605,D28-1_85,18,gamma,gamma,celseq2
8606,D28-1_86,13,acinar,Unmatched_13,celseq2
8607,D28-1_87,13,acinar,Unmatched_13,celseq2
8608,D28-1_88,17,alpha,alpha,celseq2
8609,D28-1_89,3,delta,delta,celseq2
8610,D28-1_90,1,ductal,ductal,celseq2
8611,D28-1_91,1,ductal,ductal,celseq2
8612,D28-2_1,13,acinar,Unmatched_13,celseq2
8613,D28-2_2,17,alpha,alpha,celseq2
8614,D28-2_4,13,acinar,Unmatched_13,celseq2
8615,D28-2_5,17,alpha,alpha,celseq2
8616,D28-2_13,1,ductal,ductal,celseq2
8617,D28-2_15,13,acinar,Unmatched_13,celseq2
8618,D28-2_16,1,ductal,ductal,celseq2
8619,D28-2_17,1,ductal,ductal,celseq2
8620,D28-2_18,13,acinar,Unmatched_13,celseq2
8621,D28-2_26,1,ductal,ductal,celseq2
8622,D28-2_28,17,alpha,alpha,celseq2
8623,D28-2_29,1,ductal,ductal,celseq2
8624,D28-2_37,18,gamma,gamma,celseq2
8625,D28-2_38,16,beta,Unmatched_16,celseq2
8626,D28-2_39,13,acinar,Unmatched_13,celseq2
8627,D28-2_40,1,ductal,ductal,celseq2
8628,D28-2_41,7,activated_stellate,activated_stellate,celseq2
8629,D28-2_42,13,acinar,Unmatched_13,celseq2
8630,D28-2_43,17,alpha,alpha,celseq2
8631,D28-2_49,13,acinar,Unmatched_13,celseq2
8632,D28-2_51,17,alpha,alpha,celseq2
8633,D28-2_52,17,alpha,alpha,celseq2
8634,D28-2_53,13,acinar,Unmatched_13,celseq2
8635,D28-2_61,13,acinar,Unmatched_13,celseq2
8636,D28-2_63,18,gamma,gamma,celseq2
8637,D28-2_64,1,ductal,ductal,celseq2
8638,D28-2_65,17,alpha,alpha,celseq2
8639,D28-2_66,6,mast,t_cell,celseq2
8640,D28-2_68,17,alpha,alpha,celseq2
8641,D28-2_73,16,beta,Unmatched_16,celseq2
8642,D28-2_74,13,acinar,Unmatched_13,celseq2
8643,D28-2_75,13,acinar,Unmatched_13,celseq2
8644,D28-2_76,0,endothelial,endothelial,celseq2
8645,D28-2_78,13,acinar,Unmatched_13,celseq2
8646,D28-2_79,4,macrophage,macrophage,celseq2
8647,D28-2_85,17,alpha,alpha,celseq2
8648,D28-2_86,13,acinar,Unmatched_13,celseq2
8649,D28-2_87,13,acinar,Unmatched_13,celseq2
8650,D28-2_89,13,acinar,Unmatched_13,celseq2
8651,D28-2_90,17,alpha,alpha,celseq2
8652,D28-2_91,18,gamma,gamma,celseq2
8653,D28-3_1,2,quiescent_stellate,quiescent_stellate,celseq2
8654,D28-3_3,17,alpha,alpha,celseq2
8655,D28-3_4,13,acinar,Unmatched_13,celseq2
8656,D28-3_5,17,alpha,alpha,celseq2
8657,D28-3_6,16,beta,Unmatched_16,celseq2
8658,D28-3_7,17,alpha,alpha,celseq2
8659,D28-3_8,17,alpha,alpha,celseq2
8660,D28-3_13,17,alpha,alpha,celseq2
8661,D28-3_14,18,gamma,gamma,celseq2
8662,D28-3_15,17,alpha,alpha,celseq2
8663,D28-3_16,3,delta,delta,celseq2
8664,D28-3_17,6,mast,t_cell,celseq2
8665,D28-3_18,18,gamma,gamma,celseq2
8666,D28-3_25,13,acinar,Unmatched_13,celseq2
8667,D28-3_26,13,acinar,Unmatched_13,celseq2
8668,D28-3_27,16,beta,Unmatched_16,celseq2
8669,D28-3_28,13,acinar,Unmatched_13,celseq2
8670,D28-3_29,1,ductal,ductal,celseq2
8671,D28-3_30,16,beta,Unmatched_16,celseq2
8672,D28-3_31,13,acinar,Unmatched_13,celseq2
8673,D28-3_37,16,beta,Unmatched_16,celseq2
8674,D28-3_38,17,alpha,alpha,celseq2
8675,D28-3_40,23,alpha,epsilon,celseq2
8676,D28-3_41,16,beta,Unmatched_16,celseq2
8677,D28-3_42,17,alpha,alpha,celseq2
8678,D28-3_43,0,endothelial,endothelial,celseq2
8679,D28-3_44,13,acinar,Unmatched_13,celseq2
8680,D28-3_49,1,ductal,ductal,celseq2
8681,D28-3_50,23,alpha,epsilon,celseq2
8682,D28-3_51,13,acinar,Unmatched_13,celseq2
8683,D28-3_52,13,acinar,Unmatched_13,celseq2
8684,D28-3_53,1,ductal,ductal,celseq2
8685,D28-3_54,1,ductal,ductal,celseq2
8686,D28-3_55,17,alpha,alpha,celseq2
8687,D28-3_61,3,delta,delta,celseq2
8688,D28-3_62,13,acinar,Unmatched_13,celseq2
8689,D28-3_63,1,ductal,ductal,celseq2
8690,D28-3_64,17,alpha,alpha,celseq2
8691,D28-3_65,13,acinar,Unmatched_13,celseq2
8692,D28-3_68,17,alpha,alpha,celseq2
8693,D28-3_69,17,alpha,alpha,celseq2
8694,D28-3_73,1,ductal,ductal,celseq2
8695,D28-3_75,13,acinar,Unmatched_13,celseq2
8696,D28-3_76,17,alpha,alpha,celseq2
8697,D28-3_77,13,acinar,Unmatched_13,celseq2
8698,D28-3_78,3,delta,delta,celseq2
8699,D28-3_79,17,alpha,alpha,celseq2
8700,D28-3_85,13,acinar,Unmatched_13,celseq2
8701,D28-3_86,1,ductal,ductal,celseq2
8702,D28-3_88,4,macrophage,macrophage,celseq2
8703,D28-3_89,16,beta,Unmatched_16,celseq2
8704,D28-3_90,13,acinar,Unmatched_13,celseq2
8705,D28-3_91,13,acinar,Unmatched_13,celseq2
8706,D28-3_92,17,alpha,alpha,celseq2
8707,D28-4_1,4,macrophage,macrophage,celseq2
8708,D28-4_3,3,delta,delta,celseq2
8709,D28-4_4,13,acinar,Unmatched_13,celseq2
8710,D28-4_13,17,alpha,alpha,celseq2
8711,D28-4_14,2,quiescent_stellate,quiescent_stellate,celseq2
8712,D28-4_15,17,alpha,alpha,celseq2
8713,D28-4_17,13,acinar,Unmatched_13,celseq2
8714,D28-4_22,1,ductal,ductal,celseq2
8715,D28-4_26,18,gamma,gamma,celseq2
8716,D28-4_27,17,alpha,alpha,celseq2
8717,D28-4_28,1,acinar,ductal,celseq2
8718,D28-4_29,17,alpha,alpha,celseq2
8719,D28-4_30,17,alpha,alpha,celseq2
8720,D28-4_31,16,beta,Unmatched_16,celseq2
8721,D28-4_37,17,alpha,alpha,celseq2
8722,D28-4_38,18,gamma,gamma,celseq2
8723,D28-4_39,17,alpha,alpha,celseq2
8724,D28-4_40,13,acinar,Unmatched_13,celseq2
8725,D28-4_41,17,alpha,alpha,celseq2
8726,D28-4_43,1,ductal,ductal,celseq2
8727,D28-4_49,13,acinar,Unmatched_13,celseq2
8728,D28-4_50,1,ductal,ductal,celseq2
8729,D28-4_51,13,acinar,Unmatched_13,celseq2
8730,D28-4_52,1,ductal,ductal,celseq2
8731,D28-4_53,13,acinar,Unmatched_13,celseq2
8732,D28-4_54,13,acinar,Unmatched_13,celseq2
8733,D28-4_55,1,ductal,ductal,celseq2
8734,D28-4_56,17,alpha,alpha,celseq2
8735,D28-4_61,13,acinar,Unmatched_13,celseq2
8736,D28-4_62,17,alpha,alpha,celseq2
8737,D28-4_63,13,acinar,Unmatched_13,celseq2
8738,D28-4_65,17,alpha,alpha,celseq2
8739,D28-4_67,13,acinar,Unmatched_13,celseq2
8740,D28-4_73,1,ductal,ductal,celseq2
8741,D28-4_74,1,ductal,ductal,celseq2
8742,D28-4_75,13,acinar,Unmatched_13,celseq2
8743,D28-4_76,17,alpha,alpha,celseq2
8744,D28-4_77,16,beta,Unmatched_16,celseq2
8745,D28-4_78,1,ductal,ductal,celseq2
8746,D28-4_85,13,acinar,Unmatched_13,celseq2
8747,D28-4_86,13,acinar,Unmatched_13,celseq2
8748,D28-4_87,17,alpha,alpha,celseq2
8749,D28-4_88,16,beta,Unmatched_16,celseq2
8750,D28-4_89,13,acinar,Unmatched_13,celseq2
8751,D28-4_90,18,gamma,gamma,celseq2
8752,D28-4_91,1,ductal,ductal,celseq2
8753,D28-5_1,16,beta,Unmatched_16,celseq2
8754,D28-5_2,18,gamma,gamma,celseq2
8755,D28-5_3,13,acinar,Unmatched_13,celseq2
8756,D28-5_4,1,ductal,ductal,celseq2
8757,D28-5_5,16,beta,Unmatched_16,celseq2
8758,D28-5_13,17,alpha,alpha,celseq2
8759,D28-5_14,17,alpha,alpha,celseq2
8760,D28-5_15,17,alpha,alpha,celseq2
8761,D28-5_16,1,ductal,ductal,celseq2
8762,D28-5_17,13,acinar,Unmatched_13,celseq2
8763,D28-5_25,7,activated_stellate,activated_stellate,celseq2
8764,D28-5_26,1,ductal,ductal,celseq2
8765,D28-5_27,13,acinar,Unmatched_13,celseq2
8766,D28-5_28,7,activated_stellate,activated_stellate,celseq2
8767,D28-5_29,12,acinar,acinar,celseq2
8768,D28-5_30,1,ductal,ductal,celseq2
8769,D28-5_31,12,acinar,acinar,celseq2
8770,D28-5_37,13,acinar,Unmatched_13,celseq2
8771,D28-5_38,13,acinar,Unmatched_13,celseq2
8772,D28-5_39,7,activated_stellate,activated_stellate,celseq2
8773,D28-5_40,17,alpha,alpha,celseq2
8774,D28-5_41,17,alpha,alpha,celseq2
8775,D28-5_42,13,acinar,Unmatched_13,celseq2
8776,D28-5_49,3,delta,delta,celseq2
8777,D28-5_50,17,alpha,alpha,celseq2
8778,D28-5_51,7,activated_stellate,activated_stellate,celseq2
8779,D28-5_52,17,alpha,alpha,celseq2
8780,D28-5_53,7,activated_stellate,activated_stellate,celseq2
8781,D28-5_54,13,acinar,Unmatched_13,celseq2
8782,D28-5_56,7,activated_stellate,activated_stellate,celseq2
8783,D28-5_61,1,ductal,ductal,celseq2
8784,D28-5_62,13,acinar,Unmatched_13,celseq2
8785,D28-5_63,13,acinar,Unmatched_13,celseq2
8786,D28-5_64,17,alpha,alpha,celseq2
8787,D28-5_65,17,alpha,alpha,celseq2
8788,D28-5_66,1,ductal,ductal,celseq2
8789,D28-5_73,16,beta,Unmatched_16,celseq2
8790,D28-5_74,17,alpha,alpha,celseq2
8791,D28-5_75,1,ductal,ductal,celseq2
8792,D28-5_76,23,delta,epsilon,celseq2
8793,D28-5_77,13,acinar,Unmatched_13,celseq2
8794,D28-5_78,13,acinar,Unmatched_13,celseq2
8795,D28-5_86,17,alpha,alpha,celseq2
8796,D28-5_87,17,alpha,alpha,celseq2
8797,D28-5_88,2,quiescent_stellate,quiescent_stellate,celseq2
8798,D28-5_89,2,quiescent_stellate,quiescent_stellate,celseq2
8799,D28-6_1,2,quiescent_stellate,quiescent_stellate,celseq2
8800,D28-6_2,13,acinar,Unmatched_13,celseq2
8801,D28-6_3,16,beta,Unmatched_16,celseq2
8802,D28-6_4,13,acinar,Unmatched_13,celseq2
8803,D28-6_13,17,alpha,alpha,celseq2
8804,D28-6_14,13,acinar,Unmatched_13,celseq2
8805,D28-6_15,4,macrophage,macrophage,celseq2
8806,D28-6_16,1,ductal,ductal,celseq2
8807,D28-6_17,1,ductal,ductal,celseq2
8808,D28-6_19,13,acinar,Unmatched_13,celseq2
8809,D28-6_26,3,delta,delta,celseq2
8810,D28-6_29,23,alpha,epsilon,celseq2
8811,D28-6_37,17,alpha,alpha,celseq2
8812,D28-6_38,13,acinar,Unmatched_13,celseq2
8813,D28-6_39,1,ductal,ductal,celseq2
8814,D28-6_40,23,quiescent_stellate,epsilon,celseq2
8815,D28-6_41,13,acinar,Unmatched_13,celseq2
8816,D28-6_42,13,acinar,Unmatched_13,celseq2
8817,D28-6_43,7,quiescent_stellate,activated_stellate,celseq2
8818,D28-6_49,7,activated_stellate,activated_stellate,celseq2
8819,D28-6_50,13,acinar,Unmatched_13,celseq2
8820,D28-6_51,13,acinar,Unmatched_13,celseq2
8821,D28-6_52,17,alpha,alpha,celseq2
8822,D28-6_53,16,beta,Unmatched_16,celseq2
8823,D28-6_61,13,acinar,Unmatched_13,celseq2
8824,D28-6_62,13,acinar,Unmatched_13,celseq2
8825,D28-6_63,13,acinar,Unmatched_13,celseq2
8826,D28-6_64,7,activated_stellate,activated_stellate,celseq2
8827,D28-6_65,17,alpha,alpha,celseq2
8828,D28-6_66,13,acinar,Unmatched_13,celseq2
8829,D28-6_73,13,acinar,Unmatched_13,celseq2
8830,D28-6_74,13,acinar,Unmatched_13,celseq2
8831,D28-6_75,1,ductal,ductal,celseq2
8832,D28-6_76,13,acinar,Unmatched_13,celseq2
8833,D28-6_77,17,alpha,alpha,celseq2
8834,D28-6_86,16,beta,Unmatched_16,celseq2
8835,D28-6_87,16,beta,Unmatched_16,celseq2
8836,D28-6_88,17,alpha,alpha,celseq2
8837,D28-6_89,13,acinar,Unmatched_13,celseq2
8838,D28-7_1,13,acinar,Unmatched_13,celseq2
8839,D28-7_3,17,alpha,alpha,celseq2
8840,D28-7_4,18,gamma,gamma,celseq2
8841,D28-7_5,17,alpha,alpha,celseq2
8842,D28-7_7,17,alpha,alpha,celseq2
8843,D28-7_13,17,alpha,alpha,celseq2
8844,D28-7_15,1,ductal,ductal,celseq2
8845,D28-7_16,17,alpha,alpha,celseq2
8846,D28-7_18,1,ductal,ductal,celseq2
8847,D28-7_19,17,alpha,alpha,celseq2
8848,D28-7_37,13,acinar,Unmatched_13,celseq2
8849,D28-7_38,3,delta,delta,celseq2
8850,D28-7_39,13,acinar,Unmatched_13,celseq2
8851,D28-7_40,23,beta,epsilon,celseq2
8852,D28-7_41,13,acinar,Unmatched_13,celseq2
8853,D28-7_42,1,ductal,ductal,celseq2
8854,D28-7_49,9,alpha,Unmatched_9,celseq2
8855,D28-7_50,1,ductal,ductal,celseq2
8856,D28-7_51,13,acinar,Unmatched_13,celseq2
8857,D28-7_52,13,acinar,Unmatched_13,celseq2
8858,D28-7_53,17,alpha,alpha,celseq2
8859,D28-7_61,17,alpha,alpha,celseq2
8860,D28-7_62,13,acinar,Unmatched_13,celseq2
8861,D28-7_63,17,alpha,alpha,celseq2
8862,D28-7_64,13,acinar,Unmatched_13,celseq2
8863,D28-7_65,16,alpha,Unmatched_16,celseq2
8864,D28-7_66,17,alpha,alpha,celseq2
8865,D28-7_68,7,activated_stellate,activated_stellate,celseq2
8866,D28-7_73,3,delta,delta,celseq2
8867,D28-7_74,7,activated_stellate,activated_stellate,celseq2
8868,D28-7_75,13,acinar,Unmatched_13,celseq2
8869,D28-7_76,1,ductal,ductal,celseq2
8870,D28-7_77,17,alpha,alpha,celseq2
8871,D28-7_78,13,acinar,Unmatched_13,celseq2
8872,D28-7_85,1,ductal,ductal,celseq2
8873,D28-7_86,0,endothelial,endothelial,celseq2
8874,D28-7_87,1,ductal,ductal,celseq2
8875,D28-7_88,7,activated_stellate,activated_stellate,celseq2
8876,D28-7_89,1,ductal,ductal,celseq2
8877,D28-8_1,1,ductal,ductal,celseq2
8878,D28-8_2,17,alpha,alpha,celseq2
8879,D28-8_4,1,beta,ductal,celseq2
8880,D28-8_5,17,alpha,alpha,celseq2
8881,D28-8_6,13,acinar,Unmatched_13,celseq2
8882,D28-8_14,17,alpha,alpha,celseq2
8883,D28-8_15,17,alpha,alpha,celseq2
8884,D28-8_16,7,activated_stellate,activated_stellate,celseq2
8885,D28-8_18,17,alpha,alpha,celseq2
8886,D28-8_25,17,alpha,alpha,celseq2
8887,D28-8_26,3,delta,delta,celseq2
8888,D28-8_27,17,alpha,alpha,celseq2
8889,D28-8_28,1,ductal,ductal,celseq2
8890,D28-8_29,16,beta,Unmatched_16,celseq2
8891,D28-8_31,1,ductal,ductal,celseq2
8892,D28-8_37,1,ductal,ductal,celseq2
8893,D28-8_38,18,gamma,gamma,celseq2
8894,D28-8_39,13,acinar,Unmatched_13,celseq2
8895,D28-8_41,17,alpha,alpha,celseq2
8896,D28-8_42,4,macrophage,macrophage,celseq2
8897,D28-8_49,13,acinar,Unmatched_13,celseq2
8898,D28-8_50,4,macrophage,macrophage,celseq2
8899,D28-8_51,13,ductal,Unmatched_13,celseq2
8900,D28-8_52,2,quiescent_stellate,quiescent_stellate,celseq2
8901,D28-8_53,13,acinar,Unmatched_13,celseq2
8902,D28-8_55,1,ductal,ductal,celseq2
8903,D28-8_61,3,delta,delta,celseq2
8904,D28-8_62,1,ductal,ductal,celseq2
8905,D28-8_63,13,acinar,Unmatched_13,celseq2
8906,D28-8_65,7,activated_stellate,activated_stellate,celseq2
8907,D28-8_66,7,activated_stellate,activated_stellate,celseq2
8908,D28-8_73,7,activated_stellate,activated_stellate,celseq2
8909,D28-8_74,17,alpha,alpha,celseq2
8910,D28-8_75,13,acinar,Unmatched_13,celseq2
8911,D28-8_77,13,acinar,Unmatched_13,celseq2
8912,D28-8_78,1,ductal,ductal,celseq2
8913,D28-8_85,16,beta,Unmatched_16,celseq2
8914,D28-8_86,23,alpha,epsilon,celseq2
8915,D28-8_87,1,ductal,ductal,celseq2
8916,D28-8_88,16,beta,Unmatched_16,celseq2
8917,D28-8_90,1,ductal,ductal,celseq2
8918,D29-1_1,17,alpha,alpha,celseq2
8919,D29-1_2,0,endothelial,endothelial,celseq2
8920,D29-1_3,3,delta,delta,celseq2
8921,D29-1_4,17,alpha,alpha,celseq2
8922,D29-1_6,17,alpha,alpha,celseq2
8923,D29-1_7,17,alpha,alpha,celseq2
8924,D29-1_8,16,beta,Unmatched_16,celseq2
8925,D29-1_11,17,alpha,alpha,celseq2
8926,D29-1_12,18,gamma,gamma,celseq2
8927,D29-1_13,17,alpha,alpha,celseq2
8928,D29-1_15,18,gamma,gamma,celseq2
8929,D29-1_16,3,delta,delta,celseq2
8930,D29-1_17,17,alpha,alpha,celseq2
8931,D29-1_18,17,alpha,alpha,celseq2
8932,D29-1_19,17,alpha,alpha,celseq2
8933,D29-1_20,17,alpha,alpha,celseq2
8934,D29-1_21,16,beta,Unmatched_16,celseq2
8935,D29-1_24,16,beta,Unmatched_16,celseq2
8936,D29-1_26,17,alpha,alpha,celseq2
8937,D29-1_27,17,alpha,alpha,celseq2
8938,D29-1_29,17,alpha,alpha,celseq2
8939,D29-1_30,18,gamma,gamma,celseq2
8940,D29-1_32,17,alpha,alpha,celseq2
8941,D29-1_33,3,delta,delta,celseq2
8942,D29-1_34,17,alpha,alpha,celseq2
8943,D29-1_35,18,gamma,gamma,celseq2
8944,D29-1_36,22,beta,Unmatched_22,celseq2
8945,D29-1_37,17,alpha,alpha,celseq2
8946,D29-1_38,17,alpha,alpha,celseq2
8947,D29-1_39,22,beta,Unmatched_22,celseq2
8948,D29-1_40,16,beta,Unmatched_16,celseq2
8949,D29-1_41,17,alpha,alpha,celseq2
8950,D29-1_42,3,delta,delta,celseq2
8951,D29-1_44,17,alpha,alpha,celseq2
8952,D29-1_45,3,delta,delta,celseq2
8953,D29-1_46,17,alpha,alpha,celseq2
8954,D29-1_47,17,alpha,alpha,celseq2
8955,D29-1_48,16,beta,Unmatched_16,celseq2
8956,D29-1_49,3,delta,delta,celseq2
8957,D29-1_50,17,alpha,alpha,celseq2
8958,D29-1_51,17,alpha,alpha,celseq2
8959,D29-1_52,16,beta,Unmatched_16,celseq2
8960,D29-1_53,16,beta,Unmatched_16,celseq2
8961,D29-1_54,1,ductal,ductal,celseq2
8962,D29-1_55,17,alpha,alpha,celseq2
8963,D29-1_56,3,delta,delta,celseq2
8964,D29-1_57,3,delta,delta,celseq2
8965,D29-1_58,18,gamma,gamma,celseq2
8966,D29-1_59,17,alpha,alpha,celseq2
8967,D29-1_60,23,alpha,epsilon,celseq2
8968,D29-1_61,23,activated_stellate,epsilon,celseq2
8969,D29-1_62,17,alpha,alpha,celseq2
8970,D29-1_65,1,ductal,ductal,celseq2
8971,D29-1_66,18,gamma,gamma,celseq2
8972,D29-1_67,18,gamma,gamma,celseq2
8973,D29-1_68,13,acinar,Unmatched_13,celseq2
8974,D29-1_69,17,alpha,alpha,celseq2
8975,D29-1_70,16,beta,Unmatched_16,celseq2
8976,D29-1_71,18,gamma,gamma,celseq2
8977,D29-1_72,18,gamma,gamma,celseq2
8978,D29-1_73,18,gamma,gamma,celseq2
8979,D29-1_74,3,delta,delta,celseq2
8980,D29-1_75,16,beta,Unmatched_16,celseq2
8981,D29-1_76,17,alpha,alpha,celseq2
8982,D29-1_77,16,beta,Unmatched_16,celseq2
8983,D29-1_78,16,beta,Unmatched_16,celseq2
8984,D29-1_79,23,beta,epsilon,celseq2
8985,D29-1_80,17,alpha,alpha,celseq2
8986,D29-1_81,16,beta,Unmatched_16,celseq2
8987,D29-1_82,16,beta,Unmatched_16,celseq2
8988,D29-1_83,3,delta,delta,celseq2
8989,D29-1_84,16,beta,Unmatched_16,celseq2
8990,D29-1_86,18,gamma,gamma,celseq2
8991,D29-1_87,17,alpha,alpha,celseq2
8992,D29-1_88,16,beta,Unmatched_16,celseq2
8993,D29-1_89,17,alpha,alpha,celseq2
8994,D29-1_90,18,gamma,gamma,celseq2
8995,D29-1_92,16,beta,Unmatched_16,celseq2
8996,D29-1_93,3,delta,delta,celseq2
8997,D29-1_94,16,beta,Unmatched_16,celseq2
8998,D29-2_1,7,activated_stellate,activated_stellate,celseq2
8999,D29-2_3,17,alpha,alpha,celseq2
9000,D29-2_4,3,delta,delta,celseq2
9001,D29-2_5,16,beta,Unmatched_16,celseq2
9002,D29-2_6,17,alpha,alpha,celseq2
9003,D29-2_7,1,ductal,ductal,celseq2
9004,D29-2_8,17,alpha,alpha,celseq2
9005,D29-2_9,3,delta,delta,celseq2
9006,D29-2_10,3,delta,delta,celseq2
9007,D29-2_11,16,beta,Unmatched_16,celseq2
9008,D29-2_12,1,ductal,ductal,celseq2
9009,D29-2_13,17,alpha,alpha,celseq2
9010,D29-2_15,17,alpha,alpha,celseq2
9011,D29-2_16,3,delta,delta,celseq2
9012,D29-2_18,16,beta,Unmatched_16,celseq2
9013,D29-2_19,18,gamma,gamma,celseq2
9014,D29-2_20,16,beta,Unmatched_16,celseq2
9015,D29-2_22,17,alpha,alpha,celseq2
9016,D29-2_24,16,beta,Unmatched_16,celseq2
9017,D29-2_25,17,alpha,alpha,celseq2
9018,D29-2_26,16,beta,Unmatched_16,celseq2
9019,D29-2_27,16,beta,Unmatched_16,celseq2
9020,D29-2_28,17,alpha,alpha,celseq2
9021,D29-2_30,16,beta,Unmatched_16,celseq2
9022,D29-2_31,17,alpha,alpha,celseq2
9023,D29-2_33,17,alpha,alpha,celseq2
9024,D29-2_34,3,delta,delta,celseq2
9025,D29-2_35,17,alpha,alpha,celseq2
9026,D29-2_37,17,alpha,alpha,celseq2
9027,D29-2_38,17,alpha,alpha,celseq2
9028,D29-2_39,17,alpha,alpha,celseq2
9029,D29-2_41,17,alpha,alpha,celseq2
9030,D29-2_42,18,gamma,gamma,celseq2
9031,D29-2_43,18,gamma,gamma,celseq2
9032,D29-2_45,17,alpha,alpha,celseq2
9033,D29-2_46,3,delta,delta,celseq2
9034,D29-2_47,18,gamma,gamma,celseq2
9035,D29-2_48,17,alpha,alpha,celseq2
9036,D29-2_49,4,macrophage,macrophage,celseq2
9037,D29-2_50,16,beta,Unmatched_16,celseq2
9038,D29-2_51,17,alpha,alpha,celseq2
9039,D29-2_52,17,alpha,alpha,celseq2
9040,D29-2_53,16,beta,Unmatched_16,celseq2
9041,D29-2_54,22,beta,Unmatched_22,celseq2
9042,D29-2_55,23,mast,epsilon,celseq2
9043,D29-2_56,16,beta,Unmatched_16,celseq2
9044,D29-2_57,1,ductal,ductal,celseq2
9045,D29-2_58,18,gamma,gamma,celseq2
9046,D29-2_59,18,gamma,gamma,celseq2
9047,D29-2_60,23,beta,epsilon,celseq2
9048,D29-2_61,1,ductal,ductal,celseq2
9049,D29-2_62,16,beta,Unmatched_16,celseq2
9050,D29-2_63,1,ductal,ductal,celseq2
9051,D29-2_64,18,gamma,gamma,celseq2
9052,D29-2_65,1,ductal,ductal,celseq2
9053,D29-2_66,16,beta,Unmatched_16,celseq2
9054,D29-2_67,17,alpha,alpha,celseq2
9055,D29-2_68,18,gamma,gamma,celseq2
9056,D29-2_69,17,alpha,alpha,celseq2
9057,D29-2_70,16,beta,Unmatched_16,celseq2
9058,D29-2_71,17,alpha,alpha,celseq2
9059,D29-2_72,16,beta,Unmatched_16,celseq2
9060,D29-2_74,17,alpha,alpha,celseq2
9061,D29-2_75,17,alpha,alpha,celseq2
9062,D29-2_76,17,alpha,alpha,celseq2
9063,D29-2_78,18,gamma,gamma,celseq2
9064,D29-2_79,16,beta,Unmatched_16,celseq2
9065,D29-2_80,16,beta,Unmatched_16,celseq2
9066,D29-2_81,16,beta,Unmatched_16,celseq2
9067,D29-2_82,3,delta,delta,celseq2
9068,D29-2_84,17,alpha,alpha,celseq2
9069,D29-2_87,18,gamma,gamma,celseq2
9070,D29-2_88,1,ductal,ductal,celseq2
9071,D29-2_89,16,beta,Unmatched_16,celseq2
9072,D29-2_90,17,alpha,alpha,celseq2
9073,D29-2_91,17,alpha,alpha,celseq2
9074,D29-2_92,18,gamma,gamma,celseq2
9075,D29-2_93,17,alpha,alpha,celseq2
9076,D29-2_94,17,alpha,alpha,celseq2
9077,D29-3_1,23,gamma,epsilon,celseq2
9078,D29-3_3,17,alpha,alpha,celseq2
9079,D29-3_5,16,beta,Unmatched_16,celseq2
9080,D29-3_6,12,acinar,acinar,celseq2
9081,D29-3_7,16,beta,Unmatched_16,celseq2
9082,D29-3_8,3,delta,delta,celseq2
9083,D29-3_9,3,delta,delta,celseq2
9084,D29-3_11,3,delta,delta,celseq2
9085,D29-3_12,1,ductal,ductal,celseq2
9086,D29-3_13,3,delta,delta,celseq2
9087,D29-3_15,18,gamma,gamma,celseq2
9088,D29-3_16,18,gamma,gamma,celseq2
9089,D29-3_17,1,ductal,ductal,celseq2
9090,D29-3_18,17,alpha,alpha,celseq2
9091,D29-3_21,16,beta,Unmatched_16,celseq2
9092,D29-3_22,17,alpha,alpha,celseq2
9093,D29-3_23,16,beta,Unmatched_16,celseq2
9094,D29-3_24,16,beta,Unmatched_16,celseq2
9095,D29-3_25,17,alpha,alpha,celseq2
9096,D29-3_28,16,beta,Unmatched_16,celseq2
9097,D29-3_29,17,alpha,alpha,celseq2
9098,D29-3_30,17,alpha,alpha,celseq2
9099,D29-3_31,17,alpha,alpha,celseq2
9100,D29-3_32,18,gamma,gamma,celseq2
9101,D29-3_33,17,alpha,alpha,celseq2
9102,D29-3_34,17,alpha,alpha,celseq2
9103,D29-3_36,22,beta,Unmatched_22,celseq2
9104,D29-3_37,16,beta,Unmatched_16,celseq2
9105,D29-3_38,17,alpha,alpha,celseq2
9106,D29-3_39,16,beta,Unmatched_16,celseq2
9107,D29-3_40,17,alpha,alpha,celseq2
9108,D29-3_42,17,alpha,alpha,celseq2
9109,D29-3_43,3,delta,delta,celseq2
9110,D29-3_44,18,gamma,gamma,celseq2
9111,D29-3_45,3,delta,delta,celseq2
9112,D29-3_47,17,alpha,alpha,celseq2
9113,D29-3_48,16,beta,Unmatched_16,celseq2
9114,D29-3_49,17,alpha,alpha,celseq2
9115,D29-3_50,1,ductal,ductal,celseq2
9116,D29-3_51,16,beta,Unmatched_16,celseq2
9117,D29-3_52,16,beta,Unmatched_16,celseq2
9118,D29-3_53,17,alpha,alpha,celseq2
9119,D29-3_54,17,alpha,alpha,celseq2
9120,D29-3_56,17,alpha,alpha,celseq2
9121,D29-3_57,3,delta,delta,celseq2
9122,D29-3_58,3,delta,delta,celseq2
9123,D29-3_59,16,beta,Unmatched_16,celseq2
9124,D29-3_60,17,alpha,alpha,celseq2
9125,D29-3_61,16,beta,Unmatched_16,celseq2
9126,D29-3_64,16,beta,Unmatched_16,celseq2
9127,D29-3_66,17,alpha,alpha,celseq2
9128,D29-3_68,23,beta,epsilon,celseq2
9129,D29-3_69,3,delta,delta,celseq2
9130,D29-3_71,18,gamma,gamma,celseq2
9131,D29-3_72,17,alpha,alpha,celseq2
9132,D29-3_73,7,quiescent_stellate,activated_stellate,celseq2
9133,D29-3_74,17,alpha,alpha,celseq2
9134,D29-3_76,17,alpha,alpha,celseq2
9135,D29-3_77,17,alpha,alpha,celseq2
9136,D29-3_78,16,beta,Unmatched_16,celseq2
9137,D29-3_79,17,alpha,alpha,celseq2
9138,D29-3_81,17,alpha,alpha,celseq2
9139,D29-3_82,3,delta,delta,celseq2
9140,D29-3_83,23,beta,epsilon,celseq2
9141,D29-3_84,17,alpha,alpha,celseq2
9142,D29-3_85,3,delta,delta,celseq2
9143,D29-3_86,16,beta,Unmatched_16,celseq2
9144,D29-3_87,16,beta,Unmatched_16,celseq2
9145,D29-3_92,17,alpha,alpha,celseq2
9146,D29-3_93,17,alpha,alpha,celseq2
9147,D29-3_94,16,beta,Unmatched_16,celseq2
9148,D29-4_2,17,alpha,alpha,celseq2
9149,D29-4_3,18,gamma,gamma,celseq2
9150,D29-4_4,18,gamma,gamma,celseq2
9151,D29-4_5,17,alpha,alpha,celseq2
9152,D29-4_6,18,gamma,gamma,celseq2
9153,D29-4_8,7,alpha,activated_stellate,celseq2
9154,D29-4_9,17,alpha,alpha,celseq2
9155,D29-4_12,17,alpha,alpha,celseq2
9156,D29-4_13,17,alpha,alpha,celseq2
9157,D29-4_15,17,alpha,alpha,celseq2
9158,D29-4_16,17,alpha,alpha,celseq2
9159,D29-4_17,3,delta,delta,celseq2
9160,D29-4_18,17,alpha,alpha,celseq2
9161,D29-4_19,19,beta,Unmatched_19,celseq2
9162,D29-4_20,18,gamma,gamma,celseq2
9163,D29-4_22,17,alpha,alpha,celseq2
9164,D29-4_23,23,beta,epsilon,celseq2
9165,D29-4_25,17,alpha,alpha,celseq2
9166,D29-4_26,17,alpha,alpha,celseq2
9167,D29-4_27,16,beta,Unmatched_16,celseq2
9168,D29-4_28,17,alpha,alpha,celseq2
9169,D29-4_29,17,alpha,alpha,celseq2
9170,D29-4_30,17,alpha,alpha,celseq2
9171,D29-4_31,16,beta,Unmatched_16,celseq2
9172,D29-4_33,17,alpha,alpha,celseq2
9173,D29-4_34,17,alpha,alpha,celseq2
9174,D29-4_35,17,alpha,alpha,celseq2
9175,D29-4_38,17,alpha,alpha,celseq2
9176,D29-4_39,16,beta,Unmatched_16,celseq2
9177,D29-4_41,3,delta,delta,celseq2
9178,D29-4_42,16,beta,Unmatched_16,celseq2
9179,D29-4_43,3,delta,delta,celseq2
9180,D29-4_44,16,beta,Unmatched_16,celseq2
9181,D29-4_45,1,ductal,ductal,celseq2
9182,D29-4_46,17,alpha,alpha,celseq2
9183,D29-4_47,1,ductal,ductal,celseq2
9184,D29-4_48,18,gamma,gamma,celseq2
9185,D29-4_49,17,alpha,alpha,celseq2
9186,D29-4_50,17,alpha,alpha,celseq2
9187,D29-4_51,17,alpha,alpha,celseq2
9188,D29-4_52,16,beta,Unmatched_16,celseq2
9189,D29-4_53,17,alpha,alpha,celseq2
9190,D29-4_55,17,alpha,alpha,celseq2
9191,D29-4_56,17,alpha,alpha,celseq2
9192,D29-4_57,17,alpha,alpha,celseq2
9193,D29-4_58,17,alpha,alpha,celseq2
9194,D29-4_59,16,beta,Unmatched_16,celseq2
9195,D29-4_60,17,alpha,alpha,celseq2
9196,D29-4_61,17,alpha,alpha,celseq2
9197,D29-4_62,17,alpha,alpha,celseq2
9198,D29-4_63,23,beta,epsilon,celseq2
9199,D29-4_64,3,delta,delta,celseq2
9200,D29-4_65,17,alpha,alpha,celseq2
9201,D29-4_66,17,alpha,alpha,celseq2
9202,D29-4_67,22,beta,Unmatched_22,celseq2
9203,D29-4_68,17,alpha,alpha,celseq2
9204,D29-4_70,17,alpha,alpha,celseq2
9205,D29-4_72,17,alpha,alpha,celseq2
9206,D29-4_73,16,beta,Unmatched_16,celseq2
9207,D29-4_74,17,alpha,alpha,celseq2
9208,D29-4_75,17,alpha,alpha,celseq2
9209,D29-4_77,17,alpha,alpha,celseq2
9210,D29-4_79,16,beta,Unmatched_16,celseq2
9211,D29-4_80,17,alpha,alpha,celseq2
9212,D29-4_81,3,delta,delta,celseq2
9213,D29-4_82,7,alpha,activated_stellate,celseq2
9214,D29-4_83,3,delta,delta,celseq2
9215,D29-4_84,23,epsilon,epsilon,celseq2
9216,D29-4_85,17,alpha,alpha,celseq2
9217,D29-4_86,18,gamma,gamma,celseq2
9218,D29-4_88,16,beta,Unmatched_16,celseq2
9219,D29-4_90,3,delta,delta,celseq2
9220,D29-4_92,16,beta,Unmatched_16,celseq2
9221,D29-4_93,17,alpha,alpha,celseq2
9222,D29-4_94,16,beta,Unmatched_16,celseq2
9223,D29-5_3,17,alpha,alpha,celseq2
9224,D29-5_5,17,alpha,alpha,celseq2
9225,D29-5_6,18,gamma,gamma,celseq2
9226,D29-5_7,17,alpha,alpha,celseq2
9227,D29-5_8,17,alpha,alpha,celseq2
9228,D29-5_10,16,beta,Unmatched_16,celseq2
9229,D29-5_11,17,alpha,alpha,celseq2
9230,D29-5_12,16,beta,Unmatched_16,celseq2
9231,D29-5_14,16,beta,Unmatched_16,celseq2
9232,D29-5_17,17,alpha,alpha,celseq2
9233,D29-5_18,17,alpha,alpha,celseq2
9234,D29-5_19,17,alpha,alpha,celseq2
9235,D29-5_20,23,beta,epsilon,celseq2
9236,D29-5_21,16,beta,Unmatched_16,celseq2
9237,D29-5_22,16,beta,Unmatched_16,celseq2
9238,D29-5_23,16,beta,Unmatched_16,celseq2
9239,D29-5_24,17,alpha,alpha,celseq2
9240,D29-5_30,16,beta,Unmatched_16,celseq2
9241,D29-5_31,17,alpha,alpha,celseq2
9242,D29-5_32,3,delta,delta,celseq2
9243,D29-5_33,17,alpha,alpha,celseq2
9244,D29-5_34,19,beta,Unmatched_19,celseq2
9245,D29-5_35,17,alpha,alpha,celseq2
9246,D29-5_36,3,delta,delta,celseq2
9247,D29-5_37,16,beta,Unmatched_16,celseq2
9248,D29-5_39,17,alpha,alpha,celseq2
9249,D29-5_40,16,beta,Unmatched_16,celseq2
9250,D29-5_43,17,alpha,alpha,celseq2
9251,D29-5_44,17,alpha,alpha,celseq2
9252,D29-5_46,17,alpha,alpha,celseq2
9253,D29-5_47,3,delta,delta,celseq2
9254,D29-5_48,16,beta,Unmatched_16,celseq2
9255,D29-5_49,17,alpha,alpha,celseq2
9256,D29-5_51,23,gamma,epsilon,celseq2
9257,D29-5_52,16,beta,Unmatched_16,celseq2
9258,D29-5_53,16,beta,Unmatched_16,celseq2
9259,D29-5_54,17,alpha,alpha,celseq2
9260,D29-5_55,16,beta,Unmatched_16,celseq2
9261,D29-5_56,17,alpha,alpha,celseq2
9262,D29-5_57,17,alpha,alpha,celseq2
9263,D29-5_58,16,beta,Unmatched_16,celseq2
9264,D29-5_59,17,alpha,alpha,celseq2
9265,D29-5_60,16,beta,Unmatched_16,celseq2
9266,D29-5_61,16,beta,Unmatched_16,celseq2
9267,D29-5_62,16,beta,Unmatched_16,celseq2
9268,D29-5_63,23,beta,epsilon,celseq2
9269,D29-5_64,1,ductal,ductal,celseq2
9270,D29-5_65,17,alpha,alpha,celseq2
9271,D29-5_66,3,delta,delta,celseq2
9272,D29-5_67,23,alpha,epsilon,celseq2
9273,D29-5_68,17,alpha,alpha,celseq2
9274,D29-5_69,16,beta,Unmatched_16,celseq2
9275,D29-5_70,16,beta,Unmatched_16,celseq2
9276,D29-5_71,17,alpha,alpha,celseq2
9277,D29-5_73,12,acinar,acinar,celseq2
9278,D29-5_75,17,alpha,alpha,celseq2
9279,D29-5_76,3,delta,delta,celseq2
9280,D29-5_77,3,delta,delta,celseq2
9281,D29-5_78,13,acinar,Unmatched_13,celseq2
9282,D29-5_79,18,gamma,gamma,celseq2
9283,D29-5_82,17,alpha,alpha,celseq2
9284,D29-5_83,3,delta,delta,celseq2
9285,D29-5_86,16,beta,Unmatched_16,celseq2
9286,D29-5_87,17,alpha,alpha,celseq2
9287,D29-5_89,1,ductal,ductal,celseq2
9288,D29-5_91,16,beta,Unmatched_16,celseq2
9289,D29-5_92,17,alpha,alpha,celseq2
9290,D29-6_1,17,alpha,alpha,celseq2
9291,D29-6_3,16,beta,Unmatched_16,celseq2
9292,D29-6_4,18,gamma,gamma,celseq2
9293,D29-6_6,18,gamma,gamma,celseq2
9294,D29-6_8,17,alpha,alpha,celseq2
9295,D29-6_9,18,gamma,gamma,celseq2
9296,D29-6_10,3,delta,delta,celseq2
9297,D29-6_11,18,gamma,gamma,celseq2
9298,D29-6_16,16,beta,Unmatched_16,celseq2
9299,D29-6_17,17,alpha,alpha,celseq2
9300,D29-6_19,17,alpha,alpha,celseq2
9301,D29-6_21,17,alpha,alpha,celseq2
9302,D29-6_22,3,delta,delta,celseq2
9303,D29-6_24,17,alpha,alpha,celseq2
9304,D29-6_26,17,alpha,alpha,celseq2
9305,D29-6_27,17,alpha,alpha,celseq2
9306,D29-6_28,16,beta,Unmatched_16,celseq2
9307,D29-6_29,17,alpha,alpha,celseq2
9308,D29-6_30,3,delta,delta,celseq2
9309,D29-6_32,16,beta,Unmatched_16,celseq2
9310,D29-6_33,18,gamma,gamma,celseq2
9311,D29-6_34,17,alpha,alpha,celseq2
9312,D29-6_38,17,alpha,alpha,celseq2
9313,D29-6_39,16,beta,Unmatched_16,celseq2
9314,D29-6_40,17,alpha,alpha,celseq2
9315,D29-6_41,17,alpha,alpha,celseq2
9316,D29-6_42,23,alpha,epsilon,celseq2
9317,D29-6_43,16,beta,Unmatched_16,celseq2
9318,D29-6_44,3,delta,delta,celseq2
9319,D29-6_46,3,delta,delta,celseq2
9320,D29-6_48,17,alpha,alpha,celseq2
9321,D29-6_50,16,beta,Unmatched_16,celseq2
9322,D29-6_51,17,alpha,alpha,celseq2
9323,D29-6_52,17,alpha,alpha,celseq2
9324,D29-6_53,17,alpha,alpha,celseq2
9325,D29-6_54,17,alpha,alpha,celseq2
9326,D29-6_55,18,gamma,gamma,celseq2
9327,D29-6_56,16,beta,Unmatched_16,celseq2
9328,D29-6_57,17,alpha,alpha,celseq2
9329,D29-6_58,17,alpha,alpha,celseq2
9330,D29-6_59,16,beta,Unmatched_16,celseq2
9331,D29-6_60,17,alpha,alpha,celseq2
9332,D29-6_62,16,beta,Unmatched_16,celseq2
9333,D29-6_63,3,delta,delta,celseq2
9334,D29-6_64,17,alpha,alpha,celseq2
9335,D29-6_65,17,alpha,alpha,celseq2
9336,D29-6_66,23,delta,epsilon,celseq2
9337,D29-6_67,16,beta,Unmatched_16,celseq2
9338,D29-6_69,17,alpha,alpha,celseq2
9339,D29-6_70,16,beta,Unmatched_16,celseq2
9340,D29-6_72,16,beta,Unmatched_16,celseq2
9341,D29-6_77,16,beta,Unmatched_16,celseq2
9342,D29-6_78,17,alpha,alpha,celseq2
9343,D29-6_79,16,beta,Unmatched_16,celseq2
9344,D29-6_80,16,beta,Unmatched_16,celseq2
9345,D29-6_82,17,alpha,alpha,celseq2
9346,D29-6_83,17,alpha,alpha,celseq2
9347,D29-6_84,17,alpha,alpha,celseq2
9348,D29-6_86,17,alpha,alpha,celseq2
9349,D29-6_87,3,delta,delta,celseq2
9350,D29-6_88,18,gamma,gamma,celseq2
9351,D29-6_89,17,alpha,alpha,celseq2
9352,D29-6_90,17,alpha,alpha,celseq2
9353,D29-6_91,17,alpha,alpha,celseq2
9354,D29-6_94,17,alpha,alpha,celseq2
9355,D29-7_1,17,alpha,alpha,celseq2
9356,D29-7_2,16,beta,Unmatched_16,celseq2
9357,D29-7_3,16,beta,Unmatched_16,celseq2
9358,D29-7_4,3,delta,delta,celseq2
9359,D29-7_5,12,acinar,acinar,celseq2
9360,D29-7_6,17,alpha,alpha,celseq2
9361,D29-7_8,18,gamma,gamma,celseq2
9362,D29-7_12,16,beta,Unmatched_16,celseq2
9363,D29-7_14,16,beta,Unmatched_16,celseq2
9364,D29-7_17,16,beta,Unmatched_16,celseq2
9365,D29-7_18,0,endothelial,endothelial,celseq2
9366,D29-7_19,3,delta,delta,celseq2
9367,D29-7_20,1,ductal,ductal,celseq2
9368,D29-7_21,3,delta,delta,celseq2
9369,D29-7_23,18,gamma,gamma,celseq2
9370,D29-7_25,17,alpha,alpha,celseq2
9371,D29-7_28,3,delta,delta,celseq2
9372,D29-7_30,18,gamma,gamma,celseq2
9373,D29-7_31,16,beta,Unmatched_16,celseq2
9374,D29-7_32,17,alpha,alpha,celseq2
9375,D29-7_33,17,alpha,alpha,celseq2
9376,D29-7_34,18,gamma,gamma,celseq2
9377,D29-7_35,18,gamma,gamma,celseq2
9378,D29-7_36,18,gamma,gamma,celseq2
9379,D29-7_37,16,beta,Unmatched_16,celseq2
9380,D29-7_38,17,alpha,alpha,celseq2
9381,D29-7_39,16,beta,Unmatched_16,celseq2
9382,D29-7_40,18,gamma,gamma,celseq2
9383,D29-7_41,16,beta,Unmatched_16,celseq2
9384,D29-7_42,16,beta,Unmatched_16,celseq2
9385,D29-7_43,17,alpha,alpha,celseq2
9386,D29-7_44,17,alpha,alpha,celseq2
9387,D29-7_45,16,beta,Unmatched_16,celseq2
9388,D29-7_46,17,alpha,alpha,celseq2
9389,D29-7_47,17,alpha,alpha,celseq2
9390,D29-7_48,16,beta,Unmatched_16,celseq2
9391,D29-7_49,13,acinar,Unmatched_13,celseq2
9392,D29-7_50,17,alpha,alpha,celseq2
9393,D29-7_51,17,alpha,alpha,celseq2
9394,D29-7_52,16,beta,Unmatched_16,celseq2
9395,D29-7_54,3,delta,delta,celseq2
9396,D29-7_55,17,alpha,alpha,celseq2
9397,D29-7_56,17,alpha,alpha,celseq2
9398,D29-7_57,17,alpha,alpha,celseq2
9399,D29-7_58,16,beta,Unmatched_16,celseq2
9400,D29-7_59,17,alpha,alpha,celseq2
9401,D29-7_60,18,gamma,gamma,celseq2
9402,D29-7_61,18,gamma,gamma,celseq2
9403,D29-7_62,23,beta,epsilon,celseq2
9404,D29-7_63,3,delta,delta,celseq2
9405,D29-7_64,17,alpha,alpha,celseq2
9406,D29-7_65,17,alpha,alpha,celseq2
9407,D29-7_68,16,beta,Unmatched_16,celseq2
9408,D29-7_69,16,beta,Unmatched_16,celseq2
9409,D29-7_70,17,alpha,alpha,celseq2
9410,D29-7_71,23,epsilon,epsilon,celseq2
9411,D29-7_72,17,alpha,alpha,celseq2
9412,D29-7_73,17,alpha,alpha,celseq2
9413,D29-7_74,23,beta,epsilon,celseq2
9414,D29-7_75,16,beta,Unmatched_16,celseq2
9415,D29-7_76,17,alpha,alpha,celseq2
9416,D29-7_77,18,gamma,gamma,celseq2
9417,D29-7_78,3,delta,delta,celseq2
9418,D29-7_79,3,delta,delta,celseq2
9419,D29-7_80,17,alpha,alpha,celseq2
9420,D29-7_81,3,delta,delta,celseq2
9421,D29-7_82,17,alpha,alpha,celseq2
9422,D29-7_84,17,alpha,alpha,celseq2
9423,D29-7_85,17,alpha,alpha,celseq2
9424,D29-7_86,16,beta,Unmatched_16,celseq2
9425,D29-7_87,16,beta,Unmatched_16,celseq2
9426,D29-7_89,23,gamma,epsilon,celseq2
9427,D29-7_90,17,alpha,alpha,celseq2
9428,D29-7_92,17,alpha,alpha,celseq2
9429,D29-7_93,18,gamma,gamma,celseq2
9430,D29-7_94,18,gamma,gamma,celseq2
9431,D29-8_2,17,alpha,alpha,celseq2
9432,D29-8_4,7,activated_stellate,activated_stellate,celseq2
9433,D29-8_7,17,alpha,alpha,celseq2
9434,D29-8_8,16,beta,Unmatched_16,celseq2
9435,D29-8_10,3,delta,delta,celseq2
9436,D29-8_11,16,beta,Unmatched_16,celseq2
9437,D29-8_12,19,beta,Unmatched_19,celseq2
9438,D29-8_13,3,delta,delta,celseq2
9439,D29-8_14,17,alpha,alpha,celseq2
9440,D29-8_15,23,alpha,epsilon,celseq2
9441,D29-8_18,17,alpha,alpha,celseq2
9442,D29-8_19,18,gamma,gamma,celseq2
9443,D29-8_20,17,alpha,alpha,celseq2
9444,D29-8_23,16,beta,Unmatched_16,celseq2
9445,D29-8_24,17,alpha,alpha,celseq2
9446,D29-8_25,12,alpha,acinar,celseq2
9447,D29-8_27,17,alpha,alpha,celseq2
9448,D29-8_29,17,alpha,alpha,celseq2
9449,D29-8_30,17,alpha,alpha,celseq2
9450,D29-8_32,17,alpha,alpha,celseq2
9451,D29-8_33,17,alpha,alpha,celseq2
9452,D29-8_34,16,beta,Unmatched_16,celseq2
9453,D29-8_35,17,alpha,alpha,celseq2
9454,D29-8_37,17,alpha,alpha,celseq2
9455,D29-8_39,17,alpha,alpha,celseq2
9456,D29-8_40,17,alpha,alpha,celseq2
9457,D29-8_43,18,gamma,gamma,celseq2
9458,D29-8_45,17,alpha,alpha,celseq2
9459,D29-8_46,3,delta,delta,celseq2
9460,D29-8_48,18,gamma,gamma,celseq2
9461,D29-8_49,16,beta,Unmatched_16,celseq2
9462,D29-8_50,16,beta,Unmatched_16,celseq2
9463,D29-8_51,17,alpha,alpha,celseq2
9464,D29-8_52,2,quiescent_stellate,quiescent_stellate,celseq2
9465,D29-8_54,3,delta,delta,celseq2
9466,D29-8_55,17,alpha,alpha,celseq2
9467,D29-8_56,17,alpha,alpha,celseq2
9468,D29-8_59,17,alpha,alpha,celseq2
9469,D29-8_60,17,alpha,alpha,celseq2
9470,D29-8_62,3,delta,delta,celseq2
9471,D29-8_63,1,ductal,ductal,celseq2
9472,D29-8_64,17,alpha,alpha,celseq2
9473,D29-8_65,17,alpha,alpha,celseq2
9474,D29-8_66,17,alpha,alpha,celseq2
9475,D29-8_67,4,macrophage,macrophage,celseq2
9476,D29-8_68,3,delta,delta,celseq2
9477,D29-8_72,3,delta,delta,celseq2
9478,D29-8_73,3,delta,delta,celseq2
9479,D29-8_74,16,beta,Unmatched_16,celseq2
9480,D29-8_75,1,ductal,ductal,celseq2
9481,D29-8_76,17,alpha,alpha,celseq2
9482,D29-8_77,17,alpha,alpha,celseq2
9483,D29-8_79,3,delta,delta,celseq2
9484,D29-8_80,3,delta,delta,celseq2
9485,D29-8_81,3,delta,delta,celseq2
9486,D29-8_82,17,alpha,alpha,celseq2
9487,D29-8_83,3,delta,delta,celseq2
9488,D29-8_84,17,alpha,alpha,celseq2
9489,D29-8_86,17,alpha,alpha,celseq2
9490,D29-8_87,16,beta,Unmatched_16,celseq2
9491,D29-8_88,1,ductal,ductal,celseq2
9492,D29-8_90,16,beta,Unmatched_16,celseq2
9493,D29-8_91,16,beta,Unmatched_16,celseq2
9494,D29-8_94,16,beta,Unmatched_16,celseq2
9495,D31-1_1,16,beta,Unmatched_16,celseq2
9496,D31-1_2,17,alpha,alpha,celseq2
9497,D31-1_4,17,alpha,alpha,celseq2
9498,D31-1_5,13,acinar,Unmatched_13,celseq2
9499,D31-1_6,3,delta,delta,celseq2
9500,D31-1_7,13,acinar,Unmatched_13,celseq2
9501,D31-1_8,17,alpha,alpha,celseq2
9502,D31-1_9,13,acinar,Unmatched_13,celseq2
9503,D31-1_10,23,beta,epsilon,celseq2
9504,D31-1_11,13,acinar,Unmatched_13,celseq2
9505,D31-1_12,1,ductal,ductal,celseq2
9506,D31-1_14,16,beta,Unmatched_16,celseq2
9507,D31-1_15,3,delta,delta,celseq2
9508,D31-1_16,1,ductal,ductal,celseq2
9509,D31-1_17,17,alpha,alpha,celseq2
9510,D31-1_19,13,acinar,Unmatched_13,celseq2
9511,D31-1_20,16,beta,Unmatched_16,celseq2
9512,D31-1_21,13,acinar,Unmatched_13,celseq2
9513,D31-1_22,13,acinar,Unmatched_13,celseq2
9514,D31-1_23,7,activated_stellate,activated_stellate,celseq2
9515,D31-1_24,17,alpha,alpha,celseq2
9516,D31-1_25,13,acinar,Unmatched_13,celseq2
9517,D31-1_26,16,beta,Unmatched_16,celseq2
9518,D31-1_27,13,acinar,Unmatched_13,celseq2
9519,D31-1_28,22,beta,Unmatched_22,celseq2
9520,D31-1_29,16,beta,Unmatched_16,celseq2
9521,D31-1_31,17,alpha,alpha,celseq2
9522,D31-1_32,17,alpha,alpha,celseq2
9523,D31-1_33,3,delta,delta,celseq2
9524,D31-1_34,22,beta,Unmatched_22,celseq2
9525,D31-1_35,17,alpha,alpha,celseq2
9526,D31-1_36,7,alpha,activated_stellate,celseq2
9527,D31-1_38,16,delta,Unmatched_16,celseq2
9528,D31-1_39,22,beta,Unmatched_22,celseq2
9529,D31-1_40,17,alpha,alpha,celseq2
9530,D31-1_41,0,endothelial,endothelial,celseq2
9531,D31-1_42,17,alpha,alpha,celseq2
9532,D31-1_43,17,alpha,alpha,celseq2
9533,D31-1_44,13,acinar,Unmatched_13,celseq2
9534,D31-1_45,13,acinar,Unmatched_13,celseq2
9535,D31-1_46,17,alpha,alpha,celseq2
9536,D31-1_47,16,beta,Unmatched_16,celseq2
9537,D31-1_48,13,acinar,Unmatched_13,celseq2
9538,D31-1_49,17,alpha,alpha,celseq2
9539,D31-1_50,1,ductal,ductal,celseq2
9540,D31-1_51,13,acinar,Unmatched_13,celseq2
9541,D31-1_52,17,alpha,alpha,celseq2
9542,D31-1_53,16,beta,Unmatched_16,celseq2
9543,D31-1_54,16,beta,Unmatched_16,celseq2
9544,D31-1_55,1,ductal,ductal,celseq2
9545,D31-1_56,22,beta,Unmatched_22,celseq2
9546,D31-1_58,13,acinar,Unmatched_13,celseq2
9547,D31-1_59,17,alpha,alpha,celseq2
9548,D31-1_60,17,alpha,alpha,celseq2
9549,D31-1_61,17,alpha,alpha,celseq2
9550,D31-1_62,1,ductal,ductal,celseq2
9551,D31-1_63,23,beta,epsilon,celseq2
9552,D31-1_64,17,alpha,alpha,celseq2
9553,D31-1_65,18,gamma,gamma,celseq2
9554,D31-1_66,9,alpha,Unmatched_9,celseq2
9555,D31-1_67,17,alpha,alpha,celseq2
9556,D31-1_68,16,beta,Unmatched_16,celseq2
9557,D31-1_69,17,alpha,alpha,celseq2
9558,D31-1_70,13,acinar,Unmatched_13,celseq2
9559,D31-1_72,1,ductal,ductal,celseq2
9560,D31-1_73,16,beta,Unmatched_16,celseq2
9561,D31-1_74,23,beta,epsilon,celseq2
9562,D31-1_75,17,alpha,alpha,celseq2
9563,D31-1_76,1,ductal,ductal,celseq2
9564,D31-1_77,1,ductal,ductal,celseq2
9565,D31-1_78,17,alpha,alpha,celseq2
9566,D31-1_79,18,gamma,gamma,celseq2
9567,D31-1_80,18,gamma,gamma,celseq2
9568,D31-1_81,18,gamma,gamma,celseq2
9569,D31-1_82,1,ductal,ductal,celseq2
9570,D31-1_83,1,ductal,ductal,celseq2
9571,D31-1_84,1,ductal,ductal,celseq2
9572,D31-1_85,17,alpha,alpha,celseq2
9573,D31-1_86,16,beta,Unmatched_16,celseq2
9574,D31-1_87,17,alpha,alpha,celseq2
9575,D31-1_88,13,acinar,Unmatched_13,celseq2
9576,D31-1_89,17,alpha,alpha,celseq2
9577,D31-1_90,1,ductal,ductal,celseq2
9578,D31-1_91,17,alpha,alpha,celseq2
9579,D31-1_92,17,alpha,alpha,celseq2
9580,D31-1_93,1,ductal,ductal,celseq2
9581,D31-2_1,23,beta,epsilon,celseq2
9582,D31-2_2,17,alpha,alpha,celseq2
9583,D31-2_3,22,beta,Unmatched_22,celseq2
9584,D31-2_4,8,schwann,schwann,celseq2
9585,D31-2_5,3,delta,delta,celseq2
9586,D31-2_6,13,acinar,Unmatched_13,celseq2
9587,D31-2_7,17,alpha,alpha,celseq2
9588,D31-2_9,17,alpha,alpha,celseq2
9589,D31-2_10,1,ductal,ductal,celseq2
9590,D31-2_11,17,alpha,alpha,celseq2
9591,D31-2_12,3,delta,delta,celseq2
9592,D31-2_13,17,alpha,alpha,celseq2
9593,D31-2_14,17,alpha,alpha,celseq2
9594,D31-2_15,13,acinar,Unmatched_13,celseq2
9595,D31-2_17,1,ductal,ductal,celseq2
9596,D31-2_18,13,acinar,Unmatched_13,celseq2
9597,D31-2_19,7,activated_stellate,activated_stellate,celseq2
9598,D31-2_20,1,ductal,ductal,celseq2
9599,D31-2_21,1,ductal,ductal,celseq2
9600,D31-2_22,17,alpha,alpha,celseq2
9601,D31-2_23,23,beta,epsilon,celseq2
9602,D31-2_24,7,activated_stellate,activated_stellate,celseq2
9603,D31-2_26,13,acinar,Unmatched_13,celseq2
9604,D31-2_27,16,beta,Unmatched_16,celseq2
9605,D31-2_28,22,beta,Unmatched_22,celseq2
9606,D31-2_29,3,delta,delta,celseq2
9607,D31-2_30,13,acinar,Unmatched_13,celseq2
9608,D31-2_31,17,alpha,alpha,celseq2
9609,D31-2_32,17,alpha,alpha,celseq2
9610,D31-2_33,17,alpha,alpha,celseq2
9611,D31-2_34,16,beta,Unmatched_16,celseq2
9612,D31-2_35,1,ductal,ductal,celseq2
9613,D31-2_36,3,delta,delta,celseq2
9614,D31-2_37,1,ductal,ductal,celseq2
9615,D31-2_38,13,acinar,Unmatched_13,celseq2
9616,D31-2_39,17,alpha,alpha,celseq2
9617,D31-2_40,1,ductal,ductal,celseq2
9618,D31-2_41,1,ductal,ductal,celseq2
9619,D31-2_43,16,beta,Unmatched_16,celseq2
9620,D31-2_44,17,alpha,alpha,celseq2
9621,D31-2_45,17,alpha,alpha,celseq2
9622,D31-2_46,16,beta,Unmatched_16,celseq2
9623,D31-2_47,23,beta,epsilon,celseq2
9624,D31-2_48,23,beta,epsilon,celseq2
9625,D31-2_49,23,beta,epsilon,celseq2
9626,D31-2_50,17,alpha,alpha,celseq2
9627,D31-2_52,16,beta,Unmatched_16,celseq2
9628,D31-2_53,13,acinar,Unmatched_13,celseq2
9629,D31-2_54,1,ductal,ductal,celseq2
9630,D31-2_55,18,gamma,gamma,celseq2
9631,D31-2_56,17,alpha,alpha,celseq2
9632,D31-2_57,17,alpha,alpha,celseq2
9633,D31-2_58,16,beta,Unmatched_16,celseq2
9634,D31-2_59,1,ductal,ductal,celseq2
9635,D31-2_60,18,gamma,gamma,celseq2
9636,D31-2_61,13,acinar,Unmatched_13,celseq2
9637,D31-2_62,1,ductal,ductal,celseq2
9638,D31-2_63,17,alpha,alpha,celseq2
9639,D31-2_64,17,alpha,alpha,celseq2
9640,D31-2_65,23,beta,epsilon,celseq2
9641,D31-2_66,16,beta,Unmatched_16,celseq2
9642,D31-2_67,17,alpha,alpha,celseq2
9643,D31-2_68,1,ductal,ductal,celseq2
9644,D31-2_69,13,acinar,Unmatched_13,celseq2
9645,D31-2_70,3,delta,delta,celseq2
9646,D31-2_71,19,beta,Unmatched_19,celseq2
9647,D31-2_72,22,beta,Unmatched_22,celseq2
9648,D31-2_73,1,ductal,ductal,celseq2
9649,D31-2_74,17,alpha,alpha,celseq2
9650,D31-2_75,13,acinar,Unmatched_13,celseq2
9651,D31-2_76,1,ductal,ductal,celseq2
9652,D31-2_77,1,ductal,ductal,celseq2
9653,D31-2_78,1,ductal,ductal,celseq2
9654,D31-2_79,3,delta,delta,celseq2
9655,D31-2_80,7,activated_stellate,activated_stellate,celseq2
9656,D31-2_81,17,alpha,alpha,celseq2
9657,D31-2_82,17,alpha,alpha,celseq2
9658,D31-2_83,13,acinar,Unmatched_13,celseq2
9659,D31-2_84,1,ductal,ductal,celseq2
9660,D31-2_85,7,activated_stellate,activated_stellate,celseq2
9661,D31-2_86,13,acinar,Unmatched_13,celseq2
9662,D31-2_87,13,acinar,Unmatched_13,celseq2
9663,D31-2_89,17,alpha,alpha,celseq2
9664,D31-2_91,7,activated_stellate,activated_stellate,celseq2
9665,D31-2_92,16,beta,Unmatched_16,celseq2
9666,D31-2_93,17,alpha,alpha,celseq2
9667,D31-2_94,1,ductal,ductal,celseq2
9668,D31-3_1,13,acinar,Unmatched_13,celseq2
9669,D31-3_2,17,alpha,alpha,celseq2
9670,D31-3_3,17,alpha,alpha,celseq2
9671,D31-3_4,16,beta,Unmatched_16,celseq2
9672,D31-3_5,17,alpha,alpha,celseq2
9673,D31-3_10,22,beta,Unmatched_22,celseq2
9674,D31-3_12,1,ductal,ductal,celseq2
9675,D31-3_13,17,alpha,alpha,celseq2
9676,D31-3_14,13,acinar,Unmatched_13,celseq2
9677,D31-3_15,7,activated_stellate,activated_stellate,celseq2
9678,D31-3_16,3,delta,delta,celseq2
9679,D31-3_17,16,beta,Unmatched_16,celseq2
9680,D31-3_18,17,alpha,alpha,celseq2
9681,D31-3_19,17,alpha,alpha,celseq2
9682,D31-3_21,1,ductal,ductal,celseq2
9683,D31-3_22,16,delta,Unmatched_16,celseq2
9684,D31-3_23,13,acinar,Unmatched_13,celseq2
9685,D31-3_24,17,alpha,alpha,celseq2
9686,D31-3_25,13,acinar,Unmatched_13,celseq2
9687,D31-3_26,13,acinar,Unmatched_13,celseq2
9688,D31-3_27,17,alpha,alpha,celseq2
9689,D31-3_28,17,alpha,alpha,celseq2
9690,D31-3_29,17,alpha,alpha,celseq2
9691,D31-3_30,18,gamma,gamma,celseq2
9692,D31-3_31,23,beta,epsilon,celseq2
9693,D31-3_32,17,alpha,alpha,celseq2
9694,D31-3_33,16,beta,Unmatched_16,celseq2
9695,D31-3_35,17,alpha,alpha,celseq2
9696,D31-3_36,13,acinar,Unmatched_13,celseq2
9697,D31-3_37,1,ductal,ductal,celseq2
9698,D31-3_38,17,alpha,alpha,celseq2
9699,D31-3_39,17,alpha,alpha,celseq2
9700,D31-3_40,13,acinar,Unmatched_13,celseq2
9701,D31-3_41,3,delta,delta,celseq2
9702,D31-3_42,3,delta,delta,celseq2
9703,D31-3_43,16,beta,Unmatched_16,celseq2
9704,D31-3_45,17,alpha,alpha,celseq2
9705,D31-3_46,17,alpha,alpha,celseq2
9706,D31-3_47,13,acinar,Unmatched_13,celseq2
9707,D31-3_48,13,acinar,Unmatched_13,celseq2
9708,D31-3_50,16,beta,Unmatched_16,celseq2
9709,D31-3_51,18,gamma,gamma,celseq2
9710,D31-3_52,17,alpha,alpha,celseq2
9711,D31-3_53,13,acinar,Unmatched_13,celseq2
9712,D31-3_54,18,gamma,gamma,celseq2
9713,D31-3_55,17,alpha,alpha,celseq2
9714,D31-3_56,18,gamma,gamma,celseq2
9715,D31-3_57,17,alpha,alpha,celseq2
9716,D31-3_59,7,activated_stellate,activated_stellate,celseq2
9717,D31-3_60,13,acinar,Unmatched_13,celseq2
9718,D31-3_61,23,gamma,epsilon,celseq2
9719,D31-3_62,3,delta,delta,celseq2
9720,D31-3_63,13,acinar,Unmatched_13,celseq2
9721,D31-3_64,13,acinar,Unmatched_13,celseq2
9722,D31-3_65,1,ductal,ductal,celseq2
9723,D31-3_66,16,beta,Unmatched_16,celseq2
9724,D31-3_67,3,delta,delta,celseq2
9725,D31-3_68,16,beta,Unmatched_16,celseq2
9726,D31-3_69,13,acinar,Unmatched_13,celseq2
9727,D31-3_70,17,alpha,alpha,celseq2
9728,D31-3_71,0,endothelial,endothelial,celseq2
9729,D31-3_72,18,gamma,gamma,celseq2
9730,D31-3_73,13,acinar,Unmatched_13,celseq2
9731,D31-3_75,19,beta,Unmatched_19,celseq2
9732,D31-3_76,17,alpha,alpha,celseq2
9733,D31-3_77,23,gamma,epsilon,celseq2
9734,D31-3_78,13,acinar,Unmatched_13,celseq2
9735,D31-3_79,17,alpha,alpha,celseq2
9736,D31-3_80,22,beta,Unmatched_22,celseq2
9737,D31-3_81,1,ductal,ductal,celseq2
9738,D31-3_82,1,ductal,ductal,celseq2
9739,D31-3_83,16,beta,Unmatched_16,celseq2
9740,D31-3_84,17,alpha,alpha,celseq2
9741,D31-3_85,17,alpha,alpha,celseq2
9742,D31-3_86,13,acinar,Unmatched_13,celseq2
9743,D31-3_87,16,beta,Unmatched_16,celseq2
9744,D31-3_88,3,delta,delta,celseq2
9745,D31-3_89,13,acinar,Unmatched_13,celseq2
9746,D31-3_90,17,alpha,alpha,celseq2
9747,D31-3_91,23,alpha,epsilon,celseq2
9748,D31-3_92,23,beta,epsilon,celseq2
9749,D31-3_94,17,alpha,alpha,celseq2
9750,D31-4_1,17,alpha,alpha,celseq2
9751,D31-4_2,3,delta,delta,celseq2
9752,D31-4_4,18,gamma,gamma,celseq2
9753,D31-4_5,17,alpha,alpha,celseq2
9754,D31-4_6,17,alpha,alpha,celseq2
9755,D31-4_7,17,alpha,alpha,celseq2
9756,D31-4_8,3,delta,delta,celseq2
9757,D31-4_9,13,acinar,Unmatched_13,celseq2
9758,D31-4_10,16,beta,Unmatched_16,celseq2
9759,D31-4_11,17,alpha,alpha,celseq2
9760,D31-4_12,16,beta,Unmatched_16,celseq2
9761,D31-4_13,13,acinar,Unmatched_13,celseq2
9762,D31-4_14,23,acinar,epsilon,celseq2
9763,D31-4_15,18,gamma,gamma,celseq2
9764,D31-4_16,23,quiescent_stellate,epsilon,celseq2
9765,D31-4_17,16,beta,Unmatched_16,celseq2
9766,D31-4_18,17,alpha,alpha,celseq2
9767,D31-4_19,16,beta,Unmatched_16,celseq2
9768,D31-4_20,17,alpha,alpha,celseq2
9769,D31-4_21,16,beta,Unmatched_16,celseq2
9770,D31-4_22,17,alpha,alpha,celseq2
9771,D31-4_23,17,alpha,alpha,celseq2
9772,D31-4_24,17,alpha,alpha,celseq2
9773,D31-4_25,16,beta,Unmatched_16,celseq2
9774,D31-4_26,17,alpha,alpha,celseq2
9775,D31-4_27,17,alpha,alpha,celseq2
9776,D31-4_28,23,delta,epsilon,celseq2
9777,D31-4_29,17,alpha,alpha,celseq2
9778,D31-4_30,17,alpha,alpha,celseq2
9779,D31-4_31,17,alpha,alpha,celseq2
9780,D31-4_32,17,alpha,alpha,celseq2
9781,D31-4_33,1,ductal,ductal,celseq2
9782,D31-4_34,16,beta,Unmatched_16,celseq2
9783,D31-4_35,1,ductal,ductal,celseq2
9784,D31-4_36,13,acinar,Unmatched_13,celseq2
9785,D31-4_37,18,gamma,gamma,celseq2
9786,D31-4_38,1,ductal,ductal,celseq2
9787,D31-4_39,23,beta,epsilon,celseq2
9788,D31-4_40,18,gamma,gamma,celseq2
9789,D31-4_41,13,acinar,Unmatched_13,celseq2
9790,D31-4_42,17,alpha,alpha,celseq2
9791,D31-4_43,13,acinar,Unmatched_13,celseq2
9792,D31-4_44,22,beta,Unmatched_22,celseq2
9793,D31-4_45,16,beta,Unmatched_16,celseq2
9794,D31-4_46,3,delta,delta,celseq2
9795,D31-4_47,17,alpha,alpha,celseq2
9796,D31-4_48,13,acinar,Unmatched_13,celseq2
9797,D31-4_49,16,beta,Unmatched_16,celseq2
9798,D31-4_50,17,alpha,alpha,celseq2
9799,D31-4_51,22,beta,Unmatched_22,celseq2
9800,D31-4_52,17,alpha,alpha,celseq2
9801,D31-4_53,17,alpha,alpha,celseq2
9802,D31-4_54,17,alpha,alpha,celseq2
9803,D31-4_55,13,acinar,Unmatched_13,celseq2
9804,D31-4_56,1,ductal,ductal,celseq2
9805,D31-4_57,1,ductal,ductal,celseq2
9806,D31-4_58,16,beta,Unmatched_16,celseq2
9807,D31-4_59,17,alpha,alpha,celseq2
9808,D31-4_60,3,delta,delta,celseq2
9809,D31-4_61,17,alpha,alpha,celseq2
9810,D31-4_62,3,delta,delta,celseq2
9811,D31-4_63,16,beta,Unmatched_16,celseq2
9812,D31-4_64,16,beta,Unmatched_16,celseq2
9813,D31-4_65,19,beta,Unmatched_19,celseq2
9814,D31-4_66,16,beta,Unmatched_16,celseq2
9815,D31-4_67,7,activated_stellate,activated_stellate,celseq2
9816,D31-4_68,1,ductal,ductal,celseq2
9817,D31-4_69,1,ductal,ductal,celseq2
9818,D31-4_70,13,acinar,Unmatched_13,celseq2
9819,D31-4_71,1,ductal,ductal,celseq2
9820,D31-4_72,13,acinar,Unmatched_13,celseq2
9821,D31-4_73,1,ductal,ductal,celseq2
9822,D31-4_74,16,beta,Unmatched_16,celseq2
9823,D31-4_75,16,beta,Unmatched_16,celseq2
9824,D31-4_76,1,ductal,ductal,celseq2
9825,D31-4_77,1,ductal,ductal,celseq2
9826,D31-4_78,3,delta,delta,celseq2
9827,D31-4_79,13,acinar,Unmatched_13,celseq2
9828,D31-4_80,17,alpha,alpha,celseq2
9829,D31-4_81,17,alpha,alpha,celseq2
9830,D31-4_82,22,beta,Unmatched_22,celseq2
9831,D31-4_83,16,beta,Unmatched_16,celseq2
9832,D31-4_84,17,alpha,alpha,celseq2
9833,D31-4_85,16,beta,Unmatched_16,celseq2
9834,D31-4_87,17,alpha,alpha,celseq2
9835,D31-4_89,17,alpha,alpha,celseq2
9836,D31-4_90,23,acinar,epsilon,celseq2
9837,D31-4_91,13,acinar,Unmatched_13,celseq2
9838,D31-4_92,16,beta,Unmatched_16,celseq2
9839,D31-4_93,13,acinar,Unmatched_13,celseq2
9840,D31-4_94,22,beta,Unmatched_22,celseq2
9841,D31-5_1,13,acinar,Unmatched_13,celseq2
9842,D31-5_2,17,alpha,alpha,celseq2
9843,D31-5_3,16,beta,Unmatched_16,celseq2
9844,D31-5_4,13,acinar,Unmatched_13,celseq2
9845,D31-5_5,16,beta,Unmatched_16,celseq2
9846,D31-5_8,17,alpha,alpha,celseq2
9847,D31-5_9,16,beta,Unmatched_16,celseq2
9848,D31-5_10,17,alpha,alpha,celseq2
9849,D31-5_11,17,alpha,alpha,celseq2
9850,D31-5_12,17,alpha,alpha,celseq2
9851,D31-5_13,1,ductal,ductal,celseq2
9852,D31-5_14,1,ductal,ductal,celseq2
9853,D31-5_15,16,beta,Unmatched_16,celseq2
9854,D31-5_16,13,acinar,Unmatched_13,celseq2
9855,D31-5_17,17,alpha,alpha,celseq2
9856,D31-5_18,3,delta,delta,celseq2
9857,D31-5_19,1,ductal,ductal,celseq2
9858,D31-5_20,17,alpha,alpha,celseq2
9859,D31-5_21,23,alpha,epsilon,celseq2
9860,D31-5_22,16,beta,Unmatched_16,celseq2
9861,D31-5_23,3,delta,delta,celseq2
9862,D31-5_24,17,alpha,alpha,celseq2
9863,D31-5_25,17,alpha,alpha,celseq2
9864,D31-5_26,16,beta,Unmatched_16,celseq2
9865,D31-5_27,16,beta,Unmatched_16,celseq2
9866,D31-5_29,16,beta,Unmatched_16,celseq2
9867,D31-5_30,19,beta,Unmatched_19,celseq2
9868,D31-5_32,16,beta,Unmatched_16,celseq2
9869,D31-5_33,17,alpha,alpha,celseq2
9870,D31-5_34,13,acinar,Unmatched_13,celseq2
9871,D31-5_35,17,alpha,alpha,celseq2
9872,D31-5_36,17,alpha,alpha,celseq2
9873,D31-5_37,1,ductal,ductal,celseq2
9874,D31-5_38,16,beta,Unmatched_16,celseq2
9875,D31-5_39,13,acinar,Unmatched_13,celseq2
9876,D31-5_41,1,ductal,ductal,celseq2
9877,D31-5_42,3,delta,delta,celseq2
9878,D31-5_44,17,alpha,alpha,celseq2
9879,D31-5_45,13,acinar,Unmatched_13,celseq2
9880,D31-5_46,3,delta,delta,celseq2
9881,D31-5_47,8,schwann,schwann,celseq2
9882,D31-5_48,13,acinar,Unmatched_13,celseq2
9883,D31-5_49,17,alpha,alpha,celseq2
9884,D31-5_50,17,alpha,alpha,celseq2
9885,D31-5_51,1,ductal,ductal,celseq2
9886,D31-5_52,16,beta,Unmatched_16,celseq2
9887,D31-5_53,17,alpha,alpha,celseq2
9888,D31-5_54,17,alpha,alpha,celseq2
9889,D31-5_55,3,delta,delta,celseq2
9890,D31-5_56,17,alpha,alpha,celseq2
9891,D31-5_57,13,acinar,Unmatched_13,celseq2
9892,D31-5_58,17,alpha,alpha,celseq2
9893,D31-5_59,17,alpha,alpha,celseq2
9894,D31-5_60,13,acinar,Unmatched_13,celseq2
9895,D31-5_61,16,beta,Unmatched_16,celseq2
9896,D31-5_62,17,alpha,alpha,celseq2
9897,D31-5_63,17,alpha,alpha,celseq2
9898,D31-5_64,1,ductal,ductal,celseq2
9899,D31-5_65,1,ductal,ductal,celseq2
9900,D31-5_66,17,alpha,alpha,celseq2
9901,D31-5_67,17,alpha,alpha,celseq2
9902,D31-5_68,17,alpha,alpha,celseq2
9903,D31-5_69,13,acinar,Unmatched_13,celseq2
9904,D31-5_70,13,acinar,Unmatched_13,celseq2
9905,D31-5_71,3,delta,delta,celseq2
9906,D31-5_72,4,macrophage,macrophage,celseq2
9907,D31-5_73,1,ductal,ductal,celseq2
9908,D31-5_74,16,beta,Unmatched_16,celseq2
9909,D31-5_75,13,acinar,Unmatched_13,celseq2
9910,D31-5_76,17,alpha,alpha,celseq2
9911,D31-5_77,7,activated_stellate,activated_stellate,celseq2
9912,D31-5_78,7,activated_stellate,activated_stellate,celseq2
9913,D31-5_79,13,acinar,Unmatched_13,celseq2
9914,D31-5_80,23,beta,epsilon,celseq2
9915,D31-5_81,1,ductal,ductal,celseq2
9916,D31-5_82,7,activated_stellate,activated_stellate,celseq2
9917,D31-5_83,7,activated_stellate,activated_stellate,celseq2
9918,D31-5_84,3,delta,delta,celseq2
9919,D31-5_85,16,beta,Unmatched_16,celseq2
9920,D31-5_86,17,alpha,alpha,celseq2
9921,D31-5_87,17,alpha,alpha,celseq2
9922,D31-5_88,17,alpha,alpha,celseq2
9923,D31-5_89,13,acinar,Unmatched_13,celseq2
9924,D31-5_90,17,alpha,alpha,celseq2
9925,D31-5_91,1,ductal,ductal,celseq2
9926,D31-5_92,13,acinar,Unmatched_13,celseq2
9927,D31-5_93,17,alpha,alpha,celseq2
9928,D31-5_94,19,beta,Unmatched_19,celseq2
9929,D31-6_1,7,activated_stellate,activated_stellate,celseq2
9930,D31-6_2,17,alpha,alpha,celseq2
9931,D31-6_4,1,ductal,ductal,celseq2
9932,D31-6_5,18,gamma,gamma,celseq2
9933,D31-6_6,0,endothelial,endothelial,celseq2
9934,D31-6_7,16,delta,Unmatched_16,celseq2
9935,D31-6_9,13,acinar,Unmatched_13,celseq2
9936,D31-6_10,17,alpha,alpha,celseq2
9937,D31-6_11,13,acinar,Unmatched_13,celseq2
9938,D31-6_12,3,delta,delta,celseq2
9939,D31-6_13,13,acinar,Unmatched_13,celseq2
9940,D31-6_15,16,beta,Unmatched_16,celseq2
9941,D31-6_16,16,beta,Unmatched_16,celseq2
9942,D31-6_18,17,alpha,alpha,celseq2
9943,D31-6_19,16,beta,Unmatched_16,celseq2
9944,D31-6_20,16,beta,Unmatched_16,celseq2
9945,D31-6_21,13,acinar,Unmatched_13,celseq2
9946,D31-6_22,16,beta,Unmatched_16,celseq2
9947,D31-6_23,8,schwann,schwann,celseq2
9948,D31-6_24,13,acinar,Unmatched_13,celseq2
9949,D31-6_25,17,epsilon,alpha,celseq2
9950,D31-6_27,1,ductal,ductal,celseq2
9951,D31-6_28,1,ductal,ductal,celseq2
9952,D31-6_29,13,acinar,Unmatched_13,celseq2
9953,D31-6_30,17,alpha,alpha,celseq2
9954,D31-6_31,16,beta,Unmatched_16,celseq2
9955,D31-6_32,18,gamma,gamma,celseq2
9956,D31-6_33,13,acinar,Unmatched_13,celseq2
9957,D31-6_34,1,ductal,ductal,celseq2
9958,D31-6_35,17,alpha,alpha,celseq2
9959,D31-6_36,17,alpha,alpha,celseq2
9960,D31-6_37,1,ductal,ductal,celseq2
9961,D31-6_38,3,delta,delta,celseq2
9962,D31-6_39,13,acinar,Unmatched_13,celseq2
9963,D31-6_40,13,acinar,Unmatched_13,celseq2
9964,D31-6_41,1,ductal,ductal,celseq2
9965,D31-6_42,22,beta,Unmatched_22,celseq2
9966,D31-6_43,13,acinar,Unmatched_13,celseq2
9967,D31-6_44,1,ductal,ductal,celseq2
9968,D31-6_45,17,alpha,alpha,celseq2
9969,D31-6_46,3,delta,delta,celseq2
9970,D31-6_47,16,beta,Unmatched_16,celseq2
9971,D31-6_48,17,alpha,alpha,celseq2
9972,D31-6_49,16,beta,Unmatched_16,celseq2
9973,D31-6_50,1,ductal,ductal,celseq2
9974,D31-6_51,1,ductal,ductal,celseq2
9975,D31-6_52,13,acinar,Unmatched_13,celseq2
9976,D31-6_53,13,acinar,Unmatched_13,celseq2
9977,D31-6_54,17,alpha,alpha,celseq2
9978,D31-6_55,17,alpha,alpha,celseq2
9979,D31-6_56,17,alpha,alpha,celseq2
9980,D31-6_57,4,macrophage,macrophage,celseq2
9981,D31-6_58,16,beta,Unmatched_16,celseq2
9982,D31-6_59,17,alpha,alpha,celseq2
9983,D31-6_60,16,beta,Unmatched_16,celseq2
9984,D31-6_61,13,acinar,Unmatched_13,celseq2
9985,D31-6_62,13,acinar,Unmatched_13,celseq2
9986,D31-6_63,17,alpha,alpha,celseq2
9987,D31-6_64,17,alpha,alpha,celseq2
9988,D31-6_65,16,beta,Unmatched_16,celseq2
9989,D31-6_66,13,acinar,Unmatched_13,celseq2
9990,D31-6_67,16,beta,Unmatched_16,celseq2
9991,D31-6_68,1,ductal,ductal,celseq2
9992,D31-6_69,13,acinar,Unmatched_13,celseq2
9993,D31-6_70,0,endothelial,endothelial,celseq2
9994,D31-6_71,18,gamma,gamma,celseq2
9995,D31-6_72,1,ductal,ductal,celseq2
9996,D31-6_73,0,endothelial,endothelial,celseq2
9997,D31-6_74,17,alpha,alpha,celseq2
9998,D31-6_75,13,acinar,Unmatched_13,celseq2
9999,D31-6_76,16,beta,Unmatched_16,celseq2
10000,D31-6_77,17,alpha,alpha,celseq2
10001,D31-6_79,1,ductal,ductal,celseq2
10002,D31-6_80,23,beta,epsilon,celseq2
10003,D31-6_81,13,acinar,Unmatched_13,celseq2
10004,D31-6_82,1,ductal,ductal,celseq2
10005,D31-6_83,17,alpha,alpha,celseq2
10006,D31-6_84,7,activated_stellate,activated_stellate,celseq2
10007,D31-6_85,16,beta,Unmatched_16,celseq2
10008,D31-6_86,13,acinar,Unmatched_13,celseq2
10009,D31-6_87,16,beta,Unmatched_16,celseq2
10010,D31-6_88,17,alpha,alpha,celseq2
10011,D31-6_89,17,alpha,alpha,celseq2
10012,D31-6_90,17,alpha,alpha,celseq2
10013,D31-6_91,17,alpha,alpha,celseq2
10014,D31-6_92,16,beta,Unmatched_16,celseq2
10015,D31-6_93,1,ductal,ductal,celseq2
10016,D31-6_94,17,alpha,alpha,celseq2
10017,D31-7_1,16,beta,Unmatched_16,celseq2
10018,D31-7_2,17,alpha,alpha,celseq2
10019,D31-7_3,16,beta,Unmatched_16,celseq2
10020,D31-7_4,0,endothelial,endothelial,celseq2
10021,D31-7_6,17,alpha,alpha,celseq2
10022,D31-7_8,17,alpha,alpha,celseq2
10023,D31-7_9,13,acinar,Unmatched_13,celseq2
10024,D31-7_10,1,ductal,ductal,celseq2
10025,D31-7_11,13,acinar,Unmatched_13,celseq2
10026,D31-7_12,23,alpha,epsilon,celseq2
10027,D31-7_14,17,alpha,alpha,celseq2
10028,D31-7_15,18,gamma,gamma,celseq2
10029,D31-7_16,1,ductal,ductal,celseq2
10030,D31-7_17,17,alpha,alpha,celseq2
10031,D31-7_18,1,ductal,ductal,celseq2
10032,D31-7_19,17,alpha,alpha,celseq2
10033,D31-7_20,23,activated_stellate,epsilon,celseq2
10034,D31-7_21,13,acinar,Unmatched_13,celseq2
10035,D31-7_22,16,beta,Unmatched_16,celseq2
10036,D31-7_23,1,ductal,ductal,celseq2
10037,D31-7_25,17,alpha,alpha,celseq2
10038,D31-7_26,1,ductal,ductal,celseq2
10039,D31-7_28,17,alpha,alpha,celseq2
10040,D31-7_29,1,ductal,ductal,celseq2
10041,D31-7_30,17,alpha,alpha,celseq2
10042,D31-7_32,0,endothelial,endothelial,celseq2
10043,D31-7_33,17,alpha,alpha,celseq2
10044,D31-7_34,22,beta,Unmatched_22,celseq2
10045,D31-7_35,17,alpha,alpha,celseq2
10046,D31-7_36,17,alpha,alpha,celseq2
10047,D31-7_37,17,alpha,alpha,celseq2
10048,D31-7_38,13,acinar,Unmatched_13,celseq2
10049,D31-7_39,16,beta,Unmatched_16,celseq2
10050,D31-7_40,22,beta,Unmatched_22,celseq2
10051,D31-7_41,17,alpha,alpha,celseq2
10052,D31-7_42,1,ductal,ductal,celseq2
10053,D31-7_43,4,ductal,macrophage,celseq2
10054,D31-7_44,17,alpha,alpha,celseq2
10055,D31-7_45,16,beta,Unmatched_16,celseq2
10056,D31-7_46,16,beta,Unmatched_16,celseq2
10057,D31-7_47,16,beta,Unmatched_16,celseq2
10058,D31-7_48,7,activated_stellate,activated_stellate,celseq2
10059,D31-7_49,17,alpha,alpha,celseq2
10060,D31-7_50,17,alpha,alpha,celseq2
10061,D31-7_51,17,alpha,alpha,celseq2
10062,D31-7_53,16,beta,Unmatched_16,celseq2
10063,D31-7_54,17,alpha,alpha,celseq2
10064,D31-7_55,16,beta,Unmatched_16,celseq2
10065,D31-7_56,1,ductal,ductal,celseq2
10066,D31-7_57,1,ductal,ductal,celseq2
10067,D31-7_58,13,acinar,Unmatched_13,celseq2
10068,D31-7_59,16,beta,Unmatched_16,celseq2
10069,D31-7_60,22,beta,Unmatched_22,celseq2
10070,D31-7_61,17,alpha,alpha,celseq2
10071,D31-7_62,17,alpha,alpha,celseq2
10072,D31-7_63,13,acinar,Unmatched_13,celseq2
10073,D31-7_64,17,alpha,alpha,celseq2
10074,D31-7_65,17,alpha,alpha,celseq2
10075,D31-7_66,3,delta,delta,celseq2
10076,D31-7_67,16,beta,Unmatched_16,celseq2
10077,D31-7_68,17,alpha,alpha,celseq2
10078,D31-7_69,16,beta,Unmatched_16,celseq2
10079,D31-7_70,13,acinar,Unmatched_13,celseq2
10080,D31-7_71,17,alpha,alpha,celseq2
10081,D31-7_72,19,beta,Unmatched_19,celseq2
10082,D31-7_73,1,ductal,ductal,celseq2
10083,D31-7_74,23,delta,epsilon,celseq2
10084,D31-7_75,17,alpha,alpha,celseq2
10085,D31-7_76,16,beta,Unmatched_16,celseq2
10086,D31-7_77,13,acinar,Unmatched_13,celseq2
10087,D31-7_79,18,gamma,gamma,celseq2
10088,D31-7_80,17,alpha,alpha,celseq2
10089,D31-7_81,3,delta,delta,celseq2
10090,D31-7_84,16,beta,Unmatched_16,celseq2
10091,D31-7_85,16,beta,Unmatched_16,celseq2
10092,D31-7_87,16,beta,Unmatched_16,celseq2
10093,D31-7_89,1,ductal,ductal,celseq2
10094,D31-7_90,17,alpha,alpha,celseq2
10095,D31-7_91,16,beta,Unmatched_16,celseq2
10096,D31-7_92,18,gamma,gamma,celseq2
10097,D31-7_93,17,alpha,alpha,celseq2
10098,D31-7_94,23,beta,epsilon,celseq2
10099,D31-8_1,3,delta,delta,celseq2
10100,D31-8_2,17,alpha,alpha,celseq2
10101,D31-8_3,16,beta,Unmatched_16,celseq2
10102,D31-8_4,13,acinar,Unmatched_13,celseq2
10103,D31-8_5,17,alpha,alpha,celseq2
10104,D31-8_6,17,alpha,alpha,celseq2
10105,D31-8_7,13,acinar,Unmatched_13,celseq2
10106,D31-8_8,16,beta,Unmatched_16,celseq2
10107,D31-8_9,17,alpha,alpha,celseq2
10108,D31-8_10,18,gamma,gamma,celseq2
10109,D31-8_11,13,acinar,Unmatched_13,celseq2
10110,D31-8_12,17,alpha,alpha,celseq2
10111,D31-8_13,22,beta,Unmatched_22,celseq2
10112,D31-8_14,17,alpha,alpha,celseq2
10113,D31-8_15,18,gamma,gamma,celseq2
10114,D31-8_16,18,gamma,gamma,celseq2
10115,D31-8_17,3,delta,delta,celseq2
10116,D31-8_18,7,activated_stellate,activated_stellate,celseq2
10117,D31-8_19,1,ductal,ductal,celseq2
10118,D31-8_20,1,ductal,ductal,celseq2
10119,D31-8_21,16,beta,Unmatched_16,celseq2
10120,D31-8_23,1,ductal,ductal,celseq2
10121,D31-8_24,17,alpha,alpha,celseq2
10122,D31-8_25,18,gamma,gamma,celseq2
10123,D31-8_26,18,gamma,gamma,celseq2
10124,D31-8_27,13,acinar,Unmatched_13,celseq2
10125,D31-8_28,3,delta,delta,celseq2
10126,D31-8_29,22,beta,Unmatched_22,celseq2
10127,D31-8_30,1,ductal,ductal,celseq2
10128,D31-8_31,16,beta,Unmatched_16,celseq2
10129,D31-8_33,17,alpha,alpha,celseq2
10130,D31-8_34,3,delta,delta,celseq2
10131,D31-8_36,18,gamma,gamma,celseq2
10132,D31-8_37,1,ductal,ductal,celseq2
10133,D31-8_38,17,alpha,alpha,celseq2
10134,D31-8_39,0,endothelial,endothelial,celseq2
10135,D31-8_40,13,acinar,Unmatched_13,celseq2
10136,D31-8_41,16,beta,Unmatched_16,celseq2
10137,D31-8_42,23,beta,epsilon,celseq2
10138,D31-8_43,16,beta,Unmatched_16,celseq2
10139,D31-8_44,17,alpha,alpha,celseq2
10140,D31-8_45,1,ductal,ductal,celseq2
10141,D31-8_46,17,alpha,alpha,celseq2
10142,D31-8_47,2,quiescent_stellate,quiescent_stellate,celseq2
10143,D31-8_48,16,beta,Unmatched_16,celseq2
10144,D31-8_49,16,beta,Unmatched_16,celseq2
10145,D31-8_50,22,beta,Unmatched_22,celseq2
10146,D31-8_52,17,alpha,alpha,celseq2
10147,D31-8_53,13,acinar,Unmatched_13,celseq2
10148,D31-8_56,7,activated_stellate,activated_stellate,celseq2
10149,D31-8_57,17,alpha,alpha,celseq2
10150,D31-8_58,1,ductal,ductal,celseq2
10151,D31-8_60,16,beta,Unmatched_16,celseq2
10152,D31-8_61,17,alpha,alpha,celseq2
10153,D31-8_62,17,alpha,alpha,celseq2
10154,D31-8_63,13,acinar,Unmatched_13,celseq2
10155,D31-8_64,16,beta,Unmatched_16,celseq2
10156,D31-8_65,17,alpha,alpha,celseq2
10157,D31-8_66,3,delta,delta,celseq2
10158,D31-8_67,18,gamma,gamma,celseq2
10159,D31-8_69,3,delta,delta,celseq2
10160,D31-8_70,18,gamma,gamma,celseq2
10161,D31-8_71,3,delta,delta,celseq2
10162,D31-8_73,22,beta,Unmatched_22,celseq2
10163,D31-8_74,22,beta,Unmatched_22,celseq2
10164,D31-8_75,1,ductal,ductal,celseq2
10165,D31-8_76,3,delta,delta,celseq2
10166,D31-8_77,1,ductal,ductal,celseq2
10167,D31-8_78,16,beta,Unmatched_16,celseq2
10168,D31-8_80,1,ductal,ductal,celseq2
10169,D31-8_81,13,acinar,Unmatched_13,celseq2
10170,D31-8_82,17,alpha,alpha,celseq2
10171,D31-8_83,19,beta,Unmatched_19,celseq2
10172,D31-8_84,16,beta,Unmatched_16,celseq2
10173,D31-8_85,1,ductal,ductal,celseq2
10174,D31-8_86,17,alpha,alpha,celseq2
10175,D31-8_87,18,gamma,gamma,celseq2
10176,D31-8_88,16,beta,Unmatched_16,celseq2
10177,D31-8_89,13,acinar,Unmatched_13,celseq2
10178,D31-8_90,1,ductal,ductal,celseq2
10179,D31-8_91,13,acinar,Unmatched_13,celseq2
10180,D31-8_92,7,activated_stellate,activated_stellate,celseq2
10181,D31-8_93,17,alpha,alpha,celseq2
10182,D31-8_94,1,ductal,ductal,celseq2
10183,D30-1_1,13,acinar,Unmatched_13,celseq2
10184,D30-1_4,23,alpha,epsilon,celseq2
10185,D30-1_5,3,delta,delta,celseq2
10186,D30-1_6,3,delta,delta,celseq2
10187,D30-1_7,17,alpha,alpha,celseq2
10188,D30-1_9,17,alpha,alpha,celseq2
10189,D30-1_10,17,alpha,alpha,celseq2
10190,D30-1_13,1,ductal,ductal,celseq2
10191,D30-1_14,16,beta,Unmatched_16,celseq2
10192,D30-1_15,17,alpha,alpha,celseq2
10193,D30-1_16,17,alpha,alpha,celseq2
10194,D30-1_17,17,alpha,alpha,celseq2
10195,D30-1_19,13,acinar,Unmatched_13,celseq2
10196,D30-1_20,23,beta,epsilon,celseq2
10197,D30-1_21,17,alpha,alpha,celseq2
10198,D30-1_22,7,activated_stellate,activated_stellate,celseq2
10199,D30-1_23,23,alpha,epsilon,celseq2
10200,D30-1_24,17,alpha,alpha,celseq2
10201,D30-1_25,7,activated_stellate,activated_stellate,celseq2
10202,D30-1_26,16,beta,Unmatched_16,celseq2
10203,D30-1_27,17,alpha,alpha,celseq2
10204,D30-1_28,17,alpha,alpha,celseq2
10205,D30-1_29,13,acinar,Unmatched_13,celseq2
10206,D30-1_30,13,acinar,Unmatched_13,celseq2
10207,D30-1_31,1,ductal,ductal,celseq2
10208,D30-1_32,16,beta,Unmatched_16,celseq2
10209,D30-1_33,16,beta,Unmatched_16,celseq2
10210,D30-1_35,17,alpha,alpha,celseq2
10211,D30-1_36,13,acinar,Unmatched_13,celseq2
10212,D30-1_37,17,alpha,alpha,celseq2
10213,D30-1_38,17,alpha,alpha,celseq2
10214,D30-1_39,16,beta,Unmatched_16,celseq2
10215,D30-1_40,17,alpha,alpha,celseq2
10216,D30-1_41,16,beta,Unmatched_16,celseq2
10217,D30-1_42,1,ductal,ductal,celseq2
10218,D30-1_43,1,ductal,ductal,celseq2
10219,D30-1_44,0,endothelial,endothelial,celseq2
10220,D30-1_45,16,beta,Unmatched_16,celseq2
10221,D30-1_46,1,ductal,ductal,celseq2
10222,D30-1_47,17,alpha,alpha,celseq2
10223,D30-1_49,17,alpha,alpha,celseq2
10224,D30-1_51,16,beta,Unmatched_16,celseq2
10225,D30-1_52,16,alpha,Unmatched_16,celseq2
10226,D30-1_53,16,beta,Unmatched_16,celseq2
10227,D30-1_54,17,alpha,alpha,celseq2
10228,D30-1_55,13,acinar,Unmatched_13,celseq2
10229,D30-1_56,17,alpha,alpha,celseq2
10230,D30-1_57,16,beta,Unmatched_16,celseq2
10231,D30-1_58,17,alpha,alpha,celseq2
10232,D30-1_59,17,alpha,alpha,celseq2
10233,D30-1_60,17,alpha,alpha,celseq2
10234,D30-1_61,13,acinar,Unmatched_13,celseq2
10235,D30-1_63,13,acinar,Unmatched_13,celseq2
10236,D30-1_64,23,delta,epsilon,celseq2
10237,D30-1_65,16,beta,Unmatched_16,celseq2
10238,D30-1_66,16,delta,Unmatched_16,celseq2
10239,D30-1_67,16,beta,Unmatched_16,celseq2
10240,D30-1_69,22,beta,Unmatched_22,celseq2
10241,D30-1_70,7,activated_stellate,activated_stellate,celseq2
10242,D30-1_71,17,alpha,alpha,celseq2
10243,D30-1_72,13,acinar,Unmatched_13,celseq2
10244,D30-1_73,17,alpha,alpha,celseq2
10245,D30-1_74,16,beta,Unmatched_16,celseq2
10246,D30-1_75,9,alpha,Unmatched_9,celseq2
10247,D30-1_77,0,endothelial,endothelial,celseq2
10248,D30-1_78,1,ductal,ductal,celseq2
10249,D30-1_79,7,activated_stellate,activated_stellate,celseq2
10250,D30-1_81,17,alpha,alpha,celseq2
10251,D30-1_82,17,alpha,alpha,celseq2
10252,D30-1_83,3,delta,delta,celseq2
10253,D30-1_84,17,alpha,alpha,celseq2
10254,D30-1_85,16,beta,Unmatched_16,celseq2
10255,D30-1_86,17,alpha,alpha,celseq2
10256,D30-1_87,17,alpha,alpha,celseq2
10257,D30-1_88,1,ductal,ductal,celseq2
10258,D30-1_89,16,beta,Unmatched_16,celseq2
10259,D30-1_90,17,alpha,alpha,celseq2
10260,D30-1_91,13,acinar,Unmatched_13,celseq2
10261,D30-1_93,16,beta,Unmatched_16,celseq2
10262,D30-1_94,16,beta,Unmatched_16,celseq2
10263,D30-2_1,23,acinar,epsilon,celseq2
10264,D30-2_2,17,alpha,alpha,celseq2
10265,D30-2_3,3,delta,delta,celseq2
10266,D30-2_4,1,ductal,ductal,celseq2
10267,D30-2_5,23,alpha,epsilon,celseq2
10268,D30-2_6,7,activated_stellate,activated_stellate,celseq2
10269,D30-2_7,16,beta,Unmatched_16,celseq2
10270,D30-2_8,18,gamma,gamma,celseq2
10271,D30-2_9,1,ductal,ductal,celseq2
10272,D30-2_10,17,alpha,alpha,celseq2
10273,D30-2_11,13,acinar,Unmatched_13,celseq2
10274,D30-2_12,17,alpha,alpha,celseq2
10275,D30-2_13,17,alpha,alpha,celseq2
10276,D30-2_14,17,alpha,alpha,celseq2
10277,D30-2_15,17,alpha,alpha,celseq2
10278,D30-2_16,17,alpha,alpha,celseq2
10279,D30-2_17,13,acinar,Unmatched_13,celseq2
10280,D30-2_18,17,alpha,alpha,celseq2
10281,D30-2_19,17,alpha,alpha,celseq2
10282,D30-2_20,3,delta,delta,celseq2
10283,D30-2_21,17,alpha,alpha,celseq2
10284,D30-2_22,3,delta,delta,celseq2
10285,D30-2_23,17,alpha,alpha,celseq2
10286,D30-2_24,17,alpha,alpha,celseq2
10287,D30-2_25,17,alpha,alpha,celseq2
10288,D30-2_26,3,delta,delta,celseq2
10289,D30-2_27,13,acinar,Unmatched_13,celseq2
10290,D30-2_28,17,alpha,alpha,celseq2
10291,D30-2_29,7,activated_stellate,activated_stellate,celseq2
10292,D30-2_30,16,beta,Unmatched_16,celseq2
10293,D30-2_31,23,alpha,epsilon,celseq2
10294,D30-2_32,16,beta,Unmatched_16,celseq2
10295,D30-2_33,16,beta,Unmatched_16,celseq2
10296,D30-2_34,17,alpha,alpha,celseq2
10297,D30-2_35,1,ductal,ductal,celseq2
10298,D30-2_37,17,alpha,alpha,celseq2
10299,D30-2_38,4,macrophage,macrophage,celseq2
10300,D30-2_39,23,delta,epsilon,celseq2
10301,D30-2_40,1,ductal,ductal,celseq2
10302,D30-2_41,13,acinar,Unmatched_13,celseq2
10303,D30-2_42,13,acinar,Unmatched_13,celseq2
10304,D30-2_43,13,acinar,Unmatched_13,celseq2
10305,D30-2_44,16,beta,Unmatched_16,celseq2
10306,D30-2_45,13,acinar,Unmatched_13,celseq2
10307,D30-2_46,16,beta,Unmatched_16,celseq2
10308,D30-2_47,17,alpha,alpha,celseq2
10309,D30-2_48,16,beta,Unmatched_16,celseq2
10310,D30-2_49,3,delta,delta,celseq2
10311,D30-2_50,1,ductal,ductal,celseq2
10312,D30-2_51,13,acinar,Unmatched_13,celseq2
10313,D30-2_52,3,delta,delta,celseq2
10314,D30-2_53,13,acinar,Unmatched_13,celseq2
10315,D30-2_54,3,delta,delta,celseq2
10316,D30-2_55,23,delta,epsilon,celseq2
10317,D30-2_56,13,acinar,Unmatched_13,celseq2
10318,D30-2_57,16,beta,Unmatched_16,celseq2
10319,D30-2_58,1,ductal,ductal,celseq2
10320,D30-2_59,7,activated_stellate,activated_stellate,celseq2
10321,D30-2_60,23,alpha,epsilon,celseq2
10322,D30-2_61,16,beta,Unmatched_16,celseq2
10323,D30-2_62,23,alpha,epsilon,celseq2
10324,D30-2_65,17,alpha,alpha,celseq2
10325,D30-2_67,17,alpha,alpha,celseq2
10326,D30-2_68,17,alpha,alpha,celseq2
10327,D30-2_70,17,alpha,alpha,celseq2
10328,D30-2_71,16,beta,Unmatched_16,celseq2
10329,D30-2_72,17,alpha,alpha,celseq2
10330,D30-2_73,17,alpha,alpha,celseq2
10331,D30-2_74,3,delta,delta,celseq2
10332,D30-2_75,23,delta,epsilon,celseq2
10333,D30-2_76,13,acinar,Unmatched_13,celseq2
10334,D30-2_77,7,activated_stellate,activated_stellate,celseq2
10335,D30-2_78,17,alpha,alpha,celseq2
10336,D30-2_79,4,macrophage,macrophage,celseq2
10337,D30-2_80,17,alpha,alpha,celseq2
10338,D30-2_81,17,alpha,alpha,celseq2
10339,D30-2_82,3,delta,delta,celseq2
10340,D30-2_83,16,beta,Unmatched_16,celseq2
10341,D30-2_84,23,activated_stellate,epsilon,celseq2
10342,D30-2_85,17,alpha,alpha,celseq2
10343,D30-2_86,17,alpha,alpha,celseq2
10344,D30-2_87,16,beta,Unmatched_16,celseq2
10345,D30-2_88,17,alpha,alpha,celseq2
10346,D30-2_89,3,delta,delta,celseq2
10347,D30-2_90,23,delta,epsilon,celseq2
10348,D30-2_91,17,alpha,alpha,celseq2
10349,D30-2_92,7,activated_stellate,activated_stellate,celseq2
10350,D30-2_93,7,activated_stellate,activated_stellate,celseq2
10351,D30-2_94,17,alpha,alpha,celseq2
10352,D30-3_1,17,alpha,alpha,celseq2
10353,D30-3_2,13,acinar,Unmatched_13,celseq2
10354,D30-3_3,16,beta,Unmatched_16,celseq2
10355,D30-3_4,17,alpha,alpha,celseq2
10356,D30-3_5,17,alpha,alpha,celseq2
10357,D30-3_6,7,activated_stellate,activated_stellate,celseq2
10358,D30-3_7,7,alpha,activated_stellate,celseq2
10359,D30-3_8,1,ductal,ductal,celseq2
10360,D30-3_9,16,beta,Unmatched_16,celseq2
10361,D30-3_10,16,beta,Unmatched_16,celseq2
10362,D30-3_11,17,alpha,alpha,celseq2
10363,D30-3_12,1,ductal,ductal,celseq2
10364,D30-3_13,16,beta,Unmatched_16,celseq2
10365,D30-3_14,23,beta,epsilon,celseq2
10366,D30-3_15,18,gamma,gamma,celseq2
10367,D30-3_16,17,alpha,alpha,celseq2
10368,D30-3_17,1,ductal,ductal,celseq2
10369,D30-3_18,3,delta,delta,celseq2
10370,D30-3_19,17,alpha,alpha,celseq2
10371,D30-3_20,17,alpha,alpha,celseq2
10372,D30-3_21,18,gamma,gamma,celseq2
10373,D30-3_22,3,delta,delta,celseq2
10374,D30-3_23,3,delta,delta,celseq2
10375,D30-3_24,1,ductal,ductal,celseq2
10376,D30-3_25,17,alpha,alpha,celseq2
10377,D30-3_26,17,alpha,alpha,celseq2
10378,D30-3_27,17,alpha,alpha,celseq2
10379,D30-3_28,17,alpha,alpha,celseq2
10380,D30-3_29,17,alpha,alpha,celseq2
10381,D30-3_30,17,alpha,alpha,celseq2
10382,D30-3_31,17,alpha,alpha,celseq2
10383,D30-3_32,1,ductal,ductal,celseq2
10384,D30-3_33,17,alpha,alpha,celseq2
10385,D30-3_34,17,alpha,alpha,celseq2
10386,D30-3_35,17,alpha,alpha,celseq2
10387,D30-3_36,16,beta,Unmatched_16,celseq2
10388,D30-3_37,17,alpha,alpha,celseq2
10389,D30-3_38,16,beta,Unmatched_16,celseq2
10390,D30-3_39,7,activated_stellate,activated_stellate,celseq2
10391,D30-3_40,17,alpha,alpha,celseq2
10392,D30-3_41,17,alpha,alpha,celseq2
10393,D30-3_42,17,alpha,alpha,celseq2
10394,D30-3_43,3,delta,delta,celseq2
10395,D30-3_44,17,alpha,alpha,celseq2
10396,D30-3_45,13,acinar,Unmatched_13,celseq2
10397,D30-3_46,17,alpha,alpha,celseq2
10398,D30-3_47,17,alpha,alpha,celseq2
10399,D30-3_48,17,alpha,alpha,celseq2
10400,D30-3_49,1,ductal,ductal,celseq2
10401,D30-3_50,17,alpha,alpha,celseq2
10402,D30-3_51,16,beta,Unmatched_16,celseq2
10403,D30-3_52,16,beta,Unmatched_16,celseq2
10404,D30-3_53,16,beta,Unmatched_16,celseq2
10405,D30-3_54,16,delta,Unmatched_16,celseq2
10406,D30-3_55,16,beta,Unmatched_16,celseq2
10407,D30-3_56,1,ductal,ductal,celseq2
10408,D30-3_57,23,alpha,epsilon,celseq2
10409,D30-3_58,16,beta,Unmatched_16,celseq2
10410,D30-3_59,7,activated_stellate,activated_stellate,celseq2
10411,D30-3_60,17,alpha,alpha,celseq2
10412,D30-3_61,7,activated_stellate,activated_stellate,celseq2
10413,D30-3_62,23,delta,epsilon,celseq2
10414,D30-3_63,13,acinar,Unmatched_13,celseq2
10415,D30-3_64,17,alpha,alpha,celseq2
10416,D30-3_65,17,alpha,alpha,celseq2
10417,D30-3_67,16,beta,Unmatched_16,celseq2
10418,D30-3_68,17,alpha,alpha,celseq2
10419,D30-3_69,3,delta,delta,celseq2
10420,D30-3_70,17,alpha,alpha,celseq2
10421,D30-3_71,16,beta,Unmatched_16,celseq2
10422,D30-3_72,7,activated_stellate,activated_stellate,celseq2
10423,D30-3_73,23,alpha,epsilon,celseq2
10424,D30-3_74,17,alpha,alpha,celseq2
10425,D30-3_75,3,delta,delta,celseq2
10426,D30-3_76,3,delta,delta,celseq2
10427,D30-3_77,16,beta,Unmatched_16,celseq2
10428,D30-3_78,16,beta,Unmatched_16,celseq2
10429,D30-3_79,17,alpha,alpha,celseq2
10430,D30-3_80,17,alpha,alpha,celseq2
10431,D30-3_81,16,beta,Unmatched_16,celseq2
10432,D30-3_82,3,delta,delta,celseq2
10433,D30-3_84,4,macrophage,macrophage,celseq2
10434,D30-3_86,17,alpha,alpha,celseq2
10435,D30-3_87,3,delta,delta,celseq2
10436,D30-3_88,17,alpha,alpha,celseq2
10437,D30-3_89,23,beta,epsilon,celseq2
10438,D30-3_90,1,ductal,ductal,celseq2
10439,D30-3_91,13,acinar,Unmatched_13,celseq2
10440,D30-3_92,17,alpha,alpha,celseq2
10441,D30-3_93,17,alpha,alpha,celseq2
10442,D30-3_94,0,endothelial,endothelial,celseq2
10443,D30-4_1,16,beta,Unmatched_16,celseq2
10444,D30-4_2,22,beta,Unmatched_22,celseq2
10445,D30-4_3,17,alpha,alpha,celseq2
10446,D30-4_5,3,delta,delta,celseq2
10447,D30-4_6,17,alpha,alpha,celseq2
10448,D30-4_7,1,ductal,ductal,celseq2
10449,D30-4_8,16,beta,Unmatched_16,celseq2
10450,D30-4_9,22,beta,Unmatched_22,celseq2
10451,D30-4_10,7,activated_stellate,activated_stellate,celseq2
10452,D30-4_11,17,alpha,alpha,celseq2
10453,D30-4_12,17,alpha,alpha,celseq2
10454,D30-4_13,1,ductal,ductal,celseq2
10455,D30-4_14,3,delta,delta,celseq2
10456,D30-4_15,16,beta,Unmatched_16,celseq2
10457,D30-4_16,1,ductal,ductal,celseq2
10458,D30-4_17,3,delta,delta,celseq2
10459,D30-4_18,13,acinar,Unmatched_13,celseq2
10460,D30-4_19,17,alpha,alpha,celseq2
10461,D30-4_20,17,epsilon,alpha,celseq2
10462,D30-4_21,17,alpha,alpha,celseq2
10463,D30-4_22,3,delta,delta,celseq2
10464,D30-4_23,13,acinar,Unmatched_13,celseq2
10465,D30-4_24,17,alpha,alpha,celseq2
10466,D30-4_25,17,alpha,alpha,celseq2
10467,D30-4_26,3,delta,delta,celseq2
10468,D30-4_27,1,ductal,ductal,celseq2
10469,D30-4_28,3,delta,delta,celseq2
10470,D30-4_29,17,alpha,alpha,celseq2
10471,D30-4_30,7,activated_stellate,activated_stellate,celseq2
10472,D30-4_31,1,ductal,ductal,celseq2
10473,D30-4_32,16,alpha,Unmatched_16,celseq2
10474,D30-4_33,16,beta,Unmatched_16,celseq2
10475,D30-4_34,22,beta,Unmatched_22,celseq2
10476,D30-4_35,7,activated_stellate,activated_stellate,celseq2
10477,D30-4_36,17,alpha,alpha,celseq2
10478,D30-4_37,17,alpha,alpha,celseq2
10479,D30-4_38,1,ductal,ductal,celseq2
10480,D30-4_39,17,alpha,alpha,celseq2
10481,D30-4_40,23,alpha,epsilon,celseq2
10482,D30-4_41,17,alpha,alpha,celseq2
10483,D30-4_42,1,ductal,ductal,celseq2
10484,D30-4_43,17,alpha,alpha,celseq2
10485,D30-4_44,1,ductal,ductal,celseq2
10486,D30-4_46,1,ductal,ductal,celseq2
10487,D30-4_47,17,alpha,alpha,celseq2
10488,D30-4_48,16,beta,Unmatched_16,celseq2
10489,D30-4_49,17,alpha,alpha,celseq2
10490,D30-4_50,17,alpha,alpha,celseq2
10491,D30-4_51,1,ductal,ductal,celseq2
10492,D30-4_52,17,alpha,alpha,celseq2
10493,D30-4_53,1,ductal,ductal,celseq2
10494,D30-4_54,17,alpha,alpha,celseq2
10495,D30-4_55,7,activated_stellate,activated_stellate,celseq2
10496,D30-4_58,1,ductal,ductal,celseq2
10497,D30-4_59,3,delta,delta,celseq2
10498,D30-4_60,17,alpha,alpha,celseq2
10499,D30-4_61,16,beta,Unmatched_16,celseq2
10500,D30-4_62,13,acinar,Unmatched_13,celseq2
10501,D30-4_63,23,alpha,epsilon,celseq2
10502,D30-4_64,7,activated_stellate,activated_stellate,celseq2
10503,D30-4_65,23,mast,epsilon,celseq2
10504,D30-4_66,23,alpha,epsilon,celseq2
10505,D30-4_67,16,beta,Unmatched_16,celseq2
10506,D30-4_68,17,alpha,alpha,celseq2
10507,D30-4_69,17,alpha,alpha,celseq2
10508,D30-4_71,16,beta,Unmatched_16,celseq2
10509,D30-4_73,17,alpha,alpha,celseq2
10510,D30-4_74,17,alpha,alpha,celseq2
10511,D30-4_75,17,alpha,alpha,celseq2
10512,D30-4_76,16,beta,Unmatched_16,celseq2
10513,D30-4_77,17,alpha,alpha,celseq2
10514,D30-4_78,7,activated_stellate,activated_stellate,celseq2
10515,D30-4_79,16,beta,Unmatched_16,celseq2
10516,D30-4_80,3,delta,delta,celseq2
10517,D30-4_81,13,acinar,Unmatched_13,celseq2
10518,D30-4_82,23,acinar,epsilon,celseq2
10519,D30-4_83,16,beta,Unmatched_16,celseq2
10520,D30-4_85,17,alpha,alpha,celseq2
10521,D30-4_86,17,alpha,alpha,celseq2
10522,D30-4_87,17,alpha,alpha,celseq2
10523,D30-4_88,17,alpha,alpha,celseq2
10524,D30-4_90,16,beta,Unmatched_16,celseq2
10525,D30-4_91,1,ductal,ductal,celseq2
10526,D30-4_92,1,ductal,ductal,celseq2
10527,D30-4_93,1,ductal,ductal,celseq2
10528,D30-4_94,17,alpha,alpha,celseq2
10529,D30-5_3,7,activated_stellate,activated_stellate,celseq2
10530,D30-5_4,7,activated_stellate,activated_stellate,celseq2
10531,D30-5_5,1,ductal,ductal,celseq2
10532,D30-5_7,16,beta,Unmatched_16,celseq2
10533,D30-5_8,17,alpha,alpha,celseq2
10534,D30-5_9,1,ductal,ductal,celseq2
10535,D30-5_10,17,alpha,alpha,celseq2
10536,D30-5_11,3,delta,delta,celseq2
10537,D30-5_12,3,delta,delta,celseq2
10538,D30-5_13,17,alpha,alpha,celseq2
10539,D30-5_14,17,alpha,alpha,celseq2
10540,D30-5_15,7,activated_stellate,activated_stellate,celseq2
10541,D30-5_17,3,delta,delta,celseq2
10542,D30-5_18,3,delta,delta,celseq2
10543,D30-5_20,17,alpha,alpha,celseq2
10544,D30-5_21,16,beta,Unmatched_16,celseq2
10545,D30-5_22,3,delta,delta,celseq2
10546,D30-5_23,17,alpha,alpha,celseq2
10547,D30-5_24,17,alpha,alpha,celseq2
10548,D30-5_26,17,alpha,alpha,celseq2
10549,D30-5_27,17,alpha,alpha,celseq2
10550,D30-5_28,17,alpha,alpha,celseq2
10551,D30-5_29,7,activated_stellate,activated_stellate,celseq2
10552,D30-5_31,1,ductal,ductal,celseq2
10553,D30-5_32,16,beta,Unmatched_16,celseq2
10554,D30-5_33,17,alpha,alpha,celseq2
10555,D30-5_34,1,ductal,ductal,celseq2
10556,D30-5_35,3,delta,delta,celseq2
10557,D30-5_36,13,acinar,Unmatched_13,celseq2
10558,D30-5_37,17,alpha,alpha,celseq2
10559,D30-5_38,1,ductal,ductal,celseq2
10560,D30-5_39,17,alpha,alpha,celseq2
10561,D30-5_40,16,beta,Unmatched_16,celseq2
10562,D30-5_41,4,macrophage,macrophage,celseq2
10563,D30-5_42,1,ductal,ductal,celseq2
10564,D30-5_43,17,alpha,alpha,celseq2
10565,D30-5_44,1,ductal,ductal,celseq2
10566,D30-5_45,13,acinar,Unmatched_13,celseq2
10567,D30-5_46,1,ductal,ductal,celseq2
10568,D30-5_48,17,alpha,alpha,celseq2
10569,D30-5_49,16,beta,Unmatched_16,celseq2
10570,D30-5_50,1,ductal,ductal,celseq2
10571,D30-5_51,17,alpha,alpha,celseq2
10572,D30-5_53,17,alpha,alpha,celseq2
10573,D30-5_54,17,alpha,alpha,celseq2
10574,D30-5_55,17,alpha,alpha,celseq2
10575,D30-5_56,16,beta,Unmatched_16,celseq2
10576,D30-5_57,16,beta,Unmatched_16,celseq2
10577,D30-5_58,1,ductal,ductal,celseq2
10578,D30-5_59,7,activated_stellate,activated_stellate,celseq2
10579,D30-5_61,1,ductal,ductal,celseq2
10580,D30-5_62,9,alpha,Unmatched_9,celseq2
10581,D30-5_63,17,alpha,alpha,celseq2
10582,D30-5_64,1,ductal,ductal,celseq2
10583,D30-5_65,17,alpha,alpha,celseq2
10584,D30-5_66,17,alpha,alpha,celseq2
10585,D30-5_67,17,alpha,alpha,celseq2
10586,D30-5_69,16,beta,Unmatched_16,celseq2
10587,D30-5_70,17,alpha,alpha,celseq2
10588,D30-5_71,17,alpha,alpha,celseq2
10589,D30-5_72,7,activated_stellate,activated_stellate,celseq2
10590,D30-5_73,17,alpha,alpha,celseq2
10591,D30-5_74,18,gamma,gamma,celseq2
10592,D30-5_75,17,alpha,alpha,celseq2
10593,D30-5_76,3,delta,delta,celseq2
10594,D30-5_78,1,ductal,ductal,celseq2
10595,D30-5_79,13,acinar,Unmatched_13,celseq2
10596,D30-5_80,7,activated_stellate,activated_stellate,celseq2
10597,D30-5_81,1,ductal,ductal,celseq2
10598,D30-5_82,3,delta,delta,celseq2
10599,D30-5_83,17,alpha,alpha,celseq2
10600,D30-5_84,17,alpha,alpha,celseq2
10601,D30-5_85,3,delta,delta,celseq2
10602,D30-5_88,17,alpha,alpha,celseq2
10603,D30-5_89,13,acinar,Unmatched_13,celseq2
10604,D30-5_90,7,activated_stellate,activated_stellate,celseq2
10605,D30-5_91,3,delta,delta,celseq2
10606,D30-5_92,17,alpha,alpha,celseq2
10607,D30-5_93,17,alpha,alpha,celseq2
10608,D30-5_94,17,alpha,alpha,celseq2
10609,D30-6_1,17,alpha,alpha,celseq2
10610,D30-6_2,17,alpha,alpha,celseq2
10611,D30-6_3,7,activated_stellate,activated_stellate,celseq2
10612,D30-6_4,17,alpha,alpha,celseq2
10613,D30-6_5,13,acinar,Unmatched_13,celseq2
10614,D30-6_6,3,delta,delta,celseq2
10615,D30-6_7,17,alpha,alpha,celseq2
10616,D30-6_9,17,alpha,alpha,celseq2
10617,D30-6_10,7,activated_stellate,activated_stellate,celseq2
10618,D30-6_11,16,beta,Unmatched_16,celseq2
10619,D30-6_12,1,ductal,ductal,celseq2
10620,D30-6_13,3,delta,delta,celseq2
10621,D30-6_14,16,beta,Unmatched_16,celseq2
10622,D30-6_15,16,beta,Unmatched_16,celseq2
10623,D30-6_16,17,alpha,alpha,celseq2
10624,D30-6_17,7,activated_stellate,activated_stellate,celseq2
10625,D30-6_18,16,beta,Unmatched_16,celseq2
10626,D30-6_19,17,alpha,alpha,celseq2
10627,D30-6_20,1,ductal,ductal,celseq2
10628,D30-6_21,16,beta,Unmatched_16,celseq2
10629,D30-6_22,17,alpha,alpha,celseq2
10630,D30-6_23,7,activated_stellate,activated_stellate,celseq2
10631,D30-6_24,17,alpha,alpha,celseq2
10632,D30-6_25,1,ductal,ductal,celseq2
10633,D30-6_26,17,alpha,alpha,celseq2
10634,D30-6_27,7,activated_stellate,activated_stellate,celseq2
10635,D30-6_28,23,alpha,epsilon,celseq2
10636,D30-6_30,17,alpha,alpha,celseq2
10637,D30-6_31,17,alpha,alpha,celseq2
10638,D30-6_32,17,alpha,alpha,celseq2
10639,D30-6_33,17,alpha,alpha,celseq2
10640,D30-6_34,1,ductal,ductal,celseq2
10641,D30-6_35,3,delta,delta,celseq2
10642,D30-6_36,17,alpha,alpha,celseq2
10643,D30-6_37,13,acinar,Unmatched_13,celseq2
10644,D30-6_38,16,beta,Unmatched_16,celseq2
10645,D30-6_39,17,alpha,alpha,celseq2
10646,D30-6_40,13,acinar,Unmatched_13,celseq2
10647,D30-6_41,17,alpha,alpha,celseq2
10648,D30-6_42,17,alpha,alpha,celseq2
10649,D30-6_44,13,acinar,Unmatched_13,celseq2
10650,D30-6_45,17,alpha,alpha,celseq2
10651,D30-6_46,17,alpha,alpha,celseq2
10652,D30-6_47,16,beta,Unmatched_16,celseq2
10653,D30-6_48,1,ductal,ductal,celseq2
10654,D30-6_49,3,delta,delta,celseq2
10655,D30-6_50,17,alpha,alpha,celseq2
10656,D30-6_51,17,alpha,alpha,celseq2
10657,D30-6_52,1,ductal,ductal,celseq2
10658,D30-6_53,3,delta,delta,celseq2
10659,D30-6_54,16,beta,Unmatched_16,celseq2
10660,D30-6_55,17,alpha,alpha,celseq2
10661,D30-6_56,16,beta,Unmatched_16,celseq2
10662,D30-6_57,1,ductal,ductal,celseq2
10663,D30-6_58,3,delta,delta,celseq2
10664,D30-6_59,16,beta,Unmatched_16,celseq2
10665,D30-6_60,16,beta,Unmatched_16,celseq2
10666,D30-6_61,1,ductal,ductal,celseq2
10667,D30-6_62,17,alpha,alpha,celseq2
10668,D30-6_63,17,alpha,alpha,celseq2
10669,D30-6_64,1,ductal,ductal,celseq2
10670,D30-6_65,17,alpha,alpha,celseq2
10671,D30-6_66,17,alpha,alpha,celseq2
10672,D30-6_67,17,alpha,alpha,celseq2
10673,D30-6_68,19,beta,Unmatched_19,celseq2
10674,D30-6_69,1,ductal,ductal,celseq2
10675,D30-6_70,17,alpha,alpha,celseq2
10676,D30-6_71,17,alpha,alpha,celseq2
10677,D30-6_72,17,alpha,alpha,celseq2
10678,D30-6_74,17,alpha,alpha,celseq2
10679,D30-6_75,17,alpha,alpha,celseq2
10680,D30-6_76,23,beta,epsilon,celseq2
10681,D30-6_77,1,ductal,ductal,celseq2
10682,D30-6_78,1,ductal,ductal,celseq2
10683,D30-6_79,16,beta,Unmatched_16,celseq2
10684,D30-6_80,13,acinar,Unmatched_13,celseq2
10685,D30-6_81,17,alpha,alpha,celseq2
10686,D30-6_82,17,alpha,alpha,celseq2
10687,D30-6_83,16,delta,Unmatched_16,celseq2
10688,D30-6_84,7,activated_stellate,activated_stellate,celseq2
10689,D30-6_85,17,alpha,alpha,celseq2
10690,D30-6_86,1,ductal,ductal,celseq2
10691,D30-6_87,17,alpha,alpha,celseq2
10692,D30-6_88,17,alpha,alpha,celseq2
10693,D30-6_89,17,alpha,alpha,celseq2
10694,D30-6_90,18,gamma,gamma,celseq2
10695,D30-6_91,17,alpha,alpha,celseq2
10696,D30-6_92,3,delta,delta,celseq2
10697,D30-6_93,7,activated_stellate,activated_stellate,celseq2
10698,D30-6_94,16,beta,Unmatched_16,celseq2
10699,D30-7_1,13,acinar,Unmatched_13,celseq2
10700,D30-7_2,17,alpha,alpha,celseq2
10701,D30-7_3,16,beta,Unmatched_16,celseq2
10702,D30-7_4,16,beta,Unmatched_16,celseq2
10703,D30-7_5,17,alpha,alpha,celseq2
10704,D30-7_6,17,alpha,alpha,celseq2
10705,D30-7_7,3,delta,delta,celseq2
10706,D30-7_8,17,alpha,alpha,celseq2
10707,D30-7_9,9,alpha,Unmatched_9,celseq2
10708,D30-7_10,17,alpha,alpha,celseq2
10709,D30-7_11,13,acinar,Unmatched_13,celseq2
10710,D30-7_12,17,alpha,alpha,celseq2
10711,D30-7_13,3,delta,delta,celseq2
10712,D30-7_14,17,alpha,alpha,celseq2
10713,D30-7_15,1,ductal,ductal,celseq2
10714,D30-7_16,17,alpha,alpha,celseq2
10715,D30-7_17,1,ductal,ductal,celseq2
10716,D30-7_18,17,alpha,alpha,celseq2
10717,D30-7_20,13,acinar,Unmatched_13,celseq2
10718,D30-7_21,16,beta,Unmatched_16,celseq2
10719,D30-7_22,16,beta,Unmatched_16,celseq2
10720,D30-7_23,23,beta,epsilon,celseq2
10721,D30-7_24,13,acinar,Unmatched_13,celseq2
10722,D30-7_25,17,alpha,alpha,celseq2
10723,D30-7_26,17,alpha,alpha,celseq2
10724,D30-7_28,13,acinar,Unmatched_13,celseq2
10725,D30-7_29,3,delta,delta,celseq2
10726,D30-7_30,7,activated_stellate,activated_stellate,celseq2
10727,D30-7_31,3,delta,delta,celseq2
10728,D30-7_32,3,delta,delta,celseq2
10729,D30-7_33,7,activated_stellate,activated_stellate,celseq2
10730,D30-7_35,1,ductal,ductal,celseq2
10731,D30-7_36,17,alpha,alpha,celseq2
10732,D30-7_38,7,activated_stellate,activated_stellate,celseq2
10733,D30-7_39,13,acinar,Unmatched_13,celseq2
10734,D30-7_40,17,alpha,alpha,celseq2
10735,D30-7_41,17,alpha,alpha,celseq2
10736,D30-7_42,17,alpha,alpha,celseq2
10737,D30-7_43,17,alpha,alpha,celseq2
10738,D30-7_44,16,beta,Unmatched_16,celseq2
10739,D30-7_45,17,alpha,alpha,celseq2
10740,D30-7_46,1,ductal,ductal,celseq2
10741,D30-7_47,17,alpha,alpha,celseq2
10742,D30-7_48,16,beta,Unmatched_16,celseq2
10743,D30-7_49,17,alpha,alpha,celseq2
10744,D30-7_51,1,ductal,ductal,celseq2
10745,D30-7_52,17,alpha,alpha,celseq2
10746,D30-7_53,3,delta,delta,celseq2
10747,D30-7_54,16,beta,Unmatched_16,celseq2
10748,D30-7_55,3,delta,delta,celseq2
10749,D30-7_56,16,beta,Unmatched_16,celseq2
10750,D30-7_57,17,alpha,alpha,celseq2
10751,D30-7_60,17,alpha,alpha,celseq2
10752,D30-7_61,17,alpha,alpha,celseq2
10753,D30-7_62,16,beta,Unmatched_16,celseq2
10754,D30-7_63,23,beta,epsilon,celseq2
10755,D30-7_64,17,alpha,alpha,celseq2
10756,D30-7_65,17,alpha,alpha,celseq2
10757,D30-7_66,17,alpha,alpha,celseq2
10758,D30-7_67,17,alpha,alpha,celseq2
10759,D30-7_68,17,alpha,alpha,celseq2
10760,D30-7_70,16,beta,Unmatched_16,celseq2
10761,D30-7_71,17,alpha,alpha,celseq2
10762,D30-7_72,7,activated_stellate,activated_stellate,celseq2
10763,D30-7_73,17,alpha,alpha,celseq2
10764,D30-7_74,1,ductal,ductal,celseq2
10765,D30-7_75,17,alpha,alpha,celseq2
10766,D30-7_76,16,beta,Unmatched_16,celseq2
10767,D30-7_77,17,alpha,alpha,celseq2
10768,D30-7_78,17,alpha,alpha,celseq2
10769,D30-7_79,16,beta,Unmatched_16,celseq2
10770,D30-7_80,16,beta,Unmatched_16,celseq2
10771,D30-7_81,7,activated_stellate,activated_stellate,celseq2
10772,D30-7_82,16,beta,Unmatched_16,celseq2
10773,D30-7_83,1,ductal,ductal,celseq2
10774,D30-7_84,8,schwann,schwann,celseq2
10775,D30-7_85,1,ductal,ductal,celseq2
10776,D30-7_86,7,activated_stellate,activated_stellate,celseq2
10777,D30-7_87,17,alpha,alpha,celseq2
10778,D30-7_88,4,macrophage,macrophage,celseq2
10779,D30-7_89,3,delta,delta,celseq2
10780,D30-7_90,0,endothelial,endothelial,celseq2
10781,D30-7_91,13,acinar,Unmatched_13,celseq2
10782,D30-7_92,17,alpha,alpha,celseq2
10783,D30-7_93,17,alpha,alpha,celseq2
10784,D30-7_94,16,beta,Unmatched_16,celseq2
10785,D30-8_1,17,alpha,alpha,celseq2
10786,D30-8_2,17,alpha,alpha,celseq2
10787,D30-8_3,3,delta,delta,celseq2
10788,D30-8_4,1,ductal,ductal,celseq2
10789,D30-8_5,17,alpha,alpha,celseq2
10790,D30-8_6,16,beta,Unmatched_16,celseq2
10791,D30-8_7,17,alpha,alpha,celseq2
10792,D30-8_8,1,ductal,ductal,celseq2
10793,D30-8_9,3,delta,delta,celseq2
10794,D30-8_10,17,alpha,alpha,celseq2
10795,D30-8_11,17,alpha,alpha,celseq2
10796,D30-8_12,16,beta,Unmatched_16,celseq2
10797,D30-8_13,17,alpha,alpha,celseq2
10798,D30-8_14,16,beta,Unmatched_16,celseq2
10799,D30-8_15,7,activated_stellate,activated_stellate,celseq2
10800,D30-8_16,1,ductal,ductal,celseq2
10801,D30-8_17,16,beta,Unmatched_16,celseq2
10802,D30-8_18,7,activated_stellate,activated_stellate,celseq2
10803,D30-8_19,17,alpha,alpha,celseq2
10804,D30-8_20,17,alpha,alpha,celseq2
10805,D30-8_21,6,mast,t_cell,celseq2
10806,D30-8_22,1,ductal,ductal,celseq2
10807,D30-8_23,17,alpha,alpha,celseq2
10808,D30-8_24,13,acinar,Unmatched_13,celseq2
10809,D30-8_25,7,activated_stellate,activated_stellate,celseq2
10810,D30-8_26,17,alpha,alpha,celseq2
10811,D30-8_27,16,beta,Unmatched_16,celseq2
10812,D30-8_28,17,alpha,alpha,celseq2
10813,D30-8_29,1,ductal,ductal,celseq2
10814,D30-8_31,17,alpha,alpha,celseq2
10815,D30-8_32,3,delta,delta,celseq2
10816,D30-8_33,13,acinar,Unmatched_13,celseq2
10817,D30-8_34,0,endothelial,endothelial,celseq2
10818,D30-8_35,16,beta,Unmatched_16,celseq2
10819,D30-8_36,13,acinar,Unmatched_13,celseq2
10820,D30-8_37,13,acinar,Unmatched_13,celseq2
10821,D30-8_38,1,ductal,ductal,celseq2
10822,D30-8_39,17,alpha,alpha,celseq2
10823,D30-8_40,3,delta,delta,celseq2
10824,D30-8_43,17,alpha,alpha,celseq2
10825,D30-8_44,17,alpha,alpha,celseq2
10826,D30-8_45,16,beta,Unmatched_16,celseq2
10827,D30-8_46,16,beta,Unmatched_16,celseq2
10828,D30-8_47,17,alpha,alpha,celseq2
10829,D30-8_48,17,alpha,alpha,celseq2
10830,D30-8_49,16,beta,Unmatched_16,celseq2
10831,D30-8_50,7,activated_stellate,activated_stellate,celseq2
10832,D30-8_51,16,beta,Unmatched_16,celseq2
10833,D30-8_52,17,alpha,alpha,celseq2
10834,D30-8_53,17,alpha,alpha,celseq2
10835,D30-8_54,17,alpha,alpha,celseq2
10836,D30-8_55,3,delta,delta,celseq2
10837,D30-8_57,7,activated_stellate,activated_stellate,celseq2
10838,D30-8_59,16,beta,Unmatched_16,celseq2
10839,D30-8_60,7,activated_stellate,activated_stellate,celseq2
10840,D30-8_62,19,beta,Unmatched_19,celseq2
10841,D30-8_63,13,acinar,Unmatched_13,celseq2
10842,D30-8_64,17,alpha,alpha,celseq2
10843,D30-8_65,13,acinar,Unmatched_13,celseq2
10844,D30-8_66,3,delta,delta,celseq2
10845,D30-8_67,17,alpha,alpha,celseq2
10846,D30-8_68,16,beta,Unmatched_16,celseq2
10847,D30-8_69,13,acinar,Unmatched_13,celseq2
10848,D30-8_70,17,alpha,alpha,celseq2
10849,D30-8_71,17,alpha,alpha,celseq2
10850,D30-8_73,16,beta,Unmatched_16,celseq2
10851,D30-8_74,16,beta,Unmatched_16,celseq2
10852,D30-8_75,17,alpha,alpha,celseq2
10853,D30-8_76,17,alpha,alpha,celseq2
10854,D30-8_77,17,alpha,alpha,celseq2
10855,D30-8_78,17,alpha,alpha,celseq2
10856,D30-8_79,17,alpha,alpha,celseq2
10857,D30-8_80,16,beta,Unmatched_16,celseq2
10858,D30-8_81,13,acinar,Unmatched_13,celseq2
10859,D30-8_82,1,ductal,ductal,celseq2
10860,D30-8_83,17,alpha,alpha,celseq2
10861,D30-8_84,13,acinar,Unmatched_13,celseq2
10862,D30-8_85,16,beta,Unmatched_16,celseq2
10863,D30-8_86,3,delta,delta,celseq2
10864,D30-8_87,0,endothelial,endothelial,celseq2
10865,D30-8_88,3,delta,delta,celseq2
10866,D30-8_89,17,alpha,alpha,celseq2
10867,D30-8_90,17,alpha,alpha,celseq2
10868,D30-8_91,7,activated_stellate,activated_stellate,celseq2
10869,D30-8_92,17,alpha,alpha,celseq2
10870,D30-8_93,1,ductal,ductal,celseq2
10871,D30-8_94,7,activated_stellate,activated_stellate,celseq2
10872,HP1502401_H13,18,gamma,gamma,smartseq2
10873,HP1502401_J14,17,alpha,alpha,smartseq2
10874,HP1502401_B14,23,beta,epsilon,smartseq2
10875,HP1502401_A14,13,acinar,Unmatched_13,smartseq2
10876,HP1502401_C14,17,alpha,alpha,smartseq2
10877,HP1502401_G14,16,beta,Unmatched_16,smartseq2
10878,HP1502401_E14,23,epsilon,epsilon,smartseq2
10879,HP1502401_L14,18,gamma,gamma,smartseq2
10880,HP1502401_M14,17,alpha,alpha,smartseq2
10881,HP1502401_K14,18,gamma,gamma,smartseq2
10882,HP1502401_I14,13,acinar,Unmatched_13,smartseq2
10883,HP1502401_F13,13,acinar,Unmatched_13,smartseq2
10884,HP1502401_L13,17,alpha,alpha,smartseq2
10885,HP1502401_D13,19,beta,Unmatched_19,smartseq2
10886,HP1502401_H14,17,alpha,alpha,smartseq2
10887,HP1502401_F17,18,gamma,gamma,smartseq2
10888,HP1504101T2D_B4,18,gamma,gamma,smartseq2
10889,HP1504101T2D_M6,17,alpha,alpha,smartseq2
10890,HP1504101T2D_F15,17,alpha,alpha,smartseq2
10891,HP1504101T2D_H7,8,schwann,schwann,smartseq2
10892,HP1502401_H23,1,ductal,ductal,smartseq2
10893,HP1502401_L21,17,alpha,alpha,smartseq2
10894,HP1504101T2D_F10,17,alpha,alpha,smartseq2
10895,HP1504101T2D_B10,18,gamma,gamma,smartseq2
10896,HP1502401_G18,13,acinar,Unmatched_13,smartseq2
10897,HP1502401_K22,17,alpha,alpha,smartseq2
10898,HP1502401_I22,17,alpha,alpha,smartseq2
10899,HP1504101T2D_M18,17,alpha,alpha,smartseq2
10900,HP1502401_J22,16,beta,Unmatched_16,smartseq2
10901,HP1502401_F4,17,alpha,alpha,smartseq2
10902,HP1504101T2D_O12,16,beta,Unmatched_16,smartseq2
10903,HP1502401_M15,17,alpha,alpha,smartseq2
10904,HP1504101T2D_G16,18,gamma,gamma,smartseq2
10905,HP1504101T2D_L23,17,alpha,alpha,smartseq2
10906,HP1502401_G24,16,beta,Unmatched_16,smartseq2
10907,HP1502401_G23,1,ductal,ductal,smartseq2
10908,HP1504101T2D_A24,3,delta,delta,smartseq2
10909,HP1504101T2D_N17,17,alpha,alpha,smartseq2
10910,HP1502401_N8,19,beta,Unmatched_19,smartseq2
10911,HP1504101T2D_G1,17,alpha,alpha,smartseq2
10912,HP1504101T2D_A15,18,gamma,gamma,smartseq2
10913,HP1504101T2D_M19,17,alpha,alpha,smartseq2
10914,HP1502401_O16,16,beta,Unmatched_16,smartseq2
10915,HP1504101T2D_E16,16,beta,Unmatched_16,smartseq2
10916,HP1502401_A12,17,alpha,alpha,smartseq2
10917,HP1502401_D18,1,ductal,ductal,smartseq2
10918,HP1504101T2D_K2,18,gamma,gamma,smartseq2
10919,HP1502401_D5,17,alpha,alpha,smartseq2
10920,HP1502401_H22,16,beta,Unmatched_16,smartseq2
10921,HP1504101T2D_J15,17,alpha,alpha,smartseq2
10922,HP1504101T2D_N7,17,alpha,alpha,smartseq2
10923,HP1504101T2D_O16,17,alpha,alpha,smartseq2
10924,HP1502401_M5,17,alpha,alpha,smartseq2
10925,HP1504101T2D_M4,17,alpha,alpha,smartseq2
10926,HP1504101T2D_I20,17,alpha,alpha,smartseq2
10927,HP1502401_K17,23,alpha,epsilon,smartseq2
10928,HP1504101T2D_B22,18,gamma,gamma,smartseq2
10929,HP1504101T2D_G4,18,gamma,gamma,smartseq2
10930,HP1502401_H15,17,alpha,alpha,smartseq2
10931,HP1502401_H8,17,alpha,alpha,smartseq2
10932,HP1502401_N17,17,alpha,alpha,smartseq2
10933,HP1504101T2D_L13,18,gamma,gamma,smartseq2
10934,HP1504101T2D_K24,17,alpha,alpha,smartseq2
10935,HP1504101T2D_B24,18,gamma,gamma,smartseq2
10936,HP1504101T2D_H14,18,gamma,gamma,smartseq2
10937,HP1502401_A7,16,beta,Unmatched_16,smartseq2
10938,HP1504101T2D_I1,17,alpha,alpha,smartseq2
10939,HP1502401_O2,17,alpha,alpha,smartseq2
10940,HP1504101T2D_C24,16,beta,Unmatched_16,smartseq2
10941,HP1502401_J21,17,alpha,alpha,smartseq2
10942,HP1504101T2D_J13,17,alpha,alpha,smartseq2
10943,HP1502401_J8,17,alpha,alpha,smartseq2
10944,HP1502401_N15,17,alpha,alpha,smartseq2
10945,HP1504101T2D_L14,13,acinar,Unmatched_13,smartseq2
10946,HP1504101T2D_D2,17,alpha,alpha,smartseq2
10947,HP1502401_N2,13,acinar,Unmatched_13,smartseq2
10948,HP1502401_H7,17,alpha,alpha,smartseq2
10949,HP1504101T2D_O13,17,alpha,alpha,smartseq2
10950,HP1504101T2D_L2,17,alpha,alpha,smartseq2
10951,HP1502401_E5,18,gamma,gamma,smartseq2
10952,HP1502401_O1,23,alpha,epsilon,smartseq2
10953,HP1502401_B7,16,beta,Unmatched_16,smartseq2
10954,HP1504101T2D_I24,17,alpha,alpha,smartseq2
10955,HP1504101T2D_J18,17,alpha,alpha,smartseq2
10956,HP1502401_L3,17,alpha,alpha,smartseq2
10957,HP1502401_J1,17,alpha,alpha,smartseq2
10958,HP1502401_H3,17,alpha,alpha,smartseq2
10959,HP1504101T2D_B6,16,beta,Unmatched_16,smartseq2
10960,HP1502401_I15,17,alpha,alpha,smartseq2
10961,HP1504101T2D_B8,1,ductal,ductal,smartseq2
10962,HP1502401_D17,3,delta,delta,smartseq2
10963,HP1504101T2D_M15,17,alpha,alpha,smartseq2
10964,HP1502401_I4,23,alpha,epsilon,smartseq2
10965,HP1502401_J23,17,alpha,alpha,smartseq2
10966,HP1502401_O14,13,acinar,Unmatched_13,smartseq2
10967,HP1504101T2D_N15,17,alpha,alpha,smartseq2
10968,HP1502401_M18,17,alpha,alpha,smartseq2
10969,HP1502401_L5,1,ductal,ductal,smartseq2
10970,HP1504101T2D_F7,17,alpha,alpha,smartseq2
10971,HP1504101T2D_I5,17,alpha,alpha,smartseq2
10972,HP1504101T2D_C1,0,endothelial,endothelial,smartseq2
10973,HP1504101T2D_P14,23,quiescent_stellate,epsilon,smartseq2
10974,HP1504101T2D_A20,18,gamma,gamma,smartseq2
10975,HP1502401_H11,23,beta,epsilon,smartseq2
10976,HP1504101T2D_K19,13,acinar,Unmatched_13,smartseq2
10977,HP1502401_K15,17,alpha,alpha,smartseq2
10978,HP1504101T2D_C17,17,alpha,alpha,smartseq2
10979,HP1502401_G10,9,alpha,Unmatched_9,smartseq2
10980,HP1502401_L2,17,alpha,alpha,smartseq2
10981,HP1504101T2D_D8,23,beta,epsilon,smartseq2
10982,HP1502401_L23,17,alpha,alpha,smartseq2
10983,HP1502401_F19,17,alpha,alpha,smartseq2
10984,HP1502401_L17,17,alpha,alpha,smartseq2
10985,HP1502401_O22,17,alpha,alpha,smartseq2
10986,HP1504101T2D_I7,18,gamma,gamma,smartseq2
10987,HP1504101T2D_H5,3,delta,delta,smartseq2
10988,HP1502401_L16,17,alpha,alpha,smartseq2
10989,HP1504101T2D_F22,17,alpha,alpha,smartseq2
10990,HP1504101T2D_J2,18,alpha,gamma,smartseq2
10991,HP1504101T2D_E1,17,alpha,alpha,smartseq2
10992,HP1502401_A18,3,delta,delta,smartseq2
10993,HP1504101T2D_A19,17,alpha,alpha,smartseq2
10994,HP1504101T2D_G2,17,alpha,alpha,smartseq2
10995,HP1504101T2D_J11,17,alpha,alpha,smartseq2
10996,HP1504101T2D_K22,17,alpha,alpha,smartseq2
10997,HP1502401_L12,17,alpha,alpha,smartseq2
10998,HP1504101T2D_E19,23,ductal,epsilon,smartseq2
10999,HP1502401_E22,23,beta,epsilon,smartseq2
11000,HP1502401_H2,17,alpha,alpha,smartseq2
11001,HP1504101T2D_G17,17,alpha,alpha,smartseq2
11002,HP1502401_N1,16,beta,Unmatched_16,smartseq2
11003,HP1504101T2D_N19,17,alpha,alpha,smartseq2
11004,HP1504101T2D_I17,17,alpha,alpha,smartseq2
11005,HP1502401_E7,18,gamma,gamma,smartseq2
11006,HP1504101T2D_E11,18,gamma,gamma,smartseq2
11007,HP1502401_H21,1,ductal,ductal,smartseq2
11008,HP1504101T2D_E18,18,gamma,gamma,smartseq2
11009,HP1504101T2D_D7,17,alpha,alpha,smartseq2
11010,HP1502401_B18,18,gamma,gamma,smartseq2
11011,HP1502401_K9,17,alpha,alpha,smartseq2
11012,HP1502401_E16,17,alpha,alpha,smartseq2
11013,HP1504101T2D_L21,17,alpha,alpha,smartseq2
11014,HP1504101T2D_N12,17,alpha,alpha,smartseq2
11015,HP1502401_M4,17,alpha,alpha,smartseq2
11016,HP1504101T2D_B16,17,alpha,alpha,smartseq2
11017,HP1504101T2D_E23,17,alpha,alpha,smartseq2
11018,HP1502401_D7,23,beta,epsilon,smartseq2
11019,HP1504101T2D_L15,18,gamma,gamma,smartseq2
11020,HP1504101T2D_D17,18,gamma,gamma,smartseq2
11021,HP1504101T2D_A4,18,gamma,gamma,smartseq2
11022,HP1502401_O21,17,alpha,alpha,smartseq2
11023,HP1502401_M10,17,alpha,alpha,smartseq2
11024,HP1504101T2D_H9,17,alpha,alpha,smartseq2
11025,HP1504101T2D_A5,17,alpha,alpha,smartseq2
11026,HP1504101T2D_K23,17,alpha,alpha,smartseq2
11027,HP1502401_I7,3,delta,delta,smartseq2
11028,HP1502401_C18,16,beta,Unmatched_16,smartseq2
11029,HP1502401_O6,3,delta,delta,smartseq2
11030,HP1502401_K24,18,gamma,gamma,smartseq2
11031,HP1502401_J11,17,alpha,alpha,smartseq2
11032,HP1502401_H4,17,alpha,alpha,smartseq2
11033,HP1502401_L11,17,alpha,alpha,smartseq2
11034,HP1502401_K3,17,alpha,alpha,smartseq2
11035,HP1502401_C8,3,delta,delta,smartseq2
11036,HP1504101T2D_I18,17,alpha,alpha,smartseq2
11037,HP1502401_F22,23,beta,epsilon,smartseq2
11038,HP1502401_I16,17,alpha,alpha,smartseq2
11039,HP1502401_B17,13,acinar,Unmatched_13,smartseq2
11040,HP1504101T2D_P2,17,alpha,alpha,smartseq2
11041,HP1502401_N18,1,ductal,ductal,smartseq2
11042,HP1504101T2D_N10,16,beta,Unmatched_16,smartseq2
11043,HP1504101T2D_I14,17,alpha,alpha,smartseq2
11044,HP1504101T2D_F17,3,delta,delta,smartseq2
11045,HP1502401_B24,16,beta,Unmatched_16,smartseq2
11046,HP1502401_C6,23,beta,epsilon,smartseq2
11047,HP1504101T2D_G9,23,beta,epsilon,smartseq2
11048,HP1502401_N12,17,alpha,alpha,smartseq2
11049,HP1502401_M24,17,alpha,alpha,smartseq2
11050,HP1504101T2D_E10,17,alpha,alpha,smartseq2
11051,HP1504101T2D_P9,18,gamma,gamma,smartseq2
11052,HP1504101T2D_G24,17,alpha,alpha,smartseq2
11053,HP1504101T2D_F5,23,alpha,epsilon,smartseq2
11054,HP1502401_N4,17,alpha,alpha,smartseq2
11055,HP1502401_E21,17,alpha,alpha,smartseq2
11056,HP1502401_H6,3,delta,delta,smartseq2
11057,HP1504101T2D_I6,13,acinar,Unmatched_13,smartseq2
11058,HP1502401_H10,23,alpha,epsilon,smartseq2
11059,HP1502401_J6,17,alpha,alpha,smartseq2
11060,HP1502401_M7,23,alpha,epsilon,smartseq2
11061,HP1504101T2D_M21,17,alpha,alpha,smartseq2
11062,HP1504101T2D_F11,18,gamma,gamma,smartseq2
11063,HP1504101T2D_D19,17,alpha,alpha,smartseq2
11064,HP1502401_O24,9,alpha,Unmatched_9,smartseq2
11065,HP1504101T2D_E24,16,beta,Unmatched_16,smartseq2
11066,HP1504101T2D_K4,17,alpha,alpha,smartseq2
11067,HP1502401_I6,23,beta,epsilon,smartseq2
11068,HP1504101T2D_N9,17,alpha,alpha,smartseq2
11069,HP1502401_C16,17,alpha,alpha,smartseq2
11070,HP1504101T2D_M7,17,alpha,alpha,smartseq2
11071,HP1502401_B20,17,alpha,alpha,smartseq2
11072,HP1502401_K23,18,gamma,gamma,smartseq2
11073,HP1502401_F18,18,gamma,gamma,smartseq2
11074,HP1504101T2D_O4,18,gamma,gamma,smartseq2
11075,HP1504101T2D_E4,18,gamma,gamma,smartseq2
11076,HP1502401_G4,16,beta,Unmatched_16,smartseq2
11077,HP1504101T2D_I16,18,gamma,gamma,smartseq2
11078,HP1504101T2D_D1,17,gamma,alpha,smartseq2
11079,HP1504101T2D_O6,17,alpha,alpha,smartseq2
11080,HP1504101T2D_D18,18,gamma,gamma,smartseq2
11081,HP1504101T2D_F2,18,gamma,gamma,smartseq2
11082,HP1502401_D8,23,alpha,epsilon,smartseq2
11083,HP1504101T2D_E6,17,alpha,alpha,smartseq2
11084,HP1504101T2D_I15,18,gamma,gamma,smartseq2
11085,HP1504101T2D_P3,7,activated_stellate,activated_stellate,smartseq2
11086,HP1504101T2D_I10,18,gamma,gamma,smartseq2
11087,HP1502401_B21,16,beta,Unmatched_16,smartseq2
11088,HP1502401_D3,16,beta,Unmatched_16,smartseq2
11089,HP1502401_O18,3,delta,delta,smartseq2
11090,HP1504101T2D_E14,18,gamma,gamma,smartseq2
11091,HP1504101T2D_C18,16,beta,Unmatched_16,smartseq2
11092,HP1502401_G6,23,beta,epsilon,smartseq2
11093,HP1504101T2D_B11,17,alpha,alpha,smartseq2
11094,HP1504101T2D_C4,17,alpha,alpha,smartseq2
11095,HP1504101T2D_C15,17,alpha,alpha,smartseq2
11096,HP1502401_F12,17,alpha,alpha,smartseq2
11097,HP1504101T2D_C22,17,alpha,alpha,smartseq2
11098,HP1502401_C10,16,beta,Unmatched_16,smartseq2
11099,HP1502401_L7,17,alpha,alpha,smartseq2
11100,HP1502401_F11,3,delta,delta,smartseq2
11101,HP1502401_M8,13,acinar,Unmatched_13,smartseq2
11102,HP1502401_I2,1,ductal,ductal,smartseq2
11103,HP1502401_G11,18,gamma,gamma,smartseq2
11104,HP1502401_E19,16,beta,Unmatched_16,smartseq2
11105,HP1504101T2D_P24,18,gamma,gamma,smartseq2
11106,HP1502401_J10,16,beta,Unmatched_16,smartseq2
11107,HP1502401_L18,1,ductal,ductal,smartseq2
11108,HP1504101T2D_D13,17,alpha,alpha,smartseq2
11109,HP1502401_I9,3,delta,delta,smartseq2
11110,HP1502401_D6,16,beta,Unmatched_16,smartseq2
11111,HP1504101T2D_F12,17,alpha,alpha,smartseq2
11112,HP1504101T2D_C14,17,alpha,alpha,smartseq2
11113,HP1504101T2D_J6,17,alpha,alpha,smartseq2
11114,HP1504101T2D_H20,17,alpha,alpha,smartseq2
11115,HP1504101T2D_E9,18,gamma,gamma,smartseq2
11116,HP1502401_A4,17,alpha,alpha,smartseq2
11117,HP1504101T2D_G12,17,alpha,alpha,smartseq2
11118,HP1502401_K5,17,alpha,alpha,smartseq2
11119,HP1502401_G12,18,gamma,gamma,smartseq2
11120,HP1504101T2D_N13,17,alpha,alpha,smartseq2
11121,HP1502401_D12,3,delta,delta,smartseq2
11122,HP1502401_C4,17,alpha,alpha,smartseq2
11123,HP1502401_K1,17,alpha,alpha,smartseq2
11124,HP1502401_M2,16,beta,Unmatched_16,smartseq2
11125,HP1502401_J20,17,alpha,alpha,smartseq2
11126,HP1502401_N23,18,gamma,gamma,smartseq2
11127,HP1504101T2D_L8,17,alpha,alpha,smartseq2
11128,HP1504101T2D_L7,17,alpha,alpha,smartseq2
11129,HP1502401_O23,17,alpha,alpha,smartseq2
11130,HP1502401_D22,16,beta,Unmatched_16,smartseq2
11131,HP1502401_B5,17,alpha,alpha,smartseq2
11132,HP1504101T2D_H18,1,ductal,ductal,smartseq2
11133,HP1502401_D4,1,ductal,ductal,smartseq2
11134,HP1504101T2D_F18,7,activated_stellate,activated_stellate,smartseq2
11135,HP1502401_E6,17,alpha,alpha,smartseq2
11136,HP1502401_J18,17,alpha,alpha,smartseq2
11137,HP1504101T2D_A10,13,acinar,Unmatched_13,smartseq2
11138,HP1502401_M1,17,alpha,alpha,smartseq2
11139,HP1502401_B15,18,gamma,gamma,smartseq2
11140,HP1502401_J4,17,alpha,alpha,smartseq2
11141,HP1502401_A15,17,alpha,alpha,smartseq2
11142,HP1504101T2D_B17,18,gamma,gamma,smartseq2
11143,HP1502401_K10,13,acinar,Unmatched_13,smartseq2
11144,HP1502401_D10,13,acinar,Unmatched_13,smartseq2
11145,HP1504101T2D_N20,18,gamma,gamma,smartseq2
11146,HP1504101T2D_M24,17,alpha,alpha,smartseq2
11147,HP1504101T2D_B3,23,beta,epsilon,smartseq2
11148,HP1502401_D11,13,acinar,Unmatched_13,smartseq2
11149,HP1502401_A22,13,acinar,Unmatched_13,smartseq2
11150,HP1502401_G20,23,beta,epsilon,smartseq2
11151,HP1504101T2D_C12,18,gamma,gamma,smartseq2
11152,HP1504101T2D_G22,17,alpha,alpha,smartseq2
11153,HP1504101T2D_I19,18,gamma,gamma,smartseq2
11154,HP1504101T2D_P17,17,alpha,alpha,smartseq2
11155,HP1504101T2D_C9,3,delta,delta,smartseq2
11156,HP1502401_D20,17,alpha,alpha,smartseq2
11157,HP1502401_G7,17,alpha,alpha,smartseq2
11158,HP1502401_H5,17,alpha,alpha,smartseq2
11159,HP1502401_D16,17,alpha,alpha,smartseq2
11160,HP1504101T2D_G14,17,alpha,alpha,smartseq2
11161,HP1504101T2D_G10,17,alpha,alpha,smartseq2
11162,HP1504101T2D_M1,18,gamma,gamma,smartseq2
11163,HP1502401_N7,3,delta,delta,smartseq2
11164,HP1504101T2D_A13,18,gamma,gamma,smartseq2
11165,HP1502401_M19,17,alpha,alpha,smartseq2
11166,HP1504101T2D_C11,13,acinar,Unmatched_13,smartseq2
11167,HP1504101T2D_K12,17,alpha,alpha,smartseq2
11168,HP1502401_J15,1,ductal,ductal,smartseq2
11169,HP1504101T2D_D21,18,gamma,gamma,smartseq2
11170,HP1504101T2D_G19,17,alpha,alpha,smartseq2
11171,HP1502401_K6,17,alpha,alpha,smartseq2
11172,HP1502401_K2,17,alpha,alpha,smartseq2
11173,HP1504101T2D_B18,18,gamma,gamma,smartseq2
11174,HP1504101T2D_M2,17,alpha,alpha,smartseq2
11175,HP1502401_O8,17,alpha,alpha,smartseq2
11176,HP1504101T2D_M9,17,alpha,alpha,smartseq2
11177,HP1502401_K16,17,alpha,alpha,smartseq2
11178,HP1502401_E17,23,alpha,epsilon,smartseq2
11179,HP1502401_M23,17,alpha,alpha,smartseq2
11180,HP1504101T2D_O14,17,alpha,alpha,smartseq2
11181,HP1502401_N11,18,gamma,gamma,smartseq2
11182,HP1504101T2D_P22,17,alpha,alpha,smartseq2
11183,HP1502401_J19,1,ductal,ductal,smartseq2
11184,HP1502401_G3,3,delta,delta,smartseq2
11185,HP1504101T2D_H6,16,beta,Unmatched_16,smartseq2
11186,HP1502401_I18,17,alpha,alpha,smartseq2
11187,HP1502401_J7,5,mast,mast,smartseq2
11188,HP1502401_L10,16,beta,Unmatched_16,smartseq2
11189,HP1504101T2D_M10,17,alpha,alpha,smartseq2
11190,HP1502401_M12,23,beta,epsilon,smartseq2
11191,HP1502401_I1,17,alpha,alpha,smartseq2
11192,HP1502401_N9,18,gamma,gamma,smartseq2
11193,HP1502401_F15,18,gamma,gamma,smartseq2
11194,HP1504101T2D_A17,18,gamma,gamma,smartseq2
11195,HP1504101T2D_L11,3,delta,delta,smartseq2
11196,HP1504101T2D_E3,17,alpha,alpha,smartseq2
11197,HP1502401_L22,17,alpha,alpha,smartseq2
11198,HP1502401_O10,1,ductal,ductal,smartseq2
11199,HP1502401_G8,17,alpha,alpha,smartseq2
11200,HP1502401_M9,17,alpha,alpha,smartseq2
11201,HP1504101T2D_O22,17,alpha,alpha,smartseq2
11202,HP1504101T2D_E7,18,gamma,gamma,smartseq2
11203,HP1504101T2D_M5,17,alpha,alpha,smartseq2
11204,HP1502401_K12,13,acinar,Unmatched_13,smartseq2
11205,HP1504101T2D_K10,13,acinar,Unmatched_13,smartseq2
11206,HP1504101T2D_B21,17,alpha,alpha,smartseq2
11207,HP1504101T2D_C10,3,delta,delta,smartseq2
11208,HP1502401_D24,17,alpha,alpha,smartseq2
11209,HP1504101T2D_N21,3,delta,delta,smartseq2
11210,HP1502401_G22,23,beta,epsilon,smartseq2
11211,HP1502401_B1,16,beta,Unmatched_16,smartseq2
11212,HP1502401_B11,18,gamma,gamma,smartseq2
11213,HP1502401_C12,1,ductal,ductal,smartseq2
11214,HP1504101T2D_J7,17,alpha,alpha,smartseq2
11215,HP1504101T2D_G3,18,gamma,gamma,smartseq2
11216,HP1504101T2D_A6,17,alpha,alpha,smartseq2
11217,HP1504101T2D_I8,17,alpha,alpha,smartseq2
11218,HP1504101T2D_J16,13,acinar,Unmatched_13,smartseq2
11219,HP1504101T2D_C21,18,gamma,gamma,smartseq2
11220,HP1502401_O4,17,alpha,alpha,smartseq2
11221,HP1502401_F24,16,beta,Unmatched_16,smartseq2
11222,HP1504101T2D_M8,23,epsilon,epsilon,smartseq2
11223,HP1504101T2D_I21,16,beta,Unmatched_16,smartseq2
11224,HP1504101T2D_K8,18,gamma,gamma,smartseq2
11225,HP1504101T2D_D24,18,gamma,gamma,smartseq2
11226,HP1502401_L15,17,alpha,alpha,smartseq2
11227,HP1504101T2D_P21,17,alpha,alpha,smartseq2
11228,HP1502401_L9,17,alpha,alpha,smartseq2
11229,HP1502401_J17,1,ductal,ductal,smartseq2
11230,HP1502401_M3,17,alpha,alpha,smartseq2
11231,HP1504101T2D_A12,17,alpha,alpha,smartseq2
11232,HP1502401_E10,16,beta,Unmatched_16,smartseq2
11233,HP1504101T2D_O9,17,alpha,alpha,smartseq2
11234,HP1504101T2D_F14,18,gamma,gamma,smartseq2
11235,HP1504101T2D_N1,17,alpha,alpha,smartseq2
11236,HP1504101T2D_H23,16,beta,Unmatched_16,smartseq2
11237,HP1502401_N10,1,ductal,ductal,smartseq2
11238,HP1502401_G5,16,beta,Unmatched_16,smartseq2
11239,HP1502401_H20,17,alpha,alpha,smartseq2
11240,HP1504101T2D_I23,17,alpha,alpha,smartseq2
11241,HP1502401_O20,17,alpha,alpha,smartseq2
11242,HP1504101T2D_D9,16,beta,Unmatched_16,smartseq2
11243,HP1504101T2D_B5,18,gamma,gamma,smartseq2
11244,HP1504101T2D_L5,17,alpha,alpha,smartseq2
11245,HP1502401_H24,17,alpha,alpha,smartseq2
11246,HP1502401_A6,23,beta,epsilon,smartseq2
11247,HP1504101T2D_O20,17,alpha,alpha,smartseq2
11248,HP1504101T2D_E15,16,beta,Unmatched_16,smartseq2
11249,HP1502401_O7,23,beta,epsilon,smartseq2
11250,HP1504101T2D_B7,17,alpha,alpha,smartseq2
11251,HP1502401_L4,17,alpha,alpha,smartseq2
11252,HP1502401_C5,3,delta,delta,smartseq2
11253,HP1504101T2D_L24,18,gamma,gamma,smartseq2
11254,HP1504101T2D_B12,18,gamma,gamma,smartseq2
11255,HP1504101T2D_N24,17,alpha,alpha,smartseq2
11256,HP1504101T2D_H2,17,alpha,alpha,smartseq2
11257,HP1502401_A2,3,delta,delta,smartseq2
11258,HP1502401_D2,13,acinar,Unmatched_13,smartseq2
11259,HP1504101T2D_N22,17,alpha,alpha,smartseq2
11260,HP1502401_O17,17,alpha,alpha,smartseq2
11261,HP1504101T2D_E22,17,alpha,alpha,smartseq2
11262,HP1504101T2D_E8,18,gamma,gamma,smartseq2
11263,HP1502401_M6,3,delta,delta,smartseq2
11264,HP1504101T2D_L1,18,gamma,gamma,smartseq2
11265,HP1504101T2D_C20,17,alpha,alpha,smartseq2
11266,HP1504101T2D_H17,23,alpha,epsilon,smartseq2
11267,HP1504101T2D_L4,17,alpha,alpha,smartseq2
11268,HP1504101T2D_P7,17,alpha,alpha,smartseq2
11269,HP1504101T2D_J14,3,delta,delta,smartseq2
11270,HP1504101T2D_O10,17,alpha,alpha,smartseq2
11271,HP1502401_H12,16,beta,Unmatched_16,smartseq2
11272,HP1504101T2D_E21,23,delta,epsilon,smartseq2
11273,HP1504101T2D_K20,17,alpha,alpha,smartseq2
11274,HP1504101T2D_I22,17,alpha,alpha,smartseq2
11275,HP1502401_F9,23,beta,epsilon,smartseq2
11276,HP1504101T2D_H4,17,alpha,alpha,smartseq2
11277,HP1502401_F16,23,beta,epsilon,smartseq2
11278,HP1502401_M20,16,beta,Unmatched_16,smartseq2
11279,HP1504101T2D_K17,17,alpha,alpha,smartseq2
11280,HP1504101T2D_L10,17,alpha,alpha,smartseq2
11281,HP1504101T2D_J3,18,gamma,gamma,smartseq2
11282,HP1502401_E23,13,acinar,Unmatched_13,smartseq2
11283,HP1502401_A24,3,delta,delta,smartseq2
11284,HP1502401_M11,17,alpha,alpha,smartseq2
11285,HP1504101T2D_I11,3,delta,delta,smartseq2
11286,HP1502401_I8,18,gamma,gamma,smartseq2
11287,HP1504101T2D_H21,17,alpha,alpha,smartseq2
11288,HP1502401_F23,17,alpha,alpha,smartseq2
11289,HP1504101T2D_O3,17,alpha,alpha,smartseq2
11290,HP1504101T2D_N2,17,alpha,alpha,smartseq2
11291,HP1504101T2D_J20,17,alpha,alpha,smartseq2
11292,HP1504101T2D_L3,17,alpha,alpha,smartseq2
11293,HP1504101T2D_P11,17,alpha,alpha,smartseq2
11294,HP1502401_E24,13,acinar,Unmatched_13,smartseq2
11295,HP1504101T2D_G21,18,gamma,gamma,smartseq2
11296,HP1504101T2D_F3,17,alpha,alpha,smartseq2
11297,HP1504101T2D_J1,17,alpha,alpha,smartseq2
11298,HP1502401_M21,17,alpha,alpha,smartseq2
11299,HP1504101T2D_F1,13,acinar,Unmatched_13,smartseq2
11300,HP1504101T2D_P4,23,delta,epsilon,smartseq2
11301,HP1502401_I12,0,endothelial,endothelial,smartseq2
11302,HP1504101T2D_P5,3,delta,delta,smartseq2
11303,HP1502401_K21,17,alpha,alpha,smartseq2
11304,HP1504101T2D_N8,17,alpha,alpha,smartseq2
11305,HP1502401_C20,3,delta,delta,smartseq2
11306,HP1504101T2D_G23,17,alpha,alpha,smartseq2
11307,HP1502401_H16,17,alpha,alpha,smartseq2
11308,HP1502401_J24,1,ductal,ductal,smartseq2
11309,HP1504101T2D_D15,18,gamma,gamma,smartseq2
11310,HP1504101T2D_D23,18,gamma,gamma,smartseq2
11311,HP1504101T2D_N6,17,alpha,alpha,smartseq2
11312,HP1502401_L20,17,alpha,alpha,smartseq2
11313,HP1502401_N20,9,alpha,Unmatched_9,smartseq2
11314,HP1502401_E11,17,alpha,alpha,smartseq2
11315,HP1504101T2D_H1,18,gamma,gamma,smartseq2
11316,HP1502401_K11,17,alpha,alpha,smartseq2
11317,HP1502401_M16,1,ductal,ductal,smartseq2
11318,HP1502401_E2,13,acinar,Unmatched_13,smartseq2
11319,HP1504101T2D_D12,17,gamma,alpha,smartseq2
11320,HP1504101T2D_H22,17,alpha,alpha,smartseq2
11321,HP1502401_B10,9,alpha,Unmatched_9,smartseq2
11322,HP1502401_F20,17,alpha,alpha,smartseq2
11323,HP1504101T2D_B13,17,alpha,alpha,smartseq2
11324,HP1504101T2D_F19,17,alpha,alpha,smartseq2
11325,HP1504101T2D_F13,18,gamma,gamma,smartseq2
11326,HP1502401_B16,17,alpha,alpha,smartseq2
11327,HP1502401_C1,13,acinar,Unmatched_13,smartseq2
11328,HP1502401_C21,23,beta,epsilon,smartseq2
11329,HP1504101T2D_J9,18,gamma,gamma,smartseq2
11330,HP1502401_I21,1,ductal,ductal,smartseq2
11331,HP1504101T2D_H24,18,gamma,gamma,smartseq2
11332,HP1502401_C7,16,beta,Unmatched_16,smartseq2
11333,HP1504101T2D_F24,23,alpha,epsilon,smartseq2
11334,HP1502401_H19,16,beta,Unmatched_16,smartseq2
11335,HP1502401_L1,17,alpha,alpha,smartseq2
11336,HP1502401_J2,13,acinar,Unmatched_13,smartseq2
11337,HP1504101T2D_E20,18,gamma,gamma,smartseq2
11338,HP1502401_I24,16,beta,Unmatched_16,smartseq2
11339,HP1504101T2D_P12,18,gamma,gamma,smartseq2
11340,HP1504101T2D_C16,23,epsilon,epsilon,smartseq2
11341,HP1502401_N21,16,beta,Unmatched_16,smartseq2
11342,HP1502401_A10,23,beta,epsilon,smartseq2
11343,HP1502401_M22,13,acinar,Unmatched_13,smartseq2
11344,HP1502401_A17,17,alpha,alpha,smartseq2
11345,HP1504101T2D_A8,17,alpha,alpha,smartseq2
11346,HP1502401_J12,23,beta,epsilon,smartseq2
11347,HP1504101T2D_H15,17,alpha,alpha,smartseq2
11348,HP1504101T2D_J22,18,gamma,gamma,smartseq2
11349,HP1502401_F21,16,beta,Unmatched_16,smartseq2
11350,HP1502401_H1,17,alpha,alpha,smartseq2
11351,HP1504101T2D_O11,18,gamma,gamma,smartseq2
11352,HP1504101T2D_M23,17,alpha,alpha,smartseq2
11353,HP1504101T2D_J5,17,gamma,alpha,smartseq2
11354,HP1502401_I23,17,alpha,alpha,smartseq2
11355,HP1504101T2D_G8,18,gamma,gamma,smartseq2
11356,HP1504101T2D_K14,3,delta,delta,smartseq2
11357,HP1502401_O3,17,alpha,alpha,smartseq2
11358,HP1502401_F10,17,alpha,alpha,smartseq2
11359,HP1502401_H18,7,activated_stellate,activated_stellate,smartseq2
11360,HP1502401_E3,3,delta,delta,smartseq2
11361,HP1504101T2D_J24,17,alpha,alpha,smartseq2
11362,HP1504101T2D_D5,17,alpha,alpha,smartseq2
11363,HP1504101T2D_D11,18,gamma,gamma,smartseq2
11364,HP1504101T2D_O23,18,gamma,gamma,smartseq2
11365,HP1502401_N3,17,alpha,alpha,smartseq2
11366,HP1504101T2D_L18,17,alpha,alpha,smartseq2
11367,HP1504101T2D_F20,18,gamma,gamma,smartseq2
11368,HP1502401_N16,1,ductal,ductal,smartseq2
11369,HP1504101T2D_K18,17,alpha,alpha,smartseq2
11370,HP1504101T2D_P18,17,alpha,alpha,smartseq2
11371,HP1502401_E9,3,delta,delta,smartseq2
11372,HP1504101T2D_M3,18,gamma,gamma,smartseq2
11373,HP1504101T2D_L19,17,alpha,alpha,smartseq2
11374,HP1504101T2D_N5,17,alpha,alpha,smartseq2
11375,HP1502401_N19,17,alpha,alpha,smartseq2
11376,HP1502401_B8,3,delta,delta,smartseq2
11377,HP1502401_E20,13,acinar,Unmatched_13,smartseq2
11378,HP1504101T2D_A23,17,alpha,alpha,smartseq2
11379,HP1504101T2D_D6,17,alpha,alpha,smartseq2
11380,HP1502401_K20,17,alpha,alpha,smartseq2
11381,HP1504101T2D_N16,18,gamma,gamma,smartseq2
11382,HP1502401_B23,16,beta,Unmatched_16,smartseq2
11383,HP1504101T2D_O24,1,ductal,ductal,smartseq2
11384,HP1504101T2D_A18,18,gamma,gamma,smartseq2
11385,HP1504101T2D_F16,18,gamma,gamma,smartseq2
11386,AZ_A2,18,gamma,gamma,smartseq2
11387,AZ_B9,17,alpha,alpha,smartseq2
11388,AZ_A6,17,alpha,alpha,smartseq2
11389,AZ_C11,3,delta,delta,smartseq2
11390,AZ_B10,3,delta,delta,smartseq2
11391,AZ_C10,23,beta,epsilon,smartseq2
11392,AZ_B8,13,acinar,Unmatched_13,smartseq2
11393,AZ_B1,3,delta,delta,smartseq2
11394,AZ_A12,3,delta,delta,smartseq2
11395,AZ_C1,17,alpha,alpha,smartseq2
11396,AZ_A8,23,beta,epsilon,smartseq2
11397,AZ_A11,17,alpha,alpha,smartseq2
11398,AZ_C2,17,alpha,alpha,smartseq2
11399,AZ_B11,23,alpha,epsilon,smartseq2
11400,AZ_B12,17,alpha,alpha,smartseq2
11401,AZ_B2,17,alpha,alpha,smartseq2
11402,AZ_B3,17,alpha,alpha,smartseq2
11403,AZ_A7,13,acinar,Unmatched_13,smartseq2
11404,AZ_A10,3,delta,delta,smartseq2
11405,AZ_C3,1,ductal,ductal,smartseq2
11406,AZ_B5,17,alpha,alpha,smartseq2
11407,AZ_E12,17,alpha,alpha,smartseq2
11408,AZ_D3,17,alpha,alpha,smartseq2
11409,AZ_E4,17,alpha,alpha,smartseq2
11410,AZ_G6,23,delta,epsilon,smartseq2
11411,AZ_H5,18,gamma,gamma,smartseq2
11412,AZ_G4,23,alpha,epsilon,smartseq2
11413,AZ_D6,22,beta,Unmatched_22,smartseq2
11414,AZ_G3,17,alpha,alpha,smartseq2
11415,AZ_H11,23,beta,epsilon,smartseq2
11416,AZ_D9,17,alpha,alpha,smartseq2
11417,AZ_D5,3,delta,delta,smartseq2
11418,AZ_G5,18,gamma,gamma,smartseq2
11419,AZ_E2,17,alpha,alpha,smartseq2
11420,AZ_H10,13,acinar,Unmatched_13,smartseq2
11421,AZ_F6,13,acinar,Unmatched_13,smartseq2
11422,AZ_F5,7,activated_stellate,activated_stellate,smartseq2
11423,AZ_D8,18,gamma,gamma,smartseq2
11424,AZ_E3,4,macrophage,macrophage,smartseq2
11425,AZ_E7,16,beta,Unmatched_16,smartseq2
11426,AZ_G2,23,beta,epsilon,smartseq2
11427,AZ_H6,23,beta,epsilon,smartseq2
11428,AZ_F9,1,ductal,ductal,smartseq2
11429,AZ_C8,17,alpha,alpha,smartseq2
11430,AZ_E5,17,alpha,alpha,smartseq2
11431,AZ_D12,18,gamma,gamma,smartseq2
11432,AZ_F4,17,alpha,alpha,smartseq2
11433,AZ_F7,23,beta,epsilon,smartseq2
11434,AZ_C4,23,beta,epsilon,smartseq2
11435,AZ_C5,17,alpha,alpha,smartseq2
11436,AZ_D7,17,alpha,alpha,smartseq2
11437,AZ_D4,17,alpha,alpha,smartseq2
11438,AZ_F2,23,beta,epsilon,smartseq2
11439,AZ_E8,17,alpha,alpha,smartseq2
11440,AZ_F1,22,beta,Unmatched_22,smartseq2
11441,AZ_F8,17,alpha,alpha,smartseq2
11442,AZ_C9,1,ductal,ductal,smartseq2
11443,AZ_G1,17,alpha,alpha,smartseq2
11444,AZ_E9,17,alpha,alpha,smartseq2
11445,AZ_H9,17,alpha,alpha,smartseq2
11446,AZ_D2,19,beta,Unmatched_19,smartseq2
11447,HP1508501T2D_E2,17,alpha,alpha,smartseq2
11448,HP1508501T2D_M1,6,mast,t_cell,smartseq2
11449,HP1508501T2D_K2,1,ductal,ductal,smartseq2
11450,HP1508501T2D_E1,23,alpha,epsilon,smartseq2
11451,HP1508501T2D_A3,17,alpha,alpha,smartseq2
11452,HP1508501T2D_I2,17,alpha,alpha,smartseq2
11453,HP1508501T2D_O1,17,alpha,alpha,smartseq2
11454,HP1508501T2D_G2,1,ductal,ductal,smartseq2
11455,HP1508501T2D_I1,1,ductal,ductal,smartseq2
11456,HP1508501T2D_C2,1,ductal,ductal,smartseq2
11457,HP1508501T2D_K1,17,alpha,alpha,smartseq2
11458,HP1508501T2D_G3,1,ductal,ductal,smartseq2
11459,HP1508501T2D_G1,1,ductal,ductal,smartseq2
11460,HP1508501T2D_C20,17,alpha,alpha,smartseq2
11461,HP1508501T2D_M9,17,alpha,alpha,smartseq2
11462,HP1508501T2D_L13,17,alpha,alpha,smartseq2
11463,HP1508501T2D_K13,1,ductal,ductal,smartseq2
11464,HP1508501T2D_O4,16,beta,Unmatched_16,smartseq2
11465,HP1508501T2D_N1,1,ductal,ductal,smartseq2
11466,HP1508501T2D_P7,17,alpha,alpha,smartseq2
11467,HP1508501T2D_B15,17,alpha,alpha,smartseq2
11468,HP1508501T2D_D2,17,alpha,alpha,smartseq2
11469,HP1508501T2D_D20,17,alpha,alpha,smartseq2
11470,HP1508501T2D_H11,3,delta,delta,smartseq2
11471,HP1508501T2D_E24,17,alpha,alpha,smartseq2
11472,HP1508501T2D_B18,1,ductal,ductal,smartseq2
11473,HP1508501T2D_G15,17,alpha,alpha,smartseq2
11474,HP1508501T2D_M20,17,alpha,alpha,smartseq2
11475,HP1508501T2D_C6,1,ductal,ductal,smartseq2
11476,HP1508501T2D_B23,17,alpha,alpha,smartseq2
11477,HP1508501T2D_A8,7,activated_stellate,activated_stellate,smartseq2
11478,HP1508501T2D_J21,17,alpha,alpha,smartseq2
11479,HP1508501T2D_A13,17,alpha,alpha,smartseq2
11480,HP1508501T2D_O3,1,ductal,ductal,smartseq2
11481,HP1508501T2D_F3,16,beta,Unmatched_16,smartseq2
11482,HP1508501T2D_M17,1,ductal,ductal,smartseq2
11483,HP1508501T2D_I15,17,alpha,alpha,smartseq2
11484,HP1508501T2D_E6,17,alpha,alpha,smartseq2
11485,HP1508501T2D_E14,17,alpha,alpha,smartseq2
11486,HP1508501T2D_M19,17,alpha,alpha,smartseq2
11487,HP1508501T2D_D17,17,alpha,alpha,smartseq2
11488,HP1508501T2D_L18,17,alpha,alpha,smartseq2
11489,HP1508501T2D_A23,13,acinar,Unmatched_13,smartseq2
11490,HP1508501T2D_M3,1,ductal,ductal,smartseq2
11491,HP1508501T2D_L20,1,ductal,ductal,smartseq2
11492,HP1508501T2D_L8,1,ductal,ductal,smartseq2
11493,HP1508501T2D_F17,17,alpha,alpha,smartseq2
11494,HP1508501T2D_A10,23,beta,epsilon,smartseq2
11495,HP1508501T2D_H24,17,alpha,alpha,smartseq2
11496,HP1508501T2D_P14,23,ductal,epsilon,smartseq2
11497,HP1508501T2D_I24,13,acinar,Unmatched_13,smartseq2
11498,HP1508501T2D_H22,17,alpha,alpha,smartseq2
11499,HP1508501T2D_I20,17,alpha,alpha,smartseq2
11500,HP1508501T2D_F4,1,ductal,ductal,smartseq2
11501,HP1508501T2D_F12,1,ductal,ductal,smartseq2
11502,HP1508501T2D_N9,1,ductal,ductal,smartseq2
11503,HP1508501T2D_H5,7,activated_stellate,activated_stellate,smartseq2
11504,HP1508501T2D_A19,18,gamma,gamma,smartseq2
11505,HP1508501T2D_B9,17,alpha,alpha,smartseq2
11506,HP1508501T2D_H2,16,beta,Unmatched_16,smartseq2
11507,HP1508501T2D_J23,13,acinar,Unmatched_13,smartseq2
11508,HP1508501T2D_B17,1,ductal,ductal,smartseq2
11509,HP1508501T2D_A6,23,alpha,epsilon,smartseq2
11510,HP1508501T2D_D5,17,alpha,alpha,smartseq2
11511,HP1508501T2D_I3,7,activated_stellate,activated_stellate,smartseq2
11512,HP1508501T2D_I8,16,beta,Unmatched_16,smartseq2
11513,HP1508501T2D_L6,17,alpha,alpha,smartseq2
11514,HP1508501T2D_B5,17,alpha,alpha,smartseq2
11515,HP1508501T2D_C14,16,beta,Unmatched_16,smartseq2
11516,HP1508501T2D_J11,1,ductal,ductal,smartseq2
11517,HP1508501T2D_F16,17,alpha,alpha,smartseq2
11518,HP1508501T2D_L7,17,alpha,alpha,smartseq2
11519,HP1508501T2D_L14,17,alpha,alpha,smartseq2
11520,HP1508501T2D_N7,1,ductal,ductal,smartseq2
11521,HP1508501T2D_M15,1,ductal,ductal,smartseq2
11522,HP1508501T2D_K22,1,ductal,ductal,smartseq2
11523,HP1508501T2D_H17,1,ductal,ductal,smartseq2
11524,HP1508501T2D_G10,17,alpha,alpha,smartseq2
11525,HP1508501T2D_M22,1,ductal,ductal,smartseq2
11526,HP1508501T2D_N13,13,acinar,Unmatched_13,smartseq2
11527,HP1508501T2D_F14,4,macrophage,macrophage,smartseq2
11528,HP1508501T2D_D6,17,alpha,alpha,smartseq2
11529,HP1508501T2D_E12,17,alpha,alpha,smartseq2
11530,HP1508501T2D_C7,17,alpha,alpha,smartseq2
11531,HP1508501T2D_P3,17,alpha,alpha,smartseq2
11532,HP1508501T2D_H20,1,ductal,ductal,smartseq2
11533,HP1508501T2D_H4,17,alpha,alpha,smartseq2
11534,HP1508501T2D_E18,17,alpha,alpha,smartseq2
11535,HP1508501T2D_G11,17,alpha,alpha,smartseq2
11536,HP1508501T2D_P11,17,alpha,alpha,smartseq2
11537,HP1508501T2D_L16,17,alpha,alpha,smartseq2
11538,HP1508501T2D_P9,17,alpha,alpha,smartseq2
11539,HP1508501T2D_F8,1,ductal,ductal,smartseq2
11540,HP1508501T2D_O14,17,alpha,alpha,smartseq2
11541,HP1508501T2D_D1,17,alpha,alpha,smartseq2
11542,HP1508501T2D_L10,7,activated_stellate,activated_stellate,smartseq2
11543,HP1508501T2D_N24,13,acinar,Unmatched_13,smartseq2
11544,HP1508501T2D_O7,13,acinar,Unmatched_13,smartseq2
11545,HP1508501T2D_C9,4,macrophage,macrophage,smartseq2
11546,HP1508501T2D_K21,17,alpha,alpha,smartseq2
11547,HP1508501T2D_H6,17,alpha,alpha,smartseq2
11548,HP1508501T2D_E15,1,ductal,ductal,smartseq2
11549,HP1508501T2D_J9,17,alpha,alpha,smartseq2
11550,HP1508501T2D_N19,1,ductal,ductal,smartseq2
11551,HP1508501T2D_B11,17,alpha,alpha,smartseq2
11552,HP1508501T2D_B19,1,ductal,ductal,smartseq2
11553,HP1508501T2D_E10,17,alpha,alpha,smartseq2
11554,HP1508501T2D_I18,3,delta,delta,smartseq2
11555,HP1508501T2D_M11,13,acinar,Unmatched_13,smartseq2
11556,HP1508501T2D_B21,23,beta,epsilon,smartseq2
11557,HP1508501T2D_N17,1,ductal,ductal,smartseq2
11558,HP1508501T2D_G12,13,acinar,Unmatched_13,smartseq2
11559,HP1508501T2D_C13,17,alpha,alpha,smartseq2
11560,HP1508501T2D_E22,17,alpha,alpha,smartseq2
11561,HP1508501T2D_A24,17,alpha,alpha,smartseq2
11562,HP1508501T2D_K16,18,gamma,gamma,smartseq2
11563,HP1508501T2D_P5,23,alpha,epsilon,smartseq2
11564,HP1508501T2D_N20,17,alpha,alpha,smartseq2
11565,HP1508501T2D_M4,17,alpha,alpha,smartseq2
11566,HP1508501T2D_N2,1,ductal,ductal,smartseq2
11567,HP1508501T2D_K18,0,endothelial,endothelial,smartseq2
11568,HP1508501T2D_B8,17,alpha,alpha,smartseq2
11569,HP1508501T2D_N22,1,ductal,ductal,smartseq2
11570,HP1508501T2D_I16,17,alpha,alpha,smartseq2
11571,HP1508501T2D_C24,1,ductal,ductal,smartseq2
11572,HP1508501T2D_H13,1,ductal,ductal,smartseq2
11573,HP1508501T2D_M7,13,acinar,Unmatched_13,smartseq2
11574,HP1508501T2D_A16,17,alpha,alpha,smartseq2
11575,HP1508501T2D_L21,1,ductal,ductal,smartseq2
11576,HP1508501T2D_G19,13,acinar,Unmatched_13,smartseq2
11577,HP1508501T2D_F1,16,beta,Unmatched_16,smartseq2
11578,HP1508501T2D_E7,1,ductal,ductal,smartseq2
11579,HP1508501T2D_I11,1,ductal,ductal,smartseq2
11580,HP1508501T2D_K7,1,ductal,ductal,smartseq2
11581,HP1508501T2D_O9,1,ductal,ductal,smartseq2
11582,HP1508501T2D_H12,6,mast,t_cell,smartseq2
11583,HP1508501T2D_K4,17,alpha,alpha,smartseq2
11584,HP1508501T2D_I17,1,ductal,ductal,smartseq2
11585,HP1508501T2D_O13,13,acinar,Unmatched_13,smartseq2
11586,HP1508501T2D_H18,18,gamma,gamma,smartseq2
11587,HP1508501T2D_M16,2,quiescent_stellate,quiescent_stellate,smartseq2
11588,HP1508501T2D_H3,17,alpha,alpha,smartseq2
11589,HP1508501T2D_C10,17,alpha,alpha,smartseq2
11590,HP1508501T2D_L11,1,ductal,ductal,smartseq2
11591,HP1508501T2D_B20,16,beta,Unmatched_16,smartseq2
11592,HP1508501T2D_B4,17,alpha,alpha,smartseq2
11593,HP1508501T2D_J17,18,gamma,gamma,smartseq2
11594,HP1508501T2D_C23,17,alpha,alpha,smartseq2
11595,HP1508501T2D_K17,17,alpha,alpha,smartseq2
11596,HP1508501T2D_G14,1,ductal,ductal,smartseq2
11597,HP1508501T2D_D3,17,alpha,alpha,smartseq2
11598,HP1508501T2D_K20,16,beta,Unmatched_16,smartseq2
11599,HP1508501T2D_D16,17,alpha,alpha,smartseq2
11600,HP1508501T2D_G24,17,alpha,alpha,smartseq2
11601,HP1508501T2D_B10,18,gamma,gamma,smartseq2
11602,HP1508501T2D_J13,1,ductal,ductal,smartseq2
11603,HP1508501T2D_P8,17,alpha,alpha,smartseq2
11604,HP1508501T2D_N18,18,gamma,gamma,smartseq2
11605,HP1508501T2D_G5,16,beta,Unmatched_16,smartseq2
11606,HP1508501T2D_M18,13,acinar,Unmatched_13,smartseq2
11607,HP1508501T2D_A7,1,ductal,ductal,smartseq2
11608,HP1508501T2D_I22,17,alpha,alpha,smartseq2
11609,HP1508501T2D_O10,17,alpha,alpha,smartseq2
11610,HP1508501T2D_G20,17,alpha,alpha,smartseq2
11611,HP1508501T2D_K12,17,alpha,alpha,smartseq2
11612,HP1508501T2D_J20,17,alpha,alpha,smartseq2
11613,HP1508501T2D_K6,13,acinar,Unmatched_13,smartseq2
11614,HP1508501T2D_P12,1,ductal,ductal,smartseq2
11615,HP1508501T2D_J4,17,alpha,alpha,smartseq2
11616,HP1508501T2D_M14,16,beta,Unmatched_16,smartseq2
11617,HP1508501T2D_F21,13,acinar,Unmatched_13,smartseq2
11618,HP1508501T2D_C19,1,ductal,ductal,smartseq2
11619,HP1508501T2D_E8,17,alpha,alpha,smartseq2
11620,HP1508501T2D_I23,3,delta,delta,smartseq2
11621,HP1508501T2D_M8,17,alpha,alpha,smartseq2
11622,HP1508501T2D_E17,1,ductal,ductal,smartseq2
11623,HP1508501T2D_B22,17,alpha,alpha,smartseq2
11624,HP1508501T2D_F7,16,beta,Unmatched_16,smartseq2
11625,HP1508501T2D_E19,17,alpha,alpha,smartseq2
11626,HP1508501T2D_H16,13,acinar,Unmatched_13,smartseq2
11627,HP1508501T2D_J12,17,alpha,alpha,smartseq2
11628,HP1508501T2D_H9,1,ductal,ductal,smartseq2
11629,HP1508501T2D_F9,17,alpha,alpha,smartseq2
11630,HP1508501T2D_G17,13,acinar,Unmatched_13,smartseq2
11631,HP1508501T2D_F15,1,ductal,ductal,smartseq2
11632,HP1508501T2D_C21,1,ductal,ductal,smartseq2
11633,HP1508501T2D_C15,1,ductal,ductal,smartseq2
11634,HP1508501T2D_N4,17,alpha,alpha,smartseq2
11635,HP1508501T2D_I10,13,acinar,Unmatched_13,smartseq2
11636,HP1508501T2D_I14,17,alpha,alpha,smartseq2
11637,HP1508501T2D_N15,1,ductal,ductal,smartseq2
11638,HP1508501T2D_L23,1,ductal,ductal,smartseq2
11639,HP1508501T2D_J3,17,alpha,alpha,smartseq2
11640,HP1508501T2D_B24,1,ductal,ductal,smartseq2
11641,HP1508501T2D_E4,13,acinar,Unmatched_13,smartseq2
11642,HP1508501T2D_G21,17,alpha,alpha,smartseq2
11643,HP1508501T2D_H23,17,alpha,alpha,smartseq2
11644,HP1508501T2D_L2,13,acinar,Unmatched_13,smartseq2
11645,HP1508501T2D_D9,13,acinar,Unmatched_13,smartseq2
11646,HP1508501T2D_D21,17,alpha,alpha,smartseq2
11647,HP1508501T2D_L15,7,activated_stellate,activated_stellate,smartseq2
11648,HP1508501T2D_G18,13,acinar,Unmatched_13,smartseq2
11649,HP1508501T2D_E23,17,alpha,alpha,smartseq2
11650,HP1508501T2D_D14,17,alpha,alpha,smartseq2
11651,HP1508501T2D_O8,1,ductal,ductal,smartseq2
11652,HP1508501T2D_D24,1,ductal,ductal,smartseq2
11653,HP1508501T2D_C12,7,activated_stellate,activated_stellate,smartseq2
11654,HP1508501T2D_K15,1,ductal,ductal,smartseq2
11655,HP1508501T2D_J22,1,ductal,ductal,smartseq2
11656,HP1508501T2D_F18,17,alpha,alpha,smartseq2
11657,HP1508501T2D_N23,1,ductal,ductal,smartseq2
11658,HP1508501T2D_A17,1,ductal,ductal,smartseq2
11659,HP1508501T2D_L24,1,ductal,ductal,smartseq2
11660,HP1508501T2D_C11,1,ductal,ductal,smartseq2
11661,HP1508501T2D_P2,13,acinar,Unmatched_13,smartseq2
11662,HP1508501T2D_C8,3,delta,delta,smartseq2
11663,HP1508501T2D_D13,17,alpha,alpha,smartseq2
11664,HP1508501T2D_D12,23,beta,epsilon,smartseq2
11665,HP1508501T2D_A4,17,alpha,alpha,smartseq2
11666,HP1508501T2D_L17,23,alpha,epsilon,smartseq2
11667,HP1508501T2D_D15,3,delta,delta,smartseq2
11668,HP1508501T2D_B14,13,acinar,Unmatched_13,smartseq2
11669,HP1508501T2D_F11,18,gamma,gamma,smartseq2
11670,HP1508501T2D_C16,3,delta,delta,smartseq2
11671,HP1508501T2D_C18,1,ductal,ductal,smartseq2
11672,HP1508501T2D_O12,1,ductal,ductal,smartseq2
11673,HP1508501T2D_J14,1,ductal,ductal,smartseq2
11674,HP1508501T2D_G6,17,alpha,alpha,smartseq2
11675,HP1508501T2D_L5,1,ductal,ductal,smartseq2
11676,HP1508501T2D_M23,1,ductal,ductal,smartseq2
11677,HP1508501T2D_J5,17,alpha,alpha,smartseq2
11678,HP1508501T2D_N10,1,ductal,ductal,smartseq2
11679,HP1508501T2D_K23,1,ductal,ductal,smartseq2
11680,HP1508501T2D_P1,16,beta,Unmatched_16,smartseq2
11681,HP1508501T2D_N11,17,alpha,alpha,smartseq2
11682,HP1508501T2D_F23,17,alpha,alpha,smartseq2
11683,HP1508501T2D_K24,17,alpha,alpha,smartseq2
11684,HP1508501T2D_D11,17,alpha,alpha,smartseq2
11685,HP1508501T2D_M12,17,alpha,alpha,smartseq2
11686,HP1508501T2D_I4,1,ductal,ductal,smartseq2
11687,HP1508501T2D_K19,17,alpha,alpha,smartseq2
11688,HP1508501T2D_N6,1,ductal,ductal,smartseq2
11689,HP1508501T2D_I19,7,activated_stellate,activated_stellate,smartseq2
11690,HP1508501T2D_J6,16,beta,Unmatched_16,smartseq2
11691,HP1508501T2D_B12,17,alpha,alpha,smartseq2
11692,HP1508501T2D_B13,23,alpha,epsilon,smartseq2
11693,HP1508501T2D_K14,17,alpha,alpha,smartseq2
11694,HP1508501T2D_J16,1,ductal,ductal,smartseq2
11695,HP1508501T2D_H10,17,alpha,alpha,smartseq2
11696,HP1508501T2D_M5,17,alpha,alpha,smartseq2
11697,HP1508501T2D_H21,17,alpha,alpha,smartseq2
11698,HP1508501T2D_D18,13,acinar,Unmatched_13,smartseq2
11699,HP1508501T2D_G13,1,ductal,ductal,smartseq2
11700,HP1508501T2D_N21,13,acinar,Unmatched_13,smartseq2
11701,HP1508501T2D_F2,17,alpha,alpha,smartseq2
11702,HP1508501T2D_E20,7,activated_stellate,activated_stellate,smartseq2
11703,HP1508501T2D_J2,7,activated_stellate,activated_stellate,smartseq2
11704,HP1508501T2D_J8,17,alpha,alpha,smartseq2
11705,HP1508501T2D_P6,17,alpha,alpha,smartseq2
11706,HP1508501T2D_C4,16,beta,Unmatched_16,smartseq2
11707,HP1508501T2D_O6,17,alpha,alpha,smartseq2
11708,HP1508501T2D_H15,17,alpha,alpha,smartseq2
11709,HP1508501T2D_G23,13,acinar,Unmatched_13,smartseq2
11710,HP1508501T2D_A14,17,alpha,alpha,smartseq2
11711,HP1508501T2D_I7,13,acinar,Unmatched_13,smartseq2
11712,HP1508501T2D_A12,17,alpha,alpha,smartseq2
11713,HP1508501T2D_O11,13,acinar,Unmatched_13,smartseq2
11714,HP1508501T2D_B3,17,alpha,alpha,smartseq2
11715,HP1508501T2D_A15,17,alpha,alpha,smartseq2
11716,HP1508501T2D_I12,1,ductal,ductal,smartseq2
11717,HP1508501T2D_J1,17,alpha,alpha,smartseq2
11718,HP1508501T2D_M10,7,activated_stellate,activated_stellate,smartseq2
11719,HP1508501T2D_A11,13,acinar,Unmatched_13,smartseq2
11720,HP1508501T2D_K9,17,alpha,alpha,smartseq2
11721,HP1508501T2D_E21,17,alpha,alpha,smartseq2
11722,HP1508501T2D_J24,16,beta,Unmatched_16,smartseq2
11723,HP1508501T2D_J18,3,delta,delta,smartseq2
11724,HP1508501T2D_E11,1,ductal,ductal,smartseq2
11725,HP1508501T2D_F20,17,alpha,alpha,smartseq2
11726,HP1508501T2D_G4,17,alpha,alpha,smartseq2
11727,HP1508501T2D_I13,1,ductal,ductal,smartseq2
11728,HP1508501T2D_D8,17,alpha,alpha,smartseq2
11729,HP1508501T2D_L9,1,ductal,ductal,smartseq2
11730,HP1508501T2D_E9,1,ductal,ductal,smartseq2
11731,HP1508501T2D_C17,22,beta,Unmatched_22,smartseq2
11732,HP1508501T2D_D22,1,ductal,ductal,smartseq2
11733,HP1508501T2D_E16,1,ductal,ductal,smartseq2
11734,HP1508501T2D_D10,17,alpha,alpha,smartseq2
11735,HP1508501T2D_B16,16,beta,Unmatched_16,smartseq2
11736,HP1508501T2D_G22,18,gamma,gamma,smartseq2
11737,HP1508501T2D_E13,17,alpha,alpha,smartseq2
11738,HP1508501T2D_I21,1,ductal,ductal,smartseq2
11739,HP1508501T2D_M21,7,activated_stellate,activated_stellate,smartseq2
11740,HP1508501T2D_K3,1,ductal,ductal,smartseq2
11741,HP1508501T2D_N8,1,ductal,ductal,smartseq2
11742,HP1508501T2D_J15,1,ductal,ductal,smartseq2
11743,HP1506401_I2,18,gamma,gamma,smartseq2
11744,HP1506401_G3,17,alpha,alpha,smartseq2
11745,HP1506401_K1,16,beta,Unmatched_16,smartseq2
11746,HP1506401_I1,18,gamma,gamma,smartseq2
11747,HP1506401_G2,1,ductal,ductal,smartseq2
11748,HP1506401_K2,13,acinar,Unmatched_13,smartseq2
11749,HP1506401_M1,13,acinar,Unmatched_13,smartseq2
11750,HP1506401_E3,18,gamma,gamma,smartseq2
11751,HP1506401_G1,17,alpha,alpha,smartseq2
11752,HP1506401_O2,1,ductal,ductal,smartseq2
11753,HP1506401_D14,13,acinar,Unmatched_13,smartseq2
11754,HP1506401_A9,13,acinar,Unmatched_13,smartseq2
11755,HP1506401_B22,18,gamma,gamma,smartseq2
11756,HP1506401_N10,1,ductal,ductal,smartseq2
11757,HP1506401_D15,1,ductal,ductal,smartseq2
11758,HP1506401_N7,18,gamma,gamma,smartseq2
11759,HP1506401_D21,1,ductal,ductal,smartseq2
11760,HP1506401_J9,13,acinar,Unmatched_13,smartseq2
11761,HP1506401_F7,1,ductal,ductal,smartseq2
11762,HP1506401_K12,17,alpha,alpha,smartseq2
11763,HP1506401_N1,13,acinar,Unmatched_13,smartseq2
11764,HP1506401_G14,13,acinar,Unmatched_13,smartseq2
11765,HP1506401_O16,13,acinar,Unmatched_13,smartseq2
11766,HP1506401_D3,13,acinar,Unmatched_13,smartseq2
11767,HP1506401_E23,13,acinar,Unmatched_13,smartseq2
11768,HP1506401_G21,1,ductal,ductal,smartseq2
11769,HP1506401_B17,1,ductal,ductal,smartseq2
11770,HP1506401_N9,13,acinar,Unmatched_13,smartseq2
11771,HP1506401_J5,1,ductal,ductal,smartseq2
11772,HP1506401_C9,16,beta,Unmatched_16,smartseq2
11773,HP1506401_J19,16,beta,Unmatched_16,smartseq2
11774,HP1506401_L19,13,acinar,Unmatched_13,smartseq2
11775,HP1506401_M16,1,ductal,ductal,smartseq2
11776,HP1506401_H15,13,acinar,Unmatched_13,smartseq2
11777,HP1506401_A18,1,ductal,ductal,smartseq2
11778,HP1506401_C12,1,ductal,ductal,smartseq2
11779,HP1506401_H16,13,acinar,Unmatched_13,smartseq2
11780,HP1506401_C24,13,acinar,Unmatched_13,smartseq2
11781,HP1506401_E6,1,ductal,ductal,smartseq2
11782,HP1506401_N21,13,acinar,Unmatched_13,smartseq2
11783,HP1506401_I14,18,gamma,gamma,smartseq2
11784,HP1506401_J2,13,acinar,Unmatched_13,smartseq2
11785,HP1506401_F13,17,alpha,alpha,smartseq2
11786,HP1506401_B1,13,acinar,Unmatched_13,smartseq2
11787,HP1506401_A13,1,ductal,ductal,smartseq2
11788,HP1506401_H4,1,ductal,ductal,smartseq2
11789,HP1506401_I15,13,acinar,Unmatched_13,smartseq2
11790,HP1506401_O4,1,ductal,ductal,smartseq2
11791,HP1506401_M3,13,acinar,Unmatched_13,smartseq2
11792,HP1506401_L7,23,alpha,epsilon,smartseq2
11793,HP1506401_J18,23,alpha,epsilon,smartseq2
11794,HP1506401_D24,13,acinar,Unmatched_13,smartseq2
11795,HP1506401_L21,1,ductal,ductal,smartseq2
11796,HP1506401_J24,13,acinar,Unmatched_13,smartseq2
11797,HP1506401_G8,18,gamma,gamma,smartseq2
11798,HP1506401_F12,16,beta,Unmatched_16,smartseq2
11799,HP1506401_J6,13,acinar,Unmatched_13,smartseq2
11800,HP1506401_H12,18,gamma,gamma,smartseq2
11801,HP1506401_N5,13,acinar,Unmatched_13,smartseq2
11802,HP1506401_I24,1,ductal,ductal,smartseq2
11803,HP1506401_E20,13,acinar,Unmatched_13,smartseq2
11804,HP1506401_F24,16,beta,Unmatched_16,smartseq2
11805,HP1506401_F8,16,beta,Unmatched_16,smartseq2
11806,HP1506401_F16,13,acinar,Unmatched_13,smartseq2
11807,HP1506401_F21,1,ductal,ductal,smartseq2
11808,HP1506401_M18,13,acinar,Unmatched_13,smartseq2
11809,HP1506401_I13,13,acinar,Unmatched_13,smartseq2
11810,HP1506401_J8,1,ductal,ductal,smartseq2
11811,HP1506401_K17,1,ductal,ductal,smartseq2
11812,HP1506401_O24,13,alpha,Unmatched_13,smartseq2
11813,HP1506401_L18,13,acinar,Unmatched_13,smartseq2
11814,HP1506401_H18,13,acinar,Unmatched_13,smartseq2
11815,HP1506401_F2,13,acinar,Unmatched_13,smartseq2
11816,HP1506401_A5,17,alpha,alpha,smartseq2
11817,HP1506401_N20,16,beta,Unmatched_16,smartseq2
11818,HP1506401_M4,13,acinar,Unmatched_13,smartseq2
11819,HP1506401_J3,13,acinar,Unmatched_13,smartseq2
11820,HP1506401_N16,1,ductal,ductal,smartseq2
11821,HP1506401_M5,16,beta,Unmatched_16,smartseq2
11822,HP1506401_L22,13,acinar,Unmatched_13,smartseq2
11823,HP1506401_D8,1,ductal,ductal,smartseq2
11824,HP1506401_H7,1,ductal,ductal,smartseq2
11825,HP1506401_M21,1,ductal,ductal,smartseq2
11826,HP1506401_E15,17,alpha,alpha,smartseq2
11827,HP1506401_P11,1,ductal,ductal,smartseq2
11828,HP1506401_L10,1,ductal,ductal,smartseq2
11829,HP1506401_N24,13,acinar,Unmatched_13,smartseq2
11830,HP1506401_P5,1,ductal,ductal,smartseq2
11831,HP1506401_E12,18,gamma,gamma,smartseq2
11832,HP1506401_B4,18,gamma,gamma,smartseq2
11833,HP1506401_D10,1,ductal,ductal,smartseq2
11834,HP1506401_L20,1,ductal,ductal,smartseq2
11835,HP1506401_P20,16,beta,Unmatched_16,smartseq2
11836,HP1506401_C17,1,ductal,ductal,smartseq2
11837,HP1506401_M19,13,acinar,Unmatched_13,smartseq2
11838,HP1506401_J7,1,ductal,ductal,smartseq2
11839,HP1506401_J23,13,acinar,Unmatched_13,smartseq2
11840,HP1506401_D2,1,ductal,ductal,smartseq2
11841,HP1506401_D23,13,acinar,Unmatched_13,smartseq2
11842,HP1506401_G18,1,ductal,ductal,smartseq2
11843,HP1506401_J17,16,beta,Unmatched_16,smartseq2
11844,HP1506401_B5,13,acinar,Unmatched_13,smartseq2
11845,HP1506401_K6,13,acinar,Unmatched_13,smartseq2
11846,HP1506401_E17,1,ductal,ductal,smartseq2
11847,HP1506401_N4,17,alpha,alpha,smartseq2
11848,HP1506401_G19,1,ductal,ductal,smartseq2
11849,HP1506401_O21,13,acinar,Unmatched_13,smartseq2
11850,HP1506401_H14,17,alpha,alpha,smartseq2
11851,HP1506401_L9,13,acinar,Unmatched_13,smartseq2
11852,HP1506401_K23,18,gamma,gamma,smartseq2
11853,HP1506401_L4,1,ductal,ductal,smartseq2
11854,HP1506401_E18,13,acinar,Unmatched_13,smartseq2
11855,HP1506401_L13,1,ductal,ductal,smartseq2
11856,HP1506401_G4,13,acinar,Unmatched_13,smartseq2
11857,HP1506401_I17,18,gamma,gamma,smartseq2
11858,HP1506401_H6,1,ductal,ductal,smartseq2
11859,HP1506401_O23,17,alpha,alpha,smartseq2
11860,HP1506401_H11,18,gamma,gamma,smartseq2
11861,HP1506401_F10,1,ductal,ductal,smartseq2
11862,HP1506401_I4,1,ductal,ductal,smartseq2
11863,HP1506401_I23,16,beta,Unmatched_16,smartseq2
11864,HP1506401_F18,16,beta,Unmatched_16,smartseq2
11865,HP1506401_D17,1,ductal,ductal,smartseq2
11866,HP1506401_O10,16,beta,Unmatched_16,smartseq2
11867,HP1506401_P22,1,ductal,ductal,smartseq2
11868,HP1506401_J4,17,alpha,alpha,smartseq2
11869,HP1506401_D12,13,acinar,Unmatched_13,smartseq2
11870,HP1506401_O8,1,ductal,ductal,smartseq2
11871,HP1506401_C15,16,beta,Unmatched_16,smartseq2
11872,HP1506401_B14,13,acinar,Unmatched_13,smartseq2
11873,HP1506401_P17,13,acinar,Unmatched_13,smartseq2
11874,HP1506401_C4,16,beta,Unmatched_16,smartseq2
11875,HP1506401_B16,13,acinar,Unmatched_13,smartseq2
11876,HP1506401_I21,1,ductal,ductal,smartseq2
11877,HP1506401_I6,13,acinar,Unmatched_13,smartseq2
11878,HP1506401_F14,18,gamma,gamma,smartseq2
11879,HP1506401_P19,17,alpha,alpha,smartseq2
11880,HP1506401_K22,18,gamma,gamma,smartseq2
11881,HP1506401_F19,1,ductal,ductal,smartseq2
11882,HP1506401_N19,23,alpha,epsilon,smartseq2
11883,HP1506401_G9,16,beta,Unmatched_16,smartseq2
11884,HP1506401_K15,13,acinar,Unmatched_13,smartseq2
11885,HP1506401_O6,18,gamma,gamma,smartseq2
11886,HP1506401_A20,1,ductal,ductal,smartseq2
11887,HP1506401_A21,17,alpha,alpha,smartseq2
11888,HP1506401_L14,16,beta,Unmatched_16,smartseq2
11889,HP1506401_P18,1,ductal,ductal,smartseq2
11890,HP1506401_L1,1,ductal,ductal,smartseq2
11891,HP1506401_C13,13,acinar,Unmatched_13,smartseq2
11892,HP1506401_A15,16,beta,Unmatched_16,smartseq2
11893,HP1506401_O7,13,acinar,Unmatched_13,smartseq2
11894,HP1506401_G20,1,ductal,ductal,smartseq2
11895,HP1506401_A4,1,ductal,ductal,smartseq2
11896,HP1506401_D9,18,gamma,gamma,smartseq2
11897,HP1506401_P1,1,ductal,ductal,smartseq2
11898,HP1506401_O3,17,alpha,alpha,smartseq2
11899,HP1506401_L17,18,gamma,gamma,smartseq2
11900,HP1506401_H13,17,alpha,alpha,smartseq2
11901,HP1506401_K14,13,acinar,Unmatched_13,smartseq2
11902,HP1506401_O11,16,beta,Unmatched_16,smartseq2
11903,HP1506401_J20,1,ductal,ductal,smartseq2
11904,HP1506401_I11,16,beta,Unmatched_16,smartseq2
11905,HP1506401_M17,13,acinar,Unmatched_13,smartseq2
11906,HP1506401_C5,17,alpha,alpha,smartseq2
11907,HP1506401_L5,16,beta,Unmatched_16,smartseq2
11908,HP1506401_P15,23,alpha,epsilon,smartseq2
11909,HP1506401_P12,16,beta,Unmatched_16,smartseq2
11910,HP1506401_J14,13,acinar,Unmatched_13,smartseq2
11911,HP1506401_N15,13,acinar,Unmatched_13,smartseq2
11912,HP1506401_E16,3,delta,delta,smartseq2
11913,HP1506401_P21,1,ductal,ductal,smartseq2
11914,HP1506401_F11,16,beta,Unmatched_16,smartseq2
11915,HP1506401_O18,13,acinar,Unmatched_13,smartseq2
11916,HP1506401_H2,1,ductal,ductal,smartseq2
11917,HP1506401_K19,1,ductal,ductal,smartseq2
11918,HP1506401_G15,13,acinar,Unmatched_13,smartseq2
11919,HP1506401_F22,16,beta,Unmatched_16,smartseq2
11920,HP1506401_F5,13,acinar,Unmatched_13,smartseq2
11921,HP1506401_C16,1,ductal,ductal,smartseq2
11922,HP1506401_K4,1,ductal,ductal,smartseq2
11923,HP1506401_L3,13,acinar,Unmatched_13,smartseq2
11924,HP1506401_N11,16,beta,Unmatched_16,smartseq2
11925,HP1506401_F23,1,ductal,ductal,smartseq2
11926,HP1506401_P3,17,alpha,alpha,smartseq2
11927,HP1506401_I8,17,alpha,alpha,smartseq2
11928,HP1506401_A24,16,beta,Unmatched_16,smartseq2
11929,HP1506401_A7,13,acinar,Unmatched_13,smartseq2
11930,HP1506401_G5,17,alpha,alpha,smartseq2
11931,HP1506401_K21,16,beta,Unmatched_16,smartseq2
11932,HP1506401_G11,3,delta,delta,smartseq2
11933,HP1506401_P9,1,ductal,ductal,smartseq2
11934,HP1506401_B15,7,activated_stellate,activated_stellate,smartseq2
11935,HP1506401_K16,1,ductal,ductal,smartseq2
11936,HP1506401_M8,13,acinar,Unmatched_13,smartseq2
11937,HP1506401_A6,13,acinar,Unmatched_13,smartseq2
11938,HP1506401_H23,1,ductal,ductal,smartseq2
11939,HP1506401_I18,13,alpha,Unmatched_13,smartseq2
11940,HP1506401_I16,1,ductal,ductal,smartseq2
11941,HP1506401_I3,1,ductal,ductal,smartseq2
11942,HP1506401_B24,1,ductal,ductal,smartseq2
11943,HP1506401_F3,23,acinar,epsilon,smartseq2
11944,HP1506401_D13,16,beta,Unmatched_16,smartseq2
11945,HP1506401_E24,13,acinar,Unmatched_13,smartseq2
11946,HP1506401_C8,16,beta,Unmatched_16,smartseq2
11947,HP1506401_E8,23,alpha,epsilon,smartseq2
11948,HP1506401_G23,1,ductal,ductal,smartseq2
11949,HP1506401_N17,1,ductal,ductal,smartseq2
11950,HP1506401_F9,16,beta,Unmatched_16,smartseq2
11951,HP1506401_L23,17,alpha,alpha,smartseq2
11952,HP1506401_M6,18,gamma,gamma,smartseq2
11953,HP1506401_E9,17,alpha,alpha,smartseq2
11954,HP1506401_F17,17,alpha,alpha,smartseq2
11955,HP1506401_J15,13,acinar,Unmatched_13,smartseq2
11956,HP1506401_I10,13,acinar,Unmatched_13,smartseq2
11957,HP1506401_D18,1,ductal,ductal,smartseq2
11958,HP1506401_G16,13,acinar,Unmatched_13,smartseq2
11959,HP1506401_M12,17,alpha,alpha,smartseq2
11960,HP1506401_P23,13,acinar,Unmatched_13,smartseq2
11961,HP1506401_P14,16,beta,Unmatched_16,smartseq2
11962,HP1506401_M11,1,ductal,ductal,smartseq2
11963,HP1506401_E11,17,alpha,alpha,smartseq2
11964,HP1506401_L2,23,beta,epsilon,smartseq2
11965,HP1506401_B6,13,acinar,Unmatched_13,smartseq2
11966,HP1506401_N22,13,acinar,Unmatched_13,smartseq2
11967,HP1506401_M14,3,delta,delta,smartseq2
11968,HP1506401_J16,23,epsilon,epsilon,smartseq2
11969,HP1506401_B3,18,gamma,gamma,smartseq2
11970,HP1506401_C7,13,acinar,Unmatched_13,smartseq2
11971,HP1506401_A12,1,ductal,ductal,smartseq2
11972,HP1506401_E21,17,alpha,alpha,smartseq2
11973,HP1506401_J22,1,ductal,ductal,smartseq2
11974,HP1506401_C23,13,acinar,Unmatched_13,smartseq2
11975,HP1506401_G6,16,beta,Unmatched_16,smartseq2
11976,HP1506401_G13,17,alpha,alpha,smartseq2
11977,HP1506401_M24,18,gamma,gamma,smartseq2
11978,HP1506401_E19,1,ductal,ductal,smartseq2
11979,HP1506401_H1,13,acinar,Unmatched_13,smartseq2
11980,HP1506401_G24,17,alpha,alpha,smartseq2
11981,HP1506401_H9,1,ductal,ductal,smartseq2
11982,HP1506401_N23,13,acinar,Unmatched_13,smartseq2
11983,HP1506401_H22,17,alpha,alpha,smartseq2
11984,HP1506401_H3,13,acinar,Unmatched_13,smartseq2
11985,HP1506401_D22,1,ductal,ductal,smartseq2
11986,HP1506401_A17,16,beta,Unmatched_16,smartseq2
11987,HP1506401_L11,13,acinar,Unmatched_13,smartseq2
11988,HP1506401_F20,17,alpha,alpha,smartseq2
11989,HP1506401_E14,13,acinar,Unmatched_13,smartseq2
11990,HP1506401_J21,1,ductal,ductal,smartseq2
11991,HP1506401_P4,1,ductal,ductal,smartseq2
11992,HP1506401_O12,13,acinar,Unmatched_13,smartseq2
11993,HP1506401_B8,16,beta,Unmatched_16,smartseq2
11994,HP1506401_B18,1,ductal,ductal,smartseq2
11995,HP1506401_J11,13,acinar,Unmatched_13,smartseq2
11996,HP1506401_B23,1,ductal,ductal,smartseq2
11997,HP1506401_I12,16,beta,Unmatched_16,smartseq2
11998,HP1506401_G12,16,beta,Unmatched_16,smartseq2
11999,HP1506401_D1,1,ductal,ductal,smartseq2
12000,HP1506401_B20,7,activated_stellate,activated_stellate,smartseq2
12001,HP1506401_P10,13,acinar,Unmatched_13,smartseq2
12002,HP1506401_B11,16,beta,Unmatched_16,smartseq2
12003,HP1506401_H19,18,gamma,gamma,smartseq2
12004,HP1506401_D7,1,ductal,ductal,smartseq2
12005,HP1507101_K2,17,alpha,alpha,smartseq2
12006,HP1507101_O2,17,alpha,alpha,smartseq2
12007,HP1507101_E2,17,alpha,alpha,smartseq2
12008,HP1507101_E3,17,alpha,alpha,smartseq2
12009,HP1507101_G3,17,alpha,alpha,smartseq2
12010,HP1507101_G2,7,activated_stellate,activated_stellate,smartseq2
12011,HP1507101_A3,3,delta,delta,smartseq2
12012,HP1507101_C2,17,alpha,alpha,smartseq2
12013,HP1507101_O1,17,alpha,alpha,smartseq2
12014,HP1507101_I2,17,alpha,alpha,smartseq2
12015,HP1507101_M2,17,alpha,alpha,smartseq2
12016,HP1507101_G16,17,alpha,alpha,smartseq2
12017,HP1507101_N9,17,alpha,alpha,smartseq2
12018,HP1507101_F7,17,alpha,alpha,smartseq2
12019,HP1507101_B3,17,alpha,alpha,smartseq2
12020,HP1507101_M12,17,alpha,alpha,smartseq2
12021,HP1507101_D14,17,alpha,alpha,smartseq2
12022,HP1507101_D20,17,alpha,alpha,smartseq2
12023,HP1507101_O22,17,alpha,alpha,smartseq2
12024,HP1507101_O23,3,delta,delta,smartseq2
12025,HP1507101_J15,1,ductal,ductal,smartseq2
12026,HP1507101_L22,16,beta,Unmatched_16,smartseq2
12027,HP1507101_L15,17,alpha,alpha,smartseq2
12028,HP1507101_D6,16,beta,Unmatched_16,smartseq2
12029,HP1507101_O16,17,alpha,alpha,smartseq2
12030,HP1507101_N3,17,alpha,alpha,smartseq2
12031,HP1507101_L11,17,alpha,alpha,smartseq2
12032,HP1507101_N12,17,alpha,alpha,smartseq2
12033,HP1507101_P14,3,delta,delta,smartseq2
12034,HP1507101_P2,16,beta,Unmatched_16,smartseq2
12035,HP1507101_O17,17,alpha,alpha,smartseq2
12036,HP1507101_K16,1,ductal,ductal,smartseq2
12037,HP1507101_J9,18,gamma,gamma,smartseq2
12038,HP1507101_A16,17,alpha,alpha,smartseq2
12039,HP1507101_L24,23,beta,epsilon,smartseq2
12040,HP1507101_M16,6,mast,t_cell,smartseq2
12041,HP1507101_L13,17,alpha,alpha,smartseq2
12042,HP1507101_M10,7,activated_stellate,activated_stellate,smartseq2
12043,HP1507101_O20,17,alpha,alpha,smartseq2
12044,HP1507101_N21,23,alpha,epsilon,smartseq2
12045,HP1507101_I10,17,alpha,alpha,smartseq2
12046,HP1507101_H20,17,alpha,alpha,smartseq2
12047,HP1507101_A14,17,alpha,alpha,smartseq2
12048,HP1507101_I17,17,alpha,alpha,smartseq2
12049,HP1507101_K6,17,alpha,alpha,smartseq2
12050,HP1507101_J8,16,beta,Unmatched_16,smartseq2
12051,HP1507101_J12,7,activated_stellate,activated_stellate,smartseq2
12052,HP1507101_F19,17,alpha,alpha,smartseq2
12053,HP1507101_G6,17,alpha,alpha,smartseq2
12054,HP1507101_L7,17,alpha,alpha,smartseq2
12055,HP1507101_F14,16,beta,Unmatched_16,smartseq2
12056,HP1507101_H7,17,alpha,alpha,smartseq2
12057,HP1507101_O4,17,alpha,alpha,smartseq2
12058,HP1507101_H1,17,alpha,alpha,smartseq2
12059,HP1507101_I15,17,alpha,alpha,smartseq2
12060,HP1507101_O5,17,alpha,alpha,smartseq2
12061,HP1507101_F22,17,alpha,alpha,smartseq2
12062,HP1507101_A22,9,alpha,Unmatched_9,smartseq2
12063,HP1507101_L5,17,alpha,alpha,smartseq2
12064,HP1507101_A20,17,alpha,alpha,smartseq2
12065,HP1507101_F16,17,alpha,alpha,smartseq2
12066,HP1507101_P10,17,alpha,alpha,smartseq2
12067,HP1507101_O6,17,alpha,alpha,smartseq2
12068,HP1507101_G4,17,alpha,alpha,smartseq2
12069,HP1507101_B23,9,alpha,Unmatched_9,smartseq2
12070,HP1507101_H11,17,alpha,alpha,smartseq2
12071,HP1507101_G12,17,alpha,alpha,smartseq2
12072,HP1507101_N5,16,beta,Unmatched_16,smartseq2
12073,HP1507101_F17,23,alpha,epsilon,smartseq2
12074,HP1507101_G14,17,alpha,alpha,smartseq2
12075,HP1507101_K23,16,beta,Unmatched_16,smartseq2
12076,HP1507101_N22,17,alpha,alpha,smartseq2
12077,HP1507101_H24,16,beta,Unmatched_16,smartseq2
12078,HP1507101_I8,17,alpha,alpha,smartseq2
12079,HP1507101_L2,17,alpha,alpha,smartseq2
12080,HP1507101_H15,17,alpha,alpha,smartseq2
12081,HP1507101_F11,16,beta,Unmatched_16,smartseq2
12082,HP1507101_D2,17,alpha,alpha,smartseq2
12083,HP1507101_H4,16,beta,Unmatched_16,smartseq2
12084,HP1507101_P12,17,alpha,alpha,smartseq2
12085,HP1507101_F20,17,alpha,alpha,smartseq2
12086,HP1507101_N24,17,alpha,alpha,smartseq2
12087,HP1507101_E24,17,alpha,alpha,smartseq2
12088,HP1507101_I16,17,alpha,alpha,smartseq2
12089,HP1507101_C24,17,alpha,alpha,smartseq2
12090,HP1507101_B18,17,alpha,alpha,smartseq2
12091,HP1507101_H14,17,alpha,alpha,smartseq2
12092,HP1507101_D22,16,beta,Unmatched_16,smartseq2
12093,HP1507101_H9,17,alpha,alpha,smartseq2
12094,HP1507101_C7,16,beta,Unmatched_16,smartseq2
12095,HP1507101_O10,17,alpha,alpha,smartseq2
12096,HP1507101_J24,17,alpha,alpha,smartseq2
12097,HP1507101_G18,17,alpha,alpha,smartseq2
12098,HP1507101_E22,13,acinar,Unmatched_13,smartseq2
12099,HP1507101_J14,17,alpha,alpha,smartseq2
12100,HP1507101_G10,1,ductal,ductal,smartseq2
12101,HP1507101_E20,17,alpha,alpha,smartseq2
12102,HP1507101_I13,17,alpha,alpha,smartseq2
12103,HP1507101_J11,17,alpha,alpha,smartseq2
12104,HP1507101_L8,4,macrophage,macrophage,smartseq2
12105,HP1507101_P11,23,alpha,epsilon,smartseq2
12106,HP1507101_P4,17,alpha,alpha,smartseq2
12107,HP1507101_E6,17,alpha,alpha,smartseq2
12108,HP1507101_G22,17,alpha,alpha,smartseq2
12109,HP1507101_C4,17,alpha,alpha,smartseq2
12110,HP1507101_J18,17,alpha,alpha,smartseq2
12111,HP1507101_H16,1,ductal,ductal,smartseq2
12112,HP1507101_D19,18,gamma,gamma,smartseq2
12113,HP1507101_I23,17,alpha,alpha,smartseq2
12114,HP1507101_C18,17,alpha,alpha,smartseq2
12115,HP1507101_K8,17,alpha,alpha,smartseq2
12116,HP1507101_D3,16,beta,Unmatched_16,smartseq2
12117,HP1507101_A12,16,beta,Unmatched_16,smartseq2
12118,HP1507101_C10,16,beta,Unmatched_16,smartseq2
12119,HP1507101_N19,17,alpha,alpha,smartseq2
12120,HP1507101_G19,17,alpha,alpha,smartseq2
12121,HP1507101_I11,17,alpha,alpha,smartseq2
12122,HP1507101_L18,17,alpha,alpha,smartseq2
12123,HP1507101_B15,23,alpha,epsilon,smartseq2
12124,HP1507101_K5,17,alpha,alpha,smartseq2
12125,HP1507101_L3,17,alpha,alpha,smartseq2
12126,HP1507101_E8,17,alpha,alpha,smartseq2
12127,HP1507101_J13,17,alpha,alpha,smartseq2
12128,HP1507101_A4,17,alpha,alpha,smartseq2
12129,HP1507101_J23,17,alpha,alpha,smartseq2
12130,HP1507101_N17,1,ductal,ductal,smartseq2
12131,HP1507101_O18,17,alpha,alpha,smartseq2
12132,HP1507101_I12,16,beta,Unmatched_16,smartseq2
12133,HP1507101_K4,17,alpha,alpha,smartseq2
12134,HP1507101_J7,23,acinar,epsilon,smartseq2
12135,HP1507101_F3,17,alpha,alpha,smartseq2
12136,HP1507101_L23,3,delta,delta,smartseq2
12137,HP1507101_N18,17,alpha,alpha,smartseq2
12138,HP1507101_D7,23,alpha,epsilon,smartseq2
12139,HP1507101_P18,17,alpha,alpha,smartseq2
12140,HP1507101_P17,17,alpha,alpha,smartseq2
12141,HP1507101_P5,17,alpha,alpha,smartseq2
12142,HP1507101_M4,17,alpha,alpha,smartseq2
12143,HP1507101_B7,17,alpha,alpha,smartseq2
12144,HP1507101_E10,17,alpha,alpha,smartseq2
12145,HP1507101_H23,17,alpha,alpha,smartseq2
12146,HP1507101_K3,17,alpha,alpha,smartseq2
12147,HP1507101_C20,17,alpha,alpha,smartseq2
12148,HP1507101_L10,17,alpha,alpha,smartseq2
12149,HP1507101_M14,17,alpha,alpha,smartseq2
12150,HP1507101_J19,16,beta,Unmatched_16,smartseq2
12151,HP1507101_I4,17,alpha,alpha,smartseq2
12152,HP1507101_G24,17,alpha,alpha,smartseq2
12153,HP1507101_G23,17,alpha,alpha,smartseq2
12154,HP1507101_F15,1,ductal,ductal,smartseq2
12155,HP1507101_D1,17,alpha,alpha,smartseq2
12156,HP1507101_J1,17,alpha,alpha,smartseq2
12157,HP1507101_F10,3,delta,delta,smartseq2
12158,HP1507101_H10,23,beta,epsilon,smartseq2
12159,HP1507101_O24,17,alpha,alpha,smartseq2
12160,HP1507101_D8,17,alpha,alpha,smartseq2
12161,HP1507101_I22,17,alpha,alpha,smartseq2
12162,HP1507101_B1,17,alpha,alpha,smartseq2
12163,HP1507101_N16,17,alpha,alpha,smartseq2
12164,HP1507101_A6,23,beta,epsilon,smartseq2
12165,HP1507101_F2,17,alpha,alpha,smartseq2
12166,HP1507101_F8,17,alpha,alpha,smartseq2
12167,HP1507101_P21,3,delta,delta,smartseq2
12168,HP1507101_B14,17,alpha,alpha,smartseq2
12169,HP1507101_N4,9,alpha,Unmatched_9,smartseq2
12170,HP1507101_N6,16,beta,Unmatched_16,smartseq2
12171,HP1507101_M6,17,alpha,alpha,smartseq2
12172,HP1507101_L19,17,alpha,alpha,smartseq2
12173,HP1507101_A5,3,delta,delta,smartseq2
12174,HP1507101_F18,17,alpha,alpha,smartseq2
12175,HP1507101_K22,17,alpha,alpha,smartseq2
12176,HP1507101_K17,17,alpha,alpha,smartseq2
12177,HP1507101_D21,17,alpha,alpha,smartseq2
12178,HP1507101_D16,17,alpha,alpha,smartseq2
12179,HP1507101_M18,17,alpha,alpha,smartseq2
12180,HP1507101_H6,17,alpha,alpha,smartseq2
12181,HP1507101_D9,7,activated_stellate,activated_stellate,smartseq2
12182,HP1507101_O12,1,ductal,ductal,smartseq2
12183,HP1507101_G20,17,alpha,alpha,smartseq2
12184,HP1507101_G13,17,alpha,alpha,smartseq2
12185,HP1507101_N20,17,alpha,alpha,smartseq2
12186,HP1507101_G8,17,alpha,alpha,smartseq2
12187,HP1507101_P6,17,alpha,alpha,smartseq2
12188,HP1507101_D18,17,alpha,alpha,smartseq2
12189,HP1507101_O3,16,beta,Unmatched_16,smartseq2
12190,HP1507101_N1,4,macrophage,macrophage,smartseq2
12191,HP1507101_P23,17,alpha,alpha,smartseq2
12192,HP1507101_H21,17,alpha,alpha,smartseq2
12193,HP1507101_E21,17,alpha,alpha,smartseq2
12194,HP1507101_L16,16,beta,Unmatched_16,smartseq2
12195,HP1507101_K15,16,beta,Unmatched_16,smartseq2
12196,HP1507101_C11,7,activated_stellate,activated_stellate,smartseq2
12197,HP1507101_N13,16,beta,Unmatched_16,smartseq2
12198,HP1507101_D24,17,alpha,alpha,smartseq2
12199,HP1507101_C5,17,alpha,alpha,smartseq2
12200,HP1507101_E14,23,beta,epsilon,smartseq2
12201,HP1507101_A13,16,beta,Unmatched_16,smartseq2
12202,HP1507101_J2,17,alpha,alpha,smartseq2
12203,HP1507101_B13,17,alpha,alpha,smartseq2
12204,HP1507101_H12,17,alpha,alpha,smartseq2
12205,HP1507101_I19,17,alpha,alpha,smartseq2
12206,HP1507101_H22,17,alpha,alpha,smartseq2
12207,HP1507101_B4,17,alpha,alpha,smartseq2
12208,HP1507101_F13,17,alpha,alpha,smartseq2
12209,HP1507101_J20,16,beta,Unmatched_16,smartseq2
12210,HP1507101_O9,16,beta,Unmatched_16,smartseq2
12211,HP1507101_N8,1,ductal,ductal,smartseq2
12212,HP1507101_B19,17,alpha,alpha,smartseq2
12213,HP1507101_D12,17,alpha,alpha,smartseq2
12214,HP1507101_M8,16,beta,Unmatched_16,smartseq2
12215,HP1507101_L4,3,delta,delta,smartseq2
12216,HP1507101_D5,17,alpha,alpha,smartseq2
12217,HP1507101_A18,17,alpha,alpha,smartseq2
12218,HP1507101_B24,17,alpha,alpha,smartseq2
12219,HP1507101_J21,17,alpha,alpha,smartseq2
12220,HP1507101_I18,22,beta,Unmatched_22,smartseq2
12221,HP1507101_G11,17,alpha,alpha,smartseq2
12222,HP1507101_B6,17,alpha,alpha,smartseq2
12223,HP1507101_D15,17,alpha,alpha,smartseq2
12224,HP1507101_M22,18,gamma,gamma,smartseq2
12225,HP1507101_B12,17,alpha,alpha,smartseq2
12226,HP1507101_H17,16,beta,Unmatched_16,smartseq2
12227,HP1507101_C12,16,beta,Unmatched_16,smartseq2
12228,HP1507101_D10,0,endothelial,endothelial,smartseq2
12229,HP1507101_L17,13,acinar,Unmatched_13,smartseq2
12230,HP1507101_B10,17,alpha,alpha,smartseq2
12231,HP1507101_N2,17,alpha,alpha,smartseq2
12232,HP1507101_F5,17,alpha,alpha,smartseq2
12233,HP1507101_E12,17,alpha,alpha,smartseq2
12234,HP1507101_H3,17,alpha,alpha,smartseq2
12235,HP1507101_O7,17,alpha,alpha,smartseq2
12236,HP1507101_P1,1,ductal,ductal,smartseq2
12237,HP1507101_O14,16,beta,Unmatched_16,smartseq2
12238,HP1507101_L14,17,alpha,alpha,smartseq2
12239,HP1507101_D23,16,beta,Unmatched_16,smartseq2
12240,HP1507101_L6,17,alpha,alpha,smartseq2
12241,HP1507101_C6,17,alpha,alpha,smartseq2
12242,HP1507101_I6,17,alpha,alpha,smartseq2
12243,HP1507101_N23,17,alpha,alpha,smartseq2
12244,HP1507101_K13,7,activated_stellate,activated_stellate,smartseq2
12245,HP1507101_J17,17,alpha,alpha,smartseq2
12246,HP1507101_F1,17,alpha,alpha,smartseq2
12247,HP1507101_E9,17,alpha,alpha,smartseq2
12248,HP1507101_C14,17,alpha,alpha,smartseq2
12249,HP1507101_D11,17,alpha,alpha,smartseq2
12250,HP1507101_J3,17,alpha,alpha,smartseq2
12251,HP1507101_C15,22,beta,Unmatched_22,smartseq2
12252,HP1507101_P15,2,quiescent_stellate,quiescent_stellate,smartseq2
12253,HP1507101_M20,17,alpha,alpha,smartseq2
12254,HP1507101_D17,17,alpha,alpha,smartseq2
12255,HP1507101_B16,17,alpha,alpha,smartseq2
12256,HP1507101_J5,17,alpha,alpha,smartseq2
12257,HP1507101_I24,17,alpha,alpha,smartseq2
12258,HP1507101_O13,17,alpha,alpha,smartseq2
12259,HP1507101_E7,17,alpha,alpha,smartseq2
12260,HP1507101_F23,16,beta,Unmatched_16,smartseq2
12261,HP1507101_I20,17,alpha,alpha,smartseq2
12262,HP1507101_I5,17,alpha,alpha,smartseq2
12263,HP1507101_B11,17,alpha,alpha,smartseq2
12264,HP1507101_O19,16,beta,Unmatched_16,smartseq2
12265,HP1507101_H5,17,alpha,alpha,smartseq2
12266,HP1507101_B5,16,beta,Unmatched_16,smartseq2
12267,HP1507101_G9,17,alpha,alpha,smartseq2
12268,HP1507101_P20,0,endothelial,endothelial,smartseq2
12269,HP1507101_J4,17,alpha,alpha,smartseq2
12270,HP1507101_K24,17,alpha,alpha,smartseq2
12271,HP1507101_F4,16,beta,Unmatched_16,smartseq2
12272,HP1507101_P3,17,alpha,alpha,smartseq2
12273,HP1507101_E16,3,delta,delta,smartseq2
12274,HP1507101_B20,18,gamma,gamma,smartseq2
12275,HP1507101_F21,17,alpha,alpha,smartseq2
12276,HP1507101_E18,7,activated_stellate,activated_stellate,smartseq2
12277,HP1507101_G15,17,alpha,alpha,smartseq2
12278,HP1507101_O11,17,alpha,alpha,smartseq2
12279,HP1507101_C8,17,alpha,alpha,smartseq2
12280,HP1507101_L21,23,alpha,epsilon,smartseq2
12281,HP1507101_F12,23,delta,epsilon,smartseq2
12282,HP1507101_F9,18,gamma,gamma,smartseq2
12283,HP1507101_J22,17,alpha,alpha,smartseq2
12284,HP1507101_K20,7,activated_stellate,activated_stellate,smartseq2
12285,HP1507101_L1,7,activated_stellate,activated_stellate,smartseq2
12286,HP1507101_E23,7,activated_stellate,activated_stellate,smartseq2
12287,HP1507101_O8,16,beta,Unmatched_16,smartseq2
12288,HP1507101_P8,17,alpha,alpha,smartseq2
12289,HP1509101_G2,1,beta,ductal,smartseq2
12290,HP1509101_E3,1,ductal,ductal,smartseq2
12291,HP1509101_A3,17,alpha,alpha,smartseq2
12292,HP1509101_O1,3,delta,delta,smartseq2
12293,HP1509101_C1,16,beta,Unmatched_16,smartseq2
12294,HP1509101_D5,17,alpha,alpha,smartseq2
12295,HP1509101_J22,1,ductal,ductal,smartseq2
12296,HP1509101_I17,0,endothelial,endothelial,smartseq2
12297,HP1509101_K19,1,ductal,ductal,smartseq2
12298,HP1509101_J16,3,delta,delta,smartseq2
12299,HP1509101_G19,17,alpha,alpha,smartseq2
12300,HP1509101_D18,16,beta,Unmatched_16,smartseq2
12301,HP1509101_P4,17,alpha,alpha,smartseq2
12302,HP1509101_B8,17,alpha,alpha,smartseq2
12303,HP1509101_M14,1,ductal,ductal,smartseq2
12304,HP1509101_D10,7,activated_stellate,activated_stellate,smartseq2
12305,HP1509101_J12,17,alpha,alpha,smartseq2
12306,HP1509101_K15,1,ductal,ductal,smartseq2
12307,HP1509101_A24,1,ductal,ductal,smartseq2
12308,HP1509101_A7,17,alpha,alpha,smartseq2
12309,HP1509101_H1,9,alpha,Unmatched_9,smartseq2
12310,HP1509101_L17,23,alpha,epsilon,smartseq2
12311,HP1509101_L6,17,alpha,alpha,smartseq2
12312,HP1509101_B9,1,ductal,ductal,smartseq2
12313,HP1509101_B16,13,acinar,Unmatched_13,smartseq2
12314,HP1509101_P17,1,ductal,ductal,smartseq2
12315,HP1509101_G23,17,alpha,alpha,smartseq2
12316,HP1509101_P9,1,ductal,ductal,smartseq2
12317,HP1509101_L13,1,ductal,ductal,smartseq2
12318,HP1509101_I14,17,alpha,alpha,smartseq2
12319,HP1509101_B12,7,activated_stellate,activated_stellate,smartseq2
12320,HP1509101_E4,3,delta,delta,smartseq2
12321,HP1509101_H21,17,alpha,alpha,smartseq2
12322,HP1509101_L8,17,alpha,alpha,smartseq2
12323,HP1509101_J11,1,ductal,ductal,smartseq2
12324,HP1509101_G14,17,alpha,alpha,smartseq2
12325,HP1509101_I5,17,alpha,alpha,smartseq2
12326,HP1509101_K22,17,alpha,alpha,smartseq2
12327,HP1509101_H17,0,endothelial,endothelial,smartseq2
12328,HP1509101_F13,17,alpha,alpha,smartseq2
12329,HP1509101_G24,17,alpha,alpha,smartseq2
12330,HP1509101_D15,17,alpha,alpha,smartseq2
12331,HP1509101_H7,3,delta,delta,smartseq2
12332,HP1509101_O9,17,alpha,alpha,smartseq2
12333,HP1509101_D17,1,ductal,ductal,smartseq2
12334,HP1509101_K9,16,beta,Unmatched_16,smartseq2
12335,HP1509101_N12,17,alpha,alpha,smartseq2
12336,HP1509101_O7,17,alpha,alpha,smartseq2
12337,HP1509101_N7,1,ductal,ductal,smartseq2
12338,HP1509101_D8,17,alpha,alpha,smartseq2
12339,HP1509101_F18,13,acinar,Unmatched_13,smartseq2
12340,HP1509101_H22,17,alpha,alpha,smartseq2
12341,HP1509101_F24,1,ductal,ductal,smartseq2
12342,HP1509101_P14,0,endothelial,endothelial,smartseq2
12343,HP1509101_F1,17,alpha,alpha,smartseq2
12344,HP1509101_F2,1,ductal,ductal,smartseq2
12345,HP1509101_L11,17,alpha,alpha,smartseq2
12346,HP1509101_B24,1,ductal,ductal,smartseq2
12347,HP1509101_N15,17,alpha,alpha,smartseq2
12348,HP1509101_G22,17,alpha,alpha,smartseq2
12349,HP1509101_H24,17,alpha,alpha,smartseq2
12350,HP1509101_D22,3,delta,delta,smartseq2
12351,HP1509101_I11,16,beta,Unmatched_16,smartseq2
12352,HP1509101_H23,17,alpha,alpha,smartseq2
12353,HP1509101_M16,1,ductal,ductal,smartseq2
12354,HP1509101_I10,17,alpha,alpha,smartseq2
12355,HP1509101_C12,17,alpha,alpha,smartseq2
12356,HP1509101_P6,1,ductal,ductal,smartseq2
12357,HP1509101_P23,7,activated_stellate,activated_stellate,smartseq2
12358,HP1509101_G18,17,alpha,alpha,smartseq2
12359,HP1509101_M12,17,alpha,alpha,smartseq2
12360,HP1509101_L3,1,ductal,ductal,smartseq2
12361,HP1509101_J9,1,ductal,ductal,smartseq2
12362,HP1509101_I22,17,alpha,alpha,smartseq2
12363,HP1509101_B19,1,ductal,ductal,smartseq2
12364,HP1509101_D23,1,ductal,ductal,smartseq2
12365,HP1509101_N16,17,alpha,alpha,smartseq2
12366,HP1509101_G4,1,ductal,ductal,smartseq2
12367,HP1509101_P20,17,alpha,alpha,smartseq2
12368,HP1509101_P22,1,ductal,ductal,smartseq2
12369,HP1509101_L19,3,delta,delta,smartseq2
12370,HP1509101_F21,18,gamma,gamma,smartseq2
12371,HP1509101_C23,16,beta,Unmatched_16,smartseq2
12372,HP1509101_P18,17,alpha,alpha,smartseq2
12373,HP1509101_G15,17,alpha,alpha,smartseq2
12374,HP1509101_N9,17,alpha,alpha,smartseq2
12375,HP1509101_B20,17,alpha,alpha,smartseq2
12376,HP1509101_N18,23,alpha,epsilon,smartseq2
12377,HP1509101_N17,17,alpha,alpha,smartseq2
12378,HP1509101_J14,7,activated_stellate,activated_stellate,smartseq2
12379,HP1509101_G9,23,beta,epsilon,smartseq2
12380,HP1509101_C22,17,alpha,alpha,smartseq2
12381,HP1509101_E19,17,alpha,alpha,smartseq2
12382,HP1509101_O23,17,alpha,alpha,smartseq2
12383,HP1509101_J8,17,alpha,alpha,smartseq2
12384,HP1509101_B17,7,activated_stellate,activated_stellate,smartseq2
12385,HP1509101_E24,1,ductal,ductal,smartseq2
12386,HP1509101_B11,17,alpha,alpha,smartseq2
12387,HP1509101_D19,17,alpha,alpha,smartseq2
12388,HP1509101_O8,18,gamma,gamma,smartseq2
12389,HP1509101_K21,17,alpha,alpha,smartseq2
12390,HP1509101_G20,17,alpha,alpha,smartseq2
12391,HP1509101_J18,3,delta,delta,smartseq2
12392,HP1509101_J4,17,alpha,alpha,smartseq2
12393,HP1509101_H11,17,alpha,alpha,smartseq2
12394,HP1509101_G10,1,ductal,ductal,smartseq2
12395,HP1509101_I21,17,alpha,alpha,smartseq2
12396,HP1509101_H14,17,alpha,alpha,smartseq2
12397,HP1509101_P12,3,delta,delta,smartseq2
12398,HP1509101_O13,17,alpha,alpha,smartseq2
12399,HP1509101_J15,17,alpha,alpha,smartseq2
12400,HP1509101_J23,1,ductal,ductal,smartseq2
12401,HP1509101_P1,23,beta,epsilon,smartseq2
12402,HP1509101_I12,1,ductal,ductal,smartseq2
12403,HP1509101_H9,17,alpha,alpha,smartseq2
12404,HP1509101_O14,1,ductal,ductal,smartseq2
12405,HP1509101_O20,17,alpha,alpha,smartseq2
12406,HP1509101_L16,1,ductal,ductal,smartseq2
12407,HP1509101_N21,16,beta,Unmatched_16,smartseq2
12408,HP1509101_K5,0,endothelial,endothelial,smartseq2
12409,HP1509101_I8,17,alpha,alpha,smartseq2
12410,HP1509101_F4,17,alpha,alpha,smartseq2
12411,HP1509101_K7,17,alpha,alpha,smartseq2
12412,HP1509101_K10,1,ductal,ductal,smartseq2
12413,HP1509101_N5,17,alpha,alpha,smartseq2
12414,HP1509101_J20,17,alpha,alpha,smartseq2
12415,HP1509101_B13,16,beta,Unmatched_16,smartseq2
12416,HP1509101_P7,16,beta,Unmatched_16,smartseq2
12417,HP1509101_O6,16,beta,Unmatched_16,smartseq2
12418,HP1509101_G8,18,gamma,gamma,smartseq2
12419,HP1509101_O18,23,beta,epsilon,smartseq2
12420,HP1509101_F19,17,alpha,alpha,smartseq2
12421,HP1509101_N23,16,beta,Unmatched_16,smartseq2
12422,HP1509101_B23,1,ductal,ductal,smartseq2
12423,HP1509101_I16,1,ductal,ductal,smartseq2
12424,HP1509101_A8,1,ductal,ductal,smartseq2
12425,HP1509101_E22,16,beta,Unmatched_16,smartseq2
12426,HP1509101_L18,0,endothelial,endothelial,smartseq2
12427,HP1509101_I23,17,alpha,alpha,smartseq2
12428,HP1509101_C21,1,ductal,ductal,smartseq2
12429,HP1509101_J19,16,beta,Unmatched_16,smartseq2
12430,HP1509101_O19,23,alpha,epsilon,smartseq2
12431,HP1509101_L24,17,alpha,alpha,smartseq2
12432,HP1509101_P5,1,ductal,ductal,smartseq2
12433,HP1509101_N6,1,ductal,ductal,smartseq2
12434,HP1509101_N10,1,ductal,ductal,smartseq2
12435,HP1509101_O24,3,delta,delta,smartseq2
12436,HP1509101_O17,1,ductal,ductal,smartseq2
12437,HP1509101_P8,1,ductal,ductal,smartseq2
12438,HP1509101_L14,16,beta,Unmatched_16,smartseq2
12439,HP1509101_C6,1,ductal,ductal,smartseq2
12440,HP1509101_O16,17,alpha,alpha,smartseq2
12441,HP1509101_F22,1,ductal,ductal,smartseq2
12442,HP1509101_I18,17,alpha,alpha,smartseq2
12443,HP1509101_N20,17,alpha,alpha,smartseq2
12444,HP1509101_H13,3,delta,delta,smartseq2
12445,HP1509101_A20,17,alpha,alpha,smartseq2
12446,HP1509101_I24,23,alpha,epsilon,smartseq2
12447,HP1509101_G16,17,alpha,alpha,smartseq2
12448,HP1509101_F7,1,ductal,ductal,smartseq2
12449,HP1509101_M8,17,alpha,alpha,smartseq2
12450,HP1509101_J6,17,alpha,alpha,smartseq2
12451,HP1509101_K8,18,gamma,gamma,smartseq2
12452,HP1509101_G12,16,beta,Unmatched_16,smartseq2
12453,HP1509101_E10,1,ductal,ductal,smartseq2
12454,HP1509101_E9,1,ductal,ductal,smartseq2
12455,HP1509101_F23,0,endothelial,endothelial,smartseq2
12456,HP1509101_A17,1,ductal,ductal,smartseq2
12457,HP1509101_H20,1,ductal,ductal,smartseq2
12458,HP1509101_O4,3,delta,delta,smartseq2
12459,HP1509101_G21,0,endothelial,endothelial,smartseq2
12460,HP1509101_M10,17,alpha,alpha,smartseq2
12461,HP1509101_B10,17,alpha,alpha,smartseq2
12462,HP1509101_P15,23,beta,epsilon,smartseq2
12463,HP1509101_G17,17,alpha,alpha,smartseq2
12464,HP1509101_D21,1,ductal,ductal,smartseq2
12465,HP1509101_J24,17,alpha,alpha,smartseq2
12466,HP1509101_I6,1,ductal,ductal,smartseq2
12467,HP1509101_L23,3,delta,delta,smartseq2
12468,HP1509101_O12,17,alpha,alpha,smartseq2
12469,HP1504901_D15,17,alpha,alpha,smartseq2
12470,HP1504901_O20,23,beta,epsilon,smartseq2
12471,HP1504901_K20,23,delta,epsilon,smartseq2
12472,HP1504901_L12,18,gamma,gamma,smartseq2
12473,HP1504901_E16,23,beta,epsilon,smartseq2
12474,HP1504901_N9,18,gamma,gamma,smartseq2
12475,HP1504901_F14,23,epsilon,epsilon,smartseq2
12476,HP1504901_I19,7,activated_stellate,activated_stellate,smartseq2
12477,HP1504901_I7,3,delta,delta,smartseq2
12478,HP1504901_J10,1,ductal,ductal,smartseq2
12479,HP1504901_B15,17,alpha,alpha,smartseq2
12480,HP1504901_L8,23,beta,epsilon,smartseq2
12481,HP1504901_B3,17,alpha,alpha,smartseq2
12482,HP1504901_A21,3,delta,delta,smartseq2
12483,HP1504901_F15,18,gamma,gamma,smartseq2
12484,HP1504901_O11,1,ductal,ductal,smartseq2
12485,HP1504901_N2,17,alpha,alpha,smartseq2
12486,HP1504901_G20,18,gamma,gamma,smartseq2
12487,HP1504901_H12,17,alpha,alpha,smartseq2
12488,HP1504901_D12,17,alpha,alpha,smartseq2
12489,HP1504901_F2,3,delta,delta,smartseq2
12490,HP1504901_I23,23,delta,epsilon,smartseq2
12491,HP1504901_G8,23,beta,epsilon,smartseq2
12492,HP1504901_B22,23,beta,epsilon,smartseq2
12493,HP1504901_F12,15,alpha,Unmatched_15,smartseq2
12494,HP1504901_H10,17,alpha,alpha,smartseq2
12495,HP1504901_P11,1,ductal,ductal,smartseq2
12496,HP1504901_O7,17,alpha,alpha,smartseq2
12497,HP1504901_P14,23,beta,epsilon,smartseq2
12498,HP1504901_H19,18,gamma,gamma,smartseq2
12499,HP1504901_F8,1,ductal,ductal,smartseq2
12500,HP1504901_P21,23,delta,epsilon,smartseq2
12501,HP1504901_N18,1,ductal,ductal,smartseq2
12502,HP1504901_B8,18,gamma,gamma,smartseq2
12503,HP1504901_N13,23,beta,epsilon,smartseq2
12504,HP1504901_K12,17,alpha,alpha,smartseq2
12505,HP1504901_J8,17,alpha,alpha,smartseq2
12506,HP1504901_C11,17,alpha,alpha,smartseq2
12507,HP1504901_O1,23,gamma,epsilon,smartseq2
12508,HP1504901_B16,17,alpha,alpha,smartseq2
12509,HP1504901_L17,23,beta,epsilon,smartseq2
12510,HP1504901_F18,18,gamma,gamma,smartseq2
12511,HP1504901_C17,23,beta,epsilon,smartseq2
12512,HP1504901_B11,23,beta,epsilon,smartseq2
12513,HP1504901_F17,23,beta,epsilon,smartseq2
12514,HP1504901_D6,3,delta,delta,smartseq2
12515,HP1504901_D18,23,epsilon,epsilon,smartseq2
12516,HP1504901_K19,23,beta,epsilon,smartseq2
12517,HP1504901_F6,17,alpha,alpha,smartseq2
12518,HP1504901_P10,17,alpha,alpha,smartseq2
12519,HP1504901_D16,17,alpha,alpha,smartseq2
12520,HP1504901_H14,18,gamma,gamma,smartseq2
12521,HP1504901_M3,17,alpha,alpha,smartseq2
12522,HP1504901_F1,18,gamma,gamma,smartseq2
12523,HP1504901_I10,1,ductal,ductal,smartseq2
12524,HP1504901_O8,22,beta,Unmatched_22,smartseq2
12525,HP1504901_D23,17,alpha,alpha,smartseq2
12526,HP1504901_I17,0,endothelial,endothelial,smartseq2
12527,HP1504901_B13,23,alpha,epsilon,smartseq2
12528,HP1504901_C2,8,schwann,schwann,smartseq2
12529,HP1504901_B20,18,gamma,gamma,smartseq2
12530,HP1504901_O14,1,ductal,ductal,smartseq2
12531,HP1504901_H17,16,beta,Unmatched_16,smartseq2
12532,HP1504901_H4,17,alpha,alpha,smartseq2
12533,HP1504901_B24,7,activated_stellate,activated_stellate,smartseq2
12534,HP1504901_H5,23,beta,epsilon,smartseq2
12535,HP1504901_P7,1,ductal,ductal,smartseq2
12536,HP1504901_B1,17,alpha,alpha,smartseq2
12537,HP1504901_F11,23,beta,epsilon,smartseq2
12538,HP1504901_F23,13,acinar,Unmatched_13,smartseq2
12539,HP1504901_G9,17,alpha,alpha,smartseq2
12540,HP1504901_O21,18,gamma,gamma,smartseq2
12541,HP1504901_E24,17,alpha,alpha,smartseq2
12542,HP1504901_G12,23,beta,epsilon,smartseq2
12543,HP1504901_A16,23,beta,epsilon,smartseq2
12544,HP1504901_A14,17,alpha,alpha,smartseq2
12545,HP1504901_O9,17,alpha,alpha,smartseq2
12546,HP1504901_P3,0,endothelial,endothelial,smartseq2
12547,HP1504901_G3,17,alpha,alpha,smartseq2
12548,HP1504901_F5,17,alpha,alpha,smartseq2
12549,HP1504901_M19,7,activated_stellate,activated_stellate,smartseq2
12550,HP1504901_A23,0,endothelial,endothelial,smartseq2
12551,HP1504901_K1,17,alpha,alpha,smartseq2
12552,HP1504901_P18,0,endothelial,endothelial,smartseq2
12553,HP1504901_E9,7,activated_stellate,activated_stellate,smartseq2
12554,HP1504901_C16,23,alpha,epsilon,smartseq2
12555,HP1504901_A5,18,gamma,gamma,smartseq2
12556,HP1504901_J24,7,activated_stellate,activated_stellate,smartseq2
12557,HP1504901_L18,18,gamma,gamma,smartseq2
12558,HP1504901_H11,17,alpha,alpha,smartseq2
12559,HP1504901_I24,17,alpha,alpha,smartseq2
12560,HP1504901_D13,13,acinar,Unmatched_13,smartseq2
12561,HP1504901_E18,17,alpha,alpha,smartseq2
12562,HP1504901_H6,17,alpha,alpha,smartseq2
12563,HP1504901_J13,1,ductal,ductal,smartseq2
12564,HP1504901_J17,17,alpha,alpha,smartseq2
12565,HP1504901_N1,17,alpha,alpha,smartseq2
12566,HP1504901_B4,3,delta,delta,smartseq2
12567,HP1504901_J7,19,beta,Unmatched_19,smartseq2
12568,HP1504901_B7,23,beta,epsilon,smartseq2
12569,HP1504901_J18,7,activated_stellate,activated_stellate,smartseq2
12570,HP1504901_A22,2,quiescent_stellate,quiescent_stellate,smartseq2
12571,HP1504901_D22,17,alpha,alpha,smartseq2
12572,HP1504901_G4,23,beta,epsilon,smartseq2
12573,HP1504901_E6,1,ductal,ductal,smartseq2
12574,HP1504901_D9,18,gamma,gamma,smartseq2
12575,HP1504901_N22,17,alpha,alpha,smartseq2
12576,HP1504901_J15,0,ductal,endothelial,smartseq2
12577,HP1504901_K14,23,gamma,epsilon,smartseq2
12578,HP1504901_N15,18,gamma,gamma,smartseq2
12579,HP1504901_J20,17,alpha,alpha,smartseq2
12580,HP1504901_J23,17,alpha,alpha,smartseq2
12581,HP1504901_L16,1,ductal,ductal,smartseq2
12582,HP1504901_C13,23,epsilon,epsilon,smartseq2
12583,HP1504901_B23,18,gamma,gamma,smartseq2
12584,HP1504901_F19,17,alpha,alpha,smartseq2
12585,HP1504901_J4,3,delta,delta,smartseq2
12586,HP1504901_K22,23,beta,epsilon,smartseq2
12587,HP1504901_O5,23,gamma,epsilon,smartseq2
12588,HP1504901_J9,18,gamma,gamma,smartseq2
12589,HP1504901_M4,18,gamma,gamma,smartseq2
12590,HP1504901_G2,17,alpha,alpha,smartseq2
12591,HP1504901_N16,17,alpha,alpha,smartseq2
12592,HP1504901_G10,0,endothelial,endothelial,smartseq2
12593,HP1504901_F24,17,alpha,alpha,smartseq2
12594,HP1504901_O17,17,alpha,alpha,smartseq2
12595,HP1504901_A19,17,alpha,alpha,smartseq2
12596,HP1504901_D5,17,alpha,alpha,smartseq2
12597,HP1504901_D1,17,alpha,alpha,smartseq2
12598,HP1504901_F16,0,endothelial,endothelial,smartseq2
12599,HP1504901_B6,18,gamma,gamma,smartseq2
12600,HP1504901_E23,18,gamma,gamma,smartseq2
12601,HP1504901_N8,23,beta,epsilon,smartseq2
12602,HP1504901_N12,17,alpha,alpha,smartseq2
12603,HP1504901_H8,17,alpha,alpha,smartseq2
12604,HP1504901_M24,17,alpha,alpha,smartseq2
12605,HP1504901_B9,3,delta,delta,smartseq2
12606,HP1504901_O4,13,acinar,Unmatched_13,smartseq2
12607,HP1504901_O10,17,alpha,alpha,smartseq2
12608,HP1504901_M11,2,quiescent_stellate,quiescent_stellate,smartseq2
12609,HP1504901_B18,17,alpha,alpha,smartseq2
12610,HP1504901_F9,17,alpha,alpha,smartseq2
12611,HP1504901_F20,17,alpha,alpha,smartseq2
12612,HP1504901_O6,17,alpha,alpha,smartseq2
12613,HP1504901_B14,1,ductal,ductal,smartseq2
12614,HP1504901_D4,0,endothelial,endothelial,smartseq2
12615,HP1504901_J19,17,alpha,alpha,smartseq2
12616,HP1504901_E10,23,beta,epsilon,smartseq2
12617,HP1504901_L13,17,alpha,alpha,smartseq2
12618,HP1504901_L22,16,beta,Unmatched_16,smartseq2
12619,HP1504901_O24,18,gamma,gamma,smartseq2
12620,HP1504901_G13,17,alpha,alpha,smartseq2
12621,HP1504901_J22,17,alpha,alpha,smartseq2
12622,HP1504901_L14,17,alpha,alpha,smartseq2
12623,HP1504901_A2,17,alpha,alpha,smartseq2
12624,HP1504901_N17,17,alpha,alpha,smartseq2
12625,HP1504901_L3,18,gamma,gamma,smartseq2
12626,HP1504901_I3,17,alpha,alpha,smartseq2
12627,HP1504901_A9,17,alpha,alpha,smartseq2
12628,HP1504901_I21,17,alpha,alpha,smartseq2
12629,HP1504901_K23,1,ductal,ductal,smartseq2
12630,HP1504901_G6,17,alpha,alpha,smartseq2
12631,HP1504901_O16,17,alpha,alpha,smartseq2
12632,HP1504901_E14,17,alpha,alpha,smartseq2
12633,HP1504901_G11,1,ductal,ductal,smartseq2
12634,HP1504901_N24,3,delta,delta,smartseq2
12635,HP1504901_D17,17,alpha,alpha,smartseq2
12636,HP1504901_K6,17,alpha,alpha,smartseq2
12637,HP1504901_D2,17,alpha,alpha,smartseq2
12638,HP1504901_I18,18,gamma,gamma,smartseq2
12639,HP1504901_E21,23,beta,epsilon,smartseq2
12640,HP1504901_H18,23,beta,epsilon,smartseq2
12641,HP1504901_D24,18,gamma,gamma,smartseq2
12642,HP1504901_J6,17,alpha,alpha,smartseq2
12643,HP1504901_I2,17,alpha,alpha,smartseq2
12644,HP1504901_D14,17,alpha,alpha,smartseq2
12645,HP1504901_G16,23,beta,epsilon,smartseq2
12646,HP1504901_M18,17,alpha,alpha,smartseq2
12647,HP1504901_J3,23,beta,epsilon,smartseq2
12648,HP1504901_F4,17,alpha,alpha,smartseq2
12649,HP1504901_D7,23,beta,epsilon,smartseq2
12650,HP1504901_M21,3,delta,delta,smartseq2
12651,HP1504901_B10,16,beta,Unmatched_16,smartseq2
12652,HP1504901_H1,17,alpha,alpha,smartseq2
12653,HP1504901_J5,1,ductal,ductal,smartseq2
12654,HP1504901_K5,17,alpha,alpha,smartseq2
12655,HP1504901_F10,17,alpha,alpha,smartseq2
12656,HP1504901_H16,23,acinar,epsilon,smartseq2
12657,HP1504901_G15,17,alpha,alpha,smartseq2
12658,HP1504901_N19,17,alpha,alpha,smartseq2
12659,HP1504901_C10,3,delta,delta,smartseq2
12660,HP1504901_I8,17,alpha,alpha,smartseq2
12661,HP1504901_I22,18,gamma,gamma,smartseq2
12662,HP1504901_B21,17,alpha,alpha,smartseq2
12663,HP1504901_N7,17,alpha,alpha,smartseq2
12664,HP1504901_C14,18,gamma,gamma,smartseq2
12665,HP1504901_A10,3,delta,delta,smartseq2
12666,HP1504901_C23,18,gamma,gamma,smartseq2
12667,HP1504901_E2,0,endothelial,endothelial,smartseq2
12668,HP1504901_D21,17,alpha,alpha,smartseq2
12669,HP1504901_G19,17,alpha,alpha,smartseq2
12670,HP1504901_N21,2,quiescent_stellate,quiescent_stellate,smartseq2
12671,HP1504901_B2,17,alpha,alpha,smartseq2
12672,HP1504901_L9,18,gamma,gamma,smartseq2
12673,HP1504901_N23,18,gamma,gamma,smartseq2
12674,HP1504901_F3,17,alpha,alpha,smartseq2
12675,HP1525301T2D_P14,1,ductal,ductal,smartseq2
12676,HP1525301T2D_K15,17,alpha,alpha,smartseq2
12677,HP1525301T2D_D19,3,delta,delta,smartseq2
12678,HP1526901T2D_K12,18,gamma,gamma,smartseq2
12679,HP1525301T2D_G11,17,alpha,alpha,smartseq2
12680,HP1525301T2D_A6,17,alpha,alpha,smartseq2
12681,HP1508501T2D_P4,18,gamma,gamma,smartseq2
12682,HP1525301T2D_K23,17,alpha,alpha,smartseq2
12683,HP1525301T2D_P16,7,activated_stellate,activated_stellate,smartseq2
12684,HP1525301T2D_O14,1,ductal,ductal,smartseq2
12685,HP1525301T2D_H14,1,ductal,ductal,smartseq2
12686,HP1525301T2D_F24,7,activated_stellate,activated_stellate,smartseq2
12687,HP1525301T2D_P1,1,ductal,ductal,smartseq2
12688,HP1526901T2D_A20,18,gamma,gamma,smartseq2
12689,HP1526901T2D_A10,3,delta,delta,smartseq2
12690,HP1525301T2D_I21,17,alpha,alpha,smartseq2
12691,HP1526901T2D_A3,17,alpha,alpha,smartseq2
12692,HP1526901T2D_O5,1,ductal,ductal,smartseq2
12693,HP1525301T2D_I12,17,alpha,alpha,smartseq2
12694,HP1525301T2D_P22,17,alpha,alpha,smartseq2
12695,HP1525301T2D_H9,13,acinar,Unmatched_13,smartseq2
12696,HP1526901T2D_P20,17,alpha,alpha,smartseq2
12697,HP1525301T2D_K16,1,ductal,ductal,smartseq2
12698,HP1526901T2D_B6,3,delta,delta,smartseq2
12699,HP1526901T2D_P9,16,beta,Unmatched_16,smartseq2
12700,HP1526901T2D_E11,16,beta,Unmatched_16,smartseq2
12701,HP1525301T2D_C3,1,ductal,ductal,smartseq2
12702,HP1526901T2D_M21,17,alpha,alpha,smartseq2
12703,HP1526901T2D_H18,3,delta,delta,smartseq2
12704,HP1525301T2D_D1,1,ductal,ductal,smartseq2
12705,HP1526901T2D_D5,17,alpha,alpha,smartseq2
12706,HP1525301T2D_J14,17,alpha,alpha,smartseq2
12707,HP1525301T2D_P6,17,alpha,alpha,smartseq2
12708,HP1525301T2D_F15,16,beta,Unmatched_16,smartseq2
12709,HP1526901T2D_K6,17,alpha,alpha,smartseq2
12710,HP1525301T2D_C16,17,alpha,alpha,smartseq2
12711,HP1525301T2D_I18,1,ductal,ductal,smartseq2
12712,HP1525301T2D_M11,1,ductal,ductal,smartseq2
12713,HP1526901T2D_J6,16,beta,Unmatched_16,smartseq2
12714,HP1525301T2D_I23,1,ductal,ductal,smartseq2
12715,HP1526901T2D_L16,17,alpha,alpha,smartseq2
12716,HP1526901T2D_F2,17,alpha,alpha,smartseq2
12717,HP1525301T2D_K14,1,ductal,ductal,smartseq2
12718,HP1525301T2D_J7,1,ductal,ductal,smartseq2
12719,HP1525301T2D_B1,17,alpha,alpha,smartseq2
12720,HP1525301T2D_C4,1,ductal,ductal,smartseq2
12721,HP1525301T2D_J21,1,ductal,ductal,smartseq2
12722,HP1525301T2D_E19,18,gamma,gamma,smartseq2
12723,HP1526901T2D_C13,18,gamma,gamma,smartseq2
12724,HP1525301T2D_B4,17,alpha,alpha,smartseq2
12725,HP1525301T2D_F19,17,alpha,alpha,smartseq2
12726,HP1525301T2D_B5,18,gamma,gamma,smartseq2
12727,HP1526901T2D_C19,18,gamma,gamma,smartseq2
12728,HP1526901T2D_E18,17,alpha,alpha,smartseq2
12729,HP1525301T2D_N3,16,beta,Unmatched_16,smartseq2
12730,HP1525301T2D_I6,16,beta,Unmatched_16,smartseq2
12731,HP1525301T2D_N23,17,alpha,alpha,smartseq2
12732,HP1526901T2D_H23,18,gamma,gamma,smartseq2
12733,HP1525301T2D_G22,17,alpha,alpha,smartseq2
12734,HP1525301T2D_J5,13,acinar,Unmatched_13,smartseq2
12735,HP1525301T2D_D10,13,acinar,Unmatched_13,smartseq2
12736,HP1526901T2D_F15,1,ductal,ductal,smartseq2
12737,HP1526901T2D_O22,17,alpha,alpha,smartseq2
12738,HP1526901T2D_M8,1,ductal,ductal,smartseq2
12739,HP1525301T2D_C6,1,ductal,ductal,smartseq2
12740,HP1526901T2D_G21,16,beta,Unmatched_16,smartseq2
12741,HP1525301T2D_D11,17,alpha,alpha,smartseq2
12742,HP1526901T2D_I6,17,alpha,alpha,smartseq2
12743,HP1526901T2D_H24,16,beta,Unmatched_16,smartseq2
12744,HP1525301T2D_E1,17,alpha,alpha,smartseq2
12745,HP1526901T2D_J22,3,delta,delta,smartseq2
12746,HP1526901T2D_N15,17,alpha,alpha,smartseq2
12747,HP1525301T2D_G3,1,ductal,ductal,smartseq2
12748,HP1525301T2D_E11,1,ductal,ductal,smartseq2
12749,HP1525301T2D_C2,17,alpha,alpha,smartseq2
12750,HP1526901T2D_A1,16,beta,Unmatched_16,smartseq2
12751,HP1526901T2D_F3,17,alpha,alpha,smartseq2
12752,HP1526901T2D_P21,17,alpha,alpha,smartseq2
12753,HP1525301T2D_B11,17,alpha,alpha,smartseq2
12754,HP1526901T2D_J24,17,alpha,alpha,smartseq2
12755,HP1526901T2D_M15,16,beta,Unmatched_16,smartseq2
12756,HP1526901T2D_K11,18,gamma,gamma,smartseq2
12757,HP1526901T2D_G17,16,beta,Unmatched_16,smartseq2
12758,HP1526901T2D_L1,16,beta,Unmatched_16,smartseq2
12759,HP1526901T2D_L2,17,alpha,alpha,smartseq2
12760,HP1526901T2D_M19,3,delta,delta,smartseq2
12761,HP1526901T2D_A16,3,delta,delta,smartseq2
12762,HP1525301T2D_N4,1,ductal,ductal,smartseq2
12763,HP1526901T2D_B4,16,beta,Unmatched_16,smartseq2
12764,HP1526901T2D_F21,17,alpha,alpha,smartseq2
12765,HP1525301T2D_M16,17,alpha,alpha,smartseq2
12766,HP1526901T2D_K3,16,beta,Unmatched_16,smartseq2
12767,HP1525301T2D_B24,1,ductal,ductal,smartseq2
12768,HP1526901T2D_O15,16,beta,Unmatched_16,smartseq2
12769,HP1526901T2D_O12,6,mast,t_cell,smartseq2
12770,HP1526901T2D_J21,16,beta,Unmatched_16,smartseq2
12771,HP1525301T2D_O1,23,alpha,epsilon,smartseq2
12772,HP1525301T2D_O20,1,ductal,ductal,smartseq2
12773,HP1525301T2D_O9,7,activated_stellate,activated_stellate,smartseq2
12774,HP1526901T2D_G7,17,alpha,alpha,smartseq2
12775,HP1526901T2D_J5,16,beta,Unmatched_16,smartseq2
12776,HP1525301T2D_G13,1,ductal,ductal,smartseq2
12777,HP1525301T2D_F23,16,beta,Unmatched_16,smartseq2
12778,HP1526901T2D_I1,1,ductal,ductal,smartseq2
12779,HP1526901T2D_L4,16,beta,Unmatched_16,smartseq2
12780,HP1526901T2D_L14,18,gamma,gamma,smartseq2
12781,HP1525301T2D_L23,1,ductal,ductal,smartseq2
12782,HP1525301T2D_H23,17,alpha,alpha,smartseq2
12783,HP1525301T2D_I1,1,ductal,ductal,smartseq2
12784,HP1526901T2D_F10,17,alpha,alpha,smartseq2
12785,HP1525301T2D_B23,17,alpha,alpha,smartseq2
12786,HP1526901T2D_J18,1,ductal,ductal,smartseq2
12787,HP1526901T2D_I10,3,delta,delta,smartseq2
12788,HP1525301T2D_I4,17,alpha,alpha,smartseq2
12789,HP1526901T2D_B24,1,ductal,ductal,smartseq2
12790,HP1525301T2D_C24,1,ductal,ductal,smartseq2
12791,HP1525301T2D_P8,17,alpha,alpha,smartseq2
12792,HP1526901T2D_G24,1,ductal,ductal,smartseq2
12793,HP1526901T2D_J8,23,alpha,epsilon,smartseq2
12794,HP1525301T2D_C1,17,alpha,alpha,smartseq2
12795,HP1526901T2D_P13,7,activated_stellate,activated_stellate,smartseq2
12796,HP1526901T2D_G23,3,delta,delta,smartseq2
12797,HP1526901T2D_P22,3,delta,delta,smartseq2
12798,HP1525301T2D_J2,17,alpha,alpha,smartseq2
12799,HP1526901T2D_H20,16,beta,Unmatched_16,smartseq2
12800,HP1525301T2D_G14,1,ductal,ductal,smartseq2
12801,HP1526901T2D_L7,18,gamma,gamma,smartseq2
12802,HP1526901T2D_N12,16,beta,Unmatched_16,smartseq2
12803,HP1525301T2D_N7,9,alpha,Unmatched_9,smartseq2
12804,HP1525301T2D_L1,1,ductal,ductal,smartseq2
12805,HP1526901T2D_F5,16,beta,Unmatched_16,smartseq2
12806,HP1525301T2D_I10,1,ductal,ductal,smartseq2
12807,HP1525301T2D_G20,1,ductal,ductal,smartseq2
12808,HP1526901T2D_K24,3,delta,delta,smartseq2
12809,HP1525301T2D_M7,16,beta,Unmatched_16,smartseq2
12810,HP1526901T2D_E8,17,alpha,alpha,smartseq2
12811,HP1526901T2D_P14,17,alpha,alpha,smartseq2
12812,HP1526901T2D_N4,13,acinar,Unmatched_13,smartseq2
12813,HP1526901T2D_O24,16,beta,Unmatched_16,smartseq2
12814,HP1526901T2D_O14,16,beta,Unmatched_16,smartseq2
12815,HP1525301T2D_H24,1,ductal,ductal,smartseq2
12816,HP1525301T2D_P13,1,ductal,ductal,smartseq2
12817,HP1526901T2D_E20,3,delta,delta,smartseq2
12818,HP1525301T2D_H6,17,alpha,alpha,smartseq2
12819,HP1525301T2D_C10,17,alpha,alpha,smartseq2
12820,HP1526901T2D_C3,16,beta,Unmatched_16,smartseq2
12821,HP1526901T2D_N13,16,beta,Unmatched_16,smartseq2
12822,HP1526901T2D_L19,17,alpha,alpha,smartseq2
12823,HP1525301T2D_H7,17,alpha,alpha,smartseq2
12824,HP1525301T2D_G15,17,alpha,alpha,smartseq2
12825,HP1526901T2D_E23,1,ductal,ductal,smartseq2
12826,HP1525301T2D_D2,1,ductal,ductal,smartseq2
12827,HP1526901T2D_D19,16,beta,Unmatched_16,smartseq2
12828,HP1525301T2D_I3,1,ductal,ductal,smartseq2
12829,HP1525301T2D_E23,17,alpha,alpha,smartseq2
12830,HP1526901T2D_N9,17,alpha,alpha,smartseq2
12831,HP1525301T2D_I7,17,alpha,alpha,smartseq2
12832,HP1526901T2D_B18,3,delta,delta,smartseq2
12833,HP1526901T2D_O21,17,alpha,alpha,smartseq2
12834,HP1526901T2D_G14,17,alpha,alpha,smartseq2
12835,HP1525301T2D_E7,17,alpha,alpha,smartseq2
12836,HP1525301T2D_F10,13,acinar,Unmatched_13,smartseq2
12837,HP1525301T2D_K21,1,ductal,ductal,smartseq2
12838,HP1525301T2D_E3,18,gamma,gamma,smartseq2
12839,HP1526901T2D_A4,3,delta,delta,smartseq2
12840,HP1525301T2D_H3,1,ductal,ductal,smartseq2
12841,HP1526901T2D_D4,1,ductal,ductal,smartseq2
12842,HP1526901T2D_G1,18,gamma,gamma,smartseq2
12843,HP1525301T2D_N5,1,ductal,ductal,smartseq2
12844,HP1525301T2D_A17,1,ductal,ductal,smartseq2
12845,HP1525301T2D_E12,7,activated_stellate,activated_stellate,smartseq2
12846,HP1526901T2D_L5,23,beta,epsilon,smartseq2
12847,HP1525301T2D_O18,17,alpha,alpha,smartseq2
12848,HP1526901T2D_A23,23,delta,epsilon,smartseq2
12849,HP1525301T2D_C13,1,ductal,ductal,smartseq2
12850,HP1526901T2D_K22,3,delta,delta,smartseq2
12851,HP1526901T2D_F17,16,beta,Unmatched_16,smartseq2
12852,HP1526901T2D_N3,16,beta,Unmatched_16,smartseq2
12853,HP1526901T2D_K23,16,beta,Unmatched_16,smartseq2
12854,HP1525301T2D_O2,3,delta,delta,smartseq2
12855,HP1526901T2D_K4,1,ductal,ductal,smartseq2
12856,HP1525301T2D_I19,1,ductal,ductal,smartseq2
12857,HP1526901T2D_P17,16,beta,Unmatched_16,smartseq2
12858,HP1526901T2D_O1,16,beta,Unmatched_16,smartseq2
12859,HP1525301T2D_F2,17,alpha,alpha,smartseq2
12860,HP1526901T2D_M20,1,ductal,ductal,smartseq2
12861,HP1526901T2D_O17,16,beta,Unmatched_16,smartseq2
12862,HP1525301T2D_H19,17,alpha,alpha,smartseq2
12863,HP1526901T2D_M4,17,alpha,alpha,smartseq2
12864,HP1526901T2D_D22,1,ductal,ductal,smartseq2
12865,HP1525301T2D_I11,4,macrophage,macrophage,smartseq2
12866,HP1525301T2D_J15,1,ductal,ductal,smartseq2
12867,HP1526901T2D_J11,1,ductal,ductal,smartseq2
12868,HP1525301T2D_P21,1,ductal,ductal,smartseq2
12869,HP1525301T2D_M13,17,alpha,alpha,smartseq2
12870,HP1526901T2D_A9,17,alpha,alpha,smartseq2
12871,HP1525301T2D_P24,17,alpha,alpha,smartseq2
12872,HP1525301T2D_I5,17,alpha,alpha,smartseq2
12873,HP1525301T2D_L15,17,alpha,alpha,smartseq2
12874,HP1525301T2D_J23,13,acinar,Unmatched_13,smartseq2
12875,HP1525301T2D_P5,1,ductal,ductal,smartseq2
12876,HP1526901T2D_G11,4,macrophage,macrophage,smartseq2
12877,HP1525301T2D_F21,1,ductal,ductal,smartseq2
12878,HP1525301T2D_A19,1,ductal,ductal,smartseq2
12879,HP1526901T2D_P2,17,alpha,alpha,smartseq2
12880,HP1526901T2D_A12,9,alpha,Unmatched_9,smartseq2
12881,HP1526901T2D_K20,16,beta,Unmatched_16,smartseq2
12882,HP1525301T2D_J16,13,acinar,Unmatched_13,smartseq2
12883,HP1525301T2D_F7,7,activated_stellate,activated_stellate,smartseq2
12884,HP1526901T2D_E9,1,ductal,ductal,smartseq2
12885,HP1526901T2D_F24,1,ductal,ductal,smartseq2
12886,HP1525301T2D_O7,1,ductal,ductal,smartseq2
12887,HP1526901T2D_A2,16,beta,Unmatched_16,smartseq2
12888,HP1525301T2D_A12,1,ductal,ductal,smartseq2
12889,HP1526901T2D_L11,17,alpha,alpha,smartseq2
12890,HP1526901T2D_B12,17,alpha,alpha,smartseq2
12891,HP1526901T2D_H22,16,beta,Unmatched_16,smartseq2
12892,HP1526901T2D_J3,1,ductal,ductal,smartseq2
12893,HP1525301T2D_B6,7,activated_stellate,activated_stellate,smartseq2
12894,HP1525301T2D_E5,7,activated_stellate,activated_stellate,smartseq2
12895,HP1525301T2D_K11,1,ductal,ductal,smartseq2
12896,HP1526901T2D_A17,17,alpha,alpha,smartseq2
12897,HP1526901T2D_N7,13,acinar,Unmatched_13,smartseq2
12898,HP1526901T2D_P12,17,alpha,alpha,smartseq2
12899,HP1525301T2D_L8,7,activated_stellate,activated_stellate,smartseq2
12900,HP1526901T2D_J2,23,alpha,epsilon,smartseq2
12901,HP1525301T2D_O23,1,ductal,ductal,smartseq2
12902,HP1526901T2D_D18,17,alpha,alpha,smartseq2
12903,HP1526901T2D_B17,17,alpha,alpha,smartseq2
12904,HP1526901T2D_G2,3,delta,delta,smartseq2
12905,HP1525301T2D_A9,17,alpha,alpha,smartseq2
12906,HP1526901T2D_A11,1,ductal,ductal,smartseq2
12907,HP1526901T2D_I20,16,beta,Unmatched_16,smartseq2
12908,HP1526901T2D_F1,17,alpha,alpha,smartseq2
12909,HP1525301T2D_F5,13,acinar,Unmatched_13,smartseq2
12910,HP1525301T2D_A15,1,ductal,ductal,smartseq2
12911,HP1526901T2D_F16,1,ductal,ductal,smartseq2
12912,HP1526901T2D_B20,17,alpha,alpha,smartseq2
12913,HP1525301T2D_L2,1,ductal,ductal,smartseq2
12914,HP1526901T2D_H12,17,alpha,alpha,smartseq2
12915,HP1525301T2D_B10,1,ductal,ductal,smartseq2
12916,HP1526901T2D_G13,17,alpha,alpha,smartseq2
12917,HP1526901T2D_N18,18,gamma,gamma,smartseq2
12918,HP1525301T2D_E2,13,acinar,Unmatched_13,smartseq2
12919,HP1525301T2D_E24,7,activated_stellate,activated_stellate,smartseq2
12920,HP1525301T2D_P17,17,alpha,alpha,smartseq2
12921,HP1526901T2D_O9,3,delta,delta,smartseq2
12922,HP1526901T2D_N6,17,alpha,alpha,smartseq2
12923,HP1525301T2D_B15,9,alpha,Unmatched_9,smartseq2
12924,HP1525301T2D_L22,17,alpha,alpha,smartseq2
12925,HP1526901T2D_I21,17,alpha,alpha,smartseq2
12926,HP1526901T2D_H16,18,gamma,gamma,smartseq2
12927,HP1525301T2D_I2,17,alpha,alpha,smartseq2
12928,HP1525301T2D_H12,17,alpha,alpha,smartseq2
12929,HP1525301T2D_K18,1,ductal,ductal,smartseq2
12930,HP1526901T2D_K21,18,gamma,gamma,smartseq2
12931,HP1525301T2D_L24,17,alpha,alpha,smartseq2
12932,HP1525301T2D_C17,1,ductal,ductal,smartseq2
12933,HP1525301T2D_D3,1,ductal,ductal,smartseq2
12934,HP1525301T2D_D22,1,ductal,ductal,smartseq2
12935,HP1525301T2D_F16,1,ductal,ductal,smartseq2
12936,HP1526901T2D_P23,18,gamma,gamma,smartseq2
12937,HP1525301T2D_L14,16,beta,Unmatched_16,smartseq2
12938,HP1525301T2D_N8,17,alpha,alpha,smartseq2
12939,HP1526901T2D_N20,18,gamma,gamma,smartseq2
12940,HP1526901T2D_D7,13,acinar,Unmatched_13,smartseq2
12941,HP1526901T2D_F9,17,alpha,alpha,smartseq2
12942,HP1526901T2D_B9,16,beta,Unmatched_16,smartseq2
12943,HP1526901T2D_E15,7,activated_stellate,activated_stellate,smartseq2
12944,HP1526901T2D_L24,3,delta,delta,smartseq2
12945,HP1526901T2D_H4,16,beta,Unmatched_16,smartseq2
12946,HP1526901T2D_H17,17,alpha,alpha,smartseq2
12947,HP1525301T2D_N11,1,ductal,ductal,smartseq2
12948,HP1526901T2D_I24,18,gamma,gamma,smartseq2
12949,HP1526901T2D_A24,1,ductal,ductal,smartseq2
12950,HP1525301T2D_G23,18,gamma,gamma,smartseq2
12951,HP1526901T2D_E22,1,ductal,ductal,smartseq2
12952,HP1526901T2D_A22,3,delta,delta,smartseq2
12953,HP1525301T2D_C14,13,acinar,Unmatched_13,smartseq2
12954,HP1526901T2D_C14,1,ductal,ductal,smartseq2
12955,HP1525301T2D_K6,1,ductal,ductal,smartseq2
12956,HP1525301T2D_L4,1,ductal,ductal,smartseq2
12957,HP1526901T2D_M24,16,beta,Unmatched_16,smartseq2
12958,HP1525301T2D_G9,1,ductal,ductal,smartseq2
12959,HP1526901T2D_O23,17,alpha,alpha,smartseq2
12960,HP1526901T2D_L3,16,beta,Unmatched_16,smartseq2
12961,HP1525301T2D_M8,17,alpha,alpha,smartseq2
12962,HP1525301T2D_J18,18,gamma,gamma,smartseq2
12963,HP1526901T2D_A15,18,gamma,gamma,smartseq2
12964,HP1525301T2D_L20,1,ductal,ductal,smartseq2
12965,HP1525301T2D_F4,17,alpha,alpha,smartseq2
12966,HP1526901T2D_E1,1,ductal,ductal,smartseq2
12967,HP1526901T2D_P7,16,beta,Unmatched_16,smartseq2
12968,HP1526901T2D_K17,13,acinar,Unmatched_13,smartseq2
12969,HP1526901T2D_F22,1,ductal,ductal,smartseq2
12970,HP1526901T2D_D10,18,gamma,gamma,smartseq2
12971,HP1526901T2D_J20,3,delta,delta,smartseq2
12972,HP1525301T2D_E20,1,ductal,ductal,smartseq2
12973,HP1525301T2D_I22,1,ductal,ductal,smartseq2
12974,HP1525301T2D_J4,17,alpha,alpha,smartseq2
12975,HP1525301T2D_K10,7,activated_stellate,activated_stellate,smartseq2
12976,HP1525301T2D_F8,1,ductal,ductal,smartseq2
12977,HP1525301T2D_A13,1,ductal,ductal,smartseq2
12978,HP1525301T2D_G4,17,alpha,alpha,smartseq2
12979,HP1525301T2D_J13,17,alpha,alpha,smartseq2
12980,HP1525301T2D_G19,17,alpha,alpha,smartseq2
12981,HP1526901T2D_L17,17,alpha,alpha,smartseq2
12982,HP1525301T2D_A1,1,ductal,ductal,smartseq2
12983,HP1526901T2D_O2,7,activated_stellate,activated_stellate,smartseq2
12984,HP1526901T2D_O13,16,beta,Unmatched_16,smartseq2
12985,HP1526901T2D_A7,17,alpha,alpha,smartseq2
12986,HP1525301T2D_N13,17,alpha,alpha,smartseq2
12987,HP1526901T2D_D3,1,ductal,ductal,smartseq2
12988,HP1526901T2D_K18,17,alpha,alpha,smartseq2
12989,HP1525301T2D_D6,13,acinar,Unmatched_13,smartseq2
12990,HP1525301T2D_O3,13,acinar,Unmatched_13,smartseq2
12991,HP1525301T2D_N14,1,ductal,ductal,smartseq2
12992,HP1526901T2D_J1,3,delta,delta,smartseq2
12993,HP1525301T2D_J8,17,alpha,alpha,smartseq2
12994,HP1525301T2D_J9,1,ductal,ductal,smartseq2
12995,HP1525301T2D_P2,1,ductal,ductal,smartseq2
12996,HP1525301T2D_K12,1,ductal,ductal,smartseq2
12997,HP1526901T2D_H9,1,ductal,ductal,smartseq2
12998,HP1526901T2D_N23,16,beta,Unmatched_16,smartseq2
12999,HP1526901T2D_B1,16,beta,Unmatched_16,smartseq2
13000,HP1526901T2D_K10,17,alpha,alpha,smartseq2
13001,HP1526901T2D_M14,1,ductal,ductal,smartseq2
13002,HP1526901T2D_N1,16,beta,Unmatched_16,smartseq2
13003,HP1526901T2D_I7,17,alpha,alpha,smartseq2
13004,HP1526901T2D_A19,23,beta,epsilon,smartseq2
13005,HP1525301T2D_N18,16,beta,Unmatched_16,smartseq2
13006,HP1525301T2D_O17,1,ductal,ductal,smartseq2
13007,HP1526901T2D_C15,3,delta,delta,smartseq2
13008,HP1526901T2D_B23,1,ductal,ductal,smartseq2
13009,HP1526901T2D_I19,3,delta,delta,smartseq2
13010,HP1526901T2D_J19,17,alpha,alpha,smartseq2
13011,HP1525301T2D_G17,13,acinar,Unmatched_13,smartseq2
13012,HP1525301T2D_C5,17,alpha,alpha,smartseq2
13013,HP1526901T2D_C22,1,ductal,ductal,smartseq2
13014,HP1525301T2D_L3,1,ductal,ductal,smartseq2
13015,HP1526901T2D_D2,1,ductal,ductal,smartseq2
13016,HP1526901T2D_O3,18,gamma,gamma,smartseq2
13017,HP1526901T2D_P8,6,mast,t_cell,smartseq2
13018,HP1525301T2D_D5,1,ductal,ductal,smartseq2
13019,HP1526901T2D_L15,13,acinar,Unmatched_13,smartseq2
13020,HP1525301T2D_C23,13,acinar,Unmatched_13,smartseq2
13021,HP1526901T2D_G16,17,alpha,alpha,smartseq2
13022,HP1526901T2D_D8,17,alpha,alpha,smartseq2
13023,HP1526901T2D_I14,17,alpha,alpha,smartseq2
13024,HP1525301T2D_I15,1,ductal,ductal,smartseq2
13025,HP1526901T2D_E4,18,gamma,gamma,smartseq2
13026,HP1525301T2D_E13,17,alpha,alpha,smartseq2
13027,HP1526901T2D_M1,17,alpha,alpha,smartseq2
13028,HP1525301T2D_D23,16,beta,Unmatched_16,smartseq2
13029,HP1525301T2D_B8,18,gamma,gamma,smartseq2
13030,HP1526901T2D_A6,13,acinar,Unmatched_13,smartseq2
13031,HP1525301T2D_H10,23,beta,epsilon,smartseq2
13032,HP1526901T2D_J4,17,alpha,alpha,smartseq2
13033,HP1525301T2D_E15,1,ductal,ductal,smartseq2
13034,HP1525301T2D_L9,17,alpha,alpha,smartseq2
13035,HP1526901T2D_G10,17,alpha,alpha,smartseq2
13036,HP1525301T2D_A11,17,alpha,alpha,smartseq2
13037,HP1526901T2D_K2,17,alpha,alpha,smartseq2
13038,HP1526901T2D_B7,3,delta,delta,smartseq2
13039,HP1526901T2D_I13,16,beta,Unmatched_16,smartseq2
13040,HP1526901T2D_O7,3,delta,delta,smartseq2
13041,HP1526901T2D_I3,16,beta,Unmatched_16,smartseq2
13042,HP1526901T2D_M2,16,beta,Unmatched_16,smartseq2
13043,HP1526901T2D_N10,17,alpha,alpha,smartseq2
13044,HP1526901T2D_K1,1,ductal,ductal,smartseq2
13045,HP1526901T2D_I8,17,alpha,alpha,smartseq2
13046,HP1526901T2D_C23,1,ductal,ductal,smartseq2
13047,HP1526901T2D_H14,23,beta,epsilon,smartseq2
13048,HP1525301T2D_P11,17,alpha,alpha,smartseq2
13049,HP1526901T2D_L13,17,alpha,alpha,smartseq2
13050,HP1525301T2D_H11,1,ductal,ductal,smartseq2
13051,HP1525301T2D_P18,17,alpha,alpha,smartseq2
13052,HP1526901T2D_E17,4,mast,macrophage,smartseq2
13053,HP1526901T2D_E21,3,delta,delta,smartseq2
13054,HP1525301T2D_L6,1,ductal,ductal,smartseq2
13055,HP1525301T2D_F12,1,ductal,ductal,smartseq2
13056,HP1525301T2D_P19,1,ductal,ductal,smartseq2
13057,HP1526901T2D_C20,1,ductal,ductal,smartseq2
13058,HP1525301T2D_A14,1,ductal,ductal,smartseq2
13059,HP1525301T2D_C9,1,ductal,ductal,smartseq2
13060,HP1525301T2D_O6,9,alpha,Unmatched_9,smartseq2
13061,HP1525301T2D_M2,7,activated_stellate,activated_stellate,smartseq2
13062,HP1525301T2D_L5,13,acinar,Unmatched_13,smartseq2
13063,HP1526901T2D_E2,16,beta,Unmatched_16,smartseq2
13064,HP1526901T2D_I5,16,beta,Unmatched_16,smartseq2
13065,HP1525301T2D_C8,17,alpha,alpha,smartseq2
13066,HP1526901T2D_B11,17,alpha,alpha,smartseq2
13067,HP1525301T2D_A16,18,gamma,gamma,smartseq2
13068,HP1526901T2D_P11,16,beta,Unmatched_16,smartseq2
13069,HP1525301T2D_C7,13,acinar,Unmatched_13,smartseq2
13070,HP1526901T2D_O6,17,alpha,alpha,smartseq2
13071,HP1525301T2D_J20,1,ductal,ductal,smartseq2
13072,HP1526901T2D_M13,18,epsilon,gamma,smartseq2
13073,HP1526901T2D_E3,3,delta,delta,smartseq2
13074,HP1526901T2D_G18,17,alpha,alpha,smartseq2
13075,HP1525301T2D_N16,1,ductal,ductal,smartseq2
13076,HP1525301T2D_C15,1,ductal,ductal,smartseq2
13077,HP1525301T2D_B13,17,alpha,alpha,smartseq2
13078,HP1525301T2D_M5,13,acinar,Unmatched_13,smartseq2
13079,HP1526901T2D_F12,18,gamma,gamma,smartseq2
13080,HP1525301T2D_D14,1,ductal,ductal,smartseq2
13081,HP1526901T2D_J13,17,alpha,alpha,smartseq2
13082,HP1526901T2D_I12,13,acinar,Unmatched_13,smartseq2
13083,HP1526901T2D_P10,16,beta,Unmatched_16,smartseq2
13084,HP1525301T2D_P15,0,endothelial,endothelial,smartseq2
13085,HP1525301T2D_N20,1,ductal,ductal,smartseq2
13086,HP1525301T2D_P20,1,ductal,ductal,smartseq2
13087,HP1526901T2D_C16,17,alpha,alpha,smartseq2
13088,HP1525301T2D_L16,1,ductal,ductal,smartseq2
13089,HP1526901T2D_J14,17,alpha,alpha,smartseq2
13090,HP1525301T2D_G5,1,ductal,ductal,smartseq2
13091,HP1525301T2D_P4,1,ductal,ductal,smartseq2
13092,HP1526901T2D_N5,23,acinar,epsilon,smartseq2
13093,HP1525301T2D_I17,1,ductal,ductal,smartseq2
13094,HP1526901T2D_C4,17,alpha,alpha,smartseq2
13095,HP1526901T2D_H6,17,alpha,alpha,smartseq2
13096,HP1526901T2D_N21,1,ductal,ductal,smartseq2
13097,HP1525301T2D_M6,1,ductal,ductal,smartseq2
13098,HP1525301T2D_L17,16,beta,Unmatched_16,smartseq2
13099,HP1526901T2D_C17,16,beta,Unmatched_16,smartseq2
13100,HP1525301T2D_P9,17,alpha,alpha,smartseq2
13101,HP1526901T2D_F19,17,alpha,alpha,smartseq2
13102,HP1525301T2D_O8,1,ductal,ductal,smartseq2
13103,HP1525301T2D_N10,13,acinar,Unmatched_13,smartseq2
13104,HP1526901T2D_K19,1,ductal,ductal,smartseq2
13105,HP1525301T2D_J17,7,activated_stellate,activated_stellate,smartseq2
13106,HP1526901T2D_D9,17,alpha,alpha,smartseq2
13107,HP1525301T2D_D12,18,gamma,gamma,smartseq2
13108,HP1526901T2D_F8,1,ductal,ductal,smartseq2
13109,HP1526901T2D_P19,17,alpha,alpha,smartseq2
13110,HP1525301T2D_N1,1,ductal,ductal,smartseq2
13111,HP1525301T2D_B21,1,ductal,ductal,smartseq2
13112,HP1525301T2D_H16,1,ductal,ductal,smartseq2
13113,HP1526901T2D_E14,1,ductal,ductal,smartseq2
13114,HP1526901T2D_C11,16,beta,Unmatched_16,smartseq2
13115,HP1526901T2D_H21,1,ductal,ductal,smartseq2
13116,HP1525301T2D_M15,1,ductal,ductal,smartseq2
13117,HP1525301T2D_A5,17,alpha,alpha,smartseq2
13118,HP1526901T2D_L23,17,alpha,alpha,smartseq2
13119,HP1525301T2D_M10,17,alpha,alpha,smartseq2
13120,HP1526901T2D_N2,17,alpha,alpha,smartseq2
13121,HP1525301T2D_C19,1,ductal,ductal,smartseq2
13122,HP1526901T2D_O10,18,gamma,gamma,smartseq2
13123,HP1526901T2D_H19,17,alpha,alpha,smartseq2
13124,HP1526901T2D_C6,17,alpha,alpha,smartseq2
13125,HP1526901T2D_I9,7,activated_stellate,activated_stellate,smartseq2
13126,HP1526901T2D_E19,3,delta,delta,smartseq2
13127,HP1526901T2D_L21,17,alpha,alpha,smartseq2
13128,HP1525301T2D_K8,13,acinar,Unmatched_13,smartseq2
13129,HP1526901T2D_I11,3,delta,delta,smartseq2
13130,HP1526901T2D_E10,18,gamma,gamma,smartseq2
13131,HP1525301T2D_H8,23,alpha,epsilon,smartseq2
13132,HP1526901T2D_L12,18,gamma,gamma,smartseq2
13133,HP1525301T2D_B7,17,alpha,alpha,smartseq2
13134,HP1525301T2D_K2,1,ductal,ductal,smartseq2
13135,HP1526901T2D_H10,16,beta,Unmatched_16,smartseq2
13136,HP1525301T2D_M9,1,ductal,ductal,smartseq2
13137,HP1526901T2D_D1,17,alpha,alpha,smartseq2
13138,HP1525301T2D_K7,13,acinar,Unmatched_13,smartseq2
13139,HP1525301T2D_D21,8,activated_stellate,schwann,smartseq2
13140,HP1526901T2D_P1,17,alpha,alpha,smartseq2
13141,HP1526901T2D_E6,17,alpha,alpha,smartseq2
13142,HP1525301T2D_K5,13,acinar,Unmatched_13,smartseq2
13143,HP1526901T2D_M22,18,gamma,gamma,smartseq2
13144,HP1525301T2D_N15,1,ductal,ductal,smartseq2
13145,HP1525301T2D_B14,1,ductal,ductal,smartseq2
13146,HP1525301T2D_B18,17,alpha,alpha,smartseq2
13147,HP1526901T2D_J12,1,ductal,ductal,smartseq2
13148,HP1525301T2D_D4,1,ductal,ductal,smartseq2
13149,HP1526901T2D_M23,17,alpha,alpha,smartseq2
13150,HP1525301T2D_K19,17,alpha,alpha,smartseq2
13151,HP1525301T2D_G1,17,alpha,alpha,smartseq2
13152,HP1525301T2D_F3,13,acinar,Unmatched_13,smartseq2
13153,HP1526901T2D_F20,18,gamma,gamma,smartseq2
13154,HP1526901T2D_N14,17,alpha,alpha,smartseq2
13155,HP1525301T2D_G10,1,ductal,ductal,smartseq2
13156,HP1525301T2D_M17,3,delta,delta,smartseq2
13157,HP1525301T2D_H2,1,ductal,ductal,smartseq2
13158,HP1525301T2D_A7,3,delta,delta,smartseq2
13159,HP1526901T2D_A21,1,ductal,ductal,smartseq2
13160,HP1525301T2D_H1,1,ductal,ductal,smartseq2
13161,HP1526901T2D_F23,3,delta,delta,smartseq2
13162,HP1525301T2D_J19,17,alpha,alpha,smartseq2
13163,HP1526901T2D_G19,18,gamma,gamma,smartseq2
13164,HP1525301T2D_G18,17,alpha,alpha,smartseq2
13165,HP1526901T2D_G22,1,ductal,ductal,smartseq2
13166,HP1525301T2D_H18,1,ductal,ductal,smartseq2
13167,HP1526901T2D_C24,3,delta,delta,smartseq2
13168,HP1526901T2D_L6,16,beta,Unmatched_16,smartseq2
13169,HP1526901T2D_I4,17,alpha,alpha,smartseq2
13170,HP1525301T2D_O16,1,ductal,ductal,smartseq2
13171,HP1525301T2D_E16,17,alpha,alpha,smartseq2
13172,HP1526901T2D_B5,1,ductal,ductal,smartseq2
13173,HP1526901T2D_O4,1,ductal,ductal,smartseq2
13174,HP1526901T2D_P18,16,beta,Unmatched_16,smartseq2
13175,HP1525301T2D_I24,1,ductal,ductal,smartseq2
13176,HP1525301T2D_O24,1,ductal,ductal,smartseq2
13177,HP1526901T2D_D21,3,delta,delta,smartseq2
13178,HP1526901T2D_C10,16,beta,Unmatched_16,smartseq2
13179,HP1526901T2D_D14,17,gamma,alpha,smartseq2
13180,HP1526901T2D_C1,3,delta,delta,smartseq2
13181,HP1526901T2D_D12,1,ductal,ductal,smartseq2
13182,HP1526901T2D_E5,18,gamma,gamma,smartseq2
13183,HP1525301T2D_M20,1,ductal,ductal,smartseq2
13184,HP1526901T2D_G4,16,beta,Unmatched_16,smartseq2
13185,HP1526901T2D_P4,16,beta,Unmatched_16,smartseq2
13186,HP1526901T2D_B14,17,alpha,alpha,smartseq2
13187,HP1525301T2D_H17,1,ductal,ductal,smartseq2
13188,HP1525301T2D_C21,1,ductal,ductal,smartseq2
13189,HP1526901T2D_C2,17,alpha,alpha,smartseq2
13190,HP1525301T2D_L13,1,ductal,ductal,smartseq2
13191,HP1525301T2D_K17,1,ductal,ductal,smartseq2
13192,HP1526901T2D_K14,17,alpha,alpha,smartseq2
13193,HP1526901T2D_G9,18,gamma,gamma,smartseq2
13194,HP1526901T2D_I17,13,acinar,Unmatched_13,smartseq2
13195,HP1525301T2D_A3,17,alpha,alpha,smartseq2
13196,HP1525301T2D_N21,18,gamma,gamma,smartseq2
13197,HP1525301T2D_D8,1,ductal,ductal,smartseq2
13198,HP1525301T2D_N19,17,alpha,alpha,smartseq2
13199,HP1526901T2D_I22,16,beta,Unmatched_16,smartseq2
13200,HP1526901T2D_O8,16,beta,Unmatched_16,smartseq2
13201,HP1526901T2D_B13,18,gamma,gamma,smartseq2
13202,HP1526901T2D_H3,18,gamma,gamma,smartseq2
13203,HP1525301T2D_O5,17,alpha,alpha,smartseq2
13204,HP1526901T2D_M18,13,acinar,Unmatched_13,smartseq2
13205,HP1525301T2D_M12,1,ductal,ductal,smartseq2
13206,HP1526901T2D_J17,18,gamma,gamma,smartseq2
13207,HP1526901T2D_E16,13,acinar,Unmatched_13,smartseq2
13208,HP1525301T2D_N12,1,ductal,ductal,smartseq2
13209,HP1525301T2D_C11,1,ductal,ductal,smartseq2
13210,HP1526901T2D_D16,17,alpha,alpha,smartseq2
13211,HP1526901T2D_M16,17,alpha,alpha,smartseq2
13212,HP1525301T2D_D9,17,alpha,alpha,smartseq2
13213,HP1525301T2D_G8,16,beta,Unmatched_16,smartseq2
13214,HP1525301T2D_I8,1,ductal,ductal,smartseq2
13215,HP1525301T2D_O22,1,ductal,ductal,smartseq2
13216,HP1525301T2D_K1,1,ductal,ductal,smartseq2
13217,HP1525301T2D_E17,1,ductal,ductal,smartseq2
13218,HP1525301T2D_E22,17,alpha,alpha,smartseq2
13219,HP1525301T2D_K22,17,alpha,alpha,smartseq2
13220,HP1525301T2D_D15,1,ductal,ductal,smartseq2
13221,HP1526901T2D_H5,1,ductal,ductal,smartseq2
13222,HP1525301T2D_H20,17,alpha,alpha,smartseq2
13223,HP1525301T2D_N9,17,alpha,alpha,smartseq2
13224,HP1525301T2D_G21,1,ductal,ductal,smartseq2
13225,HP1525301T2D_M14,16,beta,Unmatched_16,smartseq2
13226,HP1526901T2D_A5,16,beta,Unmatched_16,smartseq2
13227,HP1525301T2D_O13,17,alpha,alpha,smartseq2
13228,HP1526901T2D_F18,16,beta,Unmatched_16,smartseq2
13229,HP1526901T2D_O19,13,acinar,Unmatched_13,smartseq2
13230,HP1526901T2D_D17,16,beta,Unmatched_16,smartseq2
13231,HP1525301T2D_E4,1,ductal,ductal,smartseq2
13232,HP1525301T2D_C22,1,ductal,ductal,smartseq2
13233,HP1525301T2D_B12,13,acinar,Unmatched_13,smartseq2
13234,HP1525301T2D_B3,1,ductal,ductal,smartseq2
13235,HP1526901T2D_K15,17,alpha,alpha,smartseq2
13236,HP1525301T2D_J1,17,alpha,alpha,smartseq2
13237,HP1525301T2D_N6,1,ductal,ductal,smartseq2
13238,HP1526901T2D_A14,16,beta,Unmatched_16,smartseq2
13239,HP1526901T2D_A13,23,delta,epsilon,smartseq2
13240,HP1526901T2D_N11,1,ductal,ductal,smartseq2
13241,HP1526901T2D_I15,17,alpha,alpha,smartseq2
13242,HP1526901T2D_B10,16,beta,Unmatched_16,smartseq2
13243,HP1526901T2D_K7,16,beta,Unmatched_16,smartseq2
13244,HP1526901T2D_H8,1,ductal,ductal,smartseq2
13245,HP1525301T2D_I16,1,ductal,ductal,smartseq2
13246,HP1526901T2D_N19,18,gamma,gamma,smartseq2
13247,HP1526901T2D_B3,1,ductal,ductal,smartseq2
13248,HP1526901T2D_G8,17,alpha,alpha,smartseq2
13249,HP1525301T2D_O11,18,gamma,gamma,smartseq2
13250,HP1525301T2D_E8,17,alpha,alpha,smartseq2
13251,HP1526901T2D_M3,18,gamma,gamma,smartseq2
13252,HP1526901T2D_I18,3,delta,delta,smartseq2
13253,HP1525301T2D_P23,1,ductal,ductal,smartseq2
13254,HP1525301T2D_N24,17,alpha,alpha,smartseq2
13255,HP1526901T2D_M7,17,alpha,alpha,smartseq2
13256,HP1526901T2D_N16,3,delta,delta,smartseq2
13257,HP1526901T2D_C8,13,acinar,Unmatched_13,smartseq2
13258,HP1525301T2D_O10,1,ductal,ductal,smartseq2
13259,HP1526901T2D_H2,13,acinar,Unmatched_13,smartseq2
13260,HP1526901T2D_I16,17,alpha,alpha,smartseq2
13261,HP1526901T2D_F7,18,gamma,gamma,smartseq2
13262,HP1525301T2D_K3,17,alpha,alpha,smartseq2
13263,HP1525301T2D_J10,3,delta,delta,smartseq2
13264,HP1526901T2D_N8,17,alpha,alpha,smartseq2
13265,HP1526901T2D_A8,17,alpha,alpha,smartseq2
13266,10th_C10_S104,1,ductal,ductal,fluidigmc1
13267,10th_C11_S96,10,beta,Unmatched_10,fluidigmc1
13268,10th_C13_S61,10,beta,Unmatched_10,fluidigmc1
13269,10th_C14_S53,10,beta,Unmatched_10,fluidigmc1
13270,10th_C16_S105,23,alpha,epsilon,fluidigmc1
13271,10th_C17_S97,10,beta,Unmatched_10,fluidigmc1
13272,10th_C19_S62,7,activated_stellate,activated_stellate,fluidigmc1
13273,10th_C1_S59,10,beta,Unmatched_10,fluidigmc1
13274,10th_C20_S54,10,beta,Unmatched_10,fluidigmc1
13275,10th_C23_S98,10,beta,Unmatched_10,fluidigmc1
13276,10th_C24_S90,1,ductal,ductal,fluidigmc1
13277,10th_C28_S91,15,alpha,Unmatched_15,fluidigmc1
13278,10th_C30_S107,15,alpha,Unmatched_15,fluidigmc1
13279,10th_C31_S48,15,alpha,Unmatched_15,fluidigmc1
13280,10th_C32_S56,23,beta,epsilon,fluidigmc1
13281,10th_C33_S64,10,beta,Unmatched_10,fluidigmc1
13282,10th_C34_S92,15,alpha,Unmatched_15,fluidigmc1
13283,10th_C37_S49,10,beta,Unmatched_10,fluidigmc1
13284,10th_C41_S101,15,alpha,Unmatched_15,fluidigmc1
13285,10th_C42_S109,13,acinar,Unmatched_13,fluidigmc1
13286,10th_C43_S50,15,alpha,Unmatched_15,fluidigmc1
13287,10th_C45_S66,15,alpha,Unmatched_15,fluidigmc1
13288,10th_C46_S94,0,endothelial,endothelial,fluidigmc1
13289,10th_C4_S103,1,ductal,ductal,fluidigmc1
13290,10th_C50_S73,15,alpha,Unmatched_15,fluidigmc1
13291,10th_C51_S80,23,beta,epsilon,fluidigmc1
13292,10th_C52_S110,15,alpha,Unmatched_15,fluidigmc1
13293,10th_C53_S118,17,alpha,alpha,fluidigmc1
13294,10th_C54_S124,1,ductal,ductal,fluidigmc1
13295,10th_C56_S74,23,activated_stellate,epsilon,fluidigmc1
13296,10th_C57_S81,15,alpha,Unmatched_15,fluidigmc1
13297,10th_C58_S111,23,gamma,epsilon,fluidigmc1
13298,10th_C5_S95,15,alpha,Unmatched_15,fluidigmc1
13299,10th_C61_S68,10,beta,Unmatched_10,fluidigmc1
13300,10th_C63_S82,23,acinar,epsilon,fluidigmc1
13301,10th_C64_S112,10,beta,Unmatched_10,fluidigmc1
13302,10th_C66_S126,23,beta,epsilon,fluidigmc1
13303,10th_C68_S75,1,ductal,ductal,fluidigmc1
13304,10th_C6_S88,18,gamma,gamma,fluidigmc1
13305,10th_C73_S84,1,ductal,ductal,fluidigmc1
13306,10th_C74_S76,15,alpha,Unmatched_15,fluidigmc1
13307,10th_C76_S128,11,delta,Unmatched_11,fluidigmc1
13308,10th_C77_S120,7,activated_stellate,activated_stellate,fluidigmc1
13309,10th_C78_S114,23,gamma,epsilon,fluidigmc1
13310,10th_C7_S60,1,ductal,ductal,fluidigmc1
13311,10th_C80_S77,1,ductal,ductal,fluidigmc1
13312,10th_C81_S70,10,beta,Unmatched_10,fluidigmc1
13313,10th_C84_S115,10,beta,Unmatched_10,fluidigmc1
13314,10th_C85_S86,10,beta,Unmatched_10,fluidigmc1
13315,10th_C86_S78,13,acinar,Unmatched_13,fluidigmc1
13316,10th_C87_S71,13,acinar,Unmatched_13,fluidigmc1
13317,10th_C88_S130,1,ductal,ductal,fluidigmc1
13318,10th_C8_S52,23,gamma,epsilon,fluidigmc1
13319,10th_C90_S116,15,alpha,Unmatched_15,fluidigmc1
13320,10th_C95_S123,15,alpha,Unmatched_15,fluidigmc1
13321,10th_C96_S117,15,alpha,Unmatched_15,fluidigmc1
13322,11th-C10_S63,18,gamma,gamma,fluidigmc1
13323,11th-C12_S47,15,alpha,Unmatched_15,fluidigmc1
13324,11th-C16_S64,7,activated_stellate,activated_stellate,fluidigmc1
13325,11th-C21_S4,10,beta,Unmatched_10,fluidigmc1
13326,11th-C22_S65,10,beta,Unmatched_10,fluidigmc1
13327,11th-C24_S49,1,ductal,ductal,fluidigmc1
13328,11th-C26_S12,1,ductal,ductal,fluidigmc1
13329,11th-C27_S19,10,beta,Unmatched_10,fluidigmc1
13330,11th-C2_S8,7,activated_stellate,activated_stellate,fluidigmc1
13331,11th-C30_S66,10,beta,Unmatched_10,fluidigmc1
13332,11th-C33_S20,1,delta,ductal,fluidigmc1
13333,11th-C36_S67,15,alpha,Unmatched_15,fluidigmc1
13334,11th-C37_S6,15,alpha,Unmatched_15,fluidigmc1
13335,11th-C39_S21,23,gamma,epsilon,fluidigmc1
13336,11th-C40_S52,7,activated_stellate,activated_stellate,fluidigmc1
13337,11th-C41_S60,10,beta,Unmatched_10,fluidigmc1
13338,11th-C43_S7,1,ductal,ductal,fluidigmc1
13339,11th-C44_S15,10,beta,Unmatched_10,fluidigmc1
13340,11th-C49_S23,10,beta,Unmatched_10,fluidigmc1
13341,11th-C4_S62,1,ductal,ductal,fluidigmc1
13342,11th-C51_S39,10,beta,Unmatched_10,fluidigmc1
13343,11th-C53_S78,10,beta,Unmatched_10,fluidigmc1
13344,11th-C54_S86,10,beta,Unmatched_10,fluidigmc1
13345,11th-C55_S24,1,ductal,ductal,fluidigmc1
13346,11th-C56_S32,7,activated_stellate,activated_stellate,fluidigmc1
13347,11th-C57_S40,15,alpha,Unmatched_15,fluidigmc1
13348,11th-C58_S71,1,ductal,ductal,fluidigmc1
13349,11th-C5_S54,15,alpha,Unmatched_15,fluidigmc1
13350,11th-C61_S25,15,alpha,Unmatched_15,fluidigmc1
13351,11th-C62_S33,15,alpha,Unmatched_15,fluidigmc1
13352,11th-C64_S72,13,acinar,Unmatched_13,fluidigmc1
13353,11th-C66_S88,10,beta,Unmatched_10,fluidigmc1
13354,11th-C67_S26,15,alpha,Unmatched_15,fluidigmc1
13355,11th-C68_S34,1,ductal,ductal,fluidigmc1
13356,11th-C77_S82,0,endothelial,endothelial,fluidigmc1
13357,11th-C7_S16,1,ductal,ductal,fluidigmc1
13358,11th-C93_S30,15,alpha,Unmatched_15,fluidigmc1
13359,12th-C10_S155,10,beta,Unmatched_10,fluidigmc1
13360,12th-C11_S147,15,alpha,Unmatched_15,fluidigmc1
13361,12th-C12_S139,10,beta,Unmatched_10,fluidigmc1
13362,12th-C14_S190,10,beta,Unmatched_10,fluidigmc1
13363,12th-C15_S183,10,beta,Unmatched_10,fluidigmc1
13364,12th-C1_S195,15,alpha,Unmatched_15,fluidigmc1
13365,12th-C20_S191,10,alpha,Unmatched_10,fluidigmc1
13366,12th-C21_S184,10,beta,Unmatched_10,fluidigmc1
13367,12th-C23_S149,15,alpha,Unmatched_15,fluidigmc1
13368,12th-C24_S141,10,beta,Unmatched_10,fluidigmc1
13369,12th-C25_S185,10,beta,Unmatched_10,fluidigmc1
13370,12th-C26_S192,10,beta,Unmatched_10,fluidigmc1
13371,12th-C28_S142,15,alpha,Unmatched_15,fluidigmc1
13372,12th-C29_S150,15,alpha,Unmatched_15,fluidigmc1
13373,12th-C30_S157,10,beta,Unmatched_10,fluidigmc1
13374,12th-C33_S200,10,beta,Unmatched_10,fluidigmc1
13375,12th-C35_S151,10,beta,Unmatched_10,fluidigmc1
13376,12th-C36_S158,7,activated_stellate,activated_stellate,fluidigmc1
13377,12th-C37_S187,15,alpha,Unmatched_15,fluidigmc1
13378,12th-C38_S194,10,beta,Unmatched_10,fluidigmc1
13379,12th-C39_S201,15,alpha,Unmatched_15,fluidigmc1
13380,12th-C3_S181,10,beta,Unmatched_10,fluidigmc1
13381,12th-C40_S144,10,beta,Unmatched_10,fluidigmc1
13382,12th-C42_S159,10,beta,Unmatched_10,fluidigmc1
13383,12th-C46_S145,7,activated_stellate,activated_stellate,fluidigmc1
13384,12th-C47_S153,10,beta,Unmatched_10,fluidigmc1
13385,12th-C48_S160,10,beta,Unmatched_10,fluidigmc1
13386,12th-C4_S154,10,beta,Unmatched_10,fluidigmc1
13387,12th-C50_S210,15,alpha,Unmatched_15,fluidigmc1
13388,12th-C51_S217,10,beta,Unmatched_10,fluidigmc1
13389,12th-C53_S168,13,acinar,Unmatched_13,fluidigmc1
13390,12th-C55_S203,10,beta,Unmatched_10,fluidigmc1
13391,12th-C56_S211,1,ductal,ductal,fluidigmc1
13392,12th-C57_S218,15,alpha,Unmatched_15,fluidigmc1
13393,12th-C58_S162,15,alpha,Unmatched_15,fluidigmc1
13394,12th-C59_S169,10,beta,Unmatched_10,fluidigmc1
13395,12th-C60_S176,10,beta,Unmatched_10,fluidigmc1
13396,12th-C63_S219,15,alpha,Unmatched_15,fluidigmc1
13397,12th-C64_S163,10,beta,Unmatched_10,fluidigmc1
13398,12th-C65_S170,10,beta,Unmatched_10,fluidigmc1
13399,12th-C67_S205,10,beta,Unmatched_10,fluidigmc1
13400,12th-C69_S135,0,endothelial,endothelial,fluidigmc1
13401,12th-C71_S171,15,alpha,Unmatched_15,fluidigmc1
13402,12th-C74_S214,10,beta,Unmatched_10,fluidigmc1
13403,12th-C75_S206,15,alpha,Unmatched_15,fluidigmc1
13404,12th-C76_S177,0,endothelial,endothelial,fluidigmc1
13405,12th-C7_S196,10,beta,Unmatched_10,fluidigmc1
13406,12th-C80_S215,15,alpha,Unmatched_15,fluidigmc1
13407,12th-C81_S207,15,alpha,Unmatched_15,fluidigmc1
13408,12th-C84_S165,10,beta,Unmatched_10,fluidigmc1
13409,12th-C85_S137,10,beta,Unmatched_10,fluidigmc1
13410,12th-C8_S189,23,beta,epsilon,fluidigmc1
13411,12th-C90_S166,10,beta,Unmatched_10,fluidigmc1
13412,12th-C93_S209,10,beta,Unmatched_10,fluidigmc1
13413,12th-C94_S180,7,activated_stellate,activated_stellate,fluidigmc1
13414,12th-C95_S174,15,alpha,Unmatched_15,fluidigmc1
13415,12th-C96_S167,10,beta,Unmatched_10,fluidigmc1
13416,13th_C12_S178,10,beta,Unmatched_10,fluidigmc1
13417,13th_C13_S149,15,alpha,Unmatched_15,fluidigmc1
13418,13th_C15_S134,10,beta,Unmatched_10,fluidigmc1
13419,13th_C16_S193,10,beta,Unmatched_10,fluidigmc1
13420,13th_C17_S186,10,beta,Unmatched_10,fluidigmc1
13421,13th_C18_S179,15,alpha,Unmatched_15,fluidigmc1
13422,13th_C1_S147,15,alpha,Unmatched_15,fluidigmc1
13423,13th_C20_S142,15,alpha,Unmatched_15,fluidigmc1
13424,13th_C21_S135,10,beta,Unmatched_10,fluidigmc1
13425,13th_C23_S187,0,endothelial,endothelial,fluidigmc1
13426,13th_C27_S151,13,acinar,Unmatched_13,fluidigmc1
13427,13th_C29_S188,15,alpha,Unmatched_15,fluidigmc1
13428,13th_C31_S137,15,alpha,Unmatched_15,fluidigmc1
13429,13th_C34_S181,10,beta,Unmatched_10,fluidigmc1
13430,13th_C36_S196,8,schwann,schwann,fluidigmc1
13431,13th_C38_S145,10,beta,Unmatched_10,fluidigmc1
13432,13th_C39_S153,10,beta,Unmatched_10,fluidigmc1
13433,13th_C3_S132,15,alpha,Unmatched_15,fluidigmc1
13434,13th_C46_S183,10,beta,Unmatched_10,fluidigmc1
13435,13th_C49_S155,1,ductal,ductal,fluidigmc1
13436,13th_C4_S191,15,alpha,Unmatched_15,fluidigmc1
13437,13th_C51_S170,11,delta,Unmatched_11,fluidigmc1
13438,13th_C52_S198,10,beta,Unmatched_10,fluidigmc1
13439,13th_C53_S205,15,alpha,Unmatched_15,fluidigmc1
13440,13th_C54_S212,15,alpha,Unmatched_15,fluidigmc1
13441,13th_C55_S156,15,alpha,Unmatched_15,fluidigmc1
13442,13th_C57_S171,10,beta,Unmatched_10,fluidigmc1
13443,13th_C5_S184,10,beta,Unmatched_10,fluidigmc1
13444,13th_C60_S213,15,alpha,Unmatched_15,fluidigmc1
13445,13th_C63_S172,10,beta,Unmatched_10,fluidigmc1
13446,13th_C66_S214,10,delta,Unmatched_10,fluidigmc1
13447,13th_C68_S165,10,beta,Unmatched_10,fluidigmc1
13448,13th_C69_S173,0,endothelial,endothelial,fluidigmc1
13449,13th_C6_S177,15,alpha,Unmatched_15,fluidigmc1
13450,13th_C70_S201,10,beta,Unmatched_10,fluidigmc1
13451,13th_C71_S208,10,beta,Unmatched_10,fluidigmc1
13452,13th_C72_S215,0,endothelial,endothelial,fluidigmc1
13453,13th_C75_S159,10,beta,Unmatched_10,fluidigmc1
13454,13th_C76_S216,15,alpha,Unmatched_15,fluidigmc1
13455,13th_C77_S209,15,alpha,Unmatched_15,fluidigmc1
13456,13th_C79_S174,15,alpha,Unmatched_15,fluidigmc1
13457,13th_C80_S167,10,beta,Unmatched_10,fluidigmc1
13458,13th_C81_S160,10,beta,Unmatched_10,fluidigmc1
13459,13th_C86_S168,15,alpha,Unmatched_15,fluidigmc1
13460,13th_C88_S218,15,alpha,Unmatched_15,fluidigmc1
13461,13th_C89_S211,10,beta,Unmatched_10,fluidigmc1
13462,13th_C8_S140,1,ductal,ductal,fluidigmc1
13463,13th_C92_S169,15,alpha,Unmatched_15,fluidigmc1
13464,13th_C93_S162,15,alpha,Unmatched_15,fluidigmc1
13465,13th_C94_S219,10,beta,Unmatched_10,fluidigmc1
13466,13th_C96_S204,10,beta,Unmatched_10,fluidigmc1
13467,1st-61_S27,10,beta,Unmatched_10,fluidigmc1
13468,1st-C11_S58,10,beta,Unmatched_10,fluidigmc1
13469,1st-C13_S19,10,beta,Unmatched_10,fluidigmc1
13470,1st-C15_S3,15,alpha,Unmatched_15,fluidigmc1
13471,1st-C18_S51,15,alpha,Unmatched_15,fluidigmc1
13472,1st-C19_S20,15,alpha,Unmatched_15,fluidigmc1
13473,1st-C20_S12,15,alpha,Unmatched_15,fluidigmc1
13474,1st-C21_S4,15,alpha,Unmatched_15,fluidigmc1
13475,1st-C32_S14,10,beta,Unmatched_10,fluidigmc1
13476,1st-C34_S54,7,activated_stellate,activated_stellate,fluidigmc1
13477,1st-C39_S23,10,beta,Unmatched_10,fluidigmc1
13478,1st-C42_S71,7,activated_stellate,activated_stellate,fluidigmc1
13479,1st-C50_S33,15,alpha,Unmatched_15,fluidigmc1
13480,1st-C51_S41,15,alpha,Unmatched_15,fluidigmc1
13481,1st-C53_S74,15,alpha,Unmatched_15,fluidigmc1
13482,1st-C56_S34,15,alpha,Unmatched_15,fluidigmc1
13483,1st-C57_S42,15,alpha,Unmatched_15,fluidigmc1
13484,1st-C58_S76,10,beta,Unmatched_10,fluidigmc1
13485,1st-C59_S77,15,alpha,Unmatched_15,fluidigmc1
13486,1st-C62_S35,15,alpha,Unmatched_15,fluidigmc1
13487,1st-C64_S79,10,beta,Unmatched_10,fluidigmc1
13488,1st-C68_S36,15,alpha,Unmatched_15,fluidigmc1
13489,1st-C69_S44,11,delta,Unmatched_11,fluidigmc1
13490,1st-C71_S83,15,alpha,Unmatched_15,fluidigmc1
13491,1st-C73_S45,15,alpha,Unmatched_15,fluidigmc1
13492,1st-C74_S37,15,alpha,Unmatched_15,fluidigmc1
13493,1st-C75_S29,23,alpha,epsilon,fluidigmc1
13494,1st-C77_S86,23,beta,epsilon,fluidigmc1
13495,1st-C78_S85,15,alpha,Unmatched_15,fluidigmc1
13496,1st-C79_S46,10,beta,Unmatched_10,fluidigmc1
13497,1st-C80_S38,15,alpha,Unmatched_15,fluidigmc1
13498,1st-C8_S10,15,alpha,Unmatched_15,fluidigmc1
13499,1st-C90_S91,10,beta,Unmatched_10,fluidigmc1
13500,1st-C96_S94,10,beta,Unmatched_10,fluidigmc1
13501,2nd-C11_S20,15,alpha,Unmatched_15,fluidigmc1
13502,2nd-C15_S25,10,beta,Unmatched_10,fluidigmc1
13503,2nd-C16_S33,15,alpha,Unmatched_15,fluidigmc1
13504,2nd-C17_S32,10,beta,Unmatched_10,fluidigmc1
13505,2nd-C19_S39,10,beta,Unmatched_10,fluidigmc1
13506,2nd-C1_S3,15,alpha,Unmatched_15,fluidigmc1
13507,2nd-C21_S37,0,endothelial,endothelial,fluidigmc1
13508,2nd-C25_S49,11,delta,Unmatched_11,fluidigmc1
13509,2nd-C26_S50,15,alpha,Unmatched_15,fluidigmc1
13510,2nd-C27_S51,10,beta,Unmatched_10,fluidigmc1
13511,2nd-C28_S55,15,alpha,Unmatched_15,fluidigmc1
13512,2nd-C29_S56,15,alpha,Unmatched_15,fluidigmc1
13513,2nd-C2_S2,0,endothelial,endothelial,fluidigmc1
13514,2nd-C31_S61,15,alpha,Unmatched_15,fluidigmc1
13515,2nd-C32_S62,10,beta,Unmatched_10,fluidigmc1
13516,2nd-C36_S69,15,alpha,Unmatched_15,fluidigmc1
13517,2nd-C37_S73,10,beta,Unmatched_10,fluidigmc1
13518,2nd-C38_S74,10,beta,Unmatched_10,fluidigmc1
13519,2nd-C39_S75,15,alpha,Unmatched_15,fluidigmc1
13520,2nd-C3_S1,15,alpha,Unmatched_15,fluidigmc1
13521,2nd-C47_S92,15,alpha,Unmatched_15,fluidigmc1
13522,2nd-C49_S4,10,beta,Unmatched_10,fluidigmc1
13523,2nd-C4_S9,15,alpha,Unmatched_15,fluidigmc1
13524,2nd-C51_S6,10,beta,Unmatched_10,fluidigmc1
13525,2nd-C52_S10,10,beta,Unmatched_10,fluidigmc1
13526,2nd-C54_S12,7,activated_stellate,activated_stellate,fluidigmc1
13527,2nd-C57_S18,15,alpha,Unmatched_15,fluidigmc1
13528,2nd-C58_S22,15,alpha,Unmatched_15,fluidigmc1
13529,2nd-C5_S8,10,beta,Unmatched_10,fluidigmc1
13530,2nd-C62_S29,10,beta,Unmatched_10,fluidigmc1
13531,2nd-C67_S40,15,alpha,Unmatched_15,fluidigmc1
13532,2nd-C69_S42,15,alpha,Unmatched_15,fluidigmc1
13533,2nd-C6_S7,15,alpha,Unmatched_15,fluidigmc1
13534,2nd-C72_S48,10,beta,Unmatched_10,fluidigmc1
13535,2nd-C74_S53,15,alpha,Unmatched_15,fluidigmc1
13536,2nd-C75_S52,15,alpha,Unmatched_15,fluidigmc1
13537,2nd-C76_S60,10,beta,Unmatched_10,fluidigmc1
13538,2nd-C77_S59,15,alpha,Unmatched_15,fluidigmc1
13539,2nd-C7_S15,10,beta,Unmatched_10,fluidigmc1
13540,2nd-C80_S65,15,alpha,Unmatched_15,fluidigmc1
13541,2nd-C81_S64,10,beta,Unmatched_10,fluidigmc1
13542,2nd-C83_S71,15,alpha,Unmatched_15,fluidigmc1
13543,2nd-C86_S77,10,beta,Unmatched_10,fluidigmc1
13544,2nd-C87_S76,23,beta,epsilon,fluidigmc1
13545,2nd-C88_S84,10,beta,Unmatched_10,fluidigmc1
13546,2nd-C8_S14,15,alpha,Unmatched_15,fluidigmc1
13547,2nd-C93_S88,10,beta,Unmatched_10,fluidigmc1
13548,2nd-C94_S96,15,alpha,Unmatched_15,fluidigmc1
13549,2nd-C95_S95,10,beta,Unmatched_10,fluidigmc1
13550,3rd-C11_S58,10,beta,Unmatched_10,fluidigmc1
13551,3rd-C12_S68,15,alpha,Unmatched_15,fluidigmc1
13552,3rd-C18_S80,15,alpha,Unmatched_15,fluidigmc1
13553,3rd-C1_S39,23,delta,epsilon,fluidigmc1
13554,3rd-C20_S22,1,ductal,ductal,fluidigmc1
13555,3rd-C21_S11,15,alpha,Unmatched_15,fluidigmc1
13556,3rd-C23_S94,15,alpha,Unmatched_15,fluidigmc1
13557,3rd-C25_S15,10,beta,Unmatched_10,fluidigmc1
13558,3rd-C26_S28,15,alpha,Unmatched_15,fluidigmc1
13559,3rd-C27_S49,15,alpha,Unmatched_15,fluidigmc1
13560,3rd-C32_S31,15,alpha,Unmatched_15,fluidigmc1
13561,3rd-C33_S50,10,beta,Unmatched_10,fluidigmc1
13562,3rd-C35_S23,2,quiescent_stellate,quiescent_stellate,fluidigmc1
13563,3rd-C36_S2,10,beta,Unmatched_10,fluidigmc1
13564,3rd-C3_S2,15,alpha,Unmatched_15,fluidigmc1
13565,3rd-C40_S57,18,gamma,gamma,fluidigmc1
13566,3rd-C42_S74,23,activated_stellate,epsilon,fluidigmc1
13567,3rd-C44_S32,18,gamma,gamma,fluidigmc1
13568,3rd-C46_S93,15,alpha,Unmatched_15,fluidigmc1
13569,3rd-C47_S35,18,gamma,gamma,fluidigmc1
13570,3rd-C49_S60,15,alpha,Unmatched_15,fluidigmc1
13571,3rd-C4_S25,10,beta,Unmatched_10,fluidigmc1
13572,3rd-C51_S87,7,activated_stellate,activated_stellate,fluidigmc1
13573,3rd-C52_S86,15,alpha,Unmatched_15,fluidigmc1
13574,3rd-C53_S67,23,gamma,epsilon,fluidigmc1
13575,3rd-C56_S90,10,beta,Unmatched_10,fluidigmc1
13576,3rd-C57_S5,15,alpha,Unmatched_15,fluidigmc1
13577,3rd-C58_S3,10,beta,Unmatched_10,fluidigmc1
13578,3rd-C59_S91,10,beta,Unmatched_10,fluidigmc1
13579,3rd-C60_S10,10,beta,Unmatched_10,fluidigmc1
13580,3rd-C61_S64,15,alpha,Unmatched_15,fluidigmc1
13581,3rd-C63_S54,17,alpha,alpha,fluidigmc1
13582,3rd-C65_S20,10,beta,Unmatched_10,fluidigmc1
13583,3rd-C67_S69,15,alpha,Unmatched_15,fluidigmc1
13584,3rd-C68_S13,11,delta,Unmatched_11,fluidigmc1
13585,3rd-C69_S78,15,alpha,Unmatched_15,fluidigmc1
13586,3rd-C6_S44,5,mast,mast,fluidigmc1
13587,3rd-C71_S80,10,beta,Unmatched_10,fluidigmc1
13588,3rd-C76_S22,15,alpha,Unmatched_15,fluidigmc1
13589,3rd-C79_S67,15,alpha,Unmatched_15,fluidigmc1
13590,3rd-C7_S40,15,alpha,Unmatched_15,fluidigmc1
13591,3rd-C82_S11,10,beta,Unmatched_10,fluidigmc1
13592,3rd-C84_S75,10,beta,Unmatched_10,fluidigmc1
13593,3rd-C85_S79,15,alpha,Unmatched_15,fluidigmc1
13594,3rd-C85_S83,15,alpha,Unmatched_15,fluidigmc1
13595,3rd-C86_S85,11,delta,Unmatched_11,fluidigmc1
13596,3rd-C87_S88,10,beta,Unmatched_10,fluidigmc1
13597,3rd-C88_S24,10,beta,Unmatched_10,fluidigmc1
13598,3rd-C91_S91,15,alpha,Unmatched_15,fluidigmc1
13599,3rd-C92_S86,10,beta,Unmatched_10,fluidigmc1
13600,3rd-C95_S81,15,alpha,Unmatched_15,fluidigmc1
13601,3rd-C96_S79,10,beta,Unmatched_10,fluidigmc1
13602,3rd-C9_S5,15,alpha,Unmatched_15,fluidigmc1
13603,4th-61_S28,10,beta,Unmatched_10,fluidigmc1
13604,4th-C12_S19,15,alpha,Unmatched_15,fluidigmc1
13605,4th-C14_S26,10,beta,Unmatched_10,fluidigmc1
13606,4th-C18_S31,15,alpha,Unmatched_15,fluidigmc1
13607,4th-C22_S45,15,alpha,Unmatched_15,fluidigmc1
13608,4th-C23_S44,15,alpha,Unmatched_15,fluidigmc1
13609,4th-C24_S43,10,beta,Unmatched_10,fluidigmc1
13610,4th-C26_S50,10,delta,Unmatched_10,fluidigmc1
13611,4th-C27_S51,13,acinar,Unmatched_13,fluidigmc1
13612,4th-C28_S55,10,beta,Unmatched_10,fluidigmc1
13613,4th-C29_S56,15,alpha,Unmatched_15,fluidigmc1
13614,4th-C32_S62,23,delta,epsilon,fluidigmc1
13615,4th-C33_S63,15,alpha,Unmatched_15,fluidigmc1
13616,4th-C35_S68,15,alpha,Unmatched_15,fluidigmc1
13617,4th-C36_S69,15,alpha,Unmatched_15,fluidigmc1
13618,4th-C37_S73,15,alpha,Unmatched_15,fluidigmc1
13619,4th-C3_S1,8,schwann,schwann,fluidigmc1
13620,4th-C40_S79,15,alpha,Unmatched_15,fluidigmc1
13621,4th-C43_S85,15,alpha,Unmatched_15,fluidigmc1
13622,4th-C45_S87,10,beta,Unmatched_10,fluidigmc1
13623,4th-C49_S4,10,beta,Unmatched_10,fluidigmc1
13624,4th-C4_S9,15,alpha,Unmatched_15,fluidigmc1
13625,4th-C50_S5,15,alpha,Unmatched_15,fluidigmc1
13626,4th-C51_S6,15,alpha,Unmatched_15,fluidigmc1
13627,4th-C56_S17,15,alpha,Unmatched_15,fluidigmc1
13628,4th-C57_S18,23,alpha,epsilon,fluidigmc1
13629,4th-C59_S23,15,alpha,Unmatched_15,fluidigmc1
13630,4th-C5_S8,10,beta,Unmatched_10,fluidigmc1
13631,4th-C62_S29,15,alpha,Unmatched_15,fluidigmc1
13632,4th-C63_S30,15,alpha,Unmatched_15,fluidigmc1
13633,4th-C64_S34,15,alpha,Unmatched_15,fluidigmc1
13634,4th-C66_S36,15,alpha,Unmatched_15,fluidigmc1
13635,4th-C67_S40,10,beta,Unmatched_10,fluidigmc1
13636,4th-C68_S41,15,alpha,Unmatched_15,fluidigmc1
13637,4th-C69_S42,15,alpha,Unmatched_15,fluidigmc1
13638,4th-C70_S46,23,ductal,epsilon,fluidigmc1
13639,4th-C73_S54,15,alpha,Unmatched_15,fluidigmc1
13640,4th-C75_S52,15,alpha,Unmatched_15,fluidigmc1
13641,4th-C78_S58,0,endothelial,endothelial,fluidigmc1
13642,4th-C79_S66,15,alpha,Unmatched_15,fluidigmc1
13643,4th-C7_S15,10,beta,Unmatched_10,fluidigmc1
13644,4th-C80_S65,23,alpha,epsilon,fluidigmc1
13645,4th-C81_S64,1,ductal,ductal,fluidigmc1
13646,4th-C82_S72,15,alpha,Unmatched_15,fluidigmc1
13647,4th-C83_S71,15,alpha,Unmatched_15,fluidigmc1
13648,4th-C85_S78,11,delta,Unmatched_11,fluidigmc1
13649,4th-C86_S77,15,alpha,Unmatched_15,fluidigmc1
13650,4th-C87_S76,23,delta,epsilon,fluidigmc1
13651,4th-C88_S84,15,alpha,Unmatched_15,fluidigmc1
13652,4th-C89_S83,10,delta,Unmatched_10,fluidigmc1
13653,4th-C8_S14,10,beta,Unmatched_10,fluidigmc1
13654,4th-C92_S89,15,alpha,Unmatched_15,fluidigmc1
13655,4th-C93_S88,10,beta,Unmatched_10,fluidigmc1
13656,4th-C94_S96,9,alpha,Unmatched_9,fluidigmc1
13657,4th-C95_S95,13,acinar,Unmatched_13,fluidigmc1
13658,4th-C96_S94,15,alpha,Unmatched_15,fluidigmc1
13659,4th-C9_S13,15,alpha,Unmatched_15,fluidigmc1
13660,5th-C10_S92,13,acinar,Unmatched_13,fluidigmc1
13661,5th-C11_S91,1,ductal,ductal,fluidigmc1
13662,5th-C12_S90,10,beta,Unmatched_10,fluidigmc1
13663,5th-C14_S97,23,beta,epsilon,fluidigmc1
13664,5th-C16_S98,23,beta,epsilon,fluidigmc1
13665,5th-C18_S96,23,beta,epsilon,fluidigmc1
13666,5th-C19_S104,23,acinar,epsilon,fluidigmc1
13667,5th-C21_S102,15,alpha,Unmatched_15,fluidigmc1
13668,5th-C25_S108,23,beta,epsilon,fluidigmc1
13669,5th-C30_S105,1,ductal,ductal,fluidigmc1
13670,5th-C34_S108,15,alpha,Unmatched_15,fluidigmc1
13671,5th-C35_S109,23,delta,epsilon,fluidigmc1
13672,5th-C40_S112,23,acinar,epsilon,fluidigmc1
13673,5th-C41_S113,1,ductal,ductal,fluidigmc1
13674,5th-C42_S114,23,acinar,epsilon,fluidigmc1
13675,5th-C43_S121,1,ductal,ductal,fluidigmc1
13676,5th-C45_S123,23,acinar,epsilon,fluidigmc1
13677,5th-C47_S118,1,endothelial,ductal,fluidigmc1
13678,5th-C49_S89,10,beta,Unmatched_10,fluidigmc1
13679,5th-C50_S90,23,acinar,epsilon,fluidigmc1
13680,5th-C54_S89,23,acinar,epsilon,fluidigmc1
13681,5th-C56_S95,23,acinar,epsilon,fluidigmc1
13682,5th-C57_S96,1,ductal,ductal,fluidigmc1
13683,5th-C58_S93,23,acinar,epsilon,fluidigmc1
13684,5th-C59_S94,23,alpha,epsilon,fluidigmc1
13685,5th-C5_S85,10,beta,Unmatched_10,fluidigmc1
13686,5th-C64_S99,23,beta,epsilon,fluidigmc1
13687,5th-C66_S101,15,alpha,Unmatched_15,fluidigmc1
13688,5th-C67_S105,0,endothelial,endothelial,fluidigmc1
13689,5th-C68_S106,15,alpha,Unmatched_15,fluidigmc1
13690,5th-C69_S107,15,alpha,Unmatched_15,fluidigmc1
13691,5th-C6_S84,15,alpha,Unmatched_15,fluidigmc1
13692,5th-C70_S103,15,alpha,Unmatched_15,fluidigmc1
13693,5th-C73_S111,13,acinar,Unmatched_13,fluidigmc1
13694,5th-C74_S110,15,alpha,Unmatched_15,fluidigmc1
13695,5th-C77_S107,15,alpha,Unmatched_15,fluidigmc1
13696,5th-C7_S93,10,alpha,Unmatched_10,fluidigmc1
13697,5th-C80_S116,10,beta,Unmatched_10,fluidigmc1
13698,5th-C81_S115,23,acinar,epsilon,fluidigmc1
13699,5th-C83_S111,3,delta,delta,fluidigmc1
13700,5th-C87_S119,15,alpha,Unmatched_15,fluidigmc1
13701,5th-C88_S117,23,acinar,epsilon,fluidigmc1
13702,5th-C90_S115,23,beta,epsilon,fluidigmc1
13703,5th-C92_S124,23,alpha,epsilon,fluidigmc1
13704,5th-C9_S92,23,gamma,epsilon,fluidigmc1
13705,6th-C12_S18,10,beta,Unmatched_10,fluidigmc1
13706,6th-C15_S22,10,beta,Unmatched_10,fluidigmc1
13707,6th-C16_S29,10,beta,Unmatched_10,fluidigmc1
13708,6th-C19_S35,10,beta,Unmatched_10,fluidigmc1
13709,6th-C1_S3,10,beta,Unmatched_10,fluidigmc1
13710,6th-C20_S34,10,beta,Unmatched_10,fluidigmc1
13711,6th-C21_S33,15,alpha,Unmatched_15,fluidigmc1
13712,6th-C22_S39,10,beta,Unmatched_10,fluidigmc1
13713,6th-C23_S38,10,delta,Unmatched_10,fluidigmc1
13714,6th-C24_S37,3,delta,delta,fluidigmc1
13715,6th-C25_S43,10,beta,Unmatched_10,fluidigmc1
13716,6th-C28_S49,10,beta,Unmatched_10,fluidigmc1
13717,6th-C29_S50,10,beta,Unmatched_10,fluidigmc1
13718,6th-C2_S2,10,beta,Unmatched_10,fluidigmc1
13719,6th-C30_S51,10,beta,Unmatched_10,fluidigmc1
13720,6th-C34_S61,15,alpha,Unmatched_15,fluidigmc1
13721,6th-C40_S73,10,beta,Unmatched_10,fluidigmc1
13722,6th-C42_S75,10,beta,Unmatched_10,fluidigmc1
13723,6th-C45_S81,15,alpha,Unmatched_15,fluidigmc1
13724,6th-C51_S6,10,beta,Unmatched_10,fluidigmc1
13725,6th-C53_S10,23,alpha,epsilon,fluidigmc1
13726,6th-C54_S11,10,beta,Unmatched_10,fluidigmc1
13727,6th-C57_S17,10,beta,Unmatched_10,fluidigmc1
13728,6th-C58_S20,10,beta,Unmatched_10,fluidigmc1
13729,6th-C59_S21,10,beta,Unmatched_10,fluidigmc1
13730,6th-C5_S8,15,alpha,Unmatched_15,fluidigmc1
13731,6th-C62_S25,10,schwann,Unmatched_10,fluidigmc1
13732,6th-C63_S26,23,schwann,epsilon,fluidigmc1
13733,6th-C64_S30,10,beta,Unmatched_10,fluidigmc1
13734,6th-C65_S31,15,alpha,Unmatched_15,fluidigmc1
13735,6th-C66_S32,10,beta,Unmatched_10,fluidigmc1
13736,6th-C67_S36,10,beta,Unmatched_10,fluidigmc1
13737,6th-C71_S41,10,beta,Unmatched_10,fluidigmc1
13738,6th-C73_S48,10,beta,Unmatched_10,fluidigmc1
13739,6th-C75_S46,10,beta,Unmatched_10,fluidigmc1
13740,6th-C77_S53,10,beta,Unmatched_10,fluidigmc1
13741,6th-C79_S60,10,beta,Unmatched_10,fluidigmc1
13742,6th-C80_S59,10,beta,Unmatched_10,fluidigmc1
13743,6th-C82_S66,10,beta,Unmatched_10,fluidigmc1
13744,6th-C83_S65,15,alpha,Unmatched_15,fluidigmc1
13745,6th-C84_S64,10,beta,Unmatched_10,fluidigmc1
13746,6th-C85_S72,10,beta,Unmatched_10,fluidigmc1
13747,6th-C87_S70,15,alpha,Unmatched_15,fluidigmc1
13748,6th-C89_S77,10,beta,Unmatched_10,fluidigmc1
13749,6th-C90_S76,10,beta,Unmatched_10,fluidigmc1
13750,6th-C91_S84,10,beta,Unmatched_10,fluidigmc1
13751,6th-C93_S82,10,beta,Unmatched_10,fluidigmc1
13752,6th-C9_S12,15,alpha,Unmatched_15,fluidigmc1
13753,7th-C10_S19,10,beta,Unmatched_10,fluidigmc1
13754,7th-C11_S18,15,alpha,Unmatched_15,fluidigmc1
13755,7th-C12_S17,10,beta,Unmatched_10,fluidigmc1
13756,7th-C14_S24,15,alpha,Unmatched_15,fluidigmc1
13757,7th-C15_S23,23,delta,epsilon,fluidigmc1
13758,7th-C17_S29,23,ductal,epsilon,fluidigmc1
13759,7th-C19_S36,10,beta,Unmatched_10,fluidigmc1
13760,7th-C1_S3,10,beta,Unmatched_10,fluidigmc1
13761,7th-C20_S35,10,beta,Unmatched_10,fluidigmc1
13762,7th-C21_S34,10,beta,Unmatched_10,fluidigmc1
13763,7th-C24_S40,23,gamma,epsilon,fluidigmc1
13764,7th-C25_S43,10,beta,Unmatched_10,fluidigmc1
13765,7th-C28_S48,10,beta,Unmatched_10,fluidigmc1
13766,7th-C2_S2,10,beta,Unmatched_10,fluidigmc1
13767,7th-C31_S53,10,beta,Unmatched_10,fluidigmc1
13768,7th-C32_S54,15,alpha,Unmatched_15,fluidigmc1
13769,7th-C34_S59,15,alpha,Unmatched_15,fluidigmc1
13770,7th-C36_S61,15,alpha,Unmatched_15,fluidigmc1
13771,7th-C3_S1,10,beta,Unmatched_10,fluidigmc1
13772,7th-C40_S70,4,macrophage,macrophage,fluidigmc1
13773,7th-C44_S76,5,mast,mast,fluidigmc1
13774,7th-C45_S77,10,beta,Unmatched_10,fluidigmc1
13775,7th-C47_S81,1,ductal,ductal,fluidigmc1
13776,7th-C49_S4,15,alpha,Unmatched_15,fluidigmc1
13777,7th-C4_S8,10,beta,Unmatched_10,fluidigmc1
13778,7th-C50_S5,10,beta,Unmatched_10,fluidigmc1
13779,7th-C52_S9,10,beta,Unmatched_10,fluidigmc1
13780,7th-C53_S10,10,beta,Unmatched_10,fluidigmc1
13781,7th-C56_S15,23,delta,epsilon,fluidigmc1
13782,7th-C57_S16,10,beta,Unmatched_10,fluidigmc1
13783,7th-C58_S20,15,alpha,Unmatched_15,fluidigmc1
13784,7th-C59_S21,10,beta,Unmatched_10,fluidigmc1
13785,7th-C60_S22,10,beta,Unmatched_10,fluidigmc1
13786,7th-C62_S27,10,beta,Unmatched_10,fluidigmc1
13787,7th-C64_S31,10,beta,Unmatched_10,fluidigmc1
13788,7th-C65_S32,10,beta,Unmatched_10,fluidigmc1
13789,7th-C66_S33,10,beta,Unmatched_10,fluidigmc1
13790,7th-C68_S38,23,delta,epsilon,fluidigmc1
13791,7th-C69_S39,15,alpha,Unmatched_15,fluidigmc1
13792,7th-C72_S42,23,delta,epsilon,fluidigmc1
13793,7th-C73_S47,10,beta,Unmatched_10,fluidigmc1
13794,7th-C76_S52,1,ductal,ductal,fluidigmc1
13795,7th-C77_S51,10,beta,Unmatched_10,fluidigmc1
13796,7th-C79_S58,15,alpha,Unmatched_15,fluidigmc1
13797,7th-C80_S57,10,beta,Unmatched_10,fluidigmc1
13798,7th-C81_S56,1,ductal,ductal,fluidigmc1
13799,7th-C82_S64,23,gamma,epsilon,fluidigmc1
13800,7th-C84_S62,10,beta,Unmatched_10,fluidigmc1
13801,7th-C85_S69,15,alpha,Unmatched_15,fluidigmc1
13802,7th-C88_S75,1,ductal,ductal,fluidigmc1
13803,7th-C89_S74,10,beta,Unmatched_10,fluidigmc1
13804,7th-C8_S13,10,beta,Unmatched_10,fluidigmc1
13805,7th-C90_S73,10,beta,Unmatched_10,fluidigmc1
13806,7th-C94_S83,10,beta,Unmatched_10,fluidigmc1
13807,7th-C96_S82,10,beta,Unmatched_10,fluidigmc1
13808,8th-C10_S100,10,beta,Unmatched_10,fluidigmc1
13809,8th-C11_S99,15,alpha,Unmatched_15,fluidigmc1
13810,8th-C18_S110,10,beta,Unmatched_10,fluidigmc1
13811,8th-C20_S116,15,alpha,Unmatched_15,fluidigmc1
13812,8th-C21_S115,15,alpha,Unmatched_15,fluidigmc1
13813,8th-C23_S121,15,alpha,Unmatched_15,fluidigmc1
13814,8th-C24_S120,10,beta,Unmatched_10,fluidigmc1
13815,8th-C26_S126,15,alpha,Unmatched_15,fluidigmc1
13816,8th-C28_S131,15,alpha,Unmatched_15,fluidigmc1
13817,8th-C2_S85,10,beta,Unmatched_10,fluidigmc1
13818,8th-C34_S141,15,alpha,Unmatched_15,fluidigmc1
13819,8th-C37_S146,15,alpha,Unmatched_15,fluidigmc1
13820,8th-C38_S147,10,beta,Unmatched_10,fluidigmc1
13821,8th-C44_S155,10,beta,Unmatched_10,fluidigmc1
13822,8th-C47_S160,10,beta,Unmatched_10,fluidigmc1
13823,8th-C55_S96,15,alpha,Unmatched_15,fluidigmc1
13824,8th-C57_S98,15,alpha,Unmatched_15,fluidigmc1
13825,8th-C58_S101,15,alpha,Unmatched_15,fluidigmc1
13826,8th-C59_S102,15,alpha,Unmatched_15,fluidigmc1
13827,8th-C61_S107,10,beta,Unmatched_10,fluidigmc1
13828,8th-C64_S112,15,alpha,Unmatched_15,fluidigmc1
13829,8th-C65_S113,10,beta,Unmatched_10,fluidigmc1
13830,8th-C67_S117,1,ductal,ductal,fluidigmc1
13831,8th-C69_S119,18,gamma,gamma,fluidigmc1
13832,8th-C6_S88,11,delta,Unmatched_11,fluidigmc1
13833,8th-C70_S123,10,beta,Unmatched_10,fluidigmc1
13834,8th-C73_S130,1,ductal,ductal,fluidigmc1
13835,8th-C74_S129,15,alpha,Unmatched_15,fluidigmc1
13836,8th-C75_S128,10,beta,Unmatched_10,fluidigmc1
13837,8th-C79_S140,15,alpha,Unmatched_15,fluidigmc1
13838,8th-C7_S95,15,alpha,Unmatched_15,fluidigmc1
13839,8th-C84_S143,3,delta,delta,fluidigmc1
13840,8th-C85_S150,15,alpha,Unmatched_15,fluidigmc1
13841,8th-C87_S148,10,beta,Unmatched_10,fluidigmc1
13842,8th-C90_S152,15,alpha,Unmatched_15,fluidigmc1
13843,8th-C91_S158,18,gamma,gamma,fluidigmc1
13844,8th-C92_S157,23,gamma,epsilon,fluidigmc1
13845,8th-C94_S162,15,alpha,Unmatched_15,fluidigmc1
13846,8th-C95_S161,15,alpha,Unmatched_15,fluidigmc1
13847,9th-C10_S18,10,beta,Unmatched_10,fluidigmc1
13848,9th-C11_S17,10,beta,Unmatched_10,fluidigmc1
13849,9th-C13_S24,10,beta,Unmatched_10,fluidigmc1
13850,9th-C14_S23,10,beta,Unmatched_10,fluidigmc1
13851,9th-C15_S22,15,alpha,Unmatched_15,fluidigmc1
13852,9th-C16_S30,10,beta,Unmatched_10,fluidigmc1
13853,9th-C17_S29,15,alpha,Unmatched_15,fluidigmc1
13854,9th-C19_S36,15,alpha,Unmatched_15,fluidigmc1
13855,9th-C1_S3,10,beta,Unmatched_10,fluidigmc1
13856,9th-C20_S35,15,alpha,Unmatched_15,fluidigmc1
13857,9th-C22_S41,8,schwann,schwann,fluidigmc1
13858,9th-C25_S45,10,beta,Unmatched_10,fluidigmc1
13859,9th-C28_S50,23,delta,epsilon,fluidigmc1
13860,9th-C29_S51,15,alpha,Unmatched_15,fluidigmc1
13861,9th-C2_S2,7,activated_stellate,activated_stellate,fluidigmc1
13862,9th-C30_S52,15,alpha,Unmatched_15,fluidigmc1
13863,9th-C36_S59,0,endothelial,endothelial,fluidigmc1
13864,9th-C38_S64,10,beta,Unmatched_10,fluidigmc1
13865,9th-C3_S1,10,beta,Unmatched_10,fluidigmc1
13866,9th-C40_S69,23,alpha,epsilon,fluidigmc1
13867,9th-C41_S70,10,beta,Unmatched_10,fluidigmc1
13868,9th-C46_S79,10,beta,Unmatched_10,fluidigmc1
13869,9th-C49_S4,15,alpha,Unmatched_15,fluidigmc1
13870,9th-C51_S6,10,beta,Unmatched_10,fluidigmc1
13871,9th-C52_S10,15,alpha,Unmatched_15,fluidigmc1
13872,9th-C57_S16,15,beta,Unmatched_15,fluidigmc1
13873,9th-C59_S20,10,beta,Unmatched_10,fluidigmc1
13874,9th-C5_S8,15,mast,Unmatched_15,fluidigmc1
13875,9th-C61_S25,1,ductal,ductal,fluidigmc1
13876,9th-C62_S26,15,alpha,Unmatched_15,fluidigmc1
13877,9th-C64_S31,15,alpha,Unmatched_15,fluidigmc1
13878,9th-C65_S32,10,beta,Unmatched_10,fluidigmc1
13879,9th-C66_S33,23,gamma,epsilon,fluidigmc1
13880,9th-C67_S37,15,alpha,Unmatched_15,fluidigmc1
13881,9th-C69_S39,10,beta,Unmatched_10,fluidigmc1
13882,9th-C6_S7,10,beta,Unmatched_10,fluidigmc1
13883,9th-C70_S42,10,beta,Unmatched_10,fluidigmc1
13884,9th-C74_S48,15,alpha,Unmatched_15,fluidigmc1
13885,9th-C75_S47,15,alpha,Unmatched_15,fluidigmc1
13886,9th-C77_S53,15,alpha,Unmatched_15,fluidigmc1
13887,9th-C79_S57,18,gamma,gamma,fluidigmc1
13888,9th-C80_S56,15,alpha,Unmatched_15,fluidigmc1
13889,9th-C81_S55,10,beta,Unmatched_10,fluidigmc1
13890,9th-C83_S61,15,alpha,Unmatched_15,fluidigmc1
13891,9th-C84_S60,10,epsilon,Unmatched_10,fluidigmc1
13892,9th-C85_S68,15,alpha,Unmatched_15,fluidigmc1
13893,9th-C86_S67,10,beta,Unmatched_10,fluidigmc1
13894,9th-C87_S66,15,alpha,Unmatched_15,fluidigmc1
13895,9th-C88_S73,10,beta,Unmatched_10,fluidigmc1
13896,9th-C89_S72,10,beta,Unmatched_10,fluidigmc1
13897,9th-C8_S14,10,beta,Unmatched_10,fluidigmc1
13898,9th-C91_S78,10,beta,Unmatched_10,fluidigmc1
13899,9th-C92_S77,15,alpha,Unmatched_15,fluidigmc1
13900,9th-C93_S76,10,beta,Unmatched_10,fluidigmc1
13901,9th-C94_S83,10,beta,Unmatched_10,fluidigmc1
13902,9th-C96_S81,0,endothelial,endothelial,fluidigmc1
13903,9th-C9_S13,15,alpha,Unmatched_15,fluidigmc1
13904,D2ex_1,13,acinar,Unmatched_13,celseq
13905,D2ex_2,13,acinar,Unmatched_13,celseq
13906,D2ex_3,13,acinar,Unmatched_13,celseq
13907,D2ex_4,1,ductal,ductal,celseq
13908,D2ex_5,1,ductal,ductal,celseq
13909,D2ex_6,1,ductal,ductal,celseq
13910,D2ex_7,1,ductal,ductal,celseq
13911,D2ex_8,1,ductal,ductal,celseq
13912,D2ex_9,1,ductal,ductal,celseq
13913,D2ex_10,13,acinar,Unmatched_13,celseq
13914,D2ex_11,14,ductal,Unmatched_14,celseq
13915,D2ex_12,1,ductal,ductal,celseq
13916,D2ex_13,23,acinar,epsilon,celseq
13917,D2ex_14,1,ductal,ductal,celseq
13918,D2ex_15,13,acinar,Unmatched_13,celseq
13919,D2ex_16,13,acinar,Unmatched_13,celseq
13920,D2ex_17,1,ductal,ductal,celseq
13921,D2ex_18,13,acinar,Unmatched_13,celseq
13922,D2ex_19,1,ductal,ductal,celseq
13923,D2ex_20,1,ductal,ductal,celseq
13924,D2ex_21,13,acinar,Unmatched_13,celseq
13925,D2ex_22,1,ductal,ductal,celseq
13926,D2ex_23,1,ductal,ductal,celseq
13927,D2ex_24,13,acinar,Unmatched_13,celseq
13928,D2ex_25,1,ductal,ductal,celseq
13929,D2ex_26,12,acinar,acinar,celseq
13930,D2ex_27,1,ductal,ductal,celseq
13931,D2ex_28,1,acinar,ductal,celseq
13932,D2ex_29,1,ductal,ductal,celseq
13933,D2ex_30,1,ductal,ductal,celseq
13934,D2ex_33,1,ductal,ductal,celseq
13935,D2ex_34,13,acinar,Unmatched_13,celseq
13936,D2ex_35,1,ductal,ductal,celseq
13937,D2ex_36,1,ductal,ductal,celseq
13938,D2ex_37,13,acinar,Unmatched_13,celseq
13939,D2ex_38,1,ductal,ductal,celseq
13940,D2ex_39,16,beta,Unmatched_16,celseq
13941,D2ex_40,12,acinar,acinar,celseq
13942,D2ex_41,13,acinar,Unmatched_13,celseq
13943,D2ex_42,23,acinar,epsilon,celseq
13944,D2ex_43,23,beta,epsilon,celseq
13945,D2ex_44,13,acinar,Unmatched_13,celseq
13946,D2ex_46,23,acinar,epsilon,celseq
13947,D2ex_47,1,ductal,ductal,celseq
13948,D2ex_49,23,ductal,epsilon,celseq
13949,D2ex_51,23,acinar,epsilon,celseq
13950,D2ex_52,1,ductal,ductal,celseq
13951,D2ex_53,1,ductal,ductal,celseq
13952,D2ex_55,1,ductal,ductal,celseq
13953,D2ex_56,1,ductal,ductal,celseq
13954,D2ex_57,1,ductal,ductal,celseq
13955,D2ex_58,14,ductal,Unmatched_14,celseq
13956,D2ex_59,13,acinar,Unmatched_13,celseq
13957,D2ex_61,13,acinar,Unmatched_13,celseq
13958,D2ex_62,1,ductal,ductal,celseq
13959,D2ex_66,13,acinar,Unmatched_13,celseq
13960,D2ex_67,1,ductal,ductal,celseq
13961,D2ex_68,1,ductal,ductal,celseq
13962,D2ex_69,13,acinar,Unmatched_13,celseq
13963,D2ex_70,13,acinar,Unmatched_13,celseq
13964,D2ex_71,1,ductal,ductal,celseq
13965,D2ex_72,1,ductal,ductal,celseq
13966,D2ex_73,23,ductal,epsilon,celseq
13967,D2ex_74,23,ductal,epsilon,celseq
13968,D2ex_75,1,ductal,ductal,celseq
13969,D2ex_76,13,acinar,Unmatched_13,celseq
13970,D2ex_77,1,ductal,ductal,celseq
13971,D2ex_78,23,beta,epsilon,celseq
13972,D2ex_79,13,acinar,Unmatched_13,celseq
13973,D2ex_82,1,ductal,ductal,celseq
13974,D2ex_83,1,ductal,ductal,celseq
13975,D2ex_84,1,ductal,ductal,celseq
13976,D2ex_85,1,ductal,ductal,celseq
13977,D2ex_86,13,acinar,Unmatched_13,celseq
13978,D2ex_88,1,ductal,ductal,celseq
13979,D2ex_89,1,ductal,ductal,celseq
13980,D2ex_90,23,ductal,epsilon,celseq
13981,D2ex_92,13,acinar,Unmatched_13,celseq
13982,D3en1_1,13,acinar,Unmatched_13,celseq
13983,D3en1_5,13,acinar,Unmatched_13,celseq
13984,D3en1_10,13,acinar,Unmatched_13,celseq
13985,D3en1_11,13,acinar,Unmatched_13,celseq
13986,D3en1_13,13,acinar,Unmatched_13,celseq
13987,D3en1_26,13,acinar,Unmatched_13,celseq
13988,D3en1_29,14,ductal,Unmatched_14,celseq
13989,D3en1_30,1,ductal,ductal,celseq
13990,D3en1_37,13,acinar,Unmatched_13,celseq
13991,D3en1_41,13,acinar,Unmatched_13,celseq
13992,D3en1_45,13,acinar,Unmatched_13,celseq
13993,D3en1_48,13,acinar,Unmatched_13,celseq
13994,D3en1_49,23,acinar,epsilon,celseq
13995,D3en1_50,1,ductal,ductal,celseq
13996,D3en1_56,13,acinar,Unmatched_13,celseq
13997,D3en1_60,23,ductal,epsilon,celseq
13998,D3en1_63,23,beta,epsilon,celseq
13999,D3en1_68,13,acinar,Unmatched_13,celseq
14000,D3en1_69,23,beta,epsilon,celseq
14001,D3en1_71,1,ductal,ductal,celseq
14002,D3en1_73,13,acinar,Unmatched_13,celseq
14003,D3en1_75,1,ductal,ductal,celseq
14004,D3en1_79,1,ductal,ductal,celseq
14005,D3en1_84,13,acinar,Unmatched_13,celseq
14006,D3en1_87,1,ductal,ductal,celseq
14007,D3en1_88,1,ductal,ductal,celseq
14008,D3en2_5,12,acinar,acinar,celseq
14009,D3en2_6,13,acinar,Unmatched_13,celseq
14010,D3en2_16,13,acinar,Unmatched_13,celseq
14011,D3en2_21,13,acinar,Unmatched_13,celseq
14012,D3en2_23,13,acinar,Unmatched_13,celseq
14013,D3en2_24,23,ductal,epsilon,celseq
14014,D3en2_25,13,acinar,Unmatched_13,celseq
14015,D3en2_26,13,acinar,Unmatched_13,celseq
14016,D3en2_27,13,acinar,Unmatched_13,celseq
14017,D3en2_31,13,acinar,Unmatched_13,celseq
14018,D3en2_32,13,acinar,Unmatched_13,celseq
14019,D3en2_33,13,acinar,Unmatched_13,celseq
14020,D3en2_37,13,acinar,Unmatched_13,celseq
14021,D3en2_39,13,acinar,Unmatched_13,celseq
14022,D3en2_42,13,acinar,Unmatched_13,celseq
14023,D3en2_45,13,acinar,Unmatched_13,celseq
14024,D3en2_48,13,acinar,Unmatched_13,celseq
14025,D3en2_57,13,acinar,Unmatched_13,celseq
14026,D3en2_58,17,alpha,alpha,celseq
14027,D3en2_60,1,ductal,ductal,celseq
14028,D3en2_62,1,ductal,ductal,celseq
14029,D3en2_66,13,acinar,Unmatched_13,celseq
14030,D3en2_68,23,ductal,epsilon,celseq
14031,D3en2_71,23,ductal,epsilon,celseq
14032,D3en2_72,13,acinar,Unmatched_13,celseq
14033,D3en2_74,13,acinar,Unmatched_13,celseq
14034,D3en2_90,13,acinar,Unmatched_13,celseq
14035,D3en2_91,1,ductal,ductal,celseq
14036,D3en3_2,13,acinar,Unmatched_13,celseq
14037,D3en3_6,23,ductal,epsilon,celseq
14038,D3en3_9,13,acinar,Unmatched_13,celseq
14039,D3en3_39,13,acinar,Unmatched_13,celseq
14040,D3en3_46,13,acinar,Unmatched_13,celseq
14041,D3en3_50,13,acinar,Unmatched_13,celseq
14042,D3en3_51,23,beta,epsilon,celseq
14043,D3en3_53,1,ductal,ductal,celseq
14044,D3en3_64,13,acinar,Unmatched_13,celseq
14045,D3en3_68,13,acinar,Unmatched_13,celseq
14046,D3en3_72,13,acinar,Unmatched_13,celseq
14047,D3en3_75,23,delta,epsilon,celseq
14048,D3en3_87,1,ductal,ductal,celseq
14049,D3en3_89,13,acinar,Unmatched_13,celseq
14050,D3en4_4,14,ductal,Unmatched_14,celseq
14051,D3en4_6,1,ductal,ductal,celseq
14052,D3en4_7,13,acinar,Unmatched_13,celseq
14053,D3en4_8,13,acinar,Unmatched_13,celseq
14054,D3en4_9,13,acinar,Unmatched_13,celseq
14055,D3en4_12,13,acinar,Unmatched_13,celseq
14056,D3en4_14,13,acinar,Unmatched_13,celseq
14057,D3en4_20,13,acinar,Unmatched_13,celseq
14058,D3en4_22,17,alpha,alpha,celseq
14059,D3en4_23,1,ductal,ductal,celseq
14060,D3en4_25,13,acinar,Unmatched_13,celseq
14061,D3en4_26,13,acinar,Unmatched_13,celseq
14062,D3en4_30,13,acinar,Unmatched_13,celseq
14063,D3en4_31,13,acinar,Unmatched_13,celseq
14064,D3en4_32,13,acinar,Unmatched_13,celseq
14065,D3en4_33,3,delta,delta,celseq
14066,D3en4_35,13,acinar,Unmatched_13,celseq
14067,D3en4_39,13,acinar,Unmatched_13,celseq
14068,D3en4_41,1,ductal,ductal,celseq
14069,D3en4_42,13,acinar,Unmatched_13,celseq
14070,D3en4_46,13,acinar,Unmatched_13,celseq
14071,D3en4_47,17,alpha,alpha,celseq
14072,D3en4_48,13,acinar,Unmatched_13,celseq
14073,D3en4_54,13,acinar,Unmatched_13,celseq
14074,D3en4_56,23,beta,epsilon,celseq
14075,D3en4_60,13,acinar,Unmatched_13,celseq
14076,D3en4_61,1,ductal,ductal,celseq
14077,D3en4_63,1,ductal,ductal,celseq
14078,D3en4_64,1,ductal,ductal,celseq
14079,D3en4_65,1,ductal,ductal,celseq
14080,D3en4_68,13,acinar,Unmatched_13,celseq
14081,D3en4_69,13,acinar,Unmatched_13,celseq
14082,D3en4_71,23,alpha,epsilon,celseq
14083,D3en4_72,13,acinar,Unmatched_13,celseq
14084,D3en4_73,1,ductal,ductal,celseq
14085,D3en4_74,14,ductal,Unmatched_14,celseq
14086,D3en4_83,13,acinar,Unmatched_13,celseq
14087,D3en4_87,13,acinar,Unmatched_13,celseq
14088,D3en4_91,23,alpha,epsilon,celseq
14089,D3en4_92,13,acinar,Unmatched_13,celseq
14090,D3ex_4,14,ductal,Unmatched_14,celseq
14091,D3ex_5,13,acinar,Unmatched_13,celseq
14092,D3ex_6,13,acinar,Unmatched_13,celseq
14093,D3ex_9,1,ductal,ductal,celseq
14094,D3ex_12,1,ductal,ductal,celseq
14095,D3ex_34,23,ductal,epsilon,celseq
14096,D3ex_36,13,acinar,Unmatched_13,celseq
14097,D3ex_66,16,beta,Unmatched_16,celseq
14098,D3ex_68,13,acinar,Unmatched_13,celseq
14099,D3ex_71,13,acinar,Unmatched_13,celseq
14100,D3ex_74,13,acinar,Unmatched_13,celseq
14101,D3ex_76,13,acinar,Unmatched_13,celseq
14102,D3ex_77,23,delta,epsilon,celseq
14103,D3ex_83,13,acinar,Unmatched_13,celseq
14104,D3ex_91,1,ductal,ductal,celseq
14105,D74_1,16,beta,Unmatched_16,celseq
14106,D74_2,16,beta,Unmatched_16,celseq
14107,D74_3,16,beta,Unmatched_16,celseq
14108,D74_5,23,beta,epsilon,celseq
14109,D74_6,1,ductal,ductal,celseq
14110,D74_7,7,activated_stellate,activated_stellate,celseq
14111,D74_8,17,alpha,alpha,celseq
14112,D74_9,3,delta,delta,celseq
14113,D74_10,16,beta,Unmatched_16,celseq
14114,D74_13,1,ductal,ductal,celseq
14115,D74_14,13,acinar,Unmatched_13,celseq
14116,D74_15,14,ductal,Unmatched_14,celseq
14117,D74_16,16,beta,Unmatched_16,celseq
14118,D74_17,1,ductal,ductal,celseq
14119,D74_18,1,ductal,ductal,celseq
14120,D74_20,3,delta,delta,celseq
14121,D74_21,23,beta,epsilon,celseq
14122,D74_22,1,ductal,ductal,celseq
14123,D74_23,1,ductal,ductal,celseq
14124,D74_24,1,ductal,ductal,celseq
14125,D74_25,3,delta,delta,celseq
14126,D74_26,1,ductal,ductal,celseq
14127,D74_27,1,ductal,ductal,celseq
14128,D74_28,1,ductal,ductal,celseq
14129,D74_29,17,alpha,alpha,celseq
14130,D74_31,1,ductal,ductal,celseq
14131,D74_32,17,alpha,alpha,celseq
14132,D74_33,23,beta,epsilon,celseq
14133,D74_34,1,ductal,ductal,celseq
14134,D74_35,16,beta,Unmatched_16,celseq
14135,D74_36,16,beta,Unmatched_16,celseq
14136,D74_37,1,ductal,ductal,celseq
14137,D74_39,1,ductal,ductal,celseq
14138,D74_40,3,delta,delta,celseq
14139,D74_41,17,alpha,alpha,celseq
14140,D74_42,17,alpha,alpha,celseq
14141,D74_43,1,ductal,ductal,celseq
14142,D74_44,7,activated_stellate,activated_stellate,celseq
14143,D74_45,7,activated_stellate,activated_stellate,celseq
14144,D74_46,1,ductal,ductal,celseq
14145,D74_47,1,ductal,ductal,celseq
14146,D74_49,16,beta,Unmatched_16,celseq
14147,D74_51,16,beta,Unmatched_16,celseq
14148,D74_52,17,alpha,alpha,celseq
14149,D74_53,16,beta,Unmatched_16,celseq
14150,D74_54,1,ductal,ductal,celseq
14151,D74_55,17,alpha,alpha,celseq
14152,D74_56,17,alpha,alpha,celseq
14153,D74_57,17,alpha,alpha,celseq
14154,D74_58,1,ductal,ductal,celseq
14155,D74_59,3,delta,delta,celseq
14156,D74_60,1,ductal,ductal,celseq
14157,D74_61,16,beta,Unmatched_16,celseq
14158,D74_62,13,acinar,Unmatched_13,celseq
14159,D74_63,1,ductal,ductal,celseq
14160,D74_64,3,delta,delta,celseq
14161,D74_65,16,beta,Unmatched_16,celseq
14162,D74_66,3,delta,delta,celseq
14163,D74_67,17,alpha,alpha,celseq
14164,D74_68,17,alpha,alpha,celseq
14165,D74_69,1,ductal,ductal,celseq
14166,D74_70,17,alpha,alpha,celseq
14167,D74_71,1,ductal,ductal,celseq
14168,D74_74,1,ductal,ductal,celseq
14169,D74_75,17,alpha,alpha,celseq
14170,D74_76,13,acinar,Unmatched_13,celseq
14171,D74_77,16,beta,Unmatched_16,celseq
14172,D74_78,1,ductal,ductal,celseq
14173,D74_79,1,ductal,ductal,celseq
14174,D74_81,13,acinar,Unmatched_13,celseq
14175,D74_82,16,beta,Unmatched_16,celseq
14176,D74_83,16,beta,Unmatched_16,celseq
14177,D74_85,17,alpha,alpha,celseq
14178,D74_86,16,beta,Unmatched_16,celseq
14179,D74_87,17,alpha,alpha,celseq
14180,D74_88,17,alpha,alpha,celseq
14181,D74_90,13,acinar,Unmatched_13,celseq
14182,D74_91,14,ductal,Unmatched_14,celseq
14183,D74_92,16,beta,Unmatched_16,celseq
14184,D74_93,1,ductal,ductal,celseq
14185,D74_94,1,ductal,ductal,celseq
14186,D74_95,17,alpha,alpha,celseq
14187,D71_2,13,acinar,Unmatched_13,celseq
14188,D71_3,17,alpha,alpha,celseq
14189,D71_4,16,beta,Unmatched_16,celseq
14190,D71_5,13,acinar,Unmatched_13,celseq
14191,D71_6,1,ductal,ductal,celseq
14192,D71_9,16,beta,Unmatched_16,celseq
14193,D71_10,13,acinar,Unmatched_13,celseq
14194,D71_12,1,ductal,ductal,celseq
14195,D71_14,1,ductal,ductal,celseq
14196,D71_15,16,beta,Unmatched_16,celseq
14197,D71_16,13,acinar,Unmatched_13,celseq
14198,D71_18,1,ductal,ductal,celseq
14199,D71_19,16,beta,Unmatched_16,celseq
14200,D71_20,17,alpha,alpha,celseq
14201,D71_21,23,beta,epsilon,celseq
14202,D71_22,7,activated_stellate,activated_stellate,celseq
14203,D71_23,1,ductal,ductal,celseq
14204,D71_26,22,beta,Unmatched_22,celseq
14205,D71_27,1,ductal,ductal,celseq
14206,D71_28,1,ductal,ductal,celseq
14207,D71_29,16,beta,Unmatched_16,celseq
14208,D71_30,16,beta,Unmatched_16,celseq
14209,D71_31,1,ductal,ductal,celseq
14210,D71_32,3,delta,delta,celseq
14211,D71_33,1,ductal,ductal,celseq
14212,D71_34,13,acinar,Unmatched_13,celseq
14213,D71_35,3,delta,delta,celseq
14214,D71_36,16,beta,Unmatched_16,celseq
14215,D71_37,23,alpha,epsilon,celseq
14216,D71_38,16,beta,Unmatched_16,celseq
14217,D71_39,13,acinar,Unmatched_13,celseq
14218,D71_40,17,alpha,alpha,celseq
14219,D71_41,1,ductal,ductal,celseq
14220,D71_42,16,beta,Unmatched_16,celseq
14221,D71_43,17,alpha,alpha,celseq
14222,D71_45,1,ductal,ductal,celseq
14223,D71_48,3,delta,delta,celseq
14224,D71_49,16,beta,Unmatched_16,celseq
14225,D71_51,23,beta,epsilon,celseq
14226,D71_52,1,ductal,ductal,celseq
14227,D71_53,1,ductal,ductal,celseq
14228,D71_54,16,beta,Unmatched_16,celseq
14229,D71_55,16,beta,Unmatched_16,celseq
14230,D71_56,1,ductal,ductal,celseq
14231,D71_57,16,beta,Unmatched_16,celseq
14232,D71_58,23,alpha,epsilon,celseq
14233,D71_59,3,delta,delta,celseq
14234,D71_61,16,beta,Unmatched_16,celseq
14235,D71_62,16,beta,Unmatched_16,celseq
14236,D71_63,16,beta,Unmatched_16,celseq
14237,D71_64,1,ductal,ductal,celseq
14238,D71_65,1,ductal,ductal,celseq
14239,D71_66,1,ductal,ductal,celseq
14240,D71_67,1,ductal,ductal,celseq
14241,D71_68,2,quiescent_stellate,quiescent_stellate,celseq
14242,D71_69,1,ductal,ductal,celseq
14243,D71_70,1,ductal,ductal,celseq
14244,D71_71,1,ductal,ductal,celseq
14245,D71_72,1,ductal,ductal,celseq
14246,D71_73,1,ductal,ductal,celseq
14247,D71_75,1,ductal,ductal,celseq
14248,D71_76,17,alpha,alpha,celseq
14249,D71_78,13,acinar,Unmatched_13,celseq
14250,D71_79,3,delta,delta,celseq
14251,D71_80,13,ductal,Unmatched_13,celseq
14252,D71_81,1,ductal,ductal,celseq
14253,D71_82,16,beta,Unmatched_16,celseq
14254,D71_83,16,beta,Unmatched_16,celseq
14255,D71_84,22,beta,Unmatched_22,celseq
14256,D71_85,1,ductal,ductal,celseq
14257,D71_86,16,beta,Unmatched_16,celseq
14258,D71_87,3,delta,delta,celseq
14259,D71_91,3,delta,delta,celseq
14260,D71_92,13,acinar,Unmatched_13,celseq
14261,D71_93,17,alpha,alpha,celseq
14262,D71_94,3,delta,delta,celseq
14263,D71_95,1,ductal,ductal,celseq
14264,D72_1,13,acinar,Unmatched_13,celseq
14265,D72_2,23,alpha,epsilon,celseq
14266,D72_4,1,ductal,ductal,celseq
14267,D72_8,17,alpha,alpha,celseq
14268,D72_10,23,alpha,epsilon,celseq
14269,D72_18,13,acinar,Unmatched_13,celseq
14270,D72_22,13,acinar,Unmatched_13,celseq
14271,D72_23,1,ductal,ductal,celseq
14272,D72_25,7,activated_stellate,activated_stellate,celseq
14273,D72_31,1,ductal,ductal,celseq
14274,D72_32,1,ductal,ductal,celseq
14275,D72_33,13,acinar,Unmatched_13,celseq
14276,D72_34,1,ductal,ductal,celseq
14277,D72_37,1,ductal,ductal,celseq
14278,D72_39,3,delta,delta,celseq
14279,D72_40,13,acinar,Unmatched_13,celseq
14280,D72_41,16,beta,Unmatched_16,celseq
14281,D72_42,16,beta,Unmatched_16,celseq
14282,D72_43,1,ductal,ductal,celseq
14283,D72_47,17,alpha,alpha,celseq
14284,D72_49,1,ductal,ductal,celseq
14285,D72_52,1,ductal,ductal,celseq
14286,D72_53,1,ductal,ductal,celseq
14287,D72_54,17,alpha,alpha,celseq
14288,D72_55,16,beta,Unmatched_16,celseq
14289,D72_61,1,ductal,ductal,celseq
14290,D72_65,1,ductal,ductal,celseq
14291,D72_66,1,ductal,ductal,celseq
14292,D72_67,17,alpha,alpha,celseq
14293,D72_68,1,ductal,ductal,celseq
14294,D72_69,3,delta,delta,celseq
14295,D72_71,3,delta,delta,celseq
14296,D72_72,1,ductal,ductal,celseq
14297,D72_75,3,delta,delta,celseq
14298,D72_76,1,ductal,ductal,celseq
14299,D72_77,3,delta,delta,celseq
14300,D72_78,23,ductal,epsilon,celseq
14301,D72_81,23,beta,epsilon,celseq
14302,D72_82,1,ductal,ductal,celseq
14303,D72_84,23,beta,epsilon,celseq
14304,D72_85,17,alpha,alpha,celseq
14305,D72_86,1,ductal,ductal,celseq
14306,D72_88,17,alpha,alpha,celseq
14307,D72_91,17,alpha,alpha,celseq
14308,D72_92,17,alpha,alpha,celseq
14309,D72_93,1,ductal,ductal,celseq
14310,D72_95,13,acinar,Unmatched_13,celseq
14311,D72_96,16,beta,Unmatched_16,celseq
14312,D73_1,17,alpha,alpha,celseq
14313,D73_2,1,ductal,ductal,celseq
14314,D73_3,17,alpha,alpha,celseq
14315,D73_4,16,beta,Unmatched_16,celseq
14316,D73_5,1,ductal,ductal,celseq
14317,D73_6,17,alpha,alpha,celseq
14318,D73_8,1,ductal,ductal,celseq
14319,D73_9,16,beta,Unmatched_16,celseq
14320,D73_10,17,alpha,alpha,celseq
14321,D73_11,1,ductal,ductal,celseq
14322,D73_12,23,beta,epsilon,celseq
14323,D73_14,17,alpha,alpha,celseq
14324,D73_16,7,activated_stellate,activated_stellate,celseq
14325,D73_17,17,alpha,alpha,celseq
14326,D73_18,1,ductal,ductal,celseq
14327,D73_19,1,ductal,ductal,celseq
14328,D73_20,18,gamma,gamma,celseq
14329,D73_21,23,beta,epsilon,celseq
14330,D73_22,16,beta,Unmatched_16,celseq
14331,D73_23,1,ductal,ductal,celseq
14332,D73_24,1,ductal,ductal,celseq
14333,D73_25,23,ductal,epsilon,celseq
14334,D73_26,1,ductal,ductal,celseq
14335,D73_27,1,ductal,ductal,celseq
14336,D73_28,16,beta,Unmatched_16,celseq
14337,D73_29,1,ductal,ductal,celseq
14338,D73_30,3,delta,delta,celseq
14339,D73_31,17,alpha,alpha,celseq
14340,D73_32,17,alpha,alpha,celseq
14341,D73_33,17,alpha,alpha,celseq
14342,D73_34,23,ductal,epsilon,celseq
14343,D73_35,1,acinar,ductal,celseq
14344,D73_36,17,alpha,alpha,celseq
14345,D73_37,13,acinar,Unmatched_13,celseq
14346,D73_38,23,delta,epsilon,celseq
14347,D73_39,7,activated_stellate,activated_stellate,celseq
14348,D73_40,1,ductal,ductal,celseq
14349,D73_41,17,alpha,alpha,celseq
14350,D73_42,23,beta,epsilon,celseq
14351,D73_43,13,acinar,Unmatched_13,celseq
14352,D73_45,16,beta,Unmatched_16,celseq
14353,D73_46,1,ductal,ductal,celseq
14354,D73_48,13,acinar,Unmatched_13,celseq
14355,D73_49,1,ductal,ductal,celseq
14356,D73_50,1,ductal,ductal,celseq
14357,D73_51,1,ductal,ductal,celseq
14358,D73_52,13,acinar,Unmatched_13,celseq
14359,D73_54,1,ductal,ductal,celseq
14360,D73_55,16,beta,Unmatched_16,celseq
14361,D73_56,0,endothelial,endothelial,celseq
14362,D73_57,1,ductal,ductal,celseq
14363,D73_58,17,alpha,alpha,celseq
14364,D73_59,17,alpha,alpha,celseq
14365,D73_60,1,ductal,ductal,celseq
14366,D73_61,16,beta,Unmatched_16,celseq
14367,D73_62,16,beta,Unmatched_16,celseq
14368,D73_63,1,ductal,ductal,celseq
14369,D73_64,1,ductal,ductal,celseq
14370,D73_65,1,ductal,ductal,celseq
14371,D73_67,16,beta,Unmatched_16,celseq
14372,D73_68,13,acinar,Unmatched_13,celseq
14373,D73_69,17,alpha,alpha,celseq
14374,D73_70,1,ductal,ductal,celseq
14375,D73_71,1,ductal,ductal,celseq
14376,D73_72,16,beta,Unmatched_16,celseq
14377,D73_73,1,ductal,ductal,celseq
14378,D73_76,23,beta,epsilon,celseq
14379,D73_78,1,ductal,ductal,celseq
14380,D73_79,17,alpha,alpha,celseq
14381,D73_81,17,alpha,alpha,celseq
14382,D73_82,3,delta,delta,celseq
14383,D73_83,13,acinar,Unmatched_13,celseq
14384,D73_84,1,ductal,ductal,celseq
14385,D73_85,16,beta,Unmatched_16,celseq
14386,D73_86,3,delta,delta,celseq
14387,D73_87,16,beta,Unmatched_16,celseq
14388,D73_89,1,ductal,ductal,celseq
14389,D73_90,3,delta,delta,celseq
14390,D73_91,23,beta,epsilon,celseq
14391,D73_92,16,beta,Unmatched_16,celseq
14392,D73_96,1,ductal,ductal,celseq
14393,D10631_2,1,ductal,ductal,celseq
14394,D10631_3,1,ductal,ductal,celseq
14395,D10631_10,23,ductal,epsilon,celseq
14396,D10631_15,13,acinar,Unmatched_13,celseq
14397,D10631_17,13,acinar,Unmatched_13,celseq
14398,D10631_24,1,ductal,ductal,celseq
14399,D10631_29,13,alpha,Unmatched_13,celseq
14400,D10631_34,23,ductal,epsilon,celseq
14401,D10631_38,13,acinar,Unmatched_13,celseq
14402,D10631_45,1,ductal,ductal,celseq
14403,D10631_48,13,acinar,Unmatched_13,celseq
14404,D10631_50,13,acinar,Unmatched_13,celseq
14405,D10631_53,13,acinar,Unmatched_13,celseq
14406,D10631_54,13,acinar,Unmatched_13,celseq
14407,D10631_56,1,ductal,ductal,celseq
14408,D10631_57,13,acinar,Unmatched_13,celseq
14409,D10631_61,17,alpha,alpha,celseq
14410,D10631_63,1,ductal,ductal,celseq
14411,D10631_65,1,ductal,ductal,celseq
14412,D10631_66,13,acinar,Unmatched_13,celseq
14413,D10631_67,13,acinar,Unmatched_13,celseq
14414,D10631_68,1,ductal,ductal,celseq
14415,D10631_69,13,acinar,Unmatched_13,celseq
14416,D10631_70,7,activated_stellate,activated_stellate,celseq
14417,D10631_76,1,ductal,ductal,celseq
14418,D10631_85,1,ductal,ductal,celseq
14419,D10631_88,23,ductal,epsilon,celseq
14420,D10631_90,1,ductal,ductal,celseq
14421,D10631_91,13,acinar,Unmatched_13,celseq
14422,D10631_92,1,ductal,ductal,celseq
14423,D10631_95,13,acinar,Unmatched_13,celseq
14424,D10631_96,13,acinar,Unmatched_13,celseq
14425,D101_5,18,gamma,gamma,celseq
14426,D101_7,13,acinar,Unmatched_13,celseq
14427,D101_10,17,alpha,alpha,celseq
14428,D101_13,3,delta,delta,celseq
14429,D101_14,16,beta,Unmatched_16,celseq
14430,D101_17,1,ductal,ductal,celseq
14431,D101_21,0,endothelial,endothelial,celseq
14432,D101_22,3,delta,delta,celseq
14433,D101_25,17,alpha,alpha,celseq
14434,D101_27,1,ductal,ductal,celseq
14435,D101_29,1,ductal,ductal,celseq
14436,D101_31,23,beta,epsilon,celseq
14437,D101_35,23,beta,epsilon,celseq
14438,D101_37,1,ductal,ductal,celseq
14439,D101_43,18,gamma,gamma,celseq
14440,D101_48,7,activated_stellate,activated_stellate,celseq
14441,D101_50,13,acinar,Unmatched_13,celseq
14442,D101_51,13,acinar,Unmatched_13,celseq
14443,D101_52,13,acinar,Unmatched_13,celseq
14444,D101_53,23,ductal,epsilon,celseq
14445,D101_66,23,alpha,epsilon,celseq
14446,D101_69,1,alpha,ductal,celseq
14447,D101_72,1,ductal,ductal,celseq
14448,D101_73,23,beta,epsilon,celseq
14449,D101_74,13,acinar,Unmatched_13,celseq
14450,D101_81,17,alpha,alpha,celseq
14451,D101_82,13,acinar,Unmatched_13,celseq
14452,D101_84,17,alpha,alpha,celseq
14453,D101_89,16,beta,Unmatched_16,celseq
14454,D101_93,18,gamma,gamma,celseq
14455,D101_95,17,alpha,alpha,celseq
14456,D102_1,1,ductal,ductal,celseq
14457,D102_4,18,gamma,gamma,celseq
14458,D102_7,16,beta,Unmatched_16,celseq
14459,D102_11,16,beta,Unmatched_16,celseq
14460,D102_17,3,delta,delta,celseq
14461,D102_18,23,beta,epsilon,celseq
14462,D102_21,8,schwann,schwann,celseq
14463,D102_24,16,beta,Unmatched_16,celseq
14464,D102_25,16,beta,Unmatched_16,celseq
14465,D102_26,13,acinar,Unmatched_13,celseq
14466,D102_39,16,beta,Unmatched_16,celseq
14467,D102_45,23,beta,epsilon,celseq
14468,D102_50,3,delta,delta,celseq
14469,D102_51,13,acinar,Unmatched_13,celseq
14470,D102_54,13,acinar,Unmatched_13,celseq
14471,D102_55,23,beta,epsilon,celseq
14472,D102_58,16,beta,Unmatched_16,celseq
14473,D102_59,16,beta,Unmatched_16,celseq
14474,D102_61,23,delta,epsilon,celseq
14475,D102_63,16,beta,Unmatched_16,celseq
14476,D102_64,1,ductal,ductal,celseq
14477,D102_66,16,beta,Unmatched_16,celseq
14478,D102_68,23,alpha,epsilon,celseq
14479,D102_69,13,acinar,Unmatched_13,celseq
14480,D102_71,13,acinar,Unmatched_13,celseq
14481,D102_73,1,ductal,ductal,celseq
14482,D102_76,13,acinar,Unmatched_13,celseq
14483,D102_78,1,alpha,ductal,celseq
14484,D102_79,1,ductal,ductal,celseq
14485,D102_87,1,ductal,ductal,celseq
14486,D102_91,13,acinar,Unmatched_13,celseq
14487,D102_93,17,alpha,alpha,celseq
14488,D102_96,16,beta,Unmatched_16,celseq
14489,D1713_1,1,ductal,ductal,celseq
14490,D1713_2,1,ductal,ductal,celseq
14491,D1713_3,1,ductal,ductal,celseq
14492,D1713_4,1,ductal,ductal,celseq
14493,D1713_5,1,ductal,ductal,celseq
14494,D1713_8,13,acinar,Unmatched_13,celseq
14495,D1713_9,17,alpha,alpha,celseq
14496,D1713_10,14,ductal,Unmatched_14,celseq
14497,D1713_11,23,beta,epsilon,celseq
14498,D1713_12,1,ductal,ductal,celseq
14499,D1713_13,1,ductal,ductal,celseq
14500,D1713_14,1,ductal,ductal,celseq
14501,D1713_15,13,acinar,Unmatched_13,celseq
14502,D1713_16,13,acinar,Unmatched_13,celseq
14503,D1713_17,1,ductal,ductal,celseq
14504,D1713_18,22,beta,Unmatched_22,celseq
14505,D1713_19,23,beta,epsilon,celseq
14506,D1713_20,1,ductal,ductal,celseq
14507,D1713_21,17,alpha,alpha,celseq
14508,D1713_22,1,ductal,ductal,celseq
14509,D1713_23,7,activated_stellate,activated_stellate,celseq
14510,D1713_25,1,ductal,ductal,celseq
14511,D1713_26,3,delta,delta,celseq
14512,D1713_27,13,acinar,Unmatched_13,celseq
14513,D1713_28,23,mast,epsilon,celseq
14514,D1713_29,13,acinar,Unmatched_13,celseq
14515,D1713_30,1,ductal,ductal,celseq
14516,D1713_31,1,ductal,ductal,celseq
14517,D1713_32,1,ductal,ductal,celseq
14518,D1713_33,13,acinar,Unmatched_13,celseq
14519,D1713_34,7,activated_stellate,activated_stellate,celseq
14520,D1713_35,1,ductal,ductal,celseq
14521,D1713_38,7,activated_stellate,activated_stellate,celseq
14522,D1713_40,7,activated_stellate,activated_stellate,celseq
14523,D1713_41,1,ductal,ductal,celseq
14524,D1713_42,23,acinar,epsilon,celseq
14525,D1713_43,1,ductal,ductal,celseq
14526,D1713_46,1,ductal,ductal,celseq
14527,D1713_47,1,ductal,ductal,celseq
14528,D1713_48,1,ductal,ductal,celseq
14529,D1713_49,1,ductal,ductal,celseq
14530,D1713_50,13,acinar,Unmatched_13,celseq
14531,D1713_51,7,alpha,activated_stellate,celseq
14532,D1713_52,23,ductal,epsilon,celseq
14533,D1713_53,1,ductal,ductal,celseq
14534,D1713_54,1,ductal,ductal,celseq
14535,D1713_55,1,ductal,ductal,celseq
14536,D1713_56,1,ductal,ductal,celseq
14537,D1713_57,1,ductal,ductal,celseq
14538,D1713_58,13,acinar,Unmatched_13,celseq
14539,D1713_59,1,ductal,ductal,celseq
14540,D1713_61,13,acinar,Unmatched_13,celseq
14541,D1713_62,23,macrophage,epsilon,celseq
14542,D1713_63,13,acinar,Unmatched_13,celseq
14543,D1713_64,1,ductal,ductal,celseq
14544,D1713_65,1,ductal,ductal,celseq
14545,D1713_66,1,ductal,ductal,celseq
14546,D1713_67,13,acinar,Unmatched_13,celseq
14547,D1713_68,13,acinar,Unmatched_13,celseq
14548,D1713_69,13,acinar,Unmatched_13,celseq
14549,D1713_70,13,acinar,Unmatched_13,celseq
14550,D1713_71,13,acinar,Unmatched_13,celseq
14551,D1713_72,13,acinar,Unmatched_13,celseq
14552,D1713_73,1,ductal,ductal,celseq
14553,D1713_74,1,ductal,ductal,celseq
14554,D1713_75,1,ductal,ductal,celseq
14555,D1713_76,7,activated_stellate,activated_stellate,celseq
14556,D1713_77,1,ductal,ductal,celseq
14557,D1713_79,1,ductal,ductal,celseq
14558,D1713_80,13,acinar,Unmatched_13,celseq
14559,D1713_81,1,ductal,ductal,celseq
14560,D1713_82,1,ductal,ductal,celseq
14561,D1713_83,1,ductal,ductal,celseq
14562,D1713_84,1,ductal,ductal,celseq
14563,D1713_85,1,ductal,ductal,celseq
14564,D1713_86,1,ductal,ductal,celseq
14565,D1713_87,1,ductal,ductal,celseq
14566,D1713_88,1,ductal,ductal,celseq
14567,D1713_89,13,acinar,Unmatched_13,celseq
14568,D1713_90,17,alpha,alpha,celseq
14569,D1713_91,13,acinar,Unmatched_13,celseq
14570,D1713_92,1,ductal,ductal,celseq
14571,D1713_93,0,endothelial,endothelial,celseq
14572,D1713_94,1,ductal,ductal,celseq
14573,D1713_95,22,beta,Unmatched_22,celseq
14574,D172444_1,3,delta,delta,celseq
14575,D172444_4,17,alpha,alpha,celseq
14576,D172444_8,17,alpha,alpha,celseq
14577,D172444_9,17,alpha,alpha,celseq
14578,D172444_10,17,alpha,alpha,celseq
14579,D172444_11,16,beta,Unmatched_16,celseq
14580,D172444_12,17,alpha,alpha,celseq
14581,D172444_13,17,alpha,alpha,celseq
14582,D172444_14,17,alpha,alpha,celseq
14583,D172444_15,1,ductal,ductal,celseq
14584,D172444_17,17,alpha,alpha,celseq
14585,D172444_18,14,ductal,Unmatched_14,celseq
14586,D172444_19,13,acinar,Unmatched_13,celseq
14587,D172444_21,19,beta,Unmatched_19,celseq
14588,D172444_22,17,alpha,alpha,celseq
14589,D172444_23,23,gamma,epsilon,celseq
14590,D172444_25,17,alpha,alpha,celseq
14591,D172444_26,23,alpha,epsilon,celseq
14592,D172444_28,17,alpha,alpha,celseq
14593,D172444_29,17,alpha,alpha,celseq
14594,D172444_30,17,alpha,alpha,celseq
14595,D172444_31,17,alpha,alpha,celseq
14596,D172444_32,17,alpha,alpha,celseq
14597,D172444_33,17,alpha,alpha,celseq
14598,D172444_34,17,alpha,alpha,celseq
14599,D172444_35,17,alpha,alpha,celseq
14600,D172444_36,17,alpha,alpha,celseq
14601,D172444_37,17,alpha,alpha,celseq
14602,D172444_38,17,alpha,alpha,celseq
14603,D172444_39,0,endothelial,endothelial,celseq
14604,D172444_41,17,alpha,alpha,celseq
14605,D172444_42,17,alpha,alpha,celseq
14606,D172444_43,17,alpha,alpha,celseq
14607,D172444_46,17,alpha,alpha,celseq
14608,D172444_47,23,beta,epsilon,celseq
14609,D172444_48,16,beta,Unmatched_16,celseq
14610,D172444_49,17,alpha,alpha,celseq
14611,D172444_50,23,beta,epsilon,celseq
14612,D172444_51,23,beta,epsilon,celseq
14613,D172444_52,17,alpha,alpha,celseq
14614,D172444_53,17,alpha,alpha,celseq
14615,D172444_54,17,alpha,alpha,celseq
14616,D172444_55,23,beta,epsilon,celseq
14617,D172444_56,17,alpha,alpha,celseq
14618,D172444_57,17,alpha,alpha,celseq
14619,D172444_58,17,alpha,alpha,celseq
14620,D172444_59,1,ductal,ductal,celseq
14621,D172444_60,17,alpha,alpha,celseq
14622,D172444_62,23,alpha,epsilon,celseq
14623,D172444_64,17,alpha,alpha,celseq
14624,D172444_65,16,beta,Unmatched_16,celseq
14625,D172444_66,17,alpha,alpha,celseq
14626,D172444_67,22,beta,Unmatched_22,celseq
14627,D172444_68,18,gamma,gamma,celseq
14628,D172444_69,23,beta,epsilon,celseq
14629,D172444_71,17,alpha,alpha,celseq
14630,D172444_72,17,alpha,alpha,celseq
14631,D172444_73,17,alpha,alpha,celseq
14632,D172444_74,22,beta,Unmatched_22,celseq
14633,D172444_75,23,alpha,epsilon,celseq
14634,D172444_76,3,delta,delta,celseq
14635,D172444_77,17,alpha,alpha,celseq
14636,D172444_78,17,alpha,alpha,celseq
14637,D172444_79,17,alpha,alpha,celseq
14638,D172444_80,3,delta,delta,celseq
14639,D172444_81,17,alpha,alpha,celseq
14640,D172444_83,17,alpha,alpha,celseq
14641,D172444_85,17,alpha,alpha,celseq
14642,D172444_86,16,beta,Unmatched_16,celseq
14643,D172444_87,17,alpha,alpha,celseq
14644,D172444_88,17,alpha,alpha,celseq
14645,D172444_90,17,alpha,alpha,celseq
14646,D172444_91,17,alpha,alpha,celseq
14647,D172444_92,17,alpha,alpha,celseq
14648,D172444_93,17,alpha,alpha,celseq
14649,D17All1_1,17,alpha,alpha,celseq
14650,D17All1_2,18,gamma,gamma,celseq
14651,D17All1_3,16,beta,Unmatched_16,celseq
14652,D17All1_4,17,alpha,alpha,celseq
14653,D17All1_5,16,beta,Unmatched_16,celseq
14654,D17All1_6,23,beta,epsilon,celseq
14655,D17All1_7,16,beta,Unmatched_16,celseq
14656,D17All1_8,17,alpha,alpha,celseq
14657,D17All1_9,1,ductal,ductal,celseq
14658,D17All1_10,17,alpha,alpha,celseq
14659,D17All1_11,1,ductal,ductal,celseq
14660,D17All1_12,23,beta,epsilon,celseq
14661,D17All1_16,1,ductal,ductal,celseq
14662,D17All1_18,18,gamma,gamma,celseq
14663,D17All1_19,16,beta,Unmatched_16,celseq
14664,D17All1_20,1,ductal,ductal,celseq
14665,D17All1_22,22,beta,Unmatched_22,celseq
14666,D17All1_23,23,beta,epsilon,celseq
14667,D17All1_24,1,ductal,ductal,celseq
14668,D17All1_25,1,ductal,ductal,celseq
14669,D17All1_26,1,ductal,ductal,celseq
14670,D17All1_27,17,alpha,alpha,celseq
14671,D17All1_28,18,gamma,gamma,celseq
14672,D17All1_29,1,ductal,ductal,celseq
14673,D17All1_30,17,alpha,alpha,celseq
14674,D17All1_31,1,ductal,ductal,celseq
14675,D17All1_32,1,ductal,ductal,celseq
14676,D17All1_33,3,delta,delta,celseq
14677,D17All1_35,22,beta,Unmatched_22,celseq
14678,D17All1_36,13,acinar,Unmatched_13,celseq
14679,D17All1_37,3,delta,delta,celseq
14680,D17All1_38,23,beta,epsilon,celseq
14681,D17All1_39,3,delta,delta,celseq
14682,D17All1_40,16,beta,Unmatched_16,celseq
14683,D17All1_41,1,ductal,ductal,celseq
14684,D17All1_42,17,alpha,alpha,celseq
14685,D17All1_43,17,alpha,alpha,celseq
14686,D17All1_44,1,ductal,ductal,celseq
14687,D17All1_45,1,ductal,ductal,celseq
14688,D17All1_46,17,alpha,alpha,celseq
14689,D17All1_47,1,ductal,ductal,celseq
14690,D17All1_48,1,ductal,ductal,celseq
14691,D17All1_49,17,alpha,alpha,celseq
14692,D17All1_50,13,acinar,Unmatched_13,celseq
14693,D17All1_51,19,beta,Unmatched_19,celseq
14694,D17All1_52,13,acinar,Unmatched_13,celseq
14695,D17All1_53,1,ductal,ductal,celseq
14696,D17All1_54,3,delta,delta,celseq
14697,D17All1_55,17,alpha,alpha,celseq
14698,D17All1_56,1,ductal,ductal,celseq
14699,D17All1_57,17,alpha,alpha,celseq
14700,D17All1_58,17,alpha,alpha,celseq
14701,D17All1_59,23,delta,epsilon,celseq
14702,D17All1_60,22,beta,Unmatched_22,celseq
14703,D17All1_61,3,delta,delta,celseq
14704,D17All1_62,17,alpha,alpha,celseq
14705,D17All1_63,16,beta,Unmatched_16,celseq
14706,D17All1_64,17,alpha,alpha,celseq
14707,D17All1_65,1,ductal,ductal,celseq
14708,D17All1_66,23,beta,epsilon,celseq
14709,D17All1_68,7,activated_stellate,activated_stellate,celseq
14710,D17All1_69,13,acinar,Unmatched_13,celseq
14711,D17All1_70,16,beta,Unmatched_16,celseq
14712,D17All1_71,22,beta,Unmatched_22,celseq
14713,D17All1_72,18,gamma,gamma,celseq
14714,D17All1_73,17,alpha,alpha,celseq
14715,D17All1_74,17,alpha,alpha,celseq
14716,D17All1_75,16,beta,Unmatched_16,celseq
14717,D17All1_76,1,ductal,ductal,celseq
14718,D17All1_77,3,delta,delta,celseq
14719,D17All1_78,1,ductal,ductal,celseq
14720,D17All1_79,1,ductal,ductal,celseq
14721,D17All1_80,3,delta,delta,celseq
14722,D17All1_81,16,beta,Unmatched_16,celseq
14723,D17All1_82,23,beta,epsilon,celseq
14724,D17All1_83,23,beta,epsilon,celseq
14725,D17All1_84,1,ductal,ductal,celseq
14726,D17All1_86,1,ductal,ductal,celseq
14727,D17All1_87,16,beta,Unmatched_16,celseq
14728,D17All1_88,17,alpha,alpha,celseq
14729,D17All1_89,17,alpha,alpha,celseq
14730,D17All1_90,16,beta,Unmatched_16,celseq
14731,D17All1_91,23,beta,epsilon,celseq
14732,D17All1_92,13,acinar,Unmatched_13,celseq
14733,D17All1_93,17,alpha,alpha,celseq
14734,D17All1_95,16,beta,Unmatched_16,celseq
14735,D17All1_96,1,ductal,ductal,celseq
14736,D17All2_1,17,alpha,alpha,celseq
14737,D17All2_2,22,beta,Unmatched_22,celseq
14738,D17All2_3,13,acinar,Unmatched_13,celseq
14739,D17All2_4,1,ductal,ductal,celseq
14740,D17All2_6,17,alpha,alpha,celseq
14741,D17All2_7,23,beta,epsilon,celseq
14742,D17All2_8,1,ductal,ductal,celseq
14743,D17All2_9,17,alpha,alpha,celseq
14744,D17All2_10,23,beta,epsilon,celseq
14745,D17All2_11,17,alpha,alpha,celseq
14746,D17All2_12,23,beta,epsilon,celseq
14747,D17All2_13,16,beta,Unmatched_16,celseq
14748,D17All2_14,18,gamma,gamma,celseq
14749,D17All2_15,17,alpha,alpha,celseq
14750,D17All2_16,17,alpha,alpha,celseq
14751,D17All2_17,17,alpha,alpha,celseq
14752,D17All2_18,1,ductal,ductal,celseq
14753,D17All2_19,3,delta,delta,celseq
14754,D17All2_20,23,beta,epsilon,celseq
14755,D17All2_21,23,beta,epsilon,celseq
14756,D17All2_22,16,beta,Unmatched_16,celseq
14757,D17All2_23,1,ductal,ductal,celseq
14758,D17All2_24,17,alpha,alpha,celseq
14759,D17All2_25,22,beta,Unmatched_22,celseq
14760,D17All2_26,16,beta,Unmatched_16,celseq
14761,D17All2_27,17,alpha,alpha,celseq
14762,D17All2_28,18,gamma,gamma,celseq
14763,D17All2_29,1,ductal,ductal,celseq
14764,D17All2_30,16,beta,Unmatched_16,celseq
14765,D17All2_31,23,beta,epsilon,celseq
14766,D17All2_32,17,alpha,alpha,celseq
14767,D17All2_34,16,beta,Unmatched_16,celseq
14768,D17All2_35,23,beta,epsilon,celseq
14769,D17All2_36,23,beta,epsilon,celseq
14770,D17All2_37,17,alpha,alpha,celseq
14771,D17All2_38,18,gamma,gamma,celseq
14772,D17All2_39,17,alpha,alpha,celseq
14773,D17All2_40,17,alpha,alpha,celseq
14774,D17All2_41,23,beta,epsilon,celseq
14775,D17All2_43,17,alpha,alpha,celseq
14776,D17All2_44,17,alpha,alpha,celseq
14777,D17All2_45,17,alpha,alpha,celseq
14778,D17All2_46,18,gamma,gamma,celseq
14779,D17All2_47,17,alpha,alpha,celseq
14780,D17All2_48,1,ductal,ductal,celseq
14781,D17All2_49,3,delta,delta,celseq
14782,D17All2_52,17,alpha,alpha,celseq
14783,D17All2_53,1,ductal,ductal,celseq
14784,D17All2_54,1,ductal,ductal,celseq
14785,D17All2_55,16,beta,Unmatched_16,celseq
14786,D17All2_56,16,beta,Unmatched_16,celseq
14787,D17All2_57,23,beta,epsilon,celseq
14788,D17All2_58,1,ductal,ductal,celseq
14789,D17All2_59,1,ductal,ductal,celseq
14790,D17All2_61,3,delta,delta,celseq
14791,D17All2_62,17,alpha,alpha,celseq
14792,D17All2_63,18,gamma,gamma,celseq
14793,D17All2_64,23,ductal,epsilon,celseq
14794,D17All2_65,16,beta,Unmatched_16,celseq
14795,D17All2_66,1,ductal,ductal,celseq
14796,D17All2_68,16,beta,Unmatched_16,celseq
14797,D17All2_69,23,beta,epsilon,celseq
14798,D17All2_70,1,ductal,ductal,celseq
14799,D17All2_71,1,ductal,ductal,celseq
14800,D17All2_72,1,ductal,ductal,celseq
14801,D17All2_74,17,alpha,alpha,celseq
14802,D17All2_76,1,ductal,ductal,celseq
14803,D17All2_77,1,ductal,ductal,celseq
14804,D17All2_78,3,delta,delta,celseq
14805,D17All2_79,13,acinar,Unmatched_13,celseq
14806,D17All2_80,23,alpha,epsilon,celseq
14807,D17All2_81,1,ductal,ductal,celseq
14808,D17All2_83,7,activated_stellate,activated_stellate,celseq
14809,D17All2_84,17,alpha,alpha,celseq
14810,D17All2_85,18,gamma,gamma,celseq
14811,D17All2_86,7,activated_stellate,activated_stellate,celseq
14812,D17All2_87,16,beta,Unmatched_16,celseq
14813,D17All2_88,18,epsilon,gamma,celseq
14814,D17All2_90,16,beta,Unmatched_16,celseq
14815,D17All2_91,1,ductal,ductal,celseq
14816,D17All2_92,18,gamma,gamma,celseq
14817,D17All2_93,7,activated_stellate,activated_stellate,celseq
14818,D17All2_94,16,beta,Unmatched_16,celseq
14819,D17All2_95,23,beta,epsilon,celseq
14820,D17TGFB_1,17,alpha,alpha,celseq
14821,D17TGFB_2,17,alpha,alpha,celseq
14822,D17TGFB_3,1,ductal,ductal,celseq
14823,D17TGFB_4,13,acinar,Unmatched_13,celseq
14824,D17TGFB_5,1,ductal,ductal,celseq
14825,D17TGFB_6,13,acinar,Unmatched_13,celseq
14826,D17TGFB_7,0,endothelial,endothelial,celseq
14827,D17TGFB_8,13,acinar,Unmatched_13,celseq
14828,D17TGFB_9,13,acinar,Unmatched_13,celseq
14829,D17TGFB_10,13,acinar,Unmatched_13,celseq
14830,D17TGFB_11,17,alpha,alpha,celseq
14831,D17TGFB_12,13,acinar,Unmatched_13,celseq
14832,D17TGFB_13,17,alpha,alpha,celseq
14833,D17TGFB_14,13,acinar,Unmatched_13,celseq
14834,D17TGFB_15,18,alpha,gamma,celseq
14835,D17TGFB_16,3,delta,delta,celseq
14836,D17TGFB_17,13,acinar,Unmatched_13,celseq
14837,D17TGFB_19,1,ductal,ductal,celseq
14838,D17TGFB_20,17,alpha,alpha,celseq
14839,D17TGFB_21,13,acinar,Unmatched_13,celseq
14840,D17TGFB_22,13,acinar,Unmatched_13,celseq
14841,D17TGFB_23,13,acinar,Unmatched_13,celseq
14842,D17TGFB_24,1,ductal,ductal,celseq
14843,D17TGFB_25,1,ductal,ductal,celseq
14844,D17TGFB_26,13,acinar,Unmatched_13,celseq
14845,D17TGFB_27,14,ductal,Unmatched_14,celseq
14846,D17TGFB_28,1,ductal,ductal,celseq
14847,D17TGFB_29,23,ductal,epsilon,celseq
14848,D17TGFB_31,13,acinar,Unmatched_13,celseq
14849,D17TGFB_32,13,acinar,Unmatched_13,celseq
14850,D17TGFB_33,23,acinar,epsilon,celseq
14851,D17TGFB_34,13,ductal,Unmatched_13,celseq
14852,D17TGFB_35,17,alpha,alpha,celseq
14853,D17TGFB_36,13,acinar,Unmatched_13,celseq
14854,D17TGFB_37,14,ductal,Unmatched_14,celseq
14855,D17TGFB_38,13,acinar,Unmatched_13,celseq
14856,D17TGFB_39,13,acinar,Unmatched_13,celseq
14857,D17TGFB_40,17,alpha,alpha,celseq
14858,D17TGFB_41,13,acinar,Unmatched_13,celseq
14859,D17TGFB_42,23,alpha,epsilon,celseq
14860,D17TGFB_43,13,acinar,Unmatched_13,celseq
14861,D17TGFB_44,13,acinar,Unmatched_13,celseq
14862,D17TGFB_45,13,acinar,Unmatched_13,celseq
14863,D17TGFB_47,13,acinar,Unmatched_13,celseq
14864,D17TGFB_48,23,alpha,epsilon,celseq
14865,D17TGFB_49,13,acinar,Unmatched_13,celseq
14866,D17TGFB_51,13,acinar,Unmatched_13,celseq
14867,D17TGFB_52,17,alpha,alpha,celseq
14868,D17TGFB_53,17,alpha,alpha,celseq
14869,D17TGFB_54,13,acinar,Unmatched_13,celseq
14870,D17TGFB_55,13,ductal,Unmatched_13,celseq
14871,D17TGFB_56,13,acinar,Unmatched_13,celseq
14872,D17TGFB_57,13,acinar,Unmatched_13,celseq
14873,D17TGFB_58,13,acinar,Unmatched_13,celseq
14874,D17TGFB_59,13,acinar,Unmatched_13,celseq
14875,D17TGFB_61,13,acinar,Unmatched_13,celseq
14876,D17TGFB_63,17,alpha,alpha,celseq
14877,D17TGFB_64,1,ductal,ductal,celseq
14878,D17TGFB_65,17,alpha,alpha,celseq
14879,D17TGFB_66,13,acinar,Unmatched_13,celseq
14880,D17TGFB_67,13,acinar,Unmatched_13,celseq
14881,D17TGFB_68,23,beta,epsilon,celseq
14882,D17TGFB_69,17,alpha,alpha,celseq
14883,D17TGFB_70,17,alpha,alpha,celseq
14884,D17TGFB_71,13,acinar,Unmatched_13,celseq
14885,D17TGFB_72,23,ductal,epsilon,celseq
14886,D17TGFB_73,17,alpha,alpha,celseq
14887,D17TGFB_74,13,acinar,Unmatched_13,celseq
14888,D17TGFB_75,17,alpha,alpha,celseq
14889,D17TGFB_76,13,acinar,Unmatched_13,celseq
14890,D17TGFB_77,7,activated_stellate,activated_stellate,celseq
14891,D17TGFB_78,23,alpha,epsilon,celseq
14892,D17TGFB_79,23,ductal,epsilon,celseq
14893,D17TGFB_80,13,acinar,Unmatched_13,celseq
14894,D17TGFB_81,1,ductal,ductal,celseq
14895,D17TGFB_82,17,alpha,alpha,celseq
14896,D17TGFB_83,1,ductal,ductal,celseq
14897,D17TGFB_85,13,acinar,Unmatched_13,celseq
14898,D17TGFB_86,1,ductal,ductal,celseq
14899,D17TGFB_87,1,ductal,ductal,celseq
14900,D17TGFB_88,1,ductal,ductal,celseq
14901,D17TGFB_89,13,acinar,Unmatched_13,celseq
14902,D17TGFB_90,17,alpha,alpha,celseq
14903,D17TGFB_91,17,alpha,alpha,celseq
14904,D17TGFB_92,13,acinar,Unmatched_13,celseq
14905,D17TGFB_93,13,acinar,Unmatched_13,celseq
14906,D17TGFB_94,23,alpha,epsilon,celseq
14907,D17TGFB_95,23,alpha,epsilon,celseq
