cell_index,cell_id,predicted_label,true_label,aligned_predicted_label,batch
0,A10_B000767_B009945_S10.mm10-plus-4-0,6,hepatocyte,hepatocyte,single_batch
1,A10_D045313_B009942_S10.mm10-plus-4-0,6,hepatocyte,hepatocyte,single_batch
2,A11_B000767_B009945_S11.mm10-plus-4-0,10,myeloid leukocyte,Unmatched_10,single_batch
3,A11_B001247_B009941_S11.mm10-plus-4-0,4,endothelial cell of hepatic sinusoid,endothelial cell of hepatic sinusoid,single_batch
4,A11_B002688_B009944_S11.mm10-plus-4-0,4,endothelial cell of hepatic sinusoid,endothelial cell of hepatic sinusoid,single_batch
5,A11_D045313_B009942_S11.mm10-plus-4-0,4,endothelial cell of hepatic sinusoid,endothelial cell of hepatic sinusoid,single_batch
6,A12_B000767_B009945_S12.mm10-plus-4-0,6,hepatocyte,hepatocyte,single_batch
7,A12_B002688_B009944_S12.mm10-plus-4-0,6,hepatocyte,hepatocyte,single_batch
8,A12_D045313_B009942_S12.mm10-plus-4-0,4,endothelial cell of hepatic sinusoid,endothelial cell of hepatic sinusoid,single_batch
9,A13_B002681_B009943_S13.mm10-plus-4-0,6,hepatocyte,hepatocyte,single_batch
10,A13_B002688_B009944_S13.mm10-plus-4-0,12,Kupffer cell,Kupffer cell,single_batch
11,A13_D045313_B009942_S13.mm10-plus-4-0,4,endothelial cell of hepatic sinusoid,endothelial cell of hepatic sinusoid,single_batch
12,A14_B001247_B009941_S14.mm10-plus-4-0,4,endothelial cell of hepatic sinusoid,endothelial cell of hepatic sinusoid,single_batch
13,A14_B002688_B009944_S14.mm10-plus-4-0,4,endothelial cell of hepatic sinusoid,endothelial cell of hepatic sinusoid,single_batch
14,A14_D045313_B009942_S14.mm10-plus-4-0,4,endothelial cell of hepatic sinusoid,endothelial cell of hepatic sinusoid,single_batch
15,A15_B000767_B009945_S15.mm10-plus-4-0,6,hepatocyte,hepatocyte,single_batch
16,A15_B001247_B009941_S15.mm10-plus-4-0,4,endothelial cell of hepatic sinusoid,endothelial cell of hepatic sinusoid,single_batch
17,A15_B002681_B009943_S15.mm10-plus-4-0,6,hepatocyte,hepatocyte,single_batch
18,A15_D045313_B009942_S15.mm10-plus-4-0,14,myeloid leukocyte,myeloid leukocyte,single_batch
19,A16_B000767_B009945_S16.mm10-plus-4-0,1,mature NK T cell,mature NK T cell,single_batch
20,A16_B001247_B009941_S16.mm10-plus-4-0,4,endothelial cell of hepatic sinusoid,endothelial cell of hepatic sinusoid,single_batch
21,A16_B002688_B009944_S16.mm10-plus-4-0,4,endothelial cell of hepatic sinusoid,endothelial cell of hepatic sinusoid,single_batch
22,A16_D045313_B009942_S16.mm10-plus-4-0,4,endothelial cell of hepatic sinusoid,endothelial cell of hepatic sinusoid,single_batch
23,A17_B000767_B009945_S17.mm10-plus-4-0,1,"CD4-positive, alpha-beta T cell",mature NK T cell,single_batch
24,A17_B001247_B009941_S17.mm10-plus-4-0,4,endothelial cell of hepatic sinusoid,endothelial cell of hepatic sinusoid,single_batch
25,A17_B002688_B009944_S17.mm10-plus-4-0,6,hepatocyte,hepatocyte,single_batch
26,A17_D045313_B009942_S17.mm10-plus-4-0,4,endothelial cell of hepatic sinusoid,endothelial cell of hepatic sinusoid,single_batch
27,A18_B001247_B009941_S18.mm10-plus-4-0,4,endothelial cell of hepatic sinusoid,endothelial cell of hepatic sinusoid,single_batch
28,A18_B002681_B009943_S18.mm10-plus-4-0,6,hepatocyte,hepatocyte,single_batch
29,A18_B002688_B009944_S18.mm10-plus-4-0,4,endothelial cell of hepatic sinusoid,endothelial cell of hepatic sinusoid,single_batch
30,A18_D045313_B009942_S18.mm10-plus-4-0,4,endothelial cell of hepatic sinusoid,endothelial cell of hepatic sinusoid,single_batch
31,A19_B000767_B009945_S19.mm10-plus-4-0,6,endothelial cell of hepatic sinusoid,hepatocyte,single_batch
32,A19_B001247_B009941_S19.mm10-plus-4-0,14,myeloid leukocyte,myeloid leukocyte,single_batch
33,A19_B002688_B009944_S19.mm10-plus-4-0,4,endothelial cell of hepatic sinusoid,endothelial cell of hepatic sinusoid,single_batch
34,A19_D045313_B009942_S19.mm10-plus-4-0,4,endothelial cell of hepatic sinusoid,endothelial cell of hepatic sinusoid,single_batch
35,A1_B000767_B009945_S1.mm10-plus-4-0,2,NK cell,NK cell,single_batch
36,A1_B001247_B009941_S1.mm10-plus-4-0,14,Kupffer cell,myeloid leukocyte,single_batch
37,A1_D045313_B009942_S1.mm10-plus-4-0,6,hepatocyte,hepatocyte,single_batch
38,A20_B000767_B009945_S20.mm10-plus-4-0,6,hepatocyte,hepatocyte,single_batch
39,A20_B001247_B009941_S20.mm10-plus-4-0,4,myeloid leukocyte,endothelial cell of hepatic sinusoid,single_batch
40,A20_B002688_B009944_S20.mm10-plus-4-0,11,myeloid leukocyte,Unmatched_11,single_batch
41,A20_D045313_B009942_S20.mm10-plus-4-0,4,endothelial cell of hepatic sinusoid,endothelial cell of hepatic sinusoid,single_batch
42,A21_B000767_B009945_S21.mm10-plus-4-0,4,endothelial cell of hepatic sinusoid,endothelial cell of hepatic sinusoid,single_batch
43,A21_B001247_B009941_S21.mm10-plus-4-0,0,B cell,B cell,single_batch
44,A21_B002681_B009943_S21.mm10-plus-4-0,6,hepatocyte,hepatocyte,single_batch
45,A21_B002688_B009944_S21.mm10-plus-4-0,2,NK cell,NK cell,single_batch
46,A21_D045313_B009942_S21.mm10-plus-4-0,4,endothelial cell of hepatic sinusoid,endothelial cell of hepatic sinusoid,single_batch
47,A22_B000767_B009945_S22.mm10-plus-4-0,6,hepatocyte,hepatocyte,single_batch
48,A22_B001247_B009941_S22.mm10-plus-4-0,6,B cell,hepatocyte,single_batch
49,A22_B002681_B009943_S22.mm10-plus-4-0,6,hepatocyte,hepatocyte,single_batch
50,A2_B000767_B009945_S2.mm10-plus-4-0,2,NK cell,NK cell,single_batch
51,A2_B001247_B009941_S2.mm10-plus-4-0,1,mature NK T cell,mature NK T cell,single_batch
52,A2_B002681_B009943_S2.mm10-plus-4-0,6,hepatocyte,hepatocyte,single_batch
53,A2_D045313_B009942_S2.mm10-plus-4-0,6,hepatocyte,hepatocyte,single_batch
54,A3_B000767_B009945_S3.mm10-plus-4-0,1,mature NK T cell,mature NK T cell,single_batch
55,A3_B001247_B009941_S3.mm10-plus-4-0,12,Kupffer cell,Kupffer cell,single_batch
56,A3_B002681_B009943_S3.mm10-plus-4-0,4,endothelial cell of hepatic sinusoid,endothelial cell of hepatic sinusoid,single_batch
57,A3_D045313_B009942_S3.mm10-plus-4-0,0,B cell,B cell,single_batch
58,A4_B000767_B009945_S4.mm10-plus-4-0,10,myeloid leukocyte,Unmatched_10,single_batch
59,A5_B000767_B009945_S5.mm10-plus-4-0,2,NK cell,NK cell,single_batch
60,A5_B001247_B009941_S5.mm10-plus-4-0,1,T cell,mature NK T cell,single_batch
61,A5_D045313_B009942_S5.mm10-plus-4-0,0,B cell,B cell,single_batch
62,A6_B000767_B009945_S6.mm10-plus-4-0,0,B cell,B cell,single_batch
63,A6_B002681_B009943_S6.mm10-plus-4-0,12,Kupffer cell,Kupffer cell,single_batch
64,A6_D045313_B009942_S6.mm10-plus-4-0,6,hepatocyte,hepatocyte,single_batch
65,A7_B001247_B009941_S7.mm10-plus-4-0,12,Kupffer cell,Kupffer cell,single_batch
66,A7_B002688_B009944_S7.mm10-plus-4-0,12,myeloid leukocyte,Kupffer cell,single_batch
67,A7_D045313_B009942_S7.mm10-plus-4-0,6,hepatocyte,hepatocyte,single_batch
68,A8_D045313_B009942_S8.mm10-plus-4-0,6,hepatocyte,hepatocyte,single_batch
69,A9_B000767_B009945_S9.mm10-plus-4-0,4,endothelial cell of hepatic sinusoid,endothelial cell of hepatic sinusoid,single_batch
70,A9_D045313_B009942_S9.mm10-plus-4-0,6,hepatocyte,hepatocyte,single_batch
71,B10_B000767_B009945_S34.mm10-plus-4-0,4,endothelial cell of hepatic sinusoid,endothelial cell of hepatic sinusoid,single_batch
72,B10_B002681_B009943_S34.mm10-plus-4-0,6,hepatocyte,hepatocyte,single_batch
73,B10_B002688_B009944_S34.mm10-plus-4-0,4,endothelial cell of hepatic sinusoid,endothelial cell of hepatic sinusoid,single_batch
74,B10_D045313_B009942_S34.mm10-plus-4-0,6,hepatocyte,hepatocyte,single_batch
75,B11_B000767_B009945_S35.mm10-plus-4-0,1,mature NK T cell,mature NK T cell,single_batch
76,B11_B002681_B009943_S35.mm10-plus-4-0,6,hepatocyte,hepatocyte,single_batch
77,B12_B000767_B009945_S36.mm10-plus-4-0,6,hepatocyte,hepatocyte,single_batch
78,B12_B002688_B009944_S36.mm10-plus-4-0,4,endothelial cell of hepatic sinusoid,endothelial cell of hepatic sinusoid,single_batch
79,B12_D045313_B009942_S36.mm10-plus-4-0,12,Kupffer cell,Kupffer cell,single_batch
80,B13_B001247_B009941_S37.mm10-plus-4-0,4,endothelial cell of hepatic sinusoid,endothelial cell of hepatic sinusoid,single_batch
81,B13_B002681_B009943_S37.mm10-plus-4-0,6,hepatocyte,hepatocyte,single_batch
82,B13_D045313_B009942_S37.mm10-plus-4-0,4,endothelial cell of hepatic sinusoid,endothelial cell of hepatic sinusoid,single_batch
83,B14_B001247_B009941_S38.mm10-plus-4-0,4,endothelial cell of hepatic sinusoid,endothelial cell of hepatic sinusoid,single_batch
84,B14_B002681_B009943_S38.mm10-plus-4-0,6,hepatocyte,hepatocyte,single_batch
85,B14_B002688_B009944_S38.mm10-plus-4-0,4,endothelial cell of hepatic sinusoid,endothelial cell of hepatic sinusoid,single_batch
86,B14_D045313_B009942_S38.mm10-plus-4-0,1,myeloid leukocyte,mature NK T cell,single_batch
87,B15_B000767_B009945_S39.mm10-plus-4-0,1,mature NK T cell,mature NK T cell,single_batch
88,B15_B001247_B009941_S39.mm10-plus-4-0,4,endothelial cell of hepatic sinusoid,endothelial cell of hepatic sinusoid,single_batch
89,B15_B002688_B009944_S39.mm10-plus-4-0,4,endothelial cell of hepatic sinusoid,endothelial cell of hepatic sinusoid,single_batch
90,B15_D045313_B009942_S39.mm10-plus-4-0,6,hepatocyte,hepatocyte,single_batch
91,B16_B001247_B009941_S40.mm10-plus-4-0,4,endothelial cell of hepatic sinusoid,endothelial cell of hepatic sinusoid,single_batch
92,B16_B002688_B009944_S40.mm10-plus-4-0,5,neutrophil,neutrophil,single_batch
93,B16_D045313_B009942_S40.mm10-plus-4-0,4,endothelial cell of hepatic sinusoid,endothelial cell of hepatic sinusoid,single_batch
94,B17_B001247_B009941_S41.mm10-plus-4-0,4,endothelial cell of hepatic sinusoid,endothelial cell of hepatic sinusoid,single_batch
95,B17_B002681_B009943_S41.mm10-plus-4-0,6,hepatocyte,hepatocyte,single_batch
96,B17_B002688_B009944_S41.mm10-plus-4-0,6,hepatocyte,hepatocyte,single_batch
97,B17_D045313_B009942_S41.mm10-plus-4-0,4,endothelial cell of hepatic sinusoid,endothelial cell of hepatic sinusoid,single_batch
98,B18_B000767_B009945_S42.mm10-plus-4-0,12,Kupffer cell,Kupffer cell,single_batch
99,B18_B001247_B009941_S42.mm10-plus-4-0,4,endothelial cell of hepatic sinusoid,endothelial cell of hepatic sinusoid,single_batch
100,B18_B002681_B009943_S42.mm10-plus-4-0,6,hepatocyte,hepatocyte,single_batch
101,B18_B002688_B009944_S42.mm10-plus-4-0,5,neutrophil,neutrophil,single_batch
102,B18_D045313_B009942_S42.mm10-plus-4-0,4,endothelial cell of hepatic sinusoid,endothelial cell of hepatic sinusoid,single_batch
103,B19_B000767_B009945_S43.mm10-plus-4-0,4,endothelial cell of hepatic sinusoid,endothelial cell of hepatic sinusoid,single_batch
104,B19_B001247_B009941_S43.mm10-plus-4-0,6,hepatocyte,hepatocyte,single_batch
105,B19_D045313_B009942_S43.mm10-plus-4-0,4,endothelial cell of hepatic sinusoid,endothelial cell of hepatic sinusoid,single_batch
106,B1_B000767_B009945_S25.mm10-plus-4-0,0,B cell,B cell,single_batch
107,B1_B001247_B009941_S25.mm10-plus-4-0,12,Kupffer cell,Kupffer cell,single_batch
108,B1_B002681_B009943_S25.mm10-plus-4-0,6,hepatocyte,hepatocyte,single_batch
109,B1_D045313_B009942_S25.mm10-plus-4-0,6,hepatocyte,hepatocyte,single_batch
110,B20_B001247_B009941_S44.mm10-plus-4-0,4,myeloid leukocyte,endothelial cell of hepatic sinusoid,single_batch
111,B20_B002688_B009944_S44.mm10-plus-4-0,4,endothelial cell of hepatic sinusoid,endothelial cell of hepatic sinusoid,single_batch
112,B20_D045313_B009942_S44.mm10-plus-4-0,4,Kupffer cell,endothelial cell of hepatic sinusoid,single_batch
113,B21_B001247_B009941_S45.mm10-plus-4-0,4,myeloid leukocyte,endothelial cell of hepatic sinusoid,single_batch
114,B21_B002688_B009944_S45.mm10-plus-4-0,6,endothelial cell of hepatic sinusoid,hepatocyte,single_batch
115,B21_D045313_B009942_S45.mm10-plus-4-0,6,hepatocyte,hepatocyte,single_batch
116,B22_B000767_B009945_S46.mm10-plus-4-0,2,mature NK T cell,NK cell,single_batch
117,B22_B001247_B009941_S46.mm10-plus-4-0,1,T cell,mature NK T cell,single_batch
118,B22_D045313_B009942_S46.mm10-plus-4-0,6,hepatocyte,hepatocyte,single_batch
119,B2_B001247_B009941_S26.mm10-plus-4-0,6,hepatocyte,hepatocyte,single_batch
120,B3_B000767_B009945_S27.mm10-plus-4-0,0,B cell,B cell,single_batch
121,B3_B001247_B009941_S27.mm10-plus-4-0,0,B cell,B cell,single_batch
122,B3_B002688_B009944_S27.mm10-plus-4-0,0,B cell,B cell,single_batch
123,B3_D045313_B009942_S27.mm10-plus-4-0,6,hepatocyte,hepatocyte,single_batch
124,B4_B000767_B009945_S28.mm10-plus-4-0,0,B cell,B cell,single_batch
125,B4_B001247_B009941_S28.mm10-plus-4-0,12,Kupffer cell,Kupffer cell,single_batch
126,B4_B002681_B009943_S28.mm10-plus-4-0,1,mature NK T cell,mature NK T cell,single_batch
127,B4_B002688_B009944_S28.mm10-plus-4-0,6,hepatocyte,hepatocyte,single_batch
128,B4_D045313_B009942_S28.mm10-plus-4-0,6,hepatocyte,hepatocyte,single_batch
129,B5_B001247_B009941_S29.mm10-plus-4-0,0,B cell,B cell,single_batch
130,B5_D045313_B009942_S29.mm10-plus-4-0,6,hepatocyte,hepatocyte,single_batch
131,B6_B002688_B009944_S30.mm10-plus-4-0,6,hepatocyte,hepatocyte,single_batch
132,B6_D045313_B009942_S30.mm10-plus-4-0,6,hepatocyte,hepatocyte,single_batch
133,B7_B000767_B009945_S31.mm10-plus-4-0,2,mature NK T cell,NK cell,single_batch
134,B7_B001247_B009941_S31.mm10-plus-4-0,0,B cell,B cell,single_batch
135,B7_B002688_B009944_S31.mm10-plus-4-0,6,hepatocyte,hepatocyte,single_batch
136,B7_D045313_B009942_S31.mm10-plus-4-0,4,endothelial cell of hepatic sinusoid,endothelial cell of hepatic sinusoid,single_batch
137,B8_B000767_B009945_S32.mm10-plus-4-0,0,B cell,B cell,single_batch
138,B8_D045313_B009942_S32.mm10-plus-4-0,4,endothelial cell of hepatic sinusoid,endothelial cell of hepatic sinusoid,single_batch
139,B9_B000767_B009945_S33.mm10-plus-4-0,1,"CD4-positive, alpha-beta T cell",mature NK T cell,single_batch
140,B9_B002681_B009943_S33.mm10-plus-4-0,6,hepatocyte,hepatocyte,single_batch
141,B9_D045313_B009942_S33.mm10-plus-4-0,4,endothelial cell of hepatic sinusoid,endothelial cell of hepatic sinusoid,single_batch
142,C10_B000767_B009945_S58.mm10-plus-4-0,6,hepatocyte,hepatocyte,single_batch
143,C10_B002681_B009943_S58.mm10-plus-4-0,6,hepatocyte,hepatocyte,single_batch
144,C10_B002688_B009944_S58.mm10-plus-4-0,6,hepatocyte,hepatocyte,single_batch
145,C11_B001247_B009941_S59.mm10-plus-4-0,4,endothelial cell of hepatic sinusoid,endothelial cell of hepatic sinusoid,single_batch
146,C11_B002681_B009943_S59.mm10-plus-4-0,6,hepatocyte,hepatocyte,single_batch
147,C11_B002688_B009944_S59.mm10-plus-4-0,4,endothelial cell of hepatic sinusoid,endothelial cell of hepatic sinusoid,single_batch
148,C11_D045313_B009942_S59.mm10-plus-4-0,2,NK cell,NK cell,single_batch
149,C12_B001247_B009941_S60.mm10-plus-4-0,4,endothelial cell of hepatic sinusoid,endothelial cell of hepatic sinusoid,single_batch
150,C12_D045313_B009942_S60.mm10-plus-4-0,6,endothelial cell of hepatic sinusoid,hepatocyte,single_batch
151,C13_B000767_B009945_S61.mm10-plus-4-0,6,hepatocyte,hepatocyte,single_batch
152,C13_B001247_B009941_S61.mm10-plus-4-0,4,endothelial cell of hepatic sinusoid,endothelial cell of hepatic sinusoid,single_batch
153,C13_B002681_B009943_S61.mm10-plus-4-0,6,hepatocyte,hepatocyte,single_batch
154,C13_B002688_B009944_S61.mm10-plus-4-0,6,hepatocyte,hepatocyte,single_batch
155,C13_D045313_B009942_S61.mm10-plus-4-0,6,hepatocyte,hepatocyte,single_batch
156,C14_B000767_B009945_S62.mm10-plus-4-0,4,endothelial cell of hepatic sinusoid,endothelial cell of hepatic sinusoid,single_batch
157,C14_B001247_B009941_S62.mm10-plus-4-0,12,Kupffer cell,Kupffer cell,single_batch
158,C14_B002681_B009943_S62.mm10-plus-4-0,6,hepatocyte,hepatocyte,single_batch
159,C14_B002688_B009944_S62.mm10-plus-4-0,4,endothelial cell of hepatic sinusoid,endothelial cell of hepatic sinusoid,single_batch
160,C14_D045313_B009942_S62.mm10-plus-4-0,4,endothelial cell of hepatic sinusoid,endothelial cell of hepatic sinusoid,single_batch
161,C15_B000767_B009945_S63.mm10-plus-4-0,4,endothelial cell of hepatic sinusoid,endothelial cell of hepatic sinusoid,single_batch
162,C15_B001247_B009941_S63.mm10-plus-4-0,4,endothelial cell of hepatic sinusoid,endothelial cell of hepatic sinusoid,single_batch
163,C15_D045313_B009942_S63.mm10-plus-4-0,1,mature NK T cell,mature NK T cell,single_batch
164,C16_B000767_B009945_S64.mm10-plus-4-0,4,endothelial cell of hepatic sinusoid,endothelial cell of hepatic sinusoid,single_batch
165,C16_B002681_B009943_S64.mm10-plus-4-0,6,hepatocyte,hepatocyte,single_batch
166,C16_B002688_B009944_S64.mm10-plus-4-0,11,myeloid leukocyte,Unmatched_11,single_batch
167,C16_D045313_B009942_S64.mm10-plus-4-0,5,neutrophil,neutrophil,single_batch
168,C17_B000767_B009945_S65.mm10-plus-4-0,1,mature NK T cell,mature NK T cell,single_batch
169,C17_B001247_B009941_S65.mm10-plus-4-0,4,endothelial cell of hepatic sinusoid,endothelial cell of hepatic sinusoid,single_batch
170,C17_B002688_B009944_S65.mm10-plus-4-0,6,hepatocyte,hepatocyte,single_batch
171,C17_D045313_B009942_S65.mm10-plus-4-0,6,hepatocyte,hepatocyte,single_batch
172,C18_B000767_B009945_S66.mm10-plus-4-0,4,endothelial cell of hepatic sinusoid,endothelial cell of hepatic sinusoid,single_batch
173,C18_B001247_B009941_S66.mm10-plus-4-0,5,neutrophil,neutrophil,single_batch
174,C18_B002688_B009944_S66.mm10-plus-4-0,6,hepatocyte,hepatocyte,single_batch
175,C18_D045313_B009942_S66.mm10-plus-4-0,4,endothelial cell of hepatic sinusoid,endothelial cell of hepatic sinusoid,single_batch
176,C19_B000767_B009945_S67.mm10-plus-4-0,4,endothelial cell of hepatic sinusoid,endothelial cell of hepatic sinusoid,single_batch
177,C19_B001247_B009941_S67.mm10-plus-4-0,4,endothelial cell of hepatic sinusoid,endothelial cell of hepatic sinusoid,single_batch
178,C19_D045313_B009942_S67.mm10-plus-4-0,4,endothelial cell of hepatic sinusoid,endothelial cell of hepatic sinusoid,single_batch
179,C1_B000767_B009945_S49.mm10-plus-4-0,1,mature NK T cell,mature NK T cell,single_batch
180,C1_B001247_B009941_S49.mm10-plus-4-0,0,B cell,B cell,single_batch
181,C1_B002681_B009943_S49.mm10-plus-4-0,12,Kupffer cell,Kupffer cell,single_batch
182,C1_B002688_B009944_S49.mm10-plus-4-0,4,endothelial cell of hepatic sinusoid,endothelial cell of hepatic sinusoid,single_batch
183,C20_B000767_B009945_S68.mm10-plus-4-0,0,B cell,B cell,single_batch
184,C20_B001247_B009941_S68.mm10-plus-4-0,9,myeloid leukocyte,Unmatched_9,single_batch
185,C20_B002688_B009944_S68.mm10-plus-4-0,4,endothelial cell of hepatic sinusoid,endothelial cell of hepatic sinusoid,single_batch
186,C20_D045313_B009942_S68.mm10-plus-4-0,5,neutrophil,neutrophil,single_batch
187,C21_B000767_B009945_S69.mm10-plus-4-0,4,endothelial cell of hepatic sinusoid,endothelial cell of hepatic sinusoid,single_batch
188,C21_B001247_B009941_S69.mm10-plus-4-0,14,myeloid leukocyte,myeloid leukocyte,single_batch
189,C21_B002681_B009943_S69.mm10-plus-4-0,6,hepatocyte,hepatocyte,single_batch
190,C21_D045313_B009942_S69.mm10-plus-4-0,6,hepatocyte,hepatocyte,single_batch
191,C22_B000767_B009945_S70.mm10-plus-4-0,1,T cell,mature NK T cell,single_batch
192,C22_B001247_B009941_S70.mm10-plus-4-0,4,myeloid leukocyte,endothelial cell of hepatic sinusoid,single_batch
193,C2_B001247_B009941_S50.mm10-plus-4-0,4,endothelial cell of hepatic sinusoid,endothelial cell of hepatic sinusoid,single_batch
194,C2_B002688_B009944_S50.mm10-plus-4-0,6,hepatocyte,hepatocyte,single_batch
195,C3_B000767_B009945_S51.mm10-plus-4-0,5,neutrophil,neutrophil,single_batch
196,C3_B001247_B009941_S51.mm10-plus-4-0,1,mature NK T cell,mature NK T cell,single_batch
197,C3_B002681_B009943_S51.mm10-plus-4-0,1,mature NK T cell,mature NK T cell,single_batch
198,C3_D045313_B009942_S51.mm10-plus-4-0,6,hepatocyte,hepatocyte,single_batch
199,C4_B000767_B009945_S52.mm10-plus-4-0,11,myeloid leukocyte,Unmatched_11,single_batch
200,C4_B001247_B009941_S52.mm10-plus-4-0,12,Kupffer cell,Kupffer cell,single_batch
201,C4_B002688_B009944_S52.mm10-plus-4-0,6,hepatocyte,hepatocyte,single_batch
202,C4_D045313_B009942_S52.mm10-plus-4-0,0,B cell,B cell,single_batch
203,C5_B000767_B009945_S53.mm10-plus-4-0,1,T cell,mature NK T cell,single_batch
204,C5_B001247_B009941_S53.mm10-plus-4-0,12,Kupffer cell,Kupffer cell,single_batch
205,C5_D045313_B009942_S53.mm10-plus-4-0,6,hepatocyte,hepatocyte,single_batch
206,C6_B000767_B009945_S54.mm10-plus-4-0,6,endothelial cell of hepatic sinusoid,hepatocyte,single_batch
207,C6_B001247_B009941_S54.mm10-plus-4-0,12,Kupffer cell,Kupffer cell,single_batch
208,C6_B002681_B009943_S54.mm10-plus-4-0,6,hepatocyte,hepatocyte,single_batch
209,C7_B000767_B009945_S55.mm10-plus-4-0,1,mature NK T cell,mature NK T cell,single_batch
210,C7_B002681_B009943_S55.mm10-plus-4-0,6,hepatocyte,hepatocyte,single_batch
211,C7_D045313_B009942_S55.mm10-plus-4-0,6,hepatocyte,hepatocyte,single_batch
212,C8_B002681_B009943_S56.mm10-plus-4-0,6,hepatocyte,hepatocyte,single_batch
213,C8_D045313_B009942_S56.mm10-plus-4-0,12,Kupffer cell,Kupffer cell,single_batch
214,C9_B000767_B009945_S57.mm10-plus-4-0,9,myeloid leukocyte,Unmatched_9,single_batch
215,C9_B001247_B009941_S57.mm10-plus-4-0,10,myeloid leukocyte,Unmatched_10,single_batch
216,D10_B000767_B009945_S82.mm10-plus-4-0,6,hepatocyte,hepatocyte,single_batch
217,D10_B001247_B009941_S82.mm10-plus-4-0,1,hepatocyte,mature NK T cell,single_batch
218,D10_B002688_B009944_S82.mm10-plus-4-0,6,hepatocyte,hepatocyte,single_batch
219,D10_D045313_B009942_S82.mm10-plus-4-0,6,hepatocyte,hepatocyte,single_batch
220,D11_B000767_B009945_S83.mm10-plus-4-0,0,B cell,B cell,single_batch
221,D11_B001247_B009941_S83.mm10-plus-4-0,12,Kupffer cell,Kupffer cell,single_batch
222,D11_B002688_B009944_S83.mm10-plus-4-0,6,endothelial cell of hepatic sinusoid,hepatocyte,single_batch
223,D11_D045313_B009942_S83.mm10-plus-4-0,6,endothelial cell of hepatic sinusoid,hepatocyte,single_batch
224,D12_B000767_B009945_S84.mm10-plus-4-0,4,endothelial cell of hepatic sinusoid,endothelial cell of hepatic sinusoid,single_batch
225,D12_B002681_B009943_S84.mm10-plus-4-0,6,hepatocyte,hepatocyte,single_batch
226,D12_D045313_B009942_S84.mm10-plus-4-0,1,myeloid leukocyte,mature NK T cell,single_batch
227,D13_B001247_B009941_S85.mm10-plus-4-0,4,endothelial cell of hepatic sinusoid,endothelial cell of hepatic sinusoid,single_batch
228,D13_B002681_B009943_S85.mm10-plus-4-0,6,hepatocyte,hepatocyte,single_batch
229,D13_D045313_B009942_S85.mm10-plus-4-0,4,endothelial cell of hepatic sinusoid,endothelial cell of hepatic sinusoid,single_batch
230,D14_B000767_B009945_S86.mm10-plus-4-0,1,"CD4-positive, alpha-beta T cell",mature NK T cell,single_batch
231,D14_B001247_B009941_S86.mm10-plus-4-0,12,Kupffer cell,Kupffer cell,single_batch
232,D14_B002681_B009943_S86.mm10-plus-4-0,6,hepatocyte,hepatocyte,single_batch
233,D14_D045313_B009942_S86.mm10-plus-4-0,8,myeloid leukocyte,T cell,single_batch
234,D15_B001247_B009941_S87.mm10-plus-4-0,10,myeloid leukocyte,Unmatched_10,single_batch
235,D15_B002681_B009943_S87.mm10-plus-4-0,6,hepatocyte,hepatocyte,single_batch
236,D15_B002688_B009944_S87.mm10-plus-4-0,4,endothelial cell of hepatic sinusoid,endothelial cell of hepatic sinusoid,single_batch
237,D15_D045313_B009942_S87.mm10-plus-4-0,4,endothelial cell of hepatic sinusoid,endothelial cell of hepatic sinusoid,single_batch
238,D16_B000767_B009945_S88.mm10-plus-4-0,1,"CD8-positive, alpha-beta T cell",mature NK T cell,single_batch
239,D16_B001247_B009941_S88.mm10-plus-4-0,14,myeloid leukocyte,myeloid leukocyte,single_batch
240,D16_B002681_B009943_S88.mm10-plus-4-0,6,hepatocyte,hepatocyte,single_batch
241,D16_B002688_B009944_S88.mm10-plus-4-0,6,hepatocyte,hepatocyte,single_batch
242,D16_D045313_B009942_S88.mm10-plus-4-0,4,endothelial cell of hepatic sinusoid,endothelial cell of hepatic sinusoid,single_batch
243,D17_B000767_B009945_S89.mm10-plus-4-0,12,Kupffer cell,Kupffer cell,single_batch
244,D17_B001247_B009941_S89.mm10-plus-4-0,4,endothelial cell of hepatic sinusoid,endothelial cell of hepatic sinusoid,single_batch
245,D17_B002681_B009943_S89.mm10-plus-4-0,6,hepatocyte,hepatocyte,single_batch
246,D17_D045313_B009942_S89.mm10-plus-4-0,6,hepatocyte,hepatocyte,single_batch
247,D18_B000767_B009945_S90.mm10-plus-4-0,4,endothelial cell of hepatic sinusoid,endothelial cell of hepatic sinusoid,single_batch
248,D18_B001247_B009941_S90.mm10-plus-4-0,4,endothelial cell of hepatic sinusoid,endothelial cell of hepatic sinusoid,single_batch
249,D18_B002681_B009943_S90.mm10-plus-4-0,6,hepatocyte,hepatocyte,single_batch
250,D18_B002688_B009944_S90.mm10-plus-4-0,4,endothelial cell of hepatic sinusoid,endothelial cell of hepatic sinusoid,single_batch
251,D18_D045313_B009942_S90.mm10-plus-4-0,4,endothelial cell of hepatic sinusoid,endothelial cell of hepatic sinusoid,single_batch
252,D19_B001247_B009941_S91.mm10-plus-4-0,4,endothelial cell of hepatic sinusoid,endothelial cell of hepatic sinusoid,single_batch
253,D19_B002688_B009944_S91.mm10-plus-4-0,4,endothelial cell of hepatic sinusoid,endothelial cell of hepatic sinusoid,single_batch
254,D19_D045313_B009942_S91.mm10-plus-4-0,4,endothelial cell of hepatic sinusoid,endothelial cell of hepatic sinusoid,single_batch
255,D1_B000767_B009945_S73.mm10-plus-4-0,1,mature NK T cell,mature NK T cell,single_batch
256,D1_B001247_B009941_S73.mm10-plus-4-0,1,mature NK T cell,mature NK T cell,single_batch
257,D1_B002681_B009943_S73.mm10-plus-4-0,6,hepatocyte,hepatocyte,single_batch
258,D1_B002688_B009944_S73.mm10-plus-4-0,6,hepatocyte,hepatocyte,single_batch
259,D1_D045313_B009942_S73.mm10-plus-4-0,0,B cell,B cell,single_batch
260,D20_B001247_B009941_S92.mm10-plus-4-0,14,myeloid leukocyte,myeloid leukocyte,single_batch
261,D20_B002688_B009944_S92.mm10-plus-4-0,4,endothelial cell of hepatic sinusoid,endothelial cell of hepatic sinusoid,single_batch
262,D20_D045313_B009942_S92.mm10-plus-4-0,4,endothelial cell of hepatic sinusoid,endothelial cell of hepatic sinusoid,single_batch
263,D21_B001247_B009941_S93.mm10-plus-4-0,0,B cell,B cell,single_batch
264,D21_B002681_B009943_S93.mm10-plus-4-0,12,Kupffer cell,Kupffer cell,single_batch
265,D21_D045313_B009942_S93.mm10-plus-4-0,6,hepatocyte,hepatocyte,single_batch
266,D22_B000767_B009945_S94.mm10-plus-4-0,12,Kupffer cell,Kupffer cell,single_batch
267,D22_B001247_B009941_S94.mm10-plus-4-0,4,endothelial cell of hepatic sinusoid,endothelial cell of hepatic sinusoid,single_batch
268,D22_B002681_B009943_S94.mm10-plus-4-0,6,hepatocyte,hepatocyte,single_batch
269,D22_B002688_B009944_S94.mm10-plus-4-0,6,hepatocyte,hepatocyte,single_batch
270,D22_D045313_B009942_S94.mm10-plus-4-0,6,hepatocyte,hepatocyte,single_batch
271,D2_B000767_B009945_S74.mm10-plus-4-0,2,mature NK T cell,NK cell,single_batch
272,D2_B002681_B009943_S74.mm10-plus-4-0,6,hepatocyte,hepatocyte,single_batch
273,D2_B002688_B009944_S74.mm10-plus-4-0,6,hepatocyte,hepatocyte,single_batch
274,D2_D045313_B009942_S74.mm10-plus-4-0,6,hepatocyte,hepatocyte,single_batch
275,D3_B000767_B009945_S75.mm10-plus-4-0,0,B cell,B cell,single_batch
276,D3_B001247_B009941_S75.mm10-plus-4-0,1,mature NK T cell,mature NK T cell,single_batch
277,D3_B002681_B009943_S75.mm10-plus-4-0,6,endothelial cell of hepatic sinusoid,hepatocyte,single_batch
278,D3_D045313_B009942_S75.mm10-plus-4-0,6,hepatocyte,hepatocyte,single_batch
279,D4_B000767_B009945_S76.mm10-plus-4-0,5,neutrophil,neutrophil,single_batch
280,D4_B001247_B009941_S76.mm10-plus-4-0,8,myeloid leukocyte,T cell,single_batch
281,D4_B002688_B009944_S76.mm10-plus-4-0,6,hepatocyte,hepatocyte,single_batch
282,D4_D045313_B009942_S76.mm10-plus-4-0,0,B cell,B cell,single_batch
283,D5_B000767_B009945_S77.mm10-plus-4-0,2,mature NK T cell,NK cell,single_batch
284,D6_B000767_B009945_S78.mm10-plus-4-0,1,"CD4-positive, alpha-beta T cell",mature NK T cell,single_batch
285,D6_B002681_B009943_S78.mm10-plus-4-0,0,B cell,B cell,single_batch
286,D6_B002688_B009944_S78.mm10-plus-4-0,6,hepatocyte,hepatocyte,single_batch
287,D6_D045313_B009942_S78.mm10-plus-4-0,6,hepatocyte,hepatocyte,single_batch
288,D7_B000767_B009945_S79.mm10-plus-4-0,0,B cell,B cell,single_batch
289,D7_B002681_B009943_S79.mm10-plus-4-0,6,hepatocyte,hepatocyte,single_batch
290,D7_D045313_B009942_S79.mm10-plus-4-0,6,hepatocyte,hepatocyte,single_batch
291,D8_B002681_B009943_S80.mm10-plus-4-0,6,hepatocyte,hepatocyte,single_batch
292,D8_B002688_B009944_S80.mm10-plus-4-0,6,hepatocyte,hepatocyte,single_batch
293,D9_B000767_B009945_S81.mm10-plus-4-0,1,mature NK T cell,mature NK T cell,single_batch
294,D9_B001247_B009941_S81.mm10-plus-4-0,0,myeloid leukocyte,B cell,single_batch
295,D9_B002688_B009944_S81.mm10-plus-4-0,6,hepatocyte,hepatocyte,single_batch
296,D9_D045313_B009942_S81.mm10-plus-4-0,6,hepatocyte,hepatocyte,single_batch
297,E10_B002688_B009944_S106.mm10-plus-4-0,6,hepatocyte,hepatocyte,single_batch
298,E10_D045313_B009942_S106.mm10-plus-4-0,6,hepatocyte,hepatocyte,single_batch
299,E11_B000767_B009945_S107.mm10-plus-4-0,0,B cell,B cell,single_batch
300,E11_B001247_B009941_S107.mm10-plus-4-0,4,endothelial cell of hepatic sinusoid,endothelial cell of hepatic sinusoid,single_batch
301,E11_B002681_B009943_S107.mm10-plus-4-0,6,hepatocyte,hepatocyte,single_batch
302,E11_B002688_B009944_S107.mm10-plus-4-0,4,endothelial cell of hepatic sinusoid,endothelial cell of hepatic sinusoid,single_batch
303,E12_B000767_B009945_S108.mm10-plus-4-0,4,endothelial cell of hepatic sinusoid,endothelial cell of hepatic sinusoid,single_batch
304,E12_B002681_B009943_S108.mm10-plus-4-0,6,hepatocyte,hepatocyte,single_batch
305,E13_B000767_B009945_S109.mm10-plus-4-0,2,mature NK T cell,NK cell,single_batch
306,E13_B001247_B009941_S109.mm10-plus-4-0,4,endothelial cell of hepatic sinusoid,endothelial cell of hepatic sinusoid,single_batch
307,E13_B002681_B009943_S109.mm10-plus-4-0,6,hepatocyte,hepatocyte,single_batch
308,E13_B002688_B009944_S109.mm10-plus-4-0,4,endothelial cell of hepatic sinusoid,endothelial cell of hepatic sinusoid,single_batch
309,E13_D045313_B009942_S109.mm10-plus-4-0,4,endothelial cell of hepatic sinusoid,endothelial cell of hepatic sinusoid,single_batch
310,E14_B002681_B009943_S110.mm10-plus-4-0,6,hepatocyte,hepatocyte,single_batch
311,E14_B002688_B009944_S110.mm10-plus-4-0,4,endothelial cell of hepatic sinusoid,endothelial cell of hepatic sinusoid,single_batch
312,E14_D045313_B009942_S110.mm10-plus-4-0,4,endothelial cell of hepatic sinusoid,endothelial cell of hepatic sinusoid,single_batch
313,E15_B000767_B009945_S111.mm10-plus-4-0,6,hepatocyte,hepatocyte,single_batch
314,E15_B001247_B009941_S111.mm10-plus-4-0,4,endothelial cell of hepatic sinusoid,endothelial cell of hepatic sinusoid,single_batch
315,E15_B002681_B009943_S111.mm10-plus-4-0,6,hepatocyte,hepatocyte,single_batch
316,E15_D045313_B009942_S111.mm10-plus-4-0,4,endothelial cell of hepatic sinusoid,endothelial cell of hepatic sinusoid,single_batch
317,E16_B001247_B009941_S112.mm10-plus-4-0,4,endothelial cell of hepatic sinusoid,endothelial cell of hepatic sinusoid,single_batch
318,E16_B002688_B009944_S112.mm10-plus-4-0,1,T cell,mature NK T cell,single_batch
319,E16_D045313_B009942_S112.mm10-plus-4-0,4,endothelial cell of hepatic sinusoid,endothelial cell of hepatic sinusoid,single_batch
320,E17_B000767_B009945_S113.mm10-plus-4-0,6,hepatocyte,hepatocyte,single_batch
321,E17_B001247_B009941_S113.mm10-plus-4-0,6,hepatocyte,hepatocyte,single_batch
322,E17_B002681_B009943_S113.mm10-plus-4-0,0,B cell,B cell,single_batch
323,E17_D045313_B009942_S113.mm10-plus-4-0,4,endothelial cell of hepatic sinusoid,endothelial cell of hepatic sinusoid,single_batch
324,E18_B000767_B009945_S114.mm10-plus-4-0,4,endothelial cell of hepatic sinusoid,endothelial cell of hepatic sinusoid,single_batch
325,E18_B001247_B009941_S114.mm10-plus-4-0,4,endothelial cell of hepatic sinusoid,endothelial cell of hepatic sinusoid,single_batch
326,E18_B002688_B009944_S114.mm10-plus-4-0,4,endothelial cell of hepatic sinusoid,endothelial cell of hepatic sinusoid,single_batch
327,E18_D045313_B009942_S114.mm10-plus-4-0,4,endothelial cell of hepatic sinusoid,endothelial cell of hepatic sinusoid,single_batch
328,E19_B000767_B009945_S115.mm10-plus-4-0,1,"CD8-positive, alpha-beta T cell",mature NK T cell,single_batch
329,E19_B001247_B009941_S115.mm10-plus-4-0,10,myeloid leukocyte,Unmatched_10,single_batch
330,E19_B002681_B009943_S115.mm10-plus-4-0,0,B cell,B cell,single_batch
331,E19_B002688_B009944_S115.mm10-plus-4-0,4,endothelial cell of hepatic sinusoid,endothelial cell of hepatic sinusoid,single_batch
332,E19_D045313_B009942_S115.mm10-plus-4-0,5,neutrophil,neutrophil,single_batch
333,E1_B000767_B009945_S97.mm10-plus-4-0,1,"CD4-positive, alpha-beta T cell",mature NK T cell,single_batch
334,E1_B001247_B009941_S97.mm10-plus-4-0,4,endothelial cell of hepatic sinusoid,endothelial cell of hepatic sinusoid,single_batch
335,E1_D045313_B009942_S97.mm10-plus-4-0,6,hepatocyte,hepatocyte,single_batch
336,E20_B000767_B009945_S116.mm10-plus-4-0,2,mature NK T cell,NK cell,single_batch
337,E20_B001247_B009941_S116.mm10-plus-4-0,4,endothelial cell of hepatic sinusoid,endothelial cell of hepatic sinusoid,single_batch
338,E20_B002681_B009943_S116.mm10-plus-4-0,6,hepatocyte,hepatocyte,single_batch
339,E20_B002688_B009944_S116.mm10-plus-4-0,6,hepatocyte,hepatocyte,single_batch
340,E20_D045313_B009942_S116.mm10-plus-4-0,4,endothelial cell of hepatic sinusoid,endothelial cell of hepatic sinusoid,single_batch
341,E21_B000767_B009945_S117.mm10-plus-4-0,2,NK cell,NK cell,single_batch
342,E21_B001247_B009941_S117.mm10-plus-4-0,1,mature NK T cell,mature NK T cell,single_batch
343,E21_D045313_B009942_S117.mm10-plus-4-0,1,T cell,mature NK T cell,single_batch
344,E22_B001247_B009941_S118.mm10-plus-4-0,14,myeloid leukocyte,myeloid leukocyte,single_batch
345,E2_B000767_B009945_S98.mm10-plus-4-0,14,myeloid leukocyte,myeloid leukocyte,single_batch
346,E2_B001247_B009941_S98.mm10-plus-4-0,14,myeloid leukocyte,myeloid leukocyte,single_batch
347,E2_D045313_B009942_S98.mm10-plus-4-0,6,hepatocyte,hepatocyte,single_batch
348,E3_B000767_B009945_S99.mm10-plus-4-0,0,B cell,B cell,single_batch
349,E3_B001247_B009941_S99.mm10-plus-4-0,2,mature NK T cell,NK cell,single_batch
350,E3_B002681_B009943_S99.mm10-plus-4-0,6,hepatocyte,hepatocyte,single_batch
351,E3_B002688_B009944_S99.mm10-plus-4-0,4,endothelial cell of hepatic sinusoid,endothelial cell of hepatic sinusoid,single_batch
352,E4_B000767_B009945_S100.mm10-plus-4-0,1,mature NK T cell,mature NK T cell,single_batch
353,E4_B002688_B009944_S100.mm10-plus-4-0,6,hepatocyte,hepatocyte,single_batch
354,E4_D045313_B009942_S100.mm10-plus-4-0,14,myeloid leukocyte,myeloid leukocyte,single_batch
355,E5_B000767_B009945_S101.mm10-plus-4-0,0,B cell,B cell,single_batch
356,E5_B001247_B009941_S101.mm10-plus-4-0,0,B cell,B cell,single_batch
357,E5_B002681_B009943_S101.mm10-plus-4-0,1,mature NK T cell,mature NK T cell,single_batch
358,E5_D045313_B009942_S101.mm10-plus-4-0,0,B cell,B cell,single_batch
359,E6_B002681_B009943_S102.mm10-plus-4-0,6,hepatocyte,hepatocyte,single_batch
360,E6_B002688_B009944_S102.mm10-plus-4-0,6,hepatocyte,hepatocyte,single_batch
361,E6_D045313_B009942_S102.mm10-plus-4-0,6,hepatocyte,hepatocyte,single_batch
362,E7_B000767_B009945_S103.mm10-plus-4-0,0,B cell,B cell,single_batch
363,E7_B002688_B009944_S103.mm10-plus-4-0,6,hepatocyte,hepatocyte,single_batch
364,E7_D045313_B009942_S103.mm10-plus-4-0,1,myeloid leukocyte,mature NK T cell,single_batch
365,E8_B000767_B009945_S104.mm10-plus-4-0,2,mature NK T cell,NK cell,single_batch
366,E8_B002681_B009943_S104.mm10-plus-4-0,6,hepatocyte,hepatocyte,single_batch
367,E8_B002688_B009944_S104.mm10-plus-4-0,6,hepatocyte,hepatocyte,single_batch
368,E8_D045313_B009942_S104.mm10-plus-4-0,12,hepatocyte,Kupffer cell,single_batch
369,E9_B000767_B009945_S105.mm10-plus-4-0,1,mature NK T cell,mature NK T cell,single_batch
370,E9_B001247_B009941_S105.mm10-plus-4-0,12,Kupffer cell,Kupffer cell,single_batch
371,E9_B002688_B009944_S105.mm10-plus-4-0,6,hepatocyte,hepatocyte,single_batch
372,E9_D045313_B009942_S105.mm10-plus-4-0,12,Kupffer cell,Kupffer cell,single_batch
373,F10_B002681_B009943_S130.mm10-plus-4-0,6,hepatocyte,hepatocyte,single_batch
374,F10_B002688_B009944_S130.mm10-plus-4-0,6,hepatocyte,hepatocyte,single_batch
375,F10_D045313_B009942_S130.mm10-plus-4-0,4,endothelial cell of hepatic sinusoid,endothelial cell of hepatic sinusoid,single_batch
376,F11_B002681_B009943_S131.mm10-plus-4-0,6,hepatocyte,hepatocyte,single_batch
377,F11_B002688_B009944_S131.mm10-plus-4-0,4,endothelial cell of hepatic sinusoid,endothelial cell of hepatic sinusoid,single_batch
378,F12_B000767_B009945_S132.mm10-plus-4-0,1,mature NK T cell,mature NK T cell,single_batch
379,F12_B002688_B009944_S132.mm10-plus-4-0,4,endothelial cell of hepatic sinusoid,endothelial cell of hepatic sinusoid,single_batch
380,F13_D045313_B009942_S133.mm10-plus-4-0,4,endothelial cell of hepatic sinusoid,endothelial cell of hepatic sinusoid,single_batch
381,F14_B000767_B009945_S134.mm10-plus-4-0,6,hepatocyte,hepatocyte,single_batch
382,F14_B001247_B009941_S134.mm10-plus-4-0,4,endothelial cell of hepatic sinusoid,endothelial cell of hepatic sinusoid,single_batch
383,F14_B002681_B009943_S134.mm10-plus-4-0,6,hepatocyte,hepatocyte,single_batch
384,F14_D045313_B009942_S134.mm10-plus-4-0,4,endothelial cell of hepatic sinusoid,endothelial cell of hepatic sinusoid,single_batch
385,F15_B000767_B009945_S135.mm10-plus-4-0,6,hepatocyte,hepatocyte,single_batch
386,F15_B001247_B009941_S135.mm10-plus-4-0,12,Kupffer cell,Kupffer cell,single_batch
387,F15_B002681_B009943_S135.mm10-plus-4-0,12,Kupffer cell,Kupffer cell,single_batch
388,F15_B002688_B009944_S135.mm10-plus-4-0,4,endothelial cell of hepatic sinusoid,endothelial cell of hepatic sinusoid,single_batch
389,F15_D045313_B009942_S135.mm10-plus-4-0,4,endothelial cell of hepatic sinusoid,endothelial cell of hepatic sinusoid,single_batch
390,F16_B000767_B009945_S136.mm10-plus-4-0,4,endothelial cell of hepatic sinusoid,endothelial cell of hepatic sinusoid,single_batch
391,F16_B001247_B009941_S136.mm10-plus-4-0,4,endothelial cell of hepatic sinusoid,endothelial cell of hepatic sinusoid,single_batch
392,F16_B002681_B009943_S136.mm10-plus-4-0,0,B cell,B cell,single_batch
393,F16_B002688_B009944_S136.mm10-plus-4-0,4,endothelial cell of hepatic sinusoid,endothelial cell of hepatic sinusoid,single_batch
394,F16_D045313_B009942_S136.mm10-plus-4-0,4,endothelial cell of hepatic sinusoid,endothelial cell of hepatic sinusoid,single_batch
395,F17_B000767_B009945_S137.mm10-plus-4-0,1,"CD4-positive, alpha-beta T cell",mature NK T cell,single_batch
396,F17_B001247_B009941_S137.mm10-plus-4-0,4,endothelial cell of hepatic sinusoid,endothelial cell of hepatic sinusoid,single_batch
397,F17_B002681_B009943_S137.mm10-plus-4-0,6,hepatocyte,hepatocyte,single_batch
398,F17_B002688_B009944_S137.mm10-plus-4-0,2,mature NK T cell,NK cell,single_batch
399,F18_B000767_B009945_S138.mm10-plus-4-0,4,endothelial cell of hepatic sinusoid,endothelial cell of hepatic sinusoid,single_batch
400,F18_B001247_B009941_S138.mm10-plus-4-0,4,myeloid leukocyte,endothelial cell of hepatic sinusoid,single_batch
401,F18_B002681_B009943_S138.mm10-plus-4-0,6,hepatocyte,hepatocyte,single_batch
402,F18_B002688_B009944_S138.mm10-plus-4-0,6,hepatocyte,hepatocyte,single_batch
403,F18_D045313_B009942_S138.mm10-plus-4-0,4,endothelial cell of hepatic sinusoid,endothelial cell of hepatic sinusoid,single_batch
404,F19_B000767_B009945_S139.mm10-plus-4-0,0,B cell,B cell,single_batch
405,F19_B001247_B009941_S139.mm10-plus-4-0,4,endothelial cell of hepatic sinusoid,endothelial cell of hepatic sinusoid,single_batch
406,F19_B002681_B009943_S139.mm10-plus-4-0,4,endothelial cell of hepatic sinusoid,endothelial cell of hepatic sinusoid,single_batch
407,F19_B002688_B009944_S139.mm10-plus-4-0,4,endothelial cell of hepatic sinusoid,endothelial cell of hepatic sinusoid,single_batch
408,F19_D045313_B009942_S139.mm10-plus-4-0,4,endothelial cell of hepatic sinusoid,endothelial cell of hepatic sinusoid,single_batch
409,F1_B000767_B009945_S121.mm10-plus-4-0,6,hepatocyte,hepatocyte,single_batch
410,F1_B001247_B009941_S121.mm10-plus-4-0,1,"CD8-positive, alpha-beta T cell",mature NK T cell,single_batch
411,F1_B002688_B009944_S121.mm10-plus-4-0,6,hepatocyte,hepatocyte,single_batch
412,F20_B000767_B009945_S140.mm10-plus-4-0,4,endothelial cell of hepatic sinusoid,endothelial cell of hepatic sinusoid,single_batch
413,F20_B001247_B009941_S140.mm10-plus-4-0,4,myeloid leukocyte,endothelial cell of hepatic sinusoid,single_batch
414,F20_B002681_B009943_S140.mm10-plus-4-0,6,hepatocyte,hepatocyte,single_batch
415,F20_D045313_B009942_S140.mm10-plus-4-0,4,endothelial cell of hepatic sinusoid,endothelial cell of hepatic sinusoid,single_batch
416,F21_B000767_B009945_S141.mm10-plus-4-0,0,B cell,B cell,single_batch
417,F21_B001247_B009941_S141.mm10-plus-4-0,6,hepatocyte,hepatocyte,single_batch
418,F21_B002681_B009943_S141.mm10-plus-4-0,6,hepatocyte,hepatocyte,single_batch
419,F21_D045313_B009942_S141.mm10-plus-4-0,6,hepatocyte,hepatocyte,single_batch
420,F22_B000767_B009945_S142.mm10-plus-4-0,2,NK cell,NK cell,single_batch
421,F22_B001247_B009941_S142.mm10-plus-4-0,12,Kupffer cell,Kupffer cell,single_batch
422,F22_B002688_B009944_S142.mm10-plus-4-0,6,hepatocyte,hepatocyte,single_batch
423,F22_D045313_B009942_S142.mm10-plus-4-0,6,hepatocyte,hepatocyte,single_batch
424,F2_B000767_B009945_S122.mm10-plus-4-0,11,myeloid leukocyte,Unmatched_11,single_batch
425,F2_B001247_B009941_S122.mm10-plus-4-0,1,mature NK T cell,mature NK T cell,single_batch
426,F2_B002688_B009944_S122.mm10-plus-4-0,6,hepatocyte,hepatocyte,single_batch
427,F2_D045313_B009942_S122.mm10-plus-4-0,6,hepatocyte,hepatocyte,single_batch
428,F3_B000767_B009945_S123.mm10-plus-4-0,1,mature NK T cell,mature NK T cell,single_batch
429,F3_B002681_B009943_S123.mm10-plus-4-0,6,hepatocyte,hepatocyte,single_batch
430,F3_B002688_B009944_S123.mm10-plus-4-0,6,endothelial cell of hepatic sinusoid,hepatocyte,single_batch
431,F3_D045313_B009942_S123.mm10-plus-4-0,1,mature NK T cell,mature NK T cell,single_batch
432,F4_B000767_B009945_S124.mm10-plus-4-0,2,mature NK T cell,NK cell,single_batch
433,F4_B002681_B009943_S124.mm10-plus-4-0,0,B cell,B cell,single_batch
434,F4_D045313_B009942_S124.mm10-plus-4-0,6,hepatocyte,hepatocyte,single_batch
435,F5_B000767_B009945_S125.mm10-plus-4-0,2,mature NK T cell,NK cell,single_batch
436,F5_B001247_B009941_S125.mm10-plus-4-0,12,Kupffer cell,Kupffer cell,single_batch
437,F5_D045313_B009942_S125.mm10-plus-4-0,0,B cell,B cell,single_batch
438,F6_B000767_B009945_S126.mm10-plus-4-0,12,Kupffer cell,Kupffer cell,single_batch
439,F6_B001247_B009941_S126.mm10-plus-4-0,12,Kupffer cell,Kupffer cell,single_batch
440,F6_B002681_B009943_S126.mm10-plus-4-0,6,hepatocyte,hepatocyte,single_batch
441,F6_B002688_B009944_S126.mm10-plus-4-0,6,hepatocyte,hepatocyte,single_batch
442,F6_D045313_B009942_S126.mm10-plus-4-0,12,Kupffer cell,Kupffer cell,single_batch
443,F7_B000767_B009945_S127.mm10-plus-4-0,0,B cell,B cell,single_batch
444,F7_B001247_B009941_S127.mm10-plus-4-0,12,Kupffer cell,Kupffer cell,single_batch
445,F7_B002681_B009943_S127.mm10-plus-4-0,6,hepatocyte,hepatocyte,single_batch
446,F7_B002688_B009944_S127.mm10-plus-4-0,6,hepatocyte,hepatocyte,single_batch
447,F7_D045313_B009942_S127.mm10-plus-4-0,6,hepatocyte,hepatocyte,single_batch
448,F8_B000767_B009945_S128.mm10-plus-4-0,2,mature NK T cell,NK cell,single_batch
449,F8_B001247_B009941_S128.mm10-plus-4-0,12,Kupffer cell,Kupffer cell,single_batch
450,F8_D045313_B009942_S128.mm10-plus-4-0,12,Kupffer cell,Kupffer cell,single_batch
451,F9_B002688_B009944_S129.mm10-plus-4-0,6,hepatocyte,hepatocyte,single_batch
452,F9_D045313_B009942_S129.mm10-plus-4-0,12,Kupffer cell,Kupffer cell,single_batch
453,G10_B000767_B009945_S154.mm10-plus-4-0,4,endothelial cell of hepatic sinusoid,endothelial cell of hepatic sinusoid,single_batch
454,G10_B002688_B009944_S154.mm10-plus-4-0,6,hepatocyte,hepatocyte,single_batch
455,G10_D045313_B009942_S154.mm10-plus-4-0,4,endothelial cell of hepatic sinusoid,endothelial cell of hepatic sinusoid,single_batch
456,G11_B001247_B009941_S155.mm10-plus-4-0,4,endothelial cell of hepatic sinusoid,endothelial cell of hepatic sinusoid,single_batch
457,G11_B002681_B009943_S155.mm10-plus-4-0,6,hepatocyte,hepatocyte,single_batch
458,G11_B002688_B009944_S155.mm10-plus-4-0,6,hepatocyte,hepatocyte,single_batch
459,G12_B000767_B009945_S156.mm10-plus-4-0,6,hepatocyte,hepatocyte,single_batch
460,G12_B002681_B009943_S156.mm10-plus-4-0,6,hepatocyte,hepatocyte,single_batch
461,G12_B002688_B009944_S156.mm10-plus-4-0,4,endothelial cell of hepatic sinusoid,endothelial cell of hepatic sinusoid,single_batch
462,G12_D045313_B009942_S156.mm10-plus-4-0,4,endothelial cell of hepatic sinusoid,endothelial cell of hepatic sinusoid,single_batch
463,G13_B000767_B009945_S157.mm10-plus-4-0,2,NK cell,NK cell,single_batch
464,G13_B001247_B009941_S157.mm10-plus-4-0,4,endothelial cell of hepatic sinusoid,endothelial cell of hepatic sinusoid,single_batch
465,G13_B002681_B009943_S157.mm10-plus-4-0,6,hepatocyte,hepatocyte,single_batch
466,G13_B002688_B009944_S157.mm10-plus-4-0,6,hepatocyte,hepatocyte,single_batch
467,G13_D045313_B009942_S157.mm10-plus-4-0,4,endothelial cell of hepatic sinusoid,endothelial cell of hepatic sinusoid,single_batch
468,G14_B002681_B009943_S158.mm10-plus-4-0,4,endothelial cell of hepatic sinusoid,endothelial cell of hepatic sinusoid,single_batch
469,G14_B002688_B009944_S158.mm10-plus-4-0,4,endothelial cell of hepatic sinusoid,endothelial cell of hepatic sinusoid,single_batch
470,G14_D045313_B009942_S158.mm10-plus-4-0,1,myeloid leukocyte,mature NK T cell,single_batch
471,G15_B000767_B009945_S159.mm10-plus-4-0,1,T cell,mature NK T cell,single_batch
472,G15_B001247_B009941_S159.mm10-plus-4-0,12,Kupffer cell,Kupffer cell,single_batch
473,G15_D045313_B009942_S159.mm10-plus-4-0,4,endothelial cell of hepatic sinusoid,endothelial cell of hepatic sinusoid,single_batch
474,G16_B000767_B009945_S160.mm10-plus-4-0,0,B cell,B cell,single_batch
475,G16_B002688_B009944_S160.mm10-plus-4-0,6,endothelial cell of hepatic sinusoid,hepatocyte,single_batch
476,G16_D045313_B009942_S160.mm10-plus-4-0,4,endothelial cell of hepatic sinusoid,endothelial cell of hepatic sinusoid,single_batch
477,G17_B000767_B009945_S161.mm10-plus-4-0,2,NK cell,NK cell,single_batch
478,G17_B001247_B009941_S161.mm10-plus-4-0,4,endothelial cell of hepatic sinusoid,endothelial cell of hepatic sinusoid,single_batch
479,G17_B002681_B009943_S161.mm10-plus-4-0,6,hepatocyte,hepatocyte,single_batch
480,G17_B002688_B009944_S161.mm10-plus-4-0,4,endothelial cell of hepatic sinusoid,endothelial cell of hepatic sinusoid,single_batch
481,G17_D045313_B009942_S161.mm10-plus-4-0,4,endothelial cell of hepatic sinusoid,endothelial cell of hepatic sinusoid,single_batch
482,G18_B000767_B009945_S162.mm10-plus-4-0,0,B cell,B cell,single_batch
483,G18_B001247_B009941_S162.mm10-plus-4-0,12,Kupffer cell,Kupffer cell,single_batch
484,G18_B002688_B009944_S162.mm10-plus-4-0,6,hepatocyte,hepatocyte,single_batch
485,G18_D045313_B009942_S162.mm10-plus-4-0,4,endothelial cell of hepatic sinusoid,endothelial cell of hepatic sinusoid,single_batch
486,G19_B000767_B009945_S163.mm10-plus-4-0,12,Kupffer cell,Kupffer cell,single_batch
487,G19_B001247_B009941_S163.mm10-plus-4-0,14,myeloid leukocyte,myeloid leukocyte,single_batch
488,G19_B002681_B009943_S163.mm10-plus-4-0,6,hepatocyte,hepatocyte,single_batch
489,G19_B002688_B009944_S163.mm10-plus-4-0,4,endothelial cell of hepatic sinusoid,endothelial cell of hepatic sinusoid,single_batch
490,G19_D045313_B009942_S163.mm10-plus-4-0,4,endothelial cell of hepatic sinusoid,endothelial cell of hepatic sinusoid,single_batch
491,G1_B000767_B009945_S145.mm10-plus-4-0,2,mature NK T cell,NK cell,single_batch
492,G1_B001247_B009941_S145.mm10-plus-4-0,1,T cell,mature NK T cell,single_batch
493,G1_B002681_B009943_S145.mm10-plus-4-0,6,hepatocyte,hepatocyte,single_batch
494,G20_B000767_B009945_S164.mm10-plus-4-0,6,hepatocyte,hepatocyte,single_batch
495,G20_B001247_B009941_S164.mm10-plus-4-0,14,myeloid leukocyte,myeloid leukocyte,single_batch
496,G20_B002681_B009943_S164.mm10-plus-4-0,6,hepatocyte,hepatocyte,single_batch
497,G20_D045313_B009942_S164.mm10-plus-4-0,4,endothelial cell of hepatic sinusoid,endothelial cell of hepatic sinusoid,single_batch
498,G21_B001247_B009941_S165.mm10-plus-4-0,0,B cell,B cell,single_batch
499,G21_B002688_B009944_S165.mm10-plus-4-0,6,hepatocyte,hepatocyte,single_batch
500,G22_B001247_B009941_S166.mm10-plus-4-0,4,endothelial cell of hepatic sinusoid,endothelial cell of hepatic sinusoid,single_batch
501,G22_D045313_B009942_S166.mm10-plus-4-0,6,hepatocyte,hepatocyte,single_batch
502,G2_B000767_B009945_S146.mm10-plus-4-0,4,endothelial cell of hepatic sinusoid,endothelial cell of hepatic sinusoid,single_batch
503,G2_B001247_B009941_S146.mm10-plus-4-0,3,hepatocyte,"CD4-positive, alpha-beta T cell",single_batch
504,G2_B002688_B009944_S146.mm10-plus-4-0,6,hepatocyte,hepatocyte,single_batch
505,G2_D045313_B009942_S146.mm10-plus-4-0,1,T cell,mature NK T cell,single_batch
506,G3_B001247_B009941_S147.mm10-plus-4-0,12,Kupffer cell,Kupffer cell,single_batch
507,G3_B002681_B009943_S147.mm10-plus-4-0,6,hepatocyte,hepatocyte,single_batch
508,G3_D045313_B009942_S147.mm10-plus-4-0,6,hepatocyte,hepatocyte,single_batch
509,G4_B000767_B009945_S148.mm10-plus-4-0,0,B cell,B cell,single_batch
510,G4_B001247_B009941_S148.mm10-plus-4-0,1,mature NK T cell,mature NK T cell,single_batch
511,G5_B000767_B009945_S149.mm10-plus-4-0,4,endothelial cell of hepatic sinusoid,endothelial cell of hepatic sinusoid,single_batch
512,G5_B002688_B009944_S149.mm10-plus-4-0,6,hepatocyte,hepatocyte,single_batch
513,G5_D045313_B009942_S149.mm10-plus-4-0,6,hepatocyte,hepatocyte,single_batch
514,G6_B000767_B009945_S150.mm10-plus-4-0,0,B cell,B cell,single_batch
515,G6_B001247_B009941_S150.mm10-plus-4-0,12,Kupffer cell,Kupffer cell,single_batch
516,G7_B000767_B009945_S151.mm10-plus-4-0,4,endothelial cell of hepatic sinusoid,endothelial cell of hepatic sinusoid,single_batch
517,G7_B001247_B009941_S151.mm10-plus-4-0,12,Kupffer cell,Kupffer cell,single_batch
518,G7_B002681_B009943_S151.mm10-plus-4-0,6,hepatocyte,hepatocyte,single_batch
519,G7_D045313_B009942_S151.mm10-plus-4-0,4,endothelial cell of hepatic sinusoid,endothelial cell of hepatic sinusoid,single_batch
520,G8_B000767_B009945_S152.mm10-plus-4-0,1,mature NK T cell,mature NK T cell,single_batch
521,G8_B001247_B009941_S152.mm10-plus-4-0,12,Kupffer cell,Kupffer cell,single_batch
522,G8_B002688_B009944_S152.mm10-plus-4-0,6,hepatocyte,hepatocyte,single_batch
523,G9_B000767_B009945_S153.mm10-plus-4-0,0,B cell,B cell,single_batch
524,G9_B002688_B009944_S153.mm10-plus-4-0,6,hepatocyte,hepatocyte,single_batch
525,G9_D045313_B009942_S153.mm10-plus-4-0,6,hepatocyte,hepatocyte,single_batch
526,H10_B001247_B009941_S178.mm10-plus-4-0,1,hepatocyte,mature NK T cell,single_batch
527,H10_B002681_B009943_S178.mm10-plus-4-0,6,hepatocyte,hepatocyte,single_batch
528,H11_B002688_B009944_S179.mm10-plus-4-0,6,endothelial cell of hepatic sinusoid,hepatocyte,single_batch
529,H11_D045313_B009942_S179.mm10-plus-4-0,11,myeloid leukocyte,Unmatched_11,single_batch
530,H12_B000767_B009945_S180.mm10-plus-4-0,6,hepatocyte,hepatocyte,single_batch
531,H12_B001247_B009941_S180.mm10-plus-4-0,12,Kupffer cell,Kupffer cell,single_batch
532,H12_B002688_B009944_S180.mm10-plus-4-0,6,hepatocyte,hepatocyte,single_batch
533,H12_D045313_B009942_S180.mm10-plus-4-0,4,endothelial cell of hepatic sinusoid,endothelial cell of hepatic sinusoid,single_batch
534,H13_B002681_B009943_S181.mm10-plus-4-0,6,hepatocyte,hepatocyte,single_batch
535,H13_B002688_B009944_S181.mm10-plus-4-0,11,myeloid leukocyte,Unmatched_11,single_batch
536,H13_D045313_B009942_S181.mm10-plus-4-0,4,endothelial cell of hepatic sinusoid,endothelial cell of hepatic sinusoid,single_batch
537,H14_B002681_B009943_S182.mm10-plus-4-0,6,hepatocyte,hepatocyte,single_batch
538,H14_D045313_B009942_S182.mm10-plus-4-0,4,endothelial cell of hepatic sinusoid,endothelial cell of hepatic sinusoid,single_batch
539,H15_B001247_B009941_S183.mm10-plus-4-0,4,endothelial cell of hepatic sinusoid,endothelial cell of hepatic sinusoid,single_batch
540,H15_B002688_B009944_S183.mm10-plus-4-0,4,endothelial cell of hepatic sinusoid,endothelial cell of hepatic sinusoid,single_batch
541,H15_D045313_B009942_S183.mm10-plus-4-0,6,endothelial cell of hepatic sinusoid,hepatocyte,single_batch
542,H16_B000767_B009945_S184.mm10-plus-4-0,6,hepatocyte,hepatocyte,single_batch
543,H16_B001247_B009941_S184.mm10-plus-4-0,12,Kupffer cell,Kupffer cell,single_batch
544,H16_B002681_B009943_S184.mm10-plus-4-0,6,hepatocyte,hepatocyte,single_batch
545,H16_B002688_B009944_S184.mm10-plus-4-0,6,hepatocyte,hepatocyte,single_batch
546,H16_D045313_B009942_S184.mm10-plus-4-0,4,endothelial cell of hepatic sinusoid,endothelial cell of hepatic sinusoid,single_batch
547,H17_B000767_B009945_S185.mm10-plus-4-0,2,NK cell,NK cell,single_batch
548,H17_B001247_B009941_S185.mm10-plus-4-0,4,endothelial cell of hepatic sinusoid,endothelial cell of hepatic sinusoid,single_batch
549,H17_B002688_B009944_S185.mm10-plus-4-0,4,endothelial cell of hepatic sinusoid,endothelial cell of hepatic sinusoid,single_batch
550,H17_D045313_B009942_S185.mm10-plus-4-0,4,endothelial cell of hepatic sinusoid,endothelial cell of hepatic sinusoid,single_batch
551,H18_B000767_B009945_S186.mm10-plus-4-0,4,endothelial cell of hepatic sinusoid,endothelial cell of hepatic sinusoid,single_batch
552,H18_B001247_B009941_S186.mm10-plus-4-0,4,endothelial cell of hepatic sinusoid,endothelial cell of hepatic sinusoid,single_batch
553,H18_B002688_B009944_S186.mm10-plus-4-0,6,hepatocyte,hepatocyte,single_batch
554,H18_D045313_B009942_S186.mm10-plus-4-0,4,endothelial cell of hepatic sinusoid,endothelial cell of hepatic sinusoid,single_batch
555,H19_B000767_B009945_S187.mm10-plus-4-0,0,B cell,B cell,single_batch
556,H19_B001247_B009941_S187.mm10-plus-4-0,4,endothelial cell of hepatic sinusoid,endothelial cell of hepatic sinusoid,single_batch
557,H19_B002688_B009944_S187.mm10-plus-4-0,6,hepatocyte,hepatocyte,single_batch
558,H19_D045313_B009942_S187.mm10-plus-4-0,4,endothelial cell of hepatic sinusoid,endothelial cell of hepatic sinusoid,single_batch
559,H1_B000767_B009945_S169.mm10-plus-4-0,4,endothelial cell of hepatic sinusoid,endothelial cell of hepatic sinusoid,single_batch
560,H1_B002681_B009943_S169.mm10-plus-4-0,6,hepatocyte,hepatocyte,single_batch
561,H1_B002688_B009944_S169.mm10-plus-4-0,6,hepatocyte,hepatocyte,single_batch
562,H1_D045313_B009942_S169.mm10-plus-4-0,6,hepatocyte,hepatocyte,single_batch
563,H20_B000767_B009945_S188.mm10-plus-4-0,1,mature NK T cell,mature NK T cell,single_batch
564,H20_B001247_B009941_S188.mm10-plus-4-0,4,endothelial cell of hepatic sinusoid,endothelial cell of hepatic sinusoid,single_batch
565,H20_B002688_B009944_S188.mm10-plus-4-0,5,neutrophil,neutrophil,single_batch
566,H20_D045313_B009942_S188.mm10-plus-4-0,4,endothelial cell of hepatic sinusoid,endothelial cell of hepatic sinusoid,single_batch
567,H21_B000767_B009945_S189.mm10-plus-4-0,4,endothelial cell of hepatic sinusoid,endothelial cell of hepatic sinusoid,single_batch
568,H21_B001247_B009941_S189.mm10-plus-4-0,4,endothelial cell of hepatic sinusoid,endothelial cell of hepatic sinusoid,single_batch
569,H21_D045313_B009942_S189.mm10-plus-4-0,6,hepatocyte,hepatocyte,single_batch
570,H22_B000767_B009945_S190.mm10-plus-4-0,6,hepatocyte,hepatocyte,single_batch
571,H22_B001247_B009941_S190.mm10-plus-4-0,1,"CD8-positive, alpha-beta T cell",mature NK T cell,single_batch
572,H22_D045313_B009942_S190.mm10-plus-4-0,6,hepatocyte,hepatocyte,single_batch
573,H2_B001247_B009941_S170.mm10-plus-4-0,1,mature NK T cell,mature NK T cell,single_batch
574,H2_B002681_B009943_S170.mm10-plus-4-0,1,"CD8-positive, alpha-beta T cell",mature NK T cell,single_batch
575,H2_D045313_B009942_S170.mm10-plus-4-0,0,B cell,B cell,single_batch
576,H3_B000767_B009945_S171.mm10-plus-4-0,2,mature NK T cell,NK cell,single_batch
577,H3_B002688_B009944_S171.mm10-plus-4-0,6,endothelial cell of hepatic sinusoid,hepatocyte,single_batch
578,H3_D045313_B009942_S171.mm10-plus-4-0,6,hepatocyte,hepatocyte,single_batch
579,H4_B000767_B009945_S172.mm10-plus-4-0,0,B cell,B cell,single_batch
580,H4_B001247_B009941_S172.mm10-plus-4-0,1,T cell,mature NK T cell,single_batch
581,H4_B002681_B009943_S172.mm10-plus-4-0,6,hepatocyte,hepatocyte,single_batch
582,H4_B002688_B009944_S172.mm10-plus-4-0,6,hepatocyte,hepatocyte,single_batch
583,H4_D045313_B009942_S172.mm10-plus-4-0,1,T cell,mature NK T cell,single_batch
584,H5_B000767_B009945_S173.mm10-plus-4-0,4,endothelial cell of hepatic sinusoid,endothelial cell of hepatic sinusoid,single_batch
585,H5_B001247_B009941_S173.mm10-plus-4-0,1,"CD4-positive, alpha-beta T cell",mature NK T cell,single_batch
586,H5_B002681_B009943_S173.mm10-plus-4-0,6,hepatocyte,hepatocyte,single_batch
587,H6_B000767_B009945_S174.mm10-plus-4-0,1,mature NK T cell,mature NK T cell,single_batch
588,H6_B002681_B009943_S174.mm10-plus-4-0,0,B cell,B cell,single_batch
589,H7_B000767_B009945_S175.mm10-plus-4-0,0,B cell,B cell,single_batch
590,H7_D045313_B009942_S175.mm10-plus-4-0,4,endothelial cell of hepatic sinusoid,endothelial cell of hepatic sinusoid,single_batch
591,H8_B000767_B009945_S176.mm10-plus-4-0,4,endothelial cell of hepatic sinusoid,endothelial cell of hepatic sinusoid,single_batch
592,H8_B001247_B009941_S176.mm10-plus-4-0,12,Kupffer cell,Kupffer cell,single_batch
593,H8_B002681_B009943_S176.mm10-plus-4-0,6,hepatocyte,hepatocyte,single_batch
594,H8_B002688_B009944_S176.mm10-plus-4-0,6,hepatocyte,hepatocyte,single_batch
595,H8_D045313_B009942_S176.mm10-plus-4-0,6,hepatocyte,hepatocyte,single_batch
596,H9_B000767_B009945_S177.mm10-plus-4-0,0,B cell,B cell,single_batch
597,H9_B002688_B009944_S177.mm10-plus-4-0,6,endothelial cell of hepatic sinusoid,hepatocyte,single_batch
598,H9_D045313_B009942_S177.mm10-plus-4-0,6,hepatocyte,hepatocyte,single_batch
599,I10_B000767_B009945_S202.mm10-plus-4-0,5,neutrophil,neutrophil,single_batch
600,I10_B002681_B009943_S202.mm10-plus-4-0,6,hepatocyte,hepatocyte,single_batch
601,I11_B000767_B009945_S203.mm10-plus-4-0,1,mature NK T cell,mature NK T cell,single_batch
602,I11_B002681_B009943_S203.mm10-plus-4-0,6,hepatocyte,hepatocyte,single_batch
603,I11_B002688_B009944_S203.mm10-plus-4-0,4,endothelial cell of hepatic sinusoid,endothelial cell of hepatic sinusoid,single_batch
604,I11_D045313_B009942_S203.mm10-plus-4-0,4,endothelial cell of hepatic sinusoid,endothelial cell of hepatic sinusoid,single_batch
605,I12_B000767_B009945_S204.mm10-plus-4-0,1,mature NK T cell,mature NK T cell,single_batch
606,I12_B001247_B009941_S204.mm10-plus-4-0,4,endothelial cell of hepatic sinusoid,endothelial cell of hepatic sinusoid,single_batch
607,I12_B002681_B009943_S204.mm10-plus-4-0,6,hepatocyte,hepatocyte,single_batch
608,I12_B002688_B009944_S204.mm10-plus-4-0,4,endothelial cell of hepatic sinusoid,endothelial cell of hepatic sinusoid,single_batch
609,I12_D045313_B009942_S204.mm10-plus-4-0,4,endothelial cell of hepatic sinusoid,endothelial cell of hepatic sinusoid,single_batch
610,I13_B002688_B009944_S205.mm10-plus-4-0,4,endothelial cell of hepatic sinusoid,endothelial cell of hepatic sinusoid,single_batch
611,I13_D045313_B009942_S205.mm10-plus-4-0,4,endothelial cell of hepatic sinusoid,endothelial cell of hepatic sinusoid,single_batch
612,I14_B000767_B009945_S206.mm10-plus-4-0,0,B cell,B cell,single_batch
613,I14_B001247_B009941_S206.mm10-plus-4-0,4,endothelial cell of hepatic sinusoid,endothelial cell of hepatic sinusoid,single_batch
614,I14_B002681_B009943_S206.mm10-plus-4-0,6,hepatocyte,hepatocyte,single_batch
615,I14_D045313_B009942_S206.mm10-plus-4-0,4,endothelial cell of hepatic sinusoid,endothelial cell of hepatic sinusoid,single_batch
616,I15_B001247_B009941_S207.mm10-plus-4-0,6,endothelial cell of hepatic sinusoid,hepatocyte,single_batch
617,I15_B002681_B009943_S207.mm10-plus-4-0,6,hepatocyte,hepatocyte,single_batch
618,I15_B002688_B009944_S207.mm10-plus-4-0,4,endothelial cell of hepatic sinusoid,endothelial cell of hepatic sinusoid,single_batch
619,I15_D045313_B009942_S207.mm10-plus-4-0,4,endothelial cell of hepatic sinusoid,endothelial cell of hepatic sinusoid,single_batch
620,I16_B000767_B009945_S208.mm10-plus-4-0,0,B cell,B cell,single_batch
621,I16_B001247_B009941_S208.mm10-plus-4-0,4,endothelial cell of hepatic sinusoid,endothelial cell of hepatic sinusoid,single_batch
622,I16_B002681_B009943_S208.mm10-plus-4-0,1,mature NK T cell,mature NK T cell,single_batch
623,I16_B002688_B009944_S208.mm10-plus-4-0,4,endothelial cell of hepatic sinusoid,endothelial cell of hepatic sinusoid,single_batch
624,I16_D045313_B009942_S208.mm10-plus-4-0,4,endothelial cell of hepatic sinusoid,endothelial cell of hepatic sinusoid,single_batch
625,I17_B000767_B009945_S209.mm10-plus-4-0,11,myeloid leukocyte,Unmatched_11,single_batch
626,I17_B001247_B009941_S209.mm10-plus-4-0,4,endothelial cell of hepatic sinusoid,endothelial cell of hepatic sinusoid,single_batch
627,I17_B002688_B009944_S209.mm10-plus-4-0,11,myeloid leukocyte,Unmatched_11,single_batch
628,I17_D045313_B009942_S209.mm10-plus-4-0,4,endothelial cell of hepatic sinusoid,endothelial cell of hepatic sinusoid,single_batch
629,I18_B000767_B009945_S210.mm10-plus-4-0,12,hepatocyte,Kupffer cell,single_batch
630,I18_B001247_B009941_S210.mm10-plus-4-0,4,endothelial cell of hepatic sinusoid,endothelial cell of hepatic sinusoid,single_batch
631,I18_D045313_B009942_S210.mm10-plus-4-0,4,endothelial cell of hepatic sinusoid,endothelial cell of hepatic sinusoid,single_batch
632,I19_B000767_B009945_S211.mm10-plus-4-0,12,Kupffer cell,Kupffer cell,single_batch
633,I19_B001247_B009941_S211.mm10-plus-4-0,4,endothelial cell of hepatic sinusoid,endothelial cell of hepatic sinusoid,single_batch
634,I19_B002681_B009943_S211.mm10-plus-4-0,1,T cell,mature NK T cell,single_batch
635,I19_B002688_B009944_S211.mm10-plus-4-0,11,myeloid leukocyte,Unmatched_11,single_batch
636,I19_D045313_B009942_S211.mm10-plus-4-0,6,endothelial cell of hepatic sinusoid,hepatocyte,single_batch
637,I1_B000767_B009945_S193.mm10-plus-4-0,3,hepatocyte,"CD4-positive, alpha-beta T cell",single_batch
638,I1_B001247_B009941_S193.mm10-plus-4-0,6,hepatocyte,hepatocyte,single_batch
639,I20_B000767_B009945_S212.mm10-plus-4-0,6,hepatocyte,hepatocyte,single_batch
640,I20_B001247_B009941_S212.mm10-plus-4-0,4,endothelial cell of hepatic sinusoid,endothelial cell of hepatic sinusoid,single_batch
641,I20_B002688_B009944_S212.mm10-plus-4-0,1,mature NK T cell,mature NK T cell,single_batch
642,I20_D045313_B009942_S212.mm10-plus-4-0,4,endothelial cell of hepatic sinusoid,endothelial cell of hepatic sinusoid,single_batch
643,I21_B000767_B009945_S213.mm10-plus-4-0,0,B cell,B cell,single_batch
644,I21_B001247_B009941_S213.mm10-plus-4-0,0,B cell,B cell,single_batch
645,I21_B002688_B009944_S213.mm10-plus-4-0,6,hepatocyte,hepatocyte,single_batch
646,I22_B000767_B009945_S214.mm10-plus-4-0,0,B cell,B cell,single_batch
647,I22_B001247_B009941_S214.mm10-plus-4-0,1,"CD8-positive, alpha-beta T cell",mature NK T cell,single_batch
648,I22_B002681_B009943_S214.mm10-plus-4-0,6,hepatocyte,hepatocyte,single_batch
649,I22_B002688_B009944_S214.mm10-plus-4-0,6,hepatocyte,hepatocyte,single_batch
650,I22_D045313_B009942_S214.mm10-plus-4-0,6,hepatocyte,hepatocyte,single_batch
651,I2_B000767_B009945_S194.mm10-plus-4-0,1,"CD8-positive, alpha-beta T cell",mature NK T cell,single_batch
652,I2_B001247_B009941_S194.mm10-plus-4-0,4,endothelial cell of hepatic sinusoid,endothelial cell of hepatic sinusoid,single_batch
653,I2_B002681_B009943_S194.mm10-plus-4-0,0,B cell,B cell,single_batch
654,I2_D045313_B009942_S194.mm10-plus-4-0,6,endothelial cell of hepatic sinusoid,hepatocyte,single_batch
655,I3_B000767_B009945_S195.mm10-plus-4-0,2,mature NK T cell,NK cell,single_batch
656,I3_B001247_B009941_S195.mm10-plus-4-0,1,T cell,mature NK T cell,single_batch
657,I3_B002681_B009943_S195.mm10-plus-4-0,6,hepatocyte,hepatocyte,single_batch
658,I4_B000767_B009945_S196.mm10-plus-4-0,11,myeloid leukocyte,Unmatched_11,single_batch
659,I4_B002681_B009943_S196.mm10-plus-4-0,6,hepatocyte,hepatocyte,single_batch
660,I4_D045313_B009942_S196.mm10-plus-4-0,6,hepatocyte,hepatocyte,single_batch
661,I5_B000767_B009945_S197.mm10-plus-4-0,1,"CD4-positive, alpha-beta T cell",mature NK T cell,single_batch
662,I5_B001247_B009941_S197.mm10-plus-4-0,12,Kupffer cell,Kupffer cell,single_batch
663,I5_B002688_B009944_S197.mm10-plus-4-0,6,hepatocyte,hepatocyte,single_batch
664,I5_D045313_B009942_S197.mm10-plus-4-0,6,hepatocyte,hepatocyte,single_batch
665,I6_B001247_B009941_S198.mm10-plus-4-0,12,Kupffer cell,Kupffer cell,single_batch
666,I6_B002688_B009944_S198.mm10-plus-4-0,6,hepatocyte,hepatocyte,single_batch
667,I6_D045313_B009942_S198.mm10-plus-4-0,12,Kupffer cell,Kupffer cell,single_batch
668,I7_B000767_B009945_S199.mm10-plus-4-0,4,endothelial cell of hepatic sinusoid,endothelial cell of hepatic sinusoid,single_batch
669,I7_B001247_B009941_S199.mm10-plus-4-0,12,Kupffer cell,Kupffer cell,single_batch
670,I7_B002688_B009944_S199.mm10-plus-4-0,6,hepatocyte,hepatocyte,single_batch
671,I7_D045313_B009942_S199.mm10-plus-4-0,6,hepatocyte,hepatocyte,single_batch
672,I8_B000767_B009945_S200.mm10-plus-4-0,0,B cell,B cell,single_batch
673,I8_B002681_B009943_S200.mm10-plus-4-0,0,B cell,B cell,single_batch
674,I8_D045313_B009942_S200.mm10-plus-4-0,12,Kupffer cell,Kupffer cell,single_batch
675,I9_B000767_B009945_S201.mm10-plus-4-0,12,Kupffer cell,Kupffer cell,single_batch
676,I9_B002688_B009944_S201.mm10-plus-4-0,6,hepatocyte,hepatocyte,single_batch
677,J10_B000767_B009945_S226.mm10-plus-4-0,4,endothelial cell of hepatic sinusoid,endothelial cell of hepatic sinusoid,single_batch
678,J10_B002681_B009943_S226.mm10-plus-4-0,6,hepatocyte,hepatocyte,single_batch
679,J11_B002681_B009943_S227.mm10-plus-4-0,6,hepatocyte,hepatocyte,single_batch
680,J11_B002688_B009944_S227.mm10-plus-4-0,4,endothelial cell of hepatic sinusoid,endothelial cell of hepatic sinusoid,single_batch
681,J11_D045313_B009942_S227.mm10-plus-4-0,4,endothelial cell of hepatic sinusoid,endothelial cell of hepatic sinusoid,single_batch
682,J12_B000767_B009945_S228.mm10-plus-4-0,1,mature NK T cell,mature NK T cell,single_batch
683,J12_B001247_B009941_S228.mm10-plus-4-0,12,Kupffer cell,Kupffer cell,single_batch
684,J12_B002681_B009943_S228.mm10-plus-4-0,5,neutrophil,neutrophil,single_batch
685,J12_B002688_B009944_S228.mm10-plus-4-0,6,endothelial cell of hepatic sinusoid,hepatocyte,single_batch
686,J12_D045313_B009942_S228.mm10-plus-4-0,11,myeloid leukocyte,Unmatched_11,single_batch
687,J13_B000767_B009945_S229.mm10-plus-4-0,14,myeloid leukocyte,myeloid leukocyte,single_batch
688,J13_D045313_B009942_S229.mm10-plus-4-0,4,endothelial cell of hepatic sinusoid,endothelial cell of hepatic sinusoid,single_batch
689,J14_B001247_B009941_S230.mm10-plus-4-0,6,endothelial cell of hepatic sinusoid,hepatocyte,single_batch
690,J14_B002681_B009943_S230.mm10-plus-4-0,6,hepatocyte,hepatocyte,single_batch
691,J14_D045313_B009942_S230.mm10-plus-4-0,4,endothelial cell of hepatic sinusoid,endothelial cell of hepatic sinusoid,single_batch
692,J15_B002681_B009943_S231.mm10-plus-4-0,6,hepatocyte,hepatocyte,single_batch
693,J16_B000767_B009945_S232.mm10-plus-4-0,4,endothelial cell of hepatic sinusoid,endothelial cell of hepatic sinusoid,single_batch
694,J16_B001247_B009941_S232.mm10-plus-4-0,12,Kupffer cell,Kupffer cell,single_batch
695,J16_B002681_B009943_S232.mm10-plus-4-0,6,hepatocyte,hepatocyte,single_batch
696,J16_D045313_B009942_S232.mm10-plus-4-0,4,endothelial cell of hepatic sinusoid,endothelial cell of hepatic sinusoid,single_batch
697,J17_B001247_B009941_S233.mm10-plus-4-0,12,Kupffer cell,Kupffer cell,single_batch
698,J17_B002681_B009943_S233.mm10-plus-4-0,6,hepatocyte,hepatocyte,single_batch
699,J17_B002688_B009944_S233.mm10-plus-4-0,6,hepatocyte,hepatocyte,single_batch
700,J17_D045313_B009942_S233.mm10-plus-4-0,4,endothelial cell of hepatic sinusoid,endothelial cell of hepatic sinusoid,single_batch
701,J18_B000767_B009945_S234.mm10-plus-4-0,1,"CD8-positive, alpha-beta T cell",mature NK T cell,single_batch
702,J18_B001247_B009941_S234.mm10-plus-4-0,4,endothelial cell of hepatic sinusoid,endothelial cell of hepatic sinusoid,single_batch
703,J18_B002688_B009944_S234.mm10-plus-4-0,4,endothelial cell of hepatic sinusoid,endothelial cell of hepatic sinusoid,single_batch
704,J18_D045313_B009942_S234.mm10-plus-4-0,4,endothelial cell of hepatic sinusoid,endothelial cell of hepatic sinusoid,single_batch
705,J19_B001247_B009941_S235.mm10-plus-4-0,4,endothelial cell of hepatic sinusoid,endothelial cell of hepatic sinusoid,single_batch
706,J19_B002688_B009944_S235.mm10-plus-4-0,4,endothelial cell of hepatic sinusoid,endothelial cell of hepatic sinusoid,single_batch
707,J19_D045313_B009942_S235.mm10-plus-4-0,5,myeloid leukocyte,neutrophil,single_batch
708,J1_B000767_B009945_S217.mm10-plus-4-0,2,NK cell,NK cell,single_batch
709,J1_B001247_B009941_S217.mm10-plus-4-0,2,mature NK T cell,NK cell,single_batch
710,J20_B000767_B009945_S236.mm10-plus-4-0,0,B cell,B cell,single_batch
711,J20_B001247_B009941_S236.mm10-plus-4-0,10,myeloid leukocyte,Unmatched_10,single_batch
712,J20_B002681_B009943_S236.mm10-plus-4-0,6,hepatocyte,hepatocyte,single_batch
713,J20_B002688_B009944_S236.mm10-plus-4-0,6,hepatocyte,hepatocyte,single_batch
714,J20_D045313_B009942_S236.mm10-plus-4-0,4,endothelial cell of hepatic sinusoid,endothelial cell of hepatic sinusoid,single_batch
715,J21_B001247_B009941_S237.mm10-plus-4-0,0,B cell,B cell,single_batch
716,J21_D045313_B009942_S237.mm10-plus-4-0,0,B cell,B cell,single_batch
717,J22_B000767_B009945_S238.mm10-plus-4-0,0,B cell,B cell,single_batch
718,J22_B001247_B009941_S238.mm10-plus-4-0,1,T cell,mature NK T cell,single_batch
719,J2_B000767_B009945_S218.mm10-plus-4-0,1,T cell,mature NK T cell,single_batch
720,J2_B001247_B009941_S218.mm10-plus-4-0,4,endothelial cell of hepatic sinusoid,endothelial cell of hepatic sinusoid,single_batch
721,J2_B002681_B009943_S218.mm10-plus-4-0,6,hepatocyte,hepatocyte,single_batch
722,J3_B000767_B009945_S219.mm10-plus-4-0,0,B cell,B cell,single_batch
723,J3_B002681_B009943_S219.mm10-plus-4-0,6,hepatocyte,hepatocyte,single_batch
724,J3_D045313_B009942_S219.mm10-plus-4-0,6,hepatocyte,hepatocyte,single_batch
725,J4_B000767_B009945_S220.mm10-plus-4-0,1,mature NK T cell,mature NK T cell,single_batch
726,J4_B001247_B009941_S220.mm10-plus-4-0,12,Kupffer cell,Kupffer cell,single_batch
727,J4_B002681_B009943_S220.mm10-plus-4-0,6,hepatocyte,hepatocyte,single_batch
728,J5_B000767_B009945_S221.mm10-plus-4-0,0,B cell,B cell,single_batch
729,J5_B001247_B009941_S221.mm10-plus-4-0,1,mature NK T cell,mature NK T cell,single_batch
730,J5_B002681_B009943_S221.mm10-plus-4-0,6,hepatocyte,hepatocyte,single_batch
731,J6_B000767_B009945_S222.mm10-plus-4-0,4,endothelial cell of hepatic sinusoid,endothelial cell of hepatic sinusoid,single_batch
732,J6_B001247_B009941_S222.mm10-plus-4-0,12,Kupffer cell,Kupffer cell,single_batch
733,J6_D045313_B009942_S222.mm10-plus-4-0,0,B cell,B cell,single_batch
734,J8_B000767_B009945_S224.mm10-plus-4-0,4,endothelial cell of hepatic sinusoid,endothelial cell of hepatic sinusoid,single_batch
735,J8_B001247_B009941_S224.mm10-plus-4-0,12,Kupffer cell,Kupffer cell,single_batch
736,J8_B002681_B009943_S224.mm10-plus-4-0,4,endothelial cell of hepatic sinusoid,endothelial cell of hepatic sinusoid,single_batch
737,J8_B002688_B009944_S224.mm10-plus-4-0,6,hepatocyte,hepatocyte,single_batch
738,J8_D045313_B009942_S224.mm10-plus-4-0,6,hepatocyte,hepatocyte,single_batch
739,J9_B000767_B009945_S225.mm10-plus-4-0,0,B cell,B cell,single_batch
740,J9_B002688_B009944_S225.mm10-plus-4-0,12,Kupffer cell,Kupffer cell,single_batch
741,K10_D045313_B009942_S250.mm10-plus-4-0,6,hepatocyte,hepatocyte,single_batch
742,K11_B000767_B009945_S251.mm10-plus-4-0,4,endothelial cell of hepatic sinusoid,endothelial cell of hepatic sinusoid,single_batch
743,K11_B001247_B009941_S251.mm10-plus-4-0,12,Kupffer cell,Kupffer cell,single_batch
744,K11_B002688_B009944_S251.mm10-plus-4-0,4,endothelial cell of hepatic sinusoid,endothelial cell of hepatic sinusoid,single_batch
745,K11_D045313_B009942_S251.mm10-plus-4-0,6,hepatocyte,hepatocyte,single_batch
746,K12_B000767_B009945_S252.mm10-plus-4-0,4,endothelial cell of hepatic sinusoid,endothelial cell of hepatic sinusoid,single_batch
747,K12_B001247_B009941_S252.mm10-plus-4-0,4,endothelial cell of hepatic sinusoid,endothelial cell of hepatic sinusoid,single_batch
748,K12_B002681_B009943_S252.mm10-plus-4-0,6,hepatocyte,hepatocyte,single_batch
749,K12_B002688_B009944_S252.mm10-plus-4-0,4,endothelial cell of hepatic sinusoid,endothelial cell of hepatic sinusoid,single_batch
750,K12_D045313_B009942_S252.mm10-plus-4-0,4,endothelial cell of hepatic sinusoid,endothelial cell of hepatic sinusoid,single_batch
751,K13_B001247_B009941_S253.mm10-plus-4-0,12,Kupffer cell,Kupffer cell,single_batch
752,K13_B002681_B009943_S253.mm10-plus-4-0,6,hepatocyte,hepatocyte,single_batch
753,K13_B002688_B009944_S253.mm10-plus-4-0,6,hepatocyte,hepatocyte,single_batch
754,K13_D045313_B009942_S253.mm10-plus-4-0,4,endothelial cell of hepatic sinusoid,endothelial cell of hepatic sinusoid,single_batch
755,K14_B001247_B009941_S254.mm10-plus-4-0,12,Kupffer cell,Kupffer cell,single_batch
756,K14_B002681_B009943_S254.mm10-plus-4-0,6,hepatocyte,hepatocyte,single_batch
757,K14_D045313_B009942_S254.mm10-plus-4-0,4,endothelial cell of hepatic sinusoid,endothelial cell of hepatic sinusoid,single_batch
758,K15_B000767_B009945_S255.mm10-plus-4-0,0,B cell,B cell,single_batch
759,K15_D045313_B009942_S255.mm10-plus-4-0,6,hepatocyte,hepatocyte,single_batch
760,K16_B000767_B009945_S256.mm10-plus-4-0,1,mature NK T cell,mature NK T cell,single_batch
761,K16_B001247_B009941_S256.mm10-plus-4-0,12,Kupffer cell,Kupffer cell,single_batch
762,K16_B002681_B009943_S256.mm10-plus-4-0,0,B cell,B cell,single_batch
763,K16_B002688_B009944_S256.mm10-plus-4-0,4,endothelial cell of hepatic sinusoid,endothelial cell of hepatic sinusoid,single_batch
764,K16_D045313_B009942_S256.mm10-plus-4-0,4,endothelial cell of hepatic sinusoid,endothelial cell of hepatic sinusoid,single_batch
765,K17_B000767_B009945_S257.mm10-plus-4-0,4,endothelial cell of hepatic sinusoid,endothelial cell of hepatic sinusoid,single_batch
766,K17_B001247_B009941_S257.mm10-plus-4-0,1,mature NK T cell,mature NK T cell,single_batch
767,K17_B002681_B009943_S257.mm10-plus-4-0,6,hepatocyte,hepatocyte,single_batch
768,K17_B002688_B009944_S257.mm10-plus-4-0,5,neutrophil,neutrophil,single_batch
769,K17_D045313_B009942_S257.mm10-plus-4-0,4,endothelial cell of hepatic sinusoid,endothelial cell of hepatic sinusoid,single_batch
770,K18_B001247_B009941_S258.mm10-plus-4-0,5,neutrophil,neutrophil,single_batch
771,K18_B002688_B009944_S258.mm10-plus-4-0,4,endothelial cell of hepatic sinusoid,endothelial cell of hepatic sinusoid,single_batch
772,K19_B000767_B009945_S259.mm10-plus-4-0,2,NK cell,NK cell,single_batch
773,K19_B001247_B009941_S259.mm10-plus-4-0,4,endothelial cell of hepatic sinusoid,endothelial cell of hepatic sinusoid,single_batch
774,K19_B002681_B009943_S259.mm10-plus-4-0,6,hepatocyte,hepatocyte,single_batch
775,K19_D045313_B009942_S259.mm10-plus-4-0,4,hepatocyte,endothelial cell of hepatic sinusoid,single_batch
776,K1_B000767_B009945_S241.mm10-plus-4-0,1,mature NK T cell,mature NK T cell,single_batch
777,K1_B001247_B009941_S241.mm10-plus-4-0,0,B cell,B cell,single_batch
778,K1_D045313_B009942_S241.mm10-plus-4-0,1,mature NK T cell,mature NK T cell,single_batch
779,K20_B000767_B009945_S260.mm10-plus-4-0,0,B cell,B cell,single_batch
780,K20_B001247_B009941_S260.mm10-plus-4-0,4,endothelial cell of hepatic sinusoid,endothelial cell of hepatic sinusoid,single_batch
781,K20_B002688_B009944_S260.mm10-plus-4-0,4,endothelial cell of hepatic sinusoid,endothelial cell of hepatic sinusoid,single_batch
782,K20_D045313_B009942_S260.mm10-plus-4-0,4,endothelial cell of hepatic sinusoid,endothelial cell of hepatic sinusoid,single_batch
783,K21_B000767_B009945_S261.mm10-plus-4-0,6,hepatocyte,hepatocyte,single_batch
784,K21_B001247_B009941_S261.mm10-plus-4-0,0,B cell,B cell,single_batch
785,K21_B002681_B009943_S261.mm10-plus-4-0,6,hepatocyte,hepatocyte,single_batch
786,K21_B002688_B009944_S261.mm10-plus-4-0,6,hepatocyte,hepatocyte,single_batch
787,K21_D045313_B009942_S261.mm10-plus-4-0,6,hepatocyte,hepatocyte,single_batch
788,K22_B001247_B009941_S262.mm10-plus-4-0,0,B cell,B cell,single_batch
789,K22_B002681_B009943_S262.mm10-plus-4-0,6,hepatocyte,hepatocyte,single_batch
790,K22_B002688_B009944_S262.mm10-plus-4-0,1,T cell,mature NK T cell,single_batch
791,K2_B000767_B009945_S242.mm10-plus-4-0,5,neutrophil,neutrophil,single_batch
792,K2_B001247_B009941_S242.mm10-plus-4-0,0,B cell,B cell,single_batch
793,K2_B002681_B009943_S242.mm10-plus-4-0,6,hepatocyte,hepatocyte,single_batch
794,K2_B002688_B009944_S242.mm10-plus-4-0,12,Kupffer cell,Kupffer cell,single_batch
795,K2_D045313_B009942_S242.mm10-plus-4-0,6,endothelial cell of hepatic sinusoid,hepatocyte,single_batch
796,K3_B000767_B009945_S243.mm10-plus-4-0,14,myeloid leukocyte,myeloid leukocyte,single_batch
797,K3_B001247_B009941_S243.mm10-plus-4-0,0,B cell,B cell,single_batch
798,K3_D045313_B009942_S243.mm10-plus-4-0,6,hepatocyte,hepatocyte,single_batch
799,K4_B000767_B009945_S244.mm10-plus-4-0,0,B cell,B cell,single_batch
800,K4_B001247_B009941_S244.mm10-plus-4-0,12,Kupffer cell,Kupffer cell,single_batch
801,K4_B002688_B009944_S244.mm10-plus-4-0,6,hepatocyte,hepatocyte,single_batch
802,K4_D045313_B009942_S244.mm10-plus-4-0,6,hepatocyte,hepatocyte,single_batch
803,K5_B000767_B009945_S245.mm10-plus-4-0,1,"CD8-positive, alpha-beta T cell",mature NK T cell,single_batch
804,K5_B002688_B009944_S245.mm10-plus-4-0,0,B cell,B cell,single_batch
805,K5_D045313_B009942_S245.mm10-plus-4-0,6,hepatocyte,hepatocyte,single_batch
806,K6_B000767_B009945_S246.mm10-plus-4-0,0,B cell,B cell,single_batch
807,K6_D045313_B009942_S246.mm10-plus-4-0,4,endothelial cell of hepatic sinusoid,endothelial cell of hepatic sinusoid,single_batch
808,K7_B001247_B009941_S247.mm10-plus-4-0,12,myeloid leukocyte,Kupffer cell,single_batch
809,K7_D045313_B009942_S247.mm10-plus-4-0,12,Kupffer cell,Kupffer cell,single_batch
810,K8_B000767_B009945_S248.mm10-plus-4-0,12,Kupffer cell,Kupffer cell,single_batch
811,K8_B001247_B009941_S248.mm10-plus-4-0,12,Kupffer cell,Kupffer cell,single_batch
812,K8_D045313_B009942_S248.mm10-plus-4-0,6,hepatocyte,hepatocyte,single_batch
813,K9_B000767_B009945_S249.mm10-plus-4-0,0,B cell,B cell,single_batch
814,K9_B002681_B009943_S249.mm10-plus-4-0,6,hepatocyte,hepatocyte,single_batch
815,K9_D045313_B009942_S249.mm10-plus-4-0,6,hepatocyte,hepatocyte,single_batch
816,L10_B000767_B009945_S274.mm10-plus-4-0,0,B cell,B cell,single_batch
817,L10_B001247_B009941_S274.mm10-plus-4-0,12,Kupffer cell,Kupffer cell,single_batch
818,L10_B002681_B009943_S274.mm10-plus-4-0,6,hepatocyte,hepatocyte,single_batch
819,L10_D045313_B009942_S274.mm10-plus-4-0,4,endothelial cell of hepatic sinusoid,endothelial cell of hepatic sinusoid,single_batch
820,L11_B000767_B009945_S275.mm10-plus-4-0,1,mature NK T cell,mature NK T cell,single_batch
821,L11_B001247_B009941_S275.mm10-plus-4-0,4,endothelial cell of hepatic sinusoid,endothelial cell of hepatic sinusoid,single_batch
822,L11_B002688_B009944_S275.mm10-plus-4-0,4,endothelial cell of hepatic sinusoid,endothelial cell of hepatic sinusoid,single_batch
823,L11_D045313_B009942_S275.mm10-plus-4-0,12,Kupffer cell,Kupffer cell,single_batch
824,L12_B001247_B009941_S276.mm10-plus-4-0,4,endothelial cell of hepatic sinusoid,endothelial cell of hepatic sinusoid,single_batch
825,L12_B002688_B009944_S276.mm10-plus-4-0,4,endothelial cell of hepatic sinusoid,endothelial cell of hepatic sinusoid,single_batch
826,L13_B000767_B009945_S277.mm10-plus-4-0,6,hepatocyte,hepatocyte,single_batch
827,L13_B001247_B009941_S277.mm10-plus-4-0,4,endothelial cell of hepatic sinusoid,endothelial cell of hepatic sinusoid,single_batch
828,L13_B002688_B009944_S277.mm10-plus-4-0,5,neutrophil,neutrophil,single_batch
829,L13_D045313_B009942_S277.mm10-plus-4-0,6,hepatocyte,hepatocyte,single_batch
830,L14_B000767_B009945_S278.mm10-plus-4-0,0,B cell,B cell,single_batch
831,L14_B001247_B009941_S278.mm10-plus-4-0,4,endothelial cell of hepatic sinusoid,endothelial cell of hepatic sinusoid,single_batch
832,L14_D045313_B009942_S278.mm10-plus-4-0,4,hepatocyte,endothelial cell of hepatic sinusoid,single_batch
833,L15_B000767_B009945_S279.mm10-plus-4-0,0,B cell,B cell,single_batch
834,L15_B002688_B009944_S279.mm10-plus-4-0,4,endothelial cell of hepatic sinusoid,endothelial cell of hepatic sinusoid,single_batch
835,L15_D045313_B009942_S279.mm10-plus-4-0,12,Kupffer cell,Kupffer cell,single_batch
836,L16_B001247_B009941_S280.mm10-plus-4-0,4,endothelial cell of hepatic sinusoid,endothelial cell of hepatic sinusoid,single_batch
837,L16_B002681_B009943_S280.mm10-plus-4-0,6,hepatocyte,hepatocyte,single_batch
838,L16_B002688_B009944_S280.mm10-plus-4-0,4,endothelial cell of hepatic sinusoid,endothelial cell of hepatic sinusoid,single_batch
839,L16_D045313_B009942_S280.mm10-plus-4-0,4,endothelial cell of hepatic sinusoid,endothelial cell of hepatic sinusoid,single_batch
840,L17_B001247_B009941_S281.mm10-plus-4-0,11,myeloid leukocyte,Unmatched_11,single_batch
841,L17_B002688_B009944_S281.mm10-plus-4-0,6,endothelial cell of hepatic sinusoid,hepatocyte,single_batch
842,L17_D045313_B009942_S281.mm10-plus-4-0,4,endothelial cell of hepatic sinusoid,endothelial cell of hepatic sinusoid,single_batch
843,L18_B000767_B009945_S282.mm10-plus-4-0,0,B cell,B cell,single_batch
844,L18_B001247_B009941_S282.mm10-plus-4-0,6,hepatocyte,hepatocyte,single_batch
845,L18_B002688_B009944_S282.mm10-plus-4-0,4,endothelial cell of hepatic sinusoid,endothelial cell of hepatic sinusoid,single_batch
846,L18_D045313_B009942_S282.mm10-plus-4-0,4,endothelial cell of hepatic sinusoid,endothelial cell of hepatic sinusoid,single_batch
847,L19_B001247_B009941_S283.mm10-plus-4-0,4,endothelial cell of hepatic sinusoid,endothelial cell of hepatic sinusoid,single_batch
848,L19_B002681_B009943_S283.mm10-plus-4-0,6,hepatocyte,hepatocyte,single_batch
849,L19_D045313_B009942_S283.mm10-plus-4-0,4,endothelial cell of hepatic sinusoid,endothelial cell of hepatic sinusoid,single_batch
850,L1_B000767_B009945_S265.mm10-plus-4-0,0,B cell,B cell,single_batch
851,L1_B001247_B009941_S265.mm10-plus-4-0,1,mature NK T cell,mature NK T cell,single_batch
852,L20_B000767_B009945_S284.mm10-plus-4-0,0,B cell,B cell,single_batch
853,L20_B001247_B009941_S284.mm10-plus-4-0,10,myeloid leukocyte,Unmatched_10,single_batch
854,L20_B002688_B009944_S284.mm10-plus-4-0,12,Kupffer cell,Kupffer cell,single_batch
855,L20_D045313_B009942_S284.mm10-plus-4-0,11,myeloid leukocyte,Unmatched_11,single_batch
856,L21_B000767_B009945_S285.mm10-plus-4-0,0,B cell,B cell,single_batch
857,L22_B000767_B009945_S286.mm10-plus-4-0,0,B cell,B cell,single_batch
858,L22_B001247_B009941_S286.mm10-plus-4-0,10,myeloid leukocyte,Unmatched_10,single_batch
859,L22_B002681_B009943_S286.mm10-plus-4-0,6,hepatocyte,hepatocyte,single_batch
860,L22_B002688_B009944_S286.mm10-plus-4-0,6,hepatocyte,hepatocyte,single_batch
861,L2_B000767_B009945_S266.mm10-plus-4-0,1,hepatocyte,mature NK T cell,single_batch
862,L2_B001247_B009941_S266.mm10-plus-4-0,12,Kupffer cell,Kupffer cell,single_batch
863,L3_B000767_B009945_S267.mm10-plus-4-0,1,mature NK T cell,mature NK T cell,single_batch
864,L3_B001247_B009941_S267.mm10-plus-4-0,12,Kupffer cell,Kupffer cell,single_batch
865,L3_B002681_B009943_S267.mm10-plus-4-0,0,B cell,B cell,single_batch
866,L3_D045313_B009942_S267.mm10-plus-4-0,6,hepatocyte,hepatocyte,single_batch
867,L4_B000767_B009945_S268.mm10-plus-4-0,1,"CD8-positive, alpha-beta T cell",mature NK T cell,single_batch
868,L4_B001247_B009941_S268.mm10-plus-4-0,2,NK cell,NK cell,single_batch
869,L4_B002681_B009943_S268.mm10-plus-4-0,6,hepatocyte,hepatocyte,single_batch
870,L4_D045313_B009942_S268.mm10-plus-4-0,12,Kupffer cell,Kupffer cell,single_batch
871,L5_B000767_B009945_S269.mm10-plus-4-0,0,B cell,B cell,single_batch
872,L5_B001247_B009941_S269.mm10-plus-4-0,1,T cell,mature NK T cell,single_batch
873,L6_B000767_B009945_S270.mm10-plus-4-0,1,"CD4-positive, alpha-beta T cell",mature NK T cell,single_batch
874,L6_B002688_B009944_S270.mm10-plus-4-0,4,endothelial cell of hepatic sinusoid,endothelial cell of hepatic sinusoid,single_batch
875,L7_B001247_B009941_S271.mm10-plus-4-0,12,Kupffer cell,Kupffer cell,single_batch
876,L7_B002688_B009944_S271.mm10-plus-4-0,6,hepatocyte,hepatocyte,single_batch
877,L7_D045313_B009942_S271.mm10-plus-4-0,4,endothelial cell of hepatic sinusoid,endothelial cell of hepatic sinusoid,single_batch
878,L8_B002681_B009943_S272.mm10-plus-4-0,6,hepatocyte,hepatocyte,single_batch
879,L9_B000767_B009945_S273.mm10-plus-4-0,0,B cell,B cell,single_batch
880,M10_B000767_B009945_S298.mm10-plus-4-0,0,B cell,B cell,single_batch
881,M10_B001247_B009941_S298.mm10-plus-4-0,12,Kupffer cell,Kupffer cell,single_batch
882,M10_D045313_B009942_S298.mm10-plus-4-0,12,Kupffer cell,Kupffer cell,single_batch
883,M11_B000767_B009945_S299.mm10-plus-4-0,6,hepatocyte,hepatocyte,single_batch
884,M11_B001247_B009941_S299.mm10-plus-4-0,14,Kupffer cell,myeloid leukocyte,single_batch
885,M11_D045313_B009942_S299.mm10-plus-4-0,4,endothelial cell of hepatic sinusoid,endothelial cell of hepatic sinusoid,single_batch
886,M12_B000767_B009945_S300.mm10-plus-4-0,6,hepatocyte,hepatocyte,single_batch
887,M12_B001247_B009941_S300.mm10-plus-4-0,4,endothelial cell of hepatic sinusoid,endothelial cell of hepatic sinusoid,single_batch
888,M12_B002681_B009943_S300.mm10-plus-4-0,1,T cell,mature NK T cell,single_batch
889,M12_B002688_B009944_S300.mm10-plus-4-0,1,mature NK T cell,mature NK T cell,single_batch
890,M12_D045313_B009942_S300.mm10-plus-4-0,4,endothelial cell of hepatic sinusoid,endothelial cell of hepatic sinusoid,single_batch
891,M13_B000767_B009945_S301.mm10-plus-4-0,12,Kupffer cell,Kupffer cell,single_batch
892,M13_B002681_B009943_S301.mm10-plus-4-0,6,hepatocyte,hepatocyte,single_batch
893,M13_D045313_B009942_S301.mm10-plus-4-0,4,endothelial cell of hepatic sinusoid,endothelial cell of hepatic sinusoid,single_batch
894,M14_B000767_B009945_S302.mm10-plus-4-0,14,myeloid leukocyte,myeloid leukocyte,single_batch
895,M14_B001247_B009941_S302.mm10-plus-4-0,6,hepatocyte,hepatocyte,single_batch
896,M14_B002688_B009944_S302.mm10-plus-4-0,4,endothelial cell of hepatic sinusoid,endothelial cell of hepatic sinusoid,single_batch
897,M14_D045313_B009942_S302.mm10-plus-4-0,1,mature NK T cell,mature NK T cell,single_batch
898,M15_B000767_B009945_S303.mm10-plus-4-0,6,hepatocyte,hepatocyte,single_batch
899,M15_B001247_B009941_S303.mm10-plus-4-0,6,endothelial cell of hepatic sinusoid,hepatocyte,single_batch
900,M15_B002688_B009944_S303.mm10-plus-4-0,4,endothelial cell of hepatic sinusoid,endothelial cell of hepatic sinusoid,single_batch
901,M15_D045313_B009942_S303.mm10-plus-4-0,4,endothelial cell of hepatic sinusoid,endothelial cell of hepatic sinusoid,single_batch
902,M16_B000767_B009945_S304.mm10-plus-4-0,1,myeloid leukocyte,mature NK T cell,single_batch
903,M16_B001247_B009941_S304.mm10-plus-4-0,9,myeloid leukocyte,Unmatched_9,single_batch
904,M16_B002688_B009944_S304.mm10-plus-4-0,6,Kupffer cell,hepatocyte,single_batch
905,M16_D045313_B009942_S304.mm10-plus-4-0,4,endothelial cell of hepatic sinusoid,endothelial cell of hepatic sinusoid,single_batch
906,M17_B000767_B009945_S305.mm10-plus-4-0,6,hepatocyte,hepatocyte,single_batch
907,M17_B001247_B009941_S305.mm10-plus-4-0,4,endothelial cell of hepatic sinusoid,endothelial cell of hepatic sinusoid,single_batch
908,M17_B002681_B009943_S305.mm10-plus-4-0,1,"CD4-positive, alpha-beta T cell",mature NK T cell,single_batch
909,M17_B002688_B009944_S305.mm10-plus-4-0,6,hepatocyte,hepatocyte,single_batch
910,M17_D045313_B009942_S305.mm10-plus-4-0,4,endothelial cell of hepatic sinusoid,endothelial cell of hepatic sinusoid,single_batch
911,M18_B000767_B009945_S306.mm10-plus-4-0,6,hepatocyte,hepatocyte,single_batch
912,M18_B001247_B009941_S306.mm10-plus-4-0,4,endothelial cell of hepatic sinusoid,endothelial cell of hepatic sinusoid,single_batch
913,M18_B002688_B009944_S306.mm10-plus-4-0,11,myeloid leukocyte,Unmatched_11,single_batch
914,M18_D045313_B009942_S306.mm10-plus-4-0,4,endothelial cell of hepatic sinusoid,endothelial cell of hepatic sinusoid,single_batch
915,M19_B000767_B009945_S307.mm10-plus-4-0,0,B cell,B cell,single_batch
916,M19_B001247_B009941_S307.mm10-plus-4-0,4,endothelial cell of hepatic sinusoid,endothelial cell of hepatic sinusoid,single_batch
917,M19_B002681_B009943_S307.mm10-plus-4-0,6,hepatocyte,hepatocyte,single_batch
918,M19_B002688_B009944_S307.mm10-plus-4-0,1,endothelial cell of hepatic sinusoid,mature NK T cell,single_batch
919,M19_D045313_B009942_S307.mm10-plus-4-0,4,endothelial cell of hepatic sinusoid,endothelial cell of hepatic sinusoid,single_batch
920,M1_B001247_B009941_S289.mm10-plus-4-0,12,Kupffer cell,Kupffer cell,single_batch
921,M1_B002681_B009943_S289.mm10-plus-4-0,6,hepatocyte,hepatocyte,single_batch
922,M1_D045313_B009942_S289.mm10-plus-4-0,2,mature NK T cell,NK cell,single_batch
923,M20_B000767_B009945_S308.mm10-plus-4-0,6,hepatocyte,hepatocyte,single_batch
924,M20_B001247_B009941_S308.mm10-plus-4-0,11,myeloid leukocyte,Unmatched_11,single_batch
925,M20_B002688_B009944_S308.mm10-plus-4-0,4,endothelial cell of hepatic sinusoid,endothelial cell of hepatic sinusoid,single_batch
926,M20_D045313_B009942_S308.mm10-plus-4-0,4,endothelial cell of hepatic sinusoid,endothelial cell of hepatic sinusoid,single_batch
927,M21_B000767_B009945_S309.mm10-plus-4-0,1,mature NK T cell,mature NK T cell,single_batch
928,M21_B001247_B009941_S309.mm10-plus-4-0,4,endothelial cell of hepatic sinusoid,endothelial cell of hepatic sinusoid,single_batch
929,M21_B002681_B009943_S309.mm10-plus-4-0,6,hepatocyte,hepatocyte,single_batch
930,M21_D045313_B009942_S309.mm10-plus-4-0,2,mature NK T cell,NK cell,single_batch
931,M22_B000767_B009945_S310.mm10-plus-4-0,6,hepatocyte,hepatocyte,single_batch
932,M22_B001247_B009941_S310.mm10-plus-4-0,0,B cell,B cell,single_batch
933,M22_B002681_B009943_S310.mm10-plus-4-0,6,hepatocyte,hepatocyte,single_batch
934,M22_B002688_B009944_S310.mm10-plus-4-0,6,hepatocyte,hepatocyte,single_batch
935,M22_D045313_B009942_S310.mm10-plus-4-0,4,hepatocyte,endothelial cell of hepatic sinusoid,single_batch
936,M2_B000767_B009945_S290.mm10-plus-4-0,2,NK cell,NK cell,single_batch
937,M2_B002681_B009943_S290.mm10-plus-4-0,6,hepatocyte,hepatocyte,single_batch
938,M2_D045313_B009942_S290.mm10-plus-4-0,6,hepatocyte,hepatocyte,single_batch
939,M3_B000767_B009945_S291.mm10-plus-4-0,2,NK cell,NK cell,single_batch
940,M3_B001247_B009941_S291.mm10-plus-4-0,12,Kupffer cell,Kupffer cell,single_batch
941,M3_B002681_B009943_S291.mm10-plus-4-0,6,hepatocyte,hepatocyte,single_batch
942,M3_B002688_B009944_S291.mm10-plus-4-0,6,hepatocyte,hepatocyte,single_batch
943,M3_D045313_B009942_S291.mm10-plus-4-0,6,hepatocyte,hepatocyte,single_batch
944,M4_B000767_B009945_S292.mm10-plus-4-0,2,mature NK T cell,NK cell,single_batch
945,M4_B002688_B009944_S292.mm10-plus-4-0,6,hepatocyte,hepatocyte,single_batch
946,M4_D045313_B009942_S292.mm10-plus-4-0,2,mature NK T cell,NK cell,single_batch
947,M5_B000767_B009945_S293.mm10-plus-4-0,1,"CD8-positive, alpha-beta T cell",mature NK T cell,single_batch
948,M5_B001247_B009941_S293.mm10-plus-4-0,3,hepatocyte,"CD4-positive, alpha-beta T cell",single_batch
949,M5_B002681_B009943_S293.mm10-plus-4-0,6,hepatocyte,hepatocyte,single_batch
950,M5_B002688_B009944_S293.mm10-plus-4-0,6,hepatocyte,hepatocyte,single_batch
951,M6_B000767_B009945_S294.mm10-plus-4-0,2,NK cell,NK cell,single_batch
952,M6_B002681_B009943_S294.mm10-plus-4-0,6,hepatocyte,hepatocyte,single_batch
953,M6_B002688_B009944_S294.mm10-plus-4-0,6,hepatocyte,hepatocyte,single_batch
954,M6_D045313_B009942_S294.mm10-plus-4-0,6,hepatocyte,hepatocyte,single_batch
955,M7_B000767_B009945_S295.mm10-plus-4-0,4,endothelial cell of hepatic sinusoid,endothelial cell of hepatic sinusoid,single_batch
956,M7_B002681_B009943_S295.mm10-plus-4-0,6,hepatocyte,hepatocyte,single_batch
957,M7_D045313_B009942_S295.mm10-plus-4-0,6,hepatocyte,hepatocyte,single_batch
958,M8_B000767_B009945_S296.mm10-plus-4-0,6,endothelial cell of hepatic sinusoid,hepatocyte,single_batch
959,M8_B001247_B009941_S296.mm10-plus-4-0,12,Kupffer cell,Kupffer cell,single_batch
960,M8_D045313_B009942_S296.mm10-plus-4-0,12,Kupffer cell,Kupffer cell,single_batch
961,M9_B000767_B009945_S297.mm10-plus-4-0,0,B cell,B cell,single_batch
962,M9_B001247_B009941_S297.mm10-plus-4-0,12,Kupffer cell,Kupffer cell,single_batch
963,M9_B002681_B009943_S297.mm10-plus-4-0,6,hepatocyte,hepatocyte,single_batch
964,M9_B002688_B009944_S297.mm10-plus-4-0,6,endothelial cell of hepatic sinusoid,hepatocyte,single_batch
965,M9_D045313_B009942_S297.mm10-plus-4-0,6,hepatocyte,hepatocyte,single_batch
966,N10_B000767_B009945_S322.mm10-plus-4-0,1,mature NK T cell,mature NK T cell,single_batch
967,N10_B002688_B009944_S322.mm10-plus-4-0,4,endothelial cell of hepatic sinusoid,endothelial cell of hepatic sinusoid,single_batch
968,N11_B000767_B009945_S323.mm10-plus-4-0,6,hepatocyte,hepatocyte,single_batch
969,N11_B002681_B009943_S323.mm10-plus-4-0,6,hepatocyte,hepatocyte,single_batch
970,N11_B002688_B009944_S323.mm10-plus-4-0,4,endothelial cell of hepatic sinusoid,endothelial cell of hepatic sinusoid,single_batch
971,N11_D045313_B009942_S323.mm10-plus-4-0,6,hepatocyte,hepatocyte,single_batch
972,N12_B000767_B009945_S324.mm10-plus-4-0,2,NK cell,NK cell,single_batch
973,N12_B001247_B009941_S324.mm10-plus-4-0,4,endothelial cell of hepatic sinusoid,endothelial cell of hepatic sinusoid,single_batch
974,N12_B002688_B009944_S324.mm10-plus-4-0,14,Kupffer cell,myeloid leukocyte,single_batch
975,N12_D045313_B009942_S324.mm10-plus-4-0,4,hepatocyte,endothelial cell of hepatic sinusoid,single_batch
976,N13_B000767_B009945_S325.mm10-plus-4-0,12,hepatocyte,Kupffer cell,single_batch
977,N13_B001247_B009941_S325.mm10-plus-4-0,6,hepatocyte,hepatocyte,single_batch
978,N13_B002688_B009944_S325.mm10-plus-4-0,4,endothelial cell of hepatic sinusoid,endothelial cell of hepatic sinusoid,single_batch
979,N13_D045313_B009942_S325.mm10-plus-4-0,4,endothelial cell of hepatic sinusoid,endothelial cell of hepatic sinusoid,single_batch
980,N14_B000767_B009945_S326.mm10-plus-4-0,1,mature NK T cell,mature NK T cell,single_batch
981,N14_B001247_B009941_S326.mm10-plus-4-0,4,endothelial cell of hepatic sinusoid,endothelial cell of hepatic sinusoid,single_batch
982,N14_B002681_B009943_S326.mm10-plus-4-0,6,hepatocyte,hepatocyte,single_batch
983,N14_B002688_B009944_S326.mm10-plus-4-0,12,Kupffer cell,Kupffer cell,single_batch
984,N14_D045313_B009942_S326.mm10-plus-4-0,4,endothelial cell of hepatic sinusoid,endothelial cell of hepatic sinusoid,single_batch
985,N15_B000767_B009945_S327.mm10-plus-4-0,1,mature NK T cell,mature NK T cell,single_batch
986,N15_B001247_B009941_S327.mm10-plus-4-0,12,Kupffer cell,Kupffer cell,single_batch
987,N15_B002681_B009943_S327.mm10-plus-4-0,6,hepatocyte,hepatocyte,single_batch
988,N15_B002688_B009944_S327.mm10-plus-4-0,6,hepatocyte,hepatocyte,single_batch
989,N15_D045313_B009942_S327.mm10-plus-4-0,12,myeloid leukocyte,Kupffer cell,single_batch
990,N16_B000767_B009945_S328.mm10-plus-4-0,6,hepatocyte,hepatocyte,single_batch
991,N16_B001247_B009941_S328.mm10-plus-4-0,6,hepatocyte,hepatocyte,single_batch
992,N16_B002681_B009943_S328.mm10-plus-4-0,4,endothelial cell of hepatic sinusoid,endothelial cell of hepatic sinusoid,single_batch
993,N16_B002688_B009944_S328.mm10-plus-4-0,1,"CD8-positive, alpha-beta T cell",mature NK T cell,single_batch
994,N17_B001247_B009941_S329.mm10-plus-4-0,4,endothelial cell of hepatic sinusoid,endothelial cell of hepatic sinusoid,single_batch
995,N17_B002681_B009943_S329.mm10-plus-4-0,6,hepatocyte,hepatocyte,single_batch
996,N17_D045313_B009942_S329.mm10-plus-4-0,4,endothelial cell of hepatic sinusoid,endothelial cell of hepatic sinusoid,single_batch
997,N18_B000767_B009945_S330.mm10-plus-4-0,6,hepatocyte,hepatocyte,single_batch
998,N18_B001247_B009941_S330.mm10-plus-4-0,4,endothelial cell of hepatic sinusoid,endothelial cell of hepatic sinusoid,single_batch
999,N18_B002681_B009943_S330.mm10-plus-4-0,4,endothelial cell of hepatic sinusoid,endothelial cell of hepatic sinusoid,single_batch
1000,N18_B002688_B009944_S330.mm10-plus-4-0,11,myeloid leukocyte,Unmatched_11,single_batch
1001,N18_D045313_B009942_S330.mm10-plus-4-0,4,endothelial cell of hepatic sinusoid,endothelial cell of hepatic sinusoid,single_batch
1002,N19_B001247_B009941_S331.mm10-plus-4-0,6,hepatocyte,hepatocyte,single_batch
1003,N19_D045313_B009942_S331.mm10-plus-4-0,4,endothelial cell of hepatic sinusoid,endothelial cell of hepatic sinusoid,single_batch
1004,N1_B000767_B009945_S313.mm10-plus-4-0,1,"CD4-positive, alpha-beta T cell",mature NK T cell,single_batch
1005,N1_B002681_B009943_S313.mm10-plus-4-0,6,hepatocyte,hepatocyte,single_batch
1006,N1_B002688_B009944_S313.mm10-plus-4-0,6,hepatocyte,hepatocyte,single_batch
1007,N1_D045313_B009942_S313.mm10-plus-4-0,0,B cell,B cell,single_batch
1008,N20_B000767_B009945_S332.mm10-plus-4-0,12,Kupffer cell,Kupffer cell,single_batch
1009,N20_B001247_B009941_S332.mm10-plus-4-0,11,myeloid leukocyte,Unmatched_11,single_batch
1010,N20_B002681_B009943_S332.mm10-plus-4-0,6,hepatocyte,hepatocyte,single_batch
1011,N20_D045313_B009942_S332.mm10-plus-4-0,6,hepatocyte,hepatocyte,single_batch
1012,N21_B000767_B009945_S333.mm10-plus-4-0,1,T cell,mature NK T cell,single_batch
1013,N21_B001247_B009941_S333.mm10-plus-4-0,0,B cell,B cell,single_batch
1014,N21_B002681_B009943_S333.mm10-plus-4-0,6,hepatocyte,hepatocyte,single_batch
1015,N21_D045313_B009942_S333.mm10-plus-4-0,0,B cell,B cell,single_batch
1016,N22_B000767_B009945_S334.mm10-plus-4-0,6,hepatocyte,hepatocyte,single_batch
1017,N22_B001247_B009941_S334.mm10-plus-4-0,0,myeloid leukocyte,B cell,single_batch
1018,N22_B002681_B009943_S334.mm10-plus-4-0,6,hepatocyte,hepatocyte,single_batch
1019,N22_B002688_B009944_S334.mm10-plus-4-0,6,hepatocyte,hepatocyte,single_batch
1020,N2_B000767_B009945_S314.mm10-plus-4-0,1,mature NK T cell,mature NK T cell,single_batch
1021,N2_D045313_B009942_S314.mm10-plus-4-0,6,hepatocyte,hepatocyte,single_batch
1022,N3_B000767_B009945_S315.mm10-plus-4-0,6,endothelial cell of hepatic sinusoid,hepatocyte,single_batch
1023,N3_D045313_B009942_S315.mm10-plus-4-0,6,hepatocyte,hepatocyte,single_batch
1024,N4_B000767_B009945_S316.mm10-plus-4-0,0,B cell,B cell,single_batch
1025,N4_B001247_B009941_S316.mm10-plus-4-0,12,Kupffer cell,Kupffer cell,single_batch
1026,N4_B002681_B009943_S316.mm10-plus-4-0,6,hepatocyte,hepatocyte,single_batch
1027,N4_D045313_B009942_S316.mm10-plus-4-0,2,NK cell,NK cell,single_batch
1028,N5_B000767_B009945_S317.mm10-plus-4-0,1,"CD8-positive, alpha-beta T cell",mature NK T cell,single_batch
1029,N5_B001247_B009941_S317.mm10-plus-4-0,0,B cell,B cell,single_batch
1030,N6_B000767_B009945_S318.mm10-plus-4-0,4,endothelial cell of hepatic sinusoid,endothelial cell of hepatic sinusoid,single_batch
1031,N6_B001247_B009941_S318.mm10-plus-4-0,12,Kupffer cell,Kupffer cell,single_batch
1032,N6_B002681_B009943_S318.mm10-plus-4-0,6,hepatocyte,hepatocyte,single_batch
1033,N7_B000767_B009945_S319.mm10-plus-4-0,1,"CD4-positive, alpha-beta T cell",mature NK T cell,single_batch
1034,N7_B001247_B009941_S319.mm10-plus-4-0,1,hepatocyte,mature NK T cell,single_batch
1035,N7_B002688_B009944_S319.mm10-plus-4-0,6,hepatocyte,hepatocyte,single_batch
1036,N7_D045313_B009942_S319.mm10-plus-4-0,6,hepatocyte,hepatocyte,single_batch
1037,N8_B002688_B009944_S320.mm10-plus-4-0,6,hepatocyte,hepatocyte,single_batch
1038,N9_B000767_B009945_S321.mm10-plus-4-0,11,myeloid leukocyte,Unmatched_11,single_batch
1039,N9_B001247_B009941_S321.mm10-plus-4-0,14,Kupffer cell,myeloid leukocyte,single_batch
1040,N9_B002681_B009943_S321.mm10-plus-4-0,6,hepatocyte,hepatocyte,single_batch
1041,O10_B000767_B009945_S346.mm10-plus-4-0,6,hepatocyte,hepatocyte,single_batch
1042,O10_B001247_B009941_S346.mm10-plus-4-0,12,Kupffer cell,Kupffer cell,single_batch
1043,O10_B002681_B009943_S346.mm10-plus-4-0,6,hepatocyte,hepatocyte,single_batch
1044,O10_D045313_B009942_S346.mm10-plus-4-0,6,hepatocyte,hepatocyte,single_batch
1045,O11_B000767_B009945_S347.mm10-plus-4-0,0,B cell,B cell,single_batch
1046,O11_B001247_B009941_S347.mm10-plus-4-0,4,endothelial cell of hepatic sinusoid,endothelial cell of hepatic sinusoid,single_batch
1047,O11_B002681_B009943_S347.mm10-plus-4-0,1,T cell,mature NK T cell,single_batch
1048,O11_B002688_B009944_S347.mm10-plus-4-0,4,endothelial cell of hepatic sinusoid,endothelial cell of hepatic sinusoid,single_batch
1049,O12_B000767_B009945_S348.mm10-plus-4-0,6,hepatocyte,hepatocyte,single_batch
1050,O12_B001247_B009941_S348.mm10-plus-4-0,12,Kupffer cell,Kupffer cell,single_batch
1051,O12_B002688_B009944_S348.mm10-plus-4-0,4,endothelial cell of hepatic sinusoid,endothelial cell of hepatic sinusoid,single_batch
1052,O12_D045313_B009942_S348.mm10-plus-4-0,6,hepatocyte,hepatocyte,single_batch
1053,O13_B000767_B009945_S349.mm10-plus-4-0,6,hepatocyte,hepatocyte,single_batch
1054,O13_B002681_B009943_S349.mm10-plus-4-0,6,hepatocyte,hepatocyte,single_batch
1055,O13_D045313_B009942_S349.mm10-plus-4-0,4,endothelial cell of hepatic sinusoid,endothelial cell of hepatic sinusoid,single_batch
1056,O14_B000767_B009945_S350.mm10-plus-4-0,4,endothelial cell of hepatic sinusoid,endothelial cell of hepatic sinusoid,single_batch
1057,O14_B002681_B009943_S350.mm10-plus-4-0,6,hepatocyte,hepatocyte,single_batch
1058,O14_B002688_B009944_S350.mm10-plus-4-0,11,myeloid leukocyte,Unmatched_11,single_batch
1059,O14_D045313_B009942_S350.mm10-plus-4-0,4,endothelial cell of hepatic sinusoid,endothelial cell of hepatic sinusoid,single_batch
1060,O15_B000767_B009945_S351.mm10-plus-4-0,4,endothelial cell of hepatic sinusoid,endothelial cell of hepatic sinusoid,single_batch
1061,O15_B002681_B009943_S351.mm10-plus-4-0,6,hepatocyte,hepatocyte,single_batch
1062,O15_B002688_B009944_S351.mm10-plus-4-0,4,endothelial cell of hepatic sinusoid,endothelial cell of hepatic sinusoid,single_batch
1063,O15_D045313_B009942_S351.mm10-plus-4-0,4,endothelial cell of hepatic sinusoid,endothelial cell of hepatic sinusoid,single_batch
1064,O16_B000767_B009945_S352.mm10-plus-4-0,6,hepatocyte,hepatocyte,single_batch
1065,O16_B001247_B009941_S352.mm10-plus-4-0,4,endothelial cell of hepatic sinusoid,endothelial cell of hepatic sinusoid,single_batch
1066,O16_B002681_B009943_S352.mm10-plus-4-0,6,hepatocyte,hepatocyte,single_batch
1067,O16_D045313_B009942_S352.mm10-plus-4-0,4,endothelial cell of hepatic sinusoid,endothelial cell of hepatic sinusoid,single_batch
1068,O17_B001247_B009941_S353.mm10-plus-4-0,4,endothelial cell of hepatic sinusoid,endothelial cell of hepatic sinusoid,single_batch
1069,O17_B002681_B009943_S353.mm10-plus-4-0,1,mature NK T cell,mature NK T cell,single_batch
1070,O17_B002688_B009944_S353.mm10-plus-4-0,4,endothelial cell of hepatic sinusoid,endothelial cell of hepatic sinusoid,single_batch
1071,O17_D045313_B009942_S353.mm10-plus-4-0,6,hepatocyte,hepatocyte,single_batch
1072,O18_B000767_B009945_S354.mm10-plus-4-0,2,mature NK T cell,NK cell,single_batch
1073,O18_B001247_B009941_S354.mm10-plus-4-0,10,myeloid leukocyte,Unmatched_10,single_batch
1074,O18_D045313_B009942_S354.mm10-plus-4-0,14,Kupffer cell,myeloid leukocyte,single_batch
1075,O19_B000767_B009945_S355.mm10-plus-4-0,0,B cell,B cell,single_batch
1076,O19_B001247_B009941_S355.mm10-plus-4-0,11,myeloid leukocyte,Unmatched_11,single_batch
1077,O19_B002688_B009944_S355.mm10-plus-4-0,4,endothelial cell of hepatic sinusoid,endothelial cell of hepatic sinusoid,single_batch
1078,O19_D045313_B009942_S355.mm10-plus-4-0,1,myeloid leukocyte,mature NK T cell,single_batch
1079,O1_B000767_B009945_S337.mm10-plus-4-0,0,B cell,B cell,single_batch
1080,O1_B002688_B009944_S337.mm10-plus-4-0,6,hepatocyte,hepatocyte,single_batch
1081,O20_B000767_B009945_S356.mm10-plus-4-0,0,B cell,B cell,single_batch
1082,O20_B001247_B009941_S356.mm10-plus-4-0,12,myeloid leukocyte,Kupffer cell,single_batch
1083,O20_D045313_B009942_S356.mm10-plus-4-0,12,Kupffer cell,Kupffer cell,single_batch
1084,O21_B000767_B009945_S357.mm10-plus-4-0,1,mature NK T cell,mature NK T cell,single_batch
1085,O21_B001247_B009941_S357.mm10-plus-4-0,14,myeloid leukocyte,myeloid leukocyte,single_batch
1086,O21_B002688_B009944_S357.mm10-plus-4-0,4,endothelial cell of hepatic sinusoid,endothelial cell of hepatic sinusoid,single_batch
1087,O22_B000767_B009945_S358.mm10-plus-4-0,2,mature NK T cell,NK cell,single_batch
1088,O22_B001247_B009941_S358.mm10-plus-4-0,2,NK cell,NK cell,single_batch
1089,O22_B002681_B009943_S358.mm10-plus-4-0,12,Kupffer cell,Kupffer cell,single_batch
1090,O2_B000767_B009945_S338.mm10-plus-4-0,14,myeloid leukocyte,myeloid leukocyte,single_batch
1091,O2_B001247_B009941_S338.mm10-plus-4-0,2,NK cell,NK cell,single_batch
1092,O2_B002688_B009944_S338.mm10-plus-4-0,6,hepatocyte,hepatocyte,single_batch
1093,O2_D045313_B009942_S338.mm10-plus-4-0,6,hepatocyte,hepatocyte,single_batch
1094,O3_B000767_B009945_S339.mm10-plus-4-0,0,B cell,B cell,single_batch
1095,O3_B001247_B009941_S339.mm10-plus-4-0,1,mature NK T cell,mature NK T cell,single_batch
1096,O3_B002681_B009943_S339.mm10-plus-4-0,6,hepatocyte,hepatocyte,single_batch
1097,O3_D045313_B009942_S339.mm10-plus-4-0,0,B cell,B cell,single_batch
1098,O4_B000767_B009945_S340.mm10-plus-4-0,2,mature NK T cell,NK cell,single_batch
1099,O4_B001247_B009941_S340.mm10-plus-4-0,0,B cell,B cell,single_batch
1100,O4_B002681_B009943_S340.mm10-plus-4-0,6,hepatocyte,hepatocyte,single_batch
1101,O4_D045313_B009942_S340.mm10-plus-4-0,6,hepatocyte,hepatocyte,single_batch
1102,O5_B000767_B009945_S341.mm10-plus-4-0,1,"CD4-positive, alpha-beta T cell",mature NK T cell,single_batch
1103,O5_B001247_B009941_S341.mm10-plus-4-0,0,B cell,B cell,single_batch
1104,O5_B002681_B009943_S341.mm10-plus-4-0,6,hepatocyte,hepatocyte,single_batch
1105,O5_D045313_B009942_S341.mm10-plus-4-0,0,B cell,B cell,single_batch
1106,O6_B000767_B009945_S342.mm10-plus-4-0,1,mature NK T cell,mature NK T cell,single_batch
1107,O6_B001247_B009941_S342.mm10-plus-4-0,1,hepatocyte,mature NK T cell,single_batch
1108,O6_D045313_B009942_S342.mm10-plus-4-0,6,hepatocyte,hepatocyte,single_batch
1109,O7_B000767_B009945_S343.mm10-plus-4-0,1,myeloid leukocyte,mature NK T cell,single_batch
1110,O7_B002681_B009943_S343.mm10-plus-4-0,6,hepatocyte,hepatocyte,single_batch
1111,O7_D045313_B009942_S343.mm10-plus-4-0,6,hepatocyte,hepatocyte,single_batch
1112,O8_D045313_B009942_S344.mm10-plus-4-0,6,hepatocyte,hepatocyte,single_batch
1113,O9_B000767_B009945_S345.mm10-plus-4-0,0,B cell,B cell,single_batch
1114,O9_B002681_B009943_S345.mm10-plus-4-0,1,mature NK T cell,mature NK T cell,single_batch
1115,O9_D045313_B009942_S345.mm10-plus-4-0,6,hepatocyte,hepatocyte,single_batch
1116,P10_B000767_B009945_S370.mm10-plus-4-0,8,myeloid leukocyte,T cell,single_batch
1117,P10_D045313_B009942_S370.mm10-plus-4-0,6,hepatocyte,hepatocyte,single_batch
1118,P11_B000767_B009945_S371.mm10-plus-4-0,5,neutrophil,neutrophil,single_batch
1119,P11_B001247_B009941_S371.mm10-plus-4-0,12,Kupffer cell,Kupffer cell,single_batch
1120,P11_B002681_B009943_S371.mm10-plus-4-0,6,hepatocyte,hepatocyte,single_batch
1121,P11_D045313_B009942_S371.mm10-plus-4-0,4,endothelial cell of hepatic sinusoid,endothelial cell of hepatic sinusoid,single_batch
1122,P12_B000767_B009945_S372.mm10-plus-4-0,6,hepatocyte,hepatocyte,single_batch
1123,P12_B001247_B009941_S372.mm10-plus-4-0,4,endothelial cell of hepatic sinusoid,endothelial cell of hepatic sinusoid,single_batch
1124,P13_B000767_B009945_S373.mm10-plus-4-0,0,B cell,B cell,single_batch
1125,P13_D045313_B009942_S373.mm10-plus-4-0,12,Kupffer cell,Kupffer cell,single_batch
1126,P14_B000767_B009945_S374.mm10-plus-4-0,6,hepatocyte,hepatocyte,single_batch
1127,P14_B001247_B009941_S374.mm10-plus-4-0,4,endothelial cell of hepatic sinusoid,endothelial cell of hepatic sinusoid,single_batch
1128,P14_B002688_B009944_S374.mm10-plus-4-0,4,endothelial cell of hepatic sinusoid,endothelial cell of hepatic sinusoid,single_batch
1129,P15_B000767_B009945_S375.mm10-plus-4-0,0,B cell,B cell,single_batch
1130,P15_B001247_B009941_S375.mm10-plus-4-0,12,Kupffer cell,Kupffer cell,single_batch
1131,P15_B002688_B009944_S375.mm10-plus-4-0,4,endothelial cell of hepatic sinusoid,endothelial cell of hepatic sinusoid,single_batch
1132,P16_B000767_B009945_S376.mm10-plus-4-0,0,B cell,B cell,single_batch
1133,P16_B001247_B009941_S376.mm10-plus-4-0,6,hepatocyte,hepatocyte,single_batch
1134,P16_B002681_B009943_S376.mm10-plus-4-0,6,hepatocyte,hepatocyte,single_batch
1135,P16_D045313_B009942_S376.mm10-plus-4-0,4,endothelial cell of hepatic sinusoid,endothelial cell of hepatic sinusoid,single_batch
1136,P17_B000767_B009945_S377.mm10-plus-4-0,2,mature NK T cell,NK cell,single_batch
1137,P17_B001247_B009941_S377.mm10-plus-4-0,12,Kupffer cell,Kupffer cell,single_batch
1138,P17_B002681_B009943_S377.mm10-plus-4-0,6,hepatocyte,hepatocyte,single_batch
1139,P18_B000767_B009945_S378.mm10-plus-4-0,0,B cell,B cell,single_batch
1140,P18_B001247_B009941_S378.mm10-plus-4-0,12,Kupffer cell,Kupffer cell,single_batch
1141,P18_D045313_B009942_S378.mm10-plus-4-0,12,Kupffer cell,Kupffer cell,single_batch
1142,P19_B000767_B009945_S379.mm10-plus-4-0,6,hepatocyte,hepatocyte,single_batch
1143,P19_B001247_B009941_S379.mm10-plus-4-0,9,myeloid leukocyte,Unmatched_9,single_batch
1144,P19_B002688_B009944_S379.mm10-plus-4-0,11,myeloid leukocyte,Unmatched_11,single_batch
1145,P19_D045313_B009942_S379.mm10-plus-4-0,4,endothelial cell of hepatic sinusoid,endothelial cell of hepatic sinusoid,single_batch
1146,P1_B000767_B009945_S361.mm10-plus-4-0,1,mature NK T cell,mature NK T cell,single_batch
1147,P1_B002681_B009943_S361.mm10-plus-4-0,6,hepatocyte,hepatocyte,single_batch
1148,P1_D045313_B009942_S361.mm10-plus-4-0,0,B cell,B cell,single_batch
1149,P20_B000767_B009945_S380.mm10-plus-4-0,1,mature NK T cell,mature NK T cell,single_batch
1150,P20_B001247_B009941_S380.mm10-plus-4-0,12,Kupffer cell,Kupffer cell,single_batch
1151,P20_B002681_B009943_S380.mm10-plus-4-0,6,hepatocyte,hepatocyte,single_batch
1152,P20_D045313_B009942_S380.mm10-plus-4-0,4,endothelial cell of hepatic sinusoid,endothelial cell of hepatic sinusoid,single_batch
1153,P21_B000767_B009945_S381.mm10-plus-4-0,0,B cell,B cell,single_batch
1154,P21_B001247_B009941_S381.mm10-plus-4-0,14,myeloid leukocyte,myeloid leukocyte,single_batch
1155,P21_B002688_B009944_S381.mm10-plus-4-0,6,hepatocyte,hepatocyte,single_batch
1156,P21_D045313_B009942_S381.mm10-plus-4-0,1,mature NK T cell,mature NK T cell,single_batch
1157,P22_B000767_B009945_S382.mm10-plus-4-0,0,B cell,B cell,single_batch
1158,P22_B001247_B009941_S382.mm10-plus-4-0,6,hepatocyte,hepatocyte,single_batch
1159,P22_B002688_B009944_S382.mm10-plus-4-0,6,endothelial cell of hepatic sinusoid,hepatocyte,single_batch
1160,P2_B000767_B009945_S362.mm10-plus-4-0,0,B cell,B cell,single_batch
1161,P2_B002681_B009943_S362.mm10-plus-4-0,6,hepatocyte,hepatocyte,single_batch
1162,P2_B002688_B009944_S362.mm10-plus-4-0,6,hepatocyte,hepatocyte,single_batch
1163,P3_B000767_B009945_S363.mm10-plus-4-0,0,B cell,B cell,single_batch
1164,P3_B001247_B009941_S363.mm10-plus-4-0,12,Kupffer cell,Kupffer cell,single_batch
1165,P3_D045313_B009942_S363.mm10-plus-4-0,6,hepatocyte,hepatocyte,single_batch
1166,P4_B000767_B009945_S364.mm10-plus-4-0,1,T cell,mature NK T cell,single_batch
1167,P4_B001247_B009941_S364.mm10-plus-4-0,12,myeloid leukocyte,Kupffer cell,single_batch
1168,P4_B002681_B009943_S364.mm10-plus-4-0,0,B cell,B cell,single_batch
1169,P5_B000767_B009945_S365.mm10-plus-4-0,3,hepatocyte,"CD4-positive, alpha-beta T cell",single_batch
1170,P5_B001247_B009941_S365.mm10-plus-4-0,0,B cell,B cell,single_batch
1171,P5_B002688_B009944_S365.mm10-plus-4-0,6,hepatocyte,hepatocyte,single_batch
1172,P6_B001247_B009941_S366.mm10-plus-4-0,12,Kupffer cell,Kupffer cell,single_batch
1173,P6_B002681_B009943_S366.mm10-plus-4-0,6,hepatocyte,hepatocyte,single_batch
1174,P7_B001247_B009941_S367.mm10-plus-4-0,12,Kupffer cell,Kupffer cell,single_batch
1175,P8_B000767_B009945_S368.mm10-plus-4-0,0,B cell,B cell,single_batch
1176,P8_B001247_B009941_S368.mm10-plus-4-0,4,endothelial cell of hepatic sinusoid,endothelial cell of hepatic sinusoid,single_batch
1177,P8_B002688_B009944_S368.mm10-plus-4-0,6,hepatocyte,hepatocyte,single_batch
1178,P9_B001247_B009941_S369.mm10-plus-4-0,12,myeloid leukocyte,Kupffer cell,single_batch
1179,P9_D045313_B009942_S369.mm10-plus-4-0,6,hepatocyte,hepatocyte,single_batch
1180,A11_B008782_S203_L004.mus-1-0-1,7,hepatocyte,"CD8-positive, alpha-beta T cell",single_batch
1181,A12_B008782_S204_L004.mus-1-0-1,12,Kupffer cell,Kupffer cell,single_batch
1182,A13_B008781_S289_L004.mus-1-0-1,7,hepatocyte,"CD8-positive, alpha-beta T cell",single_batch
1183,A13_B008782_S205_L004.mus-1-0-1,13,Kupffer cell,Unmatched_13,single_batch
1184,A14_B008781_S290_L004.mus-1-0-1,7,hepatocyte,"CD8-positive, alpha-beta T cell",single_batch
1185,A14_B008782_S206_L004.mus-1-0-1,13,Kupffer cell,Unmatched_13,single_batch
1186,A15_B008781_S291_L004.mus-1-0-1,7,hepatocyte,"CD8-positive, alpha-beta T cell",single_batch
1187,A15_B008782_S207_L004.mus-1-0-1,13,Kupffer cell,Unmatched_13,single_batch
1188,A16_B008781_S292_L004.mus-1-0-1,7,hepatocyte,"CD8-positive, alpha-beta T cell",single_batch
1189,A16_B008782_S208_L004.mus-1-0-1,13,Kupffer cell,Unmatched_13,single_batch
1190,A17_B008781_S293_L004.mus-1-0-1,12,Kupffer cell,Kupffer cell,single_batch
1191,A17_B008782_S209_L004.mus-1-0-1,7,hepatocyte,"CD8-positive, alpha-beta T cell",single_batch
1192,A18_B008781_S294_L004.mus-1-0-1,6,hepatocyte,hepatocyte,single_batch
1193,A18_B008782_S210_L004.mus-1-0-1,6,hepatocyte,hepatocyte,single_batch
1194,A19_B008782_S211_L004.mus-1-0-1,14,Kupffer cell,myeloid leukocyte,single_batch
1195,A20_B008781_S296_L004.mus-1-0-1,7,hepatocyte,"CD8-positive, alpha-beta T cell",single_batch
1196,A20_B008782_S212_L004.mus-1-0-1,13,Kupffer cell,Unmatched_13,single_batch
1197,A21_B008781_S297_L004.mus-1-0-1,7,hepatocyte,"CD8-positive, alpha-beta T cell",single_batch
1198,A23_B008781_S299_L004.mus-1-0-1,7,hepatocyte,"CD8-positive, alpha-beta T cell",single_batch
1199,A24_B008781_S300_L004.mus-1-0-1,7,hepatocyte,"CD8-positive, alpha-beta T cell",single_batch
1200,A2_B008781_S278_L004.mus-1-0-1,6,hepatocyte,hepatocyte,single_batch
1201,B13_B008659_S97_L004.mus-1-0-1,7,hepatocyte,"CD8-positive, alpha-beta T cell",single_batch
1202,B13_B008781_S13_L004.mus-1-0-1,7,hepatocyte,"CD8-positive, alpha-beta T cell",single_batch
1203,B14_B008659_S98_L004.mus-1-0-1,6,hepatocyte,hepatocyte,single_batch
1204,B14_B008781_S14_L004.mus-1-0-1,6,hepatocyte,hepatocyte,single_batch
1205,B15_B008781_S15_L004.mus-1-0-1,12,Kupffer cell,Kupffer cell,single_batch
1206,B16_B008659_S100_L004.mus-1-0-1,7,hepatocyte,"CD8-positive, alpha-beta T cell",single_batch
1207,B16_B008781_S16_L004.mus-1-0-1,12,Kupffer cell,Kupffer cell,single_batch
1208,B18_B008659_S102_L004.mus-1-0-1,7,hepatocyte,"CD8-positive, alpha-beta T cell",single_batch
1209,B19_B008659_S103_L004.mus-1-0-1,6,hepatocyte,hepatocyte,single_batch
1210,B19_B008781_S19_L004.mus-1-0-1,7,hepatocyte,"CD8-positive, alpha-beta T cell",single_batch
1211,B20_B008659_S104_L004.mus-1-0-1,7,hepatocyte,"CD8-positive, alpha-beta T cell",single_batch
1212,B20_B008781_S20_L004.mus-1-0-1,7,hepatocyte,"CD8-positive, alpha-beta T cell",single_batch
1213,B22_B008659_S106_L004.mus-1-0-1,7,hepatocyte,"CD8-positive, alpha-beta T cell",single_batch
1214,B22_B008781_S22_L004.mus-1-0-1,7,hepatocyte,"CD8-positive, alpha-beta T cell",single_batch
1215,B7_B008782_S223_L004.mus-1-0-1,6,hepatocyte,hepatocyte,single_batch
1216,B8_B008782_S224_L004.mus-1-0-1,14,myeloid leukocyte,myeloid leukocyte,single_batch
1217,C10_B008781_S34_L004.mus-1-0-1,7,hepatocyte,"CD8-positive, alpha-beta T cell",single_batch
1218,C10_B008782_S250_L004.mus-1-0-1,13,Kupffer cell,Unmatched_13,single_batch
1219,C11_B008781_S35_L004.mus-1-0-1,7,hepatocyte,"CD8-positive, alpha-beta T cell",single_batch
1220,C11_B008782_S251_L004.mus-1-0-1,13,Kupffer cell,Unmatched_13,single_batch
1221,C12_B008781_S36_L004.mus-1-0-1,7,hepatocyte,"CD8-positive, alpha-beta T cell",single_batch
1222,C12_B008782_S252_L004.mus-1-0-1,13,Kupffer cell,Unmatched_13,single_batch
1223,C13_B008781_S37_L004.mus-1-0-1,7,hepatocyte,"CD8-positive, alpha-beta T cell",single_batch
1224,C14_B008781_S38_L004.mus-1-0-1,7,hepatocyte,"CD8-positive, alpha-beta T cell",single_batch
1225,C14_B008782_S254_L004.mus-1-0-1,7,hepatocyte,"CD8-positive, alpha-beta T cell",single_batch
1226,C15_B008782_S255_L004.mus-1-0-1,7,hepatocyte,"CD8-positive, alpha-beta T cell",single_batch
1227,C16_B008782_S256_L004.mus-1-0-1,7,hepatocyte,"CD8-positive, alpha-beta T cell",single_batch
1228,C17_B008781_S41_L004.mus-1-0-1,6,hepatocyte,hepatocyte,single_batch
1229,C17_B008782_S257_L004.mus-1-0-1,7,hepatocyte,"CD8-positive, alpha-beta T cell",single_batch
1230,C18_B008781_S42_L004.mus-1-0-1,7,hepatocyte,"CD8-positive, alpha-beta T cell",single_batch
1231,C18_B008782_S258_L004.mus-1-0-1,7,hepatocyte,"CD8-positive, alpha-beta T cell",single_batch
1232,C19_B008781_S43_L004.mus-1-0-1,6,hepatocyte,hepatocyte,single_batch
1233,C20_B008781_S44_L004.mus-1-0-1,7,hepatocyte,"CD8-positive, alpha-beta T cell",single_batch
1234,C7_B008782_S247_L004.mus-1-0-1,6,hepatocyte,hepatocyte,single_batch
1235,C8_B008782_S248_L004.mus-1-0-1,13,Kupffer cell,Unmatched_13,single_batch
1236,C9_B008781_S33_L004.mus-1-0-1,7,hepatocyte,"CD8-positive, alpha-beta T cell",single_batch
1237,C9_B008782_S249_L004.mus-1-0-1,13,Kupffer cell,Unmatched_13,single_batch
1238,D10_B008781_S58_L004.mus-1-0-1,7,hepatocyte,"CD8-positive, alpha-beta T cell",single_batch
1239,D11_B008659_S143_L004.mus-1-0-1,6,hepatocyte,hepatocyte,single_batch
1240,D12_B008659_S144_L004.mus-1-0-1,7,hepatocyte,"CD8-positive, alpha-beta T cell",single_batch
1241,D12_B008781_S60_L004.mus-1-0-1,6,hepatocyte,hepatocyte,single_batch
1242,D13_B008659_S145_L004.mus-1-0-1,6,hepatocyte,hepatocyte,single_batch
1243,D13_B008781_S61_L004.mus-1-0-1,7,hepatocyte,"CD8-positive, alpha-beta T cell",single_batch
1244,D14_B008659_S146_L004.mus-1-0-1,6,hepatocyte,hepatocyte,single_batch
1245,D14_B008781_S62_L004.mus-1-0-1,6,hepatocyte,hepatocyte,single_batch
1246,D15_B008781_S63_L004.mus-1-0-1,7,hepatocyte,"CD8-positive, alpha-beta T cell",single_batch
1247,D17_B008659_S149_L004.mus-1-0-1,6,hepatocyte,hepatocyte,single_batch
1248,D17_B008781_S65_L004.mus-1-0-1,7,hepatocyte,"CD8-positive, alpha-beta T cell",single_batch
1249,D18_B008659_S150_L004.mus-1-0-1,7,hepatocyte,"CD8-positive, alpha-beta T cell",single_batch
1250,D4_B008782_S268_L004.mus-1-0-1,6,hepatocyte,hepatocyte,single_batch
1251,D6_B008782_S270_L004.mus-1-0-1,6,hepatocyte,hepatocyte,single_batch
1252,D7_B008781_S55_L004.mus-1-0-1,6,hepatocyte,hepatocyte,single_batch
1253,D9_B008781_S57_L004.mus-1-0-1,7,hepatocyte,"CD8-positive, alpha-beta T cell",single_batch
1254,E10_B008781_S82_L004.mus-1-0-1,12,Kupffer cell,Kupffer cell,single_batch
1255,E11_B008781_S83_L004.mus-1-0-1,6,hepatocyte,hepatocyte,single_batch
1256,E11_B008782_S299_L004.mus-1-0-1,7,hepatocyte,"CD8-positive, alpha-beta T cell",single_batch
1257,E12_B008782_S300_L004.mus-1-0-1,7,hepatocyte,"CD8-positive, alpha-beta T cell",single_batch
1258,E13_B008781_S85_L004.mus-1-0-1,6,hepatocyte,hepatocyte,single_batch
1259,E13_B008782_S1_L004.mus-1-0-1,6,hepatocyte,hepatocyte,single_batch
1260,E14_B008782_S2_L004.mus-1-0-1,7,hepatocyte,"CD8-positive, alpha-beta T cell",single_batch
1261,E24_B008782_S12_L004.mus-1-0-1,6,hepatocyte,hepatocyte,single_batch
1262,E3_B008782_S291_L004.mus-1-0-1,13,Kupffer cell,Unmatched_13,single_batch
1263,E4_B008782_S292_L004.mus-1-0-1,13,Kupffer cell,Unmatched_13,single_batch
1264,E5_B008781_S77_L004.mus-1-0-1,7,hepatocyte,"CD8-positive, alpha-beta T cell",single_batch
1265,E5_B008782_S293_L004.mus-1-0-1,12,Kupffer cell,Kupffer cell,single_batch
1266,E6_B008782_S294_L004.mus-1-0-1,13,Kupffer cell,Unmatched_13,single_batch
1267,E7_B008781_S79_L004.mus-1-0-1,7,hepatocyte,"CD8-positive, alpha-beta T cell",single_batch
1268,E7_B008782_S295_L004.mus-1-0-1,6,hepatocyte,hepatocyte,single_batch
1269,E8_B008782_S296_L004.mus-1-0-1,2,NK cell,NK cell,single_batch
1270,E9_B008781_S81_L004.mus-1-0-1,7,hepatocyte,"CD8-positive, alpha-beta T cell",single_batch
1271,E9_B008782_S297_L004.mus-1-0-1,7,hepatocyte,"CD8-positive, alpha-beta T cell",single_batch
1272,F10_B008659_S190_L004.mus-1-0-1,6,hepatocyte,hepatocyte,single_batch
1273,F10_B008781_S106_L004.mus-1-0-1,6,hepatocyte,hepatocyte,single_batch
1274,F11_B008781_S107_L004.mus-1-0-1,7,hepatocyte,"CD8-positive, alpha-beta T cell",single_batch
1275,F12_B008659_S192_L004.mus-1-0-1,7,hepatocyte,"CD8-positive, alpha-beta T cell",single_batch
1276,F12_B008781_S108_L004.mus-1-0-1,6,hepatocyte,hepatocyte,single_batch
1277,F14_B008781_S110_L004.mus-1-0-1,6,hepatocyte,hepatocyte,single_batch
1278,F23_B008782_S35_L004.mus-1-0-1,14,Kupffer cell,myeloid leukocyte,single_batch
1279,F24_B008782_S36_L004.mus-1-0-1,13,Kupffer cell,Unmatched_13,single_batch
1280,F4_B008659_S184_L004.mus-1-0-1,7,hepatocyte,"CD8-positive, alpha-beta T cell",single_batch
1281,F5_B008659_S185_L004.mus-1-0-1,7,hepatocyte,"CD8-positive, alpha-beta T cell",single_batch
1282,F6_B008659_S186_L004.mus-1-0-1,7,hepatocyte,"CD8-positive, alpha-beta T cell",single_batch
1283,F7_B008659_S187_L004.mus-1-0-1,7,hepatocyte,"CD8-positive, alpha-beta T cell",single_batch
1284,F7_B008781_S103_L004.mus-1-0-1,7,hepatocyte,"CD8-positive, alpha-beta T cell",single_batch
1285,G11_B008781_S131_L004.mus-1-0-1,6,hepatocyte,hepatocyte,single_batch
1286,G1_B008781_S121_L004.mus-1-0-1,7,hepatocyte,"CD8-positive, alpha-beta T cell",single_batch
1287,G1_B008782_S37_L004.mus-1-0-1,13,Kupffer cell,Unmatched_13,single_batch
1288,G23_B008781_S143_L004.mus-1-0-1,6,hepatocyte,hepatocyte,single_batch
1289,G24_B008781_S144_L004.mus-1-0-1,7,hepatocyte,"CD8-positive, alpha-beta T cell",single_batch
1290,G2_B008781_S122_L004.mus-1-0-1,7,hepatocyte,"CD8-positive, alpha-beta T cell",single_batch
1291,G2_B008782_S38_L004.mus-1-0-1,13,Kupffer cell,Unmatched_13,single_batch
1292,G3_B008781_S123_L004.mus-1-0-1,7,hepatocyte,"CD8-positive, alpha-beta T cell",single_batch
1293,G3_B008782_S39_L004.mus-1-0-1,13,Kupffer cell,Unmatched_13,single_batch
1294,G4_B008781_S124_L004.mus-1-0-1,7,hepatocyte,"CD8-positive, alpha-beta T cell",single_batch
1295,G4_B008782_S40_L004.mus-1-0-1,13,Kupffer cell,Unmatched_13,single_batch
1296,G5_B008781_S125_L004.mus-1-0-1,6,hepatocyte,hepatocyte,single_batch
1297,G7_B008781_S127_L004.mus-1-0-1,7,hepatocyte,"CD8-positive, alpha-beta T cell",single_batch
1298,G8_B008781_S128_L004.mus-1-0-1,7,hepatocyte,"CD8-positive, alpha-beta T cell",single_batch
1299,G9_B008781_S129_L004.mus-1-0-1,7,hepatocyte,"CD8-positive, alpha-beta T cell",single_batch
1300,G9_B008782_S45_L004.mus-1-0-1,7,hepatocyte,"CD8-positive, alpha-beta T cell",single_batch
1301,H10_B008781_S154_L004.mus-1-0-1,6,hepatocyte,hepatocyte,single_batch
1302,H19_B008782_S79_L004.mus-1-0-1,14,Kupffer cell,myeloid leukocyte,single_batch
1303,H1_B008659_S229_L004.mus-1-0-1,7,hepatocyte,"CD8-positive, alpha-beta T cell",single_batch
1304,H20_B008782_S80_L004.mus-1-0-1,14,Kupffer cell,myeloid leukocyte,single_batch
1305,H21_B008781_S165_L004.mus-1-0-1,6,hepatocyte,hepatocyte,single_batch
1306,H22_B008782_S82_L004.mus-1-0-1,6,hepatocyte,hepatocyte,single_batch
1307,H23_B008782_S83_L004.mus-1-0-1,13,Kupffer cell,Unmatched_13,single_batch
1308,H24_B008781_S168_L004.mus-1-0-1,6,hepatocyte,hepatocyte,single_batch
1309,H24_B008782_S84_L004.mus-1-0-1,14,Kupffer cell,myeloid leukocyte,single_batch
1310,H2_B008659_S230_L004.mus-1-0-1,7,hepatocyte,"CD8-positive, alpha-beta T cell",single_batch
1311,H2_B008781_S146_L004.mus-1-0-1,7,hepatocyte,"CD8-positive, alpha-beta T cell",single_batch
1312,H3_B008659_S231_L004.mus-1-0-1,7,hepatocyte,"CD8-positive, alpha-beta T cell",single_batch
1313,H5_B008781_S149_L004.mus-1-0-1,6,hepatocyte,hepatocyte,single_batch
1314,H6_B008659_S234_L004.mus-1-0-1,6,hepatocyte,hepatocyte,single_batch
1315,H7_B008659_S235_L004.mus-1-0-1,6,hepatocyte,hepatocyte,single_batch
1316,H7_B008781_S151_L004.mus-1-0-1,7,hepatocyte,"CD8-positive, alpha-beta T cell",single_batch
1317,H9_B008659_S237_L004.mus-1-0-1,7,hepatocyte,"CD8-positive, alpha-beta T cell",single_batch
1318,I1_B008781_S169_L004.mus-1-0-1,7,hepatocyte,"CD8-positive, alpha-beta T cell",single_batch
1319,I1_B008782_S85_L004.mus-1-0-1,14,Kupffer cell,myeloid leukocyte,single_batch
1320,I20_B008781_S188_L004.mus-1-0-1,7,hepatocyte,"CD8-positive, alpha-beta T cell",single_batch
1321,I21_B008781_S189_L004.mus-1-0-1,7,hepatocyte,"CD8-positive, alpha-beta T cell",single_batch
1322,I22_B008781_S190_L004.mus-1-0-1,7,hepatocyte,"CD8-positive, alpha-beta T cell",single_batch
1323,I23_B008781_S191_L004.mus-1-0-1,7,hepatocyte,"CD8-positive, alpha-beta T cell",single_batch
1324,I24_B008659_S276_L004.mus-1-0-1,7,hepatocyte,"CD8-positive, alpha-beta T cell",single_batch
1325,I24_B008781_S192_L004.mus-1-0-1,7,hepatocyte,"CD8-positive, alpha-beta T cell",single_batch
1326,I2_B008782_S86_L004.mus-1-0-1,7,hepatocyte,"CD8-positive, alpha-beta T cell",single_batch
1327,I3_B008781_S171_L004.mus-1-0-1,7,hepatocyte,"CD8-positive, alpha-beta T cell",single_batch
1328,I3_B008782_S87_L004.mus-1-0-1,6,hepatocyte,hepatocyte,single_batch
1329,I4_B008782_S88_L004.mus-1-0-1,7,hepatocyte,"CD8-positive, alpha-beta T cell",single_batch
1330,I5_B008782_S89_L004.mus-1-0-1,7,hepatocyte,"CD8-positive, alpha-beta T cell",single_batch
1331,I6_B008782_S90_L004.mus-1-0-1,7,hepatocyte,"CD8-positive, alpha-beta T cell",single_batch
1332,I8_B008781_S176_L004.mus-1-0-1,7,hepatocyte,"CD8-positive, alpha-beta T cell",single_batch
1333,J15_B008782_S123_L004.mus-1-0-1,13,Kupffer cell,Unmatched_13,single_batch
1334,J16_B008782_S124_L004.mus-1-0-1,13,Kupffer cell,Unmatched_13,single_batch
1335,J17_B008781_S209_L004.mus-1-0-1,7,hepatocyte,"CD8-positive, alpha-beta T cell",single_batch
1336,J17_B008782_S125_L004.mus-1-0-1,13,Kupffer cell,Unmatched_13,single_batch
1337,J18_B008781_S210_L004.mus-1-0-1,7,hepatocyte,"CD8-positive, alpha-beta T cell",single_batch
1338,J18_B008782_S126_L004.mus-1-0-1,14,Kupffer cell,myeloid leukocyte,single_batch
1339,J19_B008781_S211_L004.mus-1-0-1,7,hepatocyte,"CD8-positive, alpha-beta T cell",single_batch
1340,J19_B008782_S127_L004.mus-1-0-1,14,Kupffer cell,myeloid leukocyte,single_batch
1341,J20_B008782_S128_L004.mus-1-0-1,13,Kupffer cell,Unmatched_13,single_batch
1342,J21_B008781_S213_L004.mus-1-0-1,7,hepatocyte,"CD8-positive, alpha-beta T cell",single_batch
1343,J22_B008781_S214_L004.mus-1-0-1,7,hepatocyte,"CD8-positive, alpha-beta T cell",single_batch
1344,J22_B008782_S130_L004.mus-1-0-1,6,hepatocyte,hepatocyte,single_batch
1345,J23_B008781_S215_L004.mus-1-0-1,6,hepatocyte,hepatocyte,single_batch
1346,J23_B008782_S131_L004.mus-1-0-1,6,hepatocyte,hepatocyte,single_batch
1347,J24_B008782_S132_L004.mus-1-0-1,6,hepatocyte,hepatocyte,single_batch
1348,J2_B008781_S194_L004.mus-1-0-1,6,hepatocyte,hepatocyte,single_batch
1349,J3_B008781_S195_L004.mus-1-0-1,7,hepatocyte,"CD8-positive, alpha-beta T cell",single_batch
1350,J4_B008781_S196_L004.mus-1-0-1,7,hepatocyte,"CD8-positive, alpha-beta T cell",single_batch
1351,J5_B008659_S281_L004.mus-1-0-1,6,hepatocyte,hepatocyte,single_batch
1352,J5_B008781_S197_L004.mus-1-0-1,6,hepatocyte,hepatocyte,single_batch
1353,J6_B008659_S282_L004.mus-1-0-1,7,hepatocyte,"CD8-positive, alpha-beta T cell",single_batch
1354,J6_B008781_S198_L004.mus-1-0-1,6,hepatocyte,hepatocyte,single_batch
1355,K15_B008781_S231_L004.mus-1-0-1,6,hepatocyte,hepatocyte,single_batch
1356,K16_B008659_S16_L004.mus-1-0-1,7,hepatocyte,"CD8-positive, alpha-beta T cell",single_batch
1357,K16_B008781_S232_L004.mus-1-0-1,6,hepatocyte,hepatocyte,single_batch
1358,K17_B008659_S17_L004.mus-1-0-1,7,hepatocyte,"CD8-positive, alpha-beta T cell",single_batch
1359,K18_B008659_S18_L004.mus-1-0-1,7,hepatocyte,"CD8-positive, alpha-beta T cell",single_batch
1360,K18_B008781_S234_L004.mus-1-0-1,7,hepatocyte,"CD8-positive, alpha-beta T cell",single_batch
1361,K19_B008659_S19_L004.mus-1-0-1,7,hepatocyte,"CD8-positive, alpha-beta T cell",single_batch
1362,K19_B008781_S235_L004.mus-1-0-1,7,hepatocyte,"CD8-positive, alpha-beta T cell",single_batch
1363,K1_B008781_S217_L004.mus-1-0-1,7,hepatocyte,"CD8-positive, alpha-beta T cell",single_batch
1364,K20_B008659_S20_L004.mus-1-0-1,6,endothelial cell of hepatic sinusoid,hepatocyte,single_batch
1365,K20_B008781_S236_L004.mus-1-0-1,7,hepatocyte,"CD8-positive, alpha-beta T cell",single_batch
1366,K21_B008659_S21_L004.mus-1-0-1,6,hepatocyte,hepatocyte,single_batch
1367,K21_B008781_S237_L004.mus-1-0-1,7,hepatocyte,"CD8-positive, alpha-beta T cell",single_batch
1368,K22_B008781_S238_L004.mus-1-0-1,7,hepatocyte,"CD8-positive, alpha-beta T cell",single_batch
1369,K23_B008781_S239_L004.mus-1-0-1,6,hepatocyte,hepatocyte,single_batch
1370,K24_B008781_S240_L004.mus-1-0-1,6,hepatocyte,hepatocyte,single_batch
1371,K2_B008782_S134_L004.mus-1-0-1,6,hepatocyte,hepatocyte,single_batch
1372,K4_B008781_S220_L004.mus-1-0-1,6,hepatocyte,hepatocyte,single_batch
1373,L11_B008782_S167_L004.mus-1-0-1,13,Kupffer cell,Unmatched_13,single_batch
1374,L12_B008782_S168_L004.mus-1-0-1,6,hepatocyte,hepatocyte,single_batch
1375,L14_B008781_S254_L004.mus-1-0-1,7,hepatocyte,"CD8-positive, alpha-beta T cell",single_batch
1376,L14_B008782_S170_L004.mus-1-0-1,14,Kupffer cell,myeloid leukocyte,single_batch
1377,L15_B008781_S255_L004.mus-1-0-1,6,hepatocyte,hepatocyte,single_batch
1378,L15_B008782_S171_L004.mus-1-0-1,14,Kupffer cell,myeloid leukocyte,single_batch
1379,L16_B008781_S256_L004.mus-1-0-1,7,hepatocyte,"CD8-positive, alpha-beta T cell",single_batch
1380,L16_B008782_S172_L004.mus-1-0-1,13,Kupffer cell,Unmatched_13,single_batch
1381,L17_B008781_S257_L004.mus-1-0-1,7,hepatocyte,"CD8-positive, alpha-beta T cell",single_batch
1382,L17_B008782_S173_L004.mus-1-0-1,6,hepatocyte,hepatocyte,single_batch
1383,L18_B008782_S174_L004.mus-1-0-1,6,hepatocyte,hepatocyte,single_batch
1384,L19_B008781_S259_L004.mus-1-0-1,7,hepatocyte,"CD8-positive, alpha-beta T cell",single_batch
1385,L19_B008782_S175_L004.mus-1-0-1,6,hepatocyte,hepatocyte,single_batch
1386,L1_B008659_S25_L004.mus-1-0-1,6,hepatocyte,hepatocyte,single_batch
1387,L1_B008781_S241_L004.mus-1-0-1,7,hepatocyte,"CD8-positive, alpha-beta T cell",single_batch
1388,L20_B008781_S260_L004.mus-1-0-1,7,hepatocyte,"CD8-positive, alpha-beta T cell",single_batch
1389,L21_B008781_S261_L004.mus-1-0-1,7,hepatocyte,"CD8-positive, alpha-beta T cell",single_batch
1390,L22_B008781_S262_L004.mus-1-0-1,7,hepatocyte,"CD8-positive, alpha-beta T cell",single_batch
1391,L23_B008781_S263_L004.mus-1-0-1,7,hepatocyte,"CD8-positive, alpha-beta T cell",single_batch
1392,L23_B008782_S179_L004.mus-1-0-1,12,Kupffer cell,Kupffer cell,single_batch
1393,L2_B008659_S26_L004.mus-1-0-1,7,hepatocyte,"CD8-positive, alpha-beta T cell",single_batch
1394,M10_B008782_S190_L004.mus-1-0-1,6,hepatocyte,hepatocyte,single_batch
1395,M11_B008781_S275_L004.mus-1-0-1,12,Kupffer cell,Kupffer cell,single_batch
1396,M12_B008781_S276_L004.mus-1-0-1,7,hepatocyte,"CD8-positive, alpha-beta T cell",single_batch
1397,M13_B008781_S277_L004.mus-1-0-1,7,hepatocyte,"CD8-positive, alpha-beta T cell",single_batch
1398,M14_B008781_S278_L004.mus-1-0-1,7,hepatocyte,"CD8-positive, alpha-beta T cell",single_batch
1399,M15_B008781_S279_L004.mus-1-0-1,6,hepatocyte,hepatocyte,single_batch
1400,M16_B008781_S280_L004.mus-1-0-1,7,hepatocyte,"CD8-positive, alpha-beta T cell",single_batch
1401,M17_B008781_S281_L004.mus-1-0-1,7,hepatocyte,"CD8-positive, alpha-beta T cell",single_batch
1402,M18_B008781_S282_L004.mus-1-0-1,7,hepatocyte,"CD8-positive, alpha-beta T cell",single_batch
1403,M1_B008782_S181_L004.mus-1-0-1,14,Kupffer cell,myeloid leukocyte,single_batch
1404,M22_B008781_S286_L004.mus-1-0-1,7,hepatocyte,"CD8-positive, alpha-beta T cell",single_batch
1405,N10_B008782_S214_L004.mus-1-0-1,14,Kupffer cell,myeloid leukocyte,single_batch
1406,N11_B008782_S215_L004.mus-1-0-1,13,Kupffer cell,Unmatched_13,single_batch
1407,N12_B008782_S216_L004.mus-1-0-1,13,Kupffer cell,Unmatched_13,single_batch
1408,N16_B008782_S220_L004.mus-1-0-1,7,hepatocyte,"CD8-positive, alpha-beta T cell",single_batch
1409,N17_B008782_S221_L004.mus-1-0-1,7,hepatocyte,"CD8-positive, alpha-beta T cell",single_batch
1410,N19_B008781_S7_L004.mus-1-0-1,7,hepatocyte,"CD8-positive, alpha-beta T cell",single_batch
1411,N19_B008782_S223_L004.mus-1-0-1,12,Kupffer cell,Kupffer cell,single_batch
1412,N20_B008781_S8_L004.mus-1-0-1,7,hepatocyte,"CD8-positive, alpha-beta T cell",single_batch
1413,N20_B008782_S224_L004.mus-1-0-1,14,Kupffer cell,myeloid leukocyte,single_batch
1414,N21_B008781_S9_L004.mus-1-0-1,7,hepatocyte,"CD8-positive, alpha-beta T cell",single_batch
1415,N22_B008781_S10_L004.mus-1-0-1,7,hepatocyte,"CD8-positive, alpha-beta T cell",single_batch
1416,N22_B008782_S226_L004.mus-1-0-1,6,hepatocyte,hepatocyte,single_batch
1417,N23_B008781_S11_L004.mus-1-0-1,7,hepatocyte,"CD8-positive, alpha-beta T cell",single_batch
1418,N23_B008782_S227_L004.mus-1-0-1,14,Kupffer cell,myeloid leukocyte,single_batch
1419,N24_B008781_S12_L004.mus-1-0-1,7,hepatocyte,"CD8-positive, alpha-beta T cell",single_batch
1420,N24_B008782_S228_L004.mus-1-0-1,12,Kupffer cell,Kupffer cell,single_batch
1421,N7_B008782_S211_L004.mus-1-0-1,13,Kupffer cell,Unmatched_13,single_batch
1422,N8_B008782_S212_L004.mus-1-0-1,13,Kupffer cell,Unmatched_13,single_batch
1423,N9_B008782_S213_L004.mus-1-0-1,14,Kupffer cell,myeloid leukocyte,single_batch
1424,O17_B008782_S245_L004.mus-1-0-1,7,hepatocyte,"CD8-positive, alpha-beta T cell",single_batch
1425,O18_B008782_S246_L004.mus-1-0-1,12,Kupffer cell,Kupffer cell,single_batch
1426,O20_B008782_S248_L004.mus-1-0-1,7,hepatocyte,"CD8-positive, alpha-beta T cell",single_batch
1427,O21_B008782_S249_L004.mus-1-0-1,7,hepatocyte,"CD8-positive, alpha-beta T cell",single_batch
1428,O22_B008782_S250_L004.mus-1-0-1,7,hepatocyte,"CD8-positive, alpha-beta T cell",single_batch
1429,O24_B008782_S252_L004.mus-1-0-1,7,hepatocyte,"CD8-positive, alpha-beta T cell",single_batch
1430,O3_B008781_S15_L004.mus-1-0-1,6,hepatocyte,hepatocyte,single_batch
1431,O5_B008781_S17_L004.mus-1-0-1,7,hepatocyte,"CD8-positive, alpha-beta T cell",single_batch
1432,O5_B008782_S233_L004.mus-1-0-1,6,hepatocyte,hepatocyte,single_batch
1433,O6_B008782_S234_L004.mus-1-0-1,6,hepatocyte,hepatocyte,single_batch
1434,P15_B008781_S51_L004.mus-1-0-1,7,hepatocyte,"CD8-positive, alpha-beta T cell",single_batch
1435,P15_B008782_S267_L004.mus-1-0-1,6,hepatocyte,hepatocyte,single_batch
1436,P16_B008782_S268_L004.mus-1-0-1,12,Kupffer cell,Kupffer cell,single_batch
1437,P17_B008781_S53_L004.mus-1-0-1,7,hepatocyte,"CD8-positive, alpha-beta T cell",single_batch
1438,P17_B008782_S269_L004.mus-1-0-1,7,hepatocyte,"CD8-positive, alpha-beta T cell",single_batch
1439,P18_B008781_S54_L004.mus-1-0-1,6,hepatocyte,hepatocyte,single_batch
1440,P18_B008782_S270_L004.mus-1-0-1,7,hepatocyte,"CD8-positive, alpha-beta T cell",single_batch
1441,P19_B008781_S55_L004.mus-1-0-1,6,hepatocyte,hepatocyte,single_batch
1442,P19_B008782_S271_L004.mus-1-0-1,7,hepatocyte,"CD8-positive, alpha-beta T cell",single_batch
1443,P20_B008781_S56_L004.mus-1-0-1,7,hepatocyte,"CD8-positive, alpha-beta T cell",single_batch
1444,P20_B008782_S272_L004.mus-1-0-1,7,hepatocyte,"CD8-positive, alpha-beta T cell",single_batch
1445,P21_B008782_S273_L004.mus-1-0-1,7,hepatocyte,"CD8-positive, alpha-beta T cell",single_batch
1446,P22_B008781_S58_L004.mus-1-0-1,6,hepatocyte,hepatocyte,single_batch
1447,P22_B008782_S274_L004.mus-1-0-1,6,hepatocyte,hepatocyte,single_batch
1448,P23_B008781_S59_L004.mus-1-0-1,7,hepatocyte,"CD8-positive, alpha-beta T cell",single_batch
1449,P23_B008782_S275_L004.mus-1-0-1,7,hepatocyte,"CD8-positive, alpha-beta T cell",single_batch
1450,P24_B008781_S60_L004.mus-1-0-1,6,hepatocyte,hepatocyte,single_batch
1451,P24_B008782_S276_L004.mus-1-0-1,6,hepatocyte,hepatocyte,single_batch
1452,P2_B008782_S254_L004.mus-1-0-1,7,hepatocyte,"CD8-positive, alpha-beta T cell",single_batch
1453,A10_B001243_S214_L002.mus-2-0-1,6,hepatocyte,hepatocyte,single_batch
1454,A10_B003902_S130_L002.mus-2-0-1,1,mature NK T cell,mature NK T cell,single_batch
1455,A11_B003902_S131_L002.mus-2-0-1,6,hepatocyte,hepatocyte,single_batch
1456,A12_B001386_S252_L003.mus-2-0-1,1,T cell,mature NK T cell,single_batch
1457,A12_B003902_S132_L002.mus-2-0-1,6,hepatocyte,hepatocyte,single_batch
1458,A13_B001386_S253_L003.mus-2-0-1,6,hepatocyte,hepatocyte,single_batch
1459,A13_B003902_S133_L002.mus-2-0-1,9,myeloid leukocyte,Unmatched_9,single_batch
1460,A14_B001243_S218_L002.mus-2-0-1,4,endothelial cell of hepatic sinusoid,endothelial cell of hepatic sinusoid,single_batch
1461,A14_B001386_S254_L003.mus-2-0-1,1,mature NK T cell,mature NK T cell,single_batch
1462,A14_B003902_S134_L002.mus-2-0-1,0,B cell,B cell,single_batch
1463,A15_B003902_S135_L002.mus-2-0-1,1,"CD8-positive, alpha-beta T cell",mature NK T cell,single_batch
1464,A16_B003902_S136_L002.mus-2-0-1,6,hepatocyte,hepatocyte,single_batch
1465,A17_B003902_S137_L002.mus-2-0-1,1,mature NK T cell,mature NK T cell,single_batch
1466,A18_B001386_S258_L003.mus-2-0-1,0,B cell,B cell,single_batch
1467,A18_B003902_S138_L002.mus-2-0-1,6,hepatocyte,hepatocyte,single_batch
1468,A1_B001386_S241_L003.mus-2-0-1,0,B cell,B cell,single_batch
1469,A20_B003902_S140_L002.mus-2-0-1,1,"CD4-positive, alpha-beta T cell",mature NK T cell,single_batch
1470,A21_B001243_S225_L002.mus-2-0-1,9,myeloid leukocyte,Unmatched_9,single_batch
1471,A21_B001386_S261_L003.mus-2-0-1,10,myeloid leukocyte,Unmatched_10,single_batch
1472,A22_B001243_S226_L002.mus-2-0-1,0,B cell,B cell,single_batch
1473,A22_B003902_S142_L002.mus-2-0-1,12,Kupffer cell,Kupffer cell,single_batch
1474,A2_B001386_S242_L003.mus-2-0-1,0,B cell,B cell,single_batch
1475,A2_B003902_S122_L002.mus-2-0-1,14,myeloid leukocyte,myeloid leukocyte,single_batch
1476,A4_B001386_S244_L003.mus-2-0-1,4,endothelial cell of hepatic sinusoid,endothelial cell of hepatic sinusoid,single_batch
1477,A4_B003902_S124_L002.mus-2-0-1,1,mature NK T cell,mature NK T cell,single_batch
1478,A7_B001243_S211_L002.mus-2-0-1,10,myeloid leukocyte,Unmatched_10,single_batch
1479,A9_B001243_S213_L002.mus-2-0-1,10,myeloid leukocyte,Unmatched_10,single_batch
1480,B10_B001243_S238_L002.mus-2-0-1,14,Kupffer cell,myeloid leukocyte,single_batch
1481,B10_B001386_S274_L003.mus-2-0-1,6,hepatocyte,hepatocyte,single_batch
1482,B11_B001243_S239_L002.mus-2-0-1,9,myeloid leukocyte,Unmatched_9,single_batch
1483,B11_B003902_S155_L002.mus-2-0-1,6,hepatocyte,hepatocyte,single_batch
1484,B12_B001243_S240_L002.mus-2-0-1,6,hepatocyte,hepatocyte,single_batch
1485,B12_B001386_S276_L003.mus-2-0-1,1,mature NK T cell,mature NK T cell,single_batch
1486,B13_B001243_S241_L002.mus-2-0-1,2,NK cell,NK cell,single_batch
1487,B13_B003902_S157_L002.mus-2-0-1,0,B cell,B cell,single_batch
1488,B15_B001243_S243_L002.mus-2-0-1,14,myeloid leukocyte,myeloid leukocyte,single_batch
1489,B15_B001386_S279_L003.mus-2-0-1,2,NK cell,NK cell,single_batch
1490,B15_B003902_S159_L002.mus-2-0-1,1,"CD4-positive, alpha-beta T cell",mature NK T cell,single_batch
1491,B16_B003902_S160_L002.mus-2-0-1,14,myeloid leukocyte,myeloid leukocyte,single_batch
1492,B17_B003902_S161_L002.mus-2-0-1,1,"CD8-positive, alpha-beta T cell",mature NK T cell,single_batch
1493,B18_B001386_S282_L003.mus-2-0-1,4,endothelial cell of hepatic sinusoid,endothelial cell of hepatic sinusoid,single_batch
1494,B18_B003902_S162_L002.mus-2-0-1,0,B cell,B cell,single_batch
1495,B19_B003902_S163_L002.mus-2-0-1,1,T cell,mature NK T cell,single_batch
1496,B1_B001386_S265_L003.mus-2-0-1,12,Kupffer cell,Kupffer cell,single_batch
1497,B20_B001243_S248_L002.mus-2-0-1,6,hepatocyte,hepatocyte,single_batch
1498,B20_B003902_S164_L002.mus-2-0-1,6,hepatocyte,hepatocyte,single_batch
1499,B21_B001386_S285_L003.mus-2-0-1,12,Kupffer cell,Kupffer cell,single_batch
1500,B21_B003902_S165_L002.mus-2-0-1,4,hepatocyte,endothelial cell of hepatic sinusoid,single_batch
1501,B22_B001243_S250_L002.mus-2-0-1,6,hepatocyte,hepatocyte,single_batch
1502,B22_B001386_S286_L003.mus-2-0-1,1,"CD4-positive, alpha-beta T cell",mature NK T cell,single_batch
1503,B22_B003902_S166_L002.mus-2-0-1,6,hepatocyte,hepatocyte,single_batch
1504,B4_B001386_S268_L003.mus-2-0-1,6,hepatocyte,hepatocyte,single_batch
1505,B4_B003902_S148_L002.mus-2-0-1,1,mature NK T cell,mature NK T cell,single_batch
1506,B5_B003902_S149_L002.mus-2-0-1,1,"CD4-positive, alpha-beta T cell",mature NK T cell,single_batch
1507,B6_B001243_S234_L002.mus-2-0-1,10,myeloid leukocyte,Unmatched_10,single_batch
1508,B6_B003902_S150_L002.mus-2-0-1,0,B cell,B cell,single_batch
1509,B8_B001243_S236_L002.mus-2-0-1,14,myeloid leukocyte,myeloid leukocyte,single_batch
1510,B9_B001243_S237_L002.mus-2-0-1,9,myeloid leukocyte,Unmatched_9,single_batch
1511,B9_B001386_S273_L003.mus-2-0-1,4,endothelial cell of hepatic sinusoid,endothelial cell of hepatic sinusoid,single_batch
1512,B9_B003902_S153_L002.mus-2-0-1,12,Kupffer cell,Kupffer cell,single_batch
1513,C10_B001243_S262_L002.mus-2-0-1,9,myeloid leukocyte,Unmatched_9,single_batch
1514,C10_B001386_S298_L003.mus-2-0-1,6,hepatocyte,hepatocyte,single_batch
1515,C10_B003902_S178_L002.mus-2-0-1,1,mature NK T cell,mature NK T cell,single_batch
1516,C11_B003902_S179_L002.mus-2-0-1,1,"CD4-positive, alpha-beta T cell",mature NK T cell,single_batch
1517,C13_B001243_S265_L002.mus-2-0-1,2,NK cell,NK cell,single_batch
1518,C14_B001386_S2_L003.mus-2-0-1,6,hepatocyte,hepatocyte,single_batch
1519,C14_B003902_S182_L002.mus-2-0-1,6,hepatocyte,hepatocyte,single_batch
1520,C15_B001386_S3_L003.mus-2-0-1,0,B cell,B cell,single_batch
1521,C15_B003902_S183_L002.mus-2-0-1,1,T cell,mature NK T cell,single_batch
1522,C16_B003902_S184_L002.mus-2-0-1,1,T cell,mature NK T cell,single_batch
1523,C17_B003902_S185_L002.mus-2-0-1,0,B cell,B cell,single_batch
1524,C18_B001386_S6_L003.mus-2-0-1,2,NK cell,NK cell,single_batch
1525,C18_B003902_S186_L002.mus-2-0-1,1,"CD8-positive, alpha-beta T cell",mature NK T cell,single_batch
1526,C19_B001243_S271_L002.mus-2-0-1,6,hepatocyte,hepatocyte,single_batch
1527,C1_B001386_S289_L003.mus-2-0-1,6,endothelial cell of hepatic sinusoid,hepatocyte,single_batch
1528,C21_B001243_S273_L002.mus-2-0-1,4,endothelial cell of hepatic sinusoid,endothelial cell of hepatic sinusoid,single_batch
1529,C21_B001386_S9_L003.mus-2-0-1,1,mature NK T cell,mature NK T cell,single_batch
1530,C22_B001243_S274_L002.mus-2-0-1,6,hepatocyte,hepatocyte,single_batch
1531,C22_B003902_S190_L002.mus-2-0-1,1,"CD8-positive, alpha-beta T cell",mature NK T cell,single_batch
1532,C2_B001386_S290_L003.mus-2-0-1,8,myeloid leukocyte,T cell,single_batch
1533,C3_B001386_S291_L003.mus-2-0-1,6,hepatocyte,hepatocyte,single_batch
1534,C5_B001386_S293_L003.mus-2-0-1,6,hepatocyte,hepatocyte,single_batch
1535,C5_B003902_S173_L002.mus-2-0-1,6,Kupffer cell,hepatocyte,single_batch
1536,C6_B001243_S258_L002.mus-2-0-1,10,myeloid leukocyte,Unmatched_10,single_batch
1537,C6_B003902_S174_L002.mus-2-0-1,1,hepatocyte,mature NK T cell,single_batch
1538,C7_B001386_S295_L003.mus-2-0-1,6,hepatocyte,hepatocyte,single_batch
1539,C7_B003902_S175_L002.mus-2-0-1,6,hepatocyte,hepatocyte,single_batch
1540,C8_B001243_S260_L002.mus-2-0-1,12,Kupffer cell,Kupffer cell,single_batch
1541,C9_B001243_S261_L002.mus-2-0-1,11,myeloid leukocyte,Unmatched_11,single_batch
1542,D10_B001243_S286_L002.mus-2-0-1,14,myeloid leukocyte,myeloid leukocyte,single_batch
1543,D10_B001386_S22_L003.mus-2-0-1,1,T cell,mature NK T cell,single_batch
1544,D11_B003902_S203_L002.mus-2-0-1,14,myeloid leukocyte,myeloid leukocyte,single_batch
1545,D12_B001386_S24_L003.mus-2-0-1,6,hepatocyte,hepatocyte,single_batch
1546,D13_B001243_S289_L002.mus-2-0-1,14,myeloid leukocyte,myeloid leukocyte,single_batch
1547,D14_B001243_S290_L002.mus-2-0-1,10,myeloid leukocyte,Unmatched_10,single_batch
1548,D14_B003902_S206_L002.mus-2-0-1,6,hepatocyte,hepatocyte,single_batch
1549,D15_B003902_S207_L002.mus-2-0-1,6,hepatocyte,hepatocyte,single_batch
1550,D16_B001386_S28_L003.mus-2-0-1,1,mature NK T cell,mature NK T cell,single_batch
1551,D16_B003902_S208_L002.mus-2-0-1,0,B cell,B cell,single_batch
1552,D17_B001386_S29_L003.mus-2-0-1,1,mature NK T cell,mature NK T cell,single_batch
1553,D18_B003902_S210_L002.mus-2-0-1,12,Kupffer cell,Kupffer cell,single_batch
1554,D19_B001386_S31_L003.mus-2-0-1,6,hepatocyte,hepatocyte,single_batch
1555,D19_B003902_S211_L002.mus-2-0-1,6,hepatocyte,hepatocyte,single_batch
1556,D1_B003902_S193_L002.mus-2-0-1,1,"CD8-positive, alpha-beta T cell",mature NK T cell,single_batch
1557,D20_B001386_S32_L003.mus-2-0-1,2,NK cell,NK cell,single_batch
1558,D20_B003902_S212_L002.mus-2-0-1,14,myeloid leukocyte,myeloid leukocyte,single_batch
1559,D22_B001386_S34_L003.mus-2-0-1,1,T cell,mature NK T cell,single_batch
1560,D22_B003902_S214_L002.mus-2-0-1,6,hepatocyte,hepatocyte,single_batch
1561,D2_B001386_S14_L003.mus-2-0-1,6,hepatocyte,hepatocyte,single_batch
1562,D2_B003902_S194_L002.mus-2-0-1,1,"CD8-positive, alpha-beta T cell",mature NK T cell,single_batch
1563,D3_B001386_S15_L003.mus-2-0-1,6,hepatocyte,hepatocyte,single_batch
1564,D3_B003902_S195_L002.mus-2-0-1,1,"CD8-positive, alpha-beta T cell",mature NK T cell,single_batch
1565,D4_B001386_S16_L003.mus-2-0-1,1,mature NK T cell,mature NK T cell,single_batch
1566,D5_B001386_S17_L003.mus-2-0-1,12,Kupffer cell,Kupffer cell,single_batch
1567,D5_B003902_S197_L002.mus-2-0-1,1,mature NK T cell,mature NK T cell,single_batch
1568,D6_B001243_S282_L002.mus-2-0-1,14,myeloid leukocyte,myeloid leukocyte,single_batch
1569,D6_B001386_S18_L003.mus-2-0-1,6,hepatocyte,hepatocyte,single_batch
1570,D6_B003902_S198_L002.mus-2-0-1,0,B cell,B cell,single_batch
1571,D7_B003902_S199_L002.mus-2-0-1,6,hepatocyte,hepatocyte,single_batch
1572,D8_B001243_S284_L002.mus-2-0-1,9,myeloid leukocyte,Unmatched_9,single_batch
1573,D9_B001243_S285_L002.mus-2-0-1,11,myeloid leukocyte,Unmatched_11,single_batch
1574,E10_B001243_S10_L002.mus-2-0-1,11,myeloid leukocyte,Unmatched_11,single_batch
1575,E10_B003902_S226_L002.mus-2-0-1,0,B cell,B cell,single_batch
1576,E11_B001386_S47_L003.mus-2-0-1,6,hepatocyte,hepatocyte,single_batch
1577,E11_B003902_S227_L002.mus-2-0-1,10,myeloid leukocyte,Unmatched_10,single_batch
1578,E12_B003902_S228_L002.mus-2-0-1,6,hepatocyte,hepatocyte,single_batch
1579,E13_B001243_S13_L002.mus-2-0-1,12,Kupffer cell,Kupffer cell,single_batch
1580,E13_B003902_S229_L002.mus-2-0-1,6,hepatocyte,hepatocyte,single_batch
1581,E14_B001243_S14_L002.mus-2-0-1,12,Kupffer cell,Kupffer cell,single_batch
1582,E15_B001243_S15_L002.mus-2-0-1,2,NK cell,NK cell,single_batch
1583,E15_B003902_S231_L002.mus-2-0-1,0,B cell,B cell,single_batch
1584,E16_B001386_S52_L003.mus-2-0-1,14,myeloid leukocyte,myeloid leukocyte,single_batch
1585,E16_B003902_S232_L002.mus-2-0-1,6,hepatocyte,hepatocyte,single_batch
1586,E17_B003902_S233_L002.mus-2-0-1,6,myeloid leukocyte,hepatocyte,single_batch
1587,E18_B001386_S54_L003.mus-2-0-1,6,hepatocyte,hepatocyte,single_batch
1588,E18_B003902_S234_L002.mus-2-0-1,6,hepatocyte,hepatocyte,single_batch
1589,E19_B001386_S55_L003.mus-2-0-1,1,mature NK T cell,mature NK T cell,single_batch
1590,E19_B003902_S235_L002.mus-2-0-1,9,myeloid leukocyte,Unmatched_9,single_batch
1591,E20_B001386_S56_L003.mus-2-0-1,12,hepatocyte,Kupffer cell,single_batch
1592,E21_B003902_S237_L002.mus-2-0-1,6,hepatocyte,hepatocyte,single_batch
1593,E22_B001243_S22_L002.mus-2-0-1,0,B cell,B cell,single_batch
1594,E22_B003902_S238_L002.mus-2-0-1,1,"CD8-positive, alpha-beta T cell",mature NK T cell,single_batch
1595,E2_B001386_S38_L003.mus-2-0-1,6,hepatocyte,hepatocyte,single_batch
1596,E4_B001386_S40_L003.mus-2-0-1,1,"CD8-positive, alpha-beta T cell",mature NK T cell,single_batch
1597,E6_B001386_S42_L003.mus-2-0-1,4,endothelial cell of hepatic sinusoid,endothelial cell of hepatic sinusoid,single_batch
1598,E6_B003902_S222_L002.mus-2-0-1,1,"CD8-positive, alpha-beta T cell",mature NK T cell,single_batch
1599,E7_B001243_S7_L002.mus-2-0-1,9,myeloid leukocyte,Unmatched_9,single_batch
1600,E7_B003902_S223_L002.mus-2-0-1,1,"CD8-positive, alpha-beta T cell",mature NK T cell,single_batch
1601,E8_B001243_S8_L002.mus-2-0-1,11,myeloid leukocyte,Unmatched_11,single_batch
1602,E8_B003902_S224_L002.mus-2-0-1,6,hepatocyte,hepatocyte,single_batch
1603,E9_B001243_S9_L002.mus-2-0-1,11,myeloid leukocyte,Unmatched_11,single_batch
1604,F10_B001243_S34_L002.mus-2-0-1,9,myeloid leukocyte,Unmatched_9,single_batch
1605,F11_B003902_S251_L002.mus-2-0-1,10,myeloid leukocyte,Unmatched_10,single_batch
1606,F12_B001386_S72_L003.mus-2-0-1,0,B cell,B cell,single_batch
1607,F12_B003902_S252_L002.mus-2-0-1,1,"CD8-positive, alpha-beta T cell",mature NK T cell,single_batch
1608,F13_B001386_S73_L003.mus-2-0-1,0,B cell,B cell,single_batch
1609,F13_B003902_S253_L002.mus-2-0-1,1,"CD8-positive, alpha-beta T cell",mature NK T cell,single_batch
1610,F14_B001386_S74_L003.mus-2-0-1,6,hepatocyte,hepatocyte,single_batch
1611,F14_B003902_S254_L002.mus-2-0-1,4,endothelial cell of hepatic sinusoid,endothelial cell of hepatic sinusoid,single_batch
1612,F15_B001386_S75_L003.mus-2-0-1,6,hepatocyte,hepatocyte,single_batch
1613,F16_B003902_S256_L002.mus-2-0-1,6,hepatocyte,hepatocyte,single_batch
1614,F17_B003902_S257_L002.mus-2-0-1,4,endothelial cell of hepatic sinusoid,endothelial cell of hepatic sinusoid,single_batch
1615,F18_B003902_S258_L002.mus-2-0-1,1,"CD8-positive, alpha-beta T cell",mature NK T cell,single_batch
1616,F19_B003902_S259_L002.mus-2-0-1,1,"CD8-positive, alpha-beta T cell",mature NK T cell,single_batch
1617,F1_B001386_S61_L003.mus-2-0-1,6,hepatocyte,hepatocyte,single_batch
1618,F1_B003902_S241_L002.mus-2-0-1,12,Kupffer cell,Kupffer cell,single_batch
1619,F20_B001386_S80_L003.mus-2-0-1,0,B cell,B cell,single_batch
1620,F21_B001243_S45_L002.mus-2-0-1,1,"CD8-positive, alpha-beta T cell",mature NK T cell,single_batch
1621,F21_B003902_S261_L002.mus-2-0-1,12,Kupffer cell,Kupffer cell,single_batch
1622,F22_B003902_S262_L002.mus-2-0-1,12,myeloid leukocyte,Kupffer cell,single_batch
1623,F2_B003902_S242_L002.mus-2-0-1,1,mature NK T cell,mature NK T cell,single_batch
1624,F3_B003902_S243_L002.mus-2-0-1,12,Kupffer cell,Kupffer cell,single_batch
1625,F5_B001243_S29_L002.mus-2-0-1,1,"CD8-positive, alpha-beta T cell",mature NK T cell,single_batch
1626,F5_B001386_S65_L003.mus-2-0-1,6,hepatocyte,hepatocyte,single_batch
1627,F6_B001243_S30_L002.mus-2-0-1,9,myeloid leukocyte,Unmatched_9,single_batch
1628,F7_B001243_S31_L002.mus-2-0-1,4,endothelial cell of hepatic sinusoid,endothelial cell of hepatic sinusoid,single_batch
1629,F7_B001386_S67_L003.mus-2-0-1,0,B cell,B cell,single_batch
1630,F7_B003902_S247_L002.mus-2-0-1,1,"CD8-positive, alpha-beta T cell",mature NK T cell,single_batch
1631,F8_B001243_S32_L002.mus-2-0-1,10,myeloid leukocyte,Unmatched_10,single_batch
1632,F8_B001386_S68_L003.mus-2-0-1,6,hepatocyte,hepatocyte,single_batch
1633,F8_B003902_S248_L002.mus-2-0-1,6,hepatocyte,hepatocyte,single_batch
1634,F9_B001386_S69_L003.mus-2-0-1,6,hepatocyte,hepatocyte,single_batch
1635,F9_B003902_S249_L002.mus-2-0-1,6,hepatocyte,hepatocyte,single_batch
1636,G10_B001243_S58_L002.mus-2-0-1,9,myeloid leukocyte,Unmatched_9,single_batch
1637,G10_B003902_S274_L002.mus-2-0-1,1,T cell,mature NK T cell,single_batch
1638,G11_B001386_S95_L003.mus-2-0-1,6,hepatocyte,hepatocyte,single_batch
1639,G11_B003902_S275_L002.mus-2-0-1,1,mature NK T cell,mature NK T cell,single_batch
1640,G12_B001386_S96_L003.mus-2-0-1,6,hepatocyte,hepatocyte,single_batch
1641,G14_B003902_S278_L002.mus-2-0-1,6,hepatocyte,hepatocyte,single_batch
1642,G15_B001386_S99_L003.mus-2-0-1,1,mature NK T cell,mature NK T cell,single_batch
1643,G15_B003902_S279_L002.mus-2-0-1,9,myeloid leukocyte,Unmatched_9,single_batch
1644,G16_B001243_S64_L002.mus-2-0-1,6,hepatocyte,hepatocyte,single_batch
1645,G16_B003902_S280_L002.mus-2-0-1,1,"CD4-positive, alpha-beta T cell",mature NK T cell,single_batch
1646,G17_B001386_S101_L003.mus-2-0-1,6,B cell,hepatocyte,single_batch
1647,G18_B001386_S102_L003.mus-2-0-1,1,mature NK T cell,mature NK T cell,single_batch
1648,G18_B003902_S282_L002.mus-2-0-1,0,B cell,B cell,single_batch
1649,G19_B001386_S103_L003.mus-2-0-1,1,mature NK T cell,mature NK T cell,single_batch
1650,G19_B003902_S283_L002.mus-2-0-1,12,hepatocyte,Kupffer cell,single_batch
1651,G1_B001386_S85_L003.mus-2-0-1,1,Kupffer cell,mature NK T cell,single_batch
1652,G1_B003902_S265_L002.mus-2-0-1,6,hepatocyte,hepatocyte,single_batch
1653,G22_B003902_S286_L002.mus-2-0-1,6,hepatocyte,hepatocyte,single_batch
1654,G3_B003902_S267_L002.mus-2-0-1,1,"CD4-positive, alpha-beta T cell",mature NK T cell,single_batch
1655,G5_B001386_S89_L003.mus-2-0-1,6,hepatocyte,hepatocyte,single_batch
1656,G6_B001243_S54_L002.mus-2-0-1,14,myeloid leukocyte,myeloid leukocyte,single_batch
1657,G6_B001386_S90_L003.mus-2-0-1,6,hepatocyte,hepatocyte,single_batch
1658,G7_B001243_S55_L002.mus-2-0-1,11,myeloid leukocyte,Unmatched_11,single_batch
1659,G7_B001386_S91_L003.mus-2-0-1,6,hepatocyte,hepatocyte,single_batch
1660,G7_B003902_S271_L002.mus-2-0-1,1,T cell,mature NK T cell,single_batch
1661,G8_B001243_S56_L002.mus-2-0-1,5,neutrophil,neutrophil,single_batch
1662,G9_B001243_S57_L002.mus-2-0-1,11,myeloid leukocyte,Unmatched_11,single_batch
1663,G9_B003902_S273_L002.mus-2-0-1,1,"CD8-positive, alpha-beta T cell",mature NK T cell,single_batch
1664,H10_B001243_S82_L002.mus-2-0-1,10,myeloid leukocyte,Unmatched_10,single_batch
1665,H11_B003902_S299_L002.mus-2-0-1,1,T cell,mature NK T cell,single_batch
1666,H12_B001386_S120_L003.mus-2-0-1,4,endothelial cell of hepatic sinusoid,endothelial cell of hepatic sinusoid,single_batch
1667,H12_B003902_S300_L002.mus-2-0-1,1,"CD8-positive, alpha-beta T cell",mature NK T cell,single_batch
1668,H13_B001386_S121_L003.mus-2-0-1,6,hepatocyte,hepatocyte,single_batch
1669,H14_B001386_S122_L003.mus-2-0-1,4,endothelial cell of hepatic sinusoid,endothelial cell of hepatic sinusoid,single_batch
1670,H15_B003902_S3_L002.mus-2-0-1,2,NK cell,NK cell,single_batch
1671,H16_B001386_S124_L003.mus-2-0-1,1,"CD4-positive, alpha-beta T cell",mature NK T cell,single_batch
1672,H16_B003902_S4_L002.mus-2-0-1,6,hepatocyte,hepatocyte,single_batch
1673,H17_B003902_S5_L002.mus-2-0-1,14,myeloid leukocyte,myeloid leukocyte,single_batch
1674,H18_B003902_S6_L002.mus-2-0-1,10,myeloid leukocyte,Unmatched_10,single_batch
1675,H19_B003902_S7_L002.mus-2-0-1,1,"CD8-positive, alpha-beta T cell",mature NK T cell,single_batch
1676,H1_B001386_S109_L003.mus-2-0-1,10,myeloid leukocyte,Unmatched_10,single_batch
1677,H1_B003902_S289_L002.mus-2-0-1,6,hepatocyte,hepatocyte,single_batch
1678,H20_B003902_S8_L002.mus-2-0-1,6,myeloid leukocyte,hepatocyte,single_batch
1679,H21_B001243_S93_L002.mus-2-0-1,0,B cell,B cell,single_batch
1680,H21_B001386_S129_L003.mus-2-0-1,4,endothelial cell of hepatic sinusoid,endothelial cell of hepatic sinusoid,single_batch
1681,H21_B003902_S9_L002.mus-2-0-1,14,myeloid leukocyte,myeloid leukocyte,single_batch
1682,H22_B001386_S130_L003.mus-2-0-1,12,Kupffer cell,Kupffer cell,single_batch
1683,H22_B003902_S10_L002.mus-2-0-1,6,hepatocyte,hepatocyte,single_batch
1684,H2_B001386_S110_L003.mus-2-0-1,6,hepatocyte,hepatocyte,single_batch
1685,H4_B001243_S76_L002.mus-2-0-1,10,myeloid leukocyte,Unmatched_10,single_batch
1686,H4_B001386_S112_L003.mus-2-0-1,6,hepatocyte,hepatocyte,single_batch
1687,H4_B003902_S292_L002.mus-2-0-1,6,hepatocyte,hepatocyte,single_batch
1688,H5_B001243_S77_L002.mus-2-0-1,1,"CD8-positive, alpha-beta T cell",mature NK T cell,single_batch
1689,H5_B003902_S293_L002.mus-2-0-1,0,B cell,B cell,single_batch
1690,H6_B001243_S78_L002.mus-2-0-1,11,myeloid leukocyte,Unmatched_11,single_batch
1691,H6_B001386_S114_L003.mus-2-0-1,1,T cell,mature NK T cell,single_batch
1692,H7_B003902_S295_L002.mus-2-0-1,1,hepatocyte,mature NK T cell,single_batch
1693,H8_B001243_S80_L002.mus-2-0-1,9,myeloid leukocyte,Unmatched_9,single_batch
1694,H8_B001386_S116_L003.mus-2-0-1,1,T cell,mature NK T cell,single_batch
1695,H9_B001243_S81_L002.mus-2-0-1,11,myeloid leukocyte,Unmatched_11,single_batch
1696,H9_B001386_S117_L003.mus-2-0-1,6,hepatocyte,hepatocyte,single_batch
1697,H9_B003902_S297_L002.mus-2-0-1,1,"CD8-positive, alpha-beta T cell",mature NK T cell,single_batch
1698,I10_B001243_S106_L002.mus-2-0-1,10,myeloid leukocyte,Unmatched_10,single_batch
1699,I11_B003902_S23_L002.mus-2-0-1,6,hepatocyte,hepatocyte,single_batch
1700,I12_B001386_S144_L003.mus-2-0-1,6,hepatocyte,hepatocyte,single_batch
1701,I13_B003902_S25_L002.mus-2-0-1,0,B cell,B cell,single_batch
1702,I14_B001386_S146_L003.mus-2-0-1,12,Kupffer cell,Kupffer cell,single_batch
1703,I14_B003902_S26_L002.mus-2-0-1,6,hepatocyte,hepatocyte,single_batch
1704,I15_B003902_S27_L002.mus-2-0-1,1,T cell,mature NK T cell,single_batch
1705,I16_B001243_S112_L002.mus-2-0-1,6,hepatocyte,hepatocyte,single_batch
1706,I16_B003902_S28_L002.mus-2-0-1,0,B cell,B cell,single_batch
1707,I17_B001386_S149_L003.mus-2-0-1,1,mature NK T cell,mature NK T cell,single_batch
1708,I17_B003902_S29_L002.mus-2-0-1,6,hepatocyte,hepatocyte,single_batch
1709,I18_B003902_S30_L002.mus-2-0-1,1,mature NK T cell,mature NK T cell,single_batch
1710,I19_B003902_S31_L002.mus-2-0-1,6,hepatocyte,hepatocyte,single_batch
1711,I20_B001386_S152_L003.mus-2-0-1,0,B cell,B cell,single_batch
1712,I20_B003902_S32_L002.mus-2-0-1,1,"CD8-positive, alpha-beta T cell",mature NK T cell,single_batch
1713,I21_B003902_S33_L002.mus-2-0-1,6,hepatocyte,hepatocyte,single_batch
1714,I22_B001243_S118_L002.mus-2-0-1,1,"CD4-positive, alpha-beta T cell",mature NK T cell,single_batch
1715,I22_B003902_S34_L002.mus-2-0-1,1,"CD8-positive, alpha-beta T cell",mature NK T cell,single_batch
1716,I3_B001386_S135_L003.mus-2-0-1,6,hepatocyte,hepatocyte,single_batch
1717,I5_B001386_S137_L003.mus-2-0-1,6,hepatocyte,hepatocyte,single_batch
1718,I5_B003902_S17_L002.mus-2-0-1,1,"CD8-positive, alpha-beta T cell",mature NK T cell,single_batch
1719,I6_B001243_S102_L002.mus-2-0-1,9,myeloid leukocyte,Unmatched_9,single_batch
1720,I6_B003902_S18_L002.mus-2-0-1,1,"CD8-positive, alpha-beta T cell",mature NK T cell,single_batch
1721,I8_B001243_S104_L002.mus-2-0-1,10,myeloid leukocyte,Unmatched_10,single_batch
1722,I9_B001243_S105_L002.mus-2-0-1,9,myeloid leukocyte,Unmatched_9,single_batch
1723,I9_B001386_S141_L003.mus-2-0-1,4,endothelial cell of hepatic sinusoid,endothelial cell of hepatic sinusoid,single_batch
1724,I9_B003902_S21_L002.mus-2-0-1,1,"CD8-positive, alpha-beta T cell",mature NK T cell,single_batch
1725,J10_B001243_S130_L002.mus-2-0-1,11,myeloid leukocyte,Unmatched_11,single_batch
1726,J10_B003902_S46_L002.mus-2-0-1,6,hepatocyte,hepatocyte,single_batch
1727,J12_B003902_S48_L002.mus-2-0-1,6,hepatocyte,hepatocyte,single_batch
1728,J13_B003902_S49_L002.mus-2-0-1,0,B cell,B cell,single_batch
1729,J14_B003902_S50_L002.mus-2-0-1,6,hepatocyte,hepatocyte,single_batch
1730,J15_B001386_S171_L003.mus-2-0-1,6,hepatocyte,hepatocyte,single_batch
1731,J15_B003902_S51_L002.mus-2-0-1,2,NK cell,NK cell,single_batch
1732,J16_B003902_S52_L002.mus-2-0-1,6,hepatocyte,hepatocyte,single_batch
1733,J18_B003902_S54_L002.mus-2-0-1,6,endothelial cell of hepatic sinusoid,hepatocyte,single_batch
1734,J19_B001386_S175_L003.mus-2-0-1,2,NK cell,NK cell,single_batch
1735,J19_B003902_S55_L002.mus-2-0-1,1,mature NK T cell,mature NK T cell,single_batch
1736,J1_B001386_S157_L003.mus-2-0-1,2,NK cell,NK cell,single_batch
1737,J20_B003902_S56_L002.mus-2-0-1,12,hepatocyte,Kupffer cell,single_batch
1738,J22_B001386_S178_L003.mus-2-0-1,2,NK cell,NK cell,single_batch
1739,J22_B003902_S58_L002.mus-2-0-1,6,hepatocyte,hepatocyte,single_batch
1740,J2_B001386_S158_L003.mus-2-0-1,6,hepatocyte,hepatocyte,single_batch
1741,J2_B003902_S38_L002.mus-2-0-1,6,hepatocyte,hepatocyte,single_batch
1742,J3_B003902_S39_L002.mus-2-0-1,6,hepatocyte,hepatocyte,single_batch
1743,J4_B003902_S40_L002.mus-2-0-1,10,myeloid leukocyte,Unmatched_10,single_batch
1744,J5_B003902_S41_L002.mus-2-0-1,1,mature NK T cell,mature NK T cell,single_batch
1745,J6_B001243_S126_L002.mus-2-0-1,9,myeloid leukocyte,Unmatched_9,single_batch
1746,J6_B001386_S162_L003.mus-2-0-1,0,B cell,B cell,single_batch
1747,J6_B003902_S42_L002.mus-2-0-1,1,"CD8-positive, alpha-beta T cell",mature NK T cell,single_batch
1748,J7_B001243_S127_L002.mus-2-0-1,10,myeloid leukocyte,Unmatched_10,single_batch
1749,J7_B001386_S163_L003.mus-2-0-1,4,endothelial cell of hepatic sinusoid,endothelial cell of hepatic sinusoid,single_batch
1750,J7_B003902_S43_L002.mus-2-0-1,6,hepatocyte,hepatocyte,single_batch
1751,J8_B001243_S128_L002.mus-2-0-1,12,Kupffer cell,Kupffer cell,single_batch
1752,J9_B001243_S129_L002.mus-2-0-1,1,mature NK T cell,mature NK T cell,single_batch
1753,J9_B001386_S165_L003.mus-2-0-1,1,mature NK T cell,mature NK T cell,single_batch
1754,J9_B003902_S45_L002.mus-2-0-1,1,"CD4-positive, alpha-beta T cell",mature NK T cell,single_batch
1755,K10_B001243_S154_L002.mus-2-0-1,10,myeloid leukocyte,Unmatched_10,single_batch
1756,K10_B001386_S190_L003.mus-2-0-1,6,hepatocyte,hepatocyte,single_batch
1757,K12_B001243_S156_L002.mus-2-0-1,14,myeloid leukocyte,myeloid leukocyte,single_batch
1758,K12_B003902_S72_L002.mus-2-0-1,0,B cell,B cell,single_batch
1759,K14_B001243_S158_L002.mus-2-0-1,12,myeloid leukocyte,Kupffer cell,single_batch
1760,K14_B003902_S74_L002.mus-2-0-1,11,myeloid leukocyte,Unmatched_11,single_batch
1761,K15_B003902_S75_L002.mus-2-0-1,10,myeloid leukocyte,Unmatched_10,single_batch
1762,K16_B001386_S196_L003.mus-2-0-1,4,endothelial cell of hepatic sinusoid,endothelial cell of hepatic sinusoid,single_batch
1763,K16_B003902_S76_L002.mus-2-0-1,6,hepatocyte,hepatocyte,single_batch
1764,K17_B003902_S77_L002.mus-2-0-1,6,hepatocyte,hepatocyte,single_batch
1765,K18_B003902_S78_L002.mus-2-0-1,0,B cell,B cell,single_batch
1766,K1_B003902_S61_L002.mus-2-0-1,8,myeloid leukocyte,T cell,single_batch
1767,K20_B001243_S164_L002.mus-2-0-1,6,hepatocyte,hepatocyte,single_batch
1768,K20_B003902_S80_L002.mus-2-0-1,1,mature NK T cell,mature NK T cell,single_batch
1769,K21_B001386_S201_L003.mus-2-0-1,2,NK cell,NK cell,single_batch
1770,K21_B003902_S81_L002.mus-2-0-1,1,"CD4-positive, alpha-beta T cell",mature NK T cell,single_batch
1771,K22_B001386_S202_L003.mus-2-0-1,4,endothelial cell of hepatic sinusoid,endothelial cell of hepatic sinusoid,single_batch
1772,K2_B001386_S182_L003.mus-2-0-1,6,hepatocyte,hepatocyte,single_batch
1773,K3_B001243_S147_L002.mus-2-0-1,14,myeloid leukocyte,myeloid leukocyte,single_batch
1774,K3_B001386_S183_L003.mus-2-0-1,6,hepatocyte,hepatocyte,single_batch
1775,K3_B003902_S63_L002.mus-2-0-1,1,mature NK T cell,mature NK T cell,single_batch
1776,K4_B001243_S148_L002.mus-2-0-1,1,"CD4-positive, alpha-beta T cell",mature NK T cell,single_batch
1777,K5_B001243_S149_L002.mus-2-0-1,0,B cell,B cell,single_batch
1778,K5_B003902_S65_L002.mus-2-0-1,0,B cell,B cell,single_batch
1779,K6_B001243_S150_L002.mus-2-0-1,12,Kupffer cell,Kupffer cell,single_batch
1780,K7_B001243_S151_L002.mus-2-0-1,10,myeloid leukocyte,Unmatched_10,single_batch
1781,K8_B001243_S152_L002.mus-2-0-1,11,myeloid leukocyte,Unmatched_11,single_batch
1782,K8_B001386_S188_L003.mus-2-0-1,1,mature NK T cell,mature NK T cell,single_batch
1783,K8_B003902_S68_L002.mus-2-0-1,0,B cell,B cell,single_batch
1784,K9_B001243_S153_L002.mus-2-0-1,14,myeloid leukocyte,myeloid leukocyte,single_batch
1785,K9_B003902_S69_L002.mus-2-0-1,1,mature NK T cell,mature NK T cell,single_batch
1786,L10_B001243_S178_L002.mus-2-0-1,14,myeloid leukocyte,myeloid leukocyte,single_batch
1787,L10_B001386_S214_L003.mus-2-0-1,6,hepatocyte,hepatocyte,single_batch
1788,L11_B001243_S179_L002.mus-2-0-1,0,B cell,B cell,single_batch
1789,L13_B001386_S217_L003.mus-2-0-1,4,endothelial cell of hepatic sinusoid,endothelial cell of hepatic sinusoid,single_batch
1790,L13_B003902_S97_L002.mus-2-0-1,6,hepatocyte,hepatocyte,single_batch
1791,L14_B003902_S98_L002.mus-2-0-1,12,hepatocyte,Kupffer cell,single_batch
1792,L15_B001386_S219_L003.mus-2-0-1,4,endothelial cell of hepatic sinusoid,endothelial cell of hepatic sinusoid,single_batch
1793,L16_B003902_S100_L002.mus-2-0-1,6,hepatocyte,hepatocyte,single_batch
1794,L17_B001243_S185_L002.mus-2-0-1,6,hepatocyte,hepatocyte,single_batch
1795,L17_B001386_S221_L003.mus-2-0-1,1,mature NK T cell,mature NK T cell,single_batch
1796,L17_B003902_S101_L002.mus-2-0-1,6,endothelial cell of hepatic sinusoid,hepatocyte,single_batch
1797,L18_B003902_S102_L002.mus-2-0-1,1,"CD8-positive, alpha-beta T cell",mature NK T cell,single_batch
1798,L19_B003902_S103_L002.mus-2-0-1,1,"CD4-positive, alpha-beta T cell",mature NK T cell,single_batch
1799,L1_B001386_S205_L003.mus-2-0-1,6,hepatocyte,hepatocyte,single_batch
1800,L1_B003902_S85_L002.mus-2-0-1,12,Kupffer cell,Kupffer cell,single_batch
1801,L20_B001386_S224_L003.mus-2-0-1,4,endothelial cell of hepatic sinusoid,endothelial cell of hepatic sinusoid,single_batch
1802,L20_B003902_S104_L002.mus-2-0-1,0,B cell,B cell,single_batch
1803,L21_B001243_S189_L002.mus-2-0-1,8,myeloid leukocyte,T cell,single_batch
1804,L21_B003902_S105_L002.mus-2-0-1,14,myeloid leukocyte,myeloid leukocyte,single_batch
1805,L22_B001243_S190_L002.mus-2-0-1,1,mature NK T cell,mature NK T cell,single_batch
1806,L22_B001386_S226_L003.mus-2-0-1,0,B cell,B cell,single_batch
1807,L22_B003902_S106_L002.mus-2-0-1,6,hepatocyte,hepatocyte,single_batch
1808,L2_B001386_S206_L003.mus-2-0-1,6,hepatocyte,hepatocyte,single_batch
1809,L2_B003902_S86_L002.mus-2-0-1,1,mature NK T cell,mature NK T cell,single_batch
1810,L3_B001243_S171_L002.mus-2-0-1,1,mature NK T cell,mature NK T cell,single_batch
1811,L3_B001386_S207_L003.mus-2-0-1,6,hepatocyte,hepatocyte,single_batch
1812,L4_B001243_S172_L002.mus-2-0-1,1,T cell,mature NK T cell,single_batch
1813,L4_B001386_S208_L003.mus-2-0-1,6,hepatocyte,hepatocyte,single_batch
1814,L5_B001243_S173_L002.mus-2-0-1,0,B cell,B cell,single_batch
1815,L6_B001243_S174_L002.mus-2-0-1,11,myeloid leukocyte,Unmatched_11,single_batch
1816,L6_B001386_S210_L003.mus-2-0-1,4,endothelial cell of hepatic sinusoid,endothelial cell of hepatic sinusoid,single_batch
1817,L6_B003902_S90_L002.mus-2-0-1,6,hepatocyte,hepatocyte,single_batch
1818,L7_B001243_S175_L002.mus-2-0-1,10,myeloid leukocyte,Unmatched_10,single_batch
1819,L7_B001386_S211_L003.mus-2-0-1,1,mature NK T cell,mature NK T cell,single_batch
1820,L7_B003902_S91_L002.mus-2-0-1,1,"CD8-positive, alpha-beta T cell",mature NK T cell,single_batch
1821,L8_B001243_S176_L002.mus-2-0-1,11,myeloid leukocyte,Unmatched_11,single_batch
1822,L8_B001386_S212_L003.mus-2-0-1,0,B cell,B cell,single_batch
1823,L8_B003902_S92_L002.mus-2-0-1,1,"CD8-positive, alpha-beta T cell",mature NK T cell,single_batch
1824,L9_B001243_S177_L002.mus-2-0-1,11,myeloid leukocyte,Unmatched_11,single_batch
1825,M10_B001243_S202_L002.mus-2-0-1,11,myeloid leukocyte,Unmatched_11,single_batch
1826,M10_B001386_S238_L003.mus-2-0-1,6,hepatocyte,hepatocyte,single_batch
1827,M10_B003902_S118_L002.mus-2-0-1,8,myeloid leukocyte,T cell,single_batch
1828,M11_B001243_S203_L002.mus-2-0-1,14,myeloid leukocyte,myeloid leukocyte,single_batch
1829,M11_B001386_S239_L003.mus-2-0-1,6,hepatocyte,hepatocyte,single_batch
1830,M11_B003902_S119_L002.mus-2-0-1,6,hepatocyte,hepatocyte,single_batch
1831,M14_B003902_S122_L002.mus-2-0-1,8,myeloid leukocyte,T cell,single_batch
1832,M16_B003902_S124_L002.mus-2-0-1,8,myeloid leukocyte,T cell,single_batch
1833,M17_B001243_S209_L002.mus-2-0-1,1,"CD4-positive, alpha-beta T cell",mature NK T cell,single_batch
1834,M18_B001386_S246_L003.mus-2-0-1,6,hepatocyte,hepatocyte,single_batch
1835,M18_B003902_S126_L002.mus-2-0-1,12,Kupffer cell,Kupffer cell,single_batch
1836,M19_B001386_S247_L003.mus-2-0-1,0,B cell,B cell,single_batch
1837,M19_B003902_S127_L002.mus-2-0-1,1,"CD8-positive, alpha-beta T cell",mature NK T cell,single_batch
1838,M1_B003902_S109_L002.mus-2-0-1,12,Kupffer cell,Kupffer cell,single_batch
1839,M20_B003902_S128_L002.mus-2-0-1,0,B cell,B cell,single_batch
1840,M21_B001243_S213_L002.mus-2-0-1,1,"CD4-positive, alpha-beta T cell",mature NK T cell,single_batch
1841,M21_B001386_S249_L003.mus-2-0-1,1,mature NK T cell,mature NK T cell,single_batch
1842,M21_B003902_S129_L002.mus-2-0-1,4,endothelial cell of hepatic sinusoid,endothelial cell of hepatic sinusoid,single_batch
1843,M22_B001243_S214_L002.mus-2-0-1,4,endothelial cell of hepatic sinusoid,endothelial cell of hepatic sinusoid,single_batch
1844,M22_B001386_S250_L003.mus-2-0-1,12,Kupffer cell,Kupffer cell,single_batch
1845,M2_B001243_S194_L002.mus-2-0-1,1,"CD8-positive, alpha-beta T cell",mature NK T cell,single_batch
1846,M2_B001386_S230_L003.mus-2-0-1,1,"CD4-positive, alpha-beta T cell",mature NK T cell,single_batch
1847,M2_B003902_S110_L002.mus-2-0-1,0,B cell,B cell,single_batch
1848,M3_B001243_S195_L002.mus-2-0-1,0,B cell,B cell,single_batch
1849,M3_B001386_S231_L003.mus-2-0-1,6,hepatocyte,hepatocyte,single_batch
1850,M3_B003902_S111_L002.mus-2-0-1,6,hepatocyte,hepatocyte,single_batch
1851,M4_B001243_S196_L002.mus-2-0-1,0,B cell,B cell,single_batch
1852,M4_B001386_S232_L003.mus-2-0-1,1,mature NK T cell,mature NK T cell,single_batch
1853,M4_B003902_S112_L002.mus-2-0-1,1,"CD8-positive, alpha-beta T cell",mature NK T cell,single_batch
1854,M5_B001243_S197_L002.mus-2-0-1,1,hepatocyte,mature NK T cell,single_batch
1855,M5_B003902_S113_L002.mus-2-0-1,6,hepatocyte,hepatocyte,single_batch
1856,M6_B001386_S234_L003.mus-2-0-1,0,B cell,B cell,single_batch
1857,M6_B003902_S114_L002.mus-2-0-1,6,hepatocyte,hepatocyte,single_batch
1858,M7_B001243_S199_L002.mus-2-0-1,9,myeloid leukocyte,Unmatched_9,single_batch
1859,M7_B003902_S115_L002.mus-2-0-1,6,hepatocyte,hepatocyte,single_batch
1860,M8_B001243_S200_L002.mus-2-0-1,1,"CD8-positive, alpha-beta T cell",mature NK T cell,single_batch
1861,M8_B001386_S236_L003.mus-2-0-1,6,hepatocyte,hepatocyte,single_batch
1862,M8_B003902_S116_L002.mus-2-0-1,1,"CD8-positive, alpha-beta T cell",mature NK T cell,single_batch
1863,M9_B001243_S201_L002.mus-2-0-1,11,myeloid leukocyte,Unmatched_11,single_batch
1864,M9_B003902_S117_L002.mus-2-0-1,6,Kupffer cell,hepatocyte,single_batch
1865,N10_B001386_S262_L003.mus-2-0-1,6,hepatocyte,hepatocyte,single_batch
1866,N11_B003902_S143_L002.mus-2-0-1,0,B cell,B cell,single_batch
1867,N13_B001386_S265_L003.mus-2-0-1,0,B cell,B cell,single_batch
1868,N14_B001243_S230_L002.mus-2-0-1,12,Kupffer cell,Kupffer cell,single_batch
1869,N14_B001386_S266_L003.mus-2-0-1,6,hepatocyte,hepatocyte,single_batch
1870,N15_B001386_S267_L003.mus-2-0-1,1,"CD4-positive, alpha-beta T cell",mature NK T cell,single_batch
1871,N15_B003902_S147_L002.mus-2-0-1,1,"CD8-positive, alpha-beta T cell",mature NK T cell,single_batch
1872,N16_B001386_S268_L003.mus-2-0-1,2,NK cell,NK cell,single_batch
1873,N16_B003902_S148_L002.mus-2-0-1,4,endothelial cell of hepatic sinusoid,endothelial cell of hepatic sinusoid,single_batch
1874,N17_B001386_S269_L003.mus-2-0-1,4,endothelial cell of hepatic sinusoid,endothelial cell of hepatic sinusoid,single_batch
1875,N18_B003902_S150_L002.mus-2-0-1,2,NK cell,NK cell,single_batch
1876,N19_B001386_S271_L003.mus-2-0-1,6,hepatocyte,hepatocyte,single_batch
1877,N19_B003902_S151_L002.mus-2-0-1,1,"CD8-positive, alpha-beta T cell",mature NK T cell,single_batch
1878,N20_B003902_S152_L002.mus-2-0-1,6,hepatocyte,hepatocyte,single_batch
1879,N21_B001243_S237_L002.mus-2-0-1,1,"CD8-positive, alpha-beta T cell",mature NK T cell,single_batch
1880,N22_B001243_S238_L002.mus-2-0-1,1,"CD4-positive, alpha-beta T cell",mature NK T cell,single_batch
1881,N2_B001243_S218_L002.mus-2-0-1,14,myeloid leukocyte,myeloid leukocyte,single_batch
1882,N2_B001386_S254_L003.mus-2-0-1,1,"CD4-positive, alpha-beta T cell",mature NK T cell,single_batch
1883,N2_B003902_S134_L002.mus-2-0-1,1,mature NK T cell,mature NK T cell,single_batch
1884,N3_B001243_S219_L002.mus-2-0-1,1,mature NK T cell,mature NK T cell,single_batch
1885,N3_B001386_S255_L003.mus-2-0-1,1,"CD8-positive, alpha-beta T cell",mature NK T cell,single_batch
1886,N5_B003902_S137_L002.mus-2-0-1,1,"CD8-positive, alpha-beta T cell",mature NK T cell,single_batch
1887,N6_B001243_S222_L002.mus-2-0-1,14,myeloid leukocyte,myeloid leukocyte,single_batch
1888,N6_B003902_S138_L002.mus-2-0-1,1,"CD8-positive, alpha-beta T cell",mature NK T cell,single_batch
1889,N7_B001243_S223_L002.mus-2-0-1,12,Kupffer cell,Kupffer cell,single_batch
1890,N7_B001386_S259_L003.mus-2-0-1,1,mature NK T cell,mature NK T cell,single_batch
1891,N7_B003902_S139_L002.mus-2-0-1,1,"CD8-positive, alpha-beta T cell",mature NK T cell,single_batch
1892,N8_B001243_S224_L002.mus-2-0-1,5,neutrophil,neutrophil,single_batch
1893,N9_B001386_S261_L003.mus-2-0-1,6,hepatocyte,hepatocyte,single_batch
1894,N9_B003902_S141_L002.mus-2-0-1,12,Kupffer cell,Kupffer cell,single_batch
1895,O10_B001243_S250_L002.mus-2-0-1,10,myeloid leukocyte,Unmatched_10,single_batch
1896,O10_B003902_S166_L002.mus-2-0-1,1,"CD4-positive, alpha-beta T cell",mature NK T cell,single_batch
1897,O11_B001386_S287_L003.mus-2-0-1,6,hepatocyte,hepatocyte,single_batch
1898,O11_B003902_S167_L002.mus-2-0-1,1,T cell,mature NK T cell,single_batch
1899,O12_B001243_S252_L002.mus-2-0-1,1,myeloid leukocyte,mature NK T cell,single_batch
1900,O12_B003902_S168_L002.mus-2-0-1,12,Kupffer cell,Kupffer cell,single_batch
1901,O13_B001243_S253_L002.mus-2-0-1,4,endothelial cell of hepatic sinusoid,endothelial cell of hepatic sinusoid,single_batch
1902,O13_B003902_S169_L002.mus-2-0-1,1,T cell,mature NK T cell,single_batch
1903,O14_B001386_S290_L003.mus-2-0-1,1,mature NK T cell,mature NK T cell,single_batch
1904,O15_B003902_S171_L002.mus-2-0-1,6,hepatocyte,hepatocyte,single_batch
1905,O16_B003902_S172_L002.mus-2-0-1,1,"CD4-positive, alpha-beta T cell",mature NK T cell,single_batch
1906,O17_B003902_S173_L002.mus-2-0-1,12,hepatocyte,Kupffer cell,single_batch
1907,O18_B001386_S294_L003.mus-2-0-1,6,hepatocyte,hepatocyte,single_batch
1908,O19_B001386_S295_L003.mus-2-0-1,1,T cell,mature NK T cell,single_batch
1909,O19_B003902_S175_L002.mus-2-0-1,0,B cell,B cell,single_batch
1910,O1_B003902_S157_L002.mus-2-0-1,6,hepatocyte,hepatocyte,single_batch
1911,O20_B001386_S296_L003.mus-2-0-1,1,mature NK T cell,mature NK T cell,single_batch
1912,O20_B003902_S176_L002.mus-2-0-1,0,B cell,B cell,single_batch
1913,O21_B001386_S297_L003.mus-2-0-1,6,hepatocyte,hepatocyte,single_batch
1914,O2_B001386_S278_L003.mus-2-0-1,6,hepatocyte,hepatocyte,single_batch
1915,O2_B003902_S158_L002.mus-2-0-1,0,B cell,B cell,single_batch
1916,O3_B003902_S159_L002.mus-2-0-1,1,"CD8-positive, alpha-beta T cell",mature NK T cell,single_batch
1917,O4_B003902_S160_L002.mus-2-0-1,1,"CD8-positive, alpha-beta T cell",mature NK T cell,single_batch
1918,O5_B001243_S245_L002.mus-2-0-1,1,hepatocyte,mature NK T cell,single_batch
1919,O6_B001243_S246_L002.mus-2-0-1,12,Kupffer cell,Kupffer cell,single_batch
1920,O7_B001243_S247_L002.mus-2-0-1,14,myeloid leukocyte,myeloid leukocyte,single_batch
1921,O7_B001386_S283_L003.mus-2-0-1,6,hepatocyte,hepatocyte,single_batch
1922,O8_B003902_S164_L002.mus-2-0-1,6,hepatocyte,hepatocyte,single_batch
1923,O9_B001243_S249_L002.mus-2-0-1,9,myeloid leukocyte,Unmatched_9,single_batch
1924,O9_B001386_S285_L003.mus-2-0-1,6,hepatocyte,hepatocyte,single_batch
1925,P10_B001243_S274_L002.mus-2-0-1,12,myeloid leukocyte,Kupffer cell,single_batch
1926,P10_B001386_S10_L003.mus-2-0-1,4,endothelial cell of hepatic sinusoid,endothelial cell of hepatic sinusoid,single_batch
1927,P10_B003902_S190_L002.mus-2-0-1,1,T cell,mature NK T cell,single_batch
1928,P11_B003902_S191_L002.mus-2-0-1,2,NK cell,NK cell,single_batch
1929,P12_B001386_S12_L003.mus-2-0-1,6,hepatocyte,hepatocyte,single_batch
1930,P12_B003902_S192_L002.mus-2-0-1,6,hepatocyte,hepatocyte,single_batch
1931,P13_B001386_S13_L003.mus-2-0-1,0,B cell,B cell,single_batch
1932,P14_B001386_S14_L003.mus-2-0-1,2,mature NK T cell,NK cell,single_batch
1933,P14_B003902_S194_L002.mus-2-0-1,12,hepatocyte,Kupffer cell,single_batch
1934,P17_B001386_S17_L003.mus-2-0-1,6,hepatocyte,hepatocyte,single_batch
1935,P17_B003902_S197_L002.mus-2-0-1,6,hepatocyte,hepatocyte,single_batch
1936,P18_B001386_S18_L003.mus-2-0-1,8,myeloid leukocyte,T cell,single_batch
1937,P18_B003902_S198_L002.mus-2-0-1,1,"CD8-positive, alpha-beta T cell",mature NK T cell,single_batch
1938,P20_B001386_S20_L003.mus-2-0-1,6,hepatocyte,hepatocyte,single_batch
1939,P20_B003902_S200_L002.mus-2-0-1,1,"CD4-positive, alpha-beta T cell",mature NK T cell,single_batch
1940,P21_B001243_S285_L002.mus-2-0-1,10,myeloid leukocyte,Unmatched_10,single_batch
1941,P21_B003902_S201_L002.mus-2-0-1,9,myeloid leukocyte,Unmatched_9,single_batch
1942,P22_B001386_S22_L003.mus-2-0-1,1,T cell,mature NK T cell,single_batch
1943,P2_B001243_S266_L002.mus-2-0-1,12,Kupffer cell,Kupffer cell,single_batch
1944,P2_B003902_S182_L002.mus-2-0-1,0,B cell,B cell,single_batch
1945,P3_B001386_S3_L003.mus-2-0-1,6,hepatocyte,hepatocyte,single_batch
1946,P4_B001243_S268_L002.mus-2-0-1,1,"CD8-positive, alpha-beta T cell",mature NK T cell,single_batch
1947,P5_B001243_S269_L002.mus-2-0-1,9,myeloid leukocyte,Unmatched_9,single_batch
1948,P5_B001386_S5_L003.mus-2-0-1,6,hepatocyte,hepatocyte,single_batch
1949,P5_B003902_S185_L002.mus-2-0-1,1,"CD8-positive, alpha-beta T cell",mature NK T cell,single_batch
1950,P6_B001243_S270_L002.mus-2-0-1,12,myeloid leukocyte,Kupffer cell,single_batch
1951,P6_B003902_S186_L002.mus-2-0-1,1,T cell,mature NK T cell,single_batch
1952,P7_B001243_S271_L002.mus-2-0-1,1,"CD8-positive, alpha-beta T cell",mature NK T cell,single_batch
1953,P8_B001243_S272_L002.mus-2-0-1,10,myeloid leukocyte,Unmatched_10,single_batch
1954,P8_B001386_S8_L003.mus-2-0-1,4,endothelial cell of hepatic sinusoid,endothelial cell of hepatic sinusoid,single_batch
1955,P8_B003902_S188_L002.mus-2-0-1,1,"CD8-positive, alpha-beta T cell",mature NK T cell,single_batch
1956,P9_B001243_S273_L002.mus-2-0-1,10,myeloid leukocyte,Unmatched_10,single_batch
1957,P9_B003902_S189_L002.mus-2-0-1,0,B cell,B cell,single_batch
1958,A14_B001242_S206.mus-7-0-1,4,endothelial cell of hepatic sinusoid,endothelial cell of hepatic sinusoid,single_batch
1959,A16_B001242_S208.mus-7-0-1,6,hepatocyte,hepatocyte,single_batch
1960,A17_B001242_S209.mus-7-0-1,9,myeloid leukocyte,Unmatched_9,single_batch
1961,A18_B001242_S210.mus-7-0-1,4,endothelial cell of hepatic sinusoid,endothelial cell of hepatic sinusoid,single_batch
1962,A20_B001242_S212.mus-7-0-1,9,myeloid leukocyte,Unmatched_9,single_batch
1963,A21_B001242_S213.mus-7-0-1,4,endothelial cell of hepatic sinusoid,endothelial cell of hepatic sinusoid,single_batch
1964,A3_B001242_S195.mus-7-0-1,1,mature NK T cell,mature NK T cell,single_batch
1965,A6_B001242_S198.mus-7-0-1,6,hepatocyte,hepatocyte,single_batch
1966,A7_B001242_S199.mus-7-0-1,6,hepatocyte,hepatocyte,single_batch
1967,B15_B001242_S231.mus-7-0-1,4,endothelial cell of hepatic sinusoid,endothelial cell of hepatic sinusoid,single_batch
1968,B17_B001242_S233.mus-7-0-1,1,mature NK T cell,mature NK T cell,single_batch
1969,B20_B001242_S236.mus-7-0-1,4,endothelial cell of hepatic sinusoid,endothelial cell of hepatic sinusoid,single_batch
1970,B4_B001242_S220.mus-7-0-1,12,Kupffer cell,Kupffer cell,single_batch
1971,C11_B001242_S251.mus-7-0-1,12,Kupffer cell,Kupffer cell,single_batch
1972,C12_B001242_S252.mus-7-0-1,4,endothelial cell of hepatic sinusoid,endothelial cell of hepatic sinusoid,single_batch
1973,C16_B001242_S256.mus-7-0-1,5,myeloid leukocyte,neutrophil,single_batch
1974,C19_B001242_S259.mus-7-0-1,6,hepatocyte,hepatocyte,single_batch
1975,C20_B001242_S260.mus-7-0-1,12,myeloid leukocyte,Kupffer cell,single_batch
1976,C21_B001242_S261.mus-7-0-1,1,mature NK T cell,mature NK T cell,single_batch
1977,C2_B001242_S242.mus-7-0-1,1,mature NK T cell,mature NK T cell,single_batch
1978,C3_B001242_S243.mus-7-0-1,1,mature NK T cell,mature NK T cell,single_batch
1979,C7_B001242_S247.mus-7-0-1,6,hepatocyte,hepatocyte,single_batch
1980,C8_B001242_S248.mus-7-0-1,5,neutrophil,neutrophil,single_batch
1981,C9_B001242_S249.mus-7-0-1,10,myeloid leukocyte,Unmatched_10,single_batch
1982,D10_B001242_S274.mus-7-0-1,6,hepatocyte,hepatocyte,single_batch
1983,D11_B001242_S275.mus-7-0-1,4,endothelial cell of hepatic sinusoid,endothelial cell of hepatic sinusoid,single_batch
1984,D12_B001242_S276.mus-7-0-1,1,mature NK T cell,mature NK T cell,single_batch
1985,D14_B001242_S278.mus-7-0-1,4,endothelial cell of hepatic sinusoid,endothelial cell of hepatic sinusoid,single_batch
1986,D16_B001242_S280.mus-7-0-1,1,"CD4-positive, alpha-beta T cell",mature NK T cell,single_batch
1987,D17_B001242_S281.mus-7-0-1,4,endothelial cell of hepatic sinusoid,endothelial cell of hepatic sinusoid,single_batch
1988,D18_B001242_S282.mus-7-0-1,4,endothelial cell of hepatic sinusoid,endothelial cell of hepatic sinusoid,single_batch
1989,D19_B001242_S283.mus-7-0-1,4,endothelial cell of hepatic sinusoid,endothelial cell of hepatic sinusoid,single_batch
1990,D20_B001242_S284.mus-7-0-1,5,neutrophil,neutrophil,single_batch
1991,D21_B001242_S285.mus-7-0-1,6,hepatocyte,hepatocyte,single_batch
1992,D3_B001242_S267.mus-7-0-1,6,hepatocyte,hepatocyte,single_batch
1993,D4_B001242_S268.mus-7-0-1,6,hepatocyte,hepatocyte,single_batch
1994,D8_B001242_S272.mus-7-0-1,12,Kupffer cell,Kupffer cell,single_batch
1995,D9_B001242_S273.mus-7-0-1,12,Kupffer cell,Kupffer cell,single_batch
1996,E11_B001242_S299.mus-7-0-1,4,endothelial cell of hepatic sinusoid,endothelial cell of hepatic sinusoid,single_batch
1997,E15_B001242_S3.mus-7-0-1,12,Kupffer cell,Kupffer cell,single_batch
1998,E16_B001242_S4.mus-7-0-1,4,endothelial cell of hepatic sinusoid,endothelial cell of hepatic sinusoid,single_batch
1999,E17_B001242_S5.mus-7-0-1,11,myeloid leukocyte,Unmatched_11,single_batch
2000,E19_B001242_S7.mus-7-0-1,6,endothelial cell of hepatic sinusoid,hepatocyte,single_batch
2001,E20_B001242_S8.mus-7-0-1,5,neutrophil,neutrophil,single_batch
2002,E21_B001242_S9.mus-7-0-1,1,"CD4-positive, alpha-beta T cell",mature NK T cell,single_batch
2003,E2_B001242_S290.mus-7-0-1,6,hepatocyte,hepatocyte,single_batch
2004,E3_B001242_S291.mus-7-0-1,6,hepatocyte,hepatocyte,single_batch
2005,E7_B001242_S295.mus-7-0-1,4,endothelial cell of hepatic sinusoid,endothelial cell of hepatic sinusoid,single_batch
2006,F12_B001242_S24.mus-7-0-1,4,endothelial cell of hepatic sinusoid,endothelial cell of hepatic sinusoid,single_batch
2007,F13_B001242_S25.mus-7-0-1,12,Kupffer cell,Kupffer cell,single_batch
2008,F15_B001242_S27.mus-7-0-1,4,endothelial cell of hepatic sinusoid,endothelial cell of hepatic sinusoid,single_batch
2009,F17_B001242_S29.mus-7-0-1,4,endothelial cell of hepatic sinusoid,endothelial cell of hepatic sinusoid,single_batch
2010,F18_B001242_S30.mus-7-0-1,1,"CD4-positive, alpha-beta T cell",mature NK T cell,single_batch
2011,F19_B001242_S31.mus-7-0-1,4,endothelial cell of hepatic sinusoid,endothelial cell of hepatic sinusoid,single_batch
2012,F1_B001242_S13.mus-7-0-1,0,B cell,B cell,single_batch
2013,F20_B001242_S32.mus-7-0-1,9,myeloid leukocyte,Unmatched_9,single_batch
2014,F2_B001242_S14.mus-7-0-1,1,mature NK T cell,mature NK T cell,single_batch
2015,F3_B001242_S15.mus-7-0-1,1,mature NK T cell,mature NK T cell,single_batch
2016,G10_B001242_S46.mus-7-0-1,5,myeloid leukocyte,neutrophil,single_batch
2017,G13_B001242_S49.mus-7-0-1,4,endothelial cell of hepatic sinusoid,endothelial cell of hepatic sinusoid,single_batch
2018,G14_B001242_S50.mus-7-0-1,4,endothelial cell of hepatic sinusoid,endothelial cell of hepatic sinusoid,single_batch
2019,G15_B001242_S51.mus-7-0-1,6,endothelial cell of hepatic sinusoid,hepatocyte,single_batch
2020,G17_B001242_S53.mus-7-0-1,12,Kupffer cell,Kupffer cell,single_batch
2021,G18_B001242_S54.mus-7-0-1,4,endothelial cell of hepatic sinusoid,endothelial cell of hepatic sinusoid,single_batch
2022,G19_B001242_S55.mus-7-0-1,4,endothelial cell of hepatic sinusoid,endothelial cell of hepatic sinusoid,single_batch
2023,G1_B001242_S37.mus-7-0-1,0,B cell,B cell,single_batch
2024,G20_B001242_S56.mus-7-0-1,4,endothelial cell of hepatic sinusoid,endothelial cell of hepatic sinusoid,single_batch
2025,G21_B001242_S57.mus-7-0-1,1,mature NK T cell,mature NK T cell,single_batch
2026,G22_B001242_S58.mus-7-0-1,1,"CD4-positive, alpha-beta T cell",mature NK T cell,single_batch
2027,G2_B001242_S38.mus-7-0-1,6,hepatocyte,hepatocyte,single_batch
2028,G4_B001242_S40.mus-7-0-1,1,mature NK T cell,mature NK T cell,single_batch
2029,H11_B001242_S71.mus-7-0-1,6,endothelial cell of hepatic sinusoid,hepatocyte,single_batch
2030,H13_B001242_S73.mus-7-0-1,4,endothelial cell of hepatic sinusoid,endothelial cell of hepatic sinusoid,single_batch
2031,H14_B001242_S74.mus-7-0-1,6,endothelial cell of hepatic sinusoid,hepatocyte,single_batch
2032,H15_B001242_S75.mus-7-0-1,6,endothelial cell of hepatic sinusoid,hepatocyte,single_batch
2033,H16_B001242_S76.mus-7-0-1,14,myeloid leukocyte,myeloid leukocyte,single_batch
2034,H17_B001242_S77.mus-7-0-1,11,myeloid leukocyte,Unmatched_11,single_batch
2035,H18_B001242_S78.mus-7-0-1,14,Kupffer cell,myeloid leukocyte,single_batch
2036,H19_B001242_S79.mus-7-0-1,6,hepatocyte,hepatocyte,single_batch
2037,H1_B001242_S61.mus-7-0-1,6,hepatocyte,hepatocyte,single_batch
2038,H20_B001242_S80.mus-7-0-1,11,myeloid leukocyte,Unmatched_11,single_batch
2039,H2_B001242_S62.mus-7-0-1,0,B cell,B cell,single_batch
2040,H3_B001242_S63.mus-7-0-1,6,hepatocyte,hepatocyte,single_batch
2041,H4_B001242_S64.mus-7-0-1,1,mature NK T cell,mature NK T cell,single_batch
2042,H5_B001242_S65.mus-7-0-1,1,mature NK T cell,mature NK T cell,single_batch
2043,H8_B001242_S68.mus-7-0-1,12,hepatocyte,Kupffer cell,single_batch
2044,I10_B001242_S94.mus-7-0-1,12,Kupffer cell,Kupffer cell,single_batch
2045,I12_B001242_S96.mus-7-0-1,4,endothelial cell of hepatic sinusoid,endothelial cell of hepatic sinusoid,single_batch
2046,I13_B001242_S97.mus-7-0-1,4,endothelial cell of hepatic sinusoid,endothelial cell of hepatic sinusoid,single_batch
2047,I14_B001242_S98.mus-7-0-1,4,endothelial cell of hepatic sinusoid,endothelial cell of hepatic sinusoid,single_batch
2048,I16_B001242_S100.mus-7-0-1,4,endothelial cell of hepatic sinusoid,endothelial cell of hepatic sinusoid,single_batch
2049,I17_B001242_S101.mus-7-0-1,12,Kupffer cell,Kupffer cell,single_batch
2050,I18_B001242_S102.mus-7-0-1,4,endothelial cell of hepatic sinusoid,endothelial cell of hepatic sinusoid,single_batch
2051,I19_B001242_S103.mus-7-0-1,4,endothelial cell of hepatic sinusoid,endothelial cell of hepatic sinusoid,single_batch
2052,I1_B001242_S85.mus-7-0-1,8,myeloid leukocyte,T cell,single_batch
2053,I20_B001242_S104.mus-7-0-1,4,endothelial cell of hepatic sinusoid,endothelial cell of hepatic sinusoid,single_batch
2054,I21_B001242_S105.mus-7-0-1,1,"CD4-positive, alpha-beta T cell",mature NK T cell,single_batch
2055,I22_B001242_S106.mus-7-0-1,1,T cell,mature NK T cell,single_batch
2056,I3_B001242_S87.mus-7-0-1,1,mature NK T cell,mature NK T cell,single_batch
2057,I5_B001242_S89.mus-7-0-1,1,mature NK T cell,mature NK T cell,single_batch
2058,I8_B001242_S92.mus-7-0-1,12,Kupffer cell,Kupffer cell,single_batch
2059,J14_B001242_S122.mus-7-0-1,4,endothelial cell of hepatic sinusoid,endothelial cell of hepatic sinusoid,single_batch
2060,J16_B001242_S124.mus-7-0-1,4,endothelial cell of hepatic sinusoid,endothelial cell of hepatic sinusoid,single_batch
2061,J18_B001242_S126.mus-7-0-1,4,endothelial cell of hepatic sinusoid,endothelial cell of hepatic sinusoid,single_batch
2062,J19_B001242_S127.mus-7-0-1,12,Kupffer cell,Kupffer cell,single_batch
2063,J20_B001242_S128.mus-7-0-1,4,endothelial cell of hepatic sinusoid,endothelial cell of hepatic sinusoid,single_batch
2064,J21_B001242_S129.mus-7-0-1,6,hepatocyte,hepatocyte,single_batch
2065,J22_B001242_S130.mus-7-0-1,5,neutrophil,neutrophil,single_batch
2066,J2_B001242_S110.mus-7-0-1,1,mature NK T cell,mature NK T cell,single_batch
2067,J6_B001242_S114.mus-7-0-1,12,Kupffer cell,Kupffer cell,single_batch
2068,J7_B001242_S115.mus-7-0-1,12,Kupffer cell,Kupffer cell,single_batch
2069,J9_B001242_S117.mus-7-0-1,12,Kupffer cell,Kupffer cell,single_batch
2070,K11_B001242_S143.mus-7-0-1,4,endothelial cell of hepatic sinusoid,endothelial cell of hepatic sinusoid,single_batch
2071,K13_B001242_S145.mus-7-0-1,4,endothelial cell of hepatic sinusoid,endothelial cell of hepatic sinusoid,single_batch
2072,K16_B001242_S148.mus-7-0-1,5,neutrophil,neutrophil,single_batch
2073,K17_B001242_S149.mus-7-0-1,4,endothelial cell of hepatic sinusoid,endothelial cell of hepatic sinusoid,single_batch
2074,K18_B001242_S150.mus-7-0-1,2,NK cell,NK cell,single_batch
2075,K19_B001242_S151.mus-7-0-1,4,endothelial cell of hepatic sinusoid,endothelial cell of hepatic sinusoid,single_batch
2076,K20_B001242_S152.mus-7-0-1,4,endothelial cell of hepatic sinusoid,endothelial cell of hepatic sinusoid,single_batch
2077,K3_B001242_S135.mus-7-0-1,1,T cell,mature NK T cell,single_batch
2078,K4_B001242_S136.mus-7-0-1,1,mature NK T cell,mature NK T cell,single_batch
2079,L11_B001242_S167.mus-7-0-1,4,endothelial cell of hepatic sinusoid,endothelial cell of hepatic sinusoid,single_batch
2080,L13_B001242_S169.mus-7-0-1,4,endothelial cell of hepatic sinusoid,endothelial cell of hepatic sinusoid,single_batch
2081,L18_B001242_S174.mus-7-0-1,14,Kupffer cell,myeloid leukocyte,single_batch
2082,L19_B001242_S175.mus-7-0-1,6,hepatocyte,hepatocyte,single_batch
2083,L1_B001242_S157.mus-7-0-1,5,neutrophil,neutrophil,single_batch
2084,L20_B001242_S176.mus-7-0-1,5,neutrophil,neutrophil,single_batch
2085,L21_B001242_S177.mus-7-0-1,0,B cell,B cell,single_batch
2086,L5_B001242_S161.mus-7-0-1,1,T cell,mature NK T cell,single_batch
2087,L9_B001242_S165.mus-7-0-1,12,myeloid leukocyte,Kupffer cell,single_batch
2088,M11_B001242_S191.mus-7-0-1,4,endothelial cell of hepatic sinusoid,endothelial cell of hepatic sinusoid,single_batch
2089,M16_B001242_S196.mus-7-0-1,4,endothelial cell of hepatic sinusoid,endothelial cell of hepatic sinusoid,single_batch
2090,M17_B001242_S197.mus-7-0-1,4,endothelial cell of hepatic sinusoid,endothelial cell of hepatic sinusoid,single_batch
2091,M18_B001242_S198.mus-7-0-1,14,myeloid leukocyte,myeloid leukocyte,single_batch
2092,M19_B001242_S199.mus-7-0-1,4,endothelial cell of hepatic sinusoid,endothelial cell of hepatic sinusoid,single_batch
2093,M1_B001242_S181.mus-7-0-1,1,mature NK T cell,mature NK T cell,single_batch
2094,M3_B001242_S183.mus-7-0-1,1,"CD4-positive, alpha-beta T cell",mature NK T cell,single_batch
2095,M4_B001242_S184.mus-7-0-1,1,mature NK T cell,mature NK T cell,single_batch
2096,M5_B001242_S185.mus-7-0-1,0,B cell,B cell,single_batch
2097,N12_B001242_S216.mus-7-0-1,4,endothelial cell of hepatic sinusoid,endothelial cell of hepatic sinusoid,single_batch
2098,N13_B001242_S217.mus-7-0-1,4,endothelial cell of hepatic sinusoid,endothelial cell of hepatic sinusoid,single_batch
2099,N15_B001242_S219.mus-7-0-1,6,endothelial cell of hepatic sinusoid,hepatocyte,single_batch
2100,N17_B001242_S221.mus-7-0-1,4,endothelial cell of hepatic sinusoid,endothelial cell of hepatic sinusoid,single_batch
2101,N18_B001242_S222.mus-7-0-1,14,endothelial cell of hepatic sinusoid,myeloid leukocyte,single_batch
2102,N19_B001242_S223.mus-7-0-1,4,endothelial cell of hepatic sinusoid,endothelial cell of hepatic sinusoid,single_batch
2103,N20_B001242_S224.mus-7-0-1,12,Kupffer cell,Kupffer cell,single_batch
2104,N21_B001242_S225.mus-7-0-1,1,mature NK T cell,mature NK T cell,single_batch
2105,N5_B001242_S209.mus-7-0-1,14,myeloid leukocyte,myeloid leukocyte,single_batch
2106,N6_B001242_S210.mus-7-0-1,12,Kupffer cell,Kupffer cell,single_batch
2107,N8_B001242_S212.mus-7-0-1,1,hepatocyte,mature NK T cell,single_batch
2108,O12_B001242_S240.mus-7-0-1,4,endothelial cell of hepatic sinusoid,endothelial cell of hepatic sinusoid,single_batch
2109,O14_B001242_S242.mus-7-0-1,12,Kupffer cell,Kupffer cell,single_batch
2110,O16_B001242_S244.mus-7-0-1,4,endothelial cell of hepatic sinusoid,endothelial cell of hepatic sinusoid,single_batch
2111,O17_B001242_S245.mus-7-0-1,4,endothelial cell of hepatic sinusoid,endothelial cell of hepatic sinusoid,single_batch
2112,O18_B001242_S246.mus-7-0-1,4,endothelial cell of hepatic sinusoid,endothelial cell of hepatic sinusoid,single_batch
2113,O19_B001242_S247.mus-7-0-1,5,neutrophil,neutrophil,single_batch
2114,O1_B001242_S229.mus-7-0-1,1,mature NK T cell,mature NK T cell,single_batch
2115,O7_B001242_S235.mus-7-0-1,12,Kupffer cell,Kupffer cell,single_batch
2116,O9_B001242_S237.mus-7-0-1,12,Kupffer cell,Kupffer cell,single_batch
2117,P10_B001242_S262.mus-7-0-1,12,myeloid leukocyte,Kupffer cell,single_batch
2118,P13_B001242_S265.mus-7-0-1,4,endothelial cell of hepatic sinusoid,endothelial cell of hepatic sinusoid,single_batch
2119,P14_B001242_S266.mus-7-0-1,4,endothelial cell of hepatic sinusoid,endothelial cell of hepatic sinusoid,single_batch
2120,P16_B001242_S268.mus-7-0-1,4,endothelial cell of hepatic sinusoid,endothelial cell of hepatic sinusoid,single_batch
2121,P17_B001242_S269.mus-7-0-1,4,endothelial cell of hepatic sinusoid,endothelial cell of hepatic sinusoid,single_batch
2122,P19_B001242_S271.mus-7-0-1,4,endothelial cell of hepatic sinusoid,endothelial cell of hepatic sinusoid,single_batch
2123,P1_B001242_S253.mus-7-0-1,1,mature NK T cell,mature NK T cell,single_batch
2124,P20_B001242_S272.mus-7-0-1,9,myeloid leukocyte,Unmatched_9,single_batch
2125,P3_B001242_S255.mus-7-0-1,4,endothelial cell of hepatic sinusoid,endothelial cell of hepatic sinusoid,single_batch
2126,P5_B001242_S257.mus-7-0-1,1,mature NK T cell,mature NK T cell,single_batch
2127,P9_B001242_S261.mus-7-0-1,12,Kupffer cell,Kupffer cell,single_batch
2128,A1.MAA000907.3_11_M.1.1-1-1,1,mature NK T cell,mature NK T cell,single_batch
2129,A1.MAA100039.3_11_M.1.1-1-1,6,hepatocyte,hepatocyte,single_batch
2130,A1.MAA100138.3_56_F.1.1-1-1,3,hepatocyte,"CD4-positive, alpha-beta T cell",single_batch
2131,A1.MAA100140.3_57_F.1.1-1-1,3,hepatocyte,"CD4-positive, alpha-beta T cell",single_batch
2132,A10.MAA000907.3_11_M.1.1-1-1,4,endothelial cell of hepatic sinusoid,endothelial cell of hepatic sinusoid,single_batch
2133,A10.MAA100041.3_9_M.1.1-1-1,6,hepatocyte,hepatocyte,single_batch
2134,A10.MAA100138.3_56_F.1.1-1-1,3,hepatocyte,"CD4-positive, alpha-beta T cell",single_batch
2135,A11.MAA000907.3_11_M.1.1-1-1,4,endothelial cell of hepatic sinusoid,endothelial cell of hepatic sinusoid,single_batch
2136,A11.MAA100041.3_9_M.1.1-1-1,6,hepatocyte,hepatocyte,single_batch
2137,A11.MAA100138.3_56_F.1.1-1-1,3,hepatocyte,"CD4-positive, alpha-beta T cell",single_batch
2138,A11.MAA100140.3_57_F.1.1-1-1,6,hepatocyte,hepatocyte,single_batch
2139,A12.MAA000907.3_11_M.1.1-1-1,12,Kupffer cell,Kupffer cell,single_batch
2140,A12.MAA100042.3_9_M.1.1-1-1,6,hepatocyte,hepatocyte,single_batch
2141,A12.MAA100140.3_57_F.1.1-1-1,6,hepatocyte,hepatocyte,single_batch
2142,A13.MAA000907.3_11_M.1.1-1-1,12,Kupffer cell,Kupffer cell,single_batch
2143,A14.MAA000907.3_11_M.1.1-1-1,6,hepatocyte,hepatocyte,single_batch
2144,A15.MAA000907.3_11_M.1.1-1-1,12,Kupffer cell,Kupffer cell,single_batch
2145,A16.MAA000907.3_11_M.1.1-1-1,12,Kupffer cell,Kupffer cell,single_batch
2146,A17.MAA000907.3_11_M.1.1-1-1,11,myeloid leukocyte,Unmatched_11,single_batch
2147,A18.MAA000907.3_11_M.1.1-1-1,6,hepatocyte,hepatocyte,single_batch
2148,A19.MAA000907.3_11_M.1.1-1-1,4,endothelial cell of hepatic sinusoid,endothelial cell of hepatic sinusoid,single_batch
2149,A2.MAA000907.3_11_M.1.1-1-1,0,B cell,B cell,single_batch
2150,A2.MAA100039.3_11_M.1.1-1-1,6,hepatocyte,hepatocyte,single_batch
2151,A2.MAA100040.3_11_M.1.1-1-1,6,hepatocyte,hepatocyte,single_batch
2152,A2.MAA100138.3_56_F.1.1-1-1,3,hepatocyte,"CD4-positive, alpha-beta T cell",single_batch
2153,A2.MAA100140.3_57_F.1.1-1-1,3,hepatocyte,"CD4-positive, alpha-beta T cell",single_batch
2154,A20.MAA000907.3_11_M.1.1-1-1,4,endothelial cell of hepatic sinusoid,endothelial cell of hepatic sinusoid,single_batch
2155,A21.MAA000907.3_11_M.1.1-1-1,0,B cell,B cell,single_batch
2156,A22.MAA000907.3_11_M.1.1-1-1,11,myeloid leukocyte,Unmatched_11,single_batch
2157,A3.MAA000907.3_11_M.1.1-1-1,6,hepatocyte,hepatocyte,single_batch
2158,A3.MAA100039.3_11_M.1.1-1-1,6,hepatocyte,hepatocyte,single_batch
2159,A3.MAA100040.3_11_M.1.1-1-1,6,hepatocyte,hepatocyte,single_batch
2160,A3.MAA100138.3_56_F.1.1-1-1,3,hepatocyte,"CD4-positive, alpha-beta T cell",single_batch
2161,A3.MAA100140.3_57_F.1.1-1-1,3,hepatocyte,"CD4-positive, alpha-beta T cell",single_batch
2162,A4.MAA000907.3_11_M.1.1-1-1,0,B cell,B cell,single_batch
2163,A4.MAA100039.3_11_M.1.1-1-1,6,hepatocyte,hepatocyte,single_batch
2164,A4.MAA100041.3_9_M.1.1-1-1,6,hepatocyte,hepatocyte,single_batch
2165,A4.MAA100138.3_56_F.1.1-1-1,3,hepatocyte,"CD4-positive, alpha-beta T cell",single_batch
2166,A4.MAA100140.3_57_F.1.1-1-1,3,hepatocyte,"CD4-positive, alpha-beta T cell",single_batch
2167,A5.MAA000907.3_11_M.1.1-1-1,4,endothelial cell of hepatic sinusoid,endothelial cell of hepatic sinusoid,single_batch
2168,A5.MAA100039.3_11_M.1.1-1-1,6,hepatocyte,hepatocyte,single_batch
2169,A5.MAA100138.3_56_F.1.1-1-1,6,hepatocyte,hepatocyte,single_batch
2170,A5.MAA100140.3_57_F.1.1-1-1,6,hepatocyte,hepatocyte,single_batch
2171,A6.MAA000907.3_11_M.1.1-1-1,4,endothelial cell of hepatic sinusoid,endothelial cell of hepatic sinusoid,single_batch
2172,A6.MAA100039.3_11_M.1.1-1-1,6,hepatocyte,hepatocyte,single_batch
2173,A6.MAA100040.3_11_M.1.1-1-1,6,hepatocyte,hepatocyte,single_batch
2174,A6.MAA100042.3_9_M.1.1-1-1,6,hepatocyte,hepatocyte,single_batch
2175,A6.MAA100138.3_56_F.1.1-1-1,3,hepatocyte,"CD4-positive, alpha-beta T cell",single_batch
2176,A6.MAA100140.3_57_F.1.1-1-1,3,hepatocyte,"CD4-positive, alpha-beta T cell",single_batch
2177,A7.MAA000907.3_11_M.1.1-1-1,12,Kupffer cell,Kupffer cell,single_batch
2178,A7.MAA100040.3_11_M.1.1-1-1,6,hepatocyte,hepatocyte,single_batch
2179,A7.MAA100042.3_9_M.1.1-1-1,6,hepatocyte,hepatocyte,single_batch
2180,A7.MAA100138.3_56_F.1.1-1-1,3,hepatocyte,"CD4-positive, alpha-beta T cell",single_batch
2181,A7.MAA100140.3_57_F.1.1-1-1,3,hepatocyte,"CD4-positive, alpha-beta T cell",single_batch
2182,A8.MAA000907.3_11_M.1.1-1-1,1,mature NK T cell,mature NK T cell,single_batch
2183,A8.MAA100138.3_56_F.1.1-1-1,3,hepatocyte,"CD4-positive, alpha-beta T cell",single_batch
2184,A8.MAA100140.3_57_F.1.1-1-1,3,hepatocyte,"CD4-positive, alpha-beta T cell",single_batch
2185,A9.MAA000907.3_11_M.1.1-1-1,1,mature NK T cell,mature NK T cell,single_batch
2186,A9.MAA100039.3_11_M.1.1-1-1,6,hepatocyte,hepatocyte,single_batch
2187,A9.MAA100040.3_11_M.1.1-1-1,6,hepatocyte,hepatocyte,single_batch
2188,A9.MAA100042.3_9_M.1.1-1-1,6,hepatocyte,hepatocyte,single_batch
2189,A9.MAA100138.3_56_F.1.1-1-1,6,hepatocyte,hepatocyte,single_batch
2190,A9.MAA100140.3_57_F.1.1-1-1,6,hepatocyte,hepatocyte,single_batch
2191,B1.MAA000907.3_11_M.1.1-1-1,4,endothelial cell of hepatic sinusoid,endothelial cell of hepatic sinusoid,single_batch
2192,B1.MAA100039.3_11_M.1.1-1-1,6,hepatocyte,hepatocyte,single_batch
2193,B1.MAA100040.3_11_M.1.1-1-1,6,hepatocyte,hepatocyte,single_batch
2194,B1.MAA100138.3_56_F.1.1-1-1,3,hepatocyte,"CD4-positive, alpha-beta T cell",single_batch
2195,B1.MAA100140.3_57_F.1.1-1-1,6,hepatocyte,hepatocyte,single_batch
2196,B10.MAA000377.3_9_M.1.1-1-1,6,endothelial cell of hepatic sinusoid,hepatocyte,single_batch
2197,B10.MAA000907.3_11_M.1.1-1-1,6,hepatocyte,hepatocyte,single_batch
2198,B10.MAA100039.3_11_M.1.1-1-1,6,hepatocyte,hepatocyte,single_batch
2199,B10.MAA100040.3_11_M.1.1-1-1,6,hepatocyte,hepatocyte,single_batch
2200,B10.MAA100138.3_56_F.1.1-1-1,6,hepatocyte,hepatocyte,single_batch
2201,B11.MAA000907.3_11_M.1.1-1-1,0,B cell,B cell,single_batch
2202,B11.MAA100039.3_11_M.1.1-1-1,6,hepatocyte,hepatocyte,single_batch
2203,B11.MAA100042.3_9_M.1.1-1-1,6,hepatocyte,hepatocyte,single_batch
2204,B11.MAA100138.3_56_F.1.1-1-1,6,hepatocyte,hepatocyte,single_batch
2205,B12.MAA000907.3_11_M.1.1-1-1,4,endothelial cell of hepatic sinusoid,endothelial cell of hepatic sinusoid,single_batch
2206,B12.MAA100039.3_11_M.1.1-1-1,6,hepatocyte,hepatocyte,single_batch
2207,B12.MAA100041.3_9_M.1.1-1-1,6,hepatocyte,hepatocyte,single_batch
2208,B12.MAA100042.3_9_M.1.1-1-1,6,hepatocyte,hepatocyte,single_batch
2209,B12.MAA100140.3_57_F.1.1-1-1,6,hepatocyte,hepatocyte,single_batch
2210,B13.MAA000907.3_11_M.1.1-1-1,12,Kupffer cell,Kupffer cell,single_batch
2211,B14.MAA000377.3_9_M.1.1-1-1,6,hepatocyte,hepatocyte,single_batch
2212,B14.MAA000907.3_11_M.1.1-1-1,4,endothelial cell of hepatic sinusoid,endothelial cell of hepatic sinusoid,single_batch
2213,B15.MAA000907.3_11_M.1.1-1-1,4,endothelial cell of hepatic sinusoid,endothelial cell of hepatic sinusoid,single_batch
2214,B16.MAA000907.3_11_M.1.1-1-1,6,hepatocyte,hepatocyte,single_batch
2215,B17.MAA000907.3_11_M.1.1-1-1,4,endothelial cell of hepatic sinusoid,endothelial cell of hepatic sinusoid,single_batch
2216,B18.MAA000907.3_11_M.1.1-1-1,4,endothelial cell of hepatic sinusoid,endothelial cell of hepatic sinusoid,single_batch
2217,B19.MAA000907.3_11_M.1.1-1-1,12,Kupffer cell,Kupffer cell,single_batch
2218,B2.MAA000907.3_11_M.1.1-1-1,14,endothelial cell of hepatic sinusoid,myeloid leukocyte,single_batch
2219,B2.MAA100040.3_11_M.1.1-1-1,6,hepatocyte,hepatocyte,single_batch
2220,B2.MAA100138.3_56_F.1.1-1-1,3,hepatocyte,"CD4-positive, alpha-beta T cell",single_batch
2221,B2.MAA100140.3_57_F.1.1-1-1,3,hepatocyte,"CD4-positive, alpha-beta T cell",single_batch
2222,B20.MAA000907.3_11_M.1.1-1-1,4,endothelial cell of hepatic sinusoid,endothelial cell of hepatic sinusoid,single_batch
2223,B21.MAA000907.3_11_M.1.1-1-1,1,mature NK T cell,mature NK T cell,single_batch
2224,B22.MAA000907.3_11_M.1.1-1-1,6,hepatocyte,hepatocyte,single_batch
2225,B3.MAA000907.3_11_M.1.1-1-1,4,endothelial cell of hepatic sinusoid,endothelial cell of hepatic sinusoid,single_batch
2226,B3.MAA100039.3_11_M.1.1-1-1,6,hepatocyte,hepatocyte,single_batch
2227,B3.MAA100040.3_11_M.1.1-1-1,6,hepatocyte,hepatocyte,single_batch
2228,B3.MAA100041.3_9_M.1.1-1-1,6,hepatocyte,hepatocyte,single_batch
2229,B3.MAA100138.3_56_F.1.1-1-1,3,hepatocyte,"CD4-positive, alpha-beta T cell",single_batch
2230,B3.MAA100140.3_57_F.1.1-1-1,6,hepatocyte,hepatocyte,single_batch
2231,B4.MAA000907.3_11_M.1.1-1-1,0,B cell,B cell,single_batch
2232,B4.MAA100039.3_11_M.1.1-1-1,6,hepatocyte,hepatocyte,single_batch
2233,B4.MAA100040.3_11_M.1.1-1-1,6,hepatocyte,hepatocyte,single_batch
2234,B4.MAA100042.3_9_M.1.1-1-1,6,hepatocyte,hepatocyte,single_batch
2235,B4.MAA100138.3_56_F.1.1-1-1,3,hepatocyte,"CD4-positive, alpha-beta T cell",single_batch
2236,B4.MAA100140.3_57_F.1.1-1-1,3,hepatocyte,"CD4-positive, alpha-beta T cell",single_batch
2237,B5.MAA000907.3_11_M.1.1-1-1,4,endothelial cell of hepatic sinusoid,endothelial cell of hepatic sinusoid,single_batch
2238,B5.MAA100039.3_11_M.1.1-1-1,6,hepatocyte,hepatocyte,single_batch
2239,B5.MAA100138.3_56_F.1.1-1-1,3,hepatocyte,"CD4-positive, alpha-beta T cell",single_batch
2240,B5.MAA100140.3_57_F.1.1-1-1,3,hepatocyte,"CD4-positive, alpha-beta T cell",single_batch
2241,B6.MAA000377.3_9_M.1.1-1-1,4,endothelial cell of hepatic sinusoid,endothelial cell of hepatic sinusoid,single_batch
2242,B6.MAA000907.3_11_M.1.1-1-1,6,Kupffer cell,hepatocyte,single_batch
2243,B6.MAA100039.3_11_M.1.1-1-1,6,hepatocyte,hepatocyte,single_batch
2244,B6.MAA100040.3_11_M.1.1-1-1,6,hepatocyte,hepatocyte,single_batch
2245,B6.MAA100138.3_56_F.1.1-1-1,6,hepatocyte,hepatocyte,single_batch
2246,B6.MAA100140.3_57_F.1.1-1-1,3,hepatocyte,"CD4-positive, alpha-beta T cell",single_batch
2247,B7.MAA000377.3_9_M.1.1-1-1,8,myeloid leukocyte,T cell,single_batch
2248,B7.MAA000907.3_11_M.1.1-1-1,6,hepatocyte,hepatocyte,single_batch
2249,B7.MAA100039.3_11_M.1.1-1-1,6,hepatocyte,hepatocyte,single_batch
2250,B7.MAA100040.3_11_M.1.1-1-1,6,hepatocyte,hepatocyte,single_batch
2251,B7.MAA100041.3_9_M.1.1-1-1,7,hepatocyte,"CD8-positive, alpha-beta T cell",single_batch
2252,B7.MAA100138.3_56_F.1.1-1-1,6,hepatocyte,hepatocyte,single_batch
2253,B8.MAA000377.3_9_M.1.1-1-1,8,myeloid leukocyte,T cell,single_batch
2254,B8.MAA000907.3_11_M.1.1-1-1,4,endothelial cell of hepatic sinusoid,endothelial cell of hepatic sinusoid,single_batch
2255,B8.MAA100040.3_11_M.1.1-1-1,6,hepatocyte,hepatocyte,single_batch
2256,B8.MAA100138.3_56_F.1.1-1-1,3,hepatocyte,"CD4-positive, alpha-beta T cell",single_batch
2257,B9.MAA000907.3_11_M.1.1-1-1,6,mature NK T cell,hepatocyte,single_batch
2258,B9.MAA100039.3_11_M.1.1-1-1,6,hepatocyte,hepatocyte,single_batch
2259,B9.MAA100138.3_56_F.1.1-1-1,6,hepatocyte,hepatocyte,single_batch
2260,B9.MAA100140.3_57_F.1.1-1-1,3,hepatocyte,"CD4-positive, alpha-beta T cell",single_batch
2261,C1.MAA000907.3_11_M.1.1-1-1,5,neutrophil,neutrophil,single_batch
2262,C1.MAA100039.3_11_M.1.1-1-1,6,hepatocyte,hepatocyte,single_batch
2263,C1.MAA100040.3_11_M.1.1-1-1,6,hepatocyte,hepatocyte,single_batch
2264,C1.MAA100138.3_56_F.1.1-1-1,3,hepatocyte,"CD4-positive, alpha-beta T cell",single_batch
2265,C1.MAA100140.3_57_F.1.1-1-1,3,hepatocyte,"CD4-positive, alpha-beta T cell",single_batch
2266,C10.MAA000377.3_9_M.1.1-1-1,4,endothelial cell of hepatic sinusoid,endothelial cell of hepatic sinusoid,single_batch
2267,C10.MAA000907.3_11_M.1.1-1-1,4,endothelial cell of hepatic sinusoid,endothelial cell of hepatic sinusoid,single_batch
2268,C10.MAA100039.3_11_M.1.1-1-1,6,hepatocyte,hepatocyte,single_batch
2269,C10.MAA100040.3_11_M.1.1-1-1,6,hepatocyte,hepatocyte,single_batch
2270,C10.MAA100140.3_57_F.1.1-1-1,3,hepatocyte,"CD4-positive, alpha-beta T cell",single_batch
2271,C11.MAA000907.3_11_M.1.1-1-1,4,endothelial cell of hepatic sinusoid,endothelial cell of hepatic sinusoid,single_batch
2272,C11.MAA100039.3_11_M.1.1-1-1,6,hepatocyte,hepatocyte,single_batch
2273,C11.MAA100042.3_9_M.1.1-1-1,6,hepatocyte,hepatocyte,single_batch
2274,C11.MAA100138.3_56_F.1.1-1-1,3,hepatocyte,"CD4-positive, alpha-beta T cell",single_batch
2275,C11.MAA100140.3_57_F.1.1-1-1,3,hepatocyte,"CD4-positive, alpha-beta T cell",single_batch
2276,C12.MAA100039.3_11_M.1.1-1-1,6,hepatocyte,hepatocyte,single_batch
2277,C12.MAA100041.3_9_M.1.1-1-1,6,hepatocyte,hepatocyte,single_batch
2278,C12.MAA100042.3_9_M.1.1-1-1,6,hepatocyte,hepatocyte,single_batch
2279,C12.MAA100140.3_57_F.1.1-1-1,6,hepatocyte,hepatocyte,single_batch
2280,C13.MAA000377.3_9_M.1.1-1-1,4,endothelial cell of hepatic sinusoid,endothelial cell of hepatic sinusoid,single_batch
2281,C13.MAA000907.3_11_M.1.1-1-1,6,hepatocyte,hepatocyte,single_batch
2282,C14.MAA000377.3_9_M.1.1-1-1,12,Kupffer cell,Kupffer cell,single_batch
2283,C14.MAA000907.3_11_M.1.1-1-1,4,endothelial cell of hepatic sinusoid,endothelial cell of hepatic sinusoid,single_batch
2284,C15.MAA000907.3_11_M.1.1-1-1,12,Kupffer cell,Kupffer cell,single_batch
2285,C16.MAA000907.3_11_M.1.1-1-1,4,endothelial cell of hepatic sinusoid,endothelial cell of hepatic sinusoid,single_batch
2286,C17.MAA000907.3_11_M.1.1-1-1,4,endothelial cell of hepatic sinusoid,endothelial cell of hepatic sinusoid,single_batch
2287,C18.MAA000377.3_9_M.1.1-1-1,4,endothelial cell of hepatic sinusoid,endothelial cell of hepatic sinusoid,single_batch
2288,C18.MAA000907.3_11_M.1.1-1-1,4,endothelial cell of hepatic sinusoid,endothelial cell of hepatic sinusoid,single_batch
2289,C19.MAA000907.3_11_M.1.1-1-1,6,hepatocyte,hepatocyte,single_batch
2290,C2.MAA000907.3_11_M.1.1-1-1,4,endothelial cell of hepatic sinusoid,endothelial cell of hepatic sinusoid,single_batch
2291,C2.MAA100039.3_11_M.1.1-1-1,6,hepatocyte,hepatocyte,single_batch
2292,C2.MAA100138.3_56_F.1.1-1-1,3,hepatocyte,"CD4-positive, alpha-beta T cell",single_batch
2293,C2.MAA100140.3_57_F.1.1-1-1,3,hepatocyte,"CD4-positive, alpha-beta T cell",single_batch
2294,C20.MAA000907.3_11_M.1.1-1-1,4,endothelial cell of hepatic sinusoid,endothelial cell of hepatic sinusoid,single_batch
2295,C21.MAA000907.3_11_M.1.1-1-1,1,mature NK T cell,mature NK T cell,single_batch
2296,C22.MAA000907.3_11_M.1.1-1-1,0,B cell,B cell,single_batch
2297,C3.MAA000907.3_11_M.1.1-1-1,4,endothelial cell of hepatic sinusoid,endothelial cell of hepatic sinusoid,single_batch
2298,C3.MAA100041.3_9_M.1.1-1-1,6,hepatocyte,hepatocyte,single_batch
2299,C3.MAA100138.3_56_F.1.1-1-1,3,hepatocyte,"CD4-positive, alpha-beta T cell",single_batch
2300,C3.MAA100140.3_57_F.1.1-1-1,3,hepatocyte,"CD4-positive, alpha-beta T cell",single_batch
2301,C4.MAA000907.3_11_M.1.1-1-1,4,endothelial cell of hepatic sinusoid,endothelial cell of hepatic sinusoid,single_batch
2302,C4.MAA100039.3_11_M.1.1-1-1,6,hepatocyte,hepatocyte,single_batch
2303,C4.MAA100040.3_11_M.1.1-1-1,6,hepatocyte,hepatocyte,single_batch
2304,C4.MAA100042.3_9_M.1.1-1-1,6,hepatocyte,hepatocyte,single_batch
2305,C4.MAA100138.3_56_F.1.1-1-1,3,hepatocyte,"CD4-positive, alpha-beta T cell",single_batch
2306,C4.MAA100140.3_57_F.1.1-1-1,3,hepatocyte,"CD4-positive, alpha-beta T cell",single_batch
2307,C5.MAA000907.3_11_M.1.1-1-1,1,mature NK T cell,mature NK T cell,single_batch
2308,C5.MAA100140.3_57_F.1.1-1-1,3,hepatocyte,"CD4-positive, alpha-beta T cell",single_batch
2309,C6.MAA000907.3_11_M.1.1-1-1,1,mature NK T cell,mature NK T cell,single_batch
2310,C6.MAA100039.3_11_M.1.1-1-1,6,hepatocyte,hepatocyte,single_batch
2311,C6.MAA100040.3_11_M.1.1-1-1,6,hepatocyte,hepatocyte,single_batch
2312,C6.MAA100042.3_9_M.1.1-1-1,6,hepatocyte,hepatocyte,single_batch
2313,C6.MAA100138.3_56_F.1.1-1-1,6,hepatocyte,hepatocyte,single_batch
2314,C6.MAA100140.3_57_F.1.1-1-1,6,hepatocyte,hepatocyte,single_batch
2315,C7.MAA100040.3_11_M.1.1-1-1,6,hepatocyte,hepatocyte,single_batch
2316,C7.MAA100042.3_9_M.1.1-1-1,6,hepatocyte,hepatocyte,single_batch
2317,C7.MAA100138.3_56_F.1.1-1-1,6,hepatocyte,hepatocyte,single_batch
2318,C7.MAA100140.3_57_F.1.1-1-1,3,hepatocyte,"CD4-positive, alpha-beta T cell",single_batch
2319,C8.MAA000907.3_11_M.1.1-1-1,4,endothelial cell of hepatic sinusoid,endothelial cell of hepatic sinusoid,single_batch
2320,C8.MAA100039.3_11_M.1.1-1-1,6,hepatocyte,hepatocyte,single_batch
2321,C8.MAA100041.3_9_M.1.1-1-1,6,hepatocyte,hepatocyte,single_batch
2322,C8.MAA100138.3_56_F.1.1-1-1,3,hepatocyte,"CD4-positive, alpha-beta T cell",single_batch
2323,C8.MAA100140.3_57_F.1.1-1-1,6,hepatocyte,hepatocyte,single_batch
2324,C9.MAA000907.3_11_M.1.1-1-1,6,hepatocyte,hepatocyte,single_batch
2325,C9.MAA100039.3_11_M.1.1-1-1,6,hepatocyte,hepatocyte,single_batch
2326,C9.MAA100041.3_9_M.1.1-1-1,6,hepatocyte,hepatocyte,single_batch
2327,C9.MAA100042.3_9_M.1.1-1-1,6,hepatocyte,hepatocyte,single_batch
2328,C9.MAA100140.3_57_F.1.1-1-1,3,hepatocyte,"CD4-positive, alpha-beta T cell",single_batch
2329,D1.MAA000907.3_11_M.1.1-1-1,5,neutrophil,neutrophil,single_batch
2330,D1.MAA100039.3_11_M.1.1-1-1,6,hepatocyte,hepatocyte,single_batch
2331,D1.MAA100042.3_9_M.1.1-1-1,6,hepatocyte,hepatocyte,single_batch
2332,D1.MAA100138.3_56_F.1.1-1-1,3,hepatocyte,"CD4-positive, alpha-beta T cell",single_batch
2333,D1.MAA100140.3_57_F.1.1-1-1,3,hepatocyte,"CD4-positive, alpha-beta T cell",single_batch
2334,D10.MAA000907.3_11_M.1.1-1-1,4,endothelial cell of hepatic sinusoid,endothelial cell of hepatic sinusoid,single_batch
2335,D10.MAA100039.3_11_M.1.1-1-1,6,hepatocyte,hepatocyte,single_batch
2336,D10.MAA100041.3_9_M.1.1-1-1,6,hepatocyte,hepatocyte,single_batch
2337,D10.MAA100138.3_56_F.1.1-1-1,6,hepatocyte,hepatocyte,single_batch
2338,D10.MAA100140.3_57_F.1.1-1-1,3,hepatocyte,"CD4-positive, alpha-beta T cell",single_batch
2339,D11.MAA000907.3_11_M.1.1-1-1,1,mature NK T cell,mature NK T cell,single_batch
2340,D11.MAA100039.3_11_M.1.1-1-1,6,hepatocyte,hepatocyte,single_batch
2341,D11.MAA100041.3_9_M.1.1-1-1,14,myeloid leukocyte,myeloid leukocyte,single_batch
2342,D11.MAA100138.3_56_F.1.1-1-1,3,hepatocyte,"CD4-positive, alpha-beta T cell",single_batch
2343,D11.MAA100140.3_57_F.1.1-1-1,6,hepatocyte,hepatocyte,single_batch
2344,D12.MAA000377.3_9_M.1.1-1-1,4,endothelial cell of hepatic sinusoid,endothelial cell of hepatic sinusoid,single_batch
2345,D12.MAA000907.3_11_M.1.1-1-1,12,Kupffer cell,Kupffer cell,single_batch
2346,D12.MAA100039.3_11_M.1.1-1-1,6,hepatocyte,hepatocyte,single_batch
2347,D12.MAA100042.3_9_M.1.1-1-1,6,hepatocyte,hepatocyte,single_batch
2348,D12.MAA100138.3_56_F.1.1-1-1,3,hepatocyte,"CD4-positive, alpha-beta T cell",single_batch
2349,D12.MAA100140.3_57_F.1.1-1-1,6,hepatocyte,hepatocyte,single_batch
2350,D13.MAA000907.3_11_M.1.1-1-1,4,endothelial cell of hepatic sinusoid,endothelial cell of hepatic sinusoid,single_batch
2351,D14.MAA000907.3_11_M.1.1-1-1,6,endothelial cell of hepatic sinusoid,hepatocyte,single_batch
2352,D15.MAA000377.3_9_M.1.1-1-1,6,hepatocyte,hepatocyte,single_batch
2353,D15.MAA000907.3_11_M.1.1-1-1,0,B cell,B cell,single_batch
2354,D17.MAA000907.3_11_M.1.1-1-1,4,endothelial cell of hepatic sinusoid,endothelial cell of hepatic sinusoid,single_batch
2355,D18.MAA000907.3_11_M.1.1-1-1,4,endothelial cell of hepatic sinusoid,endothelial cell of hepatic sinusoid,single_batch
2356,D2.MAA000907.3_11_M.1.1-1-1,0,B cell,B cell,single_batch
2357,D2.MAA100039.3_11_M.1.1-1-1,6,hepatocyte,hepatocyte,single_batch
2358,D2.MAA100040.3_11_M.1.1-1-1,6,hepatocyte,hepatocyte,single_batch
2359,D2.MAA100041.3_9_M.1.1-1-1,6,hepatocyte,hepatocyte,single_batch
2360,D2.MAA100138.3_56_F.1.1-1-1,3,hepatocyte,"CD4-positive, alpha-beta T cell",single_batch
2361,D2.MAA100140.3_57_F.1.1-1-1,3,hepatocyte,"CD4-positive, alpha-beta T cell",single_batch
2362,D20.MAA000907.3_11_M.1.1-1-1,8,myeloid leukocyte,T cell,single_batch
2363,D21.MAA000907.3_11_M.1.1-1-1,0,B cell,B cell,single_batch
2364,D22.MAA000907.3_11_M.1.1-1-1,1,T cell,mature NK T cell,single_batch
2365,D3.MAA000907.3_11_M.1.1-1-1,6,hepatocyte,hepatocyte,single_batch
2366,D3.MAA100039.3_11_M.1.1-1-1,6,hepatocyte,hepatocyte,single_batch
2367,D3.MAA100040.3_11_M.1.1-1-1,6,hepatocyte,hepatocyte,single_batch
2368,D3.MAA100041.3_9_M.1.1-1-1,6,hepatocyte,hepatocyte,single_batch
2369,D3.MAA100138.3_56_F.1.1-1-1,6,hepatocyte,hepatocyte,single_batch
2370,D4.MAA000907.3_11_M.1.1-1-1,4,endothelial cell of hepatic sinusoid,endothelial cell of hepatic sinusoid,single_batch
2371,D4.MAA100039.3_11_M.1.1-1-1,6,hepatocyte,hepatocyte,single_batch
2372,D4.MAA100040.3_11_M.1.1-1-1,6,hepatocyte,hepatocyte,single_batch
2373,D4.MAA100138.3_56_F.1.1-1-1,3,hepatocyte,"CD4-positive, alpha-beta T cell",single_batch
2374,D4.MAA100140.3_57_F.1.1-1-1,3,hepatocyte,"CD4-positive, alpha-beta T cell",single_batch
2375,D5.MAA000907.3_11_M.1.1-1-1,4,endothelial cell of hepatic sinusoid,endothelial cell of hepatic sinusoid,single_batch
2376,D5.MAA100039.3_11_M.1.1-1-1,6,hepatocyte,hepatocyte,single_batch
2377,D5.MAA100040.3_11_M.1.1-1-1,6,hepatocyte,hepatocyte,single_batch
2378,D5.MAA100138.3_56_F.1.1-1-1,3,hepatocyte,"CD4-positive, alpha-beta T cell",single_batch
2379,D5.MAA100140.3_57_F.1.1-1-1,3,hepatocyte,"CD4-positive, alpha-beta T cell",single_batch
2380,D6.MAA000907.3_11_M.1.1-1-1,4,endothelial cell of hepatic sinusoid,endothelial cell of hepatic sinusoid,single_batch
2381,D6.MAA100039.3_11_M.1.1-1-1,6,hepatocyte,hepatocyte,single_batch
2382,D6.MAA100138.3_56_F.1.1-1-1,6,hepatocyte,hepatocyte,single_batch
2383,D6.MAA100140.3_57_F.1.1-1-1,3,hepatocyte,"CD4-positive, alpha-beta T cell",single_batch
2384,D7.MAA000907.3_11_M.1.1-1-1,4,endothelial cell of hepatic sinusoid,endothelial cell of hepatic sinusoid,single_batch
2385,D7.MAA100039.3_11_M.1.1-1-1,6,hepatocyte,hepatocyte,single_batch
2386,D7.MAA100042.3_9_M.1.1-1-1,6,hepatocyte,hepatocyte,single_batch
2387,D7.MAA100138.3_56_F.1.1-1-1,6,hepatocyte,hepatocyte,single_batch
2388,D8.MAA100039.3_11_M.1.1-1-1,6,hepatocyte,hepatocyte,single_batch
2389,D8.MAA100042.3_9_M.1.1-1-1,6,hepatocyte,hepatocyte,single_batch
2390,D8.MAA100140.3_57_F.1.1-1-1,6,hepatocyte,hepatocyte,single_batch
2391,D9.MAA000907.3_11_M.1.1-1-1,6,hepatocyte,hepatocyte,single_batch
2392,D9.MAA100039.3_11_M.1.1-1-1,6,hepatocyte,hepatocyte,single_batch
2393,D9.MAA100138.3_56_F.1.1-1-1,6,hepatocyte,hepatocyte,single_batch
2394,E1.MAA000907.3_11_M.1.1-1-1,4,endothelial cell of hepatic sinusoid,endothelial cell of hepatic sinusoid,single_batch
2395,E1.MAA100039.3_11_M.1.1-1-1,6,hepatocyte,hepatocyte,single_batch
2396,E1.MAA100042.3_9_M.1.1-1-1,6,hepatocyte,hepatocyte,single_batch
2397,E1.MAA100138.3_56_F.1.1-1-1,3,hepatocyte,"CD4-positive, alpha-beta T cell",single_batch
2398,E1.MAA100140.3_57_F.1.1-1-1,6,hepatocyte,hepatocyte,single_batch
2399,E10.MAA100039.3_11_M.1.1-1-1,6,hepatocyte,hepatocyte,single_batch
2400,E10.MAA100138.3_56_F.1.1-1-1,3,hepatocyte,"CD4-positive, alpha-beta T cell",single_batch
2401,E10.MAA100140.3_57_F.1.1-1-1,3,hepatocyte,"CD4-positive, alpha-beta T cell",single_batch
2402,E11.MAA000907.3_11_M.1.1-1-1,4,endothelial cell of hepatic sinusoid,endothelial cell of hepatic sinusoid,single_batch
2403,E11.MAA100039.3_11_M.1.1-1-1,6,hepatocyte,hepatocyte,single_batch
2404,E11.MAA100138.3_56_F.1.1-1-1,3,hepatocyte,"CD4-positive, alpha-beta T cell",single_batch
2405,E11.MAA100140.3_57_F.1.1-1-1,3,hepatocyte,"CD4-positive, alpha-beta T cell",single_batch
2406,E12.MAA000907.3_11_M.1.1-1-1,8,myeloid leukocyte,T cell,single_batch
2407,E12.MAA100138.3_56_F.1.1-1-1,6,hepatocyte,hepatocyte,single_batch
2408,E12.MAA100140.3_57_F.1.1-1-1,6,hepatocyte,hepatocyte,single_batch
2409,E14.MAA000377.3_9_M.1.1-1-1,4,endothelial cell of hepatic sinusoid,endothelial cell of hepatic sinusoid,single_batch
2410,E14.MAA000907.3_11_M.1.1-1-1,4,endothelial cell of hepatic sinusoid,endothelial cell of hepatic sinusoid,single_batch
2411,E15.MAA000907.3_11_M.1.1-1-1,1,mature NK T cell,mature NK T cell,single_batch
2412,E16.MAA000907.3_11_M.1.1-1-1,4,endothelial cell of hepatic sinusoid,endothelial cell of hepatic sinusoid,single_batch
2413,E17.MAA000907.3_11_M.1.1-1-1,4,endothelial cell of hepatic sinusoid,endothelial cell of hepatic sinusoid,single_batch
2414,E18.MAA000907.3_11_M.1.1-1-1,5,myeloid leukocyte,neutrophil,single_batch
2415,E19.MAA000907.3_11_M.1.1-1-1,1,mature NK T cell,mature NK T cell,single_batch
2416,E2.MAA000907.3_11_M.1.1-1-1,4,endothelial cell of hepatic sinusoid,endothelial cell of hepatic sinusoid,single_batch
2417,E2.MAA100039.3_11_M.1.1-1-1,6,hepatocyte,hepatocyte,single_batch
2418,E2.MAA100042.3_9_M.1.1-1-1,6,hepatocyte,hepatocyte,single_batch
2419,E2.MAA100138.3_56_F.1.1-1-1,3,hepatocyte,"CD4-positive, alpha-beta T cell",single_batch
2420,E2.MAA100140.3_57_F.1.1-1-1,3,hepatocyte,"CD4-positive, alpha-beta T cell",single_batch
2421,E20.MAA000907.3_11_M.1.1-1-1,4,endothelial cell of hepatic sinusoid,endothelial cell of hepatic sinusoid,single_batch
2422,E21.MAA000907.3_11_M.1.1-1-1,4,endothelial cell of hepatic sinusoid,endothelial cell of hepatic sinusoid,single_batch
2423,E22.MAA000907.3_11_M.1.1-1-1,4,endothelial cell of hepatic sinusoid,endothelial cell of hepatic sinusoid,single_batch
2424,E3.MAA000907.3_11_M.1.1-1-1,4,endothelial cell of hepatic sinusoid,endothelial cell of hepatic sinusoid,single_batch
2425,E3.MAA100039.3_11_M.1.1-1-1,6,hepatocyte,hepatocyte,single_batch
2426,E3.MAA100040.3_11_M.1.1-1-1,6,hepatocyte,hepatocyte,single_batch
2427,E3.MAA100042.3_9_M.1.1-1-1,6,hepatocyte,hepatocyte,single_batch
2428,E3.MAA100138.3_56_F.1.1-1-1,3,hepatocyte,"CD4-positive, alpha-beta T cell",single_batch
2429,E3.MAA100140.3_57_F.1.1-1-1,3,hepatocyte,"CD4-positive, alpha-beta T cell",single_batch
2430,E4.MAA000907.3_11_M.1.1-1-1,4,endothelial cell of hepatic sinusoid,endothelial cell of hepatic sinusoid,single_batch
2431,E4.MAA100039.3_11_M.1.1-1-1,6,hepatocyte,hepatocyte,single_batch
2432,E4.MAA100042.3_9_M.1.1-1-1,6,hepatocyte,hepatocyte,single_batch
2433,E4.MAA100138.3_56_F.1.1-1-1,3,hepatocyte,"CD4-positive, alpha-beta T cell",single_batch
2434,E4.MAA100140.3_57_F.1.1-1-1,3,hepatocyte,"CD4-positive, alpha-beta T cell",single_batch
2435,E5.MAA000907.3_11_M.1.1-1-1,1,mature NK T cell,mature NK T cell,single_batch
2436,E5.MAA100040.3_11_M.1.1-1-1,6,hepatocyte,hepatocyte,single_batch
2437,E5.MAA100138.3_56_F.1.1-1-1,3,hepatocyte,"CD4-positive, alpha-beta T cell",single_batch
2438,E5.MAA100140.3_57_F.1.1-1-1,3,hepatocyte,"CD4-positive, alpha-beta T cell",single_batch
2439,E6.MAA000907.3_11_M.1.1-1-1,4,endothelial cell of hepatic sinusoid,endothelial cell of hepatic sinusoid,single_batch
2440,E6.MAA100042.3_9_M.1.1-1-1,6,hepatocyte,hepatocyte,single_batch
2441,E6.MAA100138.3_56_F.1.1-1-1,6,hepatocyte,hepatocyte,single_batch
2442,E6.MAA100140.3_57_F.1.1-1-1,6,hepatocyte,hepatocyte,single_batch
2443,E7.MAA000907.3_11_M.1.1-1-1,4,endothelial cell of hepatic sinusoid,endothelial cell of hepatic sinusoid,single_batch
2444,E7.MAA100040.3_11_M.1.1-1-1,6,hepatocyte,hepatocyte,single_batch
2445,E7.MAA100138.3_56_F.1.1-1-1,6,hepatocyte,hepatocyte,single_batch
2446,E7.MAA100140.3_57_F.1.1-1-1,3,hepatocyte,"CD4-positive, alpha-beta T cell",single_batch
2447,E8.MAA000907.3_11_M.1.1-1-1,14,myeloid leukocyte,myeloid leukocyte,single_batch
2448,E8.MAA100039.3_11_M.1.1-1-1,6,hepatocyte,hepatocyte,single_batch
2449,E8.MAA100040.3_11_M.1.1-1-1,6,hepatocyte,hepatocyte,single_batch
2450,E8.MAA100138.3_56_F.1.1-1-1,3,hepatocyte,"CD4-positive, alpha-beta T cell",single_batch
2451,E8.MAA100140.3_57_F.1.1-1-1,3,hepatocyte,"CD4-positive, alpha-beta T cell",single_batch
2452,E9.MAA000907.3_11_M.1.1-1-1,6,endothelial cell of hepatic sinusoid,hepatocyte,single_batch
2453,E9.MAA100041.3_9_M.1.1-1-1,7,hepatocyte,"CD8-positive, alpha-beta T cell",single_batch
2454,E9.MAA100138.3_56_F.1.1-1-1,6,hepatocyte,hepatocyte,single_batch
2455,E9.MAA100140.3_57_F.1.1-1-1,6,hepatocyte,hepatocyte,single_batch
2456,F1.MAA000907.3_11_M.1.1-1-1,1,mature NK T cell,mature NK T cell,single_batch
2457,F1.MAA100039.3_11_M.1.1-1-1,6,hepatocyte,hepatocyte,single_batch
2458,F1.MAA100138.3_56_F.1.1-1-1,3,hepatocyte,"CD4-positive, alpha-beta T cell",single_batch
2459,F1.MAA100140.3_57_F.1.1-1-1,3,hepatocyte,"CD4-positive, alpha-beta T cell",single_batch
2460,F10.MAA000377.3_9_M.1.1-1-1,6,hepatocyte,hepatocyte,single_batch
2461,F10.MAA100042.3_9_M.1.1-1-1,6,hepatocyte,hepatocyte,single_batch
2462,F10.MAA100138.3_56_F.1.1-1-1,6,hepatocyte,hepatocyte,single_batch
2463,F10.MAA100140.3_57_F.1.1-1-1,6,hepatocyte,hepatocyte,single_batch
2464,F11.MAA000377.3_9_M.1.1-1-1,6,hepatocyte,hepatocyte,single_batch
2465,F11.MAA000907.3_11_M.1.1-1-1,4,endothelial cell of hepatic sinusoid,endothelial cell of hepatic sinusoid,single_batch
2466,F11.MAA100042.3_9_M.1.1-1-1,6,hepatocyte,hepatocyte,single_batch
2467,F11.MAA100138.3_56_F.1.1-1-1,6,hepatocyte,hepatocyte,single_batch
2468,F12.MAA000907.3_11_M.1.1-1-1,4,endothelial cell of hepatic sinusoid,endothelial cell of hepatic sinusoid,single_batch
2469,F12.MAA100039.3_11_M.1.1-1-1,6,hepatocyte,hepatocyte,single_batch
2470,F13.MAA000377.3_9_M.1.1-1-1,6,hepatocyte,hepatocyte,single_batch
2471,F13.MAA000907.3_11_M.1.1-1-1,4,endothelial cell of hepatic sinusoid,endothelial cell of hepatic sinusoid,single_batch
2472,F15.MAA000377.3_9_M.1.1-1-1,6,hepatocyte,hepatocyte,single_batch
2473,F15.MAA000907.3_11_M.1.1-1-1,1,mature NK T cell,mature NK T cell,single_batch
2474,F16.MAA000377.3_9_M.1.1-1-1,4,endothelial cell of hepatic sinusoid,endothelial cell of hepatic sinusoid,single_batch
2475,F16.MAA000907.3_11_M.1.1-1-1,1,mature NK T cell,mature NK T cell,single_batch
2476,F17.MAA000377.3_9_M.1.1-1-1,6,hepatocyte,hepatocyte,single_batch
2477,F17.MAA000907.3_11_M.1.1-1-1,1,mature NK T cell,mature NK T cell,single_batch
2478,F18.MAA000377.3_9_M.1.1-1-1,1,mature NK T cell,mature NK T cell,single_batch
2479,F18.MAA000907.3_11_M.1.1-1-1,4,endothelial cell of hepatic sinusoid,endothelial cell of hepatic sinusoid,single_batch
2480,F19.MAA000377.3_9_M.1.1-1-1,6,hepatocyte,hepatocyte,single_batch
2481,F19.MAA000907.3_11_M.1.1-1-1,12,Kupffer cell,Kupffer cell,single_batch
2482,F2.MAA000907.3_11_M.1.1-1-1,4,endothelial cell of hepatic sinusoid,endothelial cell of hepatic sinusoid,single_batch
2483,F2.MAA100039.3_11_M.1.1-1-1,6,hepatocyte,hepatocyte,single_batch
2484,F2.MAA100138.3_56_F.1.1-1-1,3,hepatocyte,"CD4-positive, alpha-beta T cell",single_batch
2485,F2.MAA100140.3_57_F.1.1-1-1,3,hepatocyte,"CD4-positive, alpha-beta T cell",single_batch
2486,F20.MAA000377.3_9_M.1.1-1-1,4,endothelial cell of hepatic sinusoid,endothelial cell of hepatic sinusoid,single_batch
2487,F20.MAA000907.3_11_M.1.1-1-1,6,hepatocyte,hepatocyte,single_batch
2488,F21.MAA000907.3_11_M.1.1-1-1,1,T cell,mature NK T cell,single_batch
2489,F22.MAA000907.3_11_M.1.1-1-1,6,hepatocyte,hepatocyte,single_batch
2490,F3.MAA000907.3_11_M.1.1-1-1,4,endothelial cell of hepatic sinusoid,endothelial cell of hepatic sinusoid,single_batch
2491,F3.MAA100039.3_11_M.1.1-1-1,7,hepatocyte,"CD8-positive, alpha-beta T cell",single_batch
2492,F3.MAA100040.3_11_M.1.1-1-1,6,hepatocyte,hepatocyte,single_batch
2493,F3.MAA100042.3_9_M.1.1-1-1,6,hepatocyte,hepatocyte,single_batch
2494,F3.MAA100138.3_56_F.1.1-1-1,3,hepatocyte,"CD4-positive, alpha-beta T cell",single_batch
2495,F3.MAA100140.3_57_F.1.1-1-1,6,hepatocyte,hepatocyte,single_batch
2496,F4.MAA000907.3_11_M.1.1-1-1,1,mature NK T cell,mature NK T cell,single_batch
2497,F4.MAA100039.3_11_M.1.1-1-1,6,hepatocyte,hepatocyte,single_batch
2498,F4.MAA100042.3_9_M.1.1-1-1,6,hepatocyte,hepatocyte,single_batch
2499,F4.MAA100138.3_56_F.1.1-1-1,3,hepatocyte,"CD4-positive, alpha-beta T cell",single_batch
2500,F4.MAA100140.3_57_F.1.1-1-1,3,hepatocyte,"CD4-positive, alpha-beta T cell",single_batch
2501,F5.MAA100039.3_11_M.1.1-1-1,6,hepatocyte,hepatocyte,single_batch
2502,F5.MAA100040.3_11_M.1.1-1-1,6,hepatocyte,hepatocyte,single_batch
2503,F5.MAA100042.3_9_M.1.1-1-1,6,hepatocyte,hepatocyte,single_batch
2504,F5.MAA100138.3_56_F.1.1-1-1,3,hepatocyte,"CD4-positive, alpha-beta T cell",single_batch
2505,F5.MAA100140.3_57_F.1.1-1-1,6,hepatocyte,hepatocyte,single_batch
2506,F6.MAA000907.3_11_M.1.1-1-1,12,Kupffer cell,Kupffer cell,single_batch
2507,F6.MAA100039.3_11_M.1.1-1-1,6,hepatocyte,hepatocyte,single_batch
2508,F6.MAA100040.3_11_M.1.1-1-1,6,hepatocyte,hepatocyte,single_batch
2509,F6.MAA100042.3_9_M.1.1-1-1,6,hepatocyte,hepatocyte,single_batch
2510,F6.MAA100138.3_56_F.1.1-1-1,3,hepatocyte,"CD4-positive, alpha-beta T cell",single_batch
2511,F6.MAA100140.3_57_F.1.1-1-1,3,hepatocyte,"CD4-positive, alpha-beta T cell",single_batch
2512,F7.MAA000907.3_11_M.1.1-1-1,4,endothelial cell of hepatic sinusoid,endothelial cell of hepatic sinusoid,single_batch
2513,F7.MAA100039.3_11_M.1.1-1-1,6,hepatocyte,hepatocyte,single_batch
2514,F7.MAA100040.3_11_M.1.1-1-1,6,hepatocyte,hepatocyte,single_batch
2515,F7.MAA100138.3_56_F.1.1-1-1,6,hepatocyte,hepatocyte,single_batch
2516,F7.MAA100140.3_57_F.1.1-1-1,3,hepatocyte,"CD4-positive, alpha-beta T cell",single_batch
2517,F8.MAA000907.3_11_M.1.1-1-1,4,endothelial cell of hepatic sinusoid,endothelial cell of hepatic sinusoid,single_batch
2518,F8.MAA100039.3_11_M.1.1-1-1,6,hepatocyte,hepatocyte,single_batch
2519,F8.MAA100040.3_11_M.1.1-1-1,6,hepatocyte,hepatocyte,single_batch
2520,F8.MAA100042.3_9_M.1.1-1-1,6,hepatocyte,hepatocyte,single_batch
2521,F8.MAA100138.3_56_F.1.1-1-1,3,hepatocyte,"CD4-positive, alpha-beta T cell",single_batch
2522,F8.MAA100140.3_57_F.1.1-1-1,6,hepatocyte,hepatocyte,single_batch
2523,F9.MAA100039.3_11_M.1.1-1-1,6,hepatocyte,hepatocyte,single_batch
2524,F9.MAA100040.3_11_M.1.1-1-1,6,hepatocyte,hepatocyte,single_batch
2525,F9.MAA100042.3_9_M.1.1-1-1,6,hepatocyte,hepatocyte,single_batch
2526,F9.MAA100138.3_56_F.1.1-1-1,3,hepatocyte,"CD4-positive, alpha-beta T cell",single_batch
2527,F9.MAA100140.3_57_F.1.1-1-1,3,hepatocyte,"CD4-positive, alpha-beta T cell",single_batch
2528,G1.MAA000907.3_11_M.1.1-1-1,0,B cell,B cell,single_batch
2529,G1.MAA100042.3_9_M.1.1-1-1,6,hepatocyte,hepatocyte,single_batch
2530,G1.MAA100140.3_57_F.1.1-1-1,3,hepatocyte,"CD4-positive, alpha-beta T cell",single_batch
2531,G10.MAA100039.3_11_M.1.1-1-1,6,hepatocyte,hepatocyte,single_batch
2532,G10.MAA100138.3_56_F.1.1-1-1,3,hepatocyte,"CD4-positive, alpha-beta T cell",single_batch
2533,G10.MAA100140.3_57_F.1.1-1-1,3,hepatocyte,"CD4-positive, alpha-beta T cell",single_batch
2534,G11.MAA000377.3_9_M.1.1-1-1,4,endothelial cell of hepatic sinusoid,endothelial cell of hepatic sinusoid,single_batch
2535,G11.MAA000907.3_11_M.1.1-1-1,1,mature NK T cell,mature NK T cell,single_batch
2536,G11.MAA100039.3_11_M.1.1-1-1,6,hepatocyte,hepatocyte,single_batch
2537,G11.MAA100138.3_56_F.1.1-1-1,3,hepatocyte,"CD4-positive, alpha-beta T cell",single_batch
2538,G11.MAA100140.3_57_F.1.1-1-1,6,hepatocyte,hepatocyte,single_batch
2539,G12.MAA100039.3_11_M.1.1-1-1,6,hepatocyte,hepatocyte,single_batch
2540,G13.MAA000377.3_9_M.1.1-1-1,6,hepatocyte,hepatocyte,single_batch
2541,G15.MAA000377.3_9_M.1.1-1-1,0,B cell,B cell,single_batch
2542,G15.MAA000907.3_11_M.1.1-1-1,4,endothelial cell of hepatic sinusoid,endothelial cell of hepatic sinusoid,single_batch
2543,G16.MAA000907.3_11_M.1.1-1-1,6,hepatocyte,hepatocyte,single_batch
2544,G18.MAA000377.3_9_M.1.1-1-1,6,hepatocyte,hepatocyte,single_batch
2545,G18.MAA000907.3_11_M.1.1-1-1,0,B cell,B cell,single_batch
2546,G19.MAA000377.3_9_M.1.1-1-1,1,mature NK T cell,mature NK T cell,single_batch
2547,G19.MAA000907.3_11_M.1.1-1-1,1,mature NK T cell,mature NK T cell,single_batch
2548,G2.MAA000907.3_11_M.1.1-1-1,12,Kupffer cell,Kupffer cell,single_batch
2549,G2.MAA100040.3_11_M.1.1-1-1,6,hepatocyte,hepatocyte,single_batch
2550,G2.MAA100138.3_56_F.1.1-1-1,3,hepatocyte,"CD4-positive, alpha-beta T cell",single_batch
2551,G20.MAA000907.3_11_M.1.1-1-1,2,NK cell,NK cell,single_batch
2552,G21.MAA000907.3_11_M.1.1-1-1,0,B cell,B cell,single_batch
2553,G22.MAA000907.3_11_M.1.1-1-1,1,mature NK T cell,mature NK T cell,single_batch
2554,G3.MAA100042.3_9_M.1.1-1-1,6,hepatocyte,hepatocyte,single_batch
2555,G3.MAA100140.3_57_F.1.1-1-1,6,hepatocyte,hepatocyte,single_batch
2556,G4.MAA000907.3_11_M.1.1-1-1,4,endothelial cell of hepatic sinusoid,endothelial cell of hepatic sinusoid,single_batch
2557,G4.MAA100039.3_11_M.1.1-1-1,6,hepatocyte,hepatocyte,single_batch
2558,G4.MAA100040.3_11_M.1.1-1-1,6,hepatocyte,hepatocyte,single_batch
2559,G4.MAA100042.3_9_M.1.1-1-1,6,hepatocyte,hepatocyte,single_batch
2560,G4.MAA100138.3_56_F.1.1-1-1,3,hepatocyte,"CD4-positive, alpha-beta T cell",single_batch
2561,G4.MAA100140.3_57_F.1.1-1-1,6,hepatocyte,hepatocyte,single_batch
2562,G5.MAA000907.3_11_M.1.1-1-1,4,endothelial cell of hepatic sinusoid,endothelial cell of hepatic sinusoid,single_batch
2563,G5.MAA100040.3_11_M.1.1-1-1,6,hepatocyte,hepatocyte,single_batch
2564,G5.MAA100138.3_56_F.1.1-1-1,3,hepatocyte,"CD4-positive, alpha-beta T cell",single_batch
2565,G6.MAA000907.3_11_M.1.1-1-1,0,B cell,B cell,single_batch
2566,G6.MAA100039.3_11_M.1.1-1-1,6,hepatocyte,hepatocyte,single_batch
2567,G6.MAA100040.3_11_M.1.1-1-1,6,hepatocyte,hepatocyte,single_batch
2568,G6.MAA100138.3_56_F.1.1-1-1,6,hepatocyte,hepatocyte,single_batch
2569,G6.MAA100140.3_57_F.1.1-1-1,3,hepatocyte,"CD4-positive, alpha-beta T cell",single_batch
2570,G7.MAA000907.3_11_M.1.1-1-1,4,endothelial cell of hepatic sinusoid,endothelial cell of hepatic sinusoid,single_batch
2571,G7.MAA100039.3_11_M.1.1-1-1,6,hepatocyte,hepatocyte,single_batch
2572,G7.MAA100040.3_11_M.1.1-1-1,6,hepatocyte,hepatocyte,single_batch
2573,G7.MAA100042.3_9_M.1.1-1-1,6,hepatocyte,hepatocyte,single_batch
2574,G7.MAA100138.3_56_F.1.1-1-1,6,hepatocyte,hepatocyte,single_batch
2575,G8.MAA100039.3_11_M.1.1-1-1,6,hepatocyte,hepatocyte,single_batch
2576,G8.MAA100042.3_9_M.1.1-1-1,6,hepatocyte,hepatocyte,single_batch
2577,G8.MAA100138.3_56_F.1.1-1-1,6,hepatocyte,hepatocyte,single_batch
2578,G8.MAA100140.3_57_F.1.1-1-1,3,hepatocyte,"CD4-positive, alpha-beta T cell",single_batch
2579,G9.MAA000907.3_11_M.1.1-1-1,4,endothelial cell of hepatic sinusoid,endothelial cell of hepatic sinusoid,single_batch
2580,G9.MAA100039.3_11_M.1.1-1-1,6,hepatocyte,hepatocyte,single_batch
2581,G9.MAA100042.3_9_M.1.1-1-1,6,hepatocyte,hepatocyte,single_batch
2582,G9.MAA100138.3_56_F.1.1-1-1,6,hepatocyte,hepatocyte,single_batch
2583,H1.MAA000907.3_11_M.1.1-1-1,4,endothelial cell of hepatic sinusoid,endothelial cell of hepatic sinusoid,single_batch
2584,H1.MAA100039.3_11_M.1.1-1-1,6,hepatocyte,hepatocyte,single_batch
2585,H1.MAA100041.3_9_M.1.1-1-1,6,hepatocyte,hepatocyte,single_batch
2586,H1.MAA100042.3_9_M.1.1-1-1,6,hepatocyte,hepatocyte,single_batch
2587,H1.MAA100138.3_56_F.1.1-1-1,3,hepatocyte,"CD4-positive, alpha-beta T cell",single_batch
2588,H1.MAA100140.3_57_F.1.1-1-1,3,hepatocyte,"CD4-positive, alpha-beta T cell",single_batch
2589,H10.MAA000907.3_11_M.1.1-1-1,4,endothelial cell of hepatic sinusoid,endothelial cell of hepatic sinusoid,single_batch
2590,H10.MAA100039.3_11_M.1.1-1-1,6,hepatocyte,hepatocyte,single_batch
2591,H10.MAA100041.3_9_M.1.1-1-1,6,hepatocyte,hepatocyte,single_batch
2592,H11.MAA000907.3_11_M.1.1-1-1,6,hepatocyte,hepatocyte,single_batch
2593,H11.MAA100039.3_11_M.1.1-1-1,6,hepatocyte,hepatocyte,single_batch
2594,H11.MAA100040.3_11_M.1.1-1-1,6,hepatocyte,hepatocyte,single_batch
2595,H11.MAA100041.3_9_M.1.1-1-1,6,hepatocyte,hepatocyte,single_batch
2596,H11.MAA100138.3_56_F.1.1-1-1,6,hepatocyte,hepatocyte,single_batch
2597,H11.MAA100140.3_57_F.1.1-1-1,6,hepatocyte,hepatocyte,single_batch
2598,H12.MAA000377.3_9_M.1.1-1-1,1,mature NK T cell,mature NK T cell,single_batch
2599,H12.MAA000907.3_11_M.1.1-1-1,4,endothelial cell of hepatic sinusoid,endothelial cell of hepatic sinusoid,single_batch
2600,H12.MAA100040.3_11_M.1.1-1-1,6,hepatocyte,hepatocyte,single_batch
2601,H12.MAA100041.3_9_M.1.1-1-1,6,hepatocyte,hepatocyte,single_batch
2602,H12.MAA100042.3_9_M.1.1-1-1,6,hepatocyte,hepatocyte,single_batch
2603,H12.MAA100138.3_56_F.1.1-1-1,3,hepatocyte,"CD4-positive, alpha-beta T cell",single_batch
2604,H12.MAA100140.3_57_F.1.1-1-1,3,hepatocyte,"CD4-positive, alpha-beta T cell",single_batch
2605,H13.MAA000377.3_9_M.1.1-1-1,12,Kupffer cell,Kupffer cell,single_batch
2606,H13.MAA000907.3_11_M.1.1-1-1,6,hepatocyte,hepatocyte,single_batch
2607,H14.MAA000377.3_9_M.1.1-1-1,12,Kupffer cell,Kupffer cell,single_batch
2608,H14.MAA000907.3_11_M.1.1-1-1,6,hepatocyte,hepatocyte,single_batch
2609,H15.MAA000907.3_11_M.1.1-1-1,0,B cell,B cell,single_batch
2610,H16.MAA000377.3_9_M.1.1-1-1,12,Kupffer cell,Kupffer cell,single_batch
2611,H16.MAA000907.3_11_M.1.1-1-1,4,endothelial cell of hepatic sinusoid,endothelial cell of hepatic sinusoid,single_batch
2612,H17.MAA000377.3_9_M.1.1-1-1,12,Kupffer cell,Kupffer cell,single_batch
2613,H17.MAA000907.3_11_M.1.1-1-1,12,Kupffer cell,Kupffer cell,single_batch
2614,H18.MAA000907.3_11_M.1.1-1-1,12,Kupffer cell,Kupffer cell,single_batch
2615,H2.MAA000907.3_11_M.1.1-1-1,12,Kupffer cell,Kupffer cell,single_batch
2616,H2.MAA100039.3_11_M.1.1-1-1,6,hepatocyte,hepatocyte,single_batch
2617,H2.MAA100041.3_9_M.1.1-1-1,6,hepatocyte,hepatocyte,single_batch
2618,H2.MAA100042.3_9_M.1.1-1-1,6,hepatocyte,hepatocyte,single_batch
2619,H2.MAA100138.3_56_F.1.1-1-1,3,hepatocyte,"CD4-positive, alpha-beta T cell",single_batch
2620,H2.MAA100140.3_57_F.1.1-1-1,3,hepatocyte,"CD4-positive, alpha-beta T cell",single_batch
2621,H20.MAA000377.3_9_M.1.1-1-1,6,hepatocyte,hepatocyte,single_batch
2622,H20.MAA000907.3_11_M.1.1-1-1,4,endothelial cell of hepatic sinusoid,endothelial cell of hepatic sinusoid,single_batch
2623,H22.MAA000907.3_11_M.1.1-1-1,8,myeloid leukocyte,T cell,single_batch
2624,H3.MAA000377.3_9_M.1.1-1-1,6,hepatocyte,hepatocyte,single_batch
2625,H3.MAA000907.3_11_M.1.1-1-1,4,endothelial cell of hepatic sinusoid,endothelial cell of hepatic sinusoid,single_batch
2626,H3.MAA100040.3_11_M.1.1-1-1,6,hepatocyte,hepatocyte,single_batch
2627,H3.MAA100041.3_9_M.1.1-1-1,6,hepatocyte,hepatocyte,single_batch
2628,H3.MAA100138.3_56_F.1.1-1-1,3,hepatocyte,"CD4-positive, alpha-beta T cell",single_batch
2629,H3.MAA100140.3_57_F.1.1-1-1,3,hepatocyte,"CD4-positive, alpha-beta T cell",single_batch
2630,H4.MAA100039.3_11_M.1.1-1-1,6,hepatocyte,hepatocyte,single_batch
2631,H4.MAA100140.3_57_F.1.1-1-1,3,hepatocyte,"CD4-positive, alpha-beta T cell",single_batch
2632,H5.MAA000907.3_11_M.1.1-1-1,4,endothelial cell of hepatic sinusoid,endothelial cell of hepatic sinusoid,single_batch
2633,H5.MAA100042.3_9_M.1.1-1-1,6,hepatocyte,hepatocyte,single_batch
2634,H5.MAA100138.3_56_F.1.1-1-1,3,hepatocyte,"CD4-positive, alpha-beta T cell",single_batch
2635,H5.MAA100140.3_57_F.1.1-1-1,6,hepatocyte,hepatocyte,single_batch
2636,H6.MAA000907.3_11_M.1.1-1-1,6,hepatocyte,hepatocyte,single_batch
2637,H6.MAA100042.3_9_M.1.1-1-1,6,hepatocyte,hepatocyte,single_batch
2638,H6.MAA100138.3_56_F.1.1-1-1,6,hepatocyte,hepatocyte,single_batch
2639,H6.MAA100140.3_57_F.1.1-1-1,6,hepatocyte,hepatocyte,single_batch
2640,H7.MAA000907.3_11_M.1.1-1-1,1,mature NK T cell,mature NK T cell,single_batch
2641,H7.MAA100039.3_11_M.1.1-1-1,6,hepatocyte,hepatocyte,single_batch
2642,H7.MAA100140.3_57_F.1.1-1-1,6,hepatocyte,hepatocyte,single_batch
2643,H8.MAA100039.3_11_M.1.1-1-1,6,hepatocyte,hepatocyte,single_batch
2644,H8.MAA100041.3_9_M.1.1-1-1,6,hepatocyte,hepatocyte,single_batch
2645,H8.MAA100138.3_56_F.1.1-1-1,6,hepatocyte,hepatocyte,single_batch
2646,H9.MAA000907.3_11_M.1.1-1-1,4,endothelial cell of hepatic sinusoid,endothelial cell of hepatic sinusoid,single_batch
2647,H9.MAA100041.3_9_M.1.1-1-1,6,hepatocyte,hepatocyte,single_batch
2648,H9.MAA100042.3_9_M.1.1-1-1,6,hepatocyte,hepatocyte,single_batch
2649,H9.MAA100138.3_56_F.1.1-1-1,6,hepatocyte,hepatocyte,single_batch
2650,H9.MAA100140.3_57_F.1.1-1-1,3,hepatocyte,"CD4-positive, alpha-beta T cell",single_batch
2651,I1.MAA000907.3_11_M.1.1-1-1,4,endothelial cell of hepatic sinusoid,endothelial cell of hepatic sinusoid,single_batch
2652,I10.MAA000907.3_11_M.1.1-1-1,4,endothelial cell of hepatic sinusoid,endothelial cell of hepatic sinusoid,single_batch
2653,I14.MAA000377.3_9_M.1.1-1-1,6,hepatocyte,hepatocyte,single_batch
2654,I14.MAA000907.3_11_M.1.1-1-1,4,endothelial cell of hepatic sinusoid,endothelial cell of hepatic sinusoid,single_batch
2655,I15.MAA000377.3_9_M.1.1-1-1,4,endothelial cell of hepatic sinusoid,endothelial cell of hepatic sinusoid,single_batch
2656,I16.MAA000907.3_11_M.1.1-1-1,4,endothelial cell of hepatic sinusoid,endothelial cell of hepatic sinusoid,single_batch
2657,I18.MAA000907.3_11_M.1.1-1-1,4,endothelial cell of hepatic sinusoid,endothelial cell of hepatic sinusoid,single_batch
2658,I19.MAA000907.3_11_M.1.1-1-1,4,endothelial cell of hepatic sinusoid,endothelial cell of hepatic sinusoid,single_batch
2659,I2.MAA000907.3_11_M.1.1-1-1,0,B cell,B cell,single_batch
2660,I20.MAA000907.3_11_M.1.1-1-1,4,endothelial cell of hepatic sinusoid,endothelial cell of hepatic sinusoid,single_batch
2661,I21.MAA000907.3_11_M.1.1-1-1,4,endothelial cell of hepatic sinusoid,endothelial cell of hepatic sinusoid,single_batch
2662,I22.MAA000377.3_9_M.1.1-1-1,1,"CD4-positive, alpha-beta T cell",mature NK T cell,single_batch
2663,I22.MAA000907.3_11_M.1.1-1-1,4,endothelial cell of hepatic sinusoid,endothelial cell of hepatic sinusoid,single_batch
2664,I4.MAA000907.3_11_M.1.1-1-1,12,Kupffer cell,Kupffer cell,single_batch
2665,I7.MAA000907.3_11_M.1.1-1-1,4,endothelial cell of hepatic sinusoid,endothelial cell of hepatic sinusoid,single_batch
2666,I8.MAA000907.3_11_M.1.1-1-1,6,hepatocyte,hepatocyte,single_batch
2667,I9.MAA000377.3_9_M.1.1-1-1,12,Kupffer cell,Kupffer cell,single_batch
2668,I9.MAA000907.3_11_M.1.1-1-1,6,hepatocyte,hepatocyte,single_batch
2669,J1.MAA000907.3_11_M.1.1-1-1,12,Kupffer cell,Kupffer cell,single_batch
2670,J10.MAA000907.3_11_M.1.1-1-1,4,endothelial cell of hepatic sinusoid,endothelial cell of hepatic sinusoid,single_batch
2671,J11.MAA000907.3_11_M.1.1-1-1,6,hepatocyte,hepatocyte,single_batch
2672,J12.MAA000377.3_9_M.1.1-1-1,1,endothelial cell of hepatic sinusoid,mature NK T cell,single_batch
2673,J12.MAA000907.3_11_M.1.1-1-1,4,endothelial cell of hepatic sinusoid,endothelial cell of hepatic sinusoid,single_batch
2674,J13.MAA000907.3_11_M.1.1-1-1,4,endothelial cell of hepatic sinusoid,endothelial cell of hepatic sinusoid,single_batch
2675,J14.MAA000907.3_11_M.1.1-1-1,6,hepatocyte,hepatocyte,single_batch
2676,J15.MAA000907.3_11_M.1.1-1-1,4,endothelial cell of hepatic sinusoid,endothelial cell of hepatic sinusoid,single_batch
2677,J16.MAA000377.3_9_M.1.1-1-1,12,Kupffer cell,Kupffer cell,single_batch
2678,J16.MAA000907.3_11_M.1.1-1-1,4,endothelial cell of hepatic sinusoid,endothelial cell of hepatic sinusoid,single_batch
2679,J17.MAA000377.3_9_M.1.1-1-1,6,hepatocyte,hepatocyte,single_batch
2680,J17.MAA000907.3_11_M.1.1-1-1,4,endothelial cell of hepatic sinusoid,endothelial cell of hepatic sinusoid,single_batch
2681,J18.MAA000377.3_9_M.1.1-1-1,4,endothelial cell of hepatic sinusoid,endothelial cell of hepatic sinusoid,single_batch
2682,J19.MAA000907.3_11_M.1.1-1-1,11,myeloid leukocyte,Unmatched_11,single_batch
2683,J2.MAA000907.3_11_M.1.1-1-1,4,endothelial cell of hepatic sinusoid,endothelial cell of hepatic sinusoid,single_batch
2684,J20.MAA000377.3_9_M.1.1-1-1,2,NK cell,NK cell,single_batch
2685,J20.MAA000907.3_11_M.1.1-1-1,4,endothelial cell of hepatic sinusoid,endothelial cell of hepatic sinusoid,single_batch
2686,J21.MAA000377.3_9_M.1.1-1-1,12,Kupffer cell,Kupffer cell,single_batch
2687,J21.MAA000907.3_11_M.1.1-1-1,12,Kupffer cell,Kupffer cell,single_batch
2688,J22.MAA000377.3_9_M.1.1-1-1,12,Kupffer cell,Kupffer cell,single_batch
2689,J4.MAA000907.3_11_M.1.1-1-1,12,Kupffer cell,Kupffer cell,single_batch
2690,J5.MAA000907.3_11_M.1.1-1-1,12,Kupffer cell,Kupffer cell,single_batch
2691,J7.MAA000907.3_11_M.1.1-1-1,4,endothelial cell of hepatic sinusoid,endothelial cell of hepatic sinusoid,single_batch
2692,J8.MAA000907.3_11_M.1.1-1-1,12,Kupffer cell,Kupffer cell,single_batch
2693,J9.MAA000907.3_11_M.1.1-1-1,4,endothelial cell of hepatic sinusoid,endothelial cell of hepatic sinusoid,single_batch
2694,K1.MAA000907.3_11_M.1.1-1-1,12,Kupffer cell,Kupffer cell,single_batch
2695,K10.MAA000907.3_11_M.1.1-1-1,6,hepatocyte,hepatocyte,single_batch
2696,K11.MAA000377.3_9_M.1.1-1-1,4,hepatocyte,endothelial cell of hepatic sinusoid,single_batch
2697,K11.MAA000907.3_11_M.1.1-1-1,6,hepatocyte,hepatocyte,single_batch
2698,K13.MAA000377.3_9_M.1.1-1-1,4,endothelial cell of hepatic sinusoid,endothelial cell of hepatic sinusoid,single_batch
2699,K13.MAA000907.3_11_M.1.1-1-1,4,endothelial cell of hepatic sinusoid,endothelial cell of hepatic sinusoid,single_batch
2700,K14.MAA000377.3_9_M.1.1-1-1,4,endothelial cell of hepatic sinusoid,endothelial cell of hepatic sinusoid,single_batch
2701,K14.MAA000907.3_11_M.1.1-1-1,4,endothelial cell of hepatic sinusoid,endothelial cell of hepatic sinusoid,single_batch
2702,K15.MAA000377.3_9_M.1.1-1-1,6,hepatocyte,hepatocyte,single_batch
2703,K15.MAA000907.3_11_M.1.1-1-1,12,hepatocyte,Kupffer cell,single_batch
2704,K17.MAA000377.3_9_M.1.1-1-1,0,B cell,B cell,single_batch
2705,K17.MAA000907.3_11_M.1.1-1-1,0,B cell,B cell,single_batch
2706,K18.MAA000377.3_9_M.1.1-1-1,6,endothelial cell of hepatic sinusoid,hepatocyte,single_batch
2707,K18.MAA000907.3_11_M.1.1-1-1,4,endothelial cell of hepatic sinusoid,endothelial cell of hepatic sinusoid,single_batch
2708,K2.MAA000907.3_11_M.1.1-1-1,4,endothelial cell of hepatic sinusoid,endothelial cell of hepatic sinusoid,single_batch
2709,K20.MAA000907.3_11_M.1.1-1-1,4,endothelial cell of hepatic sinusoid,endothelial cell of hepatic sinusoid,single_batch
2710,K21.MAA000907.3_11_M.1.1-1-1,4,endothelial cell of hepatic sinusoid,endothelial cell of hepatic sinusoid,single_batch
2711,K22.MAA000907.3_11_M.1.1-1-1,6,hepatocyte,hepatocyte,single_batch
2712,K3.MAA000907.3_11_M.1.1-1-1,4,endothelial cell of hepatic sinusoid,endothelial cell of hepatic sinusoid,single_batch
2713,K4.MAA000907.3_11_M.1.1-1-1,4,endothelial cell of hepatic sinusoid,endothelial cell of hepatic sinusoid,single_batch
2714,K5.MAA000907.3_11_M.1.1-1-1,12,Kupffer cell,Kupffer cell,single_batch
2715,K6.MAA000907.3_11_M.1.1-1-1,12,Kupffer cell,Kupffer cell,single_batch
2716,K7.MAA000907.3_11_M.1.1-1-1,0,B cell,B cell,single_batch
2717,K8.MAA000907.3_11_M.1.1-1-1,4,endothelial cell of hepatic sinusoid,endothelial cell of hepatic sinusoid,single_batch
2718,K9.MAA000377.3_9_M.1.1-1-1,6,hepatocyte,hepatocyte,single_batch
2719,K9.MAA000907.3_11_M.1.1-1-1,1,myeloid leukocyte,mature NK T cell,single_batch
2720,L1.MAA000907.3_11_M.1.1-1-1,9,myeloid leukocyte,Unmatched_9,single_batch
2721,L10.MAA000907.3_11_M.1.1-1-1,6,hepatocyte,hepatocyte,single_batch
2722,L11.MAA000377.3_9_M.1.1-1-1,6,hepatocyte,hepatocyte,single_batch
2723,L11.MAA000907.3_11_M.1.1-1-1,4,endothelial cell of hepatic sinusoid,endothelial cell of hepatic sinusoid,single_batch
2724,L12.MAA000377.3_9_M.1.1-1-1,14,Kupffer cell,myeloid leukocyte,single_batch
2725,L12.MAA000907.3_11_M.1.1-1-1,0,B cell,B cell,single_batch
2726,L13.MAA000377.3_9_M.1.1-1-1,0,B cell,B cell,single_batch
2727,L13.MAA000907.3_11_M.1.1-1-1,12,Kupffer cell,Kupffer cell,single_batch
2728,L14.MAA000907.3_11_M.1.1-1-1,4,endothelial cell of hepatic sinusoid,endothelial cell of hepatic sinusoid,single_batch
2729,L15.MAA000377.3_9_M.1.1-1-1,1,myeloid leukocyte,mature NK T cell,single_batch
2730,L15.MAA000907.3_11_M.1.1-1-1,6,hepatocyte,hepatocyte,single_batch
2731,L16.MAA000907.3_11_M.1.1-1-1,4,endothelial cell of hepatic sinusoid,endothelial cell of hepatic sinusoid,single_batch
2732,L17.MAA000907.3_11_M.1.1-1-1,0,B cell,B cell,single_batch
2733,L18.MAA000907.3_11_M.1.1-1-1,4,endothelial cell of hepatic sinusoid,endothelial cell of hepatic sinusoid,single_batch
2734,L19.MAA000907.3_11_M.1.1-1-1,4,endothelial cell of hepatic sinusoid,endothelial cell of hepatic sinusoid,single_batch
2735,L2.MAA000907.3_11_M.1.1-1-1,4,endothelial cell of hepatic sinusoid,endothelial cell of hepatic sinusoid,single_batch
2736,L20.MAA000907.3_11_M.1.1-1-1,4,endothelial cell of hepatic sinusoid,endothelial cell of hepatic sinusoid,single_batch
2737,L21.MAA000907.3_11_M.1.1-1-1,4,endothelial cell of hepatic sinusoid,endothelial cell of hepatic sinusoid,single_batch
2738,L22.MAA000907.3_11_M.1.1-1-1,6,hepatocyte,hepatocyte,single_batch
2739,L3.MAA000907.3_11_M.1.1-1-1,12,Kupffer cell,Kupffer cell,single_batch
2740,L4.MAA000907.3_11_M.1.1-1-1,4,endothelial cell of hepatic sinusoid,endothelial cell of hepatic sinusoid,single_batch
2741,L5.MAA000907.3_11_M.1.1-1-1,4,endothelial cell of hepatic sinusoid,endothelial cell of hepatic sinusoid,single_batch
2742,L6.MAA000907.3_11_M.1.1-1-1,0,B cell,B cell,single_batch
2743,L7.MAA000377.3_9_M.1.1-1-1,6,endothelial cell of hepatic sinusoid,hepatocyte,single_batch
2744,L7.MAA000907.3_11_M.1.1-1-1,4,endothelial cell of hepatic sinusoid,endothelial cell of hepatic sinusoid,single_batch
2745,L8.MAA000907.3_11_M.1.1-1-1,4,endothelial cell of hepatic sinusoid,endothelial cell of hepatic sinusoid,single_batch
2746,L9.MAA000377.3_9_M.1.1-1-1,0,B cell,B cell,single_batch
2747,L9.MAA000907.3_11_M.1.1-1-1,4,endothelial cell of hepatic sinusoid,endothelial cell of hepatic sinusoid,single_batch
2748,M1.MAA000907.3_11_M.1.1-1-1,0,B cell,B cell,single_batch
2749,M10.MAA000377.3_9_M.1.1-1-1,5,myeloid leukocyte,neutrophil,single_batch
2750,M10.MAA000907.3_11_M.1.1-1-1,1,mature NK T cell,mature NK T cell,single_batch
2751,M11.MAA000907.3_11_M.1.1-1-1,4,endothelial cell of hepatic sinusoid,endothelial cell of hepatic sinusoid,single_batch
2752,M12.MAA000907.3_11_M.1.1-1-1,6,hepatocyte,hepatocyte,single_batch
2753,M13.MAA000907.3_11_M.1.1-1-1,4,endothelial cell of hepatic sinusoid,endothelial cell of hepatic sinusoid,single_batch
2754,M14.MAA000907.3_11_M.1.1-1-1,4,endothelial cell of hepatic sinusoid,endothelial cell of hepatic sinusoid,single_batch
2755,M15.MAA000377.3_9_M.1.1-1-1,1,mature NK T cell,mature NK T cell,single_batch
2756,M15.MAA000907.3_11_M.1.1-1-1,0,B cell,B cell,single_batch
2757,M16.MAA000377.3_9_M.1.1-1-1,6,hepatocyte,hepatocyte,single_batch
2758,M16.MAA000907.3_11_M.1.1-1-1,4,endothelial cell of hepatic sinusoid,endothelial cell of hepatic sinusoid,single_batch
2759,M17.MAA000907.3_11_M.1.1-1-1,2,NK cell,NK cell,single_batch
2760,M18.MAA000907.3_11_M.1.1-1-1,2,mature NK T cell,NK cell,single_batch
2761,M2.MAA000377.3_9_M.1.1-1-1,6,hepatocyte,hepatocyte,single_batch
2762,M2.MAA000907.3_11_M.1.1-1-1,4,endothelial cell of hepatic sinusoid,endothelial cell of hepatic sinusoid,single_batch
2763,M20.MAA000907.3_11_M.1.1-1-1,4,endothelial cell of hepatic sinusoid,endothelial cell of hepatic sinusoid,single_batch
2764,M21.MAA000907.3_11_M.1.1-1-1,4,endothelial cell of hepatic sinusoid,endothelial cell of hepatic sinusoid,single_batch
2765,M22.MAA000907.3_11_M.1.1-1-1,4,endothelial cell of hepatic sinusoid,endothelial cell of hepatic sinusoid,single_batch
2766,M3.MAA000907.3_11_M.1.1-1-1,6,hepatocyte,hepatocyte,single_batch
2767,M4.MAA000907.3_11_M.1.1-1-1,4,endothelial cell of hepatic sinusoid,endothelial cell of hepatic sinusoid,single_batch
2768,M6.MAA000907.3_11_M.1.1-1-1,12,Kupffer cell,Kupffer cell,single_batch
2769,M7.MAA000907.3_11_M.1.1-1-1,4,endothelial cell of hepatic sinusoid,endothelial cell of hepatic sinusoid,single_batch
2770,M8.MAA000907.3_11_M.1.1-1-1,2,NK cell,NK cell,single_batch
2771,M9.MAA000907.3_11_M.1.1-1-1,0,B cell,B cell,single_batch
2772,N1.MAA000907.3_11_M.1.1-1-1,0,B cell,B cell,single_batch
2773,N10.MAA000907.3_11_M.1.1-1-1,4,endothelial cell of hepatic sinusoid,endothelial cell of hepatic sinusoid,single_batch
2774,N11.MAA000377.3_9_M.1.1-1-1,6,hepatocyte,hepatocyte,single_batch
2775,N11.MAA000907.3_11_M.1.1-1-1,4,endothelial cell of hepatic sinusoid,endothelial cell of hepatic sinusoid,single_batch
2776,N12.MAA000907.3_11_M.1.1-1-1,4,endothelial cell of hepatic sinusoid,endothelial cell of hepatic sinusoid,single_batch
2777,N14.MAA000907.3_11_M.1.1-1-1,6,hepatocyte,hepatocyte,single_batch
2778,N15.MAA000377.3_9_M.1.1-1-1,0,B cell,B cell,single_batch
2779,N15.MAA000907.3_11_M.1.1-1-1,6,hepatocyte,hepatocyte,single_batch
2780,N16.MAA000377.3_9_M.1.1-1-1,4,endothelial cell of hepatic sinusoid,endothelial cell of hepatic sinusoid,single_batch
2781,N16.MAA000907.3_11_M.1.1-1-1,1,mature NK T cell,mature NK T cell,single_batch
2782,N17.MAA000907.3_11_M.1.1-1-1,4,endothelial cell of hepatic sinusoid,endothelial cell of hepatic sinusoid,single_batch
2783,N18.MAA000907.3_11_M.1.1-1-1,4,endothelial cell of hepatic sinusoid,endothelial cell of hepatic sinusoid,single_batch
2784,N19.MAA000907.3_11_M.1.1-1-1,4,endothelial cell of hepatic sinusoid,endothelial cell of hepatic sinusoid,single_batch
2785,N2.MAA000907.3_11_M.1.1-1-1,4,endothelial cell of hepatic sinusoid,endothelial cell of hepatic sinusoid,single_batch
2786,N20.MAA000377.3_9_M.1.1-1-1,6,hepatocyte,hepatocyte,single_batch
2787,N20.MAA000907.3_11_M.1.1-1-1,9,myeloid leukocyte,Unmatched_9,single_batch
2788,N21.MAA000377.3_9_M.1.1-1-1,4,endothelial cell of hepatic sinusoid,endothelial cell of hepatic sinusoid,single_batch
2789,N21.MAA000907.3_11_M.1.1-1-1,4,endothelial cell of hepatic sinusoid,endothelial cell of hepatic sinusoid,single_batch
2790,N22.MAA000377.3_9_M.1.1-1-1,4,endothelial cell of hepatic sinusoid,endothelial cell of hepatic sinusoid,single_batch
2791,N22.MAA000907.3_11_M.1.1-1-1,0,B cell,B cell,single_batch
2792,N3.MAA000907.3_11_M.1.1-1-1,12,Kupffer cell,Kupffer cell,single_batch
2793,N4.MAA000377.3_9_M.1.1-1-1,12,Kupffer cell,Kupffer cell,single_batch
2794,N4.MAA000907.3_11_M.1.1-1-1,4,endothelial cell of hepatic sinusoid,endothelial cell of hepatic sinusoid,single_batch
2795,N5.MAA000907.3_11_M.1.1-1-1,4,endothelial cell of hepatic sinusoid,endothelial cell of hepatic sinusoid,single_batch
2796,N6.MAA000907.3_11_M.1.1-1-1,1,mature NK T cell,mature NK T cell,single_batch
2797,N7.MAA000377.3_9_M.1.1-1-1,6,hepatocyte,hepatocyte,single_batch
2798,N7.MAA000907.3_11_M.1.1-1-1,4,endothelial cell of hepatic sinusoid,endothelial cell of hepatic sinusoid,single_batch
2799,N8.MAA000907.3_11_M.1.1-1-1,4,endothelial cell of hepatic sinusoid,endothelial cell of hepatic sinusoid,single_batch
2800,N9.MAA000907.3_11_M.1.1-1-1,1,mature NK T cell,mature NK T cell,single_batch
2801,O1.MAA000907.3_11_M.1.1-1-1,4,endothelial cell of hepatic sinusoid,endothelial cell of hepatic sinusoid,single_batch
2802,O11.MAA000377.3_9_M.1.1-1-1,4,endothelial cell of hepatic sinusoid,endothelial cell of hepatic sinusoid,single_batch
2803,O11.MAA000907.3_11_M.1.1-1-1,0,B cell,B cell,single_batch
2804,O12.MAA000377.3_9_M.1.1-1-1,6,hepatocyte,hepatocyte,single_batch
2805,O13.MAA000907.3_11_M.1.1-1-1,12,Kupffer cell,Kupffer cell,single_batch
2806,O14.MAA000377.3_9_M.1.1-1-1,6,hepatocyte,hepatocyte,single_batch
2807,O14.MAA000907.3_11_M.1.1-1-1,6,hepatocyte,hepatocyte,single_batch
2808,O15.MAA000907.3_11_M.1.1-1-1,9,myeloid leukocyte,Unmatched_9,single_batch
2809,O16.MAA000907.3_11_M.1.1-1-1,4,endothelial cell of hepatic sinusoid,endothelial cell of hepatic sinusoid,single_batch
2810,O17.MAA000907.3_11_M.1.1-1-1,4,endothelial cell of hepatic sinusoid,endothelial cell of hepatic sinusoid,single_batch
2811,O18.MAA000907.3_11_M.1.1-1-1,4,endothelial cell of hepatic sinusoid,endothelial cell of hepatic sinusoid,single_batch
2812,O19.MAA000377.3_9_M.1.1-1-1,4,endothelial cell of hepatic sinusoid,endothelial cell of hepatic sinusoid,single_batch
2813,O19.MAA000907.3_11_M.1.1-1-1,4,endothelial cell of hepatic sinusoid,endothelial cell of hepatic sinusoid,single_batch
2814,O2.MAA000907.3_11_M.1.1-1-1,5,neutrophil,neutrophil,single_batch
2815,O20.MAA000377.3_9_M.1.1-1-1,4,endothelial cell of hepatic sinusoid,endothelial cell of hepatic sinusoid,single_batch
2816,O20.MAA000907.3_11_M.1.1-1-1,4,endothelial cell of hepatic sinusoid,endothelial cell of hepatic sinusoid,single_batch
2817,O21.MAA000377.3_9_M.1.1-1-1,2,NK cell,NK cell,single_batch
2818,O21.MAA000907.3_11_M.1.1-1-1,5,neutrophil,neutrophil,single_batch
2819,O22.MAA000377.3_9_M.1.1-1-1,12,Kupffer cell,Kupffer cell,single_batch
2820,O22.MAA000907.3_11_M.1.1-1-1,4,endothelial cell of hepatic sinusoid,endothelial cell of hepatic sinusoid,single_batch
2821,O3.MAA000907.3_11_M.1.1-1-1,12,Kupffer cell,Kupffer cell,single_batch
2822,O4.MAA000907.3_11_M.1.1-1-1,12,Kupffer cell,Kupffer cell,single_batch
2823,O5.MAA000907.3_11_M.1.1-1-1,4,endothelial cell of hepatic sinusoid,endothelial cell of hepatic sinusoid,single_batch
2824,O6.MAA000907.3_11_M.1.1-1-1,12,Kupffer cell,Kupffer cell,single_batch
2825,O7.MAA000377.3_9_M.1.1-1-1,4,endothelial cell of hepatic sinusoid,endothelial cell of hepatic sinusoid,single_batch
2826,O7.MAA000907.3_11_M.1.1-1-1,4,endothelial cell of hepatic sinusoid,endothelial cell of hepatic sinusoid,single_batch
2827,O8.MAA000907.3_11_M.1.1-1-1,4,endothelial cell of hepatic sinusoid,endothelial cell of hepatic sinusoid,single_batch
2828,O9.MAA000377.3_9_M.1.1-1-1,12,Kupffer cell,Kupffer cell,single_batch
2829,O9.MAA000907.3_11_M.1.1-1-1,6,hepatocyte,hepatocyte,single_batch
2830,P1.MAA000907.3_11_M.1.1-1-1,4,endothelial cell of hepatic sinusoid,endothelial cell of hepatic sinusoid,single_batch
2831,P10.MAA000907.3_11_M.1.1-1-1,4,endothelial cell of hepatic sinusoid,endothelial cell of hepatic sinusoid,single_batch
2832,P11.MAA000907.3_11_M.1.1-1-1,4,endothelial cell of hepatic sinusoid,endothelial cell of hepatic sinusoid,single_batch
2833,P12.MAA000907.3_11_M.1.1-1-1,4,endothelial cell of hepatic sinusoid,endothelial cell of hepatic sinusoid,single_batch
2834,P13.MAA000907.3_11_M.1.1-1-1,4,endothelial cell of hepatic sinusoid,endothelial cell of hepatic sinusoid,single_batch
2835,P14.MAA000907.3_11_M.1.1-1-1,6,hepatocyte,hepatocyte,single_batch
2836,P15.MAA000377.3_9_M.1.1-1-1,6,hepatocyte,hepatocyte,single_batch
2837,P15.MAA000907.3_11_M.1.1-1-1,4,endothelial cell of hepatic sinusoid,endothelial cell of hepatic sinusoid,single_batch
2838,P16.MAA000377.3_9_M.1.1-1-1,12,Kupffer cell,Kupffer cell,single_batch
2839,P16.MAA000907.3_11_M.1.1-1-1,4,endothelial cell of hepatic sinusoid,endothelial cell of hepatic sinusoid,single_batch
2840,P17.MAA000377.3_9_M.1.1-1-1,6,hepatocyte,hepatocyte,single_batch
2841,P17.MAA000907.3_11_M.1.1-1-1,4,endothelial cell of hepatic sinusoid,endothelial cell of hepatic sinusoid,single_batch
2842,P18.MAA000377.3_9_M.1.1-1-1,4,endothelial cell of hepatic sinusoid,endothelial cell of hepatic sinusoid,single_batch
2843,P18.MAA000907.3_11_M.1.1-1-1,4,endothelial cell of hepatic sinusoid,endothelial cell of hepatic sinusoid,single_batch
2844,P19.MAA000907.3_11_M.1.1-1-1,6,hepatocyte,hepatocyte,single_batch
2845,P2.MAA000907.3_11_M.1.1-1-1,4,endothelial cell of hepatic sinusoid,endothelial cell of hepatic sinusoid,single_batch
2846,P20.MAA000907.3_11_M.1.1-1-1,4,endothelial cell of hepatic sinusoid,endothelial cell of hepatic sinusoid,single_batch
2847,P21.MAA000377.3_9_M.1.1-1-1,0,B cell,B cell,single_batch
2848,P21.MAA000907.3_11_M.1.1-1-1,1,mature NK T cell,mature NK T cell,single_batch
2849,P22.MAA000377.3_9_M.1.1-1-1,6,hepatocyte,hepatocyte,single_batch
2850,P22.MAA000907.3_11_M.1.1-1-1,0,B cell,B cell,single_batch
2851,P3.MAA000377.3_9_M.1.1-1-1,4,endothelial cell of hepatic sinusoid,endothelial cell of hepatic sinusoid,single_batch
2852,P3.MAA000907.3_11_M.1.1-1-1,4,endothelial cell of hepatic sinusoid,endothelial cell of hepatic sinusoid,single_batch
2853,P4.MAA000907.3_11_M.1.1-1-1,4,endothelial cell of hepatic sinusoid,endothelial cell of hepatic sinusoid,single_batch
2854,P5.MAA000907.3_11_M.1.1-1-1,4,endothelial cell of hepatic sinusoid,endothelial cell of hepatic sinusoid,single_batch
2855,P6.MAA000907.3_11_M.1.1-1-1,0,B cell,B cell,single_batch
2856,P7.MAA000907.3_11_M.1.1-1-1,6,endothelial cell of hepatic sinusoid,hepatocyte,single_batch
2857,P8.MAA000907.3_11_M.1.1-1-1,4,endothelial cell of hepatic sinusoid,endothelial cell of hepatic sinusoid,single_batch
2858,P9.MAA000907.3_11_M.1.1-1-1,4,endothelial cell of hepatic sinusoid,endothelial cell of hepatic sinusoid,single_batch
