cell_index,umap_1,umap_2,predicted_label,cell_id,true_label,aligned_predicted_label,batch,scraw_reconstruction_weight
0,-8.741277694702148,14.935458183288574,0,human1_lib1.final_cell_0001-0,acinar,acinar,single_batch,1.541144609451294
1,-9.547272682189941,14.86914348602295,0,human1_lib1.final_cell_0002-0,acinar,acinar,single_batch,1.6175894737243652
2,-8.539421081542969,14.350883483886719,0,human1_lib1.final_cell_0003-0,acinar,acinar,single_batch,1.3858532905578613
3,-9.607152938842773,14.66750717163086,0,human1_lib1.final_cell_0004-0,acinar,acinar,single_batch,1.835459589958191
4,-9.447420120239258,14.486518859863281,0,human1_lib1.final_cell_0005-0,acinar,acinar,single_batch,1.8627475500106812
5,-8.374908447265625,14.476251602172852,0,human1_lib1.final_cell_0006-0,acinar,acinar,single_batch,1.3333086967468262
6,9.713074684143066,10.203485488891602,7,human1_lib1.final_cell_0007-0,beta,beta,single_batch,0.5024577379226685
7,-8.795890808105469,14.81102466583252,0,human1_lib1.final_cell_0008-0,acinar,acinar,single_batch,1.3421249389648438
8,-9.667243957519531,14.819856643676758,0,human1_lib1.final_cell_0009-0,acinar,acinar,single_batch,1.9556325674057007
9,-8.728079795837402,14.916769027709961,0,human1_lib1.final_cell_0010-0,acinar,acinar,single_batch,1.31895112991333
10,-9.094243049621582,14.953933715820312,0,human1_lib1.final_cell_0011-0,acinar,acinar,single_batch,1.4297797679901123
11,-8.158318519592285,14.484585762023926,0,human1_lib1.final_cell_0012-0,acinar,acinar,single_batch,1.3173978328704834
12,-4.648963451385498,-7.675171852111816,8,human1_lib1.final_cell_0013-0,delta,delta,single_batch,0.5404046177864075
13,-5.641910076141357,-7.116649150848389,8,human1_lib1.final_cell_0014-0,delta,delta,single_batch,0.49053865671157837
14,12.778421401977539,9.150280952453613,7,human1_lib1.final_cell_0015-0,beta,beta,single_batch,0.4412235915660858
15,-7.995482444763184,4.591026306152344,3,human1_lib1.final_cell_0016-0,activated_stellate,activated_stellate,single_batch,2.728938341140747
16,7.821581840515137,13.207889556884766,7,human1_lib1.final_cell_0017-0,beta,beta,single_batch,0.4232386350631714
17,-9.351719856262207,14.919060707092285,0,human1_lib1.final_cell_0018-0,acinar,acinar,single_batch,1.5566143989562988
18,9.646698951721191,-7.028467178344727,4,human1_lib1.final_cell_0019-0,ductal,ductal,single_batch,2.0901315212249756
19,10.469598770141602,9.895272254943848,7,human1_lib1.final_cell_0020-0,beta,beta,single_batch,0.41672760248184204
20,6.967711448669434,13.350360870361328,7,human1_lib1.final_cell_0021-0,beta,beta,single_batch,0.3845422863960266
21,3.4865128993988037,-1.8768839836120605,9,human1_lib1.final_cell_0022-0,alpha,alpha,single_batch,0.6116410493850708
22,10.488775253295898,-6.354180335998535,4,human1_lib1.final_cell_0023-0,ductal,ductal,single_batch,1.9002656936645508
23,11.449647903442383,9.72365665435791,7,human1_lib1.final_cell_0024-0,beta,beta,single_batch,0.39164847135543823
24,-4.821949005126953,-6.888779640197754,8,human1_lib1.final_cell_0025-0,delta,delta,single_batch,0.5913106203079224
25,2.972679615020752,-2.0214219093322754,9,human1_lib1.final_cell_0026-0,alpha,alpha,single_batch,0.5865452289581299
26,11.760839462280273,10.660984992980957,7,human1_lib1.final_cell_0027-0,beta,beta,single_batch,0.3845422863960266
27,-9.712897300720215,14.743061065673828,0,human1_lib1.final_cell_0028-0,acinar,acinar,single_batch,2.4253878593444824
28,-8.00244140625,14.395054817199707,0,human1_lib1.final_cell_0029-0,acinar,acinar,single_batch,2.003734588623047
29,8.5775146484375,12.820709228515625,7,human1_lib1.final_cell_0030-0,beta,beta,single_batch,0.3845422863960266
30,-5.5367021560668945,-8.586844444274902,8,human1_lib1.final_cell_0031-0,delta,delta,single_batch,0.7875916361808777
31,-6.554190158843994,-7.63587760925293,8,human1_lib1.final_cell_0032-0,delta,delta,single_batch,0.5785980224609375
32,-4.072348594665527,-7.636777400970459,8,human1_lib1.final_cell_0033-0,delta,delta,single_batch,0.7046263217926025
33,-6.800342559814453,-7.6978983879089355,8,human1_lib1.final_cell_0034-0,delta,delta,single_batch,1.0422754287719727
34,9.247391700744629,11.632111549377441,7,human1_lib1.final_cell_0035-0,beta,beta,single_batch,0.38561737537384033
35,-9.445900917053223,14.672224044799805,0,human1_lib1.final_cell_0036-0,acinar,acinar,single_batch,1.6635750532150269
36,9.21439266204834,11.747441291809082,7,human1_lib1.final_cell_0037-0,beta,beta,single_batch,0.38501423597335815
37,8.701987266540527,12.645376205444336,7,human1_lib1.final_cell_0038-0,beta,beta,single_batch,0.3845422863960266
38,7.931363582611084,11.834941864013672,7,human1_lib1.final_cell_0039-0,beta,beta,single_batch,0.4512825608253479
39,-6.519713401794434,-7.625123977661133,8,human1_lib1.final_cell_0040-0,delta,delta,single_batch,0.5967558026313782
40,-7.9807844161987305,4.6070661544799805,3,human1_lib1.final_cell_0041-0,activated_stellate,activated_stellate,single_batch,2.187718629837036
41,9.9546480178833,11.993146896362305,7,human1_lib1.final_cell_0042-0,beta,beta,single_batch,0.3845422863960266
42,-5.26089334487915,-8.220669746398926,8,human1_lib1.final_cell_0043-0,delta,delta,single_batch,0.5885795950889587
43,-7.803171157836914,4.654514312744141,3,human1_lib1.final_cell_0044-0,activated_stellate,activated_stellate,single_batch,2.728938341140747
44,-7.910202980041504,4.63188362121582,3,human1_lib1.final_cell_0045-0,activated_stellate,activated_stellate,single_batch,2.728938341140747
45,-7.462613582611084,4.721907138824463,3,human1_lib1.final_cell_0046-0,activated_stellate,activated_stellate,single_batch,2.5773792266845703
46,-8.75534439086914,14.873466491699219,0,human1_lib1.final_cell_0047-0,acinar,acinar,single_batch,1.25654935836792
47,-8.056329727172852,4.551101207733154,3,human1_lib1.final_cell_0048-0,activated_stellate,activated_stellate,single_batch,2.5546066761016846
48,-4.8516340255737305,-8.164887428283691,8,human1_lib1.final_cell_0049-0,delta,delta,single_batch,0.5125263929367065
49,12.196419715881348,9.121557235717773,7,human1_lib1.final_cell_0050-0,beta,beta,single_batch,0.3845422863960266
50,-5.237107276916504,-6.911557674407959,8,human1_lib1.final_cell_0051-0,delta,delta,single_batch,0.4803943932056427
51,11.414072036743164,10.304170608520508,7,human1_lib1.final_cell_0052-0,beta,beta,single_batch,0.5552680492401123
52,-8.73257064819336,14.912858009338379,0,human1_lib1.final_cell_0053-0,acinar,acinar,single_batch,1.3746358156204224
53,12.262832641601562,9.387465476989746,7,human1_lib1.final_cell_0054-0,beta,beta,single_batch,0.3845422863960266
54,7.004509449005127,12.984700202941895,7,human1_lib1.final_cell_0055-0,beta,beta,single_batch,0.3845422863960266
55,-8.061687469482422,4.554378032684326,3,human1_lib1.final_cell_0056-0,activated_stellate,activated_stellate,single_batch,2.534712314605713
56,11.417863845825195,10.34217357635498,7,human1_lib1.final_cell_0057-0,beta,beta,single_batch,0.4440416991710663
57,9.95858383178711,12.07313346862793,7,human1_lib1.final_cell_0058-0,beta,beta,single_batch,0.3845422863960266
58,4.562868595123291,13.922147750854492,7,human1_lib1.final_cell_0059-0,beta,beta,single_batch,0.38843539357185364
59,7.97122049331665,11.673897743225098,7,human1_lib1.final_cell_0060-0,beta,beta,single_batch,0.5209532380104065
60,9.88300895690918,-7.207386016845703,4,human1_lib1.final_cell_0061-0,ductal,ductal,single_batch,1.4419597387313843
61,6.134244918823242,-1.6727851629257202,9,human1_lib1.final_cell_0062-0,alpha,alpha,single_batch,0.5153125524520874
62,11.215886116027832,9.66071891784668,7,human1_lib1.final_cell_0063-0,beta,beta,single_batch,0.575056791305542
63,9.649484634399414,-6.998102188110352,4,human1_lib1.final_cell_0064-0,ductal,ductal,single_batch,2.288738965988159
64,10.626677513122559,-6.370527267456055,4,human1_lib1.final_cell_0065-0,ductal,ductal,single_batch,2.288738965988159
65,-8.050483703613281,14.434544563293457,0,human1_lib1.final_cell_0066-0,acinar,acinar,single_batch,1.3687623739242554
66,5.303133964538574,-1.651853084564209,9,human1_lib1.final_cell_0067-0,alpha,alpha,single_batch,0.43561065196990967
67,9.936135292053223,11.068613052368164,7,human1_lib1.final_cell_0068-0,beta,beta,single_batch,0.3845422863960266
68,-5.570887088775635,-6.971587657928467,8,human1_lib1.final_cell_0069-0,delta,delta,single_batch,0.4525778293609619
69,5.333151340484619,-1.7250887155532837,9,human1_lib1.final_cell_0070-0,alpha,alpha,single_batch,0.49565446376800537
70,10.281051635742188,12.282676696777344,7,human1_lib1.final_cell_0071-0,beta,beta,single_batch,0.7424759268760681
71,11.54382038116455,10.431431770324707,7,human1_lib1.final_cell_0072-0,beta,beta,single_batch,0.5597758293151855
72,5.735087871551514,13.521942138671875,7,human1_lib1.final_cell_0073-0,beta,beta,single_batch,0.4169059097766876
73,-5.99770450592041,-8.554929733276367,8,human1_lib1.final_cell_0074-0,delta,delta,single_batch,0.9865509867668152
74,8.476953506469727,11.892010688781738,7,human1_lib1.final_cell_0075-0,beta,beta,single_batch,0.408006876707077
75,13.360081672668457,9.02566909790039,7,human1_lib1.final_cell_0076-0,beta,beta,single_batch,0.3845422863960266
76,-5.361572265625,-6.742053508758545,8,human1_lib1.final_cell_0077-0,delta,delta,single_batch,0.5982011556625366
77,3.164975166320801,13.810469627380371,7,human1_lib1.final_cell_0078-0,beta,beta,single_batch,0.5751919746398926
78,12.02730655670166,9.259121894836426,7,human1_lib1.final_cell_0079-0,beta,beta,single_batch,0.3845422863960266
79,13.831759452819824,9.021414756774902,7,human1_lib1.final_cell_0080-0,beta,beta,single_batch,0.7601382732391357
80,7.656951427459717,13.053163528442383,7,human1_lib1.final_cell_0081-0,beta,beta,single_batch,0.3845422863960266
81,9.036112785339355,12.771467208862305,7,human1_lib1.final_cell_0082-0,beta,beta,single_batch,0.3845422863960266
82,11.064994812011719,10.150887489318848,7,human1_lib1.final_cell_0083-0,beta,beta,single_batch,0.3845422863960266
83,-8.086236953735352,14.3096284866333,0,human1_lib1.final_cell_0084-0,acinar,acinar,single_batch,1.2606205940246582
84,-7.931060314178467,4.615774631500244,3,human1_lib1.final_cell_0085-0,activated_stellate,activated_stellate,single_batch,2.4487242698669434
85,-5.681584358215332,-7.004760265350342,8,human1_lib1.final_cell_0086-0,delta,delta,single_batch,0.46332356333732605
86,-4.584264755249023,-8.00434684753418,8,human1_lib1.final_cell_0087-0,delta,delta,single_batch,0.5914660692214966
87,11.598175048828125,10.998144149780273,7,human1_lib1.final_cell_0088-0,beta,beta,single_batch,0.38994336128234863
88,9.375395774841309,10.361557006835938,7,human1_lib1.final_cell_0089-0,beta,beta,single_batch,0.41053885221481323
89,9.586344718933105,12.19761848449707,7,human1_lib1.final_cell_0090-0,beta,beta,single_batch,0.3845422863960266
90,4.226924419403076,13.795882225036621,7,human1_lib1.final_cell_0091-0,beta,beta,single_batch,0.5302124619483948
91,5.449819564819336,13.232534408569336,7,human1_lib1.final_cell_0092-0,beta,beta,single_batch,0.3845422863960266
92,6.743736743927002,13.821633338928223,7,human1_lib1.final_cell_0093-0,beta,beta,single_batch,0.3845422863960266
93,7.782811164855957,11.761884689331055,7,human1_lib1.final_cell_0094-0,beta,beta,single_batch,0.9217130541801453
94,8.164667129516602,12.25117015838623,7,human1_lib1.final_cell_0095-0,beta,beta,single_batch,0.3845422863960266
95,13.797574996948242,9.159089088439941,7,human1_lib1.final_cell_0096-0,beta,beta,single_batch,1.1564944982528687
96,9.186864852905273,11.351677894592285,7,human1_lib1.final_cell_0097-0,beta,beta,single_batch,0.4761064052581787
97,-6.489333152770996,-7.7100749015808105,8,human1_lib1.final_cell_0098-0,delta,delta,single_batch,0.7846770882606506
98,-5.546408653259277,-9.762503623962402,8,human1_lib1.final_cell_0099-0,delta,delta,single_batch,0.8365808129310608
99,9.567386627197266,11.700061798095703,7,human1_lib1.final_cell_0100-0,beta,beta,single_batch,0.3845422863960266
100,-5.897047519683838,-7.346736431121826,8,human1_lib1.final_cell_0101-0,delta,delta,single_batch,0.5906943678855896
101,5.0433669090271,-1.7439688444137573,9,human1_lib1.final_cell_0102-0,alpha,alpha,single_batch,0.5935646295547485
102,7.081363201141357,-1.5946757793426514,9,human1_lib1.final_cell_0103-0,alpha,alpha,single_batch,0.8859085440635681
103,-5.472363471984863,-7.190515041351318,8,human1_lib1.final_cell_0104-0,delta,delta,single_batch,0.5927250981330872
104,9.626741409301758,12.47828483581543,7,human1_lib1.final_cell_0105-0,beta,beta,single_batch,0.40814435482025146
105,5.238070964813232,13.124763488769531,7,human1_lib1.final_cell_0106-0,beta,beta,single_batch,0.4361228048801422
106,12.064352989196777,10.438285827636719,7,human1_lib1.final_cell_0107-0,beta,beta,single_batch,0.5765274167060852
107,8.82133674621582,11.399129867553711,7,human1_lib1.final_cell_0108-0,beta,beta,single_batch,0.40253040194511414
108,-9.296674728393555,14.028584480285645,0,human1_lib1.final_cell_0109-0,acinar,acinar,single_batch,1.8834549188613892
109,-4.120296955108643,-7.739613056182861,8,human1_lib1.final_cell_0110-0,delta,delta,single_batch,0.6978471279144287
110,9.820003509521484,12.401263236999512,7,human1_lib1.final_cell_0111-0,beta,beta,single_batch,0.3845422863960266
111,10.199017524719238,10.025185585021973,7,human1_lib1.final_cell_0112-0,beta,beta,single_batch,0.42677292227745056
112,-6.576675891876221,-7.4899139404296875,8,human1_lib1.final_cell_0113-0,delta,delta,single_batch,0.7382709980010986
113,11.855112075805664,9.734943389892578,7,human1_lib1.final_cell_0114-0,beta,beta,single_batch,0.42940428853034973
114,8.676230430603027,12.247393608093262,7,human1_lib1.final_cell_0115-0,beta,beta,single_batch,0.3845422863960266
115,8.445378303527832,13.033512115478516,7,human1_lib1.final_cell_0116-0,beta,beta,single_batch,0.3845422863960266
116,-5.260417938232422,-8.076871871948242,8,human1_lib1.final_cell_0117-0,delta,delta,single_batch,0.5726290941238403
117,12.696914672851562,9.084299087524414,7,human1_lib1.final_cell_0118-0,beta,beta,single_batch,0.4333781898021698
118,-5.292723178863525,-6.831819534301758,8,human1_lib1.final_cell_0119-0,delta,delta,single_batch,0.5966582894325256
119,8.833417892456055,11.277432441711426,7,human1_lib1.final_cell_0120-0,beta,beta,single_batch,0.3845422863960266
120,12.077225685119629,9.191766738891602,7,human1_lib1.final_cell_0121-0,beta,beta,single_batch,0.44873636960983276
121,4.6626973152160645,13.421836853027344,7,human1_lib1.final_cell_0122-0,beta,beta,single_batch,0.4134293496608734
122,-6.709659576416016,-7.682376384735107,8,human1_lib1.final_cell_0123-0,epsilon,delta,single_batch,0.8786511421203613
123,8.556913375854492,13.022610664367676,7,human1_lib1.final_cell_0124-0,beta,beta,single_batch,0.3845422863960266
124,5.620251655578613,13.548614501953125,7,human1_lib1.final_cell_0125-0,beta,beta,single_batch,0.3845422863960266
125,8.018401145935059,11.681880950927734,7,human1_lib1.final_cell_0126-0,beta,beta,single_batch,0.518746554851532
126,3.2085695266723633,-2.069359540939331,9,human1_lib1.final_cell_0127-0,delta,alpha,single_batch,0.9253135323524475
127,3.9200453758239746,13.964882850646973,7,human1_lib1.final_cell_0128-0,beta,beta,single_batch,0.3949114680290222
128,-6.1912689208984375,-7.889128684997559,8,human1_lib1.final_cell_0129-0,delta,delta,single_batch,0.718805730342865
129,12.600177764892578,9.506888389587402,7,human1_lib1.final_cell_0130-0,beta,beta,single_batch,0.3845422863960266
130,1.8798105716705322,-2.599886178970337,9,human1_lib1.final_cell_0131-0,alpha,alpha,single_batch,0.9550041556358337
131,3.2447891235351562,-2.083597183227539,9,human1_lib1.final_cell_0132-0,alpha,alpha,single_batch,0.6957435011863708
132,7.487133502960205,13.214632987976074,7,human1_lib1.final_cell_0133-0,beta,beta,single_batch,0.3961702287197113
133,-8.035554885864258,14.191426277160645,0,human1_lib1.final_cell_0134-0,acinar,acinar,single_batch,1.5295275449752808
134,5.524935722351074,-1.650581955909729,9,human1_lib1.final_cell_0135-0,alpha,alpha,single_batch,0.4978797435760498
135,6.209776401519775,13.523592948913574,7,human1_lib1.final_cell_0136-0,beta,beta,single_batch,0.3845422863960266
136,10.391587257385254,10.977801322937012,7,human1_lib1.final_cell_0137-0,beta,beta,single_batch,0.3845422863960266
137,6.10161018371582,-1.58837890625,9,human1_lib1.final_cell_0138-0,alpha,alpha,single_batch,0.48769450187683105
138,10.332122802734375,9.953676223754883,7,human1_lib1.final_cell_0139-0,beta,beta,single_batch,0.43846938014030457
139,-4.734890460968018,-6.770338535308838,8,human1_lib1.final_cell_0140-0,delta,delta,single_batch,0.887620747089386
140,13.535247802734375,8.979762077331543,7,human1_lib1.final_cell_0141-0,beta,beta,single_batch,0.6160356402397156
141,11.838647842407227,9.515678405761719,7,human1_lib1.final_cell_0142-0,beta,beta,single_batch,0.3845422863960266
142,11.550654411315918,10.42995548248291,7,human1_lib1.final_cell_0143-0,beta,beta,single_batch,0.5060822367668152
143,3.05507230758667,13.878583908081055,7,human1_lib1.final_cell_0144-0,beta,beta,single_batch,0.9935681819915771
144,9.580836296081543,12.582050323486328,7,human1_lib1.final_cell_0145-0,beta,beta,single_batch,0.3845422863960266
145,-4.01900577545166,-7.584887981414795,8,human1_lib1.final_cell_0146-0,delta,delta,single_batch,0.9145780801773071
146,13.844769477844238,9.055229187011719,7,human1_lib1.final_cell_0147-0,beta,beta,single_batch,0.72162264585495
147,9.766592979431152,-7.0295820236206055,4,human1_lib1.final_cell_0148-0,ductal,ductal,single_batch,1.6179380416870117
148,9.772324562072754,-6.779869556427002,4,human1_lib1.final_cell_0149-0,ductal,ductal,single_batch,1.7262948751449585
149,8.723402976989746,11.784153938293457,7,human1_lib1.final_cell_0150-0,beta,beta,single_batch,0.3845422863960266
150,11.066146850585938,10.949438095092773,7,human1_lib1.final_cell_0151-0,beta,beta,single_batch,0.3845422863960266
151,8.245038986206055,12.004938125610352,7,human1_lib1.final_cell_0152-0,beta,beta,single_batch,0.43680375814437866
152,11.02295207977295,10.043978691101074,7,human1_lib1.final_cell_0153-0,beta,beta,single_batch,0.3845422863960266
153,-5.143941879272461,-6.814825534820557,8,human1_lib1.final_cell_0154-0,delta,delta,single_batch,0.4604824185371399
154,5.571866512298584,13.23226261138916,7,human1_lib1.final_cell_0155-0,beta,beta,single_batch,0.43834641575813293
155,-8.028773307800293,4.555131435394287,3,human1_lib1.final_cell_0156-0,activated_stellate,activated_stellate,single_batch,2.105855941772461
156,8.996169090270996,12.189553260803223,7,human1_lib1.final_cell_0157-0,beta,beta,single_batch,0.41084375977516174
157,8.937112808227539,10.660232543945312,7,human1_lib1.final_cell_0158-0,beta,beta,single_batch,0.500450611114502
158,7.168141841888428,-1.5946754217147827,9,human1_lib1.final_cell_0159-0,alpha,alpha,single_batch,1.2490922212600708
159,6.5827860832214355,13.406975746154785,7,human1_lib1.final_cell_0160-0,beta,beta,single_batch,0.4085724949836731
160,2.99072527885437,-2.0434389114379883,9,human1_lib1.final_cell_0161-0,alpha,alpha,single_batch,0.575668215751648
161,10.282574653625488,10.275684356689453,7,human1_lib1.final_cell_0162-0,beta,beta,single_batch,0.3845422863960266
162,-5.574951648712158,-9.039048194885254,8,human1_lib1.final_cell_0163-0,gamma,delta,single_batch,0.7984451651573181
163,8.891193389892578,11.645073890686035,7,human1_lib1.final_cell_0164-0,beta,beta,single_batch,0.3845422863960266
164,4.2238054275512695,13.492514610290527,7,human1_lib1.final_cell_0165-0,beta,beta,single_batch,0.5196155309677124
165,8.549976348876953,11.674293518066406,7,human1_lib1.final_cell_0166-0,beta,beta,single_batch,0.3845422863960266
166,9.205721855163574,10.503274917602539,7,human1_lib1.final_cell_0167-0,beta,beta,single_batch,0.4179469048976898
167,11.287057876586914,9.473474502563477,7,human1_lib1.final_cell_0168-0,beta,beta,single_batch,0.39275693893432617
168,12.818153381347656,8.840044021606445,7,human1_lib1.final_cell_0169-0,beta,beta,single_batch,0.3845422863960266
169,5.835007667541504,13.102153778076172,7,human1_lib1.final_cell_0170-0,beta,beta,single_batch,0.3845422863960266
170,-8.046356201171875,14.325169563293457,0,human1_lib1.final_cell_0171-0,acinar,acinar,single_batch,1.3651360273361206
171,7.0034379959106445,12.032003402709961,7,human1_lib1.final_cell_0172-0,beta,beta,single_batch,0.6228296160697937
172,-8.181283950805664,14.391186714172363,0,human1_lib1.final_cell_0173-0,acinar,acinar,single_batch,1.1895637512207031
173,6.183633804321289,12.67667007446289,7,human1_lib1.final_cell_0174-0,beta,beta,single_batch,0.5254673361778259
174,11.121374130249023,10.648579597473145,7,human1_lib1.final_cell_0175-0,beta,beta,single_batch,0.3845422863960266
175,7.699313640594482,12.80831241607666,7,human1_lib1.final_cell_0176-0,beta,beta,single_batch,0.3845422863960266
176,-7.975635051727295,14.347862243652344,0,human1_lib1.final_cell_0177-0,acinar,acinar,single_batch,1.4226582050323486
177,-4.512899398803711,-8.195024490356445,8,human1_lib1.final_cell_0178-0,delta,delta,single_batch,0.5756062269210815
178,8.28659439086914,12.307766914367676,7,human1_lib1.final_cell_0179-0,beta,beta,single_batch,0.3845422863960266
179,-4.2656965255737305,-7.335782527923584,8,human1_lib1.final_cell_0180-0,delta,delta,single_batch,0.9402936697006226
180,9.32294750213623,12.168612480163574,7,human1_lib1.final_cell_0181-0,beta,beta,single_batch,0.396619588136673
181,-8.644529342651367,14.801669120788574,0,human1_lib1.final_cell_0182-0,acinar,acinar,single_batch,1.4658676385879517
182,5.989853382110596,-1.6757071018218994,9,human1_lib1.final_cell_0183-0,alpha,alpha,single_batch,0.6221880912780762
183,8.25507926940918,12.832306861877441,7,human1_lib1.final_cell_0184-0,beta,beta,single_batch,0.3845422863960266
184,5.065521240234375,-1.7956912517547607,9,human1_lib1.final_cell_0185-0,alpha,alpha,single_batch,0.6293928027153015
185,5.385397434234619,13.173470497131348,7,human1_lib1.final_cell_0186-0,beta,beta,single_batch,0.385148823261261
186,6.076430797576904,-1.6864335536956787,9,human1_lib1.final_cell_0187-0,alpha,alpha,single_batch,0.5028949975967407
187,-0.12571650743484497,3.6958229541778564,1,human1_lib1.final_cell_0188-0,endothelial,endothelial,single_batch,2.356671094894409
188,11.761577606201172,10.325248718261719,7,human1_lib1.final_cell_0189-0,beta,beta,single_batch,0.4698973596096039
189,8.406856536865234,12.52435302734375,7,human1_lib1.final_cell_0190-0,beta,beta,single_batch,0.3845422863960266
190,7.105531692504883,-1.595444679260254,9,human1_lib1.final_cell_0191-0,alpha,alpha,single_batch,0.9132767915725708
191,-5.996026992797852,-8.07726001739502,8,human1_lib1.final_cell_0192-0,delta,delta,single_batch,0.5951804518699646
192,5.8536553382873535,13.513495445251465,7,human1_lib1.final_cell_0193-0,beta,beta,single_batch,0.3845422863960266
193,10.952265739440918,9.887228965759277,7,human1_lib1.final_cell_0194-0,beta,beta,single_batch,0.3845422863960266
194,-4.871043682098389,-7.058481216430664,8,human1_lib1.final_cell_0195-0,delta,delta,single_batch,0.5249544978141785
195,11.974963188171387,9.47421932220459,7,human1_lib1.final_cell_0196-0,beta,beta,single_batch,0.3845422863960266
196,-5.383427619934082,-9.948382377624512,8,human1_lib1.final_cell_0197-0,gamma,delta,single_batch,0.9216369390487671
197,7.077800750732422,-1.5904570817947388,9,human1_lib1.final_cell_0198-0,alpha,alpha,single_batch,0.6628365516662598
198,10.428584098815918,10.72208309173584,7,human1_lib1.final_cell_0199-0,beta,beta,single_batch,0.3845422863960266
199,10.7833833694458,12.082921981811523,7,human1_lib1.final_cell_0200-0,beta,beta,single_batch,0.39185288548469543
200,-6.369683265686035,-7.440591335296631,8,human1_lib1.final_cell_0201-0,delta,delta,single_batch,0.644620418548584
201,5.071593284606934,-1.6941696405410767,9,human1_lib1.final_cell_0202-0,alpha,alpha,single_batch,0.5402969717979431
202,10.69431209564209,-7.005379676818848,4,human1_lib1.final_cell_0203-0,ductal,ductal,single_batch,1.5527008771896362
203,11.763127326965332,9.203953742980957,7,human1_lib1.final_cell_0204-0,beta,beta,single_batch,0.4518098831176758
204,5.15391206741333,-1.5904203653335571,9,human1_lib1.final_cell_0205-0,alpha,alpha,single_batch,0.5628271102905273
205,13.903539657592773,9.034258842468262,7,human1_lib1.final_cell_0206-0,beta,beta,single_batch,1.2291418313980103
206,10.542098999023438,-6.732538223266602,4,human1_lib1.final_cell_0207-0,ductal,ductal,single_batch,1.7060660123825073
207,7.1641526222229,-1.5945799350738525,9,human1_lib1.final_cell_0208-0,alpha,alpha,single_batch,1.0574473142623901
208,9.767977714538574,-6.9998016357421875,4,human1_lib1.final_cell_0209-0,ductal,ductal,single_batch,1.5897878408432007
209,4.204207897186279,14.267200469970703,7,human1_lib1.final_cell_0210-0,beta,beta,single_batch,0.4881307780742645
210,8.802990913391113,11.734540939331055,7,human1_lib1.final_cell_0211-0,beta,beta,single_batch,0.3845422863960266
211,5.317650318145752,-1.7955591678619385,9,human1_lib1.final_cell_0212-0,alpha,alpha,single_batch,0.7078631520271301
212,-6.569493770599365,-7.482028007507324,8,human1_lib1.final_cell_0213-0,beta,delta,single_batch,1.6818734407424927
213,4.391793727874756,14.58635425567627,7,human1_lib1.final_cell_0214-0,beta,beta,single_batch,0.4960070252418518
214,-10.424935340881348,0.13740043342113495,6,human1_lib1.final_cell_0215-0,quiescent_stellate,quiescent_stellate,single_batch,2.5141983032226562
215,9.807487487792969,-6.74245548248291,4,human1_lib1.final_cell_0216-0,ductal,ductal,single_batch,1.5812015533447266
216,9.885790824890137,-6.645698547363281,4,human1_lib1.final_cell_0217-0,ductal,ductal,single_batch,1.8957997560501099
217,-10.448293685913086,0.6899083256721497,6,human1_lib1.final_cell_0218-0,endothelial,quiescent_stellate,single_batch,2.5247082710266113
218,-8.027202606201172,4.571779251098633,3,human1_lib1.final_cell_0219-0,activated_stellate,activated_stellate,single_batch,2.305290699005127
219,10.27623176574707,12.315815925598145,7,human1_lib1.final_cell_0220-0,beta,beta,single_batch,0.3845422863960266
220,-4.952507972717285,-8.17357349395752,8,human1_lib1.final_cell_0221-0,delta,delta,single_batch,0.49793151021003723
221,-4.9791951179504395,-10.063277244567871,8,human1_lib1.final_cell_0222-0,gamma,delta,single_batch,1.3225191831588745
222,8.322600364685059,13.080467224121094,7,human1_lib1.final_cell_0223-0,beta,beta,single_batch,0.3845422863960266
223,11.955032348632812,9.603814125061035,7,human1_lib1.final_cell_0224-0,beta,beta,single_batch,0.3845422863960266
224,13.344926834106445,9.034438133239746,7,human1_lib1.final_cell_0225-0,beta,beta,single_batch,0.3845422863960266
225,6.349918842315674,-1.5516728162765503,9,human1_lib1.final_cell_0226-0,alpha,alpha,single_batch,0.6475264430046082
226,8.68100643157959,11.874759674072266,7,human1_lib1.final_cell_0227-0,beta,beta,single_batch,0.3845422863960266
227,10.73982048034668,11.603504180908203,7,human1_lib1.final_cell_0228-0,beta,beta,single_batch,0.4204597771167755
228,-5.763723850250244,-8.449922561645508,8,human1_lib1.final_cell_0229-0,delta,delta,single_batch,0.7090510129928589
229,10.023567199707031,-6.905434608459473,4,human1_lib1.final_cell_0230-0,ductal,ductal,single_batch,1.5013785362243652
230,11.69994068145752,10.301307678222656,7,human1_lib1.final_cell_0231-0,beta,beta,single_batch,0.6923235058784485
231,-4.899910926818848,-7.884847164154053,8,human1_lib1.final_cell_0232-0,delta,delta,single_batch,0.555250346660614
232,-5.157957077026367,-6.8244099617004395,8,human1_lib1.final_cell_0233-0,delta,delta,single_batch,0.4789590835571289
233,10.966205596923828,10.569114685058594,7,human1_lib1.final_cell_0234-0,beta,beta,single_batch,0.38964927196502686
234,-4.880261421203613,-6.9482316970825195,8,human1_lib1.final_cell_0235-0,delta,delta,single_batch,0.4693901836872101
235,3.0009846687316895,13.87066650390625,7,human1_lib1.final_cell_0236-0,beta,beta,single_batch,0.7170461416244507
236,-7.997624397277832,4.5800042152404785,3,human1_lib1.final_cell_0237-0,activated_stellate,activated_stellate,single_batch,2.1371448040008545
237,5.457807540893555,13.000843048095703,7,human1_lib1.final_cell_0238-0,beta,beta,single_batch,0.5689957737922668
238,10.04769229888916,11.677512168884277,7,human1_lib1.final_cell_0239-0,beta,beta,single_batch,0.3845422863960266
239,-5.349453449249268,-8.386594772338867,8,human1_lib1.final_cell_0240-0,delta,delta,single_batch,0.642480194568634
240,10.302658081054688,10.132429122924805,7,human1_lib1.final_cell_0241-0,beta,beta,single_batch,0.3845422863960266
241,-10.52424430847168,0.7605226635932922,6,human1_lib1.final_cell_0242-0,quiescent_stellate,quiescent_stellate,single_batch,2.2491555213928223
242,11.27821159362793,10.799988746643066,7,human1_lib1.final_cell_0243-0,beta,beta,single_batch,0.39451494812965393
243,-9.346508026123047,14.63455581665039,0,human1_lib1.final_cell_0244-0,acinar,acinar,single_batch,1.5612913370132446
244,5.3597412109375,-1.6853673458099365,9,human1_lib1.final_cell_0245-0,alpha,alpha,single_batch,0.49408426880836487
245,-4.682198524475098,-7.917996406555176,8,human1_lib1.final_cell_0246-0,delta,delta,single_batch,0.4781947433948517
246,5.490425109863281,13.69406509399414,7,human1_lib1.final_cell_0247-0,beta,beta,single_batch,0.38608768582344055
247,3.9206228256225586,-2.054572105407715,9,human1_lib1.final_cell_0248-0,alpha,alpha,single_batch,0.7510948777198792
248,-6.797733306884766,-7.479828357696533,8,human1_lib1.final_cell_0249-0,beta,delta,single_batch,1.9226360321044922
249,-1.0979044437408447,5.003546237945557,1,human1_lib1.final_cell_0250-0,endothelial,endothelial,single_batch,2.356671094894409
250,-5.154806613922119,-7.904921054840088,8,human1_lib1.final_cell_0251-0,delta,delta,single_batch,0.542291522026062
251,-6.1772966384887695,-7.594000816345215,8,human1_lib1.final_cell_0252-0,delta,delta,single_batch,0.6633935570716858
252,8.888931274414062,12.7321138381958,7,human1_lib1.final_cell_0253-0,beta,beta,single_batch,0.3845422863960266
253,13.103562355041504,9.357117652893066,7,human1_lib1.final_cell_0254-0,beta,beta,single_batch,0.6006247997283936
254,-5.825431823730469,-7.122036457061768,8,human1_lib1.final_cell_0255-0,delta,delta,single_batch,1.0049562454223633
255,-5.220327854156494,-9.328032493591309,8,human1_lib1.final_cell_0256-0,gamma,delta,single_batch,0.7643076777458191
256,2.7240052223205566,-2.174957752227783,9,human1_lib1.final_cell_0257-0,alpha,alpha,single_batch,0.7573224306106567
257,7.995312213897705,11.74094009399414,7,human1_lib1.final_cell_0258-0,beta,beta,single_batch,0.4472961723804474
258,11.08899211883545,10.662614822387695,7,human1_lib1.final_cell_0259-0,beta,beta,single_batch,0.3845422863960266
259,8.656033515930176,11.577990531921387,7,human1_lib1.final_cell_0260-0,beta,beta,single_batch,0.3845422863960266
260,9.992374420166016,-6.96959114074707,4,human1_lib1.final_cell_0261-0,ductal,ductal,single_batch,1.6465277671813965
261,-6.686461925506592,-7.82091760635376,8,human1_lib1.final_cell_0262-0,delta,delta,single_batch,1.4450218677520752
262,6.204826831817627,-1.5752537250518799,9,human1_lib1.final_cell_0263-0,alpha,alpha,single_batch,0.47755196690559387
263,10.49452018737793,10.948185920715332,7,human1_lib1.final_cell_0264-0,beta,beta,single_batch,0.3845422863960266
264,-5.227755546569824,-9.390018463134766,8,human1_lib1.final_cell_0265-0,gamma,delta,single_batch,0.7187296748161316
265,6.536099910736084,12.930281639099121,7,human1_lib1.final_cell_0266-0,beta,beta,single_batch,0.3845422863960266
266,4.777207851409912,13.904972076416016,7,human1_lib1.final_cell_0267-0,beta,beta,single_batch,0.3875264823436737
267,10.882010459899902,11.512768745422363,7,human1_lib1.final_cell_0268-0,beta,beta,single_batch,0.4056825637817383
268,-10.546297073364258,0.7938490509986877,6,human1_lib1.final_cell_0269-0,quiescent_stellate,quiescent_stellate,single_batch,2.261606216430664
269,2.3950436115264893,-2.2827141284942627,9,human1_lib1.final_cell_0270-0,alpha,alpha,single_batch,0.661308765411377
270,-6.59710168838501,-7.684834003448486,8,human1_lib1.final_cell_0271-0,delta,delta,single_batch,0.739458441734314
271,-5.713808536529541,-10.066635131835938,8,human1_lib1.final_cell_0272-0,alpha,delta,single_batch,1.008804440498352
272,-0.44653546810150146,3.7189862728118896,1,human1_lib1.final_cell_0273-0,endothelial,endothelial,single_batch,2.356671094894409
273,2.0238423347473145,-2.4965152740478516,9,human1_lib1.final_cell_0274-0,alpha,alpha,single_batch,0.7629322409629822
274,-5.090524673461914,-7.892976760864258,8,human1_lib1.final_cell_0275-0,delta,delta,single_batch,0.5440848469734192
275,7.574746131896973,13.049378395080566,7,human1_lib1.final_cell_0276-0,beta,beta,single_batch,0.3845422863960266
276,-5.505960941314697,-9.032537460327148,8,human1_lib1.final_cell_0277-0,gamma,delta,single_batch,0.8606237173080444
277,10.742574691772461,-7.396254539489746,4,human1_lib1.final_cell_0278-0,ductal,ductal,single_batch,2.2642223834991455
278,3.316986083984375,-1.9444776773452759,9,human1_lib1.final_cell_0279-0,alpha,alpha,single_batch,0.5798875093460083
279,-4.82318639755249,-9.710721969604492,8,human1_lib1.final_cell_0280-0,alpha,delta,single_batch,1.8678804636001587
280,-4.760715961456299,-7.168590545654297,8,human1_lib1.final_cell_0281-0,delta,delta,single_batch,0.5122920274734497
281,4.094683647155762,13.578521728515625,7,human1_lib1.final_cell_0282-0,beta,beta,single_batch,0.790899932384491
282,8.89682388305664,10.686552047729492,7,human1_lib1.final_cell_0283-0,beta,beta,single_batch,0.5094499588012695
283,9.826549530029297,-6.6971893310546875,4,human1_lib1.final_cell_0284-0,ductal,ductal,single_batch,2.0776474475860596
284,3.7488961219787598,-2.011593818664551,9,human1_lib1.final_cell_0285-0,alpha,alpha,single_batch,1.0432319641113281
285,7.966006278991699,11.637468338012695,7,human1_lib1.final_cell_0286-0,beta,beta,single_batch,0.7490919232368469
286,-4.898653507232666,-8.334993362426758,8,human1_lib1.final_cell_0287-0,delta,delta,single_batch,0.5494628548622131
287,6.634792804718018,-11.657044410705566,2,human1_lib1.final_cell_0288-0,macrophage,macrophage,single_batch,2.288738965988159
288,-1.1039469242095947,4.803528308868408,1,human1_lib1.final_cell_0289-0,endothelial,endothelial,single_batch,2.356671094894409
289,6.971199989318848,13.508530616760254,7,human1_lib1.final_cell_0290-0,beta,beta,single_batch,0.4061030149459839
290,5.384486198425293,13.733577728271484,7,human1_lib1.final_cell_0291-0,beta,beta,single_batch,0.3845422863960266
291,11.154293060302734,10.165283203125,7,human1_lib1.final_cell_0292-0,beta,beta,single_batch,0.4990640878677368
292,9.781036376953125,10.197386741638184,7,human1_lib1.final_cell_0293-0,beta,beta,single_batch,0.41888710856437683
293,10.312519073486328,11.92505168914795,7,human1_lib1.final_cell_0294-0,beta,beta,single_batch,0.3845422863960266
294,7.800123691558838,12.736868858337402,7,human1_lib1.final_cell_0295-0,beta,beta,single_batch,0.3845422863960266
295,5.345400810241699,13.022627830505371,7,human1_lib1.final_cell_0296-0,beta,beta,single_batch,0.3845422863960266
296,10.346725463867188,10.133076667785645,7,human1_lib1.final_cell_0297-0,beta,beta,single_batch,0.4178602695465088
297,3.8153605461120605,14.203373908996582,7,human1_lib1.final_cell_0298-0,beta,beta,single_batch,0.40582364797592163
298,10.41952896118164,10.21156120300293,7,human1_lib1.final_cell_0299-0,beta,beta,single_batch,0.3845422863960266
299,3.0989575386047363,13.912376403808594,7,human1_lib1.final_cell_0300-0,beta,beta,single_batch,0.9798562526702881
300,-5.299264430999756,-10.298025131225586,8,human1_lib1.final_cell_0301-0,gamma,delta,single_batch,0.9242713451385498
301,-6.700887680053711,5.026070594787598,3,human1_lib1.final_cell_0302-0,endothelial,activated_stellate,single_batch,2.728938341140747
302,9.371646881103516,12.263769149780273,7,human1_lib1.final_cell_0303-0,beta,beta,single_batch,0.3845422863960266
303,12.677671432495117,9.417471885681152,7,human1_lib1.final_cell_0304-0,beta,beta,single_batch,0.4030386209487915
304,11.389275550842285,9.90979290008545,7,human1_lib1.final_cell_0305-0,beta,beta,single_batch,0.40601181983947754
305,-5.66772985458374,-7.034177780151367,8,human1_lib1.final_cell_0306-0,delta,delta,single_batch,0.440473735332489
306,11.947025299072266,9.435840606689453,7,human1_lib1.final_cell_0307-0,beta,beta,single_batch,0.4054412245750427
307,-5.319911956787109,-10.13243579864502,8,human1_lib1.final_cell_0308-0,gamma,delta,single_batch,0.8950543999671936
308,-5.885943412780762,-9.149699211120605,8,human1_lib1.final_cell_0309-0,epsilon,delta,single_batch,1.5405362844467163
309,-5.693305015563965,-7.038662433624268,8,human1_lib1.final_cell_0310-0,delta,delta,single_batch,0.5327149629592896
310,11.514467239379883,10.897406578063965,7,human1_lib1.final_cell_0311-0,beta,beta,single_batch,0.3953729569911957
311,11.675135612487793,9.810701370239258,7,human1_lib1.final_cell_0312-0,beta,beta,single_batch,0.40434715151786804
312,-4.460443019866943,-8.916711807250977,8,human1_lib1.final_cell_0313-0,gamma,delta,single_batch,0.859043300151825
313,5.859170436859131,13.22712516784668,7,human1_lib1.final_cell_0314-0,beta,beta,single_batch,0.4501066505908966
314,6.398980140686035,-1.702010989189148,9,human1_lib1.final_cell_0315-0,beta,alpha,single_batch,1.5149683952331543
315,10.90222454071045,11.727129936218262,7,human1_lib1.final_cell_0316-0,beta,beta,single_batch,0.3845422863960266
316,13.441128730773926,8.989709854125977,7,human1_lib1.final_cell_0317-0,beta,beta,single_batch,0.3845422863960266
317,9.917229652404785,12.757338523864746,7,human1_lib1.final_cell_0318-0,beta,beta,single_batch,0.39716967940330505
318,-0.19494003057479858,5.052914619445801,1,human1_lib1.final_cell_0319-0,endothelial,endothelial,single_batch,2.0785608291625977
319,9.5379056930542,12.235298156738281,7,human1_lib1.final_cell_0320-0,beta,beta,single_batch,0.3845422863960266
320,-5.7935099601745605,-7.158445835113525,8,human1_lib1.final_cell_0321-0,delta,delta,single_batch,0.5206572413444519
321,5.309342384338379,-1.6744098663330078,9,human1_lib1.final_cell_0322-0,alpha,alpha,single_batch,0.48852550983428955
322,-5.825308322906494,-9.461881637573242,8,human1_lib1.final_cell_0323-0,epsilon,delta,single_batch,1.2675960063934326
323,6.866965293884277,-1.5856659412384033,9,human1_lib1.final_cell_0324-0,alpha,alpha,single_batch,0.5383815169334412
324,-10.674256324768066,0.8718001842498779,6,human1_lib1.final_cell_0325-0,quiescent_stellate,quiescent_stellate,single_batch,1.965977430343628
325,-5.607158184051514,-10.732198715209961,8,human1_lib1.final_cell_0326-0,alpha,delta,single_batch,1.032568335533142
326,6.502897262573242,-1.7096772193908691,9,human1_lib1.final_cell_0327-0,alpha,alpha,single_batch,0.8248721957206726
327,12.331504821777344,9.191802024841309,7,human1_lib1.final_cell_0328-0,beta,beta,single_batch,0.3855229616165161
328,3.015150308609009,13.857075691223145,7,human1_lib1.final_cell_0329-0,beta,beta,single_batch,0.7009158134460449
329,9.93696117401123,-7.118673324584961,4,human1_lib1.final_cell_0330-0,ductal,ductal,single_batch,1.6569256782531738
330,4.401323318481445,13.745534896850586,7,human1_lib1.final_cell_0331-0,beta,beta,single_batch,0.41807642579078674
331,3.3574769496917725,-2.0475640296936035,9,human1_lib1.final_cell_0332-0,alpha,alpha,single_batch,0.728924572467804
332,8.359037399291992,13.391706466674805,7,human1_lib1.final_cell_0333-0,beta,beta,single_batch,0.4212278425693512
333,6.988639831542969,-1.590951919555664,9,human1_lib1.final_cell_0334-0,alpha,alpha,single_batch,0.6207641959190369
334,3.7183706760406494,13.657577514648438,7,human1_lib1.final_cell_0335-0,beta,beta,single_batch,0.5977937579154968
335,6.701729774475098,13.321454048156738,7,human1_lib1.final_cell_0336-0,beta,beta,single_batch,0.41616585850715637
336,-4.0840630531311035,-7.64919376373291,8,human1_lib1.final_cell_0337-0,delta,delta,single_batch,0.5831186175346375
337,-5.258288383483887,-7.773453235626221,8,human1_lib1.final_cell_0338-0,delta,delta,single_batch,0.5332198739051819
338,3.920631170272827,14.268370628356934,7,human1_lib1.final_cell_0339-0,beta,beta,single_batch,0.39875009655952454
339,8.37712287902832,12.794665336608887,7,human1_lib1.final_cell_0340-0,beta,beta,single_batch,0.3845422863960266
340,7.27595329284668,13.100326538085938,7,human1_lib1.final_cell_0341-0,beta,beta,single_batch,0.3845422863960266
341,10.986132621765137,-7.287108421325684,4,human1_lib1.final_cell_0342-0,ductal,ductal,single_batch,1.6977535486221313
342,-8.007732391357422,14.233650207519531,0,human1_lib1.final_cell_0343-0,acinar,acinar,single_batch,1.4255417585372925
343,5.36688232421875,13.292253494262695,7,human1_lib1.final_cell_0344-0,beta,beta,single_batch,0.3899660110473633
344,-5.469589710235596,-10.868122100830078,8,human1_lib1.final_cell_0345-0,alpha,delta,single_batch,1.2687733173370361
345,5.6889567375183105,12.839794158935547,7,human1_lib1.final_cell_0346-0,beta,beta,single_batch,0.3924618363380432
346,7.444207668304443,13.094596862792969,7,human1_lib1.final_cell_0347-0,beta,beta,single_batch,0.3845422863960266
347,2.559321641921997,-2.1879353523254395,9,human1_lib1.final_cell_0348-0,alpha,alpha,single_batch,0.6356710195541382
348,10.956525802612305,11.497981071472168,7,human1_lib1.final_cell_0349-0,beta,beta,single_batch,0.5085812211036682
349,-10.519671440124512,0.6753402352333069,6,human1_lib1.final_cell_0350-0,quiescent_stellate,quiescent_stellate,single_batch,2.2235255241394043
350,10.714786529541016,12.166486740112305,7,human1_lib1.final_cell_0351-0,beta,beta,single_batch,0.3944862186908722
351,-5.657217025756836,-9.978299140930176,8,human1_lib1.final_cell_0352-0,gamma,delta,single_batch,1.0569089651107788
352,11.422174453735352,9.680710792541504,7,human1_lib1.final_cell_0353-0,beta,beta,single_batch,0.3845422863960266
353,-4.770360469818115,-9.729846954345703,8,human1_lib1.final_cell_0354-0,gamma,delta,single_batch,0.9478685259819031
354,-0.7530930042266846,5.141510486602783,1,human1_lib1.final_cell_0355-0,endothelial,endothelial,single_batch,2.3518598079681396
355,10.906376838684082,10.920332908630371,7,human1_lib1.final_cell_0356-0,beta,beta,single_batch,0.3845422863960266
356,4.637759685516357,-1.8153530359268188,9,human1_lib1.final_cell_0357-0,alpha,alpha,single_batch,0.4748398959636688
357,-6.683899879455566,4.99210786819458,3,human1_lib1.final_cell_0358-0,schwann,activated_stellate,single_batch,2.728938341140747
358,6.754588603973389,13.861282348632812,7,human1_lib1.final_cell_0359-0,beta,beta,single_batch,0.3845422863960266
359,-11.422557830810547,0.4317646026611328,6,human1_lib1.final_cell_0360-0,quiescent_stellate,quiescent_stellate,single_batch,1.9946458339691162
360,-0.4809895157814026,4.46646785736084,1,human1_lib1.final_cell_0361-0,endothelial,endothelial,single_batch,2.027900457382202
361,-5.42337703704834,-9.887259483337402,8,human1_lib1.final_cell_0362-0,gamma,delta,single_batch,0.7997738122940063
362,5.79710054397583,13.704434394836426,7,human1_lib1.final_cell_0363-0,beta,beta,single_batch,0.4025852382183075
363,11.068792343139648,10.895612716674805,7,human1_lib1.final_cell_0364-0,beta,beta,single_batch,0.3845422863960266
364,2.6157543659210205,-2.1730964183807373,9,human1_lib1.final_cell_0365-0,alpha,alpha,single_batch,0.5873177647590637
365,2.653804063796997,-2.140392780303955,9,human1_lib1.final_cell_0366-0,alpha,alpha,single_batch,0.6937901377677917
366,-5.33657693862915,-9.299102783203125,8,human1_lib1.final_cell_0367-0,gamma,delta,single_batch,0.737214207649231
367,11.960641860961914,10.782503128051758,7,human1_lib1.final_cell_0368-0,beta,beta,single_batch,0.44516900181770325
368,11.924272537231445,10.41952133178711,7,human1_lib1.final_cell_0369-0,beta,beta,single_batch,0.566469669342041
369,-5.196066379547119,-7.839640140533447,8,human1_lib1.final_cell_0370-0,delta,delta,single_batch,0.47050902247428894
370,-8.383543014526367,13.799360275268555,0,human1_lib1.final_cell_0371-0,acinar,acinar,single_batch,1.6788002252578735
371,-8.357906341552734,13.842498779296875,0,human1_lib1.final_cell_0372-0,acinar,acinar,single_batch,1.5955857038497925
372,-4.828370571136475,-9.60965347290039,8,human1_lib1.final_cell_0373-0,gamma,delta,single_batch,0.8361689448356628
373,10.682808876037598,-7.3725738525390625,4,human1_lib1.final_cell_0374-0,ductal,ductal,single_batch,1.6171132326126099
374,9.780780792236328,-6.73621940612793,4,human1_lib1.final_cell_0375-0,ductal,ductal,single_batch,1.7269139289855957
375,-0.25068724155426025,3.4843060970306396,1,human1_lib1.final_cell_0376-0,endothelial,endothelial,single_batch,2.356671094894409
376,-5.774681568145752,-7.3493547439575195,8,human1_lib1.final_cell_0377-0,delta,delta,single_batch,0.9948768615722656
377,8.516685485839844,12.798314094543457,7,human1_lib1.final_cell_0378-0,beta,beta,single_batch,0.44598937034606934
378,11.583014488220215,10.829333305358887,7,human1_lib1.final_cell_0379-0,beta,beta,single_batch,0.3845422863960266
379,-0.12179973721504211,5.006774425506592,1,human1_lib1.final_cell_0380-0,endothelial,endothelial,single_batch,2.2448904514312744
380,6.3636474609375,-1.5276248455047607,9,human1_lib1.final_cell_0381-0,alpha,alpha,single_batch,0.524618923664093
381,-7.98762321472168,14.144783020019531,0,human1_lib1.final_cell_0382-0,acinar,acinar,single_batch,1.4379723072052002
382,-0.09165370464324951,4.971487998962402,1,human1_lib1.final_cell_0383-0,endothelial,endothelial,single_batch,1.8476221561431885
383,-1.0368351936340332,4.649110794067383,1,human1_lib1.final_cell_0384-0,endothelial,endothelial,single_batch,2.356671094894409
384,6.515146255493164,-1.5417699813842773,9,human1_lib1.final_cell_0385-0,alpha,alpha,single_batch,0.6772083640098572
385,7.693209171295166,12.236832618713379,7,human1_lib1.final_cell_0386-0,beta,beta,single_batch,0.4277906119823456
386,12.559199333190918,9.329276084899902,7,human1_lib1.final_cell_0387-0,beta,beta,single_batch,0.3845422863960266
387,-4.583606243133545,-9.175150871276855,8,human1_lib1.final_cell_0388-0,gamma,delta,single_batch,0.8810096383094788
388,10.900017738342285,10.829522132873535,7,human1_lib1.final_cell_0389-0,beta,beta,single_batch,0.3845422863960266
389,-5.665255546569824,-11.065890312194824,8,human1_lib1.final_cell_0390-0,alpha,delta,single_batch,1.1129608154296875
390,8.228123664855957,11.819438934326172,7,human1_lib1.final_cell_0391-0,beta,beta,single_batch,0.39566028118133545
391,5.858266353607178,13.793706893920898,7,human1_lib1.final_cell_0392-0,beta,beta,single_batch,0.3845422863960266
392,11.345037460327148,9.824349403381348,7,human1_lib1.final_cell_0393-0,beta,beta,single_batch,0.3845422863960266
393,5.22492790222168,13.067076683044434,7,human1_lib1.final_cell_0394-0,beta,beta,single_batch,0.5447210669517517
394,8.590498924255371,13.442570686340332,7,human1_lib1.final_cell_0395-0,beta,beta,single_batch,0.39044466614723206
395,-4.269590854644775,-7.405500888824463,8,human1_lib1.final_cell_0396-0,delta,delta,single_batch,0.6479624509811401
396,6.059517860412598,13.754093170166016,7,human1_lib1.final_cell_0397-0,beta,beta,single_batch,0.3845422863960266
397,-11.056493759155273,-0.0835261344909668,6,human1_lib1.final_cell_0398-0,quiescent_stellate,quiescent_stellate,single_batch,2.4609620571136475
398,-7.3742804527282715,4.791287422180176,3,human1_lib1.final_cell_0399-0,activated_stellate,activated_stellate,single_batch,2.728938341140747
399,10.996350288391113,11.324377059936523,7,human1_lib1.final_cell_0400-0,beta,beta,single_batch,0.3845422863960266
400,7.187469005584717,-1.5955233573913574,10,human1_lib1.final_cell_0401-0,alpha,epsilon,single_batch,2.09104323387146
401,7.090201377868652,12.023219108581543,7,human1_lib1.final_cell_0402-0,beta,beta,single_batch,0.8851836323738098
402,-4.168045520782471,-8.183566093444824,8,human1_lib1.final_cell_0403-0,gamma,delta,single_batch,1.103316307067871
403,-10.617385864257812,0.7730455994606018,6,human1_lib1.final_cell_0404-0,quiescent_stellate,quiescent_stellate,single_batch,1.8497681617736816
404,10.609257698059082,11.239542961120605,7,human1_lib1.final_cell_0405-0,beta,beta,single_batch,0.3845422863960266
405,3.8310070037841797,-1.8694957494735718,9,human1_lib1.final_cell_0406-0,alpha,alpha,single_batch,0.530123770236969
406,-10.544703483581543,0.5344305634498596,6,human1_lib1.final_cell_0407-0,quiescent_stellate,quiescent_stellate,single_batch,2.1901893615722656
407,-0.1454239785671234,4.996163845062256,1,human1_lib1.final_cell_0408-0,endothelial,endothelial,single_batch,2.1673035621643066
408,8.802680015563965,11.27627944946289,7,human1_lib1.final_cell_0409-0,beta,beta,single_batch,0.4488321840763092
409,10.027119636535645,-7.503673076629639,4,human1_lib1.final_cell_0410-0,ductal,ductal,single_batch,2.227405548095703
410,0.01323003601282835,4.7512664794921875,1,human1_lib1.final_cell_0411-0,endothelial,endothelial,single_batch,1.8345389366149902
411,11.07470703125,-7.203667163848877,4,human1_lib1.final_cell_0412-0,ductal,ductal,single_batch,2.1435177326202393
412,-9.079947471618652,13.989396095275879,0,human1_lib1.final_cell_0413-0,acinar,acinar,single_batch,1.6756911277770996
413,2.485844373703003,-2.2159194946289062,9,human1_lib1.final_cell_0414-0,alpha,alpha,single_batch,0.708118736743927
414,-4.368485450744629,-7.44110631942749,8,human1_lib1.final_cell_0415-0,delta,delta,single_batch,0.7788704037666321
415,-4.737589359283447,-7.142461776733398,8,human1_lib1.final_cell_0416-0,beta,delta,single_batch,0.7790310978889465
416,6.632123947143555,-11.65511703491211,2,human1_lib1.final_cell_0417-0,macrophage,macrophage,single_batch,2.288738965988159
417,10.597264289855957,-6.342532157897949,4,human1_lib1.final_cell_0418-0,ductal,ductal,single_batch,2.288738965988159
418,0.09258045256137848,4.425161361694336,1,human1_lib1.final_cell_0419-0,endothelial,endothelial,single_batch,2.1946921348571777
419,-0.7426261901855469,4.480278015136719,1,human1_lib1.final_cell_0420-0,endothelial,endothelial,single_batch,2.356671094894409
420,-5.689703464508057,-8.842184066772461,8,human1_lib1.final_cell_0421-0,gamma,delta,single_batch,0.7689027190208435
421,-0.0942976176738739,5.023375034332275,1,human1_lib1.final_cell_0422-0,endothelial,endothelial,single_batch,2.336257219314575
422,0.1196417510509491,4.415171146392822,1,human1_lib1.final_cell_0423-0,endothelial,endothelial,single_batch,1.9896103143692017
423,6.877885341644287,13.963126182556152,7,human1_lib1.final_cell_0424-0,beta,beta,single_batch,0.40302231907844543
424,6.109405517578125,13.785248756408691,7,human1_lib1.final_cell_0425-0,beta,beta,single_batch,0.3887556493282318
425,-5.3073930740356445,-10.201516151428223,8,human1_lib1.final_cell_0426-0,gamma,delta,single_batch,0.8975923657417297
426,-5.41825008392334,-10.78267765045166,8,human1_lib1.final_cell_0427-0,beta,delta,single_batch,1.239375114440918
427,14.580717086791992,-2.0364813804626465,5,human1_lib1.final_cell_0428-0,mast,mast,single_batch,2.288738965988159
428,8.76945972442627,11.13464641571045,7,human1_lib1.final_cell_0429-0,beta,beta,single_batch,0.5725243091583252
429,-0.38438108563423157,4.864398956298828,1,human1_lib1.final_cell_0430-0,endothelial,endothelial,single_batch,1.9323762655258179
430,-4.839969158172607,-9.29255199432373,8,human1_lib1.final_cell_0431-0,gamma,delta,single_batch,0.7291164994239807
431,-10.738110542297363,0.6052979826927185,6,human1_lib1.final_cell_0432-0,quiescent_stellate,quiescent_stellate,single_batch,1.8770209550857544
432,5.170705795288086,-1.5495803356170654,9,human1_lib1.final_cell_0433-0,alpha,alpha,single_batch,0.8116058707237244
433,6.222456932067871,13.484617233276367,7,human1_lib1.final_cell_0434-0,beta,beta,single_batch,0.4290849566459656
434,-5.628252983093262,-10.995884895324707,8,human1_lib1.final_cell_0435-0,alpha,delta,single_batch,0.8815145492553711
435,-9.179624557495117,13.865891456604004,0,human1_lib1.final_cell_0436-0,acinar,acinar,single_batch,2.1557953357696533
436,10.517121315002441,-7.56666374206543,4,human1_lib1.final_cell_0437-0,ductal,ductal,single_batch,1.7819488048553467
437,13.202927589416504,9.294158935546875,7,human1_lib1.final_cell_0438-0,beta,beta,single_batch,0.41081202030181885
438,10.636570930480957,10.432713508605957,7,human1_lib1.final_cell_0439-0,beta,beta,single_batch,0.40290993452072144
439,10.934000015258789,-7.387077331542969,4,human1_lib1.final_cell_0440-0,ductal,ductal,single_batch,1.7801270484924316
440,9.627778053283691,12.507485389709473,7,human1_lib1.final_cell_0441-0,beta,beta,single_batch,0.3845422863960266
441,10.457976341247559,12.56285285949707,7,human1_lib1.final_cell_0442-0,beta,beta,single_batch,0.3993450701236725
442,10.88290023803711,-7.23137092590332,4,human1_lib1.final_cell_0443-0,ductal,ductal,single_batch,1.622981309890747
443,-9.379600524902344,14.496209144592285,0,human1_lib1.final_cell_0444-0,acinar,acinar,single_batch,1.6929714679718018
444,-0.8601177334785461,4.301948070526123,1,human1_lib1.final_cell_0445-0,endothelial,endothelial,single_batch,2.356671094894409
445,4.051567554473877,14.410128593444824,7,human1_lib1.final_cell_0446-0,beta,beta,single_batch,0.5845168232917786
446,-4.008343696594238,-7.7019267082214355,8,human1_lib1.final_cell_0447-0,beta,delta,single_batch,1.171449899673462
447,10.703422546386719,11.373442649841309,7,human1_lib1.final_cell_0448-0,beta,beta,single_batch,0.39066797494888306
448,10.390605926513672,-7.592690944671631,4,human1_lib1.final_cell_0449-0,ductal,ductal,single_batch,1.739741325378418
449,-7.316443920135498,4.775942325592041,3,human1_lib1.final_cell_0450-0,activated_stellate,activated_stellate,single_batch,2.6078498363494873
450,6.224984169006348,12.768464088439941,7,human1_lib1.final_cell_0451-0,beta,beta,single_batch,0.43689191341400146
451,-10.461526870727539,0.43408551812171936,6,human1_lib1.final_cell_0452-0,quiescent_stellate,quiescent_stellate,single_batch,2.254159688949585
452,-8.309832572937012,14.025816917419434,0,human1_lib1.final_cell_0453-0,acinar,acinar,single_batch,1.387967824935913
453,-5.094141006469727,-9.331412315368652,8,human1_lib1.final_cell_0454-0,gamma,delta,single_batch,0.6770299077033997
454,-10.904923439025879,0.6532383561134338,6,human1_lib1.final_cell_0455-0,quiescent_stellate,quiescent_stellate,single_batch,1.935848593711853
455,-0.06981831789016724,4.945606231689453,1,human1_lib1.final_cell_0456-0,endothelial,endothelial,single_batch,2.27336049079895
456,-0.14552439749240875,4.860520362854004,1,human1_lib1.final_cell_0457-0,endothelial,endothelial,single_batch,1.9994032382965088
457,3.9823760986328125,-2.0495874881744385,9,human1_lib1.final_cell_0458-0,alpha,alpha,single_batch,1.0566171407699585
458,-10.616933822631836,0.847534716129303,6,human1_lib1.final_cell_0459-0,quiescent_stellate,quiescent_stellate,single_batch,2.1119706630706787
459,-5.014991760253906,-9.397661209106445,8,human1_lib1.final_cell_0460-0,beta,delta,single_batch,1.1052939891815186
460,-9.381302833557129,14.083467483520508,0,human1_lib1.final_cell_0461-0,acinar,acinar,single_batch,2.3362185955047607
461,12.168231964111328,10.158568382263184,7,human1_lib1.final_cell_0462-0,beta,beta,single_batch,0.4504360854625702
462,-0.7141104340553284,5.048576354980469,1,human1_lib1.final_cell_0463-0,endothelial,endothelial,single_batch,2.0972542762756348
463,-0.7197433114051819,4.550690650939941,1,human1_lib1.final_cell_0464-0,endothelial,endothelial,single_batch,2.2818679809570312
464,5.808591365814209,13.216535568237305,7,human1_lib1.final_cell_0465-0,beta,beta,single_batch,0.3845422863960266
465,-8.334948539733887,14.311447143554688,0,human1_lib1.final_cell_0466-0,acinar,acinar,single_batch,1.2348393201828003
466,-4.05967903137207,-7.810997009277344,8,human1_lib1.final_cell_0467-0,delta,delta,single_batch,0.7787213921546936
467,10.64708423614502,12.389412879943848,7,human1_lib1.final_cell_0468-0,beta,beta,single_batch,0.4837633967399597
468,10.756745338439941,12.276598930358887,7,human1_lib1.final_cell_0469-0,beta,beta,single_batch,0.5350195169448853
469,10.813931465148926,11.823439598083496,7,human1_lib1.final_cell_0470-0,beta,beta,single_batch,0.3940880596637726
470,13.903292655944824,9.099020957946777,7,human1_lib1.final_cell_0471-0,beta,beta,single_batch,1.3684879541397095
471,10.26212215423584,12.208083152770996,7,human1_lib1.final_cell_0472-0,beta,beta,single_batch,0.46975868940353394
472,5.6608991622924805,12.862672805786133,7,human1_lib1.final_cell_0473-0,beta,beta,single_batch,0.4212813973426819
473,12.71279525756836,9.568618774414062,7,human1_lib1.final_cell_0474-0,beta,beta,single_batch,0.47012460231781006
474,5.923654556274414,13.134037971496582,7,human1_lib1.final_cell_0475-0,beta,beta,single_batch,0.4027180075645447
475,-5.227432727813721,-9.27711009979248,8,human1_lib1.final_cell_0476-0,gamma,delta,single_batch,0.7108418941497803
476,10.68669319152832,-7.073403835296631,4,human1_lib1.final_cell_0477-0,ductal,ductal,single_batch,1.6193710565567017
477,5.368038177490234,13.408085823059082,7,human1_lib1.final_cell_0478-0,beta,beta,single_batch,0.4249582290649414
478,-4.563343524932861,-8.95671272277832,8,human1_lib1.final_cell_0479-0,gamma,delta,single_batch,0.7617896199226379
479,10.34848690032959,11.703572273254395,7,human1_lib1.final_cell_0480-0,beta,beta,single_batch,0.4437623620033264
480,-4.895495891571045,-6.885232448577881,8,human1_lib1.final_cell_0481-0,delta,delta,single_batch,0.7281150221824646
481,9.50815200805664,12.215882301330566,7,human1_lib1.final_cell_0482-0,beta,beta,single_batch,0.3845422863960266
482,10.876546859741211,11.753547668457031,7,human1_lib1.final_cell_0483-0,beta,beta,single_batch,0.3845422863960266
483,-4.574843406677246,-7.941056728363037,8,human1_lib1.final_cell_0484-0,gamma,delta,single_batch,0.5790056586265564
484,-11.349842071533203,0.5980061888694763,6,human1_lib1.final_cell_0485-0,quiescent_stellate,quiescent_stellate,single_batch,1.7523326873779297
485,-5.138978481292725,-7.989238262176514,8,human1_lib1.final_cell_0486-0,delta,delta,single_batch,0.6888706684112549
486,4.377918720245361,14.543034553527832,7,human1_lib1.final_cell_0487-0,beta,beta,single_batch,0.5243340134620667
487,-4.043262004852295,-7.620429992675781,8,human1_lib1.final_cell_0488-0,delta,delta,single_batch,0.920044481754303
488,-10.856038093566895,-0.004234998486936092,6,human1_lib1.final_cell_0489-0,quiescent_stellate,quiescent_stellate,single_batch,2.4273223876953125
489,-4.331635475158691,-7.403604030609131,8,human1_lib1.final_cell_0490-0,delta,delta,single_batch,1.0437259674072266
490,13.806636810302734,9.017094612121582,7,human1_lib1.final_cell_0491-0,beta,beta,single_batch,0.7268439531326294
491,-5.555119514465332,-10.938377380371094,8,human1_lib1.final_cell_0492-0,alpha,delta,single_batch,0.9765976071357727
492,-4.738879680633545,-6.756437301635742,8,human1_lib1.final_cell_0493-0,delta,delta,single_batch,0.6278409957885742
493,4.8706841468811035,-1.8128788471221924,9,human1_lib1.final_cell_0494-0,alpha,alpha,single_batch,0.5031948089599609
494,-10.715468406677246,0.7625381946563721,6,human1_lib1.final_cell_0495-0,quiescent_stellate,quiescent_stellate,single_batch,2.2646944522857666
495,-11.469118118286133,0.25910380482673645,6,human1_lib1.final_cell_0496-0,quiescent_stellate,quiescent_stellate,single_batch,2.037614107131958
496,7.801889419555664,13.46787166595459,7,human1_lib1.final_cell_0497-0,beta,beta,single_batch,0.48101815581321716
497,-0.43636542558670044,4.021464824676514,1,human1_lib1.final_cell_0498-0,endothelial,endothelial,single_batch,2.356671094894409
498,-0.42693015933036804,4.144234657287598,1,human1_lib1.final_cell_0499-0,endothelial,endothelial,single_batch,2.2492117881774902
499,-7.2411580085754395,4.798141956329346,3,human1_lib1.final_cell_0500-0,activated_stellate,activated_stellate,single_batch,2.728938341140747
500,4.569526672363281,13.729750633239746,7,human1_lib1.final_cell_0501-0,beta,beta,single_batch,0.3845422863960266
501,4.681967258453369,-1.8513437509536743,9,human1_lib1.final_cell_0502-0,alpha,alpha,single_batch,0.610375165939331
502,-6.055266380310059,-8.394840240478516,8,human1_lib1.final_cell_0503-0,delta,delta,single_batch,0.9807966947555542
503,11.071246147155762,9.966108322143555,7,human1_lib1.final_cell_0504-0,beta,beta,single_batch,0.3845422863960266
504,0.1776926964521408,4.242583751678467,1,human1_lib1.final_cell_0505-0,endothelial,endothelial,single_batch,2.3039586544036865
505,-5.611577987670898,-10.640534400939941,8,human1_lib1.final_cell_0506-0,alpha,delta,single_batch,0.9449353218078613
506,-11.351958274841309,0.6337729096412659,6,human1_lib1.final_cell_0507-0,quiescent_stellate,quiescent_stellate,single_batch,1.7872142791748047
507,-5.274923801422119,-9.64223575592041,8,human1_lib1.final_cell_0508-0,beta,delta,single_batch,1.188713550567627
508,0.37687498331069946,4.481107711791992,1,human1_lib1.final_cell_0509-0,endothelial,endothelial,single_batch,2.356671094894409
509,-7.315011978149414,4.738659858703613,3,human1_lib1.final_cell_0510-0,activated_stellate,activated_stellate,single_batch,2.728938341140747
510,-6.189756393432617,-8.135823249816895,8,human1_lib1.final_cell_0511-0,gamma,delta,single_batch,0.8679617643356323
511,5.239994049072266,13.403203010559082,7,human1_lib1.final_cell_0512-0,beta,beta,single_batch,0.4487200677394867
512,-10.832114219665527,0.6431612372398376,6,human1_lib1.final_cell_0513-0,quiescent_stellate,quiescent_stellate,single_batch,2.0093581676483154
513,10.600439071655273,12.070149421691895,7,human1_lib1.final_cell_0514-0,beta,beta,single_batch,0.39494559168815613
514,-1.024807095527649,5.0557379722595215,1,human1_lib1.final_cell_0515-0,endothelial,endothelial,single_batch,2.352267265319824
515,-4.686096668243408,-8.961974143981934,8,human1_lib1.final_cell_0516-0,gamma,delta,single_batch,0.9453725814819336
516,3.598186731338501,13.672062873840332,7,human1_lib1.final_cell_0517-0,beta,beta,single_batch,1.0286734104156494
517,10.196304321289062,11.102570533752441,7,human1_lib1.final_cell_0518-0,beta,beta,single_batch,0.3845422863960266
518,-4.707696914672852,-9.210103988647461,8,human1_lib1.final_cell_0519-0,alpha,delta,single_batch,0.6893696784973145
519,-0.3176634609699249,4.567849636077881,1,human1_lib1.final_cell_0520-0,endothelial,endothelial,single_batch,1.8896030187606812
520,-4.015060901641846,-7.768640995025635,8,human1_lib1.final_cell_0521-0,gamma,delta,single_batch,1.2766082286834717
521,9.818682670593262,11.43607234954834,7,human1_lib1.final_cell_0522-0,beta,beta,single_batch,0.3855636417865753
522,6.639683723449707,13.267572402954102,7,human1_lib1.final_cell_0523-0,beta,beta,single_batch,0.40567511320114136
523,10.599018096923828,9.810965538024902,7,human1_lib1.final_cell_0524-0,beta,beta,single_batch,0.488521546125412
524,-6.459509372711182,-7.365298271179199,8,human1_lib1.final_cell_0525-0,beta,delta,single_batch,1.2596564292907715
525,-0.22133372724056244,4.323713779449463,1,human1_lib1.final_cell_0526-0,endothelial,endothelial,single_batch,1.9317318201065063
526,14.57944393157959,-2.0376975536346436,5,human1_lib1.final_cell_0527-0,mast,mast,single_batch,2.288738965988159
527,8.568676948547363,12.563395500183105,7,human1_lib1.final_cell_0528-0,beta,beta,single_batch,0.3845422863960266
528,9.397271156311035,12.611321449279785,7,human1_lib1.final_cell_0529-0,beta,beta,single_batch,0.3845422863960266
529,-0.9040593504905701,4.374549388885498,1,human1_lib1.final_cell_0530-0,endothelial,endothelial,single_batch,2.356671094894409
530,11.355393409729004,11.041401863098145,7,human1_lib1.final_cell_0531-0,beta,beta,single_batch,0.3845422863960266
531,-0.3898329734802246,4.435785293579102,1,human1_lib1.final_cell_0532-0,endothelial,endothelial,single_batch,1.9912086725234985
532,4.449163913726807,14.441046714782715,7,human1_lib1.final_cell_0533-0,beta,beta,single_batch,0.4356182813644409
533,0.23060199618339539,4.42834997177124,1,human1_lib1.final_cell_0534-0,endothelial,endothelial,single_batch,2.1197099685668945
534,7.136009693145752,12.96739387512207,7,human1_lib1.final_cell_0535-0,beta,beta,single_batch,0.3933648467063904
535,-11.45620346069336,0.05126609653234482,6,human1_lib1.final_cell_0536-0,quiescent_stellate,quiescent_stellate,single_batch,2.2948110103607178
536,0.1474428027868271,4.623547077178955,1,human1_lib1.final_cell_0537-0,endothelial,endothelial,single_batch,1.8800286054611206
537,0.2900036871433258,4.431735038757324,1,human1_lib1.final_cell_0538-0,endothelial,endothelial,single_batch,2.2493228912353516
538,7.529999732971191,12.691122055053711,7,human1_lib1.final_cell_0539-0,beta,beta,single_batch,0.5437759757041931
539,0.26625335216522217,4.206870079040527,1,human1_lib1.final_cell_0540-0,endothelial,endothelial,single_batch,2.356671094894409
540,-11.212226867675781,-0.11638858914375305,6,human1_lib1.final_cell_0541-0,quiescent_stellate,quiescent_stellate,single_batch,2.5247082710266113
541,6.2899394035339355,13.394619941711426,7,human1_lib1.final_cell_0542-0,beta,beta,single_batch,0.4537389874458313
542,2.430935859680176,-2.254286766052246,9,human1_lib1.final_cell_0543-0,alpha,alpha,single_batch,0.6643185019493103
543,10.57278823852539,-6.333096504211426,4,human1_lib1.final_cell_0544-0,ductal,ductal,single_batch,2.288738965988159
544,-0.48587605357170105,3.7600514888763428,1,human1_lib1.final_cell_0545-0,endothelial,endothelial,single_batch,2.356671094894409
545,13.067206382751465,8.977544784545898,7,human1_lib1.final_cell_0546-0,beta,beta,single_batch,1.174941897392273
546,5.927404403686523,13.61655330657959,7,human1_lib1.final_cell_0547-0,beta,beta,single_batch,0.39638620615005493
547,-0.07504261285066605,3.7541964054107666,1,human1_lib1.final_cell_0548-0,endothelial,endothelial,single_batch,2.356671094894409
548,3.8893883228302,14.202939987182617,7,human1_lib1.final_cell_0549-0,beta,beta,single_batch,0.6688644289970398
549,10.971427917480469,10.707344055175781,7,human1_lib1.final_cell_0550-0,beta,beta,single_batch,0.4204978048801422
550,3.953110456466675,14.22140884399414,7,human1_lib1.final_cell_0551-0,beta,beta,single_batch,0.38943052291870117
551,-0.36754217743873596,4.103391170501709,1,human1_lib1.final_cell_0552-0,endothelial,endothelial,single_batch,2.268815517425537
552,6.632933139801025,-11.659134864807129,2,human1_lib1.final_cell_0553-0,macrophage,macrophage,single_batch,2.288738965988159
553,0.09195563197135925,3.8543105125427246,1,human1_lib1.final_cell_0554-0,endothelial,endothelial,single_batch,2.356671094894409
554,10.34116268157959,-6.378264904022217,4,human1_lib1.final_cell_0555-0,ductal,ductal,single_batch,2.2431156635284424
555,10.656197547912598,12.264054298400879,7,human1_lib1.final_cell_0556-0,beta,beta,single_batch,0.3845422863960266
556,10.690263748168945,-7.003259181976318,4,human1_lib1.final_cell_0557-0,ductal,ductal,single_batch,1.6355350017547607
557,-0.24823398888111115,3.659111738204956,1,human1_lib1.final_cell_0558-0,endothelial,endothelial,single_batch,2.356671094894409
558,-11.477174758911133,0.2864384353160858,6,human1_lib1.final_cell_0559-0,quiescent_stellate,quiescent_stellate,single_batch,1.9967148303985596
559,6.365283966064453,13.465948104858398,7,human1_lib1.final_cell_0560-0,beta,beta,single_batch,0.4430896043777466
560,-0.3652861416339874,3.879664897918701,1,human1_lib1.final_cell_0561-0,endothelial,endothelial,single_batch,2.356671094894409
561,-0.72635418176651,4.113696575164795,1,human1_lib1.final_cell_0562-0,endothelial,endothelial,single_batch,2.356671094894409
562,9.019219398498535,12.593255996704102,7,human1_lib1.final_cell_0563-0,beta,beta,single_batch,0.3845422863960266
563,-0.6376402974128723,4.497866153717041,1,human1_lib1.final_cell_0564-0,endothelial,endothelial,single_batch,2.172346353530884
564,0.04949600622057915,3.8297505378723145,1,human1_lib1.final_cell_0565-0,endothelial,endothelial,single_batch,2.356671094894409
565,1.9342706203460693,-2.5602447986602783,9,human1_lib1.final_cell_0566-0,alpha,alpha,single_batch,0.9801202416419983
566,10.334403038024902,-6.408038139343262,4,human1_lib1.final_cell_0567-0,ductal,ductal,single_batch,2.2332770824432373
567,9.213382720947266,11.968263626098633,7,human1_lib1.final_cell_0568-0,beta,beta,single_batch,0.45605385303497314
568,-9.185547828674316,13.845832824707031,0,human1_lib2.final_cell_0001-0,delta,acinar,single_batch,2.4253878593444824
569,-4.828361988067627,-8.226609230041504,8,human1_lib2.final_cell_0002-0,delta,delta,single_batch,0.5718320608139038
570,-4.848842144012451,-6.756894111633301,8,human1_lib2.final_cell_0003-0,delta,delta,single_batch,0.5743090510368347
571,-9.743809700012207,14.70468807220459,0,human1_lib2.final_cell_0004-0,acinar,acinar,single_batch,2.4253878593444824
572,-8.61143684387207,14.850414276123047,0,human1_lib2.final_cell_0005-0,acinar,acinar,single_batch,1.3137563467025757
573,-8.626367568969727,14.885777473449707,0,human1_lib2.final_cell_0006-0,acinar,acinar,single_batch,1.3633757829666138
574,-8.151556968688965,14.51540470123291,0,human1_lib2.final_cell_0007-0,acinar,acinar,single_batch,1.3166522979736328
575,-5.239621162414551,-9.697144508361816,8,human1_lib2.final_cell_0008-0,delta,delta,single_batch,1.3637791872024536
576,-8.215777397155762,14.4295015335083,0,human1_lib2.final_cell_0009-0,acinar,acinar,single_batch,1.21466863155365
577,10.991955757141113,-6.9693193435668945,4,human1_lib2.final_cell_0010-0,ductal,ductal,single_batch,2.288738965988159
578,3.5304298400878906,-1.9008572101593018,9,human1_lib2.final_cell_0011-0,alpha,alpha,single_batch,0.5623188018798828
579,-5.289446830749512,-6.857645511627197,8,human1_lib2.final_cell_0012-0,delta,delta,single_batch,0.5237600803375244
580,-4.9572296142578125,-7.978872299194336,8,human1_lib2.final_cell_0013-0,delta,delta,single_batch,0.5728437304496765
581,-5.179604530334473,-7.821414947509766,8,human1_lib2.final_cell_0014-0,delta,delta,single_batch,0.48205944895744324
582,-4.70173454284668,-7.47664737701416,8,human1_lib2.final_cell_0015-0,delta,delta,single_batch,0.5532507300376892
583,-9.119765281677246,14.953411102294922,0,human1_lib2.final_cell_0016-0,acinar,acinar,single_batch,1.4041533470153809
584,9.847938537597656,11.387395858764648,7,human1_lib2.final_cell_0017-0,beta,beta,single_batch,0.4270174503326416
585,-8.905841827392578,14.730326652526855,0,human1_lib2.final_cell_0018-0,acinar,acinar,single_batch,1.4080545902252197
586,-0.0328710675239563,3.808441162109375,1,human1_lib2.final_cell_0019-0,endothelial,endothelial,single_batch,2.356671094894409
587,-4.8883748054504395,-6.773557186126709,8,human1_lib2.final_cell_0020-0,delta,delta,single_batch,0.7552084922790527
588,11.722646713256836,11.175829887390137,7,human1_lib2.final_cell_0021-0,beta,beta,single_batch,0.3845422863960266
589,-6.222630023956299,-7.878294467926025,8,human1_lib2.final_cell_0022-0,delta,delta,single_batch,0.8470516800880432
590,-5.640180587768555,-11.065237045288086,8,human1_lib2.final_cell_0023-0,alpha,delta,single_batch,1.281273365020752
591,10.319764137268066,-7.618314743041992,4,human1_lib2.final_cell_0024-0,ductal,ductal,single_batch,1.8369792699813843
592,-5.3494062423706055,-8.333537101745605,8,human1_lib2.final_cell_0025-0,delta,delta,single_batch,0.710298478603363
593,-6.026198387145996,-7.084163188934326,8,human1_lib2.final_cell_0026-0,delta,delta,single_batch,0.5190863609313965
594,10.602481842041016,9.893682479858398,7,human1_lib2.final_cell_0027-0,beta,beta,single_batch,0.3845422863960266
595,-5.574403762817383,-8.073835372924805,8,human1_lib2.final_cell_0028-0,delta,delta,single_batch,0.5419541597366333
596,8.88694953918457,12.686897277832031,7,human1_lib2.final_cell_0029-0,beta,beta,single_batch,0.3845422863960266
597,9.030759811401367,11.028579711914062,7,human1_lib2.final_cell_0030-0,beta,beta,single_batch,0.4567882716655731
598,-6.946220874786377,-7.711394786834717,8,human1_lib2.final_cell_0031-0,delta,delta,single_batch,1.9226360321044922
599,-5.6441426277160645,-10.798548698425293,8,human1_lib2.final_cell_0032-0,gamma,delta,single_batch,1.253523349761963
600,10.25394058227539,11.091182708740234,7,human1_lib2.final_cell_0033-0,beta,beta,single_batch,0.3845422863960266
601,-4.6802592277526855,-8.116350173950195,8,human1_lib2.final_cell_0034-0,delta,delta,single_batch,0.5006066560745239
602,9.03548526763916,10.485003471374512,7,human1_lib2.final_cell_0035-0,beta,beta,single_batch,0.4535534679889679
603,-4.419833183288574,-7.687748908996582,8,human1_lib2.final_cell_0036-0,delta,delta,single_batch,0.5074223875999451
604,8.63752269744873,11.269906997680664,7,human1_lib2.final_cell_0037-0,beta,beta,single_batch,0.44542354345321655
605,4.4703779220581055,-1.8217360973358154,9,human1_lib2.final_cell_0038-0,alpha,alpha,single_batch,0.5112898349761963
606,5.364188194274902,13.03391170501709,7,human1_lib2.final_cell_0039-0,beta,beta,single_batch,0.4514820873737335
607,-5.842456340789795,-7.052661895751953,8,human1_lib2.final_cell_0040-0,delta,delta,single_batch,0.49617770314216614
608,-5.459768295288086,-6.8081135749816895,8,human1_lib2.final_cell_0041-0,delta,delta,single_batch,0.5054140686988831
609,10.264986991882324,10.06162166595459,7,human1_lib2.final_cell_0042-0,beta,beta,single_batch,0.39013320207595825
610,-5.68637228012085,-7.206252098083496,8,human1_lib2.final_cell_0043-0,delta,delta,single_batch,0.5021340847015381
611,-5.286111354827881,-8.232077598571777,8,human1_lib2.final_cell_0044-0,delta,delta,single_batch,0.5299373865127563
612,10.851030349731445,-7.421222686767578,4,human1_lib2.final_cell_0045-0,ductal,ductal,single_batch,1.6749838590621948
613,13.89565372467041,9.074049949645996,7,human1_lib2.final_cell_0046-0,beta,beta,single_batch,1.1482524871826172
614,-6.041783332824707,-7.9771294593811035,8,human1_lib2.final_cell_0047-0,delta,delta,single_batch,0.6198473572731018
615,-5.7590012550354,-8.685440063476562,8,human1_lib2.final_cell_0048-0,delta,delta,single_batch,0.8409082889556885
616,4.317261695861816,-1.8238378763198853,9,human1_lib2.final_cell_0049-0,alpha,alpha,single_batch,0.5205409526824951
617,11.157029151916504,11.090096473693848,7,human1_lib2.final_cell_0050-0,beta,beta,single_batch,0.3845422863960266
618,4.844239234924316,-1.7104405164718628,9,human1_lib2.final_cell_0051-0,alpha,alpha,single_batch,0.6491914391517639
619,3.1768558025360107,-2.0212857723236084,9,human1_lib2.final_cell_0052-0,alpha,alpha,single_batch,0.7786381244659424
620,6.696160316467285,14.034377098083496,7,human1_lib2.final_cell_0053-0,beta,beta,single_batch,0.3854406774044037
621,-9.285351753234863,13.984420776367188,0,human1_lib2.final_cell_0054-0,acinar,acinar,single_batch,1.8792153596878052
622,6.090034484863281,13.80199146270752,7,human1_lib2.final_cell_0055-0,beta,beta,single_batch,0.4227004647254944
623,13.870955467224121,9.0325288772583,7,human1_lib2.final_cell_0056-0,beta,beta,single_batch,0.5760558247566223
624,10.50350284576416,12.234780311584473,7,human1_lib2.final_cell_0057-0,beta,beta,single_batch,0.44862890243530273
625,-5.143991947174072,-8.052924156188965,8,human1_lib2.final_cell_0058-0,delta,delta,single_batch,0.5478677153587341
626,-7.881350517272949,4.627588272094727,3,human1_lib2.final_cell_0059-0,activated_stellate,activated_stellate,single_batch,2.4029674530029297
627,4.486009120941162,14.367764472961426,7,human1_lib2.final_cell_0060-0,beta,beta,single_batch,0.6550455689430237
628,11.325240135192871,9.615039825439453,7,human1_lib2.final_cell_0061-0,beta,beta,single_batch,0.3845422863960266
629,11.627808570861816,10.200037956237793,7,human1_lib2.final_cell_0062-0,beta,beta,single_batch,0.44141340255737305
630,-4.577666282653809,-7.498815536499023,8,human1_lib2.final_cell_0063-0,delta,delta,single_batch,0.7888323664665222
631,5.980587959289551,13.309328079223633,7,human1_lib2.final_cell_0064-0,beta,beta,single_batch,0.3983252942562103
632,4.264061450958252,-1.858660340309143,9,human1_lib2.final_cell_0065-0,alpha,alpha,single_batch,0.47946345806121826
633,10.535888671875,-6.377260684967041,4,human1_lib2.final_cell_0066-0,ductal,ductal,single_batch,2.1223583221435547
634,-9.460803985595703,14.90308952331543,0,human1_lib2.final_cell_0067-0,acinar,acinar,single_batch,1.7081499099731445
635,-5.864147663116455,-7.188924789428711,8,human1_lib2.final_cell_0068-0,delta,delta,single_batch,0.5063700079917908
636,13.244200706481934,9.251697540283203,7,human1_lib2.final_cell_0069-0,beta,beta,single_batch,0.49733561277389526
637,7.1638665199279785,12.871591567993164,7,human1_lib2.final_cell_0070-0,beta,beta,single_batch,0.46386927366256714
638,7.142499923706055,13.010538101196289,7,human1_lib2.final_cell_0071-0,beta,beta,single_batch,0.393234521150589
639,-8.702215194702148,14.918591499328613,0,human1_lib2.final_cell_0072-0,acinar,acinar,single_batch,1.3688682317733765
640,12.305215835571289,8.801424026489258,7,human1_lib2.final_cell_0073-0,beta,beta,single_batch,0.3845422863960266
641,-6.716211318969727,-7.696402549743652,8,human1_lib2.final_cell_0074-0,delta,delta,single_batch,0.599864661693573
642,11.58810043334961,11.006871223449707,7,human1_lib2.final_cell_0075-0,beta,beta,single_batch,0.3845422863960266
643,5.143364906311035,13.6437349319458,7,human1_lib2.final_cell_0076-0,beta,beta,single_batch,0.41476622223854065
644,7.39356803894043,12.699575424194336,7,human1_lib2.final_cell_0077-0,beta,beta,single_batch,0.48913875222206116
645,-5.735844135284424,-6.943040370941162,8,human1_lib2.final_cell_0078-0,delta,delta,single_batch,0.5073738098144531
646,-4.388346195220947,-8.608750343322754,8,human1_lib2.final_cell_0079-0,delta,delta,single_batch,0.994953453540802
647,5.0614495277404785,13.633057594299316,7,human1_lib2.final_cell_0080-0,beta,beta,single_batch,0.41259410977363586
648,-5.1521806716918945,-6.869152545928955,8,human1_lib2.final_cell_0081-0,delta,delta,single_batch,0.506203293800354
649,5.429412364959717,12.988336563110352,7,human1_lib2.final_cell_0082-0,beta,beta,single_batch,0.407515287399292
650,13.448235511779785,8.9496488571167,7,human1_lib2.final_cell_0083-0,beta,beta,single_batch,0.3997049927711487
651,5.3148298263549805,12.999631881713867,7,human1_lib2.final_cell_0084-0,beta,beta,single_batch,0.38995659351348877
652,9.643285751342773,12.575517654418945,7,human1_lib2.final_cell_0085-0,beta,beta,single_batch,0.3845422863960266
653,8.616280555725098,11.764093399047852,7,human1_lib2.final_cell_0086-0,beta,beta,single_batch,0.419682115316391
654,8.823307037353516,12.778729438781738,7,human1_lib2.final_cell_0087-0,beta,beta,single_batch,0.3845422863960266
655,-9.352073669433594,14.046785354614258,0,human1_lib2.final_cell_0088-0,acinar,acinar,single_batch,2.4253878593444824
656,11.549064636230469,9.360742568969727,7,human1_lib2.final_cell_0089-0,beta,beta,single_batch,0.3845422863960266
657,13.077142715454102,9.256669044494629,7,human1_lib2.final_cell_0090-0,beta,beta,single_batch,0.5339810848236084
658,10.660643577575684,10.270694732666016,7,human1_lib2.final_cell_0091-0,beta,beta,single_batch,0.3845422863960266
659,2.973510503768921,-2.0174691677093506,9,human1_lib2.final_cell_0092-0,alpha,alpha,single_batch,0.711955726146698
660,-0.2813054621219635,3.515345811843872,1,human1_lib2.final_cell_0093-0,endothelial,endothelial,single_batch,2.356671094894409
661,11.06344985961914,11.565585136413574,7,human1_lib2.final_cell_0094-0,beta,beta,single_batch,0.5168576836585999
662,-4.1846723556518555,-7.556351661682129,8,human1_lib2.final_cell_0095-0,delta,delta,single_batch,0.6113492250442505
663,9.957718849182129,11.30739974975586,7,human1_lib2.final_cell_0096-0,beta,beta,single_batch,0.3845422863960266
664,-5.6398138999938965,-7.01537561416626,8,human1_lib2.final_cell_0097-0,delta,delta,single_batch,0.4588982164859772
665,10.309988975524902,10.081707954406738,7,human1_lib2.final_cell_0098-0,beta,beta,single_batch,0.43087437748908997
666,-6.947205543518066,-7.676608562469482,8,human1_lib2.final_cell_0099-0,delta,delta,single_batch,1.9226360321044922
667,9.910688400268555,12.818531036376953,7,human1_lib2.final_cell_0100-0,beta,beta,single_batch,0.43086639046669006
668,6.087757587432861,13.52096939086914,7,human1_lib2.final_cell_0101-0,beta,beta,single_batch,0.3845422863960266
669,-4.791889667510986,-7.241353988647461,8,human1_lib2.final_cell_0102-0,delta,delta,single_batch,0.4820250868797302
670,9.843761444091797,-7.091062068939209,4,human1_lib2.final_cell_0103-0,ductal,ductal,single_batch,1.4592163562774658
671,6.99251651763916,14.071890830993652,7,human1_lib2.final_cell_0104-0,beta,beta,single_batch,0.3862394690513611
672,4.231583118438721,13.938104629516602,7,human1_lib2.final_cell_0105-0,beta,beta,single_batch,0.3853761553764343
673,10.502802848815918,-6.605020999908447,4,human1_lib2.final_cell_0106-0,ductal,ductal,single_batch,1.7590841054916382
674,12.54088020324707,8.90810489654541,7,human1_lib2.final_cell_0107-0,beta,beta,single_batch,0.448289155960083
675,11.965575218200684,9.276580810546875,7,human1_lib2.final_cell_0108-0,beta,beta,single_batch,0.38944458961486816
676,8.27218246459961,12.974231719970703,7,human1_lib2.final_cell_0109-0,beta,beta,single_batch,0.3845422863960266
677,10.39689826965332,10.235406875610352,7,human1_lib2.final_cell_0110-0,beta,beta,single_batch,0.3845422863960266
678,-8.996186256408691,14.891134262084961,0,human1_lib2.final_cell_0111-0,acinar,acinar,single_batch,1.3850492238998413
679,-8.216057777404785,14.432358741760254,0,human1_lib2.final_cell_0112-0,acinar,acinar,single_batch,1.1265970468521118
680,8.43446159362793,12.272618293762207,7,human1_lib2.final_cell_0113-0,beta,beta,single_batch,0.5104034543037415
681,4.190030097961426,-1.8604369163513184,9,human1_lib2.final_cell_0114-0,alpha,alpha,single_batch,0.5820735096931458
682,12.546014785766602,9.248529434204102,7,human1_lib2.final_cell_0115-0,beta,beta,single_batch,0.3845422863960266
683,-6.458000659942627,-7.992754936218262,8,human1_lib2.final_cell_0116-0,delta,delta,single_batch,1.0426499843597412
684,5.948586463928223,13.065513610839844,7,human1_lib2.final_cell_0117-0,beta,beta,single_batch,0.5217747092247009
685,6.053743839263916,13.700860977172852,7,human1_lib2.final_cell_0118-0,beta,beta,single_batch,0.3845422863960266
686,7.3258562088012695,12.041231155395508,7,human1_lib2.final_cell_0119-0,beta,beta,single_batch,0.5207381248474121
687,12.74531364440918,9.4148588180542,7,human1_lib2.final_cell_0120-0,beta,beta,single_batch,0.3845422863960266
688,7.807925701141357,11.804008483886719,7,human1_lib2.final_cell_0121-0,beta,beta,single_batch,0.4490137994289398
689,9.868191719055176,-7.219804763793945,4,human1_lib2.final_cell_0122-0,ductal,ductal,single_batch,1.5834474563598633
690,9.667963027954102,10.222607612609863,7,human1_lib2.final_cell_0123-0,beta,beta,single_batch,0.5077118873596191
691,-8.019824028015137,14.449535369873047,0,human1_lib2.final_cell_0124-0,acinar,acinar,single_batch,1.734728217124939
692,8.09100341796875,11.789324760437012,7,human1_lib2.final_cell_0125-0,beta,beta,single_batch,0.4197383224964142
693,-7.988358974456787,14.37863540649414,0,human1_lib2.final_cell_0126-0,acinar,acinar,single_batch,1.7715336084365845
694,6.9129252433776855,12.9561185836792,7,human1_lib2.final_cell_0127-0,beta,beta,single_batch,0.3845422863960266
695,10.339837074279785,-7.666259288787842,4,human1_lib2.final_cell_0128-0,ductal,ductal,single_batch,2.2014997005462646
696,9.355481147766113,11.96681022644043,7,human1_lib2.final_cell_0129-0,beta,beta,single_batch,0.3845422863960266
697,-8.045214653015137,4.560299873352051,3,human1_lib2.final_cell_0130-0,activated_stellate,activated_stellate,single_batch,2.39792537689209
698,-5.460532188415527,-10.842416763305664,8,human1_lib2.final_cell_0131-0,alpha,delta,single_batch,1.0373669862747192
699,10.153675079345703,10.126086235046387,7,human1_lib2.final_cell_0132-0,beta,beta,single_batch,0.4047327935695648
700,-5.082041263580322,-7.801723003387451,8,human1_lib2.final_cell_0133-0,delta,delta,single_batch,0.5686408877372742
701,-6.444753646850586,-7.703341484069824,8,human1_lib2.final_cell_0134-0,delta,delta,single_batch,0.6869439482688904
702,11.488863945007324,10.125781059265137,7,human1_lib2.final_cell_0135-0,beta,beta,single_batch,0.3845422863960266
703,3.955578327178955,13.664709091186523,7,human1_lib2.final_cell_0136-0,beta,beta,single_batch,0.49237462878227234
704,11.186717987060547,9.913928031921387,7,human1_lib2.final_cell_0137-0,beta,beta,single_batch,0.41722428798675537
705,9.133471488952637,10.839335441589355,7,human1_lib2.final_cell_0138-0,beta,beta,single_batch,0.41250351071357727
706,-8.413662910461426,13.849556922912598,0,human1_lib2.final_cell_0139-0,acinar,acinar,single_batch,1.5372734069824219
707,9.166424751281738,10.37363052368164,7,human1_lib2.final_cell_0140-0,beta,beta,single_batch,0.6121314764022827
708,11.830793380737305,9.749543190002441,7,human1_lib2.final_cell_0141-0,beta,beta,single_batch,0.4429388642311096
709,9.85313606262207,10.256609916687012,7,human1_lib2.final_cell_0142-0,beta,beta,single_batch,0.3845422863960266
710,-6.606490135192871,-7.682053089141846,8,human1_lib2.final_cell_0143-0,delta,delta,single_batch,0.7306909561157227
711,5.273454189300537,13.159934043884277,7,human1_lib2.final_cell_0144-0,beta,beta,single_batch,0.39757227897644043
712,10.250203132629395,-6.755093574523926,4,human1_lib2.final_cell_0145-0,ductal,ductal,single_batch,1.509138822555542
713,8.511990547180176,12.948873519897461,7,human1_lib2.final_cell_0146-0,beta,beta,single_batch,0.4262528419494629
714,12.714937210083008,9.042006492614746,7,human1_lib2.final_cell_0147-0,beta,beta,single_batch,0.4307142198085785
715,9.661905288696289,-6.706654071807861,4,human1_lib2.final_cell_0148-0,ductal,ductal,single_batch,2.262319326400757
716,6.6428303718566895,-11.649179458618164,2,human1_lib2.final_cell_0149-0,macrophage,macrophage,single_batch,2.288738965988159
717,3.233142852783203,13.892361640930176,7,human1_lib2.final_cell_0150-0,beta,beta,single_batch,0.5167590975761414
718,-5.167755603790283,-8.236949920654297,8,human1_lib2.final_cell_0151-0,delta,delta,single_batch,0.6612295508384705
719,11.640667915344238,10.249728202819824,7,human1_lib2.final_cell_0152-0,beta,beta,single_batch,0.3877620995044708
720,4.008341312408447,14.079148292541504,7,human1_lib2.final_cell_0153-0,beta,beta,single_batch,0.4516534209251404
721,6.349116325378418,13.490498542785645,7,human1_lib2.final_cell_0154-0,beta,beta,single_batch,0.4018557369709015
722,9.686150550842285,10.292418479919434,7,human1_lib2.final_cell_0155-0,beta,beta,single_batch,0.3845422863960266
723,9.51387882232666,12.01264762878418,7,human1_lib2.final_cell_0156-0,beta,beta,single_batch,0.3845422863960266
724,-7.306711196899414,4.748902797698975,3,human1_lib2.final_cell_0157-0,activated_stellate,activated_stellate,single_batch,2.6656429767608643
725,6.991717338562012,12.626802444458008,7,human1_lib2.final_cell_0158-0,beta,beta,single_batch,0.45125654339790344
726,8.847719192504883,11.223878860473633,7,human1_lib2.final_cell_0159-0,beta,beta,single_batch,0.4124590754508972
727,9.82445240020752,-6.674652576446533,4,human1_lib2.final_cell_0160-0,ductal,ductal,single_batch,2.111588954925537
728,11.036776542663574,10.222792625427246,7,human1_lib2.final_cell_0161-0,beta,beta,single_batch,0.3845422863960266
729,6.503308296203613,12.796648979187012,7,human1_lib2.final_cell_0162-0,beta,beta,single_batch,0.3845422863960266
730,10.520301818847656,11.078052520751953,7,human1_lib2.final_cell_0163-0,beta,beta,single_batch,0.3845422863960266
731,12.249931335449219,10.421167373657227,7,human1_lib2.final_cell_0164-0,beta,beta,single_batch,0.5188500881195068
732,6.901094436645508,14.171661376953125,7,human1_lib2.final_cell_0165-0,beta,beta,single_batch,0.44787049293518066
733,-5.308593273162842,-6.688502311706543,8,human1_lib2.final_cell_0166-0,delta,delta,single_batch,0.7768414616584778
734,5.585525035858154,13.45544147491455,7,human1_lib2.final_cell_0167-0,beta,beta,single_batch,0.3845422863960266
735,11.250816345214844,9.58719539642334,7,human1_lib2.final_cell_0168-0,beta,beta,single_batch,0.41220176219940186
736,-6.169422149658203,-7.9525146484375,8,human1_lib2.final_cell_0169-0,delta,delta,single_batch,0.6170482039451599
737,8.512910842895508,12.51128101348877,7,human1_lib2.final_cell_0170-0,beta,beta,single_batch,0.3930369019508362
738,5.902927398681641,13.144436836242676,7,human1_lib2.final_cell_0171-0,beta,beta,single_batch,0.4517337381839752
739,5.403356075286865,13.66415786743164,7,human1_lib2.final_cell_0172-0,beta,beta,single_batch,0.610673725605011
740,4.703958511352539,13.735183715820312,7,human1_lib2.final_cell_0173-0,beta,beta,single_batch,0.3845422863960266
741,3.841691017150879,-1.8422565460205078,9,human1_lib2.final_cell_0174-0,alpha,alpha,single_batch,0.5139052271842957
742,8.846564292907715,10.77224063873291,7,human1_lib2.final_cell_0175-0,beta,beta,single_batch,0.4505017399787903
743,10.50722599029541,10.151032447814941,7,human1_lib2.final_cell_0176-0,beta,beta,single_batch,0.39728355407714844
744,-9.154173851013184,13.967012405395508,0,human1_lib2.final_cell_0177-0,acinar,acinar,single_batch,1.6774388551712036
745,4.100850582122803,14.043745994567871,7,human1_lib2.final_cell_0178-0,beta,beta,single_batch,0.6169384717941284
746,12.392544746398926,9.308548927307129,7,human1_lib2.final_cell_0179-0,beta,beta,single_batch,0.47966912388801575
747,10.828564643859863,12.236699104309082,7,human1_lib2.final_cell_0180-0,beta,beta,single_batch,0.4928444027900696
748,5.716481685638428,13.651265144348145,7,human1_lib2.final_cell_0181-0,beta,beta,single_batch,0.41491809487342834
749,10.469256401062012,-6.916200160980225,4,human1_lib2.final_cell_0182-0,ductal,ductal,single_batch,2.241163730621338
750,9.258265495300293,10.385233879089355,7,human1_lib2.final_cell_0183-0,beta,beta,single_batch,0.399413138628006
751,-6.395873069763184,-7.817111492156982,8,human1_lib2.final_cell_0184-0,delta,delta,single_batch,0.6506490111351013
752,6.342303276062012,13.384865760803223,7,human1_lib2.final_cell_0185-0,beta,beta,single_batch,0.4663722515106201
753,2.4737651348114014,-2.2376396656036377,9,human1_lib2.final_cell_0186-0,alpha,alpha,single_batch,0.9956424236297607
754,9.079468727111816,10.473406791687012,7,human1_lib2.final_cell_0187-0,beta,beta,single_batch,0.4322489798069
755,4.683671951293945,14.154754638671875,7,human1_lib2.final_cell_0188-0,beta,beta,single_batch,0.3845422863960266
756,8.29149055480957,12.995803833007812,7,human1_lib2.final_cell_0189-0,beta,beta,single_batch,0.3845422863960266
757,7.329669952392578,11.993910789489746,7,human1_lib2.final_cell_0190-0,beta,beta,single_batch,0.850402295589447
758,-5.918259143829346,-7.000589847564697,8,human1_lib2.final_cell_0191-0,delta,delta,single_batch,0.5191759467124939
759,4.438059329986572,13.736106872558594,7,human1_lib2.final_cell_0192-0,beta,beta,single_batch,0.4201750159263611
760,3.701083183288574,13.728593826293945,7,human1_lib2.final_cell_0193-0,beta,beta,single_batch,0.49294301867485046
761,-5.943070411682129,-7.510883808135986,8,human1_lib2.final_cell_0194-0,delta,delta,single_batch,0.9829537868499756
762,7.013608932495117,13.850123405456543,7,human1_lib2.final_cell_0195-0,beta,beta,single_batch,0.3845422863960266
763,6.267630577087402,13.305941581726074,7,human1_lib2.final_cell_0196-0,beta,beta,single_batch,0.4460890293121338
764,9.9651460647583,12.0074462890625,7,human1_lib2.final_cell_0197-0,beta,beta,single_batch,0.3845422863960266
765,8.773265838623047,11.807153701782227,7,human1_lib2.final_cell_0198-0,beta,beta,single_batch,0.3845422863960266
766,10.723328590393066,12.064752578735352,7,human1_lib2.final_cell_0199-0,beta,beta,single_batch,0.3845422863960266
767,10.26560115814209,11.381157875061035,7,human1_lib2.final_cell_0200-0,beta,beta,single_batch,0.3845422863960266
768,9.316095352172852,12.264789581298828,7,human1_lib2.final_cell_0201-0,beta,beta,single_batch,0.3845422863960266
769,-4.445013999938965,-8.589816093444824,8,human1_lib2.final_cell_0202-0,gamma,delta,single_batch,0.7713399529457092
770,5.021755218505859,13.959197044372559,7,human1_lib2.final_cell_0203-0,beta,beta,single_batch,0.40752315521240234
771,8.433212280273438,12.093942642211914,7,human1_lib2.final_cell_0204-0,beta,beta,single_batch,0.3845422863960266
772,-4.778835296630859,-6.734529972076416,8,human1_lib2.final_cell_0205-0,delta,delta,single_batch,0.8958722352981567
773,10.601436614990234,-7.507683753967285,4,human1_lib2.final_cell_0206-0,ductal,ductal,single_batch,1.7656620740890503
774,8.401931762695312,13.002487182617188,7,human1_lib2.final_cell_0207-0,beta,beta,single_batch,0.5896031856536865
775,13.34644603729248,8.981801986694336,7,human1_lib2.final_cell_0208-0,beta,beta,single_batch,0.3952258825302124
776,9.083108901977539,10.398207664489746,7,human1_lib2.final_cell_0209-0,beta,beta,single_batch,0.5450201630592346
777,-5.411601543426514,-8.143193244934082,8,human1_lib2.final_cell_0210-0,delta,delta,single_batch,0.596337080001831
778,9.079571723937988,10.68673324584961,7,human1_lib2.final_cell_0211-0,beta,beta,single_batch,0.4748181998729706
779,9.922754287719727,-6.5918169021606445,4,human1_lib2.final_cell_0212-0,ductal,ductal,single_batch,2.288738965988159
780,6.332372188568115,13.395402908325195,7,human1_lib2.final_cell_0213-0,beta,beta,single_batch,0.4897150695323944
781,12.663823127746582,9.473733901977539,7,human1_lib2.final_cell_0214-0,beta,beta,single_batch,0.40313979983329773
782,8.004706382751465,12.456789016723633,7,human1_lib2.final_cell_0215-0,beta,beta,single_batch,0.39678990840911865
783,8.254912376403809,12.273313522338867,7,human1_lib2.final_cell_0216-0,beta,beta,single_batch,0.3845422863960266
784,10.288801193237305,-7.698217391967773,4,human1_lib2.final_cell_0217-0,ductal,ductal,single_batch,2.197218894958496
785,-8.0695161819458,4.541427135467529,3,human1_lib2.final_cell_0218-0,activated_stellate,activated_stellate,single_batch,2.556194543838501
786,5.934657573699951,12.59131908416748,7,human1_lib2.final_cell_0219-0,beta,beta,single_batch,0.5659162402153015
787,6.193811416625977,-1.664905071258545,9,human1_lib2.final_cell_0220-0,alpha,alpha,single_batch,0.5496010780334473
788,9.458602905273438,11.281879425048828,7,human1_lib2.final_cell_0221-0,beta,beta,single_batch,0.3845422863960266
789,10.380090713500977,11.917374610900879,7,human1_lib2.final_cell_0222-0,beta,beta,single_batch,0.3845422863960266
790,-6.795445919036865,4.916932106018066,3,human1_lib2.final_cell_0223-0,activated_stellate,activated_stellate,single_batch,2.728938341140747
791,3.6100010871887207,-1.9329771995544434,9,human1_lib2.final_cell_0224-0,alpha,alpha,single_batch,0.8094908595085144
792,-8.57048225402832,14.680519104003906,0,human1_lib2.final_cell_0225-0,acinar,acinar,single_batch,1.2709137201309204
793,-4.87387228012085,-9.884048461914062,8,human1_lib2.final_cell_0226-0,gamma,delta,single_batch,1.1654047966003418
794,11.21329116821289,9.554057121276855,7,human1_lib2.final_cell_0227-0,beta,beta,single_batch,0.3845422863960266
795,11.71510124206543,10.262009620666504,7,human1_lib2.final_cell_0228-0,beta,beta,single_batch,0.3845422863960266
796,10.930954933166504,12.209074020385742,7,human1_lib2.final_cell_0229-0,beta,beta,single_batch,0.44865790009498596
797,-5.41496467590332,-7.7742743492126465,8,human1_lib2.final_cell_0230-0,delta,delta,single_batch,0.4820008873939514
798,5.2980499267578125,-1.6050450801849365,9,human1_lib2.final_cell_0231-0,alpha,alpha,single_batch,0.5248381495475769
799,-1.1277484893798828,4.908151626586914,1,human1_lib2.final_cell_0232-0,endothelial,endothelial,single_batch,2.356671094894409
800,-4.561069488525391,-8.99483585357666,8,human1_lib2.final_cell_0233-0,gamma,delta,single_batch,0.6961439251899719
801,8.371129035949707,12.897595405578613,7,human1_lib2.final_cell_0234-0,beta,beta,single_batch,0.3845422863960266
802,6.094918727874756,-1.673840045928955,9,human1_lib2.final_cell_0235-0,alpha,alpha,single_batch,1.4331691265106201
803,7.7679924964904785,13.67009162902832,7,human1_lib2.final_cell_0236-0,beta,beta,single_batch,0.4079166054725647
804,11.983860969543457,9.638239860534668,7,human1_lib2.final_cell_0237-0,beta,beta,single_batch,0.4242660701274872
805,10.715498924255371,12.386054992675781,7,human1_lib2.final_cell_0238-0,beta,beta,single_batch,0.42573124170303345
806,-6.033238410949707,-7.199750900268555,8,human1_lib2.final_cell_0239-0,beta,delta,single_batch,1.0418936014175415
807,4.197918891906738,13.863149642944336,7,human1_lib2.final_cell_0240-0,beta,beta,single_batch,0.4949427843093872
808,-0.2354215681552887,3.429908275604248,1,human1_lib2.final_cell_0241-0,endothelial,endothelial,single_batch,2.356671094894409
809,9.087841987609863,11.127802848815918,7,human1_lib2.final_cell_0242-0,beta,beta,single_batch,0.3845422863960266
810,-6.059590816497803,-7.12628698348999,8,human1_lib2.final_cell_0243-0,delta,delta,single_batch,0.5277312994003296
811,11.55125617980957,10.235337257385254,7,human1_lib2.final_cell_0244-0,beta,beta,single_batch,0.4043428599834442
812,2.6198949813842773,-2.141749143600464,9,human1_lib2.final_cell_0245-0,alpha,alpha,single_batch,1.1237599849700928
813,7.1474928855896,12.022394180297852,7,human1_lib2.final_cell_0246-0,beta,beta,single_batch,0.7304075956344604
814,3.799288749694824,-1.9015095233917236,9,human1_lib2.final_cell_0247-0,alpha,alpha,single_batch,0.7880470752716064
815,4.385805606842041,-1.8055758476257324,9,human1_lib2.final_cell_0248-0,alpha,alpha,single_batch,0.4972609877586365
816,-6.132941246032715,-7.343074798583984,8,human1_lib2.final_cell_0249-0,delta,delta,single_batch,0.9663711190223694
817,6.155415058135986,-1.6741656064987183,9,human1_lib2.final_cell_0250-0,alpha,alpha,single_batch,0.686461329460144
818,9.995615005493164,-7.125807762145996,4,human1_lib2.final_cell_0251-0,ductal,ductal,single_batch,1.4782925844192505
819,5.565417289733887,12.80540943145752,7,human1_lib2.final_cell_0252-0,beta,beta,single_batch,0.6369306445121765
820,3.3154854774475098,-1.9147635698318481,9,human1_lib2.final_cell_0253-0,alpha,alpha,single_batch,0.7376371026039124
821,-0.13027749955654144,4.620948791503906,1,human1_lib2.final_cell_0254-0,endothelial,endothelial,single_batch,2.356671094894409
822,5.885794162750244,13.124818801879883,7,human1_lib2.final_cell_0255-0,beta,beta,single_batch,0.4735995829105377
823,6.793384552001953,14.231696128845215,7,human1_lib2.final_cell_0256-0,beta,beta,single_batch,0.4308181703090668
824,10.935979843139648,-7.364495754241943,4,human1_lib2.final_cell_0257-0,ductal,ductal,single_batch,1.7006646394729614
825,-5.517032623291016,-7.2576069831848145,8,human1_lib2.final_cell_0258-0,delta,delta,single_batch,0.595126748085022
826,3.7003376483917236,14.001116752624512,7,human1_lib2.final_cell_0259-0,beta,beta,single_batch,0.461252897977829
827,10.281943321228027,10.99649429321289,7,human1_lib2.final_cell_0260-0,beta,beta,single_batch,0.3845422863960266
828,2.8005120754241943,-2.0931427478790283,9,human1_lib2.final_cell_0261-0,alpha,alpha,single_batch,0.66949462890625
829,3.0773274898529053,-1.9921519756317139,9,human1_lib2.final_cell_0262-0,alpha,alpha,single_batch,0.6091225147247314
830,-4.3545756340026855,-7.359426021575928,8,human1_lib2.final_cell_0263-0,delta,delta,single_batch,0.5456631779670715
831,-5.465663909912109,-9.543278694152832,8,human1_lib2.final_cell_0264-0,gamma,delta,single_batch,0.7844347357749939
832,6.275191307067871,-1.5691262483596802,9,human1_lib2.final_cell_0265-0,alpha,alpha,single_batch,0.4753985106945038
833,6.283202648162842,12.815286636352539,7,human1_lib2.final_cell_0266-0,beta,beta,single_batch,0.4469134211540222
834,2.9952938556671143,-2.001338005065918,9,human1_lib2.final_cell_0267-0,alpha,alpha,single_batch,0.723445475101471
835,9.794788360595703,-6.809596538543701,4,human1_lib2.final_cell_0268-0,ductal,ductal,single_batch,1.620197057723999
836,6.1591267585754395,13.547797203063965,7,human1_lib2.final_cell_0269-0,beta,beta,single_batch,0.40855416655540466
837,-5.413907051086426,-9.047794342041016,8,human1_lib2.final_cell_0270-0,gamma,delta,single_batch,0.8101310729980469
838,5.402734279632568,12.845805168151855,7,human1_lib2.final_cell_0271-0,beta,beta,single_batch,0.49133434891700745
839,-6.68080472946167,4.9736480712890625,3,human1_lib2.final_cell_0272-0,schwann,activated_stellate,single_batch,2.728938341140747
840,-4.730173587799072,-6.868342876434326,8,human1_lib2.final_cell_0273-0,delta,delta,single_batch,0.777062714099884
841,12.062326431274414,9.259273529052734,7,human1_lib2.final_cell_0274-0,beta,beta,single_batch,0.43979158997535706
842,6.094615459442139,-1.7154687643051147,9,human1_lib2.final_cell_0275-0,alpha,alpha,single_batch,0.6525791883468628
843,-4.806962013244629,-8.238454818725586,8,human1_lib2.final_cell_0276-0,delta,delta,single_batch,0.5719584226608276
844,4.406741142272949,13.630120277404785,7,human1_lib2.final_cell_0277-0,beta,beta,single_batch,0.3847980201244354
845,-8.158662796020508,13.971039772033691,0,human1_lib2.final_cell_0278-0,acinar,acinar,single_batch,1.5284738540649414
846,12.380658149719238,8.771744728088379,7,human1_lib2.final_cell_0279-0,beta,beta,single_batch,0.41344308853149414
847,10.078423500061035,11.094903945922852,7,human1_lib2.final_cell_0280-0,beta,beta,single_batch,0.38705188035964966
848,11.923118591308594,10.702024459838867,7,human1_lib2.final_cell_0281-0,beta,beta,single_batch,0.41044798493385315
849,11.406882286071777,9.87919807434082,7,human1_lib2.final_cell_0282-0,beta,beta,single_batch,0.3845422863960266
850,3.052677631378174,13.860904693603516,7,human1_lib2.final_cell_0283-0,beta,beta,single_batch,0.6019678115844727
851,3.5138161182403564,-1.9690158367156982,9,human1_lib2.final_cell_0284-0,alpha,alpha,single_batch,0.7707561254501343
852,10.981664657592773,10.815825462341309,7,human1_lib2.final_cell_0285-0,beta,beta,single_batch,0.38787269592285156
853,10.761391639709473,12.26309585571289,7,human1_lib2.final_cell_0286-0,beta,beta,single_batch,0.42506903409957886
854,6.632421016693115,-11.660028457641602,2,human1_lib2.final_cell_0287-0,macrophage,macrophage,single_batch,2.288738965988159
855,-4.579673767089844,-9.096436500549316,8,human1_lib2.final_cell_0288-0,gamma,delta,single_batch,0.7156595587730408
856,12.350741386413574,9.351848602294922,7,human1_lib2.final_cell_0289-0,beta,beta,single_batch,0.4062842130661011
857,9.890687942504883,11.438426971435547,7,human1_lib2.final_cell_0290-0,beta,beta,single_batch,0.40228593349456787
858,5.139529228210449,-1.7779507637023926,9,human1_lib2.final_cell_0291-0,alpha,alpha,single_batch,0.5465154647827148
859,-9.448941230773926,14.592941284179688,0,human1_lib2.final_cell_0292-0,acinar,acinar,single_batch,2.0257210731506348
860,-0.4447295665740967,3.7104170322418213,1,human1_lib2.final_cell_0293-0,endothelial,endothelial,single_batch,2.356671094894409
861,-5.553318977355957,-10.859119415283203,8,human1_lib2.final_cell_0294-0,alpha,delta,single_batch,0.8358597159385681
862,7.599645137786865,13.536568641662598,7,human1_lib2.final_cell_0295-0,beta,beta,single_batch,0.4497070610523224
863,6.734429836273193,-1.6267706155776978,9,human1_lib2.final_cell_0296-0,alpha,alpha,single_batch,0.6525399684906006
864,4.276403427124023,-1.883750557899475,9,human1_lib2.final_cell_0297-0,alpha,alpha,single_batch,0.6887825131416321
865,-5.612251281738281,-11.035133361816406,8,human1_lib2.final_cell_0298-0,alpha,delta,single_batch,1.3511388301849365
866,5.351738929748535,13.137819290161133,7,human1_lib2.final_cell_0299-0,beta,beta,single_batch,0.424953430891037
867,9.991074562072754,11.366689682006836,7,human1_lib2.final_cell_0300-0,beta,beta,single_batch,0.4510260820388794
868,3.270385265350342,-2.0777504444122314,9,human1_lib2.final_cell_0301-0,alpha,alpha,single_batch,0.9363113641738892
869,-5.613670349121094,-10.957196235656738,8,human1_lib2.final_cell_0302-0,alpha,delta,single_batch,0.8983022570610046
870,6.6050615310668945,-11.687728881835938,2,human1_lib2.final_cell_0303-0,macrophage,macrophage,single_batch,2.288738965988159
871,-5.398289680480957,-10.763827323913574,8,human1_lib2.final_cell_0304-0,alpha,delta,single_batch,0.8667360544204712
872,4.7296061515808105,14.10902214050293,7,human1_lib2.final_cell_0305-0,beta,beta,single_batch,0.40074753761291504
873,7.859318733215332,12.386966705322266,7,human1_lib2.final_cell_0306-0,beta,beta,single_batch,0.3845422863960266
874,4.136678695678711,13.64484977722168,7,human1_lib2.final_cell_0307-0,beta,beta,single_batch,1.0464706420898438
875,2.4761741161346436,-2.2254631519317627,9,human1_lib2.final_cell_0308-0,alpha,alpha,single_batch,0.6223062872886658
876,-7.044228553771973,4.850157260894775,3,human1_lib2.final_cell_0309-0,activated_stellate,activated_stellate,single_batch,2.688945770263672
877,-6.195868015289307,-7.915444374084473,8,human1_lib2.final_cell_0310-0,delta,delta,single_batch,0.6204538941383362
878,5.931784152984619,-1.6483092308044434,9,human1_lib2.final_cell_0311-0,alpha,alpha,single_batch,0.5150014162063599
879,3.243363618850708,-1.9530538320541382,9,human1_lib2.final_cell_0312-0,alpha,alpha,single_batch,0.5992380976676941
880,-0.3841334879398346,3.588064670562744,1,human1_lib2.final_cell_0313-0,endothelial,endothelial,single_batch,2.356671094894409
881,6.824016094207764,13.937417984008789,7,human1_lib2.final_cell_0314-0,beta,beta,single_batch,0.3845422863960266
882,-6.4481282234191895,-7.341989994049072,8,human1_lib2.final_cell_0315-0,delta,delta,single_batch,1.862849235534668
883,13.225227355957031,8.851863861083984,7,human1_lib2.final_cell_0316-0,beta,beta,single_batch,0.4096932113170624
884,11.127233505249023,11.0184965133667,7,human1_lib2.final_cell_0317-0,beta,beta,single_batch,0.3845422863960266
885,3.8052778244018555,13.61918830871582,7,human1_lib2.final_cell_0318-0,beta,beta,single_batch,1.0037338733673096
886,10.262703895568848,-6.747090816497803,4,human1_lib2.final_cell_0319-0,ductal,ductal,single_batch,1.6445767879486084
887,8.329188346862793,13.025726318359375,7,human1_lib2.final_cell_0320-0,beta,beta,single_batch,0.3845422863960266
888,9.831633567810059,-7.157773494720459,4,human1_lib2.final_cell_0321-0,ductal,ductal,single_batch,1.5810598134994507
889,9.312796592712402,11.935171127319336,7,human1_lib2.final_cell_0322-0,beta,beta,single_batch,0.3845422863960266
890,3.8884494304656982,14.31633472442627,7,human1_lib2.final_cell_0323-0,beta,beta,single_batch,0.41614654660224915
891,-6.74959659576416,4.9619855880737305,3,human1_lib2.final_cell_0324-0,activated_stellate,activated_stellate,single_batch,2.728938341140747
892,7.982950210571289,11.910538673400879,7,human1_lib2.final_cell_0325-0,beta,beta,single_batch,0.6595807671546936
893,9.794381141662598,-7.154776096343994,4,human1_lib2.final_cell_0326-0,ductal,ductal,single_batch,1.5865713357925415
894,8.854372024536133,11.93177604675293,7,human1_lib2.final_cell_0327-0,beta,beta,single_batch,0.3845422863960266
895,10.296463966369629,9.99499797821045,7,human1_lib2.final_cell_0328-0,beta,beta,single_batch,0.3845422863960266
896,-4.669238090515137,-6.903661251068115,8,human1_lib2.final_cell_0329-0,delta,delta,single_batch,0.6593526005744934
897,10.743404388427734,-6.776551246643066,4,human1_lib2.final_cell_0330-0,ductal,ductal,single_batch,2.0757861137390137
898,1.8477855920791626,-2.6309447288513184,9,human1_lib2.final_cell_0331-0,alpha,alpha,single_batch,1.116715908050537
899,10.562994956970215,-7.442734241485596,4,human1_lib2.final_cell_0332-0,ductal,ductal,single_batch,1.633328914642334
900,5.44930362701416,13.636122703552246,7,human1_lib2.final_cell_0333-0,beta,beta,single_batch,0.3845422863960266
901,-4.535820960998535,-9.102782249450684,8,human1_lib2.final_cell_0334-0,gamma,delta,single_batch,0.7591891288757324
902,10.246127128601074,-7.435528755187988,4,human1_lib2.final_cell_0335-0,ductal,ductal,single_batch,2.1789236068725586
903,9.825891494750977,12.320862770080566,7,human1_lib2.final_cell_0336-0,beta,beta,single_batch,0.3845422863960266
904,-4.075394630432129,-8.03504467010498,8,human1_lib2.final_cell_0337-0,gamma,delta,single_batch,1.1538317203521729
905,-6.071420192718506,-8.367785453796387,8,human1_lib2.final_cell_0338-0,delta,delta,single_batch,0.7466280460357666
906,1.8718109130859375,-2.613109588623047,9,human1_lib2.final_cell_0339-0,alpha,alpha,single_batch,0.8049863576889038
907,-5.243895530700684,-10.346404075622559,8,human1_lib2.final_cell_0340-0,gamma,delta,single_batch,0.9959059357643127
908,5.135855197906494,-1.5906778573989868,9,human1_lib2.final_cell_0341-0,alpha,alpha,single_batch,0.6186004877090454
909,7.492277145385742,13.215943336486816,7,human1_lib2.final_cell_0342-0,beta,beta,single_batch,0.40970122814178467
910,6.6379475593566895,-11.656487464904785,2,human1_lib2.final_cell_0343-0,macrophage,macrophage,single_batch,2.288738965988159
911,3.440199613571167,14.086219787597656,7,human1_lib2.final_cell_0344-0,beta,beta,single_batch,0.8482885360717773
912,10.490670204162598,11.167370796203613,7,human1_lib2.final_cell_0345-0,beta,beta,single_batch,0.3845422863960266
913,-10.60219955444336,0.8679952025413513,6,human1_lib2.final_cell_0346-0,quiescent_stellate,quiescent_stellate,single_batch,2.3856518268585205
914,-4.545535087585449,-7.115190505981445,8,human1_lib2.final_cell_0347-0,delta,delta,single_batch,0.47023314237594604
915,8.391066551208496,12.960481643676758,7,human1_lib2.final_cell_0348-0,beta,beta,single_batch,0.3845422863960266
916,4.657785415649414,-1.8434840440750122,9,human1_lib2.final_cell_0349-0,alpha,alpha,single_batch,0.548337996006012
917,8.718920707702637,11.01140308380127,7,human1_lib2.final_cell_0350-0,beta,beta,single_batch,0.9039019346237183
918,4.52317476272583,-1.826208472251892,9,human1_lib2.final_cell_0351-0,alpha,alpha,single_batch,0.5736649632453918
919,4.81479024887085,13.77608585357666,7,human1_lib2.final_cell_0352-0,beta,beta,single_batch,0.3845422863960266
920,6.657281398773193,13.904183387756348,7,human1_lib2.final_cell_0353-0,beta,beta,single_batch,0.7123913764953613
921,-5.067490100860596,-10.203874588012695,8,human1_lib2.final_cell_0354-0,gamma,delta,single_batch,1.21932852268219
922,2.3674371242523193,-2.3049020767211914,9,human1_lib2.final_cell_0355-0,alpha,alpha,single_batch,0.7260042428970337
923,8.16235065460205,12.193326950073242,7,human1_lib2.final_cell_0356-0,beta,beta,single_batch,0.3845422863960266
924,13.395479202270508,8.996773719787598,7,human1_lib2.final_cell_0357-0,beta,beta,single_batch,0.46727246046066284
925,5.554861068725586,13.374497413635254,7,human1_lib2.final_cell_0358-0,beta,beta,single_batch,0.4062884449958801
926,8.489068031311035,12.014713287353516,7,human1_lib2.final_cell_0359-0,beta,beta,single_batch,0.3992539942264557
927,6.6253485679626465,-11.666967391967773,2,human1_lib2.final_cell_0360-0,macrophage,macrophage,single_batch,2.288738965988159
928,9.208212852478027,11.867033004760742,7,human1_lib2.final_cell_0361-0,beta,beta,single_batch,0.3845422863960266
929,-5.839690208435059,-7.003891944885254,8,human1_lib2.final_cell_0362-0,delta,delta,single_batch,0.8843242526054382
930,6.356993198394775,13.92213249206543,7,human1_lib2.final_cell_0363-0,beta,beta,single_batch,0.3889179229736328
931,-4.867678165435791,-9.283600807189941,8,human1_lib2.final_cell_0364-0,gamma,delta,single_batch,0.9032177925109863
932,4.541422367095947,-1.8180001974105835,9,human1_lib2.final_cell_0365-0,epsilon,alpha,single_batch,1.163381576538086
933,-5.1669230461120605,-7.800983428955078,8,human1_lib2.final_cell_0366-0,delta,delta,single_batch,0.6280944347381592
934,4.336703300476074,-1.8245173692703247,9,human1_lib2.final_cell_0367-0,alpha,alpha,single_batch,0.5320916771888733
935,6.9469475746154785,14.164833068847656,7,human1_lib2.final_cell_0368-0,beta,beta,single_batch,0.5351288914680481
936,9.096024513244629,12.132829666137695,7,human1_lib2.final_cell_0369-0,beta,beta,single_batch,0.3845422863960266
937,-6.852187156677246,-7.597989559173584,8,human1_lib2.final_cell_0370-0,delta,delta,single_batch,1.160793423652649
938,1.9133836030960083,-2.577280044555664,9,human1_lib2.final_cell_0371-0,alpha,alpha,single_batch,0.7488698959350586
939,-0.9528918862342834,5.0862274169921875,1,human1_lib2.final_cell_0372-0,endothelial,endothelial,single_batch,2.289818525314331
940,12.489096641540527,9.204913139343262,7,human1_lib2.final_cell_0373-0,beta,beta,single_batch,0.417250394821167
941,-6.83888578414917,4.948268890380859,3,human1_lib2.final_cell_0374-0,activated_stellate,activated_stellate,single_batch,2.728938341140747
942,-8.81509017944336,14.933966636657715,0,human1_lib2.final_cell_0375-0,acinar,acinar,single_batch,1.3416680097579956
943,-6.762319087982178,-7.475844860076904,8,human1_lib2.final_cell_0376-0,beta,delta,single_batch,1.9226360321044922
944,-8.68675422668457,14.651497840881348,0,human1_lib2.final_cell_0377-0,acinar,acinar,single_batch,1.382148265838623
945,5.688530921936035,-1.6405270099639893,9,human1_lib2.final_cell_0378-0,alpha,alpha,single_batch,0.46354466676712036
946,-5.701900005340576,-9.835421562194824,8,human1_lib2.final_cell_0379-0,gamma,delta,single_batch,0.900486946105957
947,6.635034084320068,-11.658016204833984,2,human1_lib2.final_cell_0380-0,macrophage,macrophage,single_batch,2.288738965988159
948,9.561601638793945,12.091527938842773,7,human1_lib2.final_cell_0381-0,beta,beta,single_batch,0.3845422863960266
949,8.927643775939941,11.598674774169922,7,human1_lib2.final_cell_0382-0,beta,beta,single_batch,0.3845422863960266
950,-8.320784568786621,14.159106254577637,0,human1_lib2.final_cell_0383-0,acinar,acinar,single_batch,1.3234293460845947
951,8.795823097229004,11.170981407165527,7,human1_lib2.final_cell_0384-0,beta,beta,single_batch,0.5020462870597839
952,12.48260498046875,8.841737747192383,7,human1_lib2.final_cell_0385-0,beta,beta,single_batch,0.4472670555114746
953,3.9709396362304688,-2.0458714962005615,9,human1_lib2.final_cell_0386-0,alpha,alpha,single_batch,0.8597131371498108
954,-4.6510396003723145,-6.935944080352783,8,human1_lib2.final_cell_0387-0,delta,delta,single_batch,0.5090838074684143
955,12.369900703430176,8.863203048706055,7,human1_lib2.final_cell_0388-0,beta,beta,single_batch,0.39567306637763977
956,10.380274772644043,-6.730584144592285,4,human1_lib2.final_cell_0389-0,ductal,ductal,single_batch,1.801994800567627
957,6.646684169769287,-1.572760820388794,9,human1_lib2.final_cell_0390-0,alpha,alpha,single_batch,0.7085042595863342
958,7.676958084106445,13.33535385131836,7,human1_lib2.final_cell_0391-0,beta,beta,single_batch,0.39330220222473145
959,-5.4696550369262695,-6.704968452453613,8,human1_lib2.final_cell_0392-0,delta,delta,single_batch,0.8194118142127991
960,12.042044639587402,9.753741264343262,7,human1_lib2.final_cell_0393-0,beta,beta,single_batch,0.514327883720398
961,10.185521125793457,12.70961856842041,7,human1_lib2.final_cell_0394-0,beta,beta,single_batch,0.41151708364486694
962,-8.38353157043457,13.884477615356445,0,human1_lib2.final_cell_0395-0,acinar,acinar,single_batch,1.4666844606399536
963,10.635015487670898,11.940239906311035,7,human1_lib2.final_cell_0396-0,beta,beta,single_batch,0.3845422863960266
964,11.293623924255371,11.075420379638672,7,human1_lib2.final_cell_0397-0,beta,beta,single_batch,0.3867572247982025
965,10.71338939666748,12.296991348266602,7,human1_lib2.final_cell_0398-0,beta,beta,single_batch,0.3845422863960266
966,2.973525285720825,-2.005650043487549,9,human1_lib2.final_cell_0399-0,alpha,alpha,single_batch,0.7539476752281189
967,3.907716751098633,-2.008584499359131,9,human1_lib2.final_cell_0400-0,alpha,alpha,single_batch,0.8097459673881531
968,3.3245997428894043,-2.101958751678467,9,human1_lib2.final_cell_0401-0,alpha,alpha,single_batch,0.8703944683074951
969,10.675561904907227,-6.982349395751953,4,human1_lib2.final_cell_0402-0,ductal,ductal,single_batch,1.7218917608261108
970,4.0997700691223145,-1.8532854318618774,9,human1_lib2.final_cell_0403-0,alpha,alpha,single_batch,0.6656915545463562
971,-8.194664001464844,14.33423137664795,0,human1_lib2.final_cell_0404-0,acinar,acinar,single_batch,1.2205805778503418
972,-8.393420219421387,13.798707962036133,0,human1_lib2.final_cell_0405-0,acinar,acinar,single_batch,1.8593538999557495
973,6.923664569854736,13.72052001953125,7,human1_lib2.final_cell_0406-0,beta,beta,single_batch,0.3845422863960266
974,-5.493959426879883,-7.482490539550781,8,human1_lib2.final_cell_0407-0,delta,delta,single_batch,0.6188024878501892
975,-11.47629451751709,0.3447681665420532,6,human1_lib2.final_cell_0408-0,quiescent_stellate,quiescent_stellate,single_batch,1.9414299726486206
976,5.418328762054443,-1.6321156024932861,9,human1_lib2.final_cell_0409-0,alpha,alpha,single_batch,0.5436235666275024
977,-4.512368679046631,-7.051530361175537,8,human1_lib2.final_cell_0410-0,delta,delta,single_batch,0.5229879021644592
978,9.770214080810547,12.459110260009766,7,human1_lib2.final_cell_0411-0,beta,beta,single_batch,0.3845422863960266
979,10.245165824890137,-6.642151832580566,4,human1_lib2.final_cell_0412-0,ductal,ductal,single_batch,1.7254626750946045
980,8.788089752197266,11.499637603759766,7,human1_lib2.final_cell_0413-0,beta,beta,single_batch,0.41131502389907837
981,10.05130672454834,11.30422306060791,7,human1_lib2.final_cell_0414-0,beta,beta,single_batch,0.4182865619659424
982,3.566826105117798,13.875480651855469,7,human1_lib2.final_cell_0415-0,beta,beta,single_batch,0.7911468744277954
983,9.558781623840332,12.507782936096191,7,human1_lib2.final_cell_0416-0,beta,beta,single_batch,0.3845422863960266
984,-11.078130722045898,0.8025718331336975,6,human1_lib2.final_cell_0417-0,quiescent_stellate,quiescent_stellate,single_batch,1.7520476579666138
985,-0.06471309810876846,4.763655662536621,1,human1_lib2.final_cell_0418-0,endothelial,endothelial,single_batch,2.322174072265625
986,-8.452637672424316,14.463930130004883,0,human1_lib2.final_cell_0419-0,acinar,acinar,single_batch,1.2200216054916382
987,-7.947743892669678,4.599430561065674,3,human1_lib2.final_cell_0420-0,activated_stellate,activated_stellate,single_batch,2.3904199600219727
988,-4.464386940002441,-8.171773910522461,8,human1_lib2.final_cell_0421-0,delta,delta,single_batch,0.621132493019104
989,13.920894622802734,9.077527046203613,7,human1_lib2.final_cell_0422-0,beta,beta,single_batch,1.5637644529342651
990,-5.723834037780762,-10.342388153076172,8,human1_lib2.final_cell_0423-0,alpha,delta,single_batch,1.0472828149795532
991,-1.043310284614563,4.991812705993652,1,human1_lib2.final_cell_0424-0,endothelial,endothelial,single_batch,2.356671094894409
992,-0.6753028035163879,5.035695552825928,1,human1_lib2.final_cell_0425-0,endothelial,endothelial,single_batch,2.162782669067383
993,-5.59883975982666,-11.031998634338379,8,human1_lib2.final_cell_0426-0,alpha,delta,single_batch,1.1228108406066895
994,8.801000595092773,11.578600883483887,7,human1_lib2.final_cell_0427-0,beta,beta,single_batch,0.3845422863960266
995,-5.4521870613098145,-9.761982917785645,8,human1_lib2.final_cell_0428-0,gamma,delta,single_batch,0.81509929895401
996,4.579932689666748,14.210848808288574,7,human1_lib2.final_cell_0429-0,beta,beta,single_batch,0.389196515083313
997,11.059988975524902,-7.27079439163208,4,human1_lib2.final_cell_0430-0,ductal,ductal,single_batch,1.9069443941116333
998,-6.759479999542236,4.959145545959473,3,human1_lib2.final_cell_0431-0,activated_stellate,activated_stellate,single_batch,2.728938341140747
999,3.607543706893921,-1.8274232149124146,9,human1_lib2.final_cell_0432-0,alpha,alpha,single_batch,0.6749417781829834
1000,7.828104019165039,13.203104019165039,7,human1_lib2.final_cell_0433-0,beta,beta,single_batch,0.3912235200405121
1001,6.966198921203613,12.092301368713379,7,human1_lib2.final_cell_0434-0,beta,beta,single_batch,0.49448665976524353
1002,2.528778314590454,-2.1902079582214355,9,human1_lib2.final_cell_0435-0,alpha,alpha,single_batch,0.6667838096618652
1003,-8.635787010192871,14.110689163208008,0,human1_lib2.final_cell_0436-0,acinar,acinar,single_batch,1.4949965476989746
1004,-11.467330932617188,0.16905348002910614,6,human1_lib2.final_cell_0437-0,quiescent_stellate,quiescent_stellate,single_batch,2.09270977973938
1005,11.199671745300293,9.645071029663086,7,human1_lib2.final_cell_0438-0,beta,beta,single_batch,0.3845422863960266
1006,2.41880202293396,-2.2644495964050293,9,human1_lib2.final_cell_0439-0,alpha,alpha,single_batch,0.6648895144462585
1007,6.825744152069092,13.933918952941895,7,human1_lib2.final_cell_0440-0,beta,beta,single_batch,0.4906817078590393
1008,10.623162269592285,-7.44957971572876,4,human1_lib2.final_cell_0441-0,ductal,ductal,single_batch,1.8509612083435059
1009,12.305418014526367,8.898615837097168,7,human1_lib2.final_cell_0442-0,beta,beta,single_batch,0.384832501411438
1010,-6.989658832550049,-7.570890426635742,8,human1_lib2.final_cell_0443-0,delta,delta,single_batch,1.6639894247055054
1011,8.632756233215332,12.830761909484863,7,human1_lib2.final_cell_0444-0,beta,beta,single_batch,0.3845422863960266
1012,5.7389655113220215,13.018046379089355,7,human1_lib2.final_cell_0445-0,beta,beta,single_batch,0.4034116864204407
1013,4.806449890136719,13.357499122619629,7,human1_lib2.final_cell_0446-0,beta,beta,single_batch,0.830176591873169
1014,11.67070198059082,11.23397445678711,7,human1_lib2.final_cell_0447-0,beta,beta,single_batch,0.4064675569534302
1015,-10.64466667175293,0.7246262431144714,6,human1_lib2.final_cell_0448-0,quiescent_stellate,quiescent_stellate,single_batch,1.7976490259170532
1016,5.378421783447266,13.778636932373047,7,human1_lib2.final_cell_0449-0,beta,beta,single_batch,0.3845422863960266
1017,11.757418632507324,10.902403831481934,7,human1_lib2.final_cell_0450-0,beta,beta,single_batch,0.3845422863960266
1018,-6.662893295288086,4.978336811065674,3,human1_lib2.final_cell_0451-0,schwann,activated_stellate,single_batch,2.728938341140747
1019,0.09214022010564804,4.854368209838867,1,human1_lib2.final_cell_0452-0,endothelial,endothelial,single_batch,2.28413724899292
1020,-6.474117755889893,-7.554637432098389,8,human1_lib2.final_cell_0453-0,beta,delta,single_batch,1.0790146589279175
1021,12.296133995056152,8.7637939453125,7,human1_lib2.final_cell_0454-0,beta,beta,single_batch,0.464759886264801
1022,10.986505508422852,-7.290588855743408,4,human1_lib2.final_cell_0455-0,ductal,ductal,single_batch,1.935397744178772
1023,-6.042699813842773,-8.450839042663574,8,human1_lib2.final_cell_0456-0,gamma,delta,single_batch,0.9688903093338013
1024,6.3408284187316895,-1.5645928382873535,9,human1_lib2.final_cell_0457-0,alpha,alpha,single_batch,0.5177991986274719
1025,-5.638369083404541,-9.920364379882812,8,human1_lib2.final_cell_0458-0,gamma,delta,single_batch,0.9988800287246704
1026,4.429013252258301,-1.8469184637069702,9,human1_lib2.final_cell_0459-0,alpha,alpha,single_batch,0.5231779217720032
1027,-6.896170139312744,4.939803123474121,3,human1_lib2.final_cell_0460-0,quiescent_stellate,activated_stellate,single_batch,2.728938341140747
1028,-0.7559070587158203,4.491027355194092,1,human1_lib2.final_cell_0461-0,endothelial,endothelial,single_batch,2.318702220916748
1029,-11.381013870239258,0.011287769302725792,6,human1_lib2.final_cell_0462-0,quiescent_stellate,quiescent_stellate,single_batch,2.205923080444336
1030,-4.022040367126465,-7.623011589050293,8,human1_lib2.final_cell_0463-0,delta,delta,single_batch,0.7920020222663879
1031,3.8480324745178223,14.22609806060791,7,human1_lib2.final_cell_0464-0,beta,beta,single_batch,0.4698481559753418
1032,9.795815467834473,-6.7635674476623535,4,human1_lib2.final_cell_0465-0,ductal,ductal,single_batch,2.288738965988159
1033,-0.8086171746253967,5.130229949951172,1,human1_lib2.final_cell_0466-0,endothelial,endothelial,single_batch,2.1987431049346924
1034,7.317498683929443,12.707986831665039,7,human1_lib2.final_cell_0467-0,beta,beta,single_batch,0.4448097348213196
1035,-6.689955711364746,-7.607045650482178,8,human1_lib2.final_cell_0468-0,delta,delta,single_batch,1.2183036804199219
1036,-7.223599433898926,4.800598621368408,3,human1_lib2.final_cell_0469-0,activated_stellate,activated_stellate,single_batch,2.728938341140747
1037,0.014978822320699692,4.480353832244873,1,human1_lib2.final_cell_0470-0,endothelial,endothelial,single_batch,1.9476603269577026
1038,-8.375720977783203,13.817111015319824,0,human1_lib2.final_cell_0471-0,acinar,acinar,single_batch,1.8198068141937256
1039,0.21926061809062958,4.686054706573486,1,human1_lib2.final_cell_0472-0,endothelial,endothelial,single_batch,1.9479615688323975
1040,-5.260122776031494,-7.846980094909668,8,human1_lib2.final_cell_0473-0,delta,delta,single_batch,0.6903349757194519
1041,-4.490570545196533,-8.858609199523926,8,human1_lib2.final_cell_0474-0,gamma,delta,single_batch,0.7645325064659119
1042,-7.992181777954102,4.593662738800049,3,human1_lib2.final_cell_0475-0,activated_stellate,activated_stellate,single_batch,2.214228391647339
1043,-0.8773366808891296,5.07990026473999,1,human1_lib2.final_cell_0476-0,endothelial,endothelial,single_batch,2.142566680908203
1044,12.025619506835938,9.765612602233887,7,human1_lib2.final_cell_0477-0,beta,beta,single_batch,0.3845422863960266
1045,10.229541778564453,-6.76352071762085,4,human1_lib2.final_cell_0478-0,ductal,ductal,single_batch,2.2838659286499023
1046,5.422219753265381,13.205488204956055,7,human1_lib2.final_cell_0479-0,beta,beta,single_batch,0.38575631380081177
1047,8.535229682922363,12.833905220031738,7,human1_lib2.final_cell_0480-0,beta,beta,single_batch,0.3845422863960266
1048,-5.263967037200928,-10.197152137756348,8,human1_lib2.final_cell_0481-0,alpha,delta,single_batch,0.9369180202484131
1049,-5.6301069259643555,-10.609794616699219,8,human1_lib2.final_cell_0482-0,alpha,delta,single_batch,1.0821744203567505
1050,6.450596809387207,12.90601921081543,7,human1_lib2.final_cell_0483-0,beta,beta,single_batch,0.4320155382156372
1051,10.987174987792969,-7.319627285003662,4,human1_lib2.final_cell_0484-0,ductal,ductal,single_batch,1.9144879579544067
1052,5.469736099243164,12.86048698425293,7,human1_lib2.final_cell_0485-0,beta,beta,single_batch,0.5159713625907898
1053,2.931741237640381,-2.0383503437042236,9,human1_lib2.final_cell_0486-0,alpha,alpha,single_batch,0.7676588296890259
1054,-0.2548521161079407,4.737325668334961,1,human1_lib2.final_cell_0487-0,endothelial,endothelial,single_batch,2.243389368057251
1055,-0.017387688159942627,4.441500186920166,1,human1_lib2.final_cell_0488-0,endothelial,endothelial,single_batch,1.910252571105957
1056,4.393444538116455,13.628922462463379,7,human1_lib2.final_cell_0489-0,beta,beta,single_batch,0.4618595242500305
1057,-0.5333763957023621,3.736035108566284,1,human1_lib2.final_cell_0490-0,endothelial,endothelial,single_batch,2.356671094894409
1058,-0.503561794757843,4.798063278198242,1,human1_lib2.final_cell_0491-0,endothelial,endothelial,single_batch,2.272242546081543
1059,6.080547332763672,-1.5634294748306274,9,human1_lib2.final_cell_0492-0,alpha,alpha,single_batch,0.5299239754676819
1060,-10.534387588500977,0.6688218116760254,6,human1_lib2.final_cell_0493-0,quiescent_stellate,quiescent_stellate,single_batch,2.1006429195404053
1061,10.514640808105469,-6.613198757171631,4,human1_lib2.final_cell_0494-0,ductal,ductal,single_batch,1.590736746788025
1062,8.640707969665527,13.377946853637695,7,human1_lib2.final_cell_0495-0,beta,beta,single_batch,0.38494062423706055
1063,-11.481213569641113,0.22226101160049438,6,human1_lib2.final_cell_0496-0,quiescent_stellate,quiescent_stellate,single_batch,2.0730020999908447
1064,-6.371519088745117,-7.303377151489258,8,human1_lib2.final_cell_0497-0,epsilon,delta,single_batch,0.8811593055725098
1065,-5.892496585845947,-6.984900951385498,8,human1_lib2.final_cell_0498-0,delta,delta,single_batch,0.5339974164962769
1066,6.644078254699707,-11.65005874633789,2,human1_lib2.final_cell_0499-0,macrophage,macrophage,single_batch,2.288738965988159
1067,-4.493323802947998,-8.880366325378418,8,human1_lib2.final_cell_0500-0,gamma,delta,single_batch,1.2058972120285034
1068,10.658268928527832,-6.945703506469727,4,human1_lib2.final_cell_0501-0,ductal,ductal,single_batch,1.6308835744857788
1069,-5.439687728881836,-10.81751823425293,8,human1_lib2.final_cell_0502-0,alpha,delta,single_batch,1.2942390441894531
1070,6.869442939758301,13.806056022644043,7,human1_lib2.final_cell_0503-0,beta,beta,single_batch,0.3845422863960266
1071,-5.6342854499816895,-11.034974098205566,8,human1_lib2.final_cell_0504-0,alpha,delta,single_batch,1.2258565425872803
1072,0.26272040605545044,4.405359268188477,1,human1_lib2.final_cell_0505-0,endothelial,endothelial,single_batch,2.2820966243743896
1073,6.32895040512085,13.795509338378906,7,human1_lib2.final_cell_0506-0,beta,beta,single_batch,0.3845422863960266
1074,-4.961280822753906,-9.451704978942871,8,human1_lib2.final_cell_0507-0,gamma,delta,single_batch,0.7283546328544617
1075,-6.865367412567139,-7.483281135559082,8,human1_lib2.final_cell_0508-0,beta,delta,single_batch,1.9226360321044922
1076,4.440413951873779,13.58021068572998,7,human1_lib2.final_cell_0509-0,beta,beta,single_batch,0.4293902516365051
1077,-10.902188301086426,-0.08254816383123398,6,human1_lib2.final_cell_0510-0,quiescent_stellate,quiescent_stellate,single_batch,2.5247082710266113
1078,1.87454092502594,-2.6029460430145264,9,human1_lib2.final_cell_0511-0,alpha,alpha,single_batch,1.113507628440857
1079,3.816608428955078,14.026097297668457,7,human1_lib2.final_cell_0512-0,beta,beta,single_batch,0.4512411057949066
1080,2.970777988433838,13.833816528320312,7,human1_lib2.final_cell_0513-0,gamma,beta,single_batch,1.3367356061935425
1081,-5.8817572593688965,-7.330275058746338,8,human1_lib2.final_cell_0514-0,alpha,delta,single_batch,1.3531358242034912
1082,2.1005783081054688,-2.4493677616119385,9,human1_lib2.final_cell_0515-0,alpha,alpha,single_batch,0.9115501046180725
1083,9.077046394348145,12.993371963500977,7,human1_lib2.final_cell_0516-0,beta,beta,single_batch,0.3845422863960266
1084,-0.4540145993232727,4.858063220977783,1,human1_lib2.final_cell_0517-0,endothelial,endothelial,single_batch,1.996546983718872
1085,13.921703338623047,9.073739051818848,7,human1_lib2.final_cell_0518-0,beta,beta,single_batch,1.6098971366882324
1086,-10.66905689239502,0.18445062637329102,6,human1_lib2.final_cell_0519-0,quiescent_stellate,quiescent_stellate,single_batch,2.393693208694458
1087,0.03405895456671715,4.383663177490234,1,human1_lib2.final_cell_0520-0,endothelial,endothelial,single_batch,1.9995497465133667
1088,5.319625377655029,12.93102741241455,7,human1_lib2.final_cell_0521-0,beta,beta,single_batch,0.5495563745498657
1089,3.7308743000030518,14.028562545776367,7,human1_lib2.final_cell_0522-0,beta,beta,single_batch,0.49664896726608276
1090,7.227400302886963,12.802502632141113,7,human1_lib2.final_cell_0523-0,beta,beta,single_batch,0.4421849250793457
1091,11.574612617492676,10.881730079650879,7,human1_lib2.final_cell_0524-0,beta,beta,single_batch,0.3845422863960266
1092,10.350374221801758,-7.648421287536621,4,human1_lib2.final_cell_0525-0,ductal,ductal,single_batch,1.8670580387115479
1093,-6.769200325012207,4.96818208694458,3,human1_lib2.final_cell_0526-0,beta,activated_stellate,single_batch,2.728938341140747
1094,2.122981309890747,-2.433413028717041,9,human1_lib2.final_cell_0527-0,alpha,alpha,single_batch,0.7958412170410156
1095,-10.730744361877441,0.3359087109565735,6,human1_lib2.final_cell_0528-0,quiescent_stellate,quiescent_stellate,single_batch,2.228729486465454
1096,9.483308792114258,11.972078323364258,7,human1_lib2.final_cell_0529-0,beta,beta,single_batch,0.3898243010044098
1097,0.36738714575767517,4.460622787475586,1,human1_lib2.final_cell_0530-0,endothelial,endothelial,single_batch,2.356671094894409
1098,6.896320819854736,14.157490730285645,7,human1_lib2.final_cell_0531-0,beta,beta,single_batch,0.4829036295413971
1099,10.915894508361816,-7.369322299957275,4,human1_lib2.final_cell_0532-0,ductal,ductal,single_batch,1.7926408052444458
1100,9.99478816986084,-6.768754959106445,4,human1_lib2.final_cell_0533-0,ductal,ductal,single_batch,1.552348017692566
1101,3.7067646980285645,14.055974960327148,7,human1_lib2.final_cell_0534-0,beta,beta,single_batch,0.6244269013404846
1102,-7.331334590911865,4.760951995849609,3,human1_lib2.final_cell_0535-0,activated_stellate,activated_stellate,single_batch,2.728938341140747
1103,6.361914157867432,13.545493125915527,7,human1_lib2.final_cell_0536-0,beta,beta,single_batch,0.39659589529037476
1104,10.584580421447754,-6.934299468994141,4,human1_lib2.final_cell_0537-0,ductal,ductal,single_batch,1.548776626586914
1105,7.252068996429443,13.307286262512207,7,human1_lib2.final_cell_0538-0,beta,beta,single_batch,0.3845422863960266
1106,-0.8624736666679382,4.267855644226074,1,human1_lib2.final_cell_0539-0,endothelial,endothelial,single_batch,2.356671094894409
1107,7.703398704528809,13.408246040344238,7,human1_lib2.final_cell_0540-0,beta,beta,single_batch,0.3845422863960266
1108,11.7698974609375,10.34376335144043,7,human1_lib2.final_cell_0541-0,beta,beta,single_batch,0.5504473447799683
1109,-9.16312313079834,13.877076148986816,0,human1_lib2.final_cell_0542-0,acinar,acinar,single_batch,1.950292944908142
1110,3.336263656616211,-1.90952730178833,9,human1_lib2.final_cell_0543-0,alpha,alpha,single_batch,0.6442404389381409
1111,-6.6665167808532715,4.974262714385986,3,human1_lib2.final_cell_0544-0,schwann,activated_stellate,single_batch,2.728938341140747
1112,3.6291205883026123,13.907944679260254,7,human1_lib2.final_cell_0545-0,beta,beta,single_batch,0.4479711949825287
1113,7.931721210479736,13.536497116088867,7,human1_lib2.final_cell_0546-0,beta,beta,single_batch,0.4174051284790039
1114,-10.711017608642578,0.08966010808944702,6,human1_lib2.final_cell_0547-0,quiescent_stellate,quiescent_stellate,single_batch,2.3896067142486572
1115,10.85267162322998,12.252427101135254,7,human1_lib2.final_cell_0548-0,beta,beta,single_batch,0.7724418044090271
1116,-4.366026878356934,-7.569631099700928,8,human1_lib2.final_cell_0549-0,gamma,delta,single_batch,0.6788330674171448
1117,-0.8281973600387573,5.127441883087158,1,human1_lib2.final_cell_0550-0,endothelial,endothelial,single_batch,2.133495330810547
1118,11.654489517211914,9.930549621582031,7,human1_lib2.final_cell_0551-0,beta,beta,single_batch,0.3845422863960266
1119,14.581169128417969,-2.036095142364502,5,human1_lib2.final_cell_0552-0,mast,mast,single_batch,2.288738965988159
1120,11.39730167388916,10.090617179870605,7,human1_lib2.final_cell_0553-0,beta,beta,single_batch,0.3845422863960266
1121,-4.563022613525391,-9.068915367126465,8,human1_lib2.final_cell_0554-0,gamma,delta,single_batch,0.7361319065093994
1122,-11.325693130493164,-0.10567346960306168,6,human1_lib2.final_cell_0555-0,quiescent_stellate,quiescent_stellate,single_batch,2.5247082710266113
1123,6.891256332397461,13.466004371643066,7,human1_lib2.final_cell_0556-0,beta,beta,single_batch,0.3845422863960266
1124,4.129968166351318,14.05393123626709,7,human1_lib2.final_cell_0557-0,beta,beta,single_batch,0.8264184594154358
1125,5.031630516052246,13.927546501159668,7,human1_lib2.final_cell_0558-0,beta,beta,single_batch,0.4195915460586548
1126,-0.4243907332420349,4.223354339599609,1,human1_lib2.final_cell_0559-0,endothelial,endothelial,single_batch,2.234931230545044
1127,7.249140739440918,12.921088218688965,7,human1_lib2.final_cell_0560-0,beta,beta,single_batch,0.38576292991638184
1128,3.416490316390991,-2.117645740509033,9,human1_lib2.final_cell_0561-0,alpha,alpha,single_batch,0.6770358681678772
1129,-10.525137901306152,0.7865027189254761,6,human1_lib2.final_cell_0562-0,quiescent_stellate,quiescent_stellate,single_batch,2.5247082710266113
1130,-6.865173816680908,4.921141147613525,3,human1_lib2.final_cell_0563-0,activated_stellate,activated_stellate,single_batch,2.728938341140747
1131,7.7089433670043945,13.221461296081543,7,human1_lib2.final_cell_0564-0,beta,beta,single_batch,0.3845422863960266
1132,1.8228647708892822,-2.6506738662719727,9,human1_lib2.final_cell_0565-0,alpha,alpha,single_batch,0.936652660369873
1133,-0.12426607310771942,4.911194801330566,1,human1_lib2.final_cell_0566-0,endothelial,endothelial,single_batch,1.9872311353683472
1134,-10.847552299499512,0.6236489415168762,6,human1_lib2.final_cell_0567-0,quiescent_stellate,quiescent_stellate,single_batch,1.8930915594100952
1135,-0.8367316126823425,4.3569722175598145,1,human1_lib2.final_cell_0568-0,endothelial,endothelial,single_batch,2.356671094894409
1136,0.23900198936462402,4.540023326873779,1,human1_lib2.final_cell_0569-0,endothelial,endothelial,single_batch,2.174166679382324
1137,0.25845998525619507,4.594767093658447,1,human1_lib2.final_cell_0570-0,endothelial,endothelial,single_batch,2.0182619094848633
1138,-0.5346831679344177,4.308396339416504,1,human1_lib2.final_cell_0571-0,endothelial,endothelial,single_batch,1.995646595954895
1139,10.14803695678711,-6.62839412689209,4,human1_lib2.final_cell_0572-0,ductal,ductal,single_batch,1.7051283121109009
1140,5.777731418609619,13.975643157958984,7,human1_lib2.final_cell_0573-0,beta,beta,single_batch,0.5158097147941589
1141,10.54684829711914,-6.419137954711914,4,human1_lib2.final_cell_0574-0,ductal,ductal,single_batch,1.9320427179336548
1142,-11.415362358093262,0.48598071932792664,6,human1_lib2.final_cell_0575-0,quiescent_stellate,quiescent_stellate,single_batch,2.0350277423858643
1143,4.303432941436768,13.639183044433594,7,human1_lib2.final_cell_0576-0,beta,beta,single_batch,0.4002021551132202
1144,-0.5107194185256958,4.167665958404541,1,human1_lib2.final_cell_0577-0,endothelial,endothelial,single_batch,2.356671094894409
1145,-0.5639991164207458,5.102389812469482,1,human1_lib2.final_cell_0578-0,endothelial,endothelial,single_batch,2.1293742656707764
1146,-5.372642993927002,-10.738036155700684,8,human1_lib2.final_cell_0579-0,alpha,delta,single_batch,0.9575806260108948
1147,-11.456005096435547,0.1100597009062767,6,human1_lib2.final_cell_0580-0,quiescent_stellate,quiescent_stellate,single_batch,2.3384017944335938
1148,-5.377312183380127,-10.680852890014648,8,human1_lib2.final_cell_0581-0,alpha,delta,single_batch,0.8741459250450134
1149,-9.151165962219238,13.837071418762207,0,human1_lib2.final_cell_0582-0,acinar,acinar,single_batch,2.4253878593444824
1150,-4.532004356384277,-9.033517837524414,8,human1_lib2.final_cell_0583-0,gamma,delta,single_batch,1.1221208572387695
1151,0.30791494250297546,4.532852649688721,1,human1_lib2.final_cell_0584-0,endothelial,endothelial,single_batch,2.356671094894409
1152,7.036699295043945,13.71237850189209,7,human1_lib2.final_cell_0585-0,beta,beta,single_batch,0.490561306476593
1153,-11.041754722595215,-0.10838854312896729,6,human1_lib2.final_cell_0586-0,quiescent_stellate,quiescent_stellate,single_batch,2.5247082710266113
1154,-7.149797439575195,4.8207621574401855,3,human1_lib2.final_cell_0587-0,activated_stellate,activated_stellate,single_batch,2.728938341140747
1155,7.958464622497559,13.262491226196289,7,human1_lib2.final_cell_0588-0,beta,beta,single_batch,0.3845422863960266
1156,3.518301010131836,13.737377166748047,7,human1_lib2.final_cell_0589-0,beta,beta,single_batch,0.4736379086971283
1157,0.06644915789365768,3.960784912109375,1,human1_lib2.final_cell_0590-0,endothelial,endothelial,single_batch,2.3350934982299805
1158,6.627040863037109,-1.6866859197616577,9,human1_lib2.final_cell_0591-0,alpha,alpha,single_batch,0.7302688956260681
1159,-11.367777824401855,-0.07718198001384735,6,human1_lib2.final_cell_0592-0,quiescent_stellate,quiescent_stellate,single_batch,2.5247082710266113
1160,-11.053020477294922,-0.1252894252538681,6,human1_lib2.final_cell_0593-0,quiescent_stellate,quiescent_stellate,single_batch,2.489638566970825
1161,-11.495485305786133,0.3808746039867401,6,human1_lib2.final_cell_0594-0,quiescent_stellate,quiescent_stellate,single_batch,2.149354934692383
1162,-10.768142700195312,0.6848683953285217,6,human1_lib2.final_cell_0595-0,quiescent_stellate,quiescent_stellate,single_batch,2.0541298389434814
1163,0.0667509064078331,3.851736545562744,1,human1_lib2.final_cell_0596-0,endothelial,endothelial,single_batch,2.356671094894409
1164,12.291150093078613,8.898390769958496,7,human1_lib2.final_cell_0597-0,beta,beta,single_batch,0.3998998999595642
1165,-11.221570014953613,0.6769797801971436,6,human1_lib2.final_cell_0598-0,quiescent_stellate,quiescent_stellate,single_batch,1.6733707189559937
1166,13.628830909729004,9.108530044555664,7,human1_lib2.final_cell_0599-0,beta,beta,single_batch,1.0174884796142578
1167,-11.335939407348633,0.6637371778488159,6,human1_lib2.final_cell_0600-0,quiescent_stellate,quiescent_stellate,single_batch,2.2636046409606934
1168,-11.180237770080566,0.8284603953361511,6,human1_lib2.final_cell_0601-0,quiescent_stellate,quiescent_stellate,single_batch,1.8824384212493896
1169,4.332024097442627,14.54214096069336,7,human1_lib2.final_cell_0602-0,beta,beta,single_batch,0.5621008276939392
1170,12.15115737915039,9.101934432983398,7,human1_lib2.final_cell_0603-0,beta,beta,single_batch,0.7258033156394958
1171,13.805989265441895,9.126346588134766,7,human1_lib2.final_cell_0604-0,beta,beta,single_batch,0.8412465453147888
1172,10.410640716552734,12.607874870300293,7,human1_lib2.final_cell_0605-0,beta,beta,single_batch,0.3871760368347168
1173,6.762588977813721,13.444089889526367,7,human1_lib2.final_cell_0606-0,beta,beta,single_batch,0.3845422863960266
1174,-0.49615371227264404,4.66971492767334,1,human1_lib2.final_cell_0607-0,endothelial,endothelial,single_batch,2.0297141075134277
1175,3.6900880336761475,-1.9161757230758667,9,human1_lib2.final_cell_0608-0,alpha,alpha,single_batch,0.7013818025588989
1176,13.043841361999512,9.065215110778809,7,human1_lib2.final_cell_0609-0,beta,beta,single_batch,0.5113639831542969
1177,-0.41275474429130554,4.1587114334106445,1,human1_lib2.final_cell_0610-0,endothelial,endothelial,single_batch,2.356671094894409
1178,0.30648183822631836,4.600429534912109,1,human1_lib2.final_cell_0611-0,endothelial,endothelial,single_batch,2.356671094894409
1179,-6.859241008758545,4.952420234680176,3,human1_lib2.final_cell_0612-0,activated_stellate,activated_stellate,single_batch,2.728938341140747
1180,-4.823276519775391,-9.803728103637695,8,human1_lib2.final_cell_0613-0,alpha,delta,single_batch,0.9667572379112244
1181,4.20587158203125,14.283756256103516,7,human1_lib2.final_cell_0614-0,beta,beta,single_batch,0.5450266003608704
1182,10.834308624267578,11.596259117126465,7,human1_lib2.final_cell_0615-0,beta,beta,single_batch,0.3845422863960266
1183,-9.216219902038574,13.800647735595703,0,human1_lib2.final_cell_0616-0,acinar,acinar,single_batch,2.4253878593444824
1184,-11.33388900756836,-0.09893807023763657,6,human1_lib2.final_cell_0617-0,quiescent_stellate,quiescent_stellate,single_batch,2.5247082710266113
1185,0.07229556888341904,3.943140745162964,1,human1_lib2.final_cell_0618-0,endothelial,endothelial,single_batch,2.356671094894409
1186,0.3504487872123718,4.5123610496521,1,human1_lib2.final_cell_0619-0,endothelial,endothelial,single_batch,2.356671094894409
1187,0.17451775074005127,4.008542537689209,1,human1_lib2.final_cell_0620-0,endothelial,endothelial,single_batch,2.356671094894409
1188,3.5592339038848877,13.836745262145996,7,human1_lib2.final_cell_0621-0,delta,beta,single_batch,0.7314639687538147
1189,-0.48393934965133667,4.824173927307129,1,human1_lib2.final_cell_0622-0,endothelial,endothelial,single_batch,2.0880136489868164
1190,-5.401843070983887,-10.570258140563965,8,human1_lib2.final_cell_0623-0,alpha,delta,single_batch,0.8150236010551453
1191,11.53610897064209,9.398941040039062,7,human1_lib2.final_cell_0624-0,beta,beta,single_batch,0.39082297682762146
1192,-11.31222915649414,-0.1299830973148346,6,human1_lib2.final_cell_0625-0,quiescent_stellate,quiescent_stellate,single_batch,2.487278699874878
1193,-0.19065116345882416,3.570401668548584,1,human1_lib2.final_cell_0626-0,endothelial,endothelial,single_batch,2.356671094894409
1194,-11.538710594177246,0.3303541839122772,6,human1_lib2.final_cell_0627-0,quiescent_stellate,quiescent_stellate,single_batch,1.8460348844528198
1195,-4.528669357299805,-9.026968002319336,8,human1_lib2.final_cell_0628-0,alpha,delta,single_batch,1.0240440368652344
1196,-11.363031387329102,0.06308610737323761,6,human1_lib2.final_cell_0629-0,quiescent_stellate,quiescent_stellate,single_batch,2.4663844108581543
1197,-8.07931900024414,14.260047912597656,0,human1_lib3.final_cell_0001-0,acinar,acinar,single_batch,1.2556308507919312
1198,-9.73475170135498,14.710140228271484,0,human1_lib3.final_cell_0002-0,acinar,acinar,single_batch,2.4253878593444824
1199,-4.771226406097412,-8.341368675231934,8,human1_lib3.final_cell_0003-0,delta,delta,single_batch,0.6240883469581604
1200,-7.9914655685424805,14.269460678100586,0,human1_lib3.final_cell_0004-0,acinar,acinar,single_batch,1.2681922912597656
1201,-8.069626808166504,4.5554046630859375,3,human1_lib3.final_cell_0005-0,activated_stellate,activated_stellate,single_batch,2.728938341140747
1202,-9.057662963867188,14.994183540344238,0,human1_lib3.final_cell_0006-0,acinar,acinar,single_batch,1.778592824935913
1203,-9.419995307922363,14.79541015625,0,human1_lib3.final_cell_0007-0,acinar,acinar,single_batch,1.483516812324524
1204,-5.683496952056885,-8.779232025146484,8,human1_lib3.final_cell_0008-0,delta,delta,single_batch,0.7676701545715332
1205,-4.0215044021606445,-7.679478645324707,8,human1_lib3.final_cell_0009-0,delta,delta,single_batch,0.7075133323669434
1206,-6.778983116149902,-7.694969654083252,8,human1_lib3.final_cell_0010-0,delta,delta,single_batch,0.7692354321479797
1207,-8.931159019470215,14.975968360900879,0,human1_lib3.final_cell_0011-0,acinar,acinar,single_batch,1.8559274673461914
1208,11.646699905395508,9.60110855102539,7,human1_lib3.final_cell_0012-0,beta,beta,single_batch,0.3845422863960266
1209,-8.075835227966309,4.557194232940674,3,human1_lib3.final_cell_0013-0,activated_stellate,activated_stellate,single_batch,2.515864849090576
1210,-5.863785266876221,-8.558542251586914,8,human1_lib3.final_cell_0014-0,delta,delta,single_batch,0.7203193306922913
1211,-4.979384422302246,-7.547217845916748,8,human1_lib3.final_cell_0015-0,delta,delta,single_batch,0.776594340801239
1212,-6.90752649307251,-7.688250541687012,8,human1_lib3.final_cell_0016-0,delta,delta,single_batch,1.6866493225097656
1213,-4.526573657989502,-7.713910102844238,8,human1_lib3.final_cell_0017-0,delta,delta,single_batch,0.5398112535476685
1214,12.113521575927734,9.17994213104248,7,human1_lib3.final_cell_0018-0,beta,beta,single_batch,0.39331716299057007
1215,-5.826559066772461,-8.588728904724121,8,human1_lib3.final_cell_0019-0,delta,delta,single_batch,0.8209317326545715
1216,-8.746393203735352,14.924664497375488,0,human1_lib3.final_cell_0020-0,acinar,acinar,single_batch,1.3691612482070923
1217,-8.033866882324219,4.574474334716797,3,human1_lib3.final_cell_0021-0,activated_stellate,activated_stellate,single_batch,2.514583110809326
1218,-7.93179988861084,4.613819599151611,3,human1_lib3.final_cell_0022-0,activated_stellate,activated_stellate,single_batch,2.448531150817871
1219,-4.7537336349487305,-8.424448013305664,8,human1_lib3.final_cell_0023-0,delta,delta,single_batch,0.859853982925415
1220,7.239265441894531,12.051447868347168,7,human1_lib3.final_cell_0024-0,beta,beta,single_batch,0.7905734777450562
1221,-8.97732925415039,14.905031204223633,0,human1_lib3.final_cell_0025-0,acinar,acinar,single_batch,1.3191499710083008
1222,-5.911646842956543,-9.352090835571289,8,human1_lib3.final_cell_0026-0,delta,delta,single_batch,1.6046836376190186
1223,8.511874198913574,12.805402755737305,7,human1_lib3.final_cell_0027-0,beta,beta,single_batch,0.3845422863960266
1224,-6.162564277648926,-8.213713645935059,8,human1_lib3.final_cell_0028-0,delta,delta,single_batch,0.9390865564346313
1225,-9.697906494140625,14.75126838684082,0,human1_lib3.final_cell_0029-0,ductal,acinar,single_batch,2.4253878593444824
1226,-9.126920700073242,13.95895767211914,0,human1_lib3.final_cell_0030-0,acinar,acinar,single_batch,1.8358889818191528
1227,-8.554618835449219,14.76578140258789,0,human1_lib3.final_cell_0031-0,acinar,acinar,single_batch,1.3456165790557861
1228,-4.045299530029297,-7.653578758239746,8,human1_lib3.final_cell_0032-0,delta,delta,single_batch,0.6312054991722107
1229,6.040772914886475,12.712743759155273,7,human1_lib3.final_cell_0033-0,beta,beta,single_batch,0.4509391486644745
1230,11.437259674072266,9.973541259765625,7,human1_lib3.final_cell_0034-0,beta,beta,single_batch,0.3845422863960266
1231,13.81632137298584,9.164505004882812,7,human1_lib3.final_cell_0035-0,beta,beta,single_batch,1.3854987621307373
1232,-5.953942775726318,-8.611992835998535,8,human1_lib3.final_cell_0036-0,delta,delta,single_batch,1.2354391813278198
1233,7.67430305480957,12.129693984985352,7,human1_lib3.final_cell_0037-0,beta,beta,single_batch,0.389151006937027
1234,9.151266098022461,11.780025482177734,7,human1_lib3.final_cell_0038-0,beta,beta,single_batch,0.3845422863960266
1235,11.413195610046387,10.58911418914795,7,human1_lib3.final_cell_0039-0,beta,beta,single_batch,0.3845422863960266
1236,-5.62091064453125,-7.385852336883545,8,human1_lib3.final_cell_0040-0,delta,delta,single_batch,0.6097939610481262
1237,-5.093430042266846,-6.929441452026367,8,human1_lib3.final_cell_0041-0,delta,delta,single_batch,0.5644472241401672
1238,-6.2561187744140625,-8.166271209716797,8,human1_lib3.final_cell_0042-0,delta,delta,single_batch,0.8065675497055054
1239,-9.685498237609863,14.827589988708496,0,human1_lib3.final_cell_0043-0,acinar,acinar,single_batch,2.0376243591308594
1240,9.707845687866211,-6.746196746826172,4,human1_lib3.final_cell_0044-0,ductal,ductal,single_batch,2.288738965988159
1241,-5.4916510581970215,-6.886795997619629,8,human1_lib3.final_cell_0045-0,delta,delta,single_batch,0.4935263991355896
1242,-7.973700523376465,4.587819576263428,3,human1_lib3.final_cell_0046-0,activated_stellate,activated_stellate,single_batch,2.728938341140747
1243,6.732822418212891,13.779356956481934,7,human1_lib3.final_cell_0047-0,beta,beta,single_batch,0.42481306195259094
1244,-6.762977600097656,4.956207752227783,3,human1_lib3.final_cell_0048-0,activated_stellate,activated_stellate,single_batch,2.728938341140747
1245,3.749999523162842,-1.8196830749511719,9,human1_lib3.final_cell_0049-0,alpha,alpha,single_batch,0.5561090111732483
1246,-5.715080261230469,-7.240433692932129,8,human1_lib3.final_cell_0050-0,delta,delta,single_batch,0.7014960646629333
1247,7.24930477142334,12.652762413024902,7,human1_lib3.final_cell_0051-0,beta,beta,single_batch,0.5362644791603088
1248,10.185513496398926,10.304414749145508,7,human1_lib3.final_cell_0052-0,beta,beta,single_batch,0.3845422863960266
1249,4.772223949432373,14.121233940124512,7,human1_lib3.final_cell_0053-0,beta,beta,single_batch,0.40005823969841003
1250,-9.24512004852295,13.98067855834961,0,human1_lib3.final_cell_0054-0,acinar,acinar,single_batch,1.7947700023651123
1251,-5.15364408493042,-8.069433212280273,8,human1_lib3.final_cell_0055-0,delta,delta,single_batch,0.5249424576759338
1252,9.668824195861816,-6.895500659942627,4,human1_lib3.final_cell_0056-0,ductal,ductal,single_batch,1.6479822397232056
1253,6.634509086608887,-11.658071517944336,2,human1_lib3.final_cell_0057-0,macrophage,macrophage,single_batch,2.288738965988159
1254,-4.7107954025268555,-6.86654806137085,8,human1_lib3.final_cell_0058-0,delta,delta,single_batch,0.4883492887020111
1255,8.422626495361328,12.221453666687012,7,human1_lib3.final_cell_0059-0,beta,beta,single_batch,0.4045960009098053
1256,6.930727481842041,13.25970458984375,7,human1_lib3.final_cell_0060-0,beta,beta,single_batch,0.3845422863960266
1257,-4.420280933380127,-7.531795501708984,8,human1_lib3.final_cell_0061-0,delta,delta,single_batch,0.5948438048362732
1258,-5.3419294357299805,-9.105982780456543,8,human1_lib3.final_cell_0062-0,delta,delta,single_batch,0.7894759178161621
1259,9.22295093536377,11.15921401977539,7,human1_lib3.final_cell_0063-0,beta,beta,single_batch,0.40148064494132996
1260,-5.779658794403076,-7.114987373352051,8,human1_lib3.final_cell_0064-0,delta,delta,single_batch,0.4915202856063843
1261,11.431269645690918,11.06892204284668,7,human1_lib3.final_cell_0065-0,beta,beta,single_batch,0.4027531147003174
1262,-4.366579055786133,-7.220265865325928,8,human1_lib3.final_cell_0066-0,delta,delta,single_batch,0.626209557056427
1263,-9.6310396194458,14.848823547363281,0,human1_lib3.final_cell_0067-0,acinar,acinar,single_batch,1.7495388984680176
1264,-4.6188645362854,-8.329212188720703,8,human1_lib3.final_cell_0068-0,delta,delta,single_batch,0.7561334371566772
1265,12.240094184875488,9.344776153564453,7,human1_lib3.final_cell_0069-0,beta,beta,single_batch,0.3845422863960266
1266,-9.512541770935059,14.900595664978027,0,human1_lib3.final_cell_0070-0,acinar,acinar,single_batch,1.6287130117416382
1267,6.764092445373535,13.534405708312988,7,human1_lib3.final_cell_0071-0,beta,beta,single_batch,0.4583287835121155
1268,9.111279487609863,10.481399536132812,7,human1_lib3.final_cell_0072-0,beta,beta,single_batch,0.4218730330467224
1269,10.273418426513672,-7.556171417236328,4,human1_lib3.final_cell_0073-0,ductal,ductal,single_batch,1.7853950262069702
1270,-5.620497226715088,-7.0959882736206055,8,human1_lib3.final_cell_0074-0,delta,delta,single_batch,0.49374738335609436
1271,-5.2611846923828125,-8.269011497497559,8,human1_lib3.final_cell_0075-0,delta,delta,single_batch,0.5587649345397949
1272,9.12891960144043,10.617307662963867,7,human1_lib3.final_cell_0076-0,beta,beta,single_batch,0.3845422863960266
1273,-5.002969264984131,-6.942960262298584,8,human1_lib3.final_cell_0077-0,delta,delta,single_batch,0.5090637803077698
1274,-5.600818634033203,-7.213791370391846,8,human1_lib3.final_cell_0078-0,delta,delta,single_batch,0.6267919540405273
1275,12.415843963623047,9.70429801940918,7,human1_lib3.final_cell_0079-0,beta,beta,single_batch,0.3878004550933838
1276,5.197558879852295,-1.5544928312301636,9,human1_lib3.final_cell_0080-0,alpha,alpha,single_batch,0.580402135848999
1277,10.959473609924316,9.793837547302246,7,human1_lib3.final_cell_0081-0,beta,beta,single_batch,0.3845422863960266
1278,-9.672409057617188,14.809294700622559,0,human1_lib3.final_cell_0082-0,acinar,acinar,single_batch,2.294253349304199
1279,4.018085956573486,-1.9981615543365479,9,human1_lib3.final_cell_0083-0,alpha,alpha,single_batch,0.8562192916870117
1280,6.447189807891846,-1.633207082748413,9,human1_lib3.final_cell_0084-0,alpha,alpha,single_batch,0.4827565550804138
1281,7.0226640701293945,12.96208667755127,7,human1_lib3.final_cell_0085-0,beta,beta,single_batch,0.3845422863960266
1282,13.236388206481934,8.98738956451416,7,human1_lib3.final_cell_0086-0,beta,beta,single_batch,0.398206889629364
1283,12.534690856933594,8.838118553161621,7,human1_lib3.final_cell_0087-0,beta,beta,single_batch,0.3845422863960266
1284,13.588382720947266,8.924415588378906,7,human1_lib3.final_cell_0088-0,beta,beta,single_batch,0.4964093267917633
1285,4.5389485359191895,14.290358543395996,7,human1_lib3.final_cell_0089-0,beta,beta,single_batch,0.3845422863960266
1286,9.289548873901367,12.018818855285645,7,human1_lib3.final_cell_0090-0,beta,beta,single_batch,0.5588926076889038
1287,4.294167995452881,13.514703750610352,7,human1_lib3.final_cell_0091-0,beta,beta,single_batch,0.6942374110221863
1288,9.191566467285156,12.033892631530762,7,human1_lib3.final_cell_0092-0,beta,beta,single_batch,0.3845422863960266
1289,-4.264308929443359,-7.391326904296875,8,human1_lib3.final_cell_0093-0,delta,delta,single_batch,0.549285888671875
1290,7.0574259757995605,13.522785186767578,7,human1_lib3.final_cell_0094-0,beta,beta,single_batch,0.3845422863960266
1291,12.590189933776855,9.441475868225098,7,human1_lib3.final_cell_0095-0,beta,beta,single_batch,0.3845422863960266
1292,-6.606897830963135,-7.611612319946289,8,human1_lib3.final_cell_0096-0,delta,delta,single_batch,0.628526508808136
1293,10.17503833770752,11.415328979492188,7,human1_lib3.final_cell_0097-0,beta,beta,single_batch,0.39378103613853455
1294,10.282318115234375,11.06895923614502,7,human1_lib3.final_cell_0098-0,beta,beta,single_batch,0.3845422863960266
1295,7.592740058898926,13.30005931854248,7,human1_lib3.final_cell_0099-0,beta,beta,single_batch,0.3845422863960266
1296,3.3207509517669678,-1.9688693284988403,9,human1_lib3.final_cell_0100-0,alpha,alpha,single_batch,0.6095172762870789
1297,-4.095893859863281,-7.605771064758301,8,human1_lib3.final_cell_0101-0,delta,delta,single_batch,0.6591776013374329
1298,2.944662570953369,-2.0341222286224365,9,human1_lib3.final_cell_0102-0,alpha,alpha,single_batch,0.7501453757286072
1299,13.857725143432617,9.145011901855469,7,human1_lib3.final_cell_0103-0,beta,beta,single_batch,1.4960240125656128
1300,-5.025975704193115,-6.914602756500244,8,human1_lib3.final_cell_0104-0,delta,delta,single_batch,0.5516272187232971
1301,10.78857421875,12.258345603942871,7,human1_lib3.final_cell_0105-0,beta,beta,single_batch,0.41094863414764404
1302,-7.406762599945068,4.748611927032471,3,human1_lib3.final_cell_0106-0,activated_stellate,activated_stellate,single_batch,2.7054214477539062
1303,5.49458122253418,12.854142189025879,7,human1_lib3.final_cell_0107-0,beta,beta,single_batch,0.6493248343467712
1304,9.231082916259766,10.428010940551758,7,human1_lib3.final_cell_0108-0,beta,beta,single_batch,0.3981911838054657
1305,-5.395971775054932,-8.376112937927246,8,human1_lib3.final_cell_0109-0,delta,delta,single_batch,0.6182408332824707
1306,-6.502135276794434,-7.332705497741699,8,human1_lib3.final_cell_0110-0,delta,delta,single_batch,1.570647954940796
1307,9.991569519042969,-7.3824143409729,4,human1_lib3.final_cell_0111-0,ductal,ductal,single_batch,2.288738965988159
1308,-9.741896629333496,14.657437324523926,0,human1_lib3.final_cell_0112-0,acinar,acinar,single_batch,2.4253878593444824
1309,-8.5946626663208,14.614509582519531,0,human1_lib3.final_cell_0113-0,acinar,acinar,single_batch,1.205349087715149
1310,-6.878072738647461,-7.692254066467285,8,human1_lib3.final_cell_0114-0,delta,delta,single_batch,1.1199729442596436
1311,9.661888122558594,-6.919137954711914,4,human1_lib3.final_cell_0115-0,ductal,ductal,single_batch,2.037928342819214
1312,-4.228275775909424,-7.245050430297852,8,human1_lib3.final_cell_0116-0,delta,delta,single_batch,1.0768260955810547
1313,11.584941864013672,10.275246620178223,7,human1_lib3.final_cell_0117-0,beta,beta,single_batch,0.4094513952732086
1314,10.331012725830078,-7.664326190948486,4,human1_lib3.final_cell_0118-0,ductal,ductal,single_batch,2.100109577178955
1315,6.802755355834961,13.770748138427734,7,human1_lib3.final_cell_0119-0,beta,beta,single_batch,0.3992966115474701
1316,10.712757110595703,12.010567665100098,7,human1_lib3.final_cell_0120-0,beta,beta,single_batch,0.3845422863960266
1317,10.147489547729492,10.210722923278809,7,human1_lib3.final_cell_0121-0,beta,beta,single_batch,0.3845422863960266
1318,11.015063285827637,9.913995742797852,7,human1_lib3.final_cell_0122-0,beta,beta,single_batch,0.3845422863960266
1319,6.039376735687256,-1.6696457862854004,9,human1_lib3.final_cell_0123-0,alpha,alpha,single_batch,0.9173398017883301
1320,7.318910121917725,12.062478065490723,7,human1_lib3.final_cell_0124-0,beta,beta,single_batch,0.4907205402851105
1321,10.110149383544922,11.698627471923828,7,human1_lib3.final_cell_0125-0,beta,beta,single_batch,0.3845422863960266
1322,12.9679536819458,9.05344295501709,7,human1_lib3.final_cell_0126-0,beta,beta,single_batch,0.5676798820495605
1323,7.592612266540527,12.422957420349121,7,human1_lib3.final_cell_0127-0,beta,beta,single_batch,0.3845422863960266
1324,9.05614948272705,11.891871452331543,7,human1_lib3.final_cell_0128-0,beta,beta,single_batch,0.3845422863960266
1325,5.249940395355225,-1.700779676437378,9,human1_lib3.final_cell_0129-0,alpha,alpha,single_batch,0.49777355790138245
1326,-9.131479263305664,14.945293426513672,0,human1_lib3.final_cell_0130-0,acinar,acinar,single_batch,1.4187662601470947
1327,8.549882888793945,12.608762741088867,7,human1_lib3.final_cell_0131-0,beta,beta,single_batch,0.3845422863960266
1328,12.791520118713379,9.444907188415527,7,human1_lib3.final_cell_0132-0,beta,beta,single_batch,0.38550469279289246
1329,3.0528650283813477,13.882697105407715,7,human1_lib3.final_cell_0133-0,beta,beta,single_batch,0.9960923790931702
1330,11.429556846618652,10.346919059753418,7,human1_lib3.final_cell_0134-0,beta,beta,single_batch,0.3845422863960266
1331,-4.757983684539795,-6.680077075958252,8,human1_lib3.final_cell_0135-0,delta,delta,single_batch,0.7972171306610107
1332,11.093279838562012,9.93704891204834,7,human1_lib3.final_cell_0136-0,beta,beta,single_batch,0.40252918004989624
1333,8.03788948059082,11.884261131286621,7,human1_lib3.final_cell_0137-0,beta,beta,single_batch,0.38848164677619934
1334,9.50845718383789,12.256950378417969,7,human1_lib3.final_cell_0138-0,beta,beta,single_batch,0.3845422863960266
1335,-7.694317817687988,4.681936264038086,3,human1_lib3.final_cell_0139-0,activated_stellate,activated_stellate,single_batch,2.728938341140747
1336,7.17819881439209,13.017526626586914,7,human1_lib3.final_cell_0140-0,beta,beta,single_batch,0.4237380623817444
1337,-6.8849873542785645,-7.715237140655518,8,human1_lib3.final_cell_0141-0,delta,delta,single_batch,1.6188302040100098
1338,8.120697975158691,11.592684745788574,7,human1_lib3.final_cell_0142-0,beta,beta,single_batch,0.4393687844276428
1339,-9.649862289428711,14.854931831359863,0,human1_lib3.final_cell_0143-0,acinar,acinar,single_batch,1.8320326805114746
1340,12.384610176086426,8.8571195602417,7,human1_lib3.final_cell_0144-0,beta,beta,single_batch,0.4168652296066284
1341,8.32988166809082,12.941412925720215,7,human1_lib3.final_cell_0145-0,beta,beta,single_batch,0.38654759526252747
1342,-8.021829605102539,4.570261478424072,3,human1_lib3.final_cell_0146-0,activated_stellate,activated_stellate,single_batch,2.2027931213378906
1343,4.049461364746094,-1.8632497787475586,9,human1_lib3.final_cell_0147-0,alpha,alpha,single_batch,0.7363389134407043
1344,11.038178443908691,10.762218475341797,7,human1_lib3.final_cell_0148-0,beta,beta,single_batch,0.3845422863960266
1345,11.8023681640625,9.174243927001953,7,human1_lib3.final_cell_0149-0,beta,beta,single_batch,0.3845422863960266
1346,9.751391410827637,-6.685427188873291,4,human1_lib3.final_cell_0150-0,quiescent_stellate,ductal,single_batch,2.288738965988159
1347,-8.079421997070312,4.538626194000244,3,human1_lib3.final_cell_0151-0,activated_stellate,activated_stellate,single_batch,2.4232823848724365
1348,-9.648285865783691,14.840471267700195,0,human1_lib3.final_cell_0152-0,acinar,acinar,single_batch,1.972945213317871
1349,7.451095104217529,13.281336784362793,7,human1_lib3.final_cell_0153-0,beta,beta,single_batch,0.3936115503311157
1350,4.507434844970703,-1.8307843208312988,9,human1_lib3.final_cell_0154-0,alpha,alpha,single_batch,0.6439292430877686
1351,-4.41170597076416,-8.582481384277344,8,human1_lib3.final_cell_0155-0,delta,delta,single_batch,0.6870867013931274
1352,-7.996470928192139,14.207757949829102,0,human1_lib3.final_cell_0156-0,acinar,acinar,single_batch,1.4470769166946411
1353,10.725648880004883,12.33498477935791,7,human1_lib3.final_cell_0157-0,beta,beta,single_batch,0.48873090744018555
1354,9.619129180908203,11.069329261779785,7,human1_lib3.final_cell_0158-0,beta,beta,single_batch,0.3845422863960266
1355,10.085286140441895,12.665331840515137,7,human1_lib3.final_cell_0159-0,beta,beta,single_batch,0.41959843039512634
1356,10.020926475524902,10.272615432739258,7,human1_lib3.final_cell_0160-0,beta,beta,single_batch,0.4478609263896942
1357,10.246891975402832,-7.575320720672607,4,human1_lib3.final_cell_0161-0,ductal,ductal,single_batch,1.6326385736465454
1358,13.037240982055664,9.194911003112793,7,human1_lib3.final_cell_0162-0,beta,beta,single_batch,0.5949779748916626
1359,-9.205903053283691,14.981045722961426,0,human1_lib3.final_cell_0163-0,acinar,acinar,single_batch,1.4557111263275146
1360,8.255645751953125,12.916510581970215,7,human1_lib3.final_cell_0164-0,beta,beta,single_batch,0.3845422863960266
1361,12.621307373046875,9.3734769821167,7,human1_lib3.final_cell_0165-0,beta,beta,single_batch,0.8146315813064575
1362,9.942721366882324,12.243635177612305,7,human1_lib3.final_cell_0166-0,beta,beta,single_batch,0.3845422863960266
1363,7.410793781280518,12.371933937072754,7,human1_lib3.final_cell_0167-0,beta,beta,single_batch,0.4632798731327057
1364,4.328193187713623,13.470935821533203,7,human1_lib3.final_cell_0168-0,beta,beta,single_batch,0.4751274287700653
1365,7.9502973556518555,12.371273040771484,7,human1_lib3.final_cell_0169-0,beta,beta,single_batch,0.3845422863960266
1366,6.94254732131958,-1.5731853246688843,9,human1_lib3.final_cell_0170-0,alpha,alpha,single_batch,0.6423029899597168
1367,-9.288399696350098,13.984663963317871,0,human1_lib3.final_cell_0171-0,acinar,acinar,single_batch,2.29211688041687
1368,10.783161163330078,11.93315315246582,7,human1_lib3.final_cell_0172-0,beta,beta,single_batch,0.3845422863960266
1369,9.19567584991455,10.4047212600708,7,human1_lib3.final_cell_0173-0,beta,beta,single_batch,0.5446934700012207
1370,6.623834133148193,-1.651265025138855,9,human1_lib3.final_cell_0174-0,alpha,alpha,single_batch,0.6537633538246155
1371,12.422015190124512,9.262171745300293,7,human1_lib3.final_cell_0175-0,beta,beta,single_batch,0.5938740968704224
1372,13.861061096191406,9.090197563171387,7,human1_lib3.final_cell_0176-0,beta,beta,single_batch,0.8402096033096313
1373,-5.520397186279297,-8.794933319091797,8,human1_lib3.final_cell_0177-0,gamma,delta,single_batch,0.8668343424797058
1374,-4.806680679321289,-7.675586223602295,8,human1_lib3.final_cell_0178-0,delta,delta,single_batch,0.5823507308959961
1375,6.632950782775879,-11.658913612365723,2,human1_lib3.final_cell_0179-0,macrophage,macrophage,single_batch,2.288738965988159
1376,3.9396612644195557,-1.9816056489944458,9,human1_lib3.final_cell_0180-0,alpha,alpha,single_batch,0.6563295125961304
1377,-6.029019832611084,-7.057212829589844,8,human1_lib3.final_cell_0181-0,delta,delta,single_batch,0.5336107015609741
1378,3.604778528213501,13.774092674255371,7,human1_lib3.final_cell_0182-0,beta,beta,single_batch,0.5432628989219666
1379,9.939697265625,-6.940947532653809,4,human1_lib3.final_cell_0183-0,ductal,ductal,single_batch,1.6674325466156006
1380,9.619458198547363,-6.942161560058594,4,human1_lib3.final_cell_0184-0,ductal,ductal,single_batch,1.7751264572143555
1381,4.644359588623047,-1.7822355031967163,9,human1_lib3.final_cell_0185-0,alpha,alpha,single_batch,0.4802258610725403
1382,10.257148742675781,11.976271629333496,7,human1_lib3.final_cell_0186-0,beta,beta,single_batch,0.3845422863960266
1383,8.822803497314453,10.646037101745605,7,human1_lib3.final_cell_0187-0,beta,beta,single_batch,0.5052250027656555
1384,-9.0670747756958,14.901008605957031,0,human1_lib3.final_cell_0188-0,acinar,acinar,single_batch,1.3988803625106812
1385,-0.3294588327407837,3.4898762702941895,1,human1_lib3.final_cell_0189-0,endothelial,endothelial,single_batch,2.356671094894409
1386,6.591531753540039,-1.644568920135498,9,human1_lib3.final_cell_0190-0,alpha,alpha,single_batch,0.8203689455986023
1387,-4.4560089111328125,-8.479277610778809,8,human1_lib3.final_cell_0191-0,gamma,delta,single_batch,0.7948803901672363
1388,11.055877685546875,10.932601928710938,7,human1_lib3.final_cell_0192-0,beta,beta,single_batch,0.3845422863960266
1389,-11.302887916564941,-0.09573426842689514,6,human1_lib3.final_cell_0193-0,quiescent_stellate,quiescent_stellate,single_batch,2.5231611728668213
1390,6.751224517822266,13.320929527282715,7,human1_lib3.final_cell_0194-0,beta,beta,single_batch,0.3845422863960266
1391,-4.342729091644287,-8.22354793548584,8,human1_lib3.final_cell_0195-0,delta,delta,single_batch,0.6947215795516968
1392,9.113842010498047,10.493385314941406,7,human1_lib3.final_cell_0196-0,beta,beta,single_batch,0.47333014011383057
1393,9.960161209106445,-7.21512508392334,4,human1_lib3.final_cell_0197-0,ductal,ductal,single_batch,1.627996802330017
1394,8.513838768005371,11.86347484588623,7,human1_lib3.final_cell_0198-0,beta,beta,single_batch,0.3845422863960266
1395,3.273092746734619,-2.0530734062194824,9,human1_lib3.final_cell_0199-0,alpha,alpha,single_batch,0.7172353267669678
1396,5.8273606300354,12.995769500732422,7,human1_lib3.final_cell_0200-0,beta,beta,single_batch,0.5626234412193298
1397,-4.358399391174316,-8.577610969543457,8,human1_lib3.final_cell_0201-0,delta,delta,single_batch,0.90724778175354
1398,9.570151329040527,10.250834465026855,7,human1_lib3.final_cell_0202-0,beta,beta,single_batch,0.5838760733604431
1399,4.092469215393066,-1.9411484003067017,9,human1_lib3.final_cell_0203-0,alpha,alpha,single_batch,0.5738732218742371
1400,-11.079405784606934,-0.1535968780517578,6,human1_lib3.final_cell_0204-0,quiescent_stellate,quiescent_stellate,single_batch,2.5247082710266113
1401,9.785272598266602,-7.312877178192139,4,human1_lib3.final_cell_0205-0,ductal,ductal,single_batch,1.653153896331787
1402,-5.744418144226074,-8.603801727294922,8,human1_lib3.final_cell_0206-0,delta,delta,single_batch,0.8681946992874146
1403,11.036426544189453,10.72139835357666,7,human1_lib3.final_cell_0207-0,beta,beta,single_batch,0.3845422863960266
1404,12.093071937561035,9.397320747375488,7,human1_lib3.final_cell_0208-0,beta,beta,single_batch,0.3845422863960266
1405,-4.9255595207214355,-9.395905494689941,8,human1_lib3.final_cell_0209-0,delta,delta,single_batch,0.7263297438621521
1406,6.895710468292236,-1.5999417304992676,9,human1_lib3.final_cell_0210-0,alpha,alpha,single_batch,0.7227661609649658
1407,8.755617141723633,12.77263069152832,7,human1_lib3.final_cell_0211-0,beta,beta,single_batch,0.3845422863960266
1408,9.020441055297852,12.695562362670898,7,human1_lib3.final_cell_0212-0,beta,beta,single_batch,0.3845422863960266
1409,-4.874557971954346,-8.381800651550293,8,human1_lib3.final_cell_0213-0,delta,delta,single_batch,0.6278948783874512
1410,7.973255157470703,11.988204002380371,7,human1_lib3.final_cell_0214-0,beta,beta,single_batch,0.3845422863960266
1411,8.786758422851562,12.738030433654785,7,human1_lib3.final_cell_0215-0,beta,beta,single_batch,0.3845422863960266
1412,-4.61770486831665,-6.9136152267456055,8,human1_lib3.final_cell_0216-0,delta,delta,single_batch,0.687412440776825
1413,10.394622802734375,-7.599865436553955,4,human1_lib3.final_cell_0217-0,ductal,ductal,single_batch,1.672465443611145
1414,9.853941917419434,-7.016387462615967,4,human1_lib3.final_cell_0218-0,ductal,ductal,single_batch,1.5119074583053589
1415,3.200258255004883,13.840124130249023,7,human1_lib3.final_cell_0219-0,beta,beta,single_batch,0.5292729735374451
1416,8.275737762451172,13.343987464904785,7,human1_lib3.final_cell_0220-0,beta,beta,single_batch,0.3845422863960266
1417,9.081175804138184,11.864007949829102,7,human1_lib3.final_cell_0221-0,beta,beta,single_batch,0.3845422863960266
1418,8.367008209228516,13.486398696899414,7,human1_lib3.final_cell_0222-0,beta,beta,single_batch,0.384919673204422
1419,-0.23433825373649597,3.517354726791382,1,human1_lib3.final_cell_0223-0,endothelial,endothelial,single_batch,2.356671094894409
1420,11.442057609558105,10.423908233642578,7,human1_lib3.final_cell_0224-0,beta,beta,single_batch,0.4535713493824005
1421,7.57723331451416,12.594510078430176,7,human1_lib3.final_cell_0225-0,beta,beta,single_batch,0.3845422863960266
1422,4.513887882232666,-1.833230972290039,9,human1_lib3.final_cell_0226-0,alpha,alpha,single_batch,0.48878002166748047
1423,6.112573146820068,12.684993743896484,7,human1_lib3.final_cell_0227-0,beta,beta,single_batch,0.5179587602615356
1424,11.801901817321777,10.193739891052246,7,human1_lib3.final_cell_0228-0,beta,beta,single_batch,0.3845422863960266
1425,6.851950645446777,-1.548326015472412,9,human1_lib3.final_cell_0229-0,alpha,alpha,single_batch,0.7201535105705261
1426,8.965054512023926,11.351297378540039,7,human1_lib3.final_cell_0230-0,beta,beta,single_batch,0.3845422863960266
1427,-8.011125564575195,14.309746742248535,0,human1_lib3.final_cell_0231-0,acinar,acinar,single_batch,1.289032220840454
1428,-6.039289474487305,-8.386333465576172,8,human1_lib3.final_cell_0232-0,delta,delta,single_batch,1.0574077367782593
1429,7.719967365264893,12.569273948669434,7,human1_lib3.final_cell_0233-0,beta,beta,single_batch,0.3845422863960266
1430,9.942584037780762,11.558839797973633,7,human1_lib3.final_cell_0234-0,beta,beta,single_batch,0.3845422863960266
1431,9.794821739196777,-7.267397403717041,4,human1_lib3.final_cell_0235-0,ductal,ductal,single_batch,1.5291354656219482
1432,11.085597038269043,-7.207553863525391,4,human1_lib3.final_cell_0236-0,ductal,ductal,single_batch,2.288738965988159
1433,3.397261381149292,13.824187278747559,7,human1_lib3.final_cell_0237-0,beta,beta,single_batch,0.5296626687049866
1434,7.1527533531188965,-1.5889999866485596,9,human1_lib3.final_cell_0238-0,alpha,alpha,single_batch,1.4038468599319458
1435,9.251365661621094,11.372344017028809,7,human1_lib3.final_cell_0239-0,beta,beta,single_batch,0.3845422863960266
1436,12.568702697753906,8.979676246643066,7,human1_lib3.final_cell_0240-0,beta,beta,single_batch,0.415458083152771
1437,9.967371940612793,-7.303098678588867,4,human1_lib3.final_cell_0241-0,ductal,ductal,single_batch,2.1656816005706787
1438,6.888873100280762,-1.577601671218872,9,human1_lib3.final_cell_0242-0,alpha,alpha,single_batch,0.6450015902519226
1439,-8.04228687286377,4.554739952087402,3,human1_lib3.final_cell_0243-0,activated_stellate,activated_stellate,single_batch,2.1751251220703125
1440,10.78832721710205,11.722270011901855,7,human1_lib3.final_cell_0244-0,beta,beta,single_batch,0.3972477614879608
1441,5.06609582901001,-1.5974231958389282,9,human1_lib3.final_cell_0245-0,alpha,alpha,single_batch,0.7312427163124084
1442,10.074986457824707,-7.477827548980713,4,human1_lib3.final_cell_0246-0,ductal,ductal,single_batch,1.62832772731781
1443,-4.900416374206543,-6.889630317687988,8,human1_lib3.final_cell_0247-0,delta,delta,single_batch,0.4903516471385956
1444,6.527479648590088,-1.5897889137268066,9,human1_lib3.final_cell_0248-0,alpha,alpha,single_batch,0.5206447839736938
1445,-5.34715461730957,-10.15528678894043,8,human1_lib3.final_cell_0249-0,gamma,delta,single_batch,0.9150152802467346
1446,13.205362319946289,9.155003547668457,7,human1_lib3.final_cell_0250-0,beta,beta,single_batch,0.3895767033100128
1447,-6.955467224121094,4.8947062492370605,3,human1_lib3.final_cell_0251-0,activated_stellate,activated_stellate,single_batch,2.728938341140747
1448,10.63374137878418,-6.962421417236328,4,human1_lib3.final_cell_0252-0,ductal,ductal,single_batch,1.997965931892395
1449,-5.423691272735596,-10.782235145568848,8,human1_lib3.final_cell_0253-0,beta,delta,single_batch,1.2637706995010376
1450,5.670620918273926,13.608353614807129,7,human1_lib3.final_cell_0254-0,beta,beta,single_batch,0.3845422863960266
1451,-7.7205939292907715,4.6837873458862305,3,human1_lib3.final_cell_0255-0,activated_stellate,activated_stellate,single_batch,2.70786190032959
1452,10.73351764678955,9.926705360412598,7,human1_lib3.final_cell_0256-0,beta,beta,single_batch,0.3845422863960266
1453,-5.295842170715332,-6.792207717895508,8,human1_lib3.final_cell_0257-0,delta,delta,single_batch,0.5095824003219604
1454,-6.983256816864014,4.866438388824463,3,human1_lib3.final_cell_0258-0,activated_stellate,activated_stellate,single_batch,2.728938341140747
1455,13.078529357910156,8.896527290344238,7,human1_lib3.final_cell_0259-0,beta,beta,single_batch,0.9780651330947876
1456,-4.416455268859863,-7.721988201141357,8,human1_lib3.final_cell_0260-0,gamma,delta,single_batch,0.7590112090110779
1457,11.652862548828125,11.17879581451416,7,human1_lib3.final_cell_0261-0,beta,beta,single_batch,0.3845422863960266
1458,13.7674560546875,8.988761901855469,7,human1_lib3.final_cell_0262-0,beta,beta,single_batch,0.4870395064353943
1459,7.911120891571045,13.410802841186523,7,human1_lib3.final_cell_0263-0,beta,beta,single_batch,0.49244025349617004
1460,-5.7529377937316895,-6.970747947692871,8,human1_lib3.final_cell_0264-0,delta,delta,single_batch,0.49830442667007446
1461,10.800849914550781,11.63455867767334,7,human1_lib3.final_cell_0265-0,beta,beta,single_batch,0.4046347737312317
1462,4.9325408935546875,14.014076232910156,7,human1_lib3.final_cell_0266-0,beta,beta,single_batch,0.3845422863960266
1463,3.5492300987243652,-1.9478737115859985,9,human1_lib3.final_cell_0267-0,alpha,alpha,single_batch,0.6135147213935852
1464,13.277595520019531,9.217878341674805,7,human1_lib3.final_cell_0268-0,beta,beta,single_batch,0.4087509214878082
1465,5.37246561050415,-1.6215871572494507,9,human1_lib3.final_cell_0269-0,alpha,alpha,single_batch,0.46654775738716125
1466,-4.52205228805542,-7.497819900512695,8,human1_lib3.final_cell_0270-0,epsilon,delta,single_batch,0.9524009823799133
1467,-6.997354507446289,4.8492536544799805,3,human1_lib3.final_cell_0271-0,activated_stellate,activated_stellate,single_batch,2.728938341140747
1468,13.930999755859375,9.040372848510742,7,human1_lib3.final_cell_0272-0,beta,beta,single_batch,1.3089617490768433
1469,5.669349193572998,-1.6483056545257568,9,human1_lib3.final_cell_0273-0,alpha,alpha,single_batch,0.49610966444015503
1470,10.661270141601562,-6.974891185760498,4,human1_lib3.final_cell_0274-0,ductal,ductal,single_batch,1.5730538368225098
1471,5.398566722869873,-1.643309473991394,9,human1_lib3.final_cell_0275-0,alpha,alpha,single_batch,0.44828417897224426
1472,11.032120704650879,11.67724895477295,7,human1_lib3.final_cell_0276-0,beta,beta,single_batch,0.3845422863960266
1473,11.186079025268555,10.664090156555176,7,human1_lib3.final_cell_0277-0,beta,beta,single_batch,0.3845422863960266
1474,-6.880960941314697,-7.652462482452393,8,human1_lib3.final_cell_0278-0,delta,delta,single_batch,1.0130352973937988
1475,10.211858749389648,-7.6382155418396,4,human1_lib3.final_cell_0279-0,ductal,ductal,single_batch,2.2076284885406494
1476,5.8103227615356445,13.671399116516113,7,human1_lib3.final_cell_0280-0,beta,beta,single_batch,0.40025952458381653
1477,6.10184383392334,-1.6750532388687134,9,human1_lib3.final_cell_0281-0,alpha,alpha,single_batch,0.6652554869651794
1478,-4.236722946166992,-7.40955924987793,8,human1_lib3.final_cell_0282-0,delta,delta,single_batch,0.7116260528564453
1479,9.719080924987793,12.441089630126953,7,human1_lib3.final_cell_0283-0,beta,beta,single_batch,0.3845422863960266
1480,6.927797794342041,13.721396446228027,7,human1_lib3.final_cell_0284-0,beta,beta,single_batch,0.3845422863960266
1481,10.294975280761719,10.187311172485352,7,human1_lib3.final_cell_0285-0,beta,beta,single_batch,0.3845422863960266
1482,11.653148651123047,10.742829322814941,7,human1_lib3.final_cell_0286-0,beta,beta,single_batch,0.3845422863960266
1483,3.1270129680633545,13.923487663269043,7,human1_lib3.final_cell_0287-0,beta,beta,single_batch,0.7170568704605103
1484,-8.067988395690918,4.549736499786377,3,human1_lib3.final_cell_0288-0,activated_stellate,activated_stellate,single_batch,2.728938341140747
1485,6.791064262390137,-1.604870080947876,9,human1_lib3.final_cell_0289-0,alpha,alpha,single_batch,0.6634976267814636
1486,10.496387481689453,11.47062873840332,7,human1_lib3.final_cell_0290-0,beta,beta,single_batch,0.43014559149742126
1487,9.836572647094727,-7.27895450592041,4,human1_lib3.final_cell_0291-0,ductal,ductal,single_batch,1.4886744022369385
1488,-4.71826696395874,-6.950759410858154,8,human1_lib3.final_cell_0292-0,delta,delta,single_batch,0.5002874135971069
1489,5.177820682525635,-1.6964342594146729,9,human1_lib3.final_cell_0293-0,alpha,alpha,single_batch,0.48359909653663635
1490,5.164454936981201,-1.5397217273712158,9,human1_lib3.final_cell_0294-0,alpha,alpha,single_batch,0.7797088027000427
1491,11.942042350769043,9.733768463134766,7,human1_lib3.final_cell_0295-0,beta,beta,single_batch,0.3944377601146698
1492,4.024051666259766,14.301427841186523,7,human1_lib3.final_cell_0296-0,beta,beta,single_batch,0.48212558031082153
1493,13.886224746704102,9.036423683166504,7,human1_lib3.final_cell_0297-0,beta,beta,single_batch,1.1723287105560303
1494,-5.616113185882568,-7.382043838500977,8,human1_lib3.final_cell_0298-0,delta,delta,single_batch,0.4793098270893097
1495,3.688157796859741,-2.0725595951080322,9,human1_lib3.final_cell_0299-0,alpha,alpha,single_batch,1.441591501235962
1496,11.921314239501953,10.682317733764648,7,human1_lib3.final_cell_0300-0,beta,beta,single_batch,0.408932626247406
1497,7.0224151611328125,12.771411895751953,7,human1_lib3.final_cell_0301-0,beta,beta,single_batch,0.44291457533836365
1498,11.84953784942627,9.35251522064209,7,human1_lib3.final_cell_0302-0,beta,beta,single_batch,0.3845422863960266
1499,6.047962665557861,13.818390846252441,7,human1_lib3.final_cell_0303-0,beta,beta,single_batch,0.3845422863960266
1500,3.7679712772369385,13.65524959564209,7,human1_lib3.final_cell_0304-0,beta,beta,single_batch,0.519022524356842
1501,-5.502275466918945,-7.449469566345215,8,human1_lib3.final_cell_0305-0,delta,delta,single_batch,0.5176653861999512
1502,3.9775052070617676,14.22691535949707,7,human1_lib3.final_cell_0306-0,beta,beta,single_batch,0.40946441888809204
1503,9.47435188293457,11.80543041229248,7,human1_lib3.final_cell_0307-0,beta,beta,single_batch,0.3941637873649597
1504,9.906943321228027,12.366372108459473,7,human1_lib3.final_cell_0308-0,beta,beta,single_batch,0.3845422863960266
1505,4.451021194458008,-1.8241691589355469,9,human1_lib3.final_cell_0309-0,alpha,alpha,single_batch,0.49945229291915894
1506,10.824067115783691,11.8914794921875,7,human1_lib3.final_cell_0310-0,beta,beta,single_batch,0.45804429054260254
1507,-5.261655807495117,-10.357264518737793,8,human1_lib3.final_cell_0311-0,gamma,delta,single_batch,1.0142033100128174
1508,6.025951862335205,13.813475608825684,7,human1_lib3.final_cell_0312-0,beta,beta,single_batch,0.3845422863960266
1509,-7.99946928024292,4.58322811126709,3,human1_lib3.final_cell_0313-0,activated_stellate,activated_stellate,single_batch,2.728938341140747
1510,8.822293281555176,11.16907024383545,7,human1_lib3.final_cell_0314-0,beta,beta,single_batch,0.41350674629211426
1511,4.84334659576416,-1.749385952949524,9,human1_lib3.final_cell_0315-0,alpha,alpha,single_batch,0.5872942209243774
1512,2.0176920890808105,-2.49684739112854,9,human1_lib3.final_cell_0316-0,alpha,alpha,single_batch,1.1641204357147217
1513,3.5189905166625977,13.828821182250977,7,human1_lib3.final_cell_0317-0,beta,beta,single_batch,0.492372065782547
1514,6.922659397125244,12.57198429107666,7,human1_lib3.final_cell_0318-0,beta,beta,single_batch,0.4254904091358185
1515,-5.203407287597656,-8.418902397155762,8,human1_lib3.final_cell_0319-0,delta,delta,single_batch,0.7242807745933533
1516,9.219988822937012,11.850970268249512,7,human1_lib3.final_cell_0320-0,beta,beta,single_batch,0.3845422863960266
1517,5.379214763641357,12.908512115478516,7,human1_lib3.final_cell_0321-0,beta,beta,single_batch,0.4551392197608948
1518,7.207705974578857,12.534282684326172,7,human1_lib3.final_cell_0322-0,beta,beta,single_batch,0.45210111141204834
1519,10.092192649841309,11.655436515808105,7,human1_lib3.final_cell_0323-0,beta,beta,single_batch,0.41361701488494873
1520,10.49284839630127,10.987093925476074,7,human1_lib3.final_cell_0324-0,beta,beta,single_batch,0.3845422863960266
1521,6.891021728515625,13.991486549377441,7,human1_lib3.final_cell_0325-0,beta,beta,single_batch,0.40429794788360596
1522,-10.428171157836914,0.1658908724784851,6,human1_lib3.final_cell_0326-0,quiescent_stellate,quiescent_stellate,single_batch,2.5247082710266113
1523,9.87968921661377,-7.222653865814209,4,human1_lib3.final_cell_0327-0,ductal,ductal,single_batch,1.467227816581726
1524,10.619158744812012,-6.875326633453369,4,human1_lib3.final_cell_0328-0,ductal,ductal,single_batch,1.617872953414917
1525,-6.029617786407471,-8.435409545898438,8,human1_lib3.final_cell_0329-0,delta,delta,single_batch,0.9087175726890564
1526,-5.103631496429443,-10.233473777770996,8,human1_lib3.final_cell_0330-0,alpha,delta,single_batch,1.3616042137145996
1527,9.14051342010498,10.671701431274414,7,human1_lib3.final_cell_0331-0,beta,beta,single_batch,0.6924005746841431
1528,10.54871654510498,11.757101058959961,7,human1_lib3.final_cell_0332-0,beta,beta,single_batch,0.4153600335121155
1529,12.752406120300293,9.407806396484375,7,human1_lib3.final_cell_0333-0,beta,beta,single_batch,0.3845422863960266
1530,8.882942199707031,12.675148010253906,7,human1_lib3.final_cell_0334-0,beta,beta,single_batch,0.3877435028553009
1531,3.8173065185546875,13.721452713012695,7,human1_lib3.final_cell_0335-0,beta,beta,single_batch,0.6807912588119507
1532,7.62432336807251,12.192106246948242,7,human1_lib3.final_cell_0336-0,beta,beta,single_batch,0.3845422863960266
1533,-4.563955783843994,-9.127371788024902,8,human1_lib3.final_cell_0337-0,gamma,delta,single_batch,0.8024330735206604
1534,9.97952651977539,11.298079490661621,7,human1_lib3.final_cell_0338-0,beta,beta,single_batch,0.3845422863960266
1535,3.0467851161956787,13.852657318115234,7,human1_lib3.final_cell_0339-0,beta,beta,single_batch,0.7552607655525208
1536,-5.808194637298584,-8.601495742797852,8,human1_lib3.final_cell_0340-0,gamma,delta,single_batch,1.057665228843689
1537,-5.536315441131592,-10.112162590026855,8,human1_lib3.final_cell_0341-0,alpha,delta,single_batch,0.9484251737594604
1538,4.295668601989746,14.325011253356934,7,human1_lib3.final_cell_0342-0,beta,beta,single_batch,0.411342054605484
1539,3.892368793487549,-1.9775657653808594,9,human1_lib3.final_cell_0343-0,alpha,alpha,single_batch,0.5915729999542236
1540,2.747441530227661,-2.1285197734832764,9,human1_lib3.final_cell_0344-0,alpha,alpha,single_batch,0.6655535697937012
1541,8.920416831970215,11.542806625366211,7,human1_lib3.final_cell_0345-0,beta,beta,single_batch,0.45512017607688904
1542,-4.932437896728516,-9.414682388305664,8,human1_lib3.final_cell_0346-0,delta,delta,single_batch,0.7822738885879517
1543,9.199460983276367,11.891820907592773,7,human1_lib3.final_cell_0347-0,beta,beta,single_batch,0.3845422863960266
1544,11.840926170349121,9.989437103271484,7,human1_lib3.final_cell_0348-0,beta,beta,single_batch,0.5183849334716797
1545,7.893522262573242,13.35307502746582,7,human1_lib3.final_cell_0349-0,beta,beta,single_batch,0.5071336030960083
1546,8.214875221252441,12.303483009338379,7,human1_lib3.final_cell_0350-0,beta,beta,single_batch,0.3845422863960266
1547,-1.1181252002716064,4.9048566818237305,1,human1_lib3.final_cell_0351-0,endothelial,endothelial,single_batch,2.356671094894409
1548,11.622870445251465,10.259442329406738,7,human1_lib3.final_cell_0352-0,beta,beta,single_batch,0.40419426560401917
1549,-10.443780899047852,0.13719578087329865,6,human1_lib3.final_cell_0353-0,quiescent_stellate,quiescent_stellate,single_batch,2.5177102088928223
1550,12.11853313446045,10.542854309082031,7,human1_lib3.final_cell_0354-0,beta,beta,single_batch,0.41689082980155945
1551,12.087353706359863,9.181442260742188,7,human1_lib3.final_cell_0355-0,beta,beta,single_batch,0.8035420775413513
1552,6.580090045928955,-1.6734200716018677,9,human1_lib3.final_cell_0356-0,alpha,alpha,single_batch,0.7025313973426819
1553,10.658540725708008,-7.088461399078369,4,human1_lib3.final_cell_0357-0,ductal,ductal,single_batch,1.6491512060165405
1554,12.788029670715332,9.515477180480957,7,human1_lib3.final_cell_0358-0,beta,beta,single_batch,0.48874449729919434
1555,4.508587837219238,13.553760528564453,7,human1_lib3.final_cell_0359-0,beta,beta,single_batch,0.4414209723472595
1556,-4.8365020751953125,-9.272440910339355,8,human1_lib3.final_cell_0360-0,gamma,delta,single_batch,0.8767078518867493
1557,2.928189277648926,-2.0910966396331787,9,human1_lib3.final_cell_0361-0,alpha,alpha,single_batch,0.5837063193321228
1558,-4.774434566497803,-9.635683059692383,8,human1_lib3.final_cell_0362-0,gamma,delta,single_batch,1.008947730064392
1559,13.157440185546875,9.290321350097656,7,human1_lib3.final_cell_0363-0,beta,beta,single_batch,0.6322565078735352
1560,11.078222274780273,10.593584060668945,7,human1_lib3.final_cell_0364-0,beta,beta,single_batch,0.41720396280288696
1561,3.5350069999694824,-1.8736618757247925,9,human1_lib3.final_cell_0365-0,alpha,alpha,single_batch,0.6960839033126831
1562,10.644766807556152,-6.392335414886475,4,human1_lib3.final_cell_0366-0,alpha,ductal,single_batch,2.288738965988159
1563,10.607595443725586,-6.314210414886475,4,human1_lib3.final_cell_0367-0,ductal,ductal,single_batch,2.288738965988159
1564,7.050031661987305,13.037585258483887,7,human1_lib3.final_cell_0368-0,beta,beta,single_batch,0.45532989501953125
1565,5.148437976837158,-1.62216317653656,9,human1_lib3.final_cell_0369-0,alpha,alpha,single_batch,0.7427310943603516
1566,12.359185218811035,9.867637634277344,7,human1_lib3.final_cell_0370-0,beta,beta,single_batch,0.3863493800163269
1567,-6.828778266906738,-7.663130283355713,8,human1_lib3.final_cell_0371-0,delta,delta,single_batch,1.0655698776245117
1568,10.606307029724121,-7.510965347290039,4,human1_lib3.final_cell_0372-0,ductal,ductal,single_batch,1.7264480590820312
1569,11.322972297668457,10.50626277923584,7,human1_lib3.final_cell_0373-0,beta,beta,single_batch,0.4817524552345276
1570,9.26399040222168,11.442038536071777,7,human1_lib3.final_cell_0374-0,beta,beta,single_batch,0.3845422863960266
1571,7.5708088874816895,13.470532417297363,7,human1_lib3.final_cell_0375-0,beta,beta,single_batch,0.4112008213996887
1572,7.139172554016113,13.5042085647583,7,human1_lib3.final_cell_0376-0,beta,beta,single_batch,0.42474400997161865
1573,10.615995407104492,11.207613945007324,7,human1_lib3.final_cell_0377-0,beta,beta,single_batch,0.3845422863960266
1574,4.040788650512695,13.957979202270508,7,human1_lib3.final_cell_0378-0,beta,beta,single_batch,0.42351603507995605
1575,11.011561393737793,-7.245583534240723,4,human1_lib3.final_cell_0379-0,ductal,ductal,single_batch,1.7182928323745728
1576,4.089693069458008,13.585765838623047,7,human1_lib3.final_cell_0380-0,beta,beta,single_batch,0.4695720374584198
1577,-5.620621681213379,-11.108227729797363,8,human1_lib3.final_cell_0381-0,alpha,delta,single_batch,1.0408718585968018
1578,8.784721374511719,11.344006538391113,7,human1_lib3.final_cell_0382-0,beta,beta,single_batch,0.5691151022911072
1579,6.938892841339111,13.76340103149414,7,human1_lib3.final_cell_0383-0,beta,beta,single_batch,0.5655969381332397
1580,6.894801616668701,-1.5849140882492065,9,human1_lib3.final_cell_0384-0,alpha,alpha,single_batch,0.5449017286300659
1581,-8.595020294189453,14.009653091430664,0,human1_lib3.final_cell_0385-0,acinar,acinar,single_batch,1.6366082429885864
1582,-8.336908340454102,14.227540016174316,0,human1_lib3.final_cell_0386-0,acinar,acinar,single_batch,1.2529798746109009
1583,10.883663177490234,12.248544692993164,7,human1_lib3.final_cell_0387-0,beta,beta,single_batch,0.5180721282958984
1584,12.009162902832031,9.503120422363281,7,human1_lib3.final_cell_0388-0,beta,beta,single_batch,0.3845422863960266
1585,5.800809860229492,12.962878227233887,7,human1_lib3.final_cell_0389-0,beta,beta,single_batch,0.4853834807872772
1586,6.603098392486572,-1.6118078231811523,9,human1_lib3.final_cell_0390-0,alpha,alpha,single_batch,0.5840432047843933
1587,7.126088619232178,-1.5918145179748535,9,human1_lib3.final_cell_0391-0,alpha,alpha,single_batch,0.8046171069145203
1588,5.045951843261719,-1.6213997602462769,9,human1_lib3.final_cell_0392-0,alpha,alpha,single_batch,0.5872225165367126
1589,4.37978458404541,-1.8474642038345337,9,human1_lib3.final_cell_0393-0,alpha,alpha,single_batch,0.5190662145614624
1590,3.9845290184020996,13.640164375305176,7,human1_lib3.final_cell_0394-0,beta,beta,single_batch,0.44027984142303467
1591,4.4116082191467285,-1.836660623550415,9,human1_lib3.final_cell_0395-0,alpha,alpha,single_batch,0.6826804280281067
1592,4.288173675537109,14.548185348510742,7,human1_lib3.final_cell_0396-0,beta,beta,single_batch,0.47183510661125183
1593,6.570099830627441,-1.5996818542480469,9,human1_lib3.final_cell_0397-0,alpha,alpha,single_batch,0.5968856811523438
1594,11.915801048278809,9.33630657196045,7,human1_lib3.final_cell_0398-0,beta,beta,single_batch,0.3845422863960266
1595,7.7237677574157715,12.349129676818848,7,human1_lib3.final_cell_0399-0,beta,beta,single_batch,0.4461551010608673
1596,10.390769004821777,9.891810417175293,7,human1_lib3.final_cell_0400-0,beta,beta,single_batch,0.5363906621932983
1597,3.706881046295166,-2.0728204250335693,9,human1_lib3.final_cell_0401-0,alpha,alpha,single_batch,0.8489969968795776
1598,-4.773221015930176,-7.117636203765869,8,human1_lib3.final_cell_0402-0,delta,delta,single_batch,0.47969087958335876
1599,5.38714599609375,-1.7056243419647217,9,human1_lib3.final_cell_0403-0,alpha,alpha,single_batch,0.49705827236175537
1600,11.69694995880127,11.008060455322266,7,human1_lib3.final_cell_0404-0,beta,beta,single_batch,0.3845422863960266
1601,12.196707725524902,9.216147422790527,7,human1_lib3.final_cell_0405-0,beta,beta,single_batch,0.4211030900478363
1602,10.209856033325195,12.227554321289062,7,human1_lib3.final_cell_0406-0,beta,beta,single_batch,0.45670995116233826
1603,1.8582878112792969,-2.615121603012085,9,human1_lib3.final_cell_0407-0,alpha,alpha,single_batch,1.4339113235473633
1604,-4.521953582763672,-9.062601089477539,8,human1_lib3.final_cell_0408-0,gamma,delta,single_batch,0.9702048897743225
1605,-9.452848434448242,14.552176475524902,0,human1_lib3.final_cell_0409-0,acinar,acinar,single_batch,1.653385877609253
1606,11.659977912902832,10.044351577758789,7,human1_lib3.final_cell_0410-0,beta,beta,single_batch,0.3845422863960266
1607,10.749884605407715,-7.353348255157471,4,human1_lib3.final_cell_0411-0,ductal,ductal,single_batch,1.6833387613296509
1608,-5.86875057220459,-6.99981689453125,8,human1_lib3.final_cell_0412-0,delta,delta,single_batch,0.5517184138298035
1609,13.470232009887695,8.995933532714844,7,human1_lib3.final_cell_0413-0,beta,beta,single_batch,0.4708849787712097
1610,9.882406234741211,-7.347504615783691,4,human1_lib3.final_cell_0414-0,ductal,ductal,single_batch,1.585108995437622
1611,-5.323538780212402,-7.608035087585449,8,human1_lib3.final_cell_0415-0,gamma,delta,single_batch,1.5597903728485107
1612,11.540018081665039,10.37590503692627,7,human1_lib3.final_cell_0416-0,beta,beta,single_batch,0.7810826301574707
1613,-10.414305686950684,0.16153576970100403,6,human1_lib3.final_cell_0417-0,quiescent_stellate,quiescent_stellate,single_batch,2.5247082710266113
1614,10.468887329101562,-6.359795570373535,4,human1_lib3.final_cell_0418-0,ductal,ductal,single_batch,2.133517026901245
1615,-5.150960445404053,-7.8314619064331055,8,human1_lib3.final_cell_0419-0,delta,delta,single_batch,0.5724149346351624
1616,-5.098639488220215,-9.447709083557129,8,human1_lib3.final_cell_0420-0,gamma,delta,single_batch,0.7140886783599854
1617,13.908987998962402,9.03001880645752,7,human1_lib3.final_cell_0421-0,beta,beta,single_batch,0.8786376714706421
1618,10.116941452026367,11.766890525817871,7,human1_lib3.final_cell_0422-0,beta,beta,single_batch,0.3845422863960266
1619,3.94573974609375,14.258121490478516,7,human1_lib3.final_cell_0423-0,beta,beta,single_batch,0.3981289267539978
1620,-5.278016567230225,-10.326435089111328,8,human1_lib3.final_cell_0424-0,gamma,delta,single_batch,0.9571537971496582
1621,10.198734283447266,-6.654647350311279,4,human1_lib3.final_cell_0425-0,ductal,ductal,single_batch,1.7101142406463623
1622,6.1673502922058105,-1.5537831783294678,9,human1_lib3.final_cell_0426-0,alpha,alpha,single_batch,0.5142600536346436
1623,-9.1268949508667,13.818857192993164,0,human1_lib3.final_cell_0427-0,acinar,acinar,single_batch,2.3385965824127197
1624,9.842885971069336,-7.191734790802002,4,human1_lib3.final_cell_0428-0,ductal,ductal,single_batch,1.4439315795898438
1625,0.11230967938899994,4.788290977478027,1,human1_lib3.final_cell_0429-0,endothelial,endothelial,single_batch,1.971008539199829
1626,2.4804580211639404,-2.2158043384552,9,human1_lib3.final_cell_0430-0,alpha,alpha,single_batch,0.6605343818664551
1627,-1.0630838871002197,5.045650959014893,1,human1_lib3.final_cell_0431-0,endothelial,endothelial,single_batch,2.356671094894409
1628,9.585453033447266,12.523176193237305,7,human1_lib3.final_cell_0432-0,beta,beta,single_batch,0.38481375575065613
1629,7.229732513427734,12.951674461364746,7,human1_lib3.final_cell_0433-0,beta,beta,single_batch,0.3845422863960266
1630,7.204591751098633,12.611750602722168,7,human1_lib3.final_cell_0434-0,beta,beta,single_batch,0.4386177361011505
1631,12.196431159973145,8.93227481842041,7,human1_lib3.final_cell_0435-0,beta,beta,single_batch,0.3845422863960266
1632,4.648916244506836,-1.750877022743225,9,human1_lib3.final_cell_0436-0,alpha,alpha,single_batch,0.5042964220046997
1633,3.094697952270508,13.823928833007812,7,human1_lib3.final_cell_0437-0,beta,beta,single_batch,0.6041244864463806
1634,10.483660697937012,-6.352920055389404,4,human1_lib3.final_cell_0438-0,ductal,ductal,single_batch,2.0707411766052246
1635,10.6272611618042,-6.922277450561523,4,human1_lib3.final_cell_0439-0,ductal,ductal,single_batch,1.7930418252944946
1636,8.959211349487305,12.915733337402344,7,human1_lib3.final_cell_0440-0,beta,beta,single_batch,0.3845422863960266
1637,9.772807121276855,12.437450408935547,7,human1_lib3.final_cell_0441-0,beta,beta,single_batch,0.3845422863960266
1638,-5.568197250366211,-10.80457592010498,8,human1_lib3.final_cell_0442-0,gamma,delta,single_batch,0.938581645488739
1639,3.4029486179351807,13.833640098571777,7,human1_lib3.final_cell_0443-0,beta,beta,single_batch,0.5435304045677185
1640,-11.497434616088867,0.2931137979030609,6,human1_lib3.final_cell_0444-0,quiescent_stellate,quiescent_stellate,single_batch,2.03670334815979
1641,10.390700340270996,-7.613780975341797,4,human1_lib3.final_cell_0445-0,ductal,ductal,single_batch,1.7062597274780273
1642,3.913597583770752,13.745594024658203,7,human1_lib3.final_cell_0446-0,beta,beta,single_batch,0.6767033934593201
1643,-8.361908912658691,13.881746292114258,0,human1_lib3.final_cell_0447-0,acinar,acinar,single_batch,1.4510736465454102
1644,9.79178237915039,-7.273406982421875,4,human1_lib3.final_cell_0448-0,ductal,ductal,single_batch,1.6872787475585938
1645,-0.6245248317718506,5.153877258300781,1,human1_lib3.final_cell_0449-0,endothelial,endothelial,single_batch,2.356671094894409
1646,-8.975415229797363,13.966941833496094,0,human1_lib3.final_cell_0450-0,acinar,acinar,single_batch,1.6489392518997192
1647,3.3654935359954834,-2.0756373405456543,9,human1_lib3.final_cell_0451-0,gamma,alpha,single_batch,0.9719047546386719
1648,4.0268425941467285,14.189607620239258,7,human1_lib3.final_cell_0452-0,beta,beta,single_batch,0.3845422863960266
1649,4.616595268249512,13.933267593383789,7,human1_lib3.final_cell_0453-0,beta,beta,single_batch,0.7188385128974915
1650,-10.436161994934082,0.17819690704345703,6,human1_lib3.final_cell_0454-0,quiescent_stellate,quiescent_stellate,single_batch,2.5247082710266113
1651,7.401023864746094,13.1487455368042,7,human1_lib3.final_cell_0455-0,beta,beta,single_batch,0.3845422863960266
1652,3.496575117111206,13.755867958068848,7,human1_lib3.final_cell_0456-0,beta,beta,single_batch,0.5122005343437195
1653,-6.929227828979492,-7.532509803771973,8,human1_lib3.final_cell_0457-0,epsilon,delta,single_batch,1.6654826402664185
1654,7.5426859855651855,13.754268646240234,7,human1_lib3.final_cell_0458-0,beta,beta,single_batch,0.42772719264030457
1655,6.151978969573975,-1.6043294668197632,9,human1_lib3.final_cell_0459-0,alpha,alpha,single_batch,0.5220305919647217
1656,3.246015787124634,-2.0843303203582764,9,human1_lib3.final_cell_0460-0,alpha,alpha,single_batch,0.6476056575775146
1657,-5.504834175109863,-6.990138530731201,8,human1_lib3.final_cell_0461-0,delta,delta,single_batch,0.7210054397583008
1658,4.348802089691162,13.807527542114258,7,human1_lib3.final_cell_0462-0,beta,beta,single_batch,0.5478756427764893
1659,-5.715338230133057,-9.882791519165039,8,human1_lib3.final_cell_0463-0,epsilon,delta,single_batch,1.126417875289917
1660,8.726288795471191,11.642570495605469,7,human1_lib3.final_cell_0464-0,beta,beta,single_batch,0.3845422863960266
1661,5.104154109954834,-1.6898558139801025,9,human1_lib3.final_cell_0465-0,alpha,alpha,single_batch,0.4805159568786621
1662,5.806495666503906,13.900758743286133,7,human1_lib3.final_cell_0466-0,beta,beta,single_batch,0.40373215079307556
1663,7.377951145172119,12.19613265991211,7,human1_lib3.final_cell_0467-0,beta,beta,single_batch,0.5715781450271606
1664,-4.997045516967773,-9.3275728225708,8,human1_lib3.final_cell_0468-0,gamma,delta,single_batch,0.6779133677482605
1665,10.965357780456543,-6.847286224365234,4,human1_lib3.final_cell_0469-0,acinar,ductal,single_batch,2.288738965988159
1666,10.300707817077637,12.156944274902344,7,human1_lib3.final_cell_0470-0,beta,beta,single_batch,0.3845422863960266
1667,-5.6565470695495605,-10.965180397033691,8,human1_lib3.final_cell_0471-0,alpha,delta,single_batch,0.9960423707962036
1668,9.178414344787598,11.399250030517578,7,human1_lib3.final_cell_0472-0,beta,beta,single_batch,0.5581122636795044
1669,7.207398891448975,-1.5886732339859009,9,human1_lib3.final_cell_0473-0,alpha,alpha,single_batch,1.9586464166641235
1670,9.791045188903809,-7.293003082275391,4,human1_lib3.final_cell_0474-0,ductal,ductal,single_batch,1.7325445413589478
1671,2.8339405059814453,-2.126765727996826,9,human1_lib3.final_cell_0475-0,alpha,alpha,single_batch,0.7272222638130188
1672,5.692797660827637,12.70775032043457,7,human1_lib3.final_cell_0476-0,beta,beta,single_batch,0.6288559436798096
1673,7.378131866455078,12.540525436401367,7,human1_lib3.final_cell_0477-0,beta,beta,single_batch,0.573778510093689
1674,-5.3752665519714355,-9.8017578125,8,human1_lib3.final_cell_0478-0,gamma,delta,single_batch,0.840578019618988
1675,10.190583229064941,12.720148086547852,7,human1_lib3.final_cell_0479-0,beta,beta,single_batch,0.40788131952285767
1676,9.034088134765625,11.760838508605957,7,human1_lib3.final_cell_0480-0,beta,beta,single_batch,0.3845422863960266
1677,-5.140344619750977,-8.101377487182617,8,human1_lib3.final_cell_0481-0,delta,delta,single_batch,1.1002665758132935
1678,-4.426253318786621,-8.30656623840332,8,human1_lib3.final_cell_0482-0,delta,delta,single_batch,0.6459553241729736
1679,-5.046568393707275,-8.201166152954102,8,human1_lib3.final_cell_0483-0,delta,delta,single_batch,1.0496610403060913
1680,-11.307092666625977,0.676077663898468,6,human1_lib3.final_cell_0484-0,quiescent_stellate,quiescent_stellate,single_batch,1.759260654449463
1681,6.987184524536133,13.065739631652832,7,human1_lib3.final_cell_0485-0,beta,beta,single_batch,0.3882807791233063
1682,5.909774303436279,13.124293327331543,7,human1_lib3.final_cell_0486-0,beta,beta,single_batch,0.48176077008247375
1683,4.628629207611084,-1.8673161268234253,9,human1_lib3.final_cell_0487-0,alpha,alpha,single_batch,0.9135141968727112
1684,7.442079067230225,12.735306739807129,7,human1_lib3.final_cell_0488-0,beta,beta,single_batch,0.3845422863960266
1685,5.356650352478027,-1.682710886001587,9,human1_lib3.final_cell_0489-0,alpha,alpha,single_batch,0.48026424646377563
1686,3.8976805210113525,-2.0406877994537354,9,human1_lib3.final_cell_0490-0,alpha,alpha,single_batch,0.9571664929389954
1687,11.286334037780762,11.327729225158691,7,human1_lib3.final_cell_0491-0,beta,beta,single_batch,0.3845422863960266
1688,10.325104713439941,10.261882781982422,7,human1_lib3.final_cell_0492-0,beta,beta,single_batch,0.3845422863960266
1689,6.567220211029053,13.789084434509277,7,human1_lib3.final_cell_0493-0,beta,beta,single_batch,0.4019308090209961
1690,4.396905899047852,-1.8305832147598267,9,human1_lib3.final_cell_0494-0,alpha,alpha,single_batch,0.5762476921081543
1691,10.169083595275879,12.699835777282715,7,human1_lib3.final_cell_0495-0,beta,beta,single_batch,0.47972333431243896
1692,9.111980438232422,11.80764389038086,7,human1_lib3.final_cell_0496-0,beta,beta,single_batch,0.42715099453926086
1693,-11.041045188903809,0.9438623189926147,6,human1_lib3.final_cell_0497-0,quiescent_stellate,quiescent_stellate,single_batch,2.072067975997925
1694,1.8385568857192993,-2.6377365589141846,9,human1_lib3.final_cell_0498-0,alpha,alpha,single_batch,0.9580787420272827
1695,-0.15449857711791992,5.032050609588623,1,human1_lib3.final_cell_0499-0,endothelial,endothelial,single_batch,2.227118968963623
1696,-5.557412624359131,-9.63824462890625,8,human1_lib3.final_cell_0500-0,gamma,delta,single_batch,0.8337815999984741
1697,10.755244255065918,11.903807640075684,7,human1_lib3.final_cell_0501-0,beta,beta,single_batch,0.3845422863960266
1698,7.344614505767822,12.855195999145508,7,human1_lib3.final_cell_0502-0,beta,beta,single_batch,0.3845422863960266
1699,-11.001988410949707,0.8849217891693115,6,human1_lib3.final_cell_0503-0,quiescent_stellate,quiescent_stellate,single_batch,1.662272572517395
1700,5.421239376068115,13.486170768737793,7,human1_lib3.final_cell_0504-0,beta,beta,single_batch,0.47679588198661804
1701,3.279019594192505,-1.9303030967712402,9,human1_lib3.final_cell_0505-0,alpha,alpha,single_batch,0.6233197450637817
1702,-5.249913215637207,-8.406808853149414,8,human1_lib3.final_cell_0506-0,delta,delta,single_batch,0.6324223279953003
1703,4.605597019195557,13.208868980407715,7,human1_lib3.final_cell_0507-0,beta,beta,single_batch,1.1250340938568115
1704,-8.718332290649414,14.651259422302246,0,human1_lib3.final_cell_0508-0,acinar,acinar,single_batch,1.4056373834609985
1705,12.624604225158691,8.884380340576172,7,human1_lib3.final_cell_0509-0,beta,beta,single_batch,0.3845422863960266
1706,-1.1290735006332397,5.016426086425781,1,human1_lib3.final_cell_0510-0,endothelial,endothelial,single_batch,2.356671094894409
1707,-1.0516942739486694,5.040647506713867,1,human1_lib3.final_cell_0511-0,endothelial,endothelial,single_batch,2.356671094894409
1708,6.63304328918457,13.290793418884277,7,human1_lib3.final_cell_0512-0,beta,beta,single_batch,0.3845422863960266
1709,7.451913833618164,13.008380889892578,7,human1_lib3.final_cell_0513-0,beta,beta,single_batch,0.3895549476146698
1710,-5.300324440002441,-10.340032577514648,8,human1_lib3.final_cell_0514-0,alpha,delta,single_batch,0.8668580651283264
1711,10.5402193069458,10.800020217895508,7,human1_lib3.final_cell_0515-0,beta,beta,single_batch,0.3845422863960266
1712,14.581218719482422,-2.036583423614502,5,human1_lib3.final_cell_0516-0,mast,mast,single_batch,2.288738965988159
1713,4.525312423706055,14.314921379089355,7,human1_lib3.final_cell_0517-0,beta,beta,single_batch,0.3845422863960266
1714,6.333699703216553,-1.5453474521636963,9,human1_lib3.final_cell_0518-0,alpha,alpha,single_batch,0.563643753528595
1715,-0.26252132654190063,3.436185836791992,1,human1_lib3.final_cell_0519-0,endothelial,endothelial,single_batch,2.356671094894409
1716,-5.333611488342285,-10.145829200744629,8,human1_lib3.final_cell_0520-0,beta,delta,single_batch,1.21719491481781
1717,11.014476776123047,11.63820743560791,7,human1_lib3.final_cell_0521-0,beta,beta,single_batch,0.3845422863960266
1718,10.997539520263672,10.206502914428711,7,human1_lib3.final_cell_0522-0,beta,beta,single_batch,0.3845422863960266
1719,-1.0736626386642456,5.047297477722168,1,human1_lib3.final_cell_0523-0,endothelial,endothelial,single_batch,2.356671094894409
1720,-5.278289794921875,-9.237946510314941,8,human1_lib3.final_cell_0524-0,alpha,delta,single_batch,0.731794536113739
1721,8.100226402282715,12.30178451538086,7,human1_lib3.final_cell_0525-0,beta,beta,single_batch,0.41792917251586914
1722,11.765376091003418,10.173110008239746,7,human1_lib3.final_cell_0526-0,beta,beta,single_batch,0.3845422863960266
1723,6.448934078216553,13.766470909118652,7,human1_lib3.final_cell_0527-0,beta,beta,single_batch,0.47095122933387756
1724,12.99444580078125,9.016983032226562,7,human1_lib3.final_cell_0528-0,beta,beta,single_batch,0.6555503010749817
1725,7.161263942718506,-1.5911996364593506,9,human1_lib3.final_cell_0529-0,alpha,alpha,single_batch,1.4684829711914062
1726,14.583784103393555,-2.0335495471954346,5,human1_lib3.final_cell_0530-0,mast,mast,single_batch,2.288738965988159
1727,-6.522569179534912,-7.3932719230651855,8,human1_lib3.final_cell_0531-0,beta,delta,single_batch,1.5043331384658813
1728,-5.886181354522705,-9.3491792678833,8,human1_lib3.final_cell_0532-0,epsilon,delta,single_batch,1.2815349102020264
1729,-1.0254215002059937,5.003252029418945,1,human1_lib3.final_cell_0533-0,endothelial,endothelial,single_batch,2.356671094894409
1730,-10.742949485778809,0.9233800172805786,6,human1_lib3.final_cell_0534-0,quiescent_stellate,quiescent_stellate,single_batch,2.5247082710266113
1731,1.8602335453033447,-2.6139707565307617,9,human1_lib3.final_cell_0535-0,alpha,alpha,single_batch,1.1721165180206299
1732,-4.938107967376709,-9.948137283325195,8,human1_lib3.final_cell_0536-0,alpha,delta,single_batch,1.9226360321044922
1733,-4.56292200088501,-7.306387424468994,8,human1_lib3.final_cell_0537-0,beta,delta,single_batch,0.9049738645553589
1734,11.299033164978027,9.471331596374512,7,human1_lib3.final_cell_0538-0,beta,beta,single_batch,0.3845422863960266
1735,-9.115772247314453,13.965028762817383,0,human1_lib3.final_cell_0539-0,acinar,acinar,single_batch,1.6925009489059448
1736,-6.231827259063721,-7.318249702453613,8,human1_lib3.final_cell_0540-0,delta,delta,single_batch,0.9317004084587097
1737,-9.274175643920898,13.978739738464355,0,human1_lib3.final_cell_0541-0,acinar,acinar,single_batch,1.866110920906067
1738,6.89888334274292,13.647439002990723,7,human1_lib3.final_cell_0542-0,beta,beta,single_batch,0.44922053813934326
1739,7.9323649406433105,13.46289348602295,7,human1_lib3.final_cell_0543-0,beta,beta,single_batch,0.3845422863960266
1740,-0.29067233204841614,3.5182535648345947,1,human1_lib3.final_cell_0544-0,endothelial,endothelial,single_batch,2.356671094894409
1741,13.364385604858398,8.932174682617188,7,human1_lib3.final_cell_0545-0,beta,beta,single_batch,0.3845422863960266
1742,6.6290082931518555,-11.663515090942383,2,human1_lib3.final_cell_0546-0,macrophage,macrophage,single_batch,2.288738965988159
1743,-8.143198013305664,14.247961044311523,0,human1_lib3.final_cell_0547-0,acinar,acinar,single_batch,1.3211863040924072
1744,-10.568694114685059,0.7411918640136719,6,human1_lib3.final_cell_0548-0,quiescent_stellate,quiescent_stellate,single_batch,2.475914716720581
1745,12.686671257019043,8.988005638122559,7,human1_lib3.final_cell_0549-0,beta,beta,single_batch,0.5148314237594604
1746,6.912859916687012,14.167962074279785,7,human1_lib3.final_cell_0550-0,beta,beta,single_batch,0.44260498881340027
1747,10.902060508728027,11.303913116455078,7,human1_lib3.final_cell_0551-0,beta,beta,single_batch,0.3845422863960266
1748,0.2817784547805786,4.465194225311279,1,human1_lib3.final_cell_0552-0,endothelial,endothelial,single_batch,2.0402753353118896
1749,5.195618629455566,13.019136428833008,7,human1_lib3.final_cell_0553-0,beta,beta,single_batch,0.471436470746994
1750,9.717887878417969,11.455240249633789,7,human1_lib3.final_cell_0554-0,beta,beta,single_batch,0.3845422863960266
1751,10.089788436889648,-7.510780334472656,4,human1_lib3.final_cell_0555-0,ductal,ductal,single_batch,1.6526296138763428
1752,13.035585403442383,9.08944320678711,7,human1_lib3.final_cell_0556-0,beta,beta,single_batch,0.4078010618686676
1753,7.854710578918457,12.917984008789062,7,human1_lib3.final_cell_0557-0,beta,beta,single_batch,0.3845422863960266
1754,-11.140413284301758,0.8406586050987244,6,human1_lib3.final_cell_0558-0,quiescent_stellate,quiescent_stellate,single_batch,1.6992006301879883
1755,10.096927642822266,11.295469284057617,7,human1_lib3.final_cell_0559-0,beta,beta,single_batch,0.3845422863960266
1756,-8.290953636169434,14.512463569641113,0,human1_lib3.final_cell_0560-0,acinar,acinar,single_batch,1.2758020162582397
1757,3.0333364009857178,13.881784439086914,7,human1_lib3.final_cell_0561-0,beta,beta,single_batch,0.7811805009841919
1758,-4.380642414093018,-7.294194221496582,8,human1_lib3.final_cell_0562-0,delta,delta,single_batch,0.8714706301689148
1759,7.9861345291137695,11.626152992248535,7,human1_lib3.final_cell_0563-0,beta,beta,single_batch,0.5639225244522095
1760,6.894967555999756,13.999865531921387,7,human1_lib3.final_cell_0564-0,beta,beta,single_batch,0.3845422863960266
1761,6.867382526397705,14.224916458129883,7,human1_lib3.final_cell_0565-0,beta,beta,single_batch,0.4565620720386505
1762,7.349748134613037,12.068794250488281,7,human1_lib3.final_cell_0566-0,beta,beta,single_batch,0.5104234218597412
1763,-10.625787734985352,0.8186399340629578,6,human1_lib3.final_cell_0567-0,quiescent_stellate,quiescent_stellate,single_batch,1.9471694231033325
1764,-5.643404960632324,-11.055002212524414,8,human1_lib3.final_cell_0568-0,alpha,delta,single_batch,0.9523624777793884
1765,-0.17401239275932312,5.06893253326416,1,human1_lib3.final_cell_0569-0,endothelial,endothelial,single_batch,2.356671094894409
1766,4.306525707244873,14.441803932189941,7,human1_lib3.final_cell_0570-0,beta,beta,single_batch,0.5430184602737427
1767,-6.468281269073486,-7.548183441162109,8,human1_lib3.final_cell_0571-0,delta,delta,single_batch,1.1652661561965942
1768,-4.446343898773193,-8.619780540466309,8,human1_lib3.final_cell_0572-0,gamma,delta,single_batch,0.8580796718597412
1769,6.074245452880859,12.720502853393555,7,human1_lib3.final_cell_0573-0,beta,beta,single_batch,0.772348940372467
1770,-10.996274948120117,0.918964684009552,6,human1_lib3.final_cell_0574-0,quiescent_stellate,quiescent_stellate,single_batch,1.9701403379440308
1771,-1.0738556385040283,5.033449649810791,1,human1_lib3.final_cell_0575-0,endothelial,endothelial,single_batch,2.3400325775146484
1772,5.171532154083252,-1.7052134275436401,9,human1_lib3.final_cell_0576-0,alpha,alpha,single_batch,0.5087293982505798
1773,9.749641418457031,10.234761238098145,7,human1_lib3.final_cell_0577-0,beta,beta,single_batch,0.3845422863960266
1774,11.082147598266602,-7.221701622009277,4,human1_lib3.final_cell_0578-0,ductal,ductal,single_batch,2.1243741512298584
1775,10.337789535522461,10.289861679077148,7,human1_lib3.final_cell_0579-0,beta,beta,single_batch,0.3845422863960266
1776,12.536574363708496,9.423787117004395,7,human1_lib3.final_cell_0580-0,beta,beta,single_batch,0.4016391932964325
1777,2.9701266288757324,13.865019798278809,7,human1_lib3.final_cell_0581-0,beta,beta,single_batch,1.1910550594329834
1778,-10.537249565124512,0.10519090294837952,6,human1_lib3.final_cell_0582-0,quiescent_stellate,quiescent_stellate,single_batch,2.455955982208252
1779,4.108986854553223,13.67575740814209,7,human1_lib3.final_cell_0583-0,beta,beta,single_batch,0.49531593918800354
1780,-5.7420654296875,-9.851049423217773,8,human1_lib3.final_cell_0584-0,epsilon,delta,single_batch,1.079465389251709
1781,-5.577345848083496,-9.533544540405273,8,human1_lib3.final_cell_0585-0,beta,delta,single_batch,0.9243201613426208
1782,13.862804412841797,9.14262866973877,7,human1_lib3.final_cell_0586-0,beta,beta,single_batch,1.5969693660736084
1783,-5.3701252937316895,-9.27364730834961,8,human1_lib3.final_cell_0587-0,alpha,delta,single_batch,1.0052207708358765
1784,10.043257713317871,12.204631805419922,7,human1_lib3.final_cell_0588-0,beta,beta,single_batch,0.3845422863960266
1785,-0.353450208902359,3.634629249572754,1,human1_lib3.final_cell_0589-0,endothelial,endothelial,single_batch,2.356671094894409
1786,-1.1229039430618286,4.897465705871582,1,human1_lib3.final_cell_0590-0,endothelial,endothelial,single_batch,2.356671094894409
1787,-10.438112258911133,0.1628938913345337,6,human1_lib3.final_cell_0591-0,quiescent_stellate,quiescent_stellate,single_batch,2.429452657699585
1788,-4.012653827667236,-7.727526664733887,8,human1_lib3.final_cell_0592-0,beta,delta,single_batch,1.0217981338500977
1789,13.40624713897705,9.024456977844238,7,human1_lib3.final_cell_0593-0,beta,beta,single_batch,0.4454621970653534
1790,-5.6952009201049805,-9.833202362060547,8,human1_lib3.final_cell_0594-0,epsilon,delta,single_batch,1.0205835103988647
1791,-10.790919303894043,0.7521660923957825,6,human1_lib3.final_cell_0595-0,quiescent_stellate,quiescent_stellate,single_batch,1.828957200050354
1792,6.147775173187256,13.21602725982666,7,human1_lib3.final_cell_0596-0,beta,beta,single_batch,0.4881493151187897
1793,14.575464248657227,-2.0414927005767822,5,human1_lib3.final_cell_0597-0,mast,mast,single_batch,2.288738965988159
1794,10.922417640686035,-7.411642551422119,4,human1_lib3.final_cell_0598-0,ductal,ductal,single_batch,1.859361171722412
1795,-5.647642612457275,-10.856941223144531,8,human1_lib3.final_cell_0599-0,alpha,delta,single_batch,1.1084562540054321
1796,-9.572160720825195,14.746912956237793,0,human1_lib3.final_cell_0600-0,acinar,acinar,single_batch,1.7880628108978271
1797,-9.683308601379395,14.78270149230957,0,human1_lib3.final_cell_0601-0,acinar,acinar,single_batch,1.7959978580474854
1798,0.16676266491413116,4.741698741912842,1,human1_lib3.final_cell_0602-0,endothelial,endothelial,single_batch,1.9885791540145874
1799,10.342541694641113,-6.701021194458008,4,human1_lib3.final_cell_0603-0,ductal,ductal,single_batch,1.542061686515808
1800,-6.686206340789795,5.002298355102539,3,human1_lib3.final_cell_0604-0,endothelial,activated_stellate,single_batch,2.728938341140747
1801,5.508446216583252,-1.7005175352096558,9,human1_lib3.final_cell_0605-0,alpha,alpha,single_batch,0.528131902217865
1802,-5.074681758880615,-7.000438690185547,8,human1_lib3.final_cell_0606-0,delta,delta,single_batch,0.7531658411026001
1803,2.9664487838745117,13.870316505432129,7,human1_lib3.final_cell_0607-0,beta,beta,single_batch,1.0953961610794067
1804,13.43052864074707,8.981234550476074,7,human1_lib3.final_cell_0608-0,beta,beta,single_batch,0.403491348028183
1805,7.243719100952148,12.690528869628906,7,human1_lib3.final_cell_0609-0,beta,beta,single_batch,0.393392413854599
1806,10.55280876159668,-6.31782341003418,4,human1_lib3.final_cell_0610-0,ductal,ductal,single_batch,2.288738965988159
1807,-11.010191917419434,0.9426718950271606,6,human1_lib3.final_cell_0611-0,quiescent_stellate,quiescent_stellate,single_batch,2.2943084239959717
1808,6.711247444152832,13.613532066345215,7,human1_lib3.final_cell_0612-0,beta,beta,single_batch,0.43860870599746704
1809,6.634927749633789,-11.658287048339844,2,human1_lib3.final_cell_0613-0,macrophage,macrophage,single_batch,2.288738965988159
1810,-6.293132781982422,-7.2390947341918945,8,human1_lib3.final_cell_0614-0,delta,delta,single_batch,1.4744352102279663
1811,-0.7774505019187927,4.553829669952393,1,human1_lib3.final_cell_0615-0,endothelial,endothelial,single_batch,2.2952358722686768
1812,4.174672603607178,-1.8537492752075195,9,human1_lib3.final_cell_0616-0,alpha,alpha,single_batch,0.6188704967498779
1813,12.063923835754395,9.258071899414062,7,human1_lib3.final_cell_0617-0,beta,beta,single_batch,0.3845422863960266
1814,-0.2861825227737427,5.074640274047852,1,human1_lib3.final_cell_0618-0,endothelial,endothelial,single_batch,2.1971025466918945
1815,10.281922340393066,11.667730331420898,7,human1_lib3.final_cell_0619-0,beta,beta,single_batch,0.4412844479084015
1816,4.874648094177246,13.071029663085938,7,human1_lib3.final_cell_0620-0,beta,beta,single_batch,0.7967405915260315
1817,-0.33972880244255066,4.535440921783447,1,human1_lib3.final_cell_0621-0,endothelial,endothelial,single_batch,1.9888312816619873
1818,-4.075608730316162,-7.793817043304443,8,human1_lib3.final_cell_0622-0,delta,delta,single_batch,0.9478846788406372
1819,10.889482498168945,-6.751980781555176,4,human1_lib3.final_cell_0623-0,acinar,ductal,single_batch,2.288738965988159
1820,-9.205526351928711,13.903168678283691,0,human1_lib3.final_cell_0624-0,acinar,acinar,single_batch,1.9973989725112915
1821,-0.5848720669746399,4.506740093231201,1,human1_lib3.final_cell_0625-0,endothelial,endothelial,single_batch,1.9932702779769897
1822,4.260284423828125,14.520430564880371,7,human1_lib3.final_cell_0626-0,beta,beta,single_batch,0.4051831364631653
1823,-0.2813663184642792,4.970114231109619,1,human1_lib3.final_cell_0627-0,endothelial,endothelial,single_batch,2.104351043701172
1824,-9.187034606933594,13.882547378540039,0,human1_lib3.final_cell_0628-0,acinar,acinar,single_batch,2.044771909713745
1825,9.09654426574707,11.653717994689941,7,human1_lib3.final_cell_0629-0,beta,beta,single_batch,0.3845422863960266
1826,-5.074848651885986,-6.892909049987793,8,human1_lib3.final_cell_0630-0,delta,delta,single_batch,0.5232541561126709
1827,-10.686544418334961,0.8374602198600769,6,human1_lib3.final_cell_0631-0,quiescent_stellate,quiescent_stellate,single_batch,1.739691138267517
1828,-10.726694107055664,0.7975788712501526,6,human1_lib3.final_cell_0632-0,quiescent_stellate,quiescent_stellate,single_batch,1.7816933393478394
1829,8.937856674194336,12.396628379821777,7,human1_lib3.final_cell_0633-0,beta,beta,single_batch,0.3845422863960266
1830,9.884098052978516,11.382732391357422,7,human1_lib3.final_cell_0634-0,beta,beta,single_batch,0.39098450541496277
1831,-10.822043418884277,0.6630369424819946,6,human1_lib3.final_cell_0635-0,quiescent_stellate,quiescent_stellate,single_batch,1.6885260343551636
1832,-5.23567533493042,-10.36054801940918,8,human1_lib3.final_cell_0636-0,alpha,delta,single_batch,1.3329381942749023
1833,-11.109715461730957,0.9015873670578003,6,human1_lib3.final_cell_0637-0,quiescent_stellate,quiescent_stellate,single_batch,1.775634527206421
1834,-11.132140159606934,0.8379718661308289,6,human1_lib3.final_cell_0638-0,quiescent_stellate,quiescent_stellate,single_batch,1.855080485343933
1835,8.065821647644043,13.320016860961914,7,human1_lib3.final_cell_0639-0,beta,beta,single_batch,0.5422054529190063
1836,-11.087789535522461,0.951765775680542,6,human1_lib3.final_cell_0640-0,quiescent_stellate,quiescent_stellate,single_batch,1.993393063545227
1837,-6.693732738494873,4.973871231079102,3,human1_lib3.final_cell_0641-0,schwann,activated_stellate,single_batch,2.728938341140747
1838,3.4214470386505127,13.835168838500977,7,human1_lib3.final_cell_0642-0,beta,beta,single_batch,0.452901691198349
1839,6.7516255378723145,13.927570343017578,7,human1_lib3.final_cell_0643-0,beta,beta,single_batch,0.5290867686271667
1840,9.064098358154297,11.835421562194824,7,human1_lib3.final_cell_0644-0,beta,beta,single_batch,0.4285455048084259
1841,8.515079498291016,12.472980499267578,7,human1_lib3.final_cell_0645-0,beta,beta,single_batch,0.3845422863960266
1842,6.483613967895508,13.883156776428223,7,human1_lib3.final_cell_0646-0,beta,beta,single_batch,0.4318588972091675
1843,6.884579181671143,14.224632263183594,7,human1_lib3.final_cell_0647-0,beta,beta,single_batch,0.44672104716300964
1844,11.843621253967285,10.869111061096191,7,human1_lib3.final_cell_0648-0,beta,beta,single_batch,0.518193244934082
1845,0.06498146802186966,3.93874192237854,1,human1_lib3.final_cell_0649-0,endothelial,endothelial,single_batch,2.356671094894409
1846,11.158676147460938,-7.145995616912842,4,human1_lib3.final_cell_0650-0,ductal,ductal,single_batch,2.288738965988159
1847,4.1650896072387695,13.962041854858398,7,human1_lib3.final_cell_0651-0,beta,beta,single_batch,0.3913362920284271
1848,12.745790481567383,8.80794620513916,7,human1_lib3.final_cell_0652-0,beta,beta,single_batch,0.4279068410396576
1849,7.450900077819824,12.250189781188965,7,human1_lib3.final_cell_0653-0,beta,beta,single_batch,0.41680529713630676
1850,4.348912239074707,14.487974166870117,7,human1_lib3.final_cell_0654-0,beta,beta,single_batch,0.5631957054138184
1851,2.3339617252349854,-2.3100996017456055,9,human1_lib3.final_cell_0655-0,alpha,alpha,single_batch,0.7874731421470642
1852,-10.631779670715332,0.7169464230537415,6,human1_lib3.final_cell_0656-0,quiescent_stellate,quiescent_stellate,single_batch,1.8040210008621216
1853,-11.200498580932617,0.763832151889801,6,human1_lib3.final_cell_0657-0,quiescent_stellate,quiescent_stellate,single_batch,1.732433795928955
1854,6.401949882507324,13.907218933105469,7,human1_lib3.final_cell_0658-0,beta,beta,single_batch,0.3845422863960266
1855,6.707490921020508,13.820809364318848,7,human1_lib3.final_cell_0659-0,beta,beta,single_batch,0.47984614968299866
1856,1.9444330930709839,-2.5500993728637695,9,human1_lib3.final_cell_0660-0,alpha,alpha,single_batch,0.9712440371513367
1857,9.901263236999512,-6.897854804992676,4,human1_lib3.final_cell_0661-0,ductal,ductal,single_batch,1.8547425270080566
1858,-11.135601997375488,0.7982609272003174,6,human1_lib3.final_cell_0662-0,quiescent_stellate,quiescent_stellate,single_batch,1.6852325201034546
1859,6.397145748138428,13.676179885864258,7,human1_lib3.final_cell_0663-0,beta,beta,single_batch,0.5293527841567993
1860,-0.03405063971877098,4.7594780921936035,1,human1_lib3.final_cell_0664-0,endothelial,endothelial,single_batch,1.9067426919937134
1861,-4.020083904266357,-7.572690486907959,8,human1_lib3.final_cell_0665-0,delta,delta,single_batch,1.0071712732315063
1862,7.691201210021973,13.38393497467041,7,human1_lib3.final_cell_0666-0,beta,beta,single_batch,0.3845422863960266
1863,13.434537887573242,8.977509498596191,7,human1_lib3.final_cell_0667-0,beta,beta,single_batch,0.486526757478714
1864,-5.382106781005859,-10.343046188354492,8,human1_lib3.final_cell_0668-0,alpha,delta,single_batch,1.0305981636047363
1865,11.968927383422852,10.80173397064209,7,human1_lib3.final_cell_0669-0,beta,beta,single_batch,0.41035157442092896
1866,3.040907621383667,13.864837646484375,7,human1_lib3.final_cell_0670-0,beta,beta,single_batch,0.6568805575370789
1867,-0.7821617722511292,4.2770843505859375,1,human1_lib3.final_cell_0671-0,endothelial,endothelial,single_batch,2.3433823585510254
1868,12.771889686584473,8.890022277832031,7,human1_lib3.final_cell_0672-0,beta,beta,single_batch,0.7854747772216797
1869,-0.5693281888961792,4.421844005584717,1,human1_lib3.final_cell_0673-0,endothelial,endothelial,single_batch,2.1394965648651123
1870,3.112497568130493,-1.9833875894546509,9,human1_lib3.final_cell_0674-0,alpha,alpha,single_batch,0.5932203531265259
1871,-11.435150146484375,0.540176272392273,6,human1_lib3.final_cell_0675-0,quiescent_stellate,quiescent_stellate,single_batch,1.7563300132751465
1872,-0.7499499320983887,4.475866317749023,1,human1_lib3.final_cell_0676-0,endothelial,endothelial,single_batch,2.151250123977661
1873,1.8730721473693848,-2.610849380493164,9,human1_lib3.final_cell_0677-0,alpha,alpha,single_batch,0.7883235216140747
1874,-5.139192581176758,-9.354704856872559,8,human1_lib3.final_cell_0678-0,alpha,delta,single_batch,0.7848764061927795
1875,10.561083793640137,-6.695159912109375,4,human1_lib3.final_cell_0679-0,ductal,ductal,single_batch,1.8028730154037476
1876,-11.402718544006348,0.46348458528518677,6,human1_lib3.final_cell_0680-0,quiescent_stellate,quiescent_stellate,single_batch,1.8732948303222656
1877,0.08211197704076767,4.820310592651367,1,human1_lib3.final_cell_0681-0,endothelial,endothelial,single_batch,2.1600754261016846
1878,4.27135705947876,14.009269714355469,7,human1_lib3.final_cell_0682-0,beta,beta,single_batch,0.4765203595161438
1879,-4.787022590637207,-8.707527160644531,8,human1_lib3.final_cell_0683-0,gamma,delta,single_batch,0.7587131857872009
1880,-5.777896404266357,-9.67143440246582,8,human1_lib3.final_cell_0684-0,epsilon,delta,single_batch,1.2349034547805786
1881,-7.052610397338867,4.8393144607543945,3,human1_lib3.final_cell_0685-0,activated_stellate,activated_stellate,single_batch,2.6957778930664062
1882,2.3625850677490234,-2.291987657546997,9,human1_lib3.final_cell_0686-0,alpha,alpha,single_batch,0.7359099388122559
1883,-6.955561637878418,4.9006171226501465,3,human1_lib3.final_cell_0687-0,activated_stellate,activated_stellate,single_batch,2.728938341140747
1884,8.0732421875,13.29139232635498,7,human1_lib3.final_cell_0688-0,beta,beta,single_batch,0.3845422863960266
1885,5.953775405883789,13.753487586975098,7,human1_lib3.final_cell_0689-0,beta,beta,single_batch,0.3845422863960266
1886,14.5946683883667,-2.0223803520202637,5,human1_lib3.final_cell_0690-0,mast,mast,single_batch,2.288738965988159
1887,-7.023116588592529,4.841797828674316,3,human1_lib3.final_cell_0691-0,activated_stellate,activated_stellate,single_batch,2.728938341140747
1888,-5.825053691864014,-9.310249328613281,8,human1_lib3.final_cell_0692-0,epsilon,delta,single_batch,1.4028631448745728
1889,-11.178004264831543,0.8290942311286926,6,human1_lib3.final_cell_0693-0,quiescent_stellate,quiescent_stellate,single_batch,1.8157563209533691
1890,-0.4482828974723816,3.7099757194519043,1,human1_lib3.final_cell_0694-0,endothelial,endothelial,single_batch,2.356671094894409
1891,-4.618167400360107,-9.12302303314209,8,human1_lib3.final_cell_0695-0,gamma,delta,single_batch,0.7383384704589844
1892,4.291521072387695,14.54011058807373,7,human1_lib3.final_cell_0696-0,beta,beta,single_batch,0.5784000754356384
1893,-11.162357330322266,-0.10501203685998917,6,human1_lib3.final_cell_0697-0,quiescent_stellate,quiescent_stellate,single_batch,2.487562894821167
1894,-10.85555648803711,0.7509740591049194,6,human1_lib3.final_cell_0698-0,quiescent_stellate,quiescent_stellate,single_batch,2.251174211502075
1895,-5.6501545906066895,-11.043521881103516,8,human1_lib3.final_cell_0699-0,alpha,delta,single_batch,1.145904541015625
1896,10.594590187072754,9.767644882202148,7,human1_lib3.final_cell_0700-0,beta,beta,single_batch,0.4231172204017639
1897,6.038112640380859,12.724004745483398,7,human1_lib3.final_cell_0701-0,beta,beta,single_batch,0.8569722175598145
1898,11.654362678527832,11.198296546936035,7,human1_lib3.final_cell_0702-0,beta,beta,single_batch,0.41742613911628723
1899,4.051398754119873,13.973077774047852,7,human1_lib3.final_cell_0703-0,beta,beta,single_batch,0.3845422863960266
1900,14.578134536743164,-2.0389795303344727,5,human1_lib3.final_cell_0704-0,t_cell,mast,single_batch,2.288738965988159
1901,8.800556182861328,11.782114028930664,7,human1_lib3.final_cell_0705-0,beta,beta,single_batch,0.3845422863960266
1902,3.427032232284546,14.005731582641602,7,human1_lib3.final_cell_0706-0,beta,beta,single_batch,0.7237489819526672
1903,4.287322521209717,14.531083106994629,7,human1_lib3.final_cell_0707-0,beta,beta,single_batch,0.5544613599777222
1904,-5.653619289398193,-11.053293228149414,8,human1_lib3.final_cell_0708-0,alpha,delta,single_batch,1.0508180856704712
1905,4.257445335388184,14.480000495910645,7,human1_lib3.final_cell_0709-0,beta,beta,single_batch,0.44265875220298767
1906,-0.05246322229504585,4.348897933959961,1,human1_lib3.final_cell_0710-0,endothelial,endothelial,single_batch,2.097414970397949
1907,-0.9460105299949646,4.416378498077393,1,human1_lib3.final_cell_0711-0,endothelial,endothelial,single_batch,2.356671094894409
1908,14.583659172058105,-2.0337343215942383,5,human1_lib3.final_cell_0712-0,mast,mast,single_batch,2.288738965988159
1909,10.190679550170898,10.0250244140625,7,human1_lib3.final_cell_0713-0,beta,beta,single_batch,0.3845422863960266
1910,-11.400689125061035,0.004535946529358625,6,human1_lib3.final_cell_0714-0,quiescent_stellate,quiescent_stellate,single_batch,2.5139551162719727
1911,4.204371929168701,13.492551803588867,7,human1_lib3.final_cell_0715-0,beta,beta,single_batch,0.6699870824813843
1912,6.645061016082764,13.865143775939941,7,human1_lib3.final_cell_0716-0,beta,beta,single_batch,0.460456520318985
1913,5.743834495544434,13.171918869018555,7,human1_lib3.final_cell_0717-0,beta,beta,single_batch,0.38739681243896484
1914,6.969881534576416,13.199580192565918,7,human1_lib3.final_cell_0718-0,beta,beta,single_batch,0.38681915402412415
1915,3.6462912559509277,13.901127815246582,7,human1_lib3.final_cell_0719-0,beta,beta,single_batch,0.44477948546409607
1916,0.04064074531197548,3.833339214324951,1,human1_lib3.final_cell_0720-0,endothelial,endothelial,single_batch,2.356671094894409
1917,14.564512252807617,-2.0527851581573486,5,human1_lib3.final_cell_0721-0,t_cell,mast,single_batch,2.288738965988159
1918,10.742144584655762,-6.742262840270996,4,human1_lib3.final_cell_0722-0,ductal,ductal,single_batch,1.895990252494812
1919,-7.000511169433594,4.898937702178955,3,human1_lib3.final_cell_0723-0,quiescent_stellate,activated_stellate,single_batch,2.728938341140747
1920,7.360433101654053,12.859075546264648,7,human1_lib3.final_cell_0724-0,beta,beta,single_batch,0.6574010848999023
1921,11.88117504119873,10.926192283630371,7,human1_lib3.final_cell_0725-0,beta,beta,single_batch,0.4660993218421936
1922,-11.270891189575195,0.6852506995201111,6,human1_lib3.final_cell_0726-0,quiescent_stellate,quiescent_stellate,single_batch,1.7625980377197266
1923,-11.40115737915039,0.5681667327880859,6,human1_lib3.final_cell_0727-0,quiescent_stellate,quiescent_stellate,single_batch,1.9056543111801147
1924,-10.632725715637207,0.6827905774116516,6,human1_lib3.final_cell_0728-0,quiescent_stellate,quiescent_stellate,single_batch,1.8747191429138184
1925,6.634727478027344,13.446630477905273,7,human1_lib3.final_cell_0729-0,beta,beta,single_batch,0.46648505330085754
1926,11.515869140625,11.353322982788086,7,human1_lib3.final_cell_0730-0,beta,beta,single_batch,0.42190319299697876
1927,-5.670801639556885,-10.535820960998535,8,human1_lib3.final_cell_0731-0,alpha,delta,single_batch,1.361195683479309
1928,6.318215847015381,13.61656665802002,7,human1_lib3.final_cell_0732-0,beta,beta,single_batch,0.5835005044937134
1929,5.773706912994385,13.06017017364502,7,human1_lib3.final_cell_0733-0,beta,beta,single_batch,0.39125174283981323
1930,4.3720269203186035,14.602069854736328,7,human1_lib3.final_cell_0734-0,beta,beta,single_batch,0.7976185083389282
1931,2.626579761505127,-2.141083002090454,9,human1_lib3.final_cell_0735-0,alpha,alpha,single_batch,0.6491991877555847
1932,-0.20712503790855408,3.556046485900879,1,human1_lib3.final_cell_0736-0,endothelial,endothelial,single_batch,2.356671094894409
1933,11.422216415405273,10.466768264770508,7,human1_lib3.final_cell_0737-0,beta,beta,single_batch,0.4165668189525604
1934,-0.9072579145431519,4.372043132781982,1,human1_lib3.final_cell_0738-0,endothelial,endothelial,single_batch,2.356671094894409
1935,4.38271427154541,14.573677062988281,7,human1_lib3.final_cell_0739-0,beta,beta,single_batch,0.6809361577033997
1936,-10.777082443237305,0.010104669257998466,6,human1_lib3.final_cell_0740-0,quiescent_stellate,quiescent_stellate,single_batch,2.501854658126831
