cell_id,tsne_1,tsne_2,true_label,predicted_label,hungarian_annotation,marker_overlap_annotation,batch
human1_lib1.final_cell_0001-0,-29.12327,53.807735,acinar,1,acinar,acinar,human1
human1_lib1.final_cell_0002-0,-33.690918,55.30566,acinar,1,acinar,acinar,human1
human1_lib1.final_cell_0003-0,-29.503115,53.408287,acinar,1,acinar,acinar,human1
human1_lib1.final_cell_0004-0,-38.5975,54.044037,acinar,1,acinar,acinar,human1
human1_lib1.final_cell_0005-0,-34.030807,55.900017,acinar,1,acinar,acinar,human1
human1_lib1.final_cell_0006-0,-29.978512,56.42937,acinar,1,acinar,acinar,human1
human1_lib1.final_cell_0007-0,34.398666,49.64554,beta,12,beta,beta,human1
human1_lib1.final_cell_0008-0,-31.633612,53.94687,acinar,1,acinar,acinar,human1
human1_lib1.final_cell_0009-0,-34.411545,56.269917,acinar,1,acinar,acinar,human1
human1_lib1.final_cell_0010-0,-29.263111,55.801987,acinar,1,acinar,acinar,human1
human1_lib1.final_cell_0011-0,-33.3795,55.97826,acinar,1,acinar,acinar,human1
human1_lib1.final_cell_0012-0,-25.187801,54.811005,acinar,1,acinar,acinar,human1
human1_lib1.final_cell_0013-0,-4.7290916,31.37373,delta,8,delta,delta,human1
human1_lib1.final_cell_0014-0,-4.3280787,26.253822,delta,8,delta,delta,human1
human1_lib1.final_cell_0015-0,25.05986,19.310377,beta,12,beta,beta,human1
human1_lib1.final_cell_0016-0,-31.437319,-2.9175565,activated_stellate,10,activated_stellate,activated_stellate,human1
human1_lib1.final_cell_0017-0,44.82824,68.96805,beta,12,beta,beta,human1
human1_lib1.final_cell_0018-0,-27.890594,58.950603,acinar,1,acinar,acinar,human1
human1_lib1.final_cell_0019-0,-66.2468,2.5536597,ductal,3,ductal,ductal,human1
human1_lib1.final_cell_0020-0,40.19799,-18.85339,beta,12,beta,beta,human1
human1_lib1.final_cell_0021-0,39.363754,-15.0694895,beta,12,beta,beta,human1
human1_lib1.final_cell_0022-0,10.220458,-69.24379,alpha,11,alpha,alpha,human1
human1_lib1.final_cell_0023-0,-59.73331,6.0442142,ductal,3,ductal,ductal,human1
human1_lib1.final_cell_0024-0,37.46362,48.91643,beta,12,beta,beta,human1
human1_lib1.final_cell_0025-0,2.354187,32.100628,delta,8,delta,delta,human1
human1_lib1.final_cell_0026-0,32.228,-61.296112,alpha,11,alpha,alpha,human1
human1_lib1.final_cell_0027-0,33.268696,26.429586,beta,12,beta,beta,human1
human1_lib1.final_cell_0028-0,-21.818193,70.56981,acinar,1,acinar,acinar,human1
human1_lib1.final_cell_0029-0,-31.148748,52.291706,acinar,1,acinar,acinar,human1
human1_lib1.final_cell_0030-0,40.597023,45.5091,beta,12,beta,beta,human1
human1_lib1.final_cell_0031-0,-1.4890293,13.526344,delta,8,delta,delta,human1
human1_lib1.final_cell_0032-0,8.658966,25.9416,delta,8,delta,delta,human1
human1_lib1.final_cell_0033-0,4.576703,31.465694,delta,8,delta,delta,human1
human1_lib1.final_cell_0034-0,4.777479,27.5542,delta,8,delta,delta,human1
human1_lib1.final_cell_0035-0,39.3158,-1.4976349,beta,12,beta,beta,human1
human1_lib1.final_cell_0036-0,-29.093008,60.92228,acinar,1,acinar,acinar,human1
human1_lib1.final_cell_0037-0,39.112816,36.052948,beta,12,beta,beta,human1
human1_lib1.final_cell_0038-0,31.760794,60.379715,beta,12,beta,beta,human1
human1_lib1.final_cell_0039-0,24.597181,19.538654,beta,12,beta,beta,human1
human1_lib1.final_cell_0040-0,-12.400559,23.186296,delta,8,delta,delta,human1
human1_lib1.final_cell_0041-0,-26.062685,-10.979507,activated_stellate,10,activated_stellate,activated_stellate,human1
human1_lib1.final_cell_0042-0,37.31995,32.753716,beta,12,beta,beta,human1
human1_lib1.final_cell_0043-0,-3.5446467,25.023708,delta,8,delta,delta,human1
human1_lib1.final_cell_0044-0,-27.9784,-6.57733,activated_stellate,10,activated_stellate,activated_stellate,human1
human1_lib1.final_cell_0045-0,-32.231525,0.876521,activated_stellate,10,activated_stellate,activated_stellate,human1
human1_lib1.final_cell_0046-0,-28.090754,-5.067301,activated_stellate,10,activated_stellate,activated_stellate,human1
human1_lib1.final_cell_0047-0,-28.543522,56.289295,acinar,1,acinar,acinar,human1
human1_lib1.final_cell_0048-0,-23.518475,-12.443092,activated_stellate,10,activated_stellate,activated_stellate,human1
human1_lib1.final_cell_0049-0,-4.832613,26.918211,delta,8,delta,delta,human1
human1_lib1.final_cell_0050-0,36.833797,48.504097,beta,12,beta,beta,human1
human1_lib1.final_cell_0051-0,3.4525337,21.899698,delta,8,delta,delta,human1
human1_lib1.final_cell_0052-0,40.329704,25.494932,beta,12,beta,beta,human1
human1_lib1.final_cell_0053-0,-32.289555,56.442577,acinar,1,acinar,acinar,human1
human1_lib1.final_cell_0054-0,69.062965,-0.3885344,beta,12,beta,beta,human1
human1_lib1.final_cell_0055-0,34.874367,-1.3765166,beta,12,beta,beta,human1
human1_lib1.final_cell_0056-0,-27.027401,-10.30143,activated_stellate,10,activated_stellate,activated_stellate,human1
human1_lib1.final_cell_0057-0,43.82791,-11.937233,beta,12,beta,beta,human1
human1_lib1.final_cell_0058-0,47.672657,-15.248641,beta,12,beta,beta,human1
human1_lib1.final_cell_0059-0,34.81054,-9.833661,beta,12,beta,beta,human1
human1_lib1.final_cell_0060-0,28.389471,51.841072,beta,12,beta,beta,human1
human1_lib1.final_cell_0061-0,-65.59192,1.5230032,ductal,3,ductal,ductal,human1
human1_lib1.final_cell_0062-0,20.836891,-55.620373,alpha,11,alpha,alpha,human1
human1_lib1.final_cell_0063-0,27.8727,48.9013,beta,12,beta,beta,human1
human1_lib1.final_cell_0064-0,-64.28009,-15.144933,ductal,3,ductal,ductal,human1
human1_lib1.final_cell_0065-0,-69.63705,-1.6920844,ductal,3,ductal,ductal,human1
human1_lib1.final_cell_0066-0,-29.984955,55.640125,acinar,1,acinar,acinar,human1
human1_lib1.final_cell_0067-0,16.772583,-69.0955,alpha,11,alpha,alpha,human1
human1_lib1.final_cell_0068-0,33.997166,37.91514,beta,12,beta,beta,human1
human1_lib1.final_cell_0069-0,-1.3322973,29.392282,delta,8,delta,delta,human1
human1_lib1.final_cell_0070-0,20.566513,-69.692314,alpha,11,alpha,alpha,human1
human1_lib1.final_cell_0071-0,43.262985,72.4976,beta,12,beta,beta,human1
human1_lib1.final_cell_0072-0,36.661915,-11.258123,beta,12,beta,beta,human1
human1_lib1.final_cell_0073-0,40.471436,5.220291,beta,12,beta,beta,human1
human1_lib1.final_cell_0074-0,-1.2889979,12.287002,delta,8,delta,delta,human1
human1_lib1.final_cell_0075-0,41.795128,69.97451,beta,12,beta,beta,human1
human1_lib1.final_cell_0076-0,39.74593,-17.082527,beta,12,beta,beta,human1
human1_lib1.final_cell_0077-0,11.910831,26.351185,delta,8,delta,delta,human1
human1_lib1.final_cell_0078-0,44.159546,14.10338,beta,12,beta,beta,human1
human1_lib1.final_cell_0079-0,30.654543,17.334135,beta,12,beta,beta,human1
human1_lib1.final_cell_0080-0,48.676277,-16.208403,beta,12,beta,beta,human1
human1_lib1.final_cell_0081-0,31.480377,21.190248,beta,12,beta,beta,human1
human1_lib1.final_cell_0082-0,37.163055,41.808,beta,12,beta,beta,human1
human1_lib1.final_cell_0083-0,43.014164,39.280132,beta,12,beta,beta,human1
human1_lib1.final_cell_0084-0,-32.590225,55.060677,acinar,1,acinar,acinar,human1
human1_lib1.final_cell_0085-0,-28.167458,-5.3698487,activated_stellate,10,activated_stellate,activated_stellate,human1
human1_lib1.final_cell_0086-0,-0.52531236,28.144453,delta,8,delta,delta,human1
human1_lib1.final_cell_0087-0,-1.5249319,28.885023,delta,8,delta,delta,human1
human1_lib1.final_cell_0088-0,35.101124,12.957448,beta,12,beta,beta,human1
human1_lib1.final_cell_0089-0,36.01883,69.654945,beta,12,beta,beta,human1
human1_lib1.final_cell_0090-0,56.09613,-14.127883,beta,12,beta,beta,human1
human1_lib1.final_cell_0091-0,45.354233,46.50402,beta,12,beta,beta,human1
human1_lib1.final_cell_0092-0,32.256638,17.362984,beta,12,beta,beta,human1
human1_lib1.final_cell_0093-0,46.96354,47.710903,beta,12,beta,beta,human1
human1_lib1.final_cell_0094-0,30.75211,-0.19087827,beta,12,beta,beta,human1
human1_lib1.final_cell_0095-0,57.144066,-13.976216,beta,12,beta,beta,human1
human1_lib1.final_cell_0096-0,35.50251,-12.390639,beta,12,beta,beta,human1
human1_lib1.final_cell_0097-0,56.03936,-12.302831,beta,12,beta,beta,human1
human1_lib1.final_cell_0098-0,3.9956284,18.14001,delta,8,delta,delta,human1
human1_lib1.final_cell_0099-0,-11.595875,18.235722,delta,8,delta,delta,human1
human1_lib1.final_cell_0100-0,36.052788,61.371517,beta,12,beta,beta,human1
human1_lib1.final_cell_0101-0,-12.347853,25.260448,delta,8,delta,delta,human1
human1_lib1.final_cell_0102-0,2.4221003,-72.47922,alpha,11,alpha,alpha,human1
human1_lib1.final_cell_0103-0,6.772187,-69.38992,alpha,11,alpha,alpha,human1
human1_lib1.final_cell_0104-0,-2.8313262,22.957891,delta,8,delta,delta,human1
human1_lib1.final_cell_0105-0,41.2682,62.466007,beta,12,beta,beta,human1
human1_lib1.final_cell_0106-0,29.726976,3.964309,beta,12,beta,beta,human1
human1_lib1.final_cell_0107-0,47.029064,19.15626,beta,12,beta,beta,human1
human1_lib1.final_cell_0108-0,42.552937,61.795273,beta,12,beta,beta,human1
human1_lib1.final_cell_0109-0,-33.670395,55.006447,acinar,1,acinar,acinar,human1
human1_lib1.final_cell_0110-0,10.02565,25.537094,delta,8,delta,delta,human1
human1_lib1.final_cell_0111-0,47.017708,47.983727,beta,12,beta,beta,human1
human1_lib1.final_cell_0112-0,51.50382,-16.211231,beta,12,beta,beta,human1
human1_lib1.final_cell_0113-0,-0.9913126,23.399706,delta,8,delta,delta,human1
human1_lib1.final_cell_0114-0,43.87511,-15.091883,beta,12,beta,beta,human1
human1_lib1.final_cell_0115-0,48.739662,-17.251991,beta,12,beta,beta,human1
human1_lib1.final_cell_0116-0,41.31869,27.996897,beta,12,beta,beta,human1
human1_lib1.final_cell_0117-0,-11.735625,22.210682,delta,8,delta,delta,human1
human1_lib1.final_cell_0118-0,32.446415,8.691503,beta,12,beta,beta,human1
human1_lib1.final_cell_0119-0,2.279199,32.791447,delta,8,delta,delta,human1
human1_lib1.final_cell_0120-0,40.00705,51.041817,beta,12,beta,beta,human1
human1_lib1.final_cell_0121-0,40.91615,-4.057706,beta,12,beta,beta,human1
human1_lib1.final_cell_0122-0,43.679012,-10.056698,beta,12,beta,beta,human1
human1_lib1.final_cell_0123-0,-2.5361445,28.419477,epsilon,8,delta,delta,human1
human1_lib1.final_cell_0124-0,40.535038,-9.268612,beta,12,beta,beta,human1
human1_lib1.final_cell_0125-0,30.220114,25.589735,beta,12,beta,beta,human1
human1_lib1.final_cell_0126-0,39.59838,21.44245,beta,12,beta,beta,human1
human1_lib1.final_cell_0127-0,-11.355406,-67.035706,delta,11,alpha,alpha,human1
human1_lib1.final_cell_0128-0,49.661842,-11.288283,beta,12,beta,beta,human1
human1_lib1.final_cell_0129-0,-0.70745593,32.331184,delta,8,delta,delta,human1
human1_lib1.final_cell_0130-0,30.581276,19.693676,beta,12,beta,beta,human1
human1_lib1.final_cell_0131-0,27.36993,-54.19784,alpha,11,alpha,alpha,human1
human1_lib1.final_cell_0132-0,-39.14148,-31.97309,alpha,11,alpha,alpha,human1
human1_lib1.final_cell_0133-0,35.510822,-0.7145734,beta,12,beta,beta,human1
human1_lib1.final_cell_0134-0,-29.42794,52.882668,acinar,1,acinar,acinar,human1
human1_lib1.final_cell_0135-0,7.570353,-70.77411,alpha,11,alpha,alpha,human1
human1_lib1.final_cell_0136-0,33.171368,32.858944,beta,12,beta,beta,human1
human1_lib1.final_cell_0137-0,40.57319,59.81055,beta,12,beta,beta,human1
human1_lib1.final_cell_0138-0,11.053192,-69.24993,alpha,11,alpha,alpha,human1
human1_lib1.final_cell_0139-0,35.490692,9.171421,beta,12,beta,beta,human1
human1_lib1.final_cell_0140-0,-1.9033846,22.448887,delta,8,delta,delta,human1
human1_lib1.final_cell_0141-0,25.912333,23.176317,beta,12,beta,beta,human1
human1_lib1.final_cell_0142-0,38.616364,13.653489,beta,12,beta,beta,human1
human1_lib1.final_cell_0143-0,38.765427,-10.318045,beta,12,beta,beta,human1
human1_lib1.final_cell_0144-0,51.39008,39.26831,beta,12,beta,beta,human1
human1_lib1.final_cell_0145-0,41.208115,68.64294,beta,12,beta,beta,human1
human1_lib1.final_cell_0146-0,3.4074934,18.097612,delta,8,delta,delta,human1
human1_lib1.final_cell_0147-0,40.53948,49.743977,beta,12,beta,beta,human1
human1_lib1.final_cell_0148-0,-66.137726,3.6240897,ductal,3,ductal,ductal,human1
human1_lib1.final_cell_0149-0,-66.36634,5.4766297,ductal,3,ductal,ductal,human1
human1_lib1.final_cell_0150-0,38.420918,-0.73996866,beta,12,beta,beta,human1
human1_lib1.final_cell_0151-0,37.5372,-13.056599,beta,12,beta,beta,human1
human1_lib1.final_cell_0152-0,32.765507,29.919899,beta,12,beta,beta,human1
human1_lib1.final_cell_0153-0,53.072132,-12.647404,beta,12,beta,beta,human1
human1_lib1.final_cell_0154-0,-12.434876,23.952356,delta,8,delta,delta,human1
human1_lib1.final_cell_0155-0,48.62273,-17.266216,beta,12,beta,beta,human1
human1_lib1.final_cell_0156-0,-27.360472,-7.763647,activated_stellate,10,activated_stellate,activated_stellate,human1
human1_lib1.final_cell_0157-0,36.48892,21.328444,beta,12,beta,beta,human1
human1_lib1.final_cell_0158-0,45.133934,26.056519,beta,12,beta,beta,human1
human1_lib1.final_cell_0159-0,6.853372,-71.742386,alpha,11,alpha,alpha,human1
human1_lib1.final_cell_0160-0,43.39603,30.628199,beta,12,beta,beta,human1
human1_lib1.final_cell_0161-0,33.116333,-62.918697,alpha,11,alpha,alpha,human1
human1_lib1.final_cell_0162-0,53.941277,-13.405987,beta,12,beta,beta,human1
human1_lib1.final_cell_0163-0,-45.92598,-67.078804,gamma,7,gamma,gamma,human1
human1_lib1.final_cell_0164-0,31.947357,47.143425,beta,12,beta,beta,human1
human1_lib1.final_cell_0165-0,37.555447,-6.408881,beta,12,beta,beta,human1
human1_lib1.final_cell_0166-0,44.162804,-17.8579,beta,12,beta,beta,human1
human1_lib1.final_cell_0167-0,44.582466,73.18084,beta,12,beta,beta,human1
human1_lib1.final_cell_0168-0,34.485973,-4.6913347,beta,12,beta,beta,human1
human1_lib1.final_cell_0169-0,39.85004,50.97205,beta,12,beta,beta,human1
human1_lib1.final_cell_0170-0,39.512577,48.99732,beta,12,beta,beta,human1
human1_lib1.final_cell_0171-0,-25.172035,55.671112,acinar,1,acinar,acinar,human1
human1_lib1.final_cell_0172-0,38.11001,40.21981,beta,12,beta,beta,human1
human1_lib1.final_cell_0173-0,-32.07524,52.684288,acinar,1,acinar,acinar,human1
human1_lib1.final_cell_0174-0,35.991123,12.091733,beta,12,beta,beta,human1
human1_lib1.final_cell_0175-0,46.561802,-18.61007,beta,12,beta,beta,human1
human1_lib1.final_cell_0176-0,43.88107,59.144867,beta,12,beta,beta,human1
human1_lib1.final_cell_0177-0,-30.541468,52.876102,acinar,1,acinar,acinar,human1
human1_lib1.final_cell_0178-0,-4.9438205,29.924154,delta,8,delta,delta,human1
human1_lib1.final_cell_0179-0,36.180588,58.626934,beta,12,beta,beta,human1
human1_lib1.final_cell_0180-0,-11.416909,23.757565,delta,8,delta,delta,human1
human1_lib1.final_cell_0181-0,39.415676,36.103718,beta,12,beta,beta,human1
human1_lib1.final_cell_0182-0,-30.332422,55.12079,acinar,1,acinar,acinar,human1
human1_lib1.final_cell_0183-0,29.48653,-64.82756,alpha,11,alpha,alpha,human1
human1_lib1.final_cell_0184-0,35.68672,56.848644,beta,12,beta,beta,human1
human1_lib1.final_cell_0185-0,20.774687,-75.91169,alpha,11,alpha,alpha,human1
human1_lib1.final_cell_0186-0,33.508804,-4.14835,beta,12,beta,beta,human1
human1_lib1.final_cell_0187-0,25.10468,-62.2757,alpha,11,alpha,alpha,human1
human1_lib1.final_cell_0188-0,-64.028435,26.708155,endothelial,0,endothelial,endothelial,human1
human1_lib1.final_cell_0189-0,35.002804,-9.375477,beta,12,beta,beta,human1
human1_lib1.final_cell_0190-0,40.412914,42.961132,beta,12,beta,beta,human1
human1_lib1.final_cell_0191-0,31.973303,-60.02588,alpha,11,alpha,alpha,human1
human1_lib1.final_cell_0192-0,4.671562,17.934435,delta,8,delta,delta,human1
human1_lib1.final_cell_0193-0,42.247665,-0.7117103,beta,12,beta,beta,human1
human1_lib1.final_cell_0194-0,56.820522,-10.90898,beta,12,beta,beta,human1
human1_lib1.final_cell_0195-0,-1.144261,32.137897,delta,8,delta,delta,human1
human1_lib1.final_cell_0196-0,35.396954,59.273125,beta,12,beta,beta,human1
human1_lib1.final_cell_0197-0,-50.262417,-64.79925,gamma,7,gamma,gamma,human1
human1_lib1.final_cell_0198-0,31.978796,-60.40382,alpha,11,alpha,alpha,human1
human1_lib1.final_cell_0199-0,35.674343,38.780876,beta,12,beta,beta,human1
human1_lib1.final_cell_0200-0,26.80045,11.42894,beta,12,beta,beta,human1
human1_lib1.final_cell_0201-0,-0.48444018,25.329554,delta,8,delta,delta,human1
human1_lib1.final_cell_0202-0,30.918858,-65.34325,alpha,11,alpha,alpha,human1
human1_lib1.final_cell_0203-0,-82.97439,-13.652081,ductal,3,ductal,ductal,human1
human1_lib1.final_cell_0204-0,30.549843,18.969517,beta,12,beta,beta,human1
human1_lib1.final_cell_0205-0,3.1201642,-73.103516,alpha,11,alpha,alpha,human1
human1_lib1.final_cell_0206-0,45.601883,59.157246,beta,12,beta,beta,human1
human1_lib1.final_cell_0207-0,-81.2939,-1.8741499,ductal,3,ductal,ductal,human1
human1_lib1.final_cell_0208-0,19.323553,-70.071106,alpha,11,alpha,alpha,human1
human1_lib1.final_cell_0209-0,-64.8077,2.6406698,ductal,3,ductal,ductal,human1
human1_lib1.final_cell_0210-0,43.670403,66.21554,beta,12,beta,beta,human1
human1_lib1.final_cell_0211-0,33.502758,18.068657,beta,12,beta,beta,human1
human1_lib1.final_cell_0212-0,19.462559,-55.802834,alpha,11,alpha,alpha,human1
human1_lib1.final_cell_0213-0,36.0072,61.128506,beta,12,beta,beta,human1
human1_lib1.final_cell_0214-0,43.23765,34.743835,beta,12,beta,beta,human1
human1_lib1.final_cell_0215-0,-28.561382,23.101427,quiescent_stellate,15,epsilon,quiescent_stellate,human1
human1_lib1.final_cell_0216-0,-80.88084,-3.9545016,ductal,3,ductal,ductal,human1
human1_lib1.final_cell_0217-0,-70.67721,41.354465,ductal,2,Unmatched_2,ductal,human1
human1_lib1.final_cell_0218-0,-52.463478,38.61284,endothelial,0,endothelial,endothelial,human1
human1_lib1.final_cell_0219-0,-26.88421,-7.6738524,activated_stellate,10,activated_stellate,activated_stellate,human1
human1_lib1.final_cell_0220-0,34.887524,40.254925,beta,12,beta,beta,human1
human1_lib1.final_cell_0221-0,5.8472705,21.960009,delta,8,delta,delta,human1
human1_lib1.final_cell_0222-0,-40.880344,-64.51669,gamma,7,gamma,gamma,human1
human1_lib1.final_cell_0223-0,43.95599,-9.501493,beta,12,beta,beta,human1
human1_lib1.final_cell_0224-0,33.312225,-7.8517795,beta,12,beta,beta,human1
human1_lib1.final_cell_0225-0,35.87957,57.216904,beta,12,beta,beta,human1
human1_lib1.final_cell_0226-0,23.500038,-54.763542,alpha,11,alpha,alpha,human1
human1_lib1.final_cell_0227-0,34.50494,52.369377,beta,12,beta,beta,human1
human1_lib1.final_cell_0228-0,43.63584,62.379913,beta,12,beta,beta,human1
human1_lib1.final_cell_0229-0,-2.3162725,30.062672,delta,8,delta,delta,human1
human1_lib1.final_cell_0230-0,-60.151962,4.299197,ductal,3,ductal,ductal,human1
human1_lib1.final_cell_0231-0,35.06876,12.78899,beta,12,beta,beta,human1
human1_lib1.final_cell_0232-0,5.592499,21.729784,delta,8,delta,delta,human1
human1_lib1.final_cell_0233-0,4.6971707,29.402704,delta,8,delta,delta,human1
human1_lib1.final_cell_0234-0,34.585236,48.631493,beta,12,beta,beta,human1
human1_lib1.final_cell_0235-0,-4.1901417,31.518581,delta,8,delta,delta,human1
human1_lib1.final_cell_0236-0,44.481895,-19.151,beta,12,beta,beta,human1
human1_lib1.final_cell_0237-0,-27.731308,-5.525165,activated_stellate,10,activated_stellate,activated_stellate,human1
human1_lib1.final_cell_0238-0,31.14328,-5.3776164,beta,12,beta,beta,human1
human1_lib1.final_cell_0239-0,45.415146,41.590427,beta,12,beta,beta,human1
human1_lib1.final_cell_0240-0,10.597535,25.350348,delta,8,delta,delta,human1
human1_lib1.final_cell_0241-0,37.183186,-2.65503,beta,12,beta,beta,human1
human1_lib1.final_cell_0242-0,-34.38312,21.707247,quiescent_stellate,13,quiescent_stellate,quiescent_stellate,human1
human1_lib1.final_cell_0243-0,36.736855,11.724856,beta,12,beta,beta,human1
human1_lib1.final_cell_0244-0,-29.767258,56.390594,acinar,1,acinar,acinar,human1
human1_lib1.final_cell_0245-0,17.705515,-68.32523,alpha,11,alpha,alpha,human1
human1_lib1.final_cell_0246-0,-3.0510635,32.864506,delta,8,delta,delta,human1
human1_lib1.final_cell_0247-0,36.430363,54.74297,beta,12,beta,beta,human1
human1_lib1.final_cell_0248-0,32.460815,-55.956142,alpha,11,alpha,alpha,human1
human1_lib1.final_cell_0249-0,31.161318,-3.0253098,beta,12,beta,beta,human1
human1_lib1.final_cell_0250-0,-57.98494,23.641226,endothelial,0,endothelial,endothelial,human1
human1_lib1.final_cell_0251-0,-5.255171,25.204802,delta,8,delta,delta,human1
human1_lib1.final_cell_0252-0,-1.3393351,23.883976,delta,8,delta,delta,human1
human1_lib1.final_cell_0253-0,70.38504,2.2866352,beta,12,beta,beta,human1
human1_lib1.final_cell_0254-0,47.510155,59.73526,beta,12,beta,beta,human1
human1_lib1.final_cell_0255-0,6.290451,29.31132,delta,8,delta,delta,human1
human1_lib1.final_cell_0256-0,-44.80712,-64.83612,gamma,7,gamma,gamma,human1
human1_lib1.final_cell_0257-0,5.884379,-73.11691,alpha,11,alpha,alpha,human1
human1_lib1.final_cell_0258-0,39.09428,-4.724597,beta,12,beta,beta,human1
human1_lib1.final_cell_0259-0,42.81407,-13.830652,beta,12,beta,beta,human1
human1_lib1.final_cell_0260-0,42.260098,60.56875,beta,12,beta,beta,human1
human1_lib1.final_cell_0261-0,-29.575733,69.949265,ductal,1,acinar,acinar,human1
human1_lib1.final_cell_0262-0,-5.133648,19.828922,delta,8,delta,delta,human1
human1_lib1.final_cell_0263-0,33.507526,-60.320206,alpha,11,alpha,alpha,human1
human1_lib1.final_cell_0264-0,43.893147,44.908268,beta,12,beta,beta,human1
human1_lib1.final_cell_0265-0,-40.58006,-64.55073,gamma,7,gamma,gamma,human1
human1_lib1.final_cell_0266-0,42.76627,-11.750026,beta,12,beta,beta,human1
human1_lib1.final_cell_0267-0,43.217525,27.650015,beta,12,beta,beta,human1
human1_lib1.final_cell_0268-0,44.94027,72.20366,beta,12,beta,beta,human1
human1_lib1.final_cell_0269-0,-31.572891,24.271461,quiescent_stellate,13,quiescent_stellate,quiescent_stellate,human1
human1_lib1.final_cell_0270-0,4.96721,-72.06693,alpha,11,alpha,alpha,human1
human1_lib1.final_cell_0271-0,-5.8777657,23.38003,delta,8,delta,delta,human1
human1_lib1.final_cell_0272-0,28.826153,-71.781105,alpha,11,alpha,alpha,human1
human1_lib1.final_cell_0273-0,-56.690334,33.04489,endothelial,0,endothelial,endothelial,human1
human1_lib1.final_cell_0274-0,-11.792596,-65.57744,alpha,11,alpha,alpha,human1
human1_lib1.final_cell_0275-0,1.8371438,30.98642,delta,8,delta,delta,human1
human1_lib1.final_cell_0276-0,37.387665,2.0626097,beta,12,beta,beta,human1
human1_lib1.final_cell_0277-0,-43.114895,-67.173706,gamma,7,gamma,gamma,human1
human1_lib1.final_cell_0278-0,-81.264404,-3.7010467,ductal,3,ductal,ductal,human1
human1_lib1.final_cell_0279-0,29.48385,-64.705536,alpha,11,alpha,alpha,human1
human1_lib1.final_cell_0280-0,-29.155323,-28.724514,alpha,11,alpha,alpha,human1
human1_lib1.final_cell_0281-0,0.9095905,20.013718,delta,8,delta,delta,human1
human1_lib1.final_cell_0282-0,41.141205,-2.6830533,beta,12,beta,beta,human1
human1_lib1.final_cell_0283-0,33.334732,4.9780064,beta,12,beta,beta,human1
human1_lib1.final_cell_0284-0,-64.87719,4.8573775,ductal,3,ductal,ductal,human1
human1_lib1.final_cell_0285-0,6.8094945,-66.136795,alpha,11,alpha,alpha,human1
human1_lib1.final_cell_0286-0,40.552746,-14.998451,beta,12,beta,beta,human1
human1_lib1.final_cell_0287-0,-5.0962276,14.00029,delta,8,delta,delta,human1
human1_lib1.final_cell_0288-0,-91.76314,11.500809,macrophage,6,macrophage,macrophage,human1
human1_lib1.final_cell_0289-0,-53.461075,38.089573,endothelial,0,endothelial,endothelial,human1
human1_lib1.final_cell_0290-0,29.669561,35.32202,beta,12,beta,beta,human1
human1_lib1.final_cell_0291-0,42.27889,36.151752,beta,12,beta,beta,human1
human1_lib1.final_cell_0292-0,26.655584,19.625881,beta,12,beta,beta,human1
human1_lib1.final_cell_0293-0,45.060085,63.42185,beta,12,beta,beta,human1
human1_lib1.final_cell_0294-0,32.817635,20.413418,beta,12,beta,beta,human1
human1_lib1.final_cell_0295-0,39.462727,61.097797,beta,12,beta,beta,human1
human1_lib1.final_cell_0296-0,32.919178,21.60601,beta,12,beta,beta,human1
human1_lib1.final_cell_0297-0,38.99151,59.4549,beta,12,beta,beta,human1
human1_lib1.final_cell_0298-0,29.407175,35.05174,beta,12,beta,beta,human1
human1_lib1.final_cell_0299-0,63.425297,-7.5844297,beta,12,beta,beta,human1
human1_lib1.final_cell_0300-0,30.623308,-6.415554,beta,12,beta,beta,human1
human1_lib1.final_cell_0301-0,-46.28249,-67.3165,gamma,7,gamma,gamma,human1
human1_lib1.final_cell_0302-0,-57.87127,28.06845,endothelial,0,endothelial,endothelial,human1
human1_lib1.final_cell_0303-0,30.6774,11.945469,beta,12,beta,beta,human1
human1_lib1.final_cell_0304-0,74.49921,-0.19745722,beta,12,beta,beta,human1
human1_lib1.final_cell_0305-0,45.754242,64.91137,beta,12,beta,beta,human1
human1_lib1.final_cell_0306-0,-2.2347324,21.812262,delta,8,delta,delta,human1
human1_lib1.final_cell_0307-0,39.567986,21.476398,beta,12,beta,beta,human1
human1_lib1.final_cell_0308-0,-44.220303,-65.142624,gamma,7,gamma,gamma,human1
human1_lib1.final_cell_0309-0,24.801039,-75.073044,epsilon,11,alpha,alpha,human1
human1_lib1.final_cell_0310-0,-3.8680496,21.895552,delta,8,delta,delta,human1
human1_lib1.final_cell_0311-0,56.945656,-11.121681,beta,12,beta,beta,human1
human1_lib1.final_cell_0312-0,35.08377,-1.7728944,beta,12,beta,beta,human1
human1_lib1.final_cell_0313-0,-50.026794,-62.440178,gamma,7,gamma,gamma,human1
human1_lib1.final_cell_0314-0,41.129032,-1.7053294,beta,12,beta,beta,human1
human1_lib1.final_cell_0315-0,26.786364,-79.024155,beta,11,alpha,alpha,human1
human1_lib1.final_cell_0316-0,44.25537,13.430726,beta,12,beta,beta,human1
human1_lib1.final_cell_0317-0,43.38308,25.89755,beta,12,beta,beta,human1
human1_lib1.final_cell_0318-0,34.771328,12.60171,beta,12,beta,beta,human1
human1_lib1.final_cell_0319-0,-60.945232,24.843292,endothelial,0,endothelial,endothelial,human1
human1_lib1.final_cell_0320-0,35.06725,17.042894,beta,12,beta,beta,human1
human1_lib1.final_cell_0321-0,1.3601756,20.367086,delta,8,delta,delta,human1
human1_lib1.final_cell_0322-0,18.162548,-62.070713,alpha,11,alpha,alpha,human1
human1_lib1.final_cell_0323-0,26.663982,-79.16006,epsilon,15,epsilon,quiescent_stellate,human1
human1_lib1.final_cell_0324-0,29.656109,-62.04472,alpha,11,alpha,alpha,human1
human1_lib1.final_cell_0325-0,-32.469067,24.091251,quiescent_stellate,13,quiescent_stellate,quiescent_stellate,human1
human1_lib1.final_cell_0326-0,23.630022,-76.73012,alpha,11,alpha,alpha,human1
human1_lib1.final_cell_0327-0,27.828642,-64.25485,alpha,11,alpha,alpha,human1
human1_lib1.final_cell_0328-0,41.740456,37.883602,beta,12,beta,beta,human1
human1_lib1.final_cell_0329-0,54.324646,-10.786509,beta,12,beta,beta,human1
human1_lib1.final_cell_0330-0,-71.63372,41.440975,ductal,2,Unmatched_2,ductal,human1
human1_lib1.final_cell_0331-0,56.420097,46.863678,beta,12,beta,beta,human1
human1_lib1.final_cell_0332-0,-37.242393,-35.753963,alpha,11,alpha,alpha,human1
human1_lib1.final_cell_0333-0,43.8087,57.760235,beta,12,beta,beta,human1
human1_lib1.final_cell_0334-0,3.4706304,-73.563576,alpha,11,alpha,alpha,human1
human1_lib1.final_cell_0335-0,42.75119,6.9509325,beta,12,beta,beta,human1
human1_lib1.final_cell_0336-0,31.023193,60.169426,beta,12,beta,beta,human1
human1_lib1.final_cell_0337-0,10.981006,27.100601,delta,8,delta,delta,human1
human1_lib1.final_cell_0338-0,2.16232,21.15763,delta,8,delta,delta,human1
human1_lib1.final_cell_0339-0,39.26379,52.44425,beta,12,beta,beta,human1
human1_lib1.final_cell_0340-0,36.467228,69.08361,beta,12,beta,beta,human1
human1_lib1.final_cell_0341-0,44.747574,14.267987,beta,12,beta,beta,human1
human1_lib1.final_cell_0342-0,-76.98361,41.15783,ductal,2,Unmatched_2,ductal,human1
human1_lib1.final_cell_0343-0,-30.974434,53.544933,acinar,1,acinar,acinar,human1
human1_lib1.final_cell_0344-0,44.106068,71.19681,beta,12,beta,beta,human1
human1_lib1.final_cell_0345-0,4.671976,-19.557861,alpha,11,alpha,alpha,human1
human1_lib1.final_cell_0346-0,32.54092,23.298279,beta,12,beta,beta,human1
human1_lib1.final_cell_0347-0,40.037968,3.8657234,beta,12,beta,beta,human1
human1_lib1.final_cell_0348-0,17.30907,-62.677937,alpha,11,alpha,alpha,human1
human1_lib1.final_cell_0349-0,38.580845,-13.486934,beta,12,beta,beta,human1
human1_lib1.final_cell_0350-0,-33.35307,24.209063,quiescent_stellate,13,quiescent_stellate,quiescent_stellate,human1
human1_lib1.final_cell_0351-0,44.637646,69.97796,beta,12,beta,beta,human1
human1_lib1.final_cell_0352-0,-37.497467,-72.018814,gamma,7,gamma,gamma,human1
human1_lib1.final_cell_0353-0,43.27883,14.057739,beta,12,beta,beta,human1
human1_lib1.final_cell_0354-0,-50.14933,-63.481155,gamma,7,gamma,gamma,human1
human1_lib1.final_cell_0355-0,-59.16993,22.587545,endothelial,0,endothelial,endothelial,human1
human1_lib1.final_cell_0356-0,30.267385,11.484837,beta,12,beta,beta,human1
human1_lib1.final_cell_0357-0,24.871397,-58.642574,alpha,11,alpha,alpha,human1
human1_lib1.final_cell_0358-0,-26.690315,7.9389334,schwann,9,schwann,schwann,human1
human1_lib1.final_cell_0359-0,43.273872,63.449406,beta,12,beta,beta,human1
human1_lib1.final_cell_0360-0,-35.635735,21.92779,quiescent_stellate,13,quiescent_stellate,quiescent_stellate,human1
human1_lib1.final_cell_0361-0,-59.096767,26.857332,endothelial,0,endothelial,endothelial,human1
human1_lib1.final_cell_0362-0,-42.91599,-68.739395,gamma,7,gamma,gamma,human1
human1_lib1.final_cell_0363-0,39.5155,13.840062,beta,12,beta,beta,human1
human1_lib1.final_cell_0364-0,54.39356,-15.203681,beta,12,beta,beta,human1
human1_lib1.final_cell_0365-0,29.33004,-62.4162,alpha,11,alpha,alpha,human1
human1_lib1.final_cell_0366-0,28.37146,-59.640514,alpha,11,alpha,alpha,human1
human1_lib1.final_cell_0367-0,-47.732635,-64.83502,gamma,7,gamma,gamma,human1
human1_lib1.final_cell_0368-0,40.091965,35.906464,beta,12,beta,beta,human1
human1_lib1.final_cell_0369-0,28.11873,49.057762,beta,12,beta,beta,human1
human1_lib1.final_cell_0370-0,1.9098344,19.623608,delta,8,delta,delta,human1
human1_lib1.final_cell_0371-0,-29.468853,53.325504,acinar,1,acinar,acinar,human1
human1_lib1.final_cell_0372-0,-24.71142,54.263615,acinar,1,acinar,acinar,human1
human1_lib1.final_cell_0373-0,-48.288895,-64.88612,gamma,7,gamma,gamma,human1
human1_lib1.final_cell_0374-0,-75.98082,-9.120707,ductal,3,ductal,ductal,human1
human1_lib1.final_cell_0375-0,-63.426292,5.439355,ductal,3,ductal,ductal,human1
human1_lib1.final_cell_0376-0,-59.901566,34.245678,endothelial,0,endothelial,endothelial,human1
human1_lib1.final_cell_0377-0,-1.4516916,20.138983,delta,8,delta,delta,human1
human1_lib1.final_cell_0378-0,47.81366,-14.381447,beta,12,beta,beta,human1
human1_lib1.final_cell_0379-0,39.81703,42.0867,beta,12,beta,beta,human1
human1_lib1.final_cell_0380-0,-61.81999,21.574032,endothelial,0,endothelial,endothelial,human1
human1_lib1.final_cell_0381-0,16.339405,-66.8572,alpha,11,alpha,alpha,human1
human1_lib1.final_cell_0382-0,-31.29226,52.604053,acinar,1,acinar,acinar,human1
human1_lib1.final_cell_0383-0,-59.78837,25.392532,endothelial,0,endothelial,endothelial,human1
human1_lib1.final_cell_0384-0,-51.47809,30.526033,endothelial,0,endothelial,endothelial,human1
human1_lib1.final_cell_0385-0,28.145132,-68.167435,alpha,11,alpha,alpha,human1
human1_lib1.final_cell_0386-0,37.30211,69.4348,beta,12,beta,beta,human1
human1_lib1.final_cell_0387-0,31.517092,31.13271,beta,12,beta,beta,human1
human1_lib1.final_cell_0388-0,-49.512535,-62.068398,gamma,7,gamma,gamma,human1
human1_lib1.final_cell_0389-0,49.912876,42.554615,beta,12,beta,beta,human1
human1_lib1.final_cell_0390-0,12.223623,-64.10373,alpha,11,alpha,alpha,human1
human1_lib1.final_cell_0391-0,26.175734,21.944662,beta,12,beta,beta,human1
human1_lib1.final_cell_0392-0,45.215164,-3.4326603,beta,12,beta,beta,human1
human1_lib1.final_cell_0393-0,43.07634,44.5194,beta,12,beta,beta,human1
human1_lib1.final_cell_0394-0,37.326263,69.77424,beta,12,beta,beta,human1
human1_lib1.final_cell_0395-0,27.925869,-3.9404788,beta,12,beta,beta,human1
human1_lib1.final_cell_0396-0,12.676348,25.862469,delta,8,delta,delta,human1
human1_lib1.final_cell_0397-0,25.43699,20.699133,beta,12,beta,beta,human1
human1_lib1.final_cell_0398-0,-34.864918,18.375788,quiescent_stellate,13,quiescent_stellate,quiescent_stellate,human1
human1_lib1.final_cell_0399-0,-28.123615,-4.6283326,activated_stellate,10,activated_stellate,activated_stellate,human1
human1_lib1.final_cell_0400-0,42.02509,49.27619,beta,12,beta,beta,human1
human1_lib1.final_cell_0401-0,-38.917892,-35.212036,alpha,11,alpha,alpha,human1
human1_lib1.final_cell_0402-0,25.828505,19.361609,beta,12,beta,beta,human1
human1_lib1.final_cell_0403-0,-43.899902,-67.33988,gamma,7,gamma,gamma,human1
human1_lib1.final_cell_0404-0,-31.905703,21.768179,quiescent_stellate,13,quiescent_stellate,quiescent_stellate,human1
human1_lib1.final_cell_0405-0,43.794437,64.10277,beta,12,beta,beta,human1
human1_lib1.final_cell_0406-0,29.59322,-61.65008,alpha,11,alpha,alpha,human1
human1_lib1.final_cell_0407-0,-30.739386,21.777536,quiescent_stellate,13,quiescent_stellate,quiescent_stellate,human1
human1_lib1.final_cell_0408-0,-63.39565,22.495316,endothelial,0,endothelial,endothelial,human1
human1_lib1.final_cell_0409-0,39.86469,-18.31858,beta,12,beta,beta,human1
human1_lib1.final_cell_0410-0,-65.91498,3.7731059,ductal,3,ductal,ductal,human1
human1_lib1.final_cell_0411-0,-59.068485,26.577312,endothelial,0,endothelial,endothelial,human1
human1_lib1.final_cell_0412-0,-76.98192,42.124252,ductal,2,Unmatched_2,ductal,human1
human1_lib1.final_cell_0413-0,-31.43266,53.123257,acinar,1,acinar,acinar,human1
human1_lib1.final_cell_0414-0,27.637377,-73.23281,alpha,11,alpha,alpha,human1
human1_lib1.final_cell_0415-0,-5.327338,24.432444,delta,8,delta,delta,human1
human1_lib1.final_cell_0416-0,9.19366,30.061049,beta,8,delta,delta,human1
human1_lib1.final_cell_0417-0,-88.41334,15.96086,macrophage,15,epsilon,quiescent_stellate,human1
human1_lib1.final_cell_0418-0,-71.638,-0.6295975,ductal,3,ductal,ductal,human1
human1_lib1.final_cell_0419-0,-63.55322,23.7444,endothelial,0,endothelial,endothelial,human1
human1_lib1.final_cell_0420-0,-64.16132,25.209461,endothelial,0,endothelial,endothelial,human1
human1_lib1.final_cell_0421-0,-45.26379,-64.35581,gamma,7,gamma,gamma,human1
human1_lib1.final_cell_0422-0,-62.97353,22.123446,endothelial,0,endothelial,endothelial,human1
human1_lib1.final_cell_0423-0,-61.038105,24.911306,endothelial,0,endothelial,endothelial,human1
human1_lib1.final_cell_0424-0,48.000454,-15.633782,beta,12,beta,beta,human1
human1_lib1.final_cell_0425-0,46.352654,44.74595,beta,12,beta,beta,human1
human1_lib1.final_cell_0426-0,-43.884266,-69.94654,gamma,7,gamma,gamma,human1
human1_lib1.final_cell_0427-0,1.9357384,-34.817493,beta,11,alpha,alpha,human1
human1_lib1.final_cell_0428-0,44.75296,-39.75256,mast,4,mast,mast,human1
human1_lib1.final_cell_0429-0,28.211803,48.211678,beta,12,beta,beta,human1
human1_lib1.final_cell_0430-0,-52.501614,29.881514,endothelial,0,endothelial,endothelial,human1
human1_lib1.final_cell_0431-0,-49.720123,-64.72929,gamma,7,gamma,gamma,human1
human1_lib1.final_cell_0432-0,-32.947826,22.607626,quiescent_stellate,13,quiescent_stellate,quiescent_stellate,human1
human1_lib1.final_cell_0433-0,5.2609353,-71.32857,alpha,11,alpha,alpha,human1
human1_lib1.final_cell_0434-0,38.54429,16.895283,beta,12,beta,beta,human1
human1_lib1.final_cell_0435-0,19.73887,-64.34419,alpha,11,alpha,alpha,human1
human1_lib1.final_cell_0436-0,-32.725876,51.275906,acinar,1,acinar,acinar,human1
human1_lib1.final_cell_0437-0,-76.10204,41.284702,ductal,2,Unmatched_2,ductal,human1
human1_lib1.final_cell_0438-0,44.633965,18.252754,beta,12,beta,beta,human1
human1_lib1.final_cell_0439-0,33.56151,57.87375,beta,12,beta,beta,human1
human1_lib1.final_cell_0440-0,-76.84517,42.31565,ductal,2,Unmatched_2,ductal,human1
human1_lib1.final_cell_0441-0,33.550034,-8.280062,beta,12,beta,beta,human1
human1_lib1.final_cell_0442-0,37.872623,43.329636,beta,12,beta,beta,human1
human1_lib1.final_cell_0443-0,-80.75465,-13.15096,ductal,3,ductal,ductal,human1
human1_lib1.final_cell_0444-0,-28.747625,60.434723,acinar,1,acinar,acinar,human1
human1_lib1.final_cell_0445-0,-56.332127,33.17468,endothelial,0,endothelial,endothelial,human1
human1_lib1.final_cell_0446-0,32.996758,-8.295826,beta,12,beta,beta,human1
human1_lib1.final_cell_0447-0,56.744015,46.771614,beta,15,epsilon,quiescent_stellate,human1
human1_lib1.final_cell_0448-0,33.793434,18.864918,beta,12,beta,beta,human1
human1_lib1.final_cell_0449-0,-79.1496,-12.249941,ductal,3,ductal,ductal,human1
human1_lib1.final_cell_0450-0,-26.48065,-3.185098,activated_stellate,10,activated_stellate,activated_stellate,human1
human1_lib1.final_cell_0451-0,36.91104,27.964476,beta,12,beta,beta,human1
human1_lib1.final_cell_0452-0,-30.230494,22.36992,quiescent_stellate,13,quiescent_stellate,quiescent_stellate,human1
human1_lib1.final_cell_0453-0,-31.45993,53.49487,acinar,1,acinar,acinar,human1
human1_lib1.final_cell_0454-0,-42.970398,-69.45237,gamma,7,gamma,gamma,human1
human1_lib1.final_cell_0455-0,-30.696981,22.414968,quiescent_stellate,13,quiescent_stellate,quiescent_stellate,human1
human1_lib1.final_cell_0456-0,-63.236755,22.84546,endothelial,0,endothelial,endothelial,human1
human1_lib1.final_cell_0457-0,-54.29682,29.396893,endothelial,0,endothelial,endothelial,human1
human1_lib1.final_cell_0458-0,22.481716,-61.05243,alpha,11,alpha,alpha,human1
human1_lib1.final_cell_0459-0,-32.43992,24.45253,quiescent_stellate,13,quiescent_stellate,quiescent_stellate,human1
human1_lib1.final_cell_0460-0,4.55069,-19.230577,beta,15,epsilon,quiescent_stellate,human1
human1_lib1.final_cell_0461-0,-36.27412,59.33027,acinar,1,acinar,acinar,human1
human1_lib1.final_cell_0462-0,60.85396,-9.006655,beta,12,beta,beta,human1
human1_lib1.final_cell_0463-0,-53.217983,27.131609,endothelial,0,endothelial,endothelial,human1
human1_lib1.final_cell_0464-0,-55.629974,28.662062,endothelial,0,endothelial,endothelial,human1
human1_lib1.final_cell_0465-0,47.53132,-11.598934,beta,12,beta,beta,human1
human1_lib1.final_cell_0466-0,-32.60733,54.028954,acinar,1,acinar,acinar,human1
human1_lib1.final_cell_0467-0,-2.0333533,32.859413,delta,8,delta,delta,human1
human1_lib1.final_cell_0468-0,37.696453,-5.500705,beta,12,beta,beta,human1
human1_lib1.final_cell_0469-0,39.860374,-9.977851,beta,12,beta,beta,human1
human1_lib1.final_cell_0470-0,31.426842,11.042621,beta,12,beta,beta,human1
human1_lib1.final_cell_0471-0,57.808598,-13.1988735,beta,12,beta,beta,human1
human1_lib1.final_cell_0472-0,25.03484,8.324488,beta,12,beta,beta,human1
human1_lib1.final_cell_0473-0,55.94744,-6.501718,beta,12,beta,beta,human1
human1_lib1.final_cell_0474-0,48.418045,-15.764052,beta,12,beta,beta,human1
human1_lib1.final_cell_0475-0,45.961765,-0.74898916,beta,12,beta,beta,human1
human1_lib1.final_cell_0476-0,1.6798264,13.358721,gamma,8,delta,delta,human1
human1_lib1.final_cell_0477-0,-75.64066,-3.4907222,ductal,3,ductal,ductal,human1
human1_lib1.final_cell_0478-0,33.344418,56.089405,beta,12,beta,beta,human1
human1_lib1.final_cell_0479-0,-36.216766,-65.24756,gamma,7,gamma,gamma,human1
human1_lib1.final_cell_0480-0,35.06019,-10.2198715,beta,12,beta,beta,human1
human1_lib1.final_cell_0481-0,-6.147024,19.075947,delta,8,delta,delta,human1
human1_lib1.final_cell_0482-0,37.17371,2.4201927,beta,12,beta,beta,human1
human1_lib1.final_cell_0483-0,51.030098,-10.55404,beta,12,beta,beta,human1
human1_lib1.final_cell_0484-0,-36.397636,-69.833435,gamma,7,gamma,gamma,human1
human1_lib1.final_cell_0485-0,-34.304253,22.061024,quiescent_stellate,13,quiescent_stellate,quiescent_stellate,human1
human1_lib1.final_cell_0486-0,-5.3071527,18.351748,delta,8,delta,delta,human1
human1_lib1.final_cell_0487-0,36.42148,-12.099851,beta,12,beta,beta,human1
human1_lib1.final_cell_0488-0,-1.986055,12.838288,delta,8,delta,delta,human1
human1_lib1.final_cell_0489-0,-30.79943,15.47315,quiescent_stellate,15,epsilon,quiescent_stellate,human1
human1_lib1.final_cell_0490-0,56.82235,45.37234,delta,15,epsilon,quiescent_stellate,human1
human1_lib1.final_cell_0491-0,37.23208,43.84652,beta,12,beta,beta,human1
human1_lib1.final_cell_0492-0,30.29055,-65.1583,alpha,11,alpha,alpha,human1
human1_lib1.final_cell_0493-0,-1.9694002,19.442005,delta,8,delta,delta,human1
human1_lib1.final_cell_0494-0,32.724667,-62.232204,alpha,11,alpha,alpha,human1
human1_lib1.final_cell_0495-0,-33.00319,24.255182,quiescent_stellate,13,quiescent_stellate,quiescent_stellate,human1
human1_lib1.final_cell_0496-0,-31.942738,14.833441,quiescent_stellate,13,quiescent_stellate,quiescent_stellate,human1
human1_lib1.final_cell_0497-0,51.408737,39.32515,beta,12,beta,beta,human1
human1_lib1.final_cell_0498-0,-63.503002,25.279823,endothelial,0,endothelial,endothelial,human1
human1_lib1.final_cell_0499-0,-58.475857,27.160292,endothelial,0,endothelial,endothelial,human1
human1_lib1.final_cell_0500-0,-27.301378,-0.38160855,activated_stellate,10,activated_stellate,activated_stellate,human1
human1_lib1.final_cell_0501-0,32.37511,47.423355,beta,12,beta,beta,human1
human1_lib1.final_cell_0502-0,25.053408,-62.70818,alpha,11,alpha,alpha,human1
human1_lib1.final_cell_0503-0,-7.1526856,19.185875,delta,8,delta,delta,human1
human1_lib1.final_cell_0504-0,30.010626,13.94709,beta,12,beta,beta,human1
human1_lib1.final_cell_0505-0,-63.8204,26.460281,endothelial,0,endothelial,endothelial,human1
human1_lib1.final_cell_0506-0,0.5357168,-62.37544,alpha,11,alpha,alpha,human1
human1_lib1.final_cell_0507-0,-34.586052,22.262978,quiescent_stellate,13,quiescent_stellate,quiescent_stellate,human1
human1_lib1.final_cell_0508-0,-7.3573117,-28.313787,beta,15,epsilon,quiescent_stellate,human1
human1_lib1.final_cell_0509-0,-63.764214,23.665136,endothelial,0,endothelial,endothelial,human1
human1_lib1.final_cell_0510-0,-26.929241,-0.18256617,activated_stellate,10,activated_stellate,activated_stellate,human1
human1_lib1.final_cell_0511-0,-41.578568,-63.62298,gamma,7,gamma,gamma,human1
human1_lib1.final_cell_0512-0,38.629894,1.1961015,beta,12,beta,beta,human1
human1_lib1.final_cell_0513-0,-32.15113,17.345871,quiescent_stellate,13,quiescent_stellate,quiescent_stellate,human1
human1_lib1.final_cell_0514-0,29.206871,0.75433445,beta,12,beta,beta,human1
human1_lib1.final_cell_0515-0,-53.10886,26.252718,endothelial,0,endothelial,endothelial,human1
human1_lib1.final_cell_0516-0,-48.70761,-67.252205,gamma,7,gamma,gamma,human1
human1_lib1.final_cell_0517-0,30.600466,44.997307,beta,12,beta,beta,human1
human1_lib1.final_cell_0518-0,47.815228,-18.481825,beta,12,beta,beta,human1
human1_lib1.final_cell_0519-0,18.260439,-56.619987,alpha,11,alpha,alpha,human1
human1_lib1.final_cell_0520-0,-58.143513,25.908754,endothelial,0,endothelial,endothelial,human1
human1_lib1.final_cell_0521-0,-44.111473,-68.32924,gamma,7,gamma,gamma,human1
human1_lib1.final_cell_0522-0,28.781746,-2.273915,beta,12,beta,beta,human1
human1_lib1.final_cell_0523-0,48.367573,44.7021,beta,12,beta,beta,human1
human1_lib1.final_cell_0524-0,45.570812,61.89438,beta,12,beta,beta,human1
human1_lib1.final_cell_0525-0,-3.9772246,8.641984,beta,8,delta,delta,human1
human1_lib1.final_cell_0526-0,-53.03389,30.307238,endothelial,0,endothelial,endothelial,human1
human1_lib1.final_cell_0527-0,44.145,-38.97591,mast,4,mast,mast,human1
human1_lib1.final_cell_0528-0,37.557526,27.394804,beta,12,beta,beta,human1
human1_lib1.final_cell_0529-0,52.903294,45.466503,beta,12,beta,beta,human1
human1_lib1.final_cell_0530-0,-52.949066,31.79673,endothelial,0,endothelial,endothelial,human1
human1_lib1.final_cell_0531-0,39.974537,-0.462568,beta,12,beta,beta,human1
human1_lib1.final_cell_0532-0,-54.147358,31.023952,endothelial,0,endothelial,endothelial,human1
human1_lib1.final_cell_0533-0,27.029486,-0.66480523,beta,12,beta,beta,human1
human1_lib1.final_cell_0534-0,-63.181767,25.394262,endothelial,0,endothelial,endothelial,human1
human1_lib1.final_cell_0535-0,31.273449,53.22297,beta,12,beta,beta,human1
human1_lib1.final_cell_0536-0,-29.338732,18.09876,quiescent_stellate,15,epsilon,quiescent_stellate,human1
human1_lib1.final_cell_0537-0,-63.023167,25.593452,endothelial,0,endothelial,endothelial,human1
human1_lib1.final_cell_0538-0,-60.605343,25.58339,endothelial,0,endothelial,endothelial,human1
human1_lib1.final_cell_0539-0,44.722286,18.237768,beta,12,beta,beta,human1
human1_lib1.final_cell_0540-0,-63.868317,27.425533,endothelial,0,endothelial,endothelial,human1
human1_lib1.final_cell_0541-0,-32.138313,14.78734,quiescent_stellate,13,quiescent_stellate,quiescent_stellate,human1
human1_lib1.final_cell_0542-0,55.94322,47.51302,beta,12,beta,beta,human1
human1_lib1.final_cell_0543-0,28.747334,-63.958344,alpha,11,alpha,alpha,human1
human1_lib1.final_cell_0544-0,-52.605225,-2.2331052,ductal,3,ductal,ductal,human1
human1_lib1.final_cell_0545-0,-55.848675,33.196323,endothelial,0,endothelial,endothelial,human1
human1_lib1.final_cell_0546-0,36.242332,69.331924,beta,12,beta,beta,human1
human1_lib1.final_cell_0547-0,44.67985,0.22625001,beta,12,beta,beta,human1
human1_lib1.final_cell_0548-0,-63.77127,27.052198,endothelial,0,endothelial,endothelial,human1
human1_lib1.final_cell_0549-0,45.504322,-19.027205,beta,12,beta,beta,human1
human1_lib1.final_cell_0550-0,27.83381,17.948856,beta,12,beta,beta,human1
human1_lib1.final_cell_0551-0,28.670656,3.62132,beta,12,beta,beta,human1
human1_lib1.final_cell_0552-0,-56.623165,32.60925,endothelial,0,endothelial,endothelial,human1
human1_lib1.final_cell_0553-0,-90.25449,14.216794,macrophage,6,macrophage,macrophage,human1
human1_lib1.final_cell_0554-0,-63.472363,27.22505,endothelial,0,endothelial,endothelial,human1
human1_lib1.final_cell_0555-0,-55.6466,-2.7534847,ductal,3,ductal,ductal,human1
human1_lib1.final_cell_0556-0,34.334435,-4.65229,beta,12,beta,beta,human1
human1_lib1.final_cell_0557-0,-75.56345,-3.2606359,ductal,3,ductal,ductal,human1
human1_lib1.final_cell_0558-0,-58.13877,34.253433,endothelial,0,endothelial,endothelial,human1
human1_lib1.final_cell_0559-0,-33.1072,15.734885,quiescent_stellate,13,quiescent_stellate,quiescent_stellate,human1
human1_lib1.final_cell_0560-0,39.12979,63.59317,beta,12,beta,beta,human1
human1_lib1.final_cell_0561-0,-61.096382,29.950586,endothelial,0,endothelial,endothelial,human1
human1_lib1.final_cell_0562-0,-62.722782,26.009876,endothelial,0,endothelial,endothelial,human1
human1_lib1.final_cell_0563-0,54.8316,-14.739464,beta,12,beta,beta,human1
human1_lib1.final_cell_0564-0,-55.39894,30.453508,endothelial,0,endothelial,endothelial,human1
human1_lib1.final_cell_0565-0,-63.186665,27.577942,endothelial,0,endothelial,endothelial,human1
human1_lib1.final_cell_0566-0,24.112314,-80.49252,alpha,11,alpha,alpha,human1
human1_lib1.final_cell_0567-0,-57.562363,5.8608403,ductal,3,ductal,ductal,human1
human1_lib1.final_cell_0568-0,36.203133,15.172621,beta,12,beta,beta,human1
human1_lib2.final_cell_0001-0,-27.908226,64.17862,delta,1,acinar,acinar,human1
human1_lib2.final_cell_0002-0,-3.0167298,31.450394,delta,8,delta,delta,human1
human1_lib2.final_cell_0003-0,1.3880105,27.653696,delta,8,delta,delta,human1
human1_lib2.final_cell_0004-0,-29.11228,66.89702,acinar,1,acinar,acinar,human1
human1_lib2.final_cell_0005-0,-20.062849,61.871002,acinar,1,acinar,acinar,human1
human1_lib2.final_cell_0006-0,-29.749056,55.96294,acinar,1,acinar,acinar,human1
human1_lib2.final_cell_0007-0,-31.497606,54.683952,acinar,1,acinar,acinar,human1
human1_lib2.final_cell_0008-0,5.282458,23.18334,delta,8,delta,delta,human1
human1_lib2.final_cell_0009-0,-27.212772,56.817383,acinar,1,acinar,acinar,human1
human1_lib2.final_cell_0010-0,-40.607475,57.322353,ductal,1,acinar,acinar,human1
human1_lib2.final_cell_0011-0,28.58932,-63.444515,alpha,11,alpha,alpha,human1
human1_lib2.final_cell_0012-0,4.644196,18.064857,delta,8,delta,delta,human1
human1_lib2.final_cell_0013-0,-13.117972,25.683931,delta,8,delta,delta,human1
human1_lib2.final_cell_0014-0,-2.9582324,22.609667,delta,8,delta,delta,human1
human1_lib2.final_cell_0015-0,-5.409422,17.489975,delta,8,delta,delta,human1
human1_lib2.final_cell_0016-0,-29.576988,58.512714,acinar,1,acinar,acinar,human1
human1_lib2.final_cell_0017-0,48.63311,-10.324922,beta,12,beta,beta,human1
human1_lib2.final_cell_0018-0,-27.35139,56.098507,acinar,1,acinar,acinar,human1
human1_lib2.final_cell_0019-0,-63.431686,28.161566,endothelial,0,endothelial,endothelial,human1
human1_lib2.final_cell_0020-0,2.3470693,27.631842,delta,8,delta,delta,human1
human1_lib2.final_cell_0021-0,36.50859,11.344054,beta,12,beta,beta,human1
human1_lib2.final_cell_0022-0,-11.718927,26.462309,delta,8,delta,delta,human1
human1_lib2.final_cell_0023-0,22.09215,-54.85856,alpha,11,alpha,alpha,human1
human1_lib2.final_cell_0024-0,-70.735695,41.455055,ductal,2,Unmatched_2,ductal,human1
human1_lib2.final_cell_0025-0,-3.843953,23.210846,delta,8,delta,delta,human1
human1_lib2.final_cell_0026-0,-0.8787864,24.599129,delta,8,delta,delta,human1
human1_lib2.final_cell_0027-0,32.738983,10.920354,beta,12,beta,beta,human1
human1_lib2.final_cell_0028-0,-1.7930614,31.088497,delta,8,delta,delta,human1
human1_lib2.final_cell_0029-0,46.31304,-10.336763,beta,12,beta,beta,human1
human1_lib2.final_cell_0030-0,43.238617,72.50024,beta,12,beta,beta,human1
human1_lib2.final_cell_0031-0,-11.987067,19.681011,delta,8,delta,delta,human1
human1_lib2.final_cell_0032-0,-44.89032,-65.33371,gamma,7,gamma,gamma,human1
human1_lib2.final_cell_0033-0,36.260418,53.946728,beta,12,beta,beta,human1
human1_lib2.final_cell_0034-0,-1.3851031,17.271204,delta,8,delta,delta,human1
human1_lib2.final_cell_0035-0,54.19117,-15.318099,beta,12,beta,beta,human1
human1_lib2.final_cell_0036-0,-0.937532,22.247097,delta,8,delta,delta,human1
human1_lib2.final_cell_0037-0,43.88453,65.2897,beta,12,beta,beta,human1
human1_lib2.final_cell_0038-0,15.797984,-52.079857,alpha,11,alpha,alpha,human1
human1_lib2.final_cell_0039-0,42.201527,43.32095,beta,12,beta,beta,human1
human1_lib2.final_cell_0040-0,-0.1885125,29.222672,delta,8,delta,delta,human1
human1_lib2.final_cell_0041-0,4.6641035,27.760918,delta,8,delta,delta,human1
human1_lib2.final_cell_0042-0,40.80466,48.239853,beta,12,beta,beta,human1
human1_lib2.final_cell_0043-0,5.2326407,21.48457,delta,8,delta,delta,human1
human1_lib2.final_cell_0044-0,0.070369326,21.144697,delta,8,delta,delta,human1
human1_lib2.final_cell_0045-0,-74.06794,41.868244,ductal,2,Unmatched_2,ductal,human1
human1_lib2.final_cell_0046-0,32.618923,52.447506,beta,12,beta,beta,human1
human1_lib2.final_cell_0047-0,-2.2174866,27.684195,delta,8,delta,delta,human1
human1_lib2.final_cell_0048-0,10.264353,25.787825,delta,8,delta,delta,human1
human1_lib2.final_cell_0049-0,19.466257,-68.773476,alpha,11,alpha,alpha,human1
human1_lib2.final_cell_0050-0,36.23612,15.281654,beta,12,beta,beta,human1
human1_lib2.final_cell_0051-0,-30.718536,-45.23604,alpha,11,alpha,alpha,human1
human1_lib2.final_cell_0052-0,3.8804116,-54.49194,alpha,11,alpha,alpha,human1
human1_lib2.final_cell_0053-0,43.412594,30.921215,beta,12,beta,beta,human1
human1_lib2.final_cell_0054-0,-28.291842,60.14346,acinar,1,acinar,acinar,human1
human1_lib2.final_cell_0055-0,40.878586,-0.43105406,beta,12,beta,beta,human1
human1_lib2.final_cell_0056-0,29.58254,16.890202,beta,12,beta,beta,human1
human1_lib2.final_cell_0057-0,35.58503,47.15163,beta,12,beta,beta,human1
human1_lib2.final_cell_0058-0,-4.7356067,19.47434,delta,8,delta,delta,human1
human1_lib2.final_cell_0059-0,-24.2375,-10.157009,activated_stellate,10,activated_stellate,activated_stellate,human1
human1_lib2.final_cell_0060-0,37.380726,12.778151,beta,12,beta,beta,human1
human1_lib2.final_cell_0061-0,38.27933,42.588684,beta,12,beta,beta,human1
human1_lib2.final_cell_0062-0,42.10823,-10.375959,beta,12,beta,beta,human1
human1_lib2.final_cell_0063-0,-10.925242,15.892542,delta,8,delta,delta,human1
human1_lib2.final_cell_0064-0,37.794903,16.10964,beta,12,beta,beta,human1
human1_lib2.final_cell_0065-0,6.1056595,-63.31066,alpha,11,alpha,alpha,human1
human1_lib2.final_cell_0066-0,-80.5267,-1.2969985,ductal,3,ductal,ductal,human1
human1_lib2.final_cell_0067-0,-39.053093,54.022938,acinar,1,acinar,acinar,human1
human1_lib2.final_cell_0068-0,9.157671,26.589876,delta,8,delta,delta,human1
human1_lib2.final_cell_0069-0,38.7846,-14.244584,beta,12,beta,beta,human1
human1_lib2.final_cell_0070-0,38.221703,-16.480013,beta,12,beta,beta,human1
human1_lib2.final_cell_0071-0,40.303,26.887316,beta,12,beta,beta,human1
human1_lib2.final_cell_0072-0,-32.36796,53.697865,acinar,1,acinar,acinar,human1
human1_lib2.final_cell_0073-0,30.989899,11.384448,beta,12,beta,beta,human1
human1_lib2.final_cell_0074-0,2.0069237,32.25326,delta,8,delta,delta,human1
human1_lib2.final_cell_0075-0,38.619083,-10.522343,beta,12,beta,beta,human1
human1_lib2.final_cell_0076-0,38.98409,52.322502,beta,12,beta,beta,human1
human1_lib2.final_cell_0077-0,33.737003,23.035227,beta,12,beta,beta,human1
human1_lib2.final_cell_0078-0,-10.263179,21.024084,delta,8,delta,delta,human1
human1_lib2.final_cell_0079-0,-3.3410206,24.71886,delta,8,delta,delta,human1
human1_lib2.final_cell_0080-0,38.118176,14.888477,beta,12,beta,beta,human1
human1_lib2.final_cell_0081-0,-11.576912,24.245127,delta,8,delta,delta,human1
human1_lib2.final_cell_0082-0,41.02094,62.19923,beta,12,beta,beta,human1
human1_lib2.final_cell_0083-0,37.729847,7.953155,beta,12,beta,beta,human1
human1_lib2.final_cell_0084-0,33.288616,4.367818,beta,12,beta,beta,human1
human1_lib2.final_cell_0085-0,36.766716,48.596886,beta,12,beta,beta,human1
human1_lib2.final_cell_0086-0,29.614313,8.983045,beta,12,beta,beta,human1
human1_lib2.final_cell_0087-0,44.314526,16.150497,beta,12,beta,beta,human1
human1_lib2.final_cell_0088-0,-30.546595,60.21293,acinar,1,acinar,acinar,human1
human1_lib2.final_cell_0089-0,67.13801,-0.41635865,beta,12,beta,beta,human1
human1_lib2.final_cell_0090-0,50.553776,-10.389407,beta,12,beta,beta,human1
human1_lib2.final_cell_0091-0,30.62509,2.8041513,beta,12,beta,beta,human1
human1_lib2.final_cell_0092-0,29.361786,-63.97929,alpha,11,alpha,alpha,human1
human1_lib2.final_cell_0093-0,-58.815323,33.81475,endothelial,0,endothelial,endothelial,human1
human1_lib2.final_cell_0094-0,29.11635,8.766312,beta,12,beta,beta,human1
human1_lib2.final_cell_0095-0,-12.28512,24.874678,delta,8,delta,delta,human1
human1_lib2.final_cell_0096-0,40.176083,60.12997,beta,12,beta,beta,human1
human1_lib2.final_cell_0097-0,-3.2842383,21.989939,delta,8,delta,delta,human1
human1_lib2.final_cell_0098-0,40.917797,36.865566,beta,12,beta,beta,human1
human1_lib2.final_cell_0099-0,1.0311354,12.397229,delta,8,delta,delta,human1
human1_lib2.final_cell_0100-0,29.843328,2.08806,beta,12,beta,beta,human1
human1_lib2.final_cell_0101-0,30.059025,35.399704,beta,12,beta,beta,human1
human1_lib2.final_cell_0102-0,7.703808,29.10846,delta,8,delta,delta,human1
human1_lib2.final_cell_0103-0,-64.546715,5.1379724,ductal,3,ductal,ductal,human1
human1_lib2.final_cell_0104-0,40.353268,49.369072,beta,12,beta,beta,human1
human1_lib2.final_cell_0105-0,40.55279,60.018707,beta,12,beta,beta,human1
human1_lib2.final_cell_0106-0,-60.85842,1.8021293,ductal,3,ductal,ductal,human1
human1_lib2.final_cell_0107-0,33.74437,12.042843,beta,12,beta,beta,human1
human1_lib2.final_cell_0108-0,34.824142,33.579323,beta,12,beta,beta,human1
human1_lib2.final_cell_0109-0,46.05213,-12.151148,beta,12,beta,beta,human1
human1_lib2.final_cell_0110-0,33.42003,56.08732,beta,12,beta,beta,human1
human1_lib2.final_cell_0111-0,-26.992344,59.627354,acinar,1,acinar,acinar,human1
human1_lib2.final_cell_0112-0,-29.02393,53.7943,acinar,1,acinar,acinar,human1
human1_lib2.final_cell_0113-0,46.300804,-2.3803108,beta,12,beta,beta,human1
human1_lib2.final_cell_0114-0,18.082514,-67.31972,alpha,11,alpha,alpha,human1
human1_lib2.final_cell_0115-0,35.69665,38.43146,beta,12,beta,beta,human1
human1_lib2.final_cell_0116-0,-10.040599,19.198025,delta,8,delta,delta,human1
human1_lib2.final_cell_0117-0,31.499199,1.6004169,beta,12,beta,beta,human1
human1_lib2.final_cell_0118-0,41.536354,28.4295,beta,12,beta,beta,human1
human1_lib2.final_cell_0119-0,37.460354,-10.727949,beta,12,beta,beta,human1
human1_lib2.final_cell_0120-0,43.405075,23.901514,beta,12,beta,beta,human1
human1_lib2.final_cell_0121-0,28.701097,51.15696,beta,12,beta,beta,human1
human1_lib2.final_cell_0122-0,-66.14853,5.434465,ductal,3,ductal,ductal,human1
human1_lib2.final_cell_0123-0,37.341755,54.69393,beta,12,beta,beta,human1
human1_lib2.final_cell_0124-0,-30.438578,52.93974,acinar,1,acinar,acinar,human1
human1_lib2.final_cell_0125-0,46.004807,46.364803,beta,12,beta,beta,human1
human1_lib2.final_cell_0126-0,-25.171944,55.37172,acinar,1,acinar,acinar,human1
human1_lib2.final_cell_0127-0,35.470566,-2.0552344,beta,12,beta,beta,human1
human1_lib2.final_cell_0128-0,-83.34009,-16.214333,ductal,3,ductal,ductal,human1
human1_lib2.final_cell_0129-0,31.6902,47.954376,beta,12,beta,beta,human1
human1_lib2.final_cell_0130-0,-26.509512,-9.017918,activated_stellate,10,activated_stellate,activated_stellate,human1
human1_lib2.final_cell_0131-0,27.286018,-61.510723,alpha,11,alpha,alpha,human1
human1_lib2.final_cell_0132-0,44.187443,71.913185,beta,12,beta,beta,human1
human1_lib2.final_cell_0133-0,-5.5746164,22.706629,delta,8,delta,delta,human1
human1_lib2.final_cell_0134-0,4.905036,26.9929,delta,8,delta,delta,human1
human1_lib2.final_cell_0135-0,31.81107,46.72673,beta,12,beta,beta,human1
human1_lib2.final_cell_0136-0,38.60376,16.132328,beta,12,beta,beta,human1
human1_lib2.final_cell_0137-0,30.10597,6.784635,beta,12,beta,beta,human1
human1_lib2.final_cell_0138-0,25.882923,22.65479,beta,12,beta,beta,human1
human1_lib2.final_cell_0139-0,-31.602575,52.32895,acinar,1,acinar,acinar,human1
human1_lib2.final_cell_0140-0,30.119326,-7.1306205,beta,12,beta,beta,human1
human1_lib2.final_cell_0141-0,40.74802,-9.762206,beta,12,beta,beta,human1
human1_lib2.final_cell_0142-0,37.875916,32.15124,beta,12,beta,beta,human1
human1_lib2.final_cell_0143-0,1.4947481,29.606173,delta,8,delta,delta,human1
human1_lib2.final_cell_0144-0,26.113464,21.222836,beta,12,beta,beta,human1
human1_lib2.final_cell_0145-0,-64.411026,3.1860797,ductal,3,ductal,ductal,human1
human1_lib2.final_cell_0146-0,39.119644,-1.7818304,beta,12,beta,beta,human1
human1_lib2.final_cell_0147-0,38.031895,-10.913919,beta,12,beta,beta,human1
human1_lib2.final_cell_0148-0,-64.05303,5.8669167,ductal,3,ductal,ductal,human1
human1_lib2.final_cell_0149-0,-91.847374,12.367804,macrophage,6,macrophage,macrophage,human1
human1_lib2.final_cell_0150-0,47.0191,47.835503,beta,12,beta,beta,human1
human1_lib2.final_cell_0151-0,-1.4308052,27.620188,delta,8,delta,delta,human1
human1_lib2.final_cell_0152-0,38.817085,-1.4101597,beta,12,beta,beta,human1
human1_lib2.final_cell_0153-0,35.943455,12.788923,beta,12,beta,beta,human1
human1_lib2.final_cell_0154-0,42.780025,19.676111,beta,12,beta,beta,human1
human1_lib2.final_cell_0155-0,40.597878,38.3217,beta,12,beta,beta,human1
human1_lib2.final_cell_0156-0,35.63567,13.73383,beta,12,beta,beta,human1
human1_lib2.final_cell_0157-0,-29.574774,-0.14644058,activated_stellate,10,activated_stellate,activated_stellate,human1
human1_lib2.final_cell_0158-0,40.840633,-10.144879,beta,12,beta,beta,human1
human1_lib2.final_cell_0159-0,41.089985,-9.893356,beta,12,beta,beta,human1
human1_lib2.final_cell_0160-0,-63.842007,5.291538,ductal,3,ductal,ductal,human1
human1_lib2.final_cell_0161-0,38.551292,-11.061015,beta,12,beta,beta,human1
human1_lib2.final_cell_0162-0,35.162376,9.805129,beta,12,beta,beta,human1
human1_lib2.final_cell_0163-0,40.49006,45.138004,beta,12,beta,beta,human1
human1_lib2.final_cell_0164-0,37.714314,13.051958,beta,12,beta,beta,human1
human1_lib2.final_cell_0165-0,50.212772,42.998848,beta,12,beta,beta,human1
human1_lib2.final_cell_0166-0,2.217159,26.145945,delta,8,delta,delta,human1
human1_lib2.final_cell_0167-0,30.644634,2.5558324,beta,12,beta,beta,human1
human1_lib2.final_cell_0168-0,36.690758,36.05564,beta,12,beta,beta,human1
human1_lib2.final_cell_0169-0,5.3095703,19.680017,delta,8,delta,delta,human1
human1_lib2.final_cell_0170-0,55.37433,-6.3226805,beta,15,epsilon,quiescent_stellate,human1
human1_lib2.final_cell_0171-0,38.0742,28.62352,beta,12,beta,beta,human1
human1_lib2.final_cell_0172-0,43.804153,61.79074,beta,12,beta,beta,human1
human1_lib2.final_cell_0173-0,44.688744,61.700695,beta,12,beta,beta,human1
human1_lib2.final_cell_0174-0,15.641038,-58.27511,alpha,11,alpha,alpha,human1
human1_lib2.final_cell_0175-0,28.933903,50.38201,beta,12,beta,beta,human1
human1_lib2.final_cell_0176-0,31.072304,31.126446,beta,12,beta,beta,human1
human1_lib2.final_cell_0177-0,-27.737936,56.927254,acinar,1,acinar,acinar,human1
human1_lib2.final_cell_0178-0,39.042904,48.158142,beta,12,beta,beta,human1
human1_lib2.final_cell_0179-0,36.77187,69.40055,beta,12,beta,beta,human1
human1_lib2.final_cell_0180-0,36.949986,48.451023,beta,12,beta,beta,human1
human1_lib2.final_cell_0181-0,34.87402,-5.4147234,beta,12,beta,beta,human1
human1_lib2.final_cell_0182-0,-72.98809,43.73098,ductal,2,Unmatched_2,ductal,human1
human1_lib2.final_cell_0183-0,43.374508,0.57823664,beta,12,beta,beta,human1
human1_lib2.final_cell_0184-0,-1.2526782,16.977488,delta,8,delta,delta,human1
human1_lib2.final_cell_0185-0,39.0074,-15.070039,beta,12,beta,beta,human1
human1_lib2.final_cell_0186-0,18.53414,-68.304665,alpha,11,alpha,alpha,human1
human1_lib2.final_cell_0187-0,46.32973,38.472523,beta,12,beta,beta,human1
human1_lib2.final_cell_0188-0,34.575718,21.698402,beta,12,beta,beta,human1
human1_lib2.final_cell_0189-0,46.639652,60.907322,beta,12,beta,beta,human1
human1_lib2.final_cell_0190-0,35.55866,7.786133,beta,12,beta,beta,human1
human1_lib2.final_cell_0191-0,-3.9806132,29.459631,delta,8,delta,delta,human1
human1_lib2.final_cell_0192-0,35.675323,43.208244,beta,12,beta,beta,human1
human1_lib2.final_cell_0193-0,47.088406,67.258675,beta,12,beta,beta,human1
human1_lib2.final_cell_0194-0,-1.7479792,13.260985,delta,8,delta,delta,human1
human1_lib2.final_cell_0195-0,40.356,43.71605,beta,12,beta,beta,human1
human1_lib2.final_cell_0196-0,45.079338,71.606514,beta,12,beta,beta,human1
human1_lib2.final_cell_0197-0,34.84201,-2.336069,beta,12,beta,beta,human1
human1_lib2.final_cell_0198-0,39.229786,43.457012,beta,12,beta,beta,human1
human1_lib2.final_cell_0199-0,51.538055,-16.210485,beta,12,beta,beta,human1
human1_lib2.final_cell_0200-0,34.11537,12.003275,beta,12,beta,beta,human1
human1_lib2.final_cell_0201-0,44.26978,27.378273,beta,12,beta,beta,human1
human1_lib2.final_cell_0202-0,-48.52402,-68.10527,gamma,7,gamma,gamma,human1
human1_lib2.final_cell_0203-0,39.814655,3.3737075,beta,12,beta,beta,human1
human1_lib2.final_cell_0204-0,54.09406,-12.335735,beta,12,beta,beta,human1
human1_lib2.final_cell_0205-0,0.06156115,23.812946,delta,8,delta,delta,human1
human1_lib2.final_cell_0206-0,-79.48905,-2.5133011,ductal,3,ductal,ductal,human1
human1_lib2.final_cell_0207-0,36.67712,-2.166039,beta,12,beta,beta,human1
human1_lib2.final_cell_0208-0,58.276615,-10.425611,beta,12,beta,beta,human1
human1_lib2.final_cell_0209-0,38.30527,39.937172,beta,12,beta,beta,human1
human1_lib2.final_cell_0210-0,4.5400105,20.084103,delta,8,delta,delta,human1
human1_lib2.final_cell_0211-0,44.02246,71.235306,beta,12,beta,beta,human1
human1_lib2.final_cell_0212-0,-63.451458,5.000492,ductal,3,ductal,ductal,human1
human1_lib2.final_cell_0213-0,49.493946,42.382755,beta,12,beta,beta,human1
human1_lib2.final_cell_0214-0,45.881306,68.242294,beta,12,beta,beta,human1
human1_lib2.final_cell_0215-0,36.94568,-3.4522743,beta,12,beta,beta,human1
human1_lib2.final_cell_0216-0,40.931232,42.47999,beta,12,beta,beta,human1
human1_lib2.final_cell_0217-0,-83.77485,-18.616137,ductal,3,ductal,ductal,human1
human1_lib2.final_cell_0218-0,-23.84534,-12.046659,activated_stellate,10,activated_stellate,activated_stellate,human1
human1_lib2.final_cell_0219-0,28.627497,54.08588,beta,12,beta,beta,human1
human1_lib2.final_cell_0220-0,3.4334064,-73.01994,alpha,11,alpha,alpha,human1
human1_lib2.final_cell_0221-0,34.59523,44.69884,beta,12,beta,beta,human1
human1_lib2.final_cell_0222-0,35.60636,55.76776,beta,12,beta,beta,human1
human1_lib2.final_cell_0223-0,-31.447037,-0.260853,activated_stellate,15,epsilon,quiescent_stellate,human1
human1_lib2.final_cell_0224-0,13.202409,-65.98193,alpha,11,alpha,alpha,human1
human1_lib2.final_cell_0225-0,-31.93618,54.266132,acinar,1,acinar,acinar,human1
human1_lib2.final_cell_0226-0,-50.597874,-62.954266,gamma,7,gamma,gamma,human1
human1_lib2.final_cell_0227-0,45.277027,42.09349,beta,12,beta,beta,human1
human1_lib2.final_cell_0228-0,42.68734,24.55487,beta,12,beta,beta,human1
human1_lib2.final_cell_0229-0,40.121933,-11.689193,beta,12,beta,beta,human1
human1_lib2.final_cell_0230-0,-4.2779837,31.790112,delta,8,delta,delta,human1
human1_lib2.final_cell_0231-0,3.7106457,-71.43873,alpha,11,alpha,alpha,human1
human1_lib2.final_cell_0232-0,-49.77151,27.49412,endothelial,0,endothelial,endothelial,human1
human1_lib2.final_cell_0233-0,-45.194023,-67.42057,gamma,7,gamma,gamma,human1
human1_lib2.final_cell_0234-0,54.495567,-10.91329,beta,12,beta,beta,human1
human1_lib2.final_cell_0235-0,26.940258,-79.02247,alpha,11,alpha,alpha,human1
human1_lib2.final_cell_0236-0,37.355312,41.87181,beta,12,beta,beta,human1
human1_lib2.final_cell_0237-0,31.4241,-0.023351625,beta,12,beta,beta,human1
human1_lib2.final_cell_0238-0,32.772827,56.413982,beta,12,beta,beta,human1
human1_lib2.final_cell_0239-0,-5.534537,21.042772,beta,8,delta,delta,human1
human1_lib2.final_cell_0240-0,25.85213,20.24347,beta,12,beta,beta,human1
human1_lib2.final_cell_0241-0,-59.584755,33.852917,endothelial,0,endothelial,endothelial,human1
human1_lib2.final_cell_0242-0,33.895924,48.72914,beta,12,beta,beta,human1
human1_lib2.final_cell_0243-0,0.4530939,28.827524,delta,8,delta,delta,human1
human1_lib2.final_cell_0244-0,29.772446,10.941184,beta,12,beta,beta,human1
human1_lib2.final_cell_0245-0,25.37442,-70.07296,alpha,11,alpha,alpha,human1
human1_lib2.final_cell_0246-0,55.455975,-12.015769,beta,12,beta,beta,human1
human1_lib2.final_cell_0247-0,1.0893563,-71.49435,alpha,11,alpha,alpha,human1
human1_lib2.final_cell_0248-0,18.077662,-53.319614,alpha,11,alpha,alpha,human1
human1_lib2.final_cell_0249-0,45.28311,-0.9912058,delta,15,epsilon,quiescent_stellate,human1
human1_lib2.final_cell_0250-0,3.2883182,-70.7966,alpha,11,alpha,alpha,human1
human1_lib2.final_cell_0251-0,-82.5503,-3.6548548,ductal,3,ductal,ductal,human1
human1_lib2.final_cell_0252-0,36.38089,40.836227,beta,12,beta,beta,human1
human1_lib2.final_cell_0253-0,31.145315,-65.21389,alpha,11,alpha,alpha,human1
human1_lib2.final_cell_0254-0,-63.184273,23.337633,endothelial,0,endothelial,endothelial,human1
human1_lib2.final_cell_0255-0,32.059814,5.8447323,beta,12,beta,beta,human1
human1_lib2.final_cell_0256-0,30.98662,14.061838,beta,12,beta,beta,human1
human1_lib2.final_cell_0257-0,-76.55778,41.176144,ductal,2,Unmatched_2,ductal,human1
human1_lib2.final_cell_0258-0,12.674112,25.660866,delta,8,delta,delta,human1
human1_lib2.final_cell_0259-0,54.820324,43.624588,beta,15,epsilon,quiescent_stellate,human1
human1_lib2.final_cell_0260-0,41.06799,36.082115,beta,12,beta,beta,human1
human1_lib2.final_cell_0261-0,30.027473,-59.728638,alpha,11,alpha,alpha,human1
human1_lib2.final_cell_0262-0,23.440674,-68.92691,alpha,11,alpha,alpha,human1
human1_lib2.final_cell_0263-0,-1.3580612,32.164227,delta,8,delta,delta,human1
human1_lib2.final_cell_0264-0,-45.762627,-66.83202,gamma,7,gamma,gamma,human1
human1_lib2.final_cell_0265-0,33.41322,-60.586876,alpha,11,alpha,alpha,human1
human1_lib2.final_cell_0266-0,34.87493,43.693577,beta,12,beta,beta,human1
human1_lib2.final_cell_0267-0,4.73249,-72.347336,alpha,11,alpha,alpha,human1
human1_lib2.final_cell_0268-0,-62.66567,5.4659357,ductal,3,ductal,ductal,human1
human1_lib2.final_cell_0269-0,46.96842,47.756573,beta,12,beta,beta,human1
human1_lib2.final_cell_0270-0,-43.118908,-65.25651,gamma,7,gamma,gamma,human1
human1_lib2.final_cell_0271-0,44.5856,-12.392255,beta,12,beta,beta,human1
human1_lib2.final_cell_0272-0,-26.711304,7.962535,schwann,9,schwann,schwann,human1
human1_lib2.final_cell_0273-0,5.5450554,19.410639,delta,8,delta,delta,human1
human1_lib2.final_cell_0274-0,32.088734,60.15221,beta,12,beta,beta,human1
human1_lib2.final_cell_0275-0,28.789997,-63.019833,alpha,11,alpha,alpha,human1
human1_lib2.final_cell_0276-0,-13.190944,23.774218,delta,8,delta,delta,human1
human1_lib2.final_cell_0277-0,43.17135,65.42529,beta,12,beta,beta,human1
human1_lib2.final_cell_0278-0,-25.010563,54.49195,acinar,1,acinar,acinar,human1
human1_lib2.final_cell_0279-0,34.431164,39.780216,beta,12,beta,beta,human1
human1_lib2.final_cell_0280-0,44.599903,14.764981,beta,12,beta,beta,human1
human1_lib2.final_cell_0281-0,37.207783,-3.0184474,beta,12,beta,beta,human1
human1_lib2.final_cell_0282-0,39.683556,62.239098,beta,12,beta,beta,human1
human1_lib2.final_cell_0283-0,47.22848,-11.340971,beta,12,beta,beta,human1
human1_lib2.final_cell_0284-0,23.495647,-66.99281,alpha,11,alpha,alpha,human1
human1_lib2.final_cell_0285-0,30.898422,13.322888,beta,12,beta,beta,human1
human1_lib2.final_cell_0286-0,45.875286,-11.515653,beta,12,beta,beta,human1
human1_lib2.final_cell_0287-0,-91.15327,11.531599,macrophage,6,macrophage,macrophage,human1
human1_lib2.final_cell_0288-0,-47.732643,-63.548283,gamma,7,gamma,gamma,human1
human1_lib2.final_cell_0289-0,28.620987,51.963913,beta,12,beta,beta,human1
human1_lib2.final_cell_0290-0,36.86374,68.49247,beta,12,beta,beta,human1
human1_lib2.final_cell_0291-0,16.197052,-68.68536,alpha,11,alpha,alpha,human1
human1_lib2.final_cell_0292-0,-30.390776,57.74169,acinar,1,acinar,acinar,human1
human1_lib2.final_cell_0293-0,-61.592823,29.762915,endothelial,0,endothelial,endothelial,human1
human1_lib2.final_cell_0294-0,0.53586364,-68.150444,alpha,11,alpha,alpha,human1
human1_lib2.final_cell_0295-0,32.23611,32.93045,beta,12,beta,beta,human1
human1_lib2.final_cell_0296-0,15.575734,-57.967537,alpha,11,alpha,alpha,human1
human1_lib2.final_cell_0297-0,2.3439,-72.36471,alpha,11,alpha,alpha,human1
human1_lib2.final_cell_0298-0,13.085911,-64.84789,alpha,11,alpha,alpha,human1
human1_lib2.final_cell_0299-0,38.57159,39.95658,beta,12,beta,beta,human1
human1_lib2.final_cell_0300-0,42.836136,58.32841,beta,12,beta,beta,human1
human1_lib2.final_cell_0301-0,-11.018301,-65.6698,alpha,11,alpha,alpha,human1
human1_lib2.final_cell_0302-0,25.930864,-60.21045,alpha,11,alpha,alpha,human1
human1_lib2.final_cell_0303-0,-90.98508,12.629852,macrophage,6,macrophage,macrophage,human1
human1_lib2.final_cell_0304-0,32.22782,-59.1311,alpha,11,alpha,alpha,human1
human1_lib2.final_cell_0305-0,31.779562,32.11141,beta,12,beta,beta,human1
human1_lib2.final_cell_0306-0,41.998833,25.01526,beta,12,beta,beta,human1
human1_lib2.final_cell_0307-0,55.954983,47.885426,beta,12,beta,beta,human1
human1_lib2.final_cell_0308-0,19.818584,-65.50941,alpha,11,alpha,alpha,human1
human1_lib2.final_cell_0309-0,-30.28127,-0.30394995,activated_stellate,10,activated_stellate,activated_stellate,human1
human1_lib2.final_cell_0310-0,-1.3886356,11.559646,delta,8,delta,delta,human1
human1_lib2.final_cell_0311-0,-1.2630038,-65.3638,alpha,11,alpha,alpha,human1
human1_lib2.final_cell_0312-0,24.14809,-70.31255,alpha,11,alpha,alpha,human1
human1_lib2.final_cell_0313-0,-60.029564,33.833195,endothelial,0,endothelial,endothelial,human1
human1_lib2.final_cell_0314-0,42.73575,45.87489,beta,12,beta,beta,human1
human1_lib2.final_cell_0315-0,-31.495554,14.1242075,delta,13,quiescent_stellate,quiescent_stellate,human1
human1_lib2.final_cell_0316-0,46.863342,45.501396,beta,12,beta,beta,human1
human1_lib2.final_cell_0317-0,68.84111,-2.5777571,beta,12,beta,beta,human1
human1_lib2.final_cell_0318-0,41.905525,-15.37378,beta,12,beta,beta,human1
human1_lib2.final_cell_0319-0,-81.381874,-4.180449,ductal,3,ductal,ductal,human1
human1_lib2.final_cell_0320-0,42.362038,10.13067,beta,12,beta,beta,human1
human1_lib2.final_cell_0321-0,-80.47742,-8.50379,ductal,3,ductal,ductal,human1
human1_lib2.final_cell_0322-0,34.640507,58.20628,beta,12,beta,beta,human1
human1_lib2.final_cell_0323-0,38.840378,52.247746,beta,12,beta,beta,human1
human1_lib2.final_cell_0324-0,-36.32697,17.162859,activated_stellate,15,epsilon,quiescent_stellate,human1
human1_lib2.final_cell_0325-0,44.59196,14.286572,beta,12,beta,beta,human1
human1_lib2.final_cell_0326-0,-81.6516,-3.7337182,ductal,3,ductal,ductal,human1
human1_lib2.final_cell_0327-0,40.77644,69.11876,beta,12,beta,beta,human1
human1_lib2.final_cell_0328-0,35.09202,-0.63446516,beta,12,beta,beta,human1
human1_lib2.final_cell_0329-0,-4.420594,26.32271,delta,8,delta,delta,human1
human1_lib2.final_cell_0330-0,-80.56635,-2.3637915,ductal,3,ductal,ductal,human1
human1_lib2.final_cell_0331-0,-23.674133,-47.487637,alpha,11,alpha,alpha,human1
human1_lib2.final_cell_0332-0,-83.868195,-12.792645,ductal,3,ductal,ductal,human1
human1_lib2.final_cell_0333-0,27.021963,3.8032598,beta,12,beta,beta,human1
human1_lib2.final_cell_0334-0,-46.08134,-67.26932,gamma,7,gamma,gamma,human1
human1_lib2.final_cell_0335-0,-81.6515,-4.0168123,ductal,3,ductal,ductal,human1
human1_lib2.final_cell_0336-0,43.926357,43.18613,beta,12,beta,beta,human1
human1_lib2.final_cell_0337-0,-43.131298,-71.729996,gamma,7,gamma,gamma,human1
human1_lib2.final_cell_0338-0,-2.4318695,31.121414,delta,8,delta,delta,human1
human1_lib2.final_cell_0339-0,0.88772786,-49.25774,alpha,11,alpha,alpha,human1
human1_lib2.final_cell_0340-0,-41.530247,-67.01934,gamma,7,gamma,gamma,human1
human1_lib2.final_cell_0341-0,28.414785,-63.43347,alpha,11,alpha,alpha,human1
human1_lib2.final_cell_0342-0,44.794937,71.61205,beta,12,beta,beta,human1
human1_lib2.final_cell_0343-0,-91.53797,12.899251,macrophage,6,macrophage,macrophage,human1
human1_lib2.final_cell_0344-0,33.3687,45.527206,beta,12,beta,beta,human1
human1_lib2.final_cell_0345-0,36.67909,7.6568694,beta,12,beta,beta,human1
human1_lib2.final_cell_0346-0,-32.2308,24.415367,quiescent_stellate,13,quiescent_stellate,quiescent_stellate,human1
human1_lib2.final_cell_0347-0,8.832477,27.585238,delta,8,delta,delta,human1
human1_lib2.final_cell_0348-0,43.022312,56.95113,beta,12,beta,beta,human1
human1_lib2.final_cell_0349-0,6.977138,-65.368805,alpha,11,alpha,alpha,human1
human1_lib2.final_cell_0350-0,39.926323,29.481472,beta,12,beta,beta,human1
human1_lib2.final_cell_0351-0,-13.000721,-63.103977,alpha,11,alpha,alpha,human1
human1_lib2.final_cell_0352-0,38.393753,61.39685,beta,12,beta,beta,human1
human1_lib2.final_cell_0353-0,36.00673,43.667294,beta,12,beta,beta,human1
human1_lib2.final_cell_0354-0,-49.824932,-61.89653,gamma,7,gamma,gamma,human1
human1_lib2.final_cell_0355-0,20.128794,-65.08153,alpha,11,alpha,alpha,human1
human1_lib2.final_cell_0356-0,81.78762,-29.547985,beta,12,beta,beta,human1
human1_lib2.final_cell_0357-0,54.270626,-14.118729,beta,12,beta,beta,human1
human1_lib2.final_cell_0358-0,44.82392,63.146767,beta,12,beta,beta,human1
human1_lib2.final_cell_0359-0,27.774252,49.15132,beta,12,beta,beta,human1
human1_lib2.final_cell_0360-0,-91.01318,13.425501,macrophage,6,macrophage,macrophage,human1
human1_lib2.final_cell_0361-0,36.5877,-7.2849007,beta,12,beta,beta,human1
human1_lib2.final_cell_0362-0,-3.1290953,22.249699,delta,8,delta,delta,human1
human1_lib2.final_cell_0363-0,46.802376,45.344666,beta,12,beta,beta,human1
human1_lib2.final_cell_0364-0,-44.31259,-64.81188,gamma,7,gamma,gamma,human1
human1_lib2.final_cell_0365-0,21.19756,-75.59626,epsilon,11,alpha,alpha,human1
human1_lib2.final_cell_0366-0,1.502277,19.857683,delta,8,delta,delta,human1
human1_lib2.final_cell_0367-0,-6.9317136,-67.29257,alpha,11,alpha,alpha,human1
human1_lib2.final_cell_0368-0,38.619743,39.891064,beta,12,beta,beta,human1
human1_lib2.final_cell_0369-0,40.412678,35.533665,beta,12,beta,beta,human1
human1_lib2.final_cell_0370-0,4.672028,17.024254,delta,8,delta,delta,human1
human1_lib2.final_cell_0371-0,29.945442,-60.833412,alpha,11,alpha,alpha,human1
human1_lib2.final_cell_0372-0,-51.249718,28.413525,endothelial,0,endothelial,endothelial,human1
human1_lib2.final_cell_0373-0,45.601864,73.06598,beta,12,beta,beta,human1
human1_lib2.final_cell_0374-0,-29.223589,2.2260754,activated_stellate,10,activated_stellate,activated_stellate,human1
human1_lib2.final_cell_0375-0,-27.639832,56.951584,acinar,1,acinar,acinar,human1
human1_lib2.final_cell_0376-0,37.141167,11.16293,beta,12,beta,beta,human1
human1_lib2.final_cell_0377-0,-28.561932,56.25985,acinar,1,acinar,acinar,human1
human1_lib2.final_cell_0378-0,17.3549,-67.11566,alpha,11,alpha,alpha,human1
human1_lib2.final_cell_0379-0,-48.6067,-62.67053,gamma,7,gamma,gamma,human1
human1_lib2.final_cell_0380-0,-90.44014,13.652469,macrophage,6,macrophage,macrophage,human1
human1_lib2.final_cell_0381-0,27.004032,19.371323,beta,12,beta,beta,human1
human1_lib2.final_cell_0382-0,44.053654,66.325905,beta,12,beta,beta,human1
human1_lib2.final_cell_0383-0,-25.739601,56.212444,acinar,1,acinar,acinar,human1
human1_lib2.final_cell_0384-0,54.261196,-15.667129,beta,12,beta,beta,human1
human1_lib2.final_cell_0385-0,42.292664,-0.52932143,beta,12,beta,beta,human1
human1_lib2.final_cell_0386-0,9.677282,-68.17694,alpha,11,alpha,alpha,human1
human1_lib2.final_cell_0387-0,1.9080681,13.65095,delta,8,delta,delta,human1
human1_lib2.final_cell_0388-0,40.147835,48.754444,beta,12,beta,beta,human1
human1_lib2.final_cell_0389-0,-73.13932,42.135216,ductal,2,Unmatched_2,ductal,human1
human1_lib2.final_cell_0390-0,8.109424,-71.0421,alpha,11,alpha,alpha,human1
human1_lib2.final_cell_0391-0,30.552322,3.1545262,beta,12,beta,beta,human1
human1_lib2.final_cell_0392-0,-11.244001,23.111681,delta,8,delta,delta,human1
human1_lib2.final_cell_0393-0,27.632309,47.767673,beta,12,beta,beta,human1
human1_lib2.final_cell_0394-0,25.917475,21.591845,beta,12,beta,beta,human1
human1_lib2.final_cell_0395-0,-16.989834,56.169403,acinar,1,acinar,acinar,human1
human1_lib2.final_cell_0396-0,-1.301294,9.055667,beta,8,delta,delta,human1
human1_lib2.final_cell_0397-0,32.271206,43.322678,beta,12,beta,beta,human1
human1_lib2.final_cell_0398-0,28.880941,-2.4703863,beta,12,beta,beta,human1
human1_lib2.final_cell_0399-0,30.721556,-59.824223,alpha,11,alpha,alpha,human1
human1_lib2.final_cell_0400-0,24.462044,-70.8238,alpha,11,alpha,alpha,human1
human1_lib2.final_cell_0401-0,27.649288,-62.02391,alpha,11,alpha,alpha,human1
human1_lib2.final_cell_0402-0,-82.86443,-11.998291,ductal,3,ductal,ductal,human1
human1_lib2.final_cell_0403-0,-35.92236,-33.595333,alpha,11,alpha,alpha,human1
human1_lib2.final_cell_0404-0,-31.975681,52.75954,acinar,1,acinar,acinar,human1
human1_lib2.final_cell_0405-0,-24.471403,54.86324,acinar,1,acinar,acinar,human1
human1_lib2.final_cell_0406-0,30.08895,3.230593,beta,12,beta,beta,human1
human1_lib2.final_cell_0407-0,-5.713933,16.667685,delta,8,delta,delta,human1
human1_lib2.final_cell_0408-0,-35.24954,22.25483,quiescent_stellate,13,quiescent_stellate,quiescent_stellate,human1
human1_lib2.final_cell_0409-0,6.4732966,-65.59226,alpha,11,alpha,alpha,human1
human1_lib2.final_cell_0410-0,-1.4797229,22.080957,delta,8,delta,delta,human1
human1_lib2.final_cell_0411-0,55.019753,45.00321,beta,12,beta,beta,human1
human1_lib2.final_cell_0412-0,-60.00349,4.115161,ductal,3,ductal,ductal,human1
human1_lib2.final_cell_0413-0,36.382175,5.0590396,beta,12,beta,beta,human1
human1_lib2.final_cell_0414-0,30.166042,10.438633,beta,12,beta,beta,human1
human1_lib2.final_cell_0415-0,35.342113,29.721651,beta,12,beta,beta,human1
human1_lib2.final_cell_0416-0,47.415665,-18.407873,beta,12,beta,beta,human1
human1_lib2.final_cell_0417-0,-34.703632,22.09085,quiescent_stellate,13,quiescent_stellate,quiescent_stellate,human1
human1_lib2.final_cell_0418-0,-59.47582,23.03043,endothelial,0,endothelial,endothelial,human1
human1_lib2.final_cell_0419-0,-25.350693,54.770336,acinar,1,acinar,acinar,human1
human1_lib2.final_cell_0420-0,-28.231783,-5.322865,activated_stellate,10,activated_stellate,activated_stellate,human1
human1_lib2.final_cell_0421-0,7.8328795,26.148417,delta,8,delta,delta,human1
human1_lib2.final_cell_0422-0,24.426743,21.75769,beta,12,beta,beta,human1
human1_lib2.final_cell_0423-0,-29.51397,-46.60207,alpha,11,alpha,alpha,human1
human1_lib2.final_cell_0424-0,-53.117695,29.150507,endothelial,0,endothelial,endothelial,human1
human1_lib2.final_cell_0425-0,-59.819736,23.21407,endothelial,0,endothelial,endothelial,human1
human1_lib2.final_cell_0426-0,13.212867,-52.388916,alpha,11,alpha,alpha,human1
human1_lib2.final_cell_0427-0,30.86557,18.99307,beta,12,beta,beta,human1
human1_lib2.final_cell_0428-0,-47.276943,-63.947407,gamma,7,gamma,gamma,human1
human1_lib2.final_cell_0429-0,45.256077,61.93664,beta,12,beta,beta,human1
human1_lib2.final_cell_0430-0,-76.92096,41.782726,ductal,2,Unmatched_2,ductal,human1
human1_lib2.final_cell_0431-0,-30.879313,12.702208,activated_stellate,15,epsilon,quiescent_stellate,human1
human1_lib2.final_cell_0432-0,-11.45969,-66.418465,alpha,11,alpha,alpha,human1
human1_lib2.final_cell_0433-0,31.641788,17.107222,beta,12,beta,beta,human1
human1_lib2.final_cell_0434-0,36.316113,-11.89011,beta,12,beta,beta,human1
human1_lib2.final_cell_0435-0,19.865864,-69.055405,alpha,11,alpha,alpha,human1
human1_lib2.final_cell_0436-0,-26.14052,54.43888,acinar,1,acinar,acinar,human1
human1_lib2.final_cell_0437-0,-32.56811,15.310266,quiescent_stellate,13,quiescent_stellate,quiescent_stellate,human1
human1_lib2.final_cell_0438-0,32.35399,34.816956,beta,12,beta,beta,human1
human1_lib2.final_cell_0439-0,-30.375301,-44.850773,alpha,11,alpha,alpha,human1
human1_lib2.final_cell_0440-0,42.833275,47.58936,beta,12,beta,beta,human1
human1_lib2.final_cell_0441-0,-73.0304,42.48524,ductal,2,Unmatched_2,ductal,human1
human1_lib2.final_cell_0442-0,35.214848,62.244514,beta,12,beta,beta,human1
human1_lib2.final_cell_0443-0,4.1568966,20.18981,delta,8,delta,delta,human1
human1_lib2.final_cell_0444-0,38.841763,1.6619371,beta,12,beta,beta,human1
human1_lib2.final_cell_0445-0,45.98757,72.42871,beta,12,beta,beta,human1
human1_lib2.final_cell_0446-0,55.334354,-6.315644,beta,15,epsilon,quiescent_stellate,human1
human1_lib2.final_cell_0447-0,42.67843,-17.329569,beta,12,beta,beta,human1
human1_lib2.final_cell_0448-0,-30.94162,23.678455,quiescent_stellate,13,quiescent_stellate,quiescent_stellate,human1
human1_lib2.final_cell_0449-0,47.85408,66.72152,beta,12,beta,beta,human1
human1_lib2.final_cell_0450-0,34.151592,36.975307,beta,12,beta,beta,human1
human1_lib2.final_cell_0451-0,-26.690874,7.937712,schwann,9,schwann,schwann,human1
human1_lib2.final_cell_0452-0,-62.045296,23.084826,endothelial,0,endothelial,endothelial,human1
human1_lib2.final_cell_0453-0,40.648296,61.88155,beta,12,beta,beta,human1
human1_lib2.final_cell_0454-0,44.361656,62.783936,beta,12,beta,beta,human1
human1_lib2.final_cell_0455-0,-76.12862,-2.802923,ductal,3,ductal,ductal,human1
human1_lib2.final_cell_0456-0,-46.11298,-60.44079,gamma,7,gamma,gamma,human1
human1_lib2.final_cell_0457-0,31.38253,-60.909626,alpha,11,alpha,alpha,human1
human1_lib2.final_cell_0458-0,-47.928772,-68.525215,gamma,7,gamma,gamma,human1
human1_lib2.final_cell_0459-0,13.68124,-65.61856,alpha,11,alpha,alpha,human1
human1_lib2.final_cell_0460-0,-30.287441,17.355835,quiescent_stellate,15,epsilon,quiescent_stellate,human1
human1_lib2.final_cell_0461-0,-53.997597,31.839231,endothelial,0,endothelial,endothelial,human1
human1_lib2.final_cell_0462-0,-32.289757,14.74291,quiescent_stellate,15,epsilon,quiescent_stellate,human1
human1_lib2.final_cell_0463-0,-5.095569,20.606543,delta,8,delta,delta,human1
human1_lib2.final_cell_0464-0,48.595436,-17.124666,beta,12,beta,beta,human1
human1_lib2.final_cell_0465-0,-29.008102,69.886665,ductal,1,acinar,acinar,human1
human1_lib2.final_cell_0466-0,-57.477253,24.47176,endothelial,0,endothelial,endothelial,human1
human1_lib2.final_cell_0467-0,42.891647,7.0889006,beta,12,beta,beta,human1
human1_lib2.final_cell_0468-0,3.3231926,21.970737,delta,8,delta,delta,human1
human1_lib2.final_cell_0469-0,-25.498823,0.231355,activated_stellate,15,epsilon,quiescent_stellate,human1
human1_lib2.final_cell_0470-0,-61.08398,25.180054,endothelial,0,endothelial,endothelial,human1
human1_lib2.final_cell_0471-0,-25.338135,56.087666,acinar,1,acinar,acinar,human1
human1_lib2.final_cell_0472-0,-61.022717,29.304903,endothelial,0,endothelial,endothelial,human1
human1_lib2.final_cell_0473-0,-2.4583213,21.712605,delta,8,delta,delta,human1
human1_lib2.final_cell_0474-0,-41.600018,-71.33695,gamma,7,gamma,gamma,human1
human1_lib2.final_cell_0475-0,-25.930733,-6.1551566,activated_stellate,10,activated_stellate,activated_stellate,human1
human1_lib2.final_cell_0476-0,-58.846508,24.586163,endothelial,0,endothelial,endothelial,human1
human1_lib2.final_cell_0477-0,25.610294,10.250159,beta,12,beta,beta,human1
human1_lib2.final_cell_0478-0,-72.15355,42.792923,ductal,2,Unmatched_2,ductal,human1
human1_lib2.final_cell_0479-0,34.90474,-1.3238244,beta,12,beta,beta,human1
human1_lib2.final_cell_0480-0,44.921932,71.934845,beta,12,beta,beta,human1
human1_lib2.final_cell_0481-0,-31.499872,-45.048904,alpha,11,alpha,alpha,human1
human1_lib2.final_cell_0482-0,23.132383,-64.313354,alpha,11,alpha,alpha,human1
human1_lib2.final_cell_0483-0,46.350315,38.52093,beta,12,beta,beta,human1
human1_lib2.final_cell_0484-0,-76.60608,41.421986,ductal,2,Unmatched_2,ductal,human1
human1_lib2.final_cell_0485-0,43.28078,7.907901,beta,12,beta,beta,human1
human1_lib2.final_cell_0486-0,-5.5621266,-30.589752,alpha,11,alpha,alpha,human1
human1_lib2.final_cell_0487-0,-53.17439,27.821451,endothelial,0,endothelial,endothelial,human1
human1_lib2.final_cell_0488-0,-63.199734,24.597506,endothelial,0,endothelial,endothelial,human1
human1_lib2.final_cell_0489-0,30.712088,24.354973,beta,12,beta,beta,human1
human1_lib2.final_cell_0490-0,-58.897465,34.110382,endothelial,0,endothelial,endothelial,human1
human1_lib2.final_cell_0491-0,-55.23023,29.267406,endothelial,0,endothelial,endothelial,human1
human1_lib2.final_cell_0492-0,6.908971,-72.34058,alpha,11,alpha,alpha,human1
human1_lib2.final_cell_0493-0,-30.709093,24.169004,quiescent_stellate,13,quiescent_stellate,quiescent_stellate,human1
human1_lib2.final_cell_0494-0,-51.388634,-3.8739958,ductal,3,ductal,ductal,human1
human1_lib2.final_cell_0495-0,37.409424,21.435345,beta,12,beta,beta,human1
human1_lib2.final_cell_0496-0,-32.876312,17.143341,quiescent_stellate,13,quiescent_stellate,quiescent_stellate,human1
human1_lib2.final_cell_0497-0,-4.3522305,12.715268,epsilon,8,delta,delta,human1
human1_lib2.final_cell_0498-0,-0.48174885,24.694138,delta,8,delta,delta,human1
human1_lib2.final_cell_0499-0,-91.618996,11.281856,macrophage,6,macrophage,macrophage,human1
human1_lib2.final_cell_0500-0,0.59902656,8.974187,gamma,8,delta,delta,human1
human1_lib2.final_cell_0501-0,-56.92189,1.6647881,ductal,3,ductal,ductal,human1
human1_lib2.final_cell_0502-0,12.2061205,-63.263924,alpha,11,alpha,alpha,human1
human1_lib2.final_cell_0503-0,47.53636,45.22412,beta,12,beta,beta,human1
human1_lib2.final_cell_0504-0,7.1399436,-66.38354,alpha,11,alpha,alpha,human1
human1_lib2.final_cell_0505-0,-58.86511,25.589016,endothelial,0,endothelial,endothelial,human1
human1_lib2.final_cell_0506-0,46.920994,58.280594,beta,12,beta,beta,human1
human1_lib2.final_cell_0507-0,-39.68761,-68.1581,gamma,7,gamma,gamma,human1
human1_lib2.final_cell_0508-0,25.874146,12.9576435,beta,12,beta,beta,human1
human1_lib2.final_cell_0509-0,49.89116,-11.002938,beta,12,beta,beta,human1
human1_lib2.final_cell_0510-0,-30.290201,17.563196,quiescent_stellate,15,epsilon,quiescent_stellate,human1
human1_lib2.final_cell_0511-0,20.647167,-69.72535,alpha,11,alpha,alpha,human1
human1_lib2.final_cell_0512-0,27.331593,-1.0429292,beta,12,beta,beta,human1
human1_lib2.final_cell_0513-0,-44.905766,-67.71063,gamma,7,gamma,gamma,human1
human1_lib2.final_cell_0514-0,3.4721496,-45.101803,alpha,11,alpha,alpha,human1
human1_lib2.final_cell_0515-0,-21.387707,-45.00644,alpha,11,alpha,alpha,human1
human1_lib2.final_cell_0516-0,28.078629,50.322277,beta,12,beta,beta,human1
human1_lib2.final_cell_0517-0,-53.61396,30.904444,endothelial,0,endothelial,endothelial,human1
human1_lib2.final_cell_0518-0,28.63316,54.193157,beta,12,beta,beta,human1
human1_lib2.final_cell_0519-0,-30.29263,18.428068,quiescent_stellate,13,quiescent_stellate,quiescent_stellate,human1
human1_lib2.final_cell_0520-0,-61.750153,28.69842,endothelial,0,endothelial,endothelial,human1
human1_lib2.final_cell_0521-0,44.70897,73.41215,beta,12,beta,beta,human1
human1_lib2.final_cell_0522-0,48.342915,-10.981479,beta,12,beta,beta,human1
human1_lib2.final_cell_0523-0,27.557314,49.282013,beta,12,beta,beta,human1
human1_lib2.final_cell_0524-0,29.72101,8.971535,beta,12,beta,beta,human1
human1_lib2.final_cell_0525-0,-80.669785,-2.2843604,ductal,3,ductal,ductal,human1
human1_lib2.final_cell_0526-0,78.16885,-30.55061,beta,12,beta,beta,human1
human1_lib2.final_cell_0527-0,22.432837,-68.48502,alpha,11,alpha,alpha,human1
human1_lib2.final_cell_0528-0,-29.813028,21.881008,quiescent_stellate,13,quiescent_stellate,quiescent_stellate,human1
human1_lib2.final_cell_0529-0,34.320656,-4.6270657,beta,12,beta,beta,human1
human1_lib2.final_cell_0530-0,-62.038204,27.820522,endothelial,0,endothelial,endothelial,human1
human1_lib2.final_cell_0531-0,39.602375,69.302284,beta,12,beta,beta,human1
human1_lib2.final_cell_0532-0,-76.25244,41.049767,ductal,2,Unmatched_2,ductal,human1
human1_lib2.final_cell_0533-0,-64.542885,3.8578212,ductal,3,ductal,ductal,human1
human1_lib2.final_cell_0534-0,54.279034,40.329998,beta,15,epsilon,quiescent_stellate,human1
human1_lib2.final_cell_0535-0,-25.997791,-0.4182243,activated_stellate,10,activated_stellate,activated_stellate,human1
human1_lib2.final_cell_0536-0,35.441307,59.2231,beta,12,beta,beta,human1
human1_lib2.final_cell_0537-0,-65.888664,3.771177,ductal,3,ductal,ductal,human1
human1_lib2.final_cell_0538-0,29.35132,10.86147,beta,12,beta,beta,human1
human1_lib2.final_cell_0539-0,-56.536583,33.303806,endothelial,0,endothelial,endothelial,human1
human1_lib2.final_cell_0540-0,28.248323,0.7685135,beta,12,beta,beta,human1
human1_lib2.final_cell_0541-0,29.963926,52.31732,beta,12,beta,beta,human1
human1_lib2.final_cell_0542-0,-29.979458,61.105083,acinar,1,acinar,acinar,human1
human1_lib2.final_cell_0543-0,19.744766,-69.645355,alpha,11,alpha,alpha,human1
human1_lib2.final_cell_0544-0,-26.693703,7.938352,schwann,9,schwann,schwann,human1
human1_lib2.final_cell_0545-0,27.15718,17.340937,beta,12,beta,beta,human1
human1_lib2.final_cell_0546-0,39.811104,35.748703,beta,12,beta,beta,human1
human1_lib2.final_cell_0547-0,-30.148628,19.995935,quiescent_stellate,13,quiescent_stellate,quiescent_stellate,human1
human1_lib2.final_cell_0548-0,27.217115,27.709953,beta,12,beta,beta,human1
human1_lib2.final_cell_0549-0,-46.849155,-67.20154,gamma,7,gamma,gamma,human1
human1_lib2.final_cell_0550-0,-59.278675,24.95749,endothelial,0,endothelial,endothelial,human1
human1_lib2.final_cell_0551-0,36.11828,7.6768193,beta,12,beta,beta,human1
human1_lib2.final_cell_0552-0,44.241802,-39.08099,mast,4,mast,mast,human1
human1_lib2.final_cell_0553-0,34.72678,58.15408,beta,12,beta,beta,human1
human1_lib2.final_cell_0554-0,-50.759415,-63.25989,gamma,7,gamma,gamma,human1
human1_lib2.final_cell_0555-0,-33.290104,15.4589815,quiescent_stellate,13,quiescent_stellate,quiescent_stellate,human1
human1_lib2.final_cell_0556-0,37.769123,66.05641,beta,12,beta,beta,human1
human1_lib2.final_cell_0557-0,4.776648,-19.68985,beta,15,epsilon,quiescent_stellate,human1
human1_lib2.final_cell_0558-0,29.449963,19.746058,beta,12,beta,beta,human1
human1_lib2.final_cell_0559-0,-55.266537,28.986235,endothelial,0,endothelial,endothelial,human1
human1_lib2.final_cell_0560-0,30.534584,2.2184858,beta,12,beta,beta,human1
human1_lib2.final_cell_0561-0,12.5875635,-66.44156,alpha,11,alpha,alpha,human1
human1_lib2.final_cell_0562-0,-32.88033,22.57381,quiescent_stellate,13,quiescent_stellate,quiescent_stellate,human1
human1_lib2.final_cell_0563-0,-28.160362,0.7802238,activated_stellate,10,activated_stellate,activated_stellate,human1
human1_lib2.final_cell_0564-0,56.160522,-12.876721,beta,12,beta,beta,human1
human1_lib2.final_cell_0565-0,24.74894,-70.88564,alpha,11,alpha,alpha,human1
human1_lib2.final_cell_0566-0,-52.4029,27.060434,endothelial,0,endothelial,endothelial,human1
human1_lib2.final_cell_0567-0,-30.58956,20.977343,quiescent_stellate,13,quiescent_stellate,quiescent_stellate,human1
human1_lib2.final_cell_0568-0,-61.25243,29.237164,endothelial,0,endothelial,endothelial,human1
human1_lib2.final_cell_0569-0,-61.505272,27.921751,endothelial,0,endothelial,endothelial,human1
human1_lib2.final_cell_0570-0,-63.329376,23.691278,endothelial,0,endothelial,endothelial,human1
human1_lib2.final_cell_0571-0,-54.54743,31.802538,endothelial,0,endothelial,endothelial,human1
human1_lib2.final_cell_0572-0,-51.753555,-3.4973412,ductal,3,ductal,ductal,human1
human1_lib2.final_cell_0573-0,44.415417,16.660301,beta,12,beta,beta,human1
human1_lib2.final_cell_0574-0,-80.707405,-1.8771154,ductal,3,ductal,ductal,human1
human1_lib2.final_cell_0575-0,-34.433994,22.34435,quiescent_stellate,13,quiescent_stellate,quiescent_stellate,human1
human1_lib2.final_cell_0576-0,49.691383,42.33883,beta,12,beta,beta,human1
human1_lib2.final_cell_0577-0,-61.349957,28.826855,endothelial,0,endothelial,endothelial,human1
human1_lib2.final_cell_0578-0,-53.704674,28.073763,endothelial,0,endothelial,endothelial,human1
human1_lib2.final_cell_0579-0,-0.6199895,-71.074165,alpha,11,alpha,alpha,human1
human1_lib2.final_cell_0580-0,-32.76088,15.255236,quiescent_stellate,13,quiescent_stellate,quiescent_stellate,human1
human1_lib2.final_cell_0581-0,8.607146,-66.45285,alpha,11,alpha,alpha,human1
human1_lib2.final_cell_0582-0,-23.726324,66.18391,acinar,1,acinar,acinar,human1
human1_lib2.final_cell_0583-0,-47.179234,-61.471153,gamma,7,gamma,gamma,human1
human1_lib2.final_cell_0584-0,-63.571217,23.868437,endothelial,0,endothelial,endothelial,human1
human1_lib2.final_cell_0585-0,40.644485,50.80383,beta,12,beta,beta,human1
human1_lib2.final_cell_0586-0,-35.534798,17.786043,quiescent_stellate,13,quiescent_stellate,quiescent_stellate,human1
human1_lib2.final_cell_0587-0,-25.542868,-4.2756534,activated_stellate,10,activated_stellate,activated_stellate,human1
human1_lib2.final_cell_0588-0,37.906174,-16.66743,beta,12,beta,beta,human1
human1_lib2.final_cell_0589-0,39.569107,-5.679084,beta,12,beta,beta,human1
human1_lib2.final_cell_0590-0,-60.626453,29.778713,endothelial,0,endothelial,endothelial,human1
human1_lib2.final_cell_0591-0,19.74086,-69.8403,alpha,11,alpha,alpha,human1
human1_lib2.final_cell_0592-0,-30.743162,15.425565,quiescent_stellate,15,epsilon,quiescent_stellate,human1
human1_lib2.final_cell_0593-0,-29.409012,18.147297,quiescent_stellate,15,epsilon,quiescent_stellate,human1
human1_lib2.final_cell_0594-0,-32.467876,18.93573,quiescent_stellate,13,quiescent_stellate,quiescent_stellate,human1
human1_lib2.final_cell_0595-0,-27.903862,24.294195,quiescent_stellate,13,quiescent_stellate,quiescent_stellate,human1
human1_lib2.final_cell_0596-0,-56.63513,33.208527,endothelial,0,endothelial,endothelial,human1
human1_lib2.final_cell_0597-0,25.938726,20.777826,beta,12,beta,beta,human1
human1_lib2.final_cell_0598-0,-34.646587,21.788607,quiescent_stellate,13,quiescent_stellate,quiescent_stellate,human1
human1_lib2.final_cell_0599-0,57.20451,-12.666348,beta,12,beta,beta,human1
human1_lib2.final_cell_0600-0,-34.680984,22.755175,quiescent_stellate,13,quiescent_stellate,quiescent_stellate,human1
human1_lib2.final_cell_0601-0,-35.298664,22.775415,quiescent_stellate,13,quiescent_stellate,quiescent_stellate,human1
human1_lib2.final_cell_0602-0,39.106037,-6.5447693,beta,12,beta,beta,human1
human1_lib2.final_cell_0603-0,34.498627,49.66483,beta,12,beta,beta,human1
human1_lib2.final_cell_0604-0,29.875418,13.108732,beta,12,beta,beta,human1
human1_lib2.final_cell_0605-0,30.14619,30.01151,beta,12,beta,beta,human1
human1_lib2.final_cell_0606-0,45.68831,-1.5667423,beta,12,beta,beta,human1
human1_lib2.final_cell_0607-0,-57.91348,25.965454,endothelial,0,endothelial,endothelial,human1
human1_lib2.final_cell_0608-0,27.830286,-67.733444,alpha,11,alpha,alpha,human1
human1_lib2.final_cell_0609-0,38.293472,-16.630068,beta,12,beta,beta,human1
human1_lib2.final_cell_0610-0,-56.903034,33.208847,endothelial,0,endothelial,endothelial,human1
human1_lib2.final_cell_0611-0,-58.9459,25.787825,endothelial,0,endothelial,endothelial,human1
human1_lib2.final_cell_0612-0,-29.455805,11.972437,activated_stellate,15,epsilon,quiescent_stellate,human1
human1_lib2.final_cell_0613-0,10.3845005,-51.510532,alpha,11,alpha,alpha,human1
human1_lib2.final_cell_0614-0,45.631714,-16.110447,beta,12,beta,beta,human1
human1_lib2.final_cell_0615-0,39.55616,48.655285,beta,12,beta,beta,human1
human1_lib2.final_cell_0616-0,-32.13549,58.050186,acinar,1,acinar,acinar,human1
human1_lib2.final_cell_0617-0,-31.726418,14.629403,quiescent_stellate,13,quiescent_stellate,quiescent_stellate,human1
human1_lib2.final_cell_0618-0,-61.68342,28.205772,endothelial,0,endothelial,endothelial,human1
human1_lib2.final_cell_0619-0,-59.623817,27.28705,endothelial,0,endothelial,endothelial,human1
human1_lib2.final_cell_0620-0,-62.51159,28.602457,endothelial,0,endothelial,endothelial,human1
human1_lib2.final_cell_0621-0,27.582825,28.384432,delta,12,beta,beta,human1
human1_lib2.final_cell_0622-0,-57.646835,26.978676,endothelial,0,endothelial,endothelial,human1
human1_lib2.final_cell_0623-0,28.846163,-70.74758,alpha,11,alpha,alpha,human1
human1_lib2.final_cell_0624-0,32.010185,29.666603,beta,12,beta,beta,human1
human1_lib2.final_cell_0625-0,-29.75456,17.400463,quiescent_stellate,15,epsilon,quiescent_stellate,human1
human1_lib2.final_cell_0626-0,-60.163235,34.94133,endothelial,0,endothelial,endothelial,human1
human1_lib2.final_cell_0627-0,-32.440876,15.90426,quiescent_stellate,13,quiescent_stellate,quiescent_stellate,human1
human1_lib2.final_cell_0628-0,-3.34383,-69.620316,alpha,11,alpha,alpha,human1
human1_lib2.final_cell_0629-0,-32.097305,14.577953,quiescent_stellate,13,quiescent_stellate,quiescent_stellate,human1
human1_lib3.final_cell_0001-0,-25.444206,54.50089,acinar,1,acinar,acinar,human1
human1_lib3.final_cell_0002-0,-34.21823,57.79227,acinar,1,acinar,acinar,human1
human1_lib3.final_cell_0003-0,5.7420206,22.306005,delta,8,delta,delta,human1
human1_lib3.final_cell_0004-0,-29.7624,52.72352,acinar,1,acinar,acinar,human1
human1_lib3.final_cell_0005-0,-24.607803,-13.582541,activated_stellate,10,activated_stellate,activated_stellate,human1
human1_lib3.final_cell_0006-0,-33.72084,56.288918,acinar,1,acinar,acinar,human1
human1_lib3.final_cell_0007-0,-27.899158,56.79267,acinar,1,acinar,acinar,human1
human1_lib3.final_cell_0008-0,1.6360322,23.266281,delta,8,delta,delta,human1
human1_lib3.final_cell_0009-0,5.449348,29.201832,delta,8,delta,delta,human1
human1_lib3.final_cell_0010-0,-9.744336,26.522459,delta,8,delta,delta,human1
human1_lib3.final_cell_0011-0,-32.134636,54.07473,acinar,1,acinar,acinar,human1
human1_lib3.final_cell_0012-0,36.261948,8.805462,beta,12,beta,beta,human1
human1_lib3.final_cell_0013-0,-27.093536,-8.0145235,activated_stellate,10,activated_stellate,activated_stellate,human1
human1_lib3.final_cell_0014-0,-11.040919,19.488136,delta,8,delta,delta,human1
human1_lib3.final_cell_0015-0,5.306177,25.665136,delta,8,delta,delta,human1
human1_lib3.final_cell_0016-0,-3.9379437,26.428593,delta,8,delta,delta,human1
human1_lib3.final_cell_0017-0,1.9431125,29.551476,delta,8,delta,delta,human1
human1_lib3.final_cell_0018-0,27.629595,14.392334,beta,12,beta,beta,human1
human1_lib3.final_cell_0019-0,-3.2295609,11.745237,delta,8,delta,delta,human1
human1_lib3.final_cell_0020-0,-27.47849,57.06155,acinar,1,acinar,acinar,human1
human1_lib3.final_cell_0021-0,-27.678352,-7.2262654,activated_stellate,10,activated_stellate,activated_stellate,human1
human1_lib3.final_cell_0022-0,-28.16488,-7.63846,activated_stellate,10,activated_stellate,activated_stellate,human1
human1_lib3.final_cell_0023-0,1.6573197,18.044497,delta,8,delta,delta,human1
human1_lib3.final_cell_0024-0,40.134148,-9.692066,beta,12,beta,beta,human1
human1_lib3.final_cell_0025-0,-31.785332,53.75585,acinar,1,acinar,acinar,human1
human1_lib3.final_cell_0026-0,2.1958282,16.714691,delta,8,delta,delta,human1
human1_lib3.final_cell_0027-0,37.9086,4.160617,beta,12,beta,beta,human1
human1_lib3.final_cell_0028-0,-2.4979405,27.87988,delta,8,delta,delta,human1
human1_lib3.final_cell_0029-0,-34.965843,58.289703,ductal,1,acinar,acinar,human1
human1_lib3.final_cell_0030-0,-30.920635,56.915176,acinar,1,acinar,acinar,human1
human1_lib3.final_cell_0031-0,-29.265995,58.98637,acinar,1,acinar,acinar,human1
human1_lib3.final_cell_0032-0,1.4229496,20.962248,delta,8,delta,delta,human1
human1_lib3.final_cell_0033-0,44.09726,36.18609,beta,12,beta,beta,human1
human1_lib3.final_cell_0034-0,37.96638,5.5288367,beta,12,beta,beta,human1
human1_lib3.final_cell_0035-0,30.430014,29.821556,beta,12,beta,beta,human1
human1_lib3.final_cell_0036-0,-2.935262,25.84988,delta,8,delta,delta,human1
human1_lib3.final_cell_0037-0,35.241314,0.14832698,beta,12,beta,beta,human1
human1_lib3.final_cell_0038-0,39.01016,64.17053,beta,12,beta,beta,human1
human1_lib3.final_cell_0039-0,44.404125,-12.280976,beta,12,beta,beta,human1
human1_lib3.final_cell_0040-0,2.0205321,32.98422,delta,8,delta,delta,human1
human1_lib3.final_cell_0041-0,-5.187797,27.180965,delta,8,delta,delta,human1
human1_lib3.final_cell_0042-0,-13.219418,25.252926,delta,8,delta,delta,human1
human1_lib3.final_cell_0043-0,-33.60381,55.960735,acinar,1,acinar,acinar,human1
human1_lib3.final_cell_0044-0,-67.03234,5.5794964,ductal,3,ductal,ductal,human1
human1_lib3.final_cell_0045-0,-1.3118392,27.504648,delta,8,delta,delta,human1
human1_lib3.final_cell_0046-0,-28.905577,-7.562717,activated_stellate,10,activated_stellate,activated_stellate,human1
human1_lib3.final_cell_0047-0,41.105503,48.217922,beta,12,beta,beta,human1
human1_lib3.final_cell_0048-0,-9.921203,13.04989,activated_stellate,8,delta,delta,human1
human1_lib3.final_cell_0049-0,22.508099,-55.006687,alpha,11,alpha,alpha,human1
human1_lib3.final_cell_0050-0,-4.244533,26.248234,delta,8,delta,delta,human1
human1_lib3.final_cell_0051-0,27.83652,8.480428,beta,12,beta,beta,human1
human1_lib3.final_cell_0052-0,33.024334,-3.1821518,beta,12,beta,beta,human1
human1_lib3.final_cell_0053-0,36.22496,27.152756,beta,12,beta,beta,human1
human1_lib3.final_cell_0054-0,-31.394897,57.35512,acinar,1,acinar,acinar,human1
human1_lib3.final_cell_0055-0,-2.851781,23.159761,delta,8,delta,delta,human1
human1_lib3.final_cell_0056-0,-65.605156,4.9082336,ductal,3,ductal,ductal,human1
human1_lib3.final_cell_0057-0,-90.43719,12.840215,macrophage,6,macrophage,macrophage,human1
human1_lib3.final_cell_0058-0,-0.72702044,18.589626,delta,8,delta,delta,human1
human1_lib3.final_cell_0059-0,25.916386,23.420538,beta,12,beta,beta,human1
human1_lib3.final_cell_0060-0,46.905468,-15.473112,beta,12,beta,beta,human1
human1_lib3.final_cell_0061-0,-13.718993,18.906464,delta,8,delta,delta,human1
human1_lib3.final_cell_0062-0,-0.4070823,14.358458,delta,8,delta,delta,human1
human1_lib3.final_cell_0063-0,55.10707,-13.499562,beta,12,beta,beta,human1
human1_lib3.final_cell_0064-0,-2.4988976,24.229357,delta,8,delta,delta,human1
human1_lib3.final_cell_0065-0,42.527145,61.539104,beta,12,beta,beta,human1
human1_lib3.final_cell_0066-0,-4.084307,31.66975,delta,8,delta,delta,human1
human1_lib3.final_cell_0067-0,-28.18896,59.641174,acinar,1,acinar,acinar,human1
human1_lib3.final_cell_0068-0,-12.239686,20.269753,delta,8,delta,delta,human1
human1_lib3.final_cell_0069-0,38.1396,31.088993,beta,12,beta,beta,human1
human1_lib3.final_cell_0070-0,-30.054329,58.75232,acinar,1,acinar,acinar,human1
human1_lib3.final_cell_0071-0,44.13868,58.78983,beta,12,beta,beta,human1
human1_lib3.final_cell_0072-0,34.847942,12.132076,beta,12,beta,beta,human1
human1_lib3.final_cell_0073-0,-71.29637,42.887806,ductal,2,Unmatched_2,ductal,human1
human1_lib3.final_cell_0074-0,3.6137362,21.527115,delta,8,delta,delta,human1
human1_lib3.final_cell_0075-0,-11.749185,20.98152,delta,8,delta,delta,human1
human1_lib3.final_cell_0076-0,36.828434,12.617571,beta,12,beta,beta,human1
human1_lib3.final_cell_0077-0,-12.444391,22.609728,delta,8,delta,delta,human1
human1_lib3.final_cell_0078-0,-6.126566,26.861656,delta,8,delta,delta,human1
human1_lib3.final_cell_0079-0,44.263275,71.25229,beta,12,beta,beta,human1
human1_lib3.final_cell_0080-0,28.932062,-69.05106,alpha,11,alpha,alpha,human1
human1_lib3.final_cell_0081-0,37.76163,55.498814,beta,12,beta,beta,human1
human1_lib3.final_cell_0082-0,-29.745438,58.991688,acinar,1,acinar,acinar,human1
human1_lib3.final_cell_0083-0,-35.57652,-32.752373,alpha,11,alpha,alpha,human1
human1_lib3.final_cell_0084-0,30.117401,-64.84501,alpha,11,alpha,alpha,human1
human1_lib3.final_cell_0085-0,34.20221,20.896404,beta,12,beta,beta,human1
human1_lib3.final_cell_0086-0,35.22069,21.992712,beta,12,beta,beta,human1
human1_lib3.final_cell_0087-0,43.457153,32.66096,beta,12,beta,beta,human1
human1_lib3.final_cell_0088-0,37.49645,11.786324,beta,12,beta,beta,human1
human1_lib3.final_cell_0089-0,40.524654,43.900356,beta,12,beta,beta,human1
human1_lib3.final_cell_0090-0,31.504646,3.791484,beta,12,beta,beta,human1
human1_lib3.final_cell_0091-0,34.407726,5.5457215,beta,12,beta,beta,human1
human1_lib3.final_cell_0092-0,34.66851,54.172985,beta,12,beta,beta,human1
human1_lib3.final_cell_0093-0,-2.5190303,23.76163,delta,8,delta,delta,human1
human1_lib3.final_cell_0094-0,42.491013,-13.0463705,beta,12,beta,beta,human1
human1_lib3.final_cell_0095-0,33.77911,18.003387,beta,12,beta,beta,human1
human1_lib3.final_cell_0096-0,-9.434118,25.420471,delta,8,delta,delta,human1
human1_lib3.final_cell_0097-0,38.043762,16.911825,beta,12,beta,beta,human1
human1_lib3.final_cell_0098-0,33.60951,25.054813,beta,12,beta,beta,human1
human1_lib3.final_cell_0099-0,33.24893,4.899757,beta,12,beta,beta,human1
human1_lib3.final_cell_0100-0,17.684553,-62.35531,alpha,11,alpha,alpha,human1
human1_lib3.final_cell_0101-0,4.519617,20.959421,delta,8,delta,delta,human1
human1_lib3.final_cell_0102-0,21.762499,-69.570274,alpha,11,alpha,alpha,human1
human1_lib3.final_cell_0103-0,32.749134,5.215202,beta,12,beta,beta,human1
human1_lib3.final_cell_0104-0,-5.5147324,24.737627,delta,8,delta,delta,human1
human1_lib3.final_cell_0105-0,34.34635,49.729572,beta,12,beta,beta,human1
human1_lib3.final_cell_0106-0,-26.162012,-4.7757807,activated_stellate,10,activated_stellate,activated_stellate,human1
human1_lib3.final_cell_0107-0,33.85625,2.9017992,beta,12,beta,beta,human1
human1_lib3.final_cell_0108-0,28.055288,49.117245,beta,12,beta,beta,human1
human1_lib3.final_cell_0109-0,-4.245217,12.874768,delta,8,delta,delta,human1
human1_lib3.final_cell_0110-0,-3.4575493,18.634123,delta,8,delta,delta,human1
human1_lib3.final_cell_0111-0,-74.02379,44.67607,ductal,2,Unmatched_2,ductal,human1
human1_lib3.final_cell_0112-0,-27.287043,61.919815,acinar,1,acinar,acinar,human1
human1_lib3.final_cell_0113-0,-25.491533,56.550003,acinar,1,acinar,acinar,human1
human1_lib3.final_cell_0114-0,5.2490582,22.532192,delta,8,delta,delta,human1
human1_lib3.final_cell_0115-0,-65.29154,2.4998267,ductal,3,ductal,ductal,human1
human1_lib3.final_cell_0116-0,-1.0889444,10.627182,delta,8,delta,delta,human1
human1_lib3.final_cell_0117-0,36.483337,4.115094,beta,12,beta,beta,human1
human1_lib3.final_cell_0118-0,-80.41573,-5.869941,ductal,3,ductal,ductal,human1
human1_lib3.final_cell_0119-0,25.106955,18.887146,beta,12,beta,beta,human1
human1_lib3.final_cell_0120-0,39.54248,51.97987,beta,12,beta,beta,human1
human1_lib3.final_cell_0121-0,48.846737,-14.449984,beta,12,beta,beta,human1
human1_lib3.final_cell_0122-0,34.943027,47.202557,beta,12,beta,beta,human1
human1_lib3.final_cell_0123-0,29.779196,-64.924805,alpha,11,alpha,alpha,human1
human1_lib3.final_cell_0124-0,38.097935,35.491497,beta,12,beta,beta,human1
human1_lib3.final_cell_0125-0,29.777922,-5.0517664,beta,12,beta,beta,human1
human1_lib3.final_cell_0126-0,34.129585,3.5026631,beta,12,beta,beta,human1
human1_lib3.final_cell_0127-0,53.54463,-13.310993,beta,12,beta,beta,human1
human1_lib3.final_cell_0128-0,40.32414,36.441864,beta,12,beta,beta,human1
human1_lib3.final_cell_0129-0,27.22078,-59.577663,alpha,11,alpha,alpha,human1
human1_lib3.final_cell_0130-0,-34.051983,56.136803,acinar,1,acinar,acinar,human1
human1_lib3.final_cell_0131-0,42.752575,27.015896,beta,12,beta,beta,human1
human1_lib3.final_cell_0132-0,41.703426,-12.568154,beta,12,beta,beta,human1
human1_lib3.final_cell_0133-0,45.705437,68.73687,beta,12,beta,beta,human1
human1_lib3.final_cell_0134-0,39.38595,6.605278,beta,12,beta,beta,human1
human1_lib3.final_cell_0135-0,3.5518863,32.24129,delta,8,delta,delta,human1
human1_lib3.final_cell_0136-0,40.647327,-16.84347,beta,12,beta,beta,human1
human1_lib3.final_cell_0137-0,29.09806,14.920359,beta,12,beta,beta,human1
human1_lib3.final_cell_0138-0,47.35246,-16.577946,beta,12,beta,beta,human1
human1_lib3.final_cell_0139-0,-27.797468,-3.0996234,activated_stellate,10,activated_stellate,activated_stellate,human1
human1_lib3.final_cell_0140-0,28.473398,13.713299,beta,12,beta,beta,human1
human1_lib3.final_cell_0141-0,10.0983925,26.736658,delta,8,delta,delta,human1
human1_lib3.final_cell_0142-0,33.276077,17.968794,beta,12,beta,beta,human1
human1_lib3.final_cell_0143-0,-38.891445,56.32724,acinar,1,acinar,acinar,human1
human1_lib3.final_cell_0144-0,58.028564,-12.6882105,beta,12,beta,beta,human1
human1_lib3.final_cell_0145-0,34.863934,14.173944,beta,12,beta,beta,human1
human1_lib3.final_cell_0146-0,-28.775604,-7.4295864,activated_stellate,10,activated_stellate,activated_stellate,human1
human1_lib3.final_cell_0147-0,4.5424795,-74.3946,alpha,11,alpha,alpha,human1
human1_lib3.final_cell_0148-0,27.503132,10.537801,beta,12,beta,beta,human1
human1_lib3.final_cell_0149-0,42.14197,19.964256,beta,12,beta,beta,human1
human1_lib3.final_cell_0150-0,-67.12876,-16.996315,quiescent_stellate,3,ductal,ductal,human1
human1_lib3.final_cell_0151-0,-29.032713,-7.7878428,activated_stellate,10,activated_stellate,activated_stellate,human1
human1_lib3.final_cell_0152-0,-38.71832,56.42497,acinar,1,acinar,acinar,human1
human1_lib3.final_cell_0153-0,30.96438,14.76351,beta,12,beta,beta,human1
human1_lib3.final_cell_0154-0,2.3339176,-66.74313,alpha,11,alpha,alpha,human1
human1_lib3.final_cell_0155-0,-0.3104252,24.856033,delta,8,delta,delta,human1
human1_lib3.final_cell_0156-0,-29.55567,52.927235,acinar,1,acinar,acinar,human1
human1_lib3.final_cell_0157-0,33.181187,49.099216,beta,12,beta,beta,human1
human1_lib3.final_cell_0158-0,40.63413,49.38415,beta,12,beta,beta,human1
human1_lib3.final_cell_0159-0,53.35284,43.7767,beta,12,beta,beta,human1
human1_lib3.final_cell_0160-0,35.83884,-1.5057193,beta,12,beta,beta,human1
human1_lib3.final_cell_0161-0,-79.908554,-7.1898937,ductal,3,ductal,ductal,human1
human1_lib3.final_cell_0162-0,32.003555,-2.8224695,beta,12,beta,beta,human1
human1_lib3.final_cell_0163-0,-33.91542,54.487747,acinar,1,acinar,acinar,human1
human1_lib3.final_cell_0164-0,44.946342,41.93739,beta,12,beta,beta,human1
human1_lib3.final_cell_0165-0,36.023926,69.40499,beta,12,beta,beta,human1
human1_lib3.final_cell_0166-0,36.889496,70.353004,beta,12,beta,beta,human1
human1_lib3.final_cell_0167-0,25.799017,13.081081,beta,12,beta,beta,human1
human1_lib3.final_cell_0168-0,39.676117,21.818521,beta,12,beta,beta,human1
human1_lib3.final_cell_0169-0,46.922432,-12.008455,beta,12,beta,beta,human1
human1_lib3.final_cell_0170-0,2.6801186,-73.62558,alpha,11,alpha,alpha,human1
human1_lib3.final_cell_0171-0,-33.46325,54.514347,acinar,1,acinar,acinar,human1
human1_lib3.final_cell_0172-0,36.53542,2.862571,beta,12,beta,beta,human1
human1_lib3.final_cell_0173-0,25.72211,19.443935,beta,12,beta,beta,human1
human1_lib3.final_cell_0174-0,30.585388,-64.40091,alpha,11,alpha,alpha,human1
human1_lib3.final_cell_0175-0,35.927223,59.678078,beta,12,beta,beta,human1
human1_lib3.final_cell_0176-0,28.88471,12.65153,beta,12,beta,beta,human1
human1_lib3.final_cell_0177-0,-39.87101,-70.398254,gamma,7,gamma,gamma,human1
human1_lib3.final_cell_0178-0,-11.166351,24.315388,delta,8,delta,delta,human1
human1_lib3.final_cell_0179-0,-92.65846,10.231918,macrophage,6,macrophage,macrophage,human1
human1_lib3.final_cell_0180-0,28.570414,-63.245964,alpha,11,alpha,alpha,human1
human1_lib3.final_cell_0181-0,-0.77559084,19.857845,delta,8,delta,delta,human1
human1_lib3.final_cell_0182-0,37.03254,49.71206,beta,12,beta,beta,human1
human1_lib3.final_cell_0183-0,-65.85843,3.478872,ductal,3,ductal,ductal,human1
human1_lib3.final_cell_0184-0,-66.0413,0.8867,ductal,3,ductal,ductal,human1
human1_lib3.final_cell_0185-0,21.748714,-70.09077,alpha,11,alpha,alpha,human1
human1_lib3.final_cell_0186-0,56.29344,-14.414464,beta,12,beta,beta,human1
human1_lib3.final_cell_0187-0,37.557888,40.816525,beta,12,beta,beta,human1
human1_lib3.final_cell_0188-0,-32.063175,53.883053,acinar,1,acinar,acinar,human1
human1_lib3.final_cell_0189-0,-59.444466,32.641994,endothelial,0,endothelial,endothelial,human1
human1_lib3.final_cell_0190-0,3.693006,-73.18813,alpha,11,alpha,alpha,human1
human1_lib3.final_cell_0191-0,-44.516422,-67.75289,gamma,7,gamma,gamma,human1
human1_lib3.final_cell_0192-0,39.81714,0.24198923,beta,12,beta,beta,human1
human1_lib3.final_cell_0193-0,-28.530567,17.148361,quiescent_stellate,15,epsilon,quiescent_stellate,human1
human1_lib3.final_cell_0194-0,34.758247,14.216903,beta,12,beta,beta,human1
human1_lib3.final_cell_0195-0,9.721663,26.763783,delta,8,delta,delta,human1
human1_lib3.final_cell_0196-0,36.914284,62.265266,beta,12,beta,beta,human1
human1_lib3.final_cell_0197-0,-81.958824,-4.5078335,ductal,3,ductal,ductal,human1
human1_lib3.final_cell_0198-0,44.286552,16.428173,beta,12,beta,beta,human1
human1_lib3.final_cell_0199-0,12.154347,-59.062256,alpha,11,alpha,alpha,human1
human1_lib3.final_cell_0200-0,39.05332,8.206846,beta,12,beta,beta,human1
human1_lib3.final_cell_0201-0,-8.19119,19.817116,delta,8,delta,delta,human1
human1_lib3.final_cell_0202-0,28.5458,53.8488,beta,12,beta,beta,human1
human1_lib3.final_cell_0203-0,3.3547947,-72.44521,alpha,11,alpha,alpha,human1
human1_lib3.final_cell_0204-0,-31.738298,14.849517,quiescent_stellate,13,quiescent_stellate,quiescent_stellate,human1
human1_lib3.final_cell_0205-0,-81.88757,-5.6787295,ductal,3,ductal,ductal,human1
human1_lib3.final_cell_0206-0,0.16731566,10.93027,delta,8,delta,delta,human1
human1_lib3.final_cell_0207-0,36.521828,13.295985,beta,12,beta,beta,human1
human1_lib3.final_cell_0208-0,34.500866,47.301216,beta,12,beta,beta,human1
human1_lib3.final_cell_0209-0,0.8727175,15.811379,delta,8,delta,delta,human1
human1_lib3.final_cell_0210-0,21.14544,-70.31862,alpha,11,alpha,alpha,human1
human1_lib3.final_cell_0211-0,48.317932,44.748096,beta,12,beta,beta,human1
human1_lib3.final_cell_0212-0,40.97857,48.22762,beta,12,beta,beta,human1
human1_lib3.final_cell_0213-0,5.191245,20.519539,delta,8,delta,delta,human1
human1_lib3.final_cell_0214-0,34.906094,-2.449055,beta,12,beta,beta,human1
human1_lib3.final_cell_0215-0,31.04037,2.8314238,beta,12,beta,beta,human1
human1_lib3.final_cell_0216-0,10.524432,26.50763,delta,8,delta,delta,human1
human1_lib3.final_cell_0217-0,-82.03461,-4.8270655,ductal,3,ductal,ductal,human1
human1_lib3.final_cell_0218-0,-64.51302,4.746628,ductal,3,ductal,ductal,human1
human1_lib3.final_cell_0219-0,37.70516,32.07062,beta,12,beta,beta,human1
human1_lib3.final_cell_0220-0,40.845604,45.937984,beta,12,beta,beta,human1
human1_lib3.final_cell_0221-0,40.0181,25.851122,beta,12,beta,beta,human1
human1_lib3.final_cell_0222-0,41.388973,68.03921,beta,12,beta,beta,human1
human1_lib3.final_cell_0223-0,-59.624195,32.834164,endothelial,0,endothelial,endothelial,human1
human1_lib3.final_cell_0224-0,34.88076,12.607945,beta,12,beta,beta,human1
human1_lib3.final_cell_0225-0,50.62611,42.31172,beta,12,beta,beta,human1
human1_lib3.final_cell_0226-0,15.302615,-59.916622,alpha,11,alpha,alpha,human1
human1_lib3.final_cell_0227-0,38.561237,17.13988,beta,12,beta,beta,human1
human1_lib3.final_cell_0228-0,42.596245,68.87088,beta,12,beta,beta,human1
human1_lib3.final_cell_0229-0,18.627747,-69.75646,alpha,11,alpha,alpha,human1
human1_lib3.final_cell_0230-0,43.46364,45.756287,beta,12,beta,beta,human1
human1_lib3.final_cell_0231-0,-24.859196,55.333466,acinar,1,acinar,acinar,human1
human1_lib3.final_cell_0232-0,-4.996015,27.090303,delta,8,delta,delta,human1
human1_lib3.final_cell_0233-0,43.443874,45.59241,beta,12,beta,beta,human1
human1_lib3.final_cell_0234-0,43.505882,-11.288271,beta,12,beta,beta,human1
human1_lib3.final_cell_0235-0,-81.88674,-6.534349,ductal,3,ductal,ductal,human1
human1_lib3.final_cell_0236-0,-83.58041,-13.462396,ductal,3,ductal,ductal,human1
human1_lib3.final_cell_0237-0,37.184044,13.691566,beta,12,beta,beta,human1
human1_lib3.final_cell_0238-0,-6.632679,-63.832294,alpha,11,alpha,alpha,human1
human1_lib3.final_cell_0239-0,33.377876,17.372952,beta,12,beta,beta,human1
human1_lib3.final_cell_0240-0,35.914738,-5.0338,beta,12,beta,beta,human1
human1_lib3.final_cell_0241-0,-65.7277,3.235716,ductal,3,ductal,ductal,human1
human1_lib3.final_cell_0242-0,24.070408,-69.80511,alpha,11,alpha,alpha,human1
human1_lib3.final_cell_0243-0,-24.796383,-11.218068,activated_stellate,10,activated_stellate,activated_stellate,human1
human1_lib3.final_cell_0244-0,36.00826,19.943089,beta,12,beta,beta,human1
human1_lib3.final_cell_0245-0,4.492028,-71.16363,alpha,11,alpha,alpha,human1
human1_lib3.final_cell_0246-0,-65.0203,3.0635476,ductal,3,ductal,ductal,human1
human1_lib3.final_cell_0247-0,2.4190812,28.390614,delta,8,delta,delta,human1
human1_lib3.final_cell_0248-0,21.48902,-69.577324,alpha,11,alpha,alpha,human1
human1_lib3.final_cell_0249-0,-48.84191,-64.52585,gamma,7,gamma,gamma,human1
human1_lib3.final_cell_0250-0,37.29198,21.457516,beta,12,beta,beta,human1
human1_lib3.final_cell_0251-0,-30.032896,1.6643444,activated_stellate,10,activated_stellate,activated_stellate,human1
human1_lib3.final_cell_0252-0,-72.68575,43.53762,ductal,2,Unmatched_2,ductal,human1
human1_lib3.final_cell_0253-0,4.942526,-44.71318,beta,11,alpha,alpha,human1
human1_lib3.final_cell_0254-0,36.92398,37.635735,beta,12,beta,beta,human1
human1_lib3.final_cell_0255-0,-26.851416,-5.1148148,activated_stellate,10,activated_stellate,activated_stellate,human1
human1_lib3.final_cell_0256-0,34.87248,33.846767,beta,12,beta,beta,human1
human1_lib3.final_cell_0257-0,2.3489995,30.027037,delta,8,delta,delta,human1
human1_lib3.final_cell_0258-0,-27.964647,2.5523708,activated_stellate,10,activated_stellate,activated_stellate,human1
human1_lib3.final_cell_0259-0,31.219648,4.1373506,beta,12,beta,beta,human1
human1_lib3.final_cell_0260-0,-48.784863,-66.08778,gamma,7,gamma,gamma,human1
human1_lib3.final_cell_0261-0,47.622047,58.652218,beta,12,beta,beta,human1
human1_lib3.final_cell_0262-0,57.900124,-6.959959,beta,12,beta,beta,human1
human1_lib3.final_cell_0263-0,38.40064,42.053776,beta,12,beta,beta,human1
human1_lib3.final_cell_0264-0,-1.6570541,21.062283,delta,8,delta,delta,human1
human1_lib3.final_cell_0265-0,32.078365,14.943216,beta,12,beta,beta,human1
human1_lib3.final_cell_0266-0,41.86325,-16.50388,beta,12,beta,beta,human1
human1_lib3.final_cell_0267-0,-0.15741806,-71.192154,alpha,11,alpha,alpha,human1
human1_lib3.final_cell_0268-0,40.526478,48.91689,beta,12,beta,beta,human1
human1_lib3.final_cell_0269-0,21.991037,-69.027214,alpha,11,alpha,alpha,human1
human1_lib3.final_cell_0270-0,-0.66198635,22.758854,epsilon,8,delta,delta,human1
human1_lib3.final_cell_0271-0,-27.15385,-0.37316322,activated_stellate,10,activated_stellate,activated_stellate,human1
human1_lib3.final_cell_0272-0,41.937035,20.193874,beta,12,beta,beta,human1
human1_lib3.final_cell_0273-0,28.325987,-57.58614,alpha,11,alpha,alpha,human1
human1_lib3.final_cell_0274-0,-71.815216,41.27197,ductal,2,Unmatched_2,ductal,human1
human1_lib3.final_cell_0275-0,21.251043,-56.202747,alpha,11,alpha,alpha,human1
human1_lib3.final_cell_0276-0,43.65064,-10.848748,beta,12,beta,beta,human1
human1_lib3.final_cell_0277-0,82.4102,-3.5548694,beta,12,beta,beta,human1
human1_lib3.final_cell_0278-0,5.831552,19.734362,delta,8,delta,delta,human1
human1_lib3.final_cell_0279-0,-82.17055,-5.3781943,ductal,3,ductal,ductal,human1
human1_lib3.final_cell_0280-0,40.919296,-9.826407,beta,12,beta,beta,human1
human1_lib3.final_cell_0281-0,30.71535,-65.31787,alpha,11,alpha,alpha,human1
human1_lib3.final_cell_0282-0,5.298561,29.04905,delta,8,delta,delta,human1
human1_lib3.final_cell_0283-0,33.405037,25.758732,beta,12,beta,beta,human1
human1_lib3.final_cell_0284-0,52.63043,41.75832,beta,12,beta,beta,human1
human1_lib3.final_cell_0285-0,42.153244,27.006615,beta,12,beta,beta,human1
human1_lib3.final_cell_0286-0,31.142376,13.296582,beta,12,beta,beta,human1
human1_lib3.final_cell_0287-0,32.50695,-8.462441,beta,12,beta,beta,human1
human1_lib3.final_cell_0288-0,-26.59762,-10.805992,activated_stellate,10,activated_stellate,activated_stellate,human1
human1_lib3.final_cell_0289-0,31.112423,-60.025826,alpha,11,alpha,alpha,human1
human1_lib3.final_cell_0290-0,28.670317,48.952988,beta,12,beta,beta,human1
human1_lib3.final_cell_0291-0,-79.94414,-6.700268,ductal,3,ductal,ductal,human1
human1_lib3.final_cell_0292-0,-5.9149685,20.34678,delta,8,delta,delta,human1
human1_lib3.final_cell_0293-0,16.802412,-68.5908,alpha,11,alpha,alpha,human1
human1_lib3.final_cell_0294-0,2.564171,-72.41687,alpha,11,alpha,alpha,human1
human1_lib3.final_cell_0295-0,34.293755,12.968363,beta,12,beta,beta,human1
human1_lib3.final_cell_0296-0,42.328457,42.596424,beta,12,beta,beta,human1
human1_lib3.final_cell_0297-0,35.306328,45.259518,beta,12,beta,beta,human1
human1_lib3.final_cell_0298-0,1.8867697,33.33269,delta,8,delta,delta,human1
human1_lib3.final_cell_0299-0,-10.882518,-64.50668,alpha,11,alpha,alpha,human1
human1_lib3.final_cell_0300-0,45.078415,63.791862,beta,12,beta,beta,human1
human1_lib3.final_cell_0301-0,31.185616,15.089817,beta,12,beta,beta,human1
human1_lib3.final_cell_0302-0,39.259052,39.04606,beta,12,beta,beta,human1
human1_lib3.final_cell_0303-0,43.987434,45.678738,beta,12,beta,beta,human1
human1_lib3.final_cell_0304-0,62.20317,-8.027531,beta,12,beta,beta,human1
human1_lib3.final_cell_0305-0,-2.433732,25.674856,delta,8,delta,delta,human1
human1_lib3.final_cell_0306-0,48.600742,-16.40529,beta,12,beta,beta,human1
human1_lib3.final_cell_0307-0,41.98246,-2.887583,beta,12,beta,beta,human1
human1_lib3.final_cell_0308-0,43.1385,23.383064,beta,12,beta,beta,human1
human1_lib3.final_cell_0309-0,17.367058,-66.94783,alpha,11,alpha,alpha,human1
human1_lib3.final_cell_0310-0,34.861904,-1.015421,beta,12,beta,beta,human1
human1_lib3.final_cell_0311-0,-48.62995,-63.10697,gamma,7,gamma,gamma,human1
human1_lib3.final_cell_0312-0,36.13956,45.11413,beta,12,beta,beta,human1
human1_lib3.final_cell_0313-0,-25.925451,-8.200313,activated_stellate,10,activated_stellate,activated_stellate,human1
human1_lib3.final_cell_0314-0,41.023228,-12.317967,beta,12,beta,beta,human1
human1_lib3.final_cell_0315-0,24.90402,-58.657894,alpha,11,alpha,alpha,human1
human1_lib3.final_cell_0316-0,22.884043,-65.47484,alpha,11,alpha,alpha,human1
human1_lib3.final_cell_0317-0,33.837223,36.59267,beta,12,beta,beta,human1
human1_lib3.final_cell_0318-0,39.64042,57.953125,beta,12,beta,beta,human1
human1_lib3.final_cell_0319-0,3.252102,22.538055,delta,8,delta,delta,human1
human1_lib3.final_cell_0320-0,36.68535,13.049852,beta,12,beta,beta,human1
human1_lib3.final_cell_0321-0,44.22899,-19.002495,beta,12,beta,beta,human1
human1_lib3.final_cell_0322-0,31.879288,42.023315,beta,12,beta,beta,human1
human1_lib3.final_cell_0323-0,35.279472,8.378031,beta,12,beta,beta,human1
human1_lib3.final_cell_0324-0,45.47022,41.875393,beta,12,beta,beta,human1
human1_lib3.final_cell_0325-0,43.435387,58.435925,beta,12,beta,beta,human1
human1_lib3.final_cell_0326-0,-37.070717,19.330755,quiescent_stellate,13,quiescent_stellate,quiescent_stellate,human1
human1_lib3.final_cell_0327-0,-79.84998,-8.179709,ductal,3,ductal,ductal,human1
human1_lib3.final_cell_0328-0,-72.38985,41.43351,ductal,2,Unmatched_2,ductal,human1
human1_lib3.final_cell_0329-0,2.1295023,20.954142,delta,8,delta,delta,human1
human1_lib3.final_cell_0330-0,-10.395367,-64.5209,alpha,11,alpha,alpha,human1
human1_lib3.final_cell_0331-0,38.088326,0.2693399,beta,12,beta,beta,human1
human1_lib3.final_cell_0332-0,36.70571,-11.364511,beta,12,beta,beta,human1
human1_lib3.final_cell_0333-0,46.153103,-11.619775,beta,12,beta,beta,human1
human1_lib3.final_cell_0334-0,31.29986,36.353893,beta,12,beta,beta,human1
human1_lib3.final_cell_0335-0,44.300915,61.397675,beta,12,beta,beta,human1
human1_lib3.final_cell_0336-0,43.00066,68.274376,beta,12,beta,beta,human1
human1_lib3.final_cell_0337-0,-49.434322,-62.83608,gamma,7,gamma,gamma,human1
human1_lib3.final_cell_0338-0,31.685112,22.77213,beta,12,beta,beta,human1
human1_lib3.final_cell_0339-0,26.252733,21.89745,beta,12,beta,beta,human1
human1_lib3.final_cell_0340-0,-46.846043,-66.12022,gamma,7,gamma,gamma,human1
human1_lib3.final_cell_0341-0,27.026947,-73.148285,alpha,11,alpha,alpha,human1
human1_lib3.final_cell_0342-0,43.34732,30.313473,beta,12,beta,beta,human1
human1_lib3.final_cell_0343-0,20.856733,-75.76804,alpha,11,alpha,alpha,human1
human1_lib3.final_cell_0344-0,-2.1871316,-62.68521,alpha,11,alpha,alpha,human1
human1_lib3.final_cell_0345-0,43.224953,24.6959,beta,12,beta,beta,human1
human1_lib3.final_cell_0346-0,3.1861784,20.158339,delta,8,delta,delta,human1
human1_lib3.final_cell_0347-0,36.8765,8.717511,beta,12,beta,beta,human1
human1_lib3.final_cell_0348-0,33.631596,18.000647,beta,12,beta,beta,human1
human1_lib3.final_cell_0349-0,42.70061,9.608166,beta,12,beta,beta,human1
human1_lib3.final_cell_0350-0,53.946594,-11.434826,beta,12,beta,beta,human1
human1_lib3.final_cell_0351-0,-51.944916,30.412382,endothelial,0,endothelial,endothelial,human1
human1_lib3.final_cell_0352-0,41.30471,-16.991352,beta,12,beta,beta,human1
human1_lib3.final_cell_0353-0,-30.61387,22.285727,quiescent_stellate,13,quiescent_stellate,quiescent_stellate,human1
human1_lib3.final_cell_0354-0,30.688189,-4.066231,beta,12,beta,beta,human1
human1_lib3.final_cell_0355-0,34.168644,19.287033,beta,12,beta,beta,human1
human1_lib3.final_cell_0356-0,28.299103,-71.33574,alpha,11,alpha,alpha,human1
human1_lib3.final_cell_0357-0,-80.46917,-2.876711,ductal,3,ductal,ductal,human1
human1_lib3.final_cell_0358-0,54.492153,43.948875,beta,12,beta,beta,human1
human1_lib3.final_cell_0359-0,55.298347,-6.294483,beta,15,epsilon,quiescent_stellate,human1
human1_lib3.final_cell_0360-0,-48.53513,-65.942215,gamma,7,gamma,gamma,human1
human1_lib3.final_cell_0361-0,-10.71624,-65.47837,alpha,11,alpha,alpha,human1
human1_lib3.final_cell_0362-0,-49.186703,-63.815636,gamma,7,gamma,gamma,human1
human1_lib3.final_cell_0363-0,29.717407,2.8239186,beta,12,beta,beta,human1
human1_lib3.final_cell_0364-0,43.415066,19.141443,beta,12,beta,beta,human1
human1_lib3.final_cell_0365-0,11.555736,-63.943954,alpha,11,alpha,alpha,human1
human1_lib3.final_cell_0366-0,20.274002,-74.99121,alpha,11,alpha,alpha,human1
human1_lib3.final_cell_0367-0,83.28767,-17.423866,ductal,12,beta,beta,human1
human1_lib3.final_cell_0368-0,39.240704,53.2359,beta,12,beta,beta,human1
human1_lib3.final_cell_0369-0,26.97574,-69.68802,alpha,11,alpha,alpha,human1
human1_lib3.final_cell_0370-0,34.656948,14.564934,beta,12,beta,beta,human1
human1_lib3.final_cell_0371-0,-4.1351023,31.625872,delta,8,delta,delta,human1
human1_lib3.final_cell_0372-0,-79.824455,-8.527486,ductal,3,ductal,ductal,human1
human1_lib3.final_cell_0373-0,42.678978,-2.1076357,beta,12,beta,beta,human1
human1_lib3.final_cell_0374-0,33.627026,54.409878,beta,12,beta,beta,human1
human1_lib3.final_cell_0375-0,36.804394,14.455693,beta,12,beta,beta,human1
human1_lib3.final_cell_0376-0,37.619183,34.278187,beta,12,beta,beta,human1
human1_lib3.final_cell_0377-0,49.721626,-10.995822,beta,12,beta,beta,human1
human1_lib3.final_cell_0378-0,43.90812,-3.0945458,beta,12,beta,beta,human1
human1_lib3.final_cell_0379-0,-72.579865,41.29032,ductal,2,Unmatched_2,ductal,human1
human1_lib3.final_cell_0380-0,41.34831,36.45029,beta,12,beta,beta,human1
human1_lib3.final_cell_0381-0,-12.048022,-59.29114,alpha,11,alpha,alpha,human1
human1_lib3.final_cell_0382-0,26.982536,48.817158,beta,12,beta,beta,human1
human1_lib3.final_cell_0383-0,44.856743,69.64854,beta,12,beta,beta,human1
human1_lib3.final_cell_0384-0,16.639776,-58.37199,alpha,11,alpha,alpha,human1
human1_lib3.final_cell_0385-0,-26.608286,53.510983,acinar,1,acinar,acinar,human1
human1_lib3.final_cell_0386-0,-32.1845,53.406456,acinar,1,acinar,acinar,human1
human1_lib3.final_cell_0387-0,39.12505,-1.6075474,beta,12,beta,beta,human1
human1_lib3.final_cell_0388-0,29.606398,8.88695,beta,12,beta,beta,human1
human1_lib3.final_cell_0389-0,34.300262,4.3014674,beta,12,beta,beta,human1
human1_lib3.final_cell_0390-0,28.97457,-61.567944,alpha,11,alpha,alpha,human1
human1_lib3.final_cell_0391-0,34.282185,-60.523705,alpha,11,alpha,alpha,human1
human1_lib3.final_cell_0392-0,-6.1997323,-68.41898,alpha,11,alpha,alpha,human1
human1_lib3.final_cell_0393-0,32.22111,-57.70895,alpha,11,alpha,alpha,human1
human1_lib3.final_cell_0394-0,37.194405,53.785583,beta,12,beta,beta,human1
human1_lib3.final_cell_0395-0,29.136662,-64.7606,alpha,11,alpha,alpha,human1
human1_lib3.final_cell_0396-0,40.016827,3.473609,beta,12,beta,beta,human1
human1_lib3.final_cell_0397-0,27.468401,-58.193214,alpha,11,alpha,alpha,human1
human1_lib3.final_cell_0398-0,38.911594,-1.4392608,beta,12,beta,beta,human1
human1_lib3.final_cell_0399-0,46.295685,72.15063,beta,12,beta,beta,human1
human1_lib3.final_cell_0400-0,41.55105,20.328142,beta,12,beta,beta,human1
human1_lib3.final_cell_0401-0,27.080235,-62.936485,alpha,11,alpha,alpha,human1
human1_lib3.final_cell_0402-0,-4.9453845,18.152739,delta,8,delta,delta,human1
human1_lib3.final_cell_0403-0,-3.8785825,-68.67086,alpha,11,alpha,alpha,human1
human1_lib3.final_cell_0404-0,41.25947,-9.689692,beta,12,beta,beta,human1
human1_lib3.final_cell_0405-0,43.628906,68.37346,beta,12,beta,beta,human1
human1_lib3.final_cell_0406-0,37.27426,-10.527064,beta,12,beta,beta,human1
human1_lib3.final_cell_0407-0,28.185385,-76.85239,alpha,11,alpha,alpha,human1
human1_lib3.final_cell_0408-0,-43.464497,-67.32076,gamma,7,gamma,gamma,human1
human1_lib3.final_cell_0409-0,-28.119316,57.218113,acinar,1,acinar,acinar,human1
human1_lib3.final_cell_0410-0,46.792168,-15.803918,beta,12,beta,beta,human1
human1_lib3.final_cell_0411-0,-74.35983,43.902905,ductal,2,Unmatched_2,ductal,human1
human1_lib3.final_cell_0412-0,-6.5658045,18.117546,delta,8,delta,delta,human1
human1_lib3.final_cell_0413-0,30.479471,17.208755,beta,12,beta,beta,human1
human1_lib3.final_cell_0414-0,-81.83577,-3.2971168,ductal,3,ductal,ductal,human1
human1_lib3.final_cell_0415-0,-42.681355,-69.64784,gamma,7,gamma,gamma,human1
human1_lib3.final_cell_0416-0,32.54844,22.077856,beta,12,beta,beta,human1
human1_lib3.final_cell_0417-0,-29.455688,21.9618,quiescent_stellate,13,quiescent_stellate,quiescent_stellate,human1
human1_lib3.final_cell_0418-0,-57.801434,5.8590465,ductal,3,ductal,ductal,human1
human1_lib3.final_cell_0419-0,1.6802838,31.339764,delta,8,delta,delta,human1
human1_lib3.final_cell_0420-0,-49.204315,-62.315918,gamma,7,gamma,gamma,human1
human1_lib3.final_cell_0421-0,38.58556,42.918316,beta,12,beta,beta,human1
human1_lib3.final_cell_0422-0,33.00633,5.009658,beta,12,beta,beta,human1
human1_lib3.final_cell_0423-0,33.56633,21.512434,beta,12,beta,beta,human1
human1_lib3.final_cell_0424-0,27.710188,-78.47665,gamma,11,alpha,alpha,human1
human1_lib3.final_cell_0425-0,-80.82568,-3.7906704,ductal,3,ductal,ductal,human1
human1_lib3.final_cell_0426-0,3.8235695,-71.22519,alpha,11,alpha,alpha,human1
human1_lib3.final_cell_0427-0,-29.535172,51.939697,acinar,1,acinar,acinar,human1
human1_lib3.final_cell_0428-0,-65.18364,3.0053606,ductal,3,ductal,ductal,human1
human1_lib3.final_cell_0429-0,-61.022778,24.74435,endothelial,0,endothelial,endothelial,human1
human1_lib3.final_cell_0430-0,3.3667345,-73.68108,alpha,11,alpha,alpha,human1
human1_lib3.final_cell_0431-0,-51.768066,28.524307,endothelial,0,endothelial,endothelial,human1
human1_lib3.final_cell_0432-0,43.798958,26.537392,beta,12,beta,beta,human1
human1_lib3.final_cell_0433-0,37.657703,6.51932,beta,12,beta,beta,human1
human1_lib3.final_cell_0434-0,29.518576,52.085907,beta,12,beta,beta,human1
human1_lib3.final_cell_0435-0,41.010628,50.940987,beta,12,beta,beta,human1
human1_lib3.final_cell_0436-0,21.12893,-70.25474,alpha,11,alpha,alpha,human1
human1_lib3.final_cell_0437-0,29.647875,48.840435,beta,12,beta,beta,human1
human1_lib3.final_cell_0438-0,-62.33904,4.8075633,ductal,3,ductal,ductal,human1
human1_lib3.final_cell_0439-0,-72.5952,41.074596,ductal,2,Unmatched_2,ductal,human1
human1_lib3.final_cell_0440-0,30.900738,24.002975,beta,12,beta,beta,human1
human1_lib3.final_cell_0441-0,38.115776,16.140736,beta,12,beta,beta,human1
human1_lib3.final_cell_0442-0,-48.15906,-68.43797,gamma,7,gamma,gamma,human1
human1_lib3.final_cell_0443-0,33.62268,29.518566,beta,12,beta,beta,human1
human1_lib3.final_cell_0444-0,-32.974434,19.600431,quiescent_stellate,13,quiescent_stellate,quiescent_stellate,human1
human1_lib3.final_cell_0445-0,-80.88542,-13.480354,ductal,3,ductal,ductal,human1
human1_lib3.final_cell_0446-0,43.60074,19.046846,beta,12,beta,beta,human1
human1_lib3.final_cell_0447-0,-25.199398,54.3697,acinar,1,acinar,acinar,human1
human1_lib3.final_cell_0448-0,-80.62962,-7.7451196,ductal,3,ductal,ductal,human1
human1_lib3.final_cell_0449-0,-58.821842,22.630493,endothelial,0,endothelial,endothelial,human1
human1_lib3.final_cell_0450-0,-30.375008,56.372017,acinar,1,acinar,acinar,human1
human1_lib3.final_cell_0451-0,-50.86671,-62.734642,gamma,7,gamma,gamma,human1
human1_lib3.final_cell_0452-0,49.182182,43.46982,beta,12,beta,beta,human1
human1_lib3.final_cell_0453-0,45.53707,-10.379319,beta,12,beta,beta,human1
human1_lib3.final_cell_0454-0,-34.918724,20.480915,quiescent_stellate,13,quiescent_stellate,quiescent_stellate,human1
human1_lib3.final_cell_0455-0,41.48125,37.890896,beta,12,beta,beta,human1
human1_lib3.final_cell_0456-0,35.49947,53.26594,beta,12,beta,beta,human1
human1_lib3.final_cell_0457-0,-3.2979836,22.680862,epsilon,8,delta,delta,human1
human1_lib3.final_cell_0458-0,43.24283,34.81384,beta,12,beta,beta,human1
human1_lib3.final_cell_0459-0,-5.2593355,-68.22968,alpha,11,alpha,alpha,human1
human1_lib3.final_cell_0460-0,-1.0358795,-66.64698,alpha,11,alpha,alpha,human1
human1_lib3.final_cell_0461-0,-3.4922032,29.574787,delta,8,delta,delta,human1
human1_lib3.final_cell_0462-0,38.883987,-9.464822,beta,12,beta,beta,human1
human1_lib3.final_cell_0463-0,-37.9722,-62.537834,epsilon,7,gamma,gamma,human1
human1_lib3.final_cell_0464-0,62.288876,-8.06745,beta,12,beta,beta,human1
human1_lib3.final_cell_0465-0,21.972738,-64.66755,alpha,11,alpha,alpha,human1
human1_lib3.final_cell_0466-0,42.994446,-7.3766246,beta,12,beta,beta,human1
human1_lib3.final_cell_0467-0,38.166092,70.386566,beta,12,beta,beta,human1
human1_lib3.final_cell_0468-0,-42.69608,-67.601974,gamma,7,gamma,gamma,human1
human1_lib3.final_cell_0469-0,-29.280718,69.990456,acinar,1,acinar,acinar,human1
human1_lib3.final_cell_0470-0,35.677975,-12.201189,beta,12,beta,beta,human1
human1_lib3.final_cell_0471-0,20.522266,-65.72773,alpha,11,alpha,alpha,human1
human1_lib3.final_cell_0472-0,32.589527,45.658115,beta,12,beta,beta,human1
human1_lib3.final_cell_0473-0,-12.872095,-65.51351,alpha,11,alpha,alpha,human1
human1_lib3.final_cell_0474-0,-66.37014,3.2596989,ductal,3,ductal,ductal,human1
human1_lib3.final_cell_0475-0,-16.467627,-61.111977,alpha,11,alpha,alpha,human1
human1_lib3.final_cell_0476-0,24.754118,20.260164,beta,12,beta,beta,human1
human1_lib3.final_cell_0477-0,30.247665,-7.4074984,beta,12,beta,beta,human1
human1_lib3.final_cell_0478-0,-48.417957,-68.32287,gamma,7,gamma,gamma,human1
human1_lib3.final_cell_0479-0,38.72733,42.17443,beta,12,beta,beta,human1
human1_lib3.final_cell_0480-0,41.233654,67.35459,beta,12,beta,beta,human1
human1_lib3.final_cell_0481-0,-8.114575,17.195904,delta,8,delta,delta,human1
human1_lib3.final_cell_0482-0,-7.712099,17.42817,delta,8,delta,delta,human1
human1_lib3.final_cell_0483-0,9.113908,21.05443,delta,8,delta,delta,human1
human1_lib3.final_cell_0484-0,-35.143887,22.699503,quiescent_stellate,13,quiescent_stellate,quiescent_stellate,human1
human1_lib3.final_cell_0485-0,42.414787,43.377098,beta,12,beta,beta,human1
human1_lib3.final_cell_0486-0,42.359406,37.73106,beta,12,beta,beta,human1
human1_lib3.final_cell_0487-0,7.368883,-71.06742,alpha,11,alpha,alpha,human1
human1_lib3.final_cell_0488-0,46.34336,44.49734,beta,12,beta,beta,human1
human1_lib3.final_cell_0489-0,33.572353,-62.495235,alpha,11,alpha,alpha,human1
human1_lib3.final_cell_0490-0,21.23243,-72.19215,alpha,11,alpha,alpha,human1
human1_lib3.final_cell_0491-0,43.22905,27.417995,beta,12,beta,beta,human1
human1_lib3.final_cell_0492-0,45.984596,-2.0354745,beta,12,beta,beta,human1
human1_lib3.final_cell_0493-0,41.188213,-3.097917,beta,12,beta,beta,human1
human1_lib3.final_cell_0494-0,-7.235018,-68.53964,alpha,11,alpha,alpha,human1
human1_lib3.final_cell_0495-0,51.22087,-14.89331,beta,12,beta,beta,human1
human1_lib3.final_cell_0496-0,37.197384,4.983235,beta,12,beta,beta,human1
human1_lib3.final_cell_0497-0,-33.052376,24.174803,quiescent_stellate,13,quiescent_stellate,quiescent_stellate,human1
human1_lib3.final_cell_0498-0,22.527487,-55.01764,alpha,11,alpha,alpha,human1
human1_lib3.final_cell_0499-0,-62.93268,22.721668,endothelial,0,endothelial,endothelial,human1
human1_lib3.final_cell_0500-0,-46.781887,-66.659744,gamma,7,gamma,gamma,human1
human1_lib3.final_cell_0501-0,50.167812,43.958935,beta,12,beta,beta,human1
human1_lib3.final_cell_0502-0,52.554993,-12.629158,beta,12,beta,beta,human1
human1_lib3.final_cell_0503-0,-34.496292,21.778093,quiescent_stellate,13,quiescent_stellate,quiescent_stellate,human1
human1_lib3.final_cell_0504-0,31.256027,23.815985,beta,12,beta,beta,human1
human1_lib3.final_cell_0505-0,19.87202,-69.946106,alpha,11,alpha,alpha,human1
human1_lib3.final_cell_0506-0,0.009423272,21.321259,delta,8,delta,delta,human1
human1_lib3.final_cell_0507-0,39.732353,-10.292818,beta,12,beta,beta,human1
human1_lib3.final_cell_0508-0,-33.719627,55.69588,acinar,1,acinar,acinar,human1
human1_lib3.final_cell_0509-0,38.749203,-11.361689,beta,12,beta,beta,human1
human1_lib3.final_cell_0510-0,-52.25111,27.307577,endothelial,0,endothelial,endothelial,human1
human1_lib3.final_cell_0511-0,-52.60845,28.030537,endothelial,0,endothelial,endothelial,human1
human1_lib3.final_cell_0512-0,42.777508,24.149775,beta,12,beta,beta,human1
human1_lib3.final_cell_0513-0,29.652298,51.84816,beta,12,beta,beta,human1
human1_lib3.final_cell_0514-0,-12.947589,-65.56786,alpha,11,alpha,alpha,human1
human1_lib3.final_cell_0515-0,38.875317,-4.7729554,beta,12,beta,beta,human1
human1_lib3.final_cell_0516-0,45.417233,-39.76157,mast,4,mast,mast,human1
human1_lib3.final_cell_0517-0,41.395363,47.777374,beta,12,beta,beta,human1
human1_lib3.final_cell_0518-0,0.8773276,-46.716614,alpha,11,alpha,alpha,human1
human1_lib3.final_cell_0519-0,-59.511257,33.808224,endothelial,0,endothelial,endothelial,human1
human1_lib3.final_cell_0520-0,8.793952,-58.142582,beta,11,alpha,alpha,human1
human1_lib3.final_cell_0521-0,39.7223,37.515095,beta,12,beta,beta,human1
human1_lib3.final_cell_0522-0,44.300224,13.52041,beta,12,beta,beta,human1
human1_lib3.final_cell_0523-0,-51.39392,27.282167,endothelial,0,endothelial,endothelial,human1
human1_lib3.final_cell_0524-0,1.2360444,12.57266,alpha,8,delta,delta,human1
human1_lib3.final_cell_0525-0,43.62389,0.79129636,beta,12,beta,beta,human1
human1_lib3.final_cell_0526-0,37.97999,17.254515,beta,12,beta,beta,human1
human1_lib3.final_cell_0527-0,40.94955,14.489037,beta,12,beta,beta,human1
human1_lib3.final_cell_0528-0,44.510113,73.29036,beta,12,beta,beta,human1
human1_lib3.final_cell_0529-0,18.05056,-63.574123,alpha,11,alpha,alpha,human1
human1_lib3.final_cell_0530-0,44.66282,-39.0013,mast,4,mast,mast,human1
human1_lib3.final_cell_0531-0,38.97172,-6.149975,beta,12,beta,beta,human1
human1_lib3.final_cell_0532-0,23.728115,-75.06961,epsilon,11,alpha,alpha,human1
human1_lib3.final_cell_0533-0,-62.067337,22.460056,endothelial,0,endothelial,endothelial,human1
human1_lib3.final_cell_0534-0,-32.831505,24.34956,quiescent_stellate,13,quiescent_stellate,quiescent_stellate,human1
human1_lib3.final_cell_0535-0,6.2571793,-71.747444,alpha,11,alpha,alpha,human1
human1_lib3.final_cell_0536-0,-38.815083,-35.878643,alpha,15,epsilon,quiescent_stellate,human1
human1_lib3.final_cell_0537-0,-0.3743364,9.287849,beta,8,delta,delta,human1
human1_lib3.final_cell_0538-0,42.02034,43.138,beta,12,beta,beta,human1
human1_lib3.final_cell_0539-0,-15.10729,64.01288,acinar,1,acinar,acinar,human1
human1_lib3.final_cell_0540-0,12.734226,25.51994,delta,8,delta,delta,human1
human1_lib3.final_cell_0541-0,-30.139757,60.68231,acinar,1,acinar,acinar,human1
human1_lib3.final_cell_0542-0,32.223164,30.77813,beta,12,beta,beta,human1
human1_lib3.final_cell_0543-0,39.206448,31.3912,beta,12,beta,beta,human1
human1_lib3.final_cell_0544-0,-59.729427,34.292583,endothelial,0,endothelial,endothelial,human1
human1_lib3.final_cell_0545-0,35.441853,47.997204,beta,12,beta,beta,human1
human1_lib3.final_cell_0546-0,-90.32228,13.729665,macrophage,6,macrophage,macrophage,human1
human1_lib3.final_cell_0547-0,-30.936148,52.487614,acinar,1,acinar,acinar,human1
human1_lib3.final_cell_0548-0,-32.43951,22.394112,quiescent_stellate,13,quiescent_stellate,quiescent_stellate,human1
human1_lib3.final_cell_0549-0,39.89136,25.989138,beta,12,beta,beta,human1
human1_lib3.final_cell_0550-0,29.998129,13.534054,beta,12,beta,beta,human1
human1_lib3.final_cell_0551-0,41.32079,-14.009184,beta,12,beta,beta,human1
human1_lib3.final_cell_0552-0,-63.587387,23.874489,endothelial,0,endothelial,endothelial,human1
human1_lib3.final_cell_0553-0,24.319187,20.14086,beta,12,beta,beta,human1
human1_lib3.final_cell_0554-0,34.60726,-4.802598,beta,12,beta,beta,human1
human1_lib3.final_cell_0555-0,-79.35395,-3.4583802,ductal,3,ductal,ductal,human1
human1_lib3.final_cell_0556-0,36.91358,69.10712,beta,12,beta,beta,human1
human1_lib3.final_cell_0557-0,47.900776,17.718517,beta,15,epsilon,quiescent_stellate,human1
human1_lib3.final_cell_0558-0,-32.76055,23.519901,quiescent_stellate,13,quiescent_stellate,quiescent_stellate,human1
human1_lib3.final_cell_0559-0,40.97789,-1.6346176,beta,12,beta,beta,human1
human1_lib3.final_cell_0560-0,-33.102715,55.96513,acinar,1,acinar,acinar,human1
human1_lib3.final_cell_0561-0,25.939968,23.394056,beta,12,beta,beta,human1
human1_lib3.final_cell_0562-0,9.034107,20.565424,delta,8,delta,delta,human1
human1_lib3.final_cell_0563-0,37.36651,-12.460952,beta,12,beta,beta,human1
human1_lib3.final_cell_0564-0,40.63458,38.162197,beta,12,beta,beta,human1
human1_lib3.final_cell_0565-0,38.859188,24.50404,beta,12,beta,beta,human1
human1_lib3.final_cell_0566-0,25.466146,19.498926,beta,12,beta,beta,human1
human1_lib3.final_cell_0567-0,-32.19371,22.388456,quiescent_stellate,13,quiescent_stellate,quiescent_stellate,human1
human1_lib3.final_cell_0568-0,22.265223,-64.09786,alpha,11,alpha,alpha,human1
human1_lib3.final_cell_0569-0,-60.6144,23.095116,endothelial,0,endothelial,endothelial,human1
human1_lib3.final_cell_0570-0,34.03824,2.4039202,beta,12,beta,beta,human1
human1_lib3.final_cell_0571-0,56.184147,47.995693,delta,12,beta,beta,human1
human1_lib3.final_cell_0572-0,-41.464867,-63.652378,gamma,7,gamma,gamma,human1
human1_lib3.final_cell_0573-0,40.002552,1.0048453,beta,12,beta,beta,human1
human1_lib3.final_cell_0574-0,-32.87863,24.171385,quiescent_stellate,13,quiescent_stellate,quiescent_stellate,human1
human1_lib3.final_cell_0575-0,-56.62342,23.146439,endothelial,0,endothelial,endothelial,human1
human1_lib3.final_cell_0576-0,33.791264,-60.42374,alpha,11,alpha,alpha,human1
human1_lib3.final_cell_0577-0,43.562706,-15.833751,beta,12,beta,beta,human1
human1_lib3.final_cell_0578-0,-77.04062,42.1698,ductal,2,Unmatched_2,ductal,human1
human1_lib3.final_cell_0579-0,41.50765,21.479864,beta,12,beta,beta,human1
human1_lib3.final_cell_0580-0,34.205505,-4.4721828,beta,12,beta,beta,human1
human1_lib3.final_cell_0581-0,38.474472,6.1649184,beta,12,beta,beta,human1
human1_lib3.final_cell_0582-0,-29.85053,19.857296,quiescent_stellate,13,quiescent_stellate,quiescent_stellate,human1
human1_lib3.final_cell_0583-0,39.837154,39.372925,beta,12,beta,beta,human1
human1_lib3.final_cell_0584-0,27.533993,-78.63377,epsilon,11,alpha,alpha,human1
human1_lib3.final_cell_0585-0,-40.588104,-31.60206,beta,11,alpha,alpha,human1
human1_lib3.final_cell_0586-0,54.303543,40.260605,beta,15,epsilon,quiescent_stellate,human1
human1_lib3.final_cell_0587-0,-2.113413,-72.12456,alpha,11,alpha,alpha,human1
human1_lib3.final_cell_0588-0,62.15178,-5.131599,beta,12,beta,beta,human1
human1_lib3.final_cell_0589-0,-59.22011,34.877617,endothelial,0,endothelial,endothelial,human1
human1_lib3.final_cell_0590-0,-50.792473,28.520258,endothelial,0,endothelial,endothelial,human1
human1_lib3.final_cell_0591-0,-32.00815,21.606138,quiescent_stellate,13,quiescent_stellate,quiescent_stellate,human1
human1_lib3.final_cell_0592-0,57.02333,45.626713,beta,15,epsilon,quiescent_stellate,human1
human1_lib3.final_cell_0593-0,37.084217,-9.951488,beta,12,beta,beta,human1
human1_lib3.final_cell_0594-0,1.5581684,12.720308,epsilon,8,delta,delta,human1
human1_lib3.final_cell_0595-0,-36.271294,22.511156,quiescent_stellate,15,epsilon,quiescent_stellate,human1
human1_lib3.final_cell_0596-0,43.029957,64.12812,beta,12,beta,beta,human1
human1_lib3.final_cell_0597-0,45.103012,-39.275017,mast,4,mast,mast,human1
human1_lib3.final_cell_0598-0,-77.00994,42.173016,ductal,2,Unmatched_2,ductal,human1
human1_lib3.final_cell_0599-0,3.1490946,-51.5464,alpha,11,alpha,alpha,human1
human1_lib3.final_cell_0600-0,-34.05498,56.987972,acinar,1,acinar,acinar,human1
human1_lib3.final_cell_0601-0,-33.706253,57.081825,acinar,1,acinar,acinar,human1
human1_lib3.final_cell_0602-0,-63.327576,23.58469,endothelial,0,endothelial,endothelial,human1
human1_lib3.final_cell_0603-0,-52.947395,-5.737227,ductal,3,ductal,ductal,human1
human1_lib3.final_cell_0604-0,-59.316307,35.699707,endothelial,0,endothelial,endothelial,human1
human1_lib3.final_cell_0605-0,33.497158,-60.129627,alpha,11,alpha,alpha,human1
human1_lib3.final_cell_0606-0,-9.4960575,19.32707,delta,8,delta,delta,human1
human1_lib3.final_cell_0607-0,26.452845,14.374142,beta,12,beta,beta,human1
human1_lib3.final_cell_0608-0,66.15399,-1.7339611,beta,12,beta,beta,human1
human1_lib3.final_cell_0609-0,27.955269,0.29484218,beta,12,beta,beta,human1
human1_lib3.final_cell_0610-0,-29.115236,69.92693,ductal,1,acinar,acinar,human1
human1_lib3.final_cell_0611-0,-32.577526,24.442574,quiescent_stellate,13,quiescent_stellate,quiescent_stellate,human1
human1_lib3.final_cell_0612-0,34.73641,62.65631,beta,12,beta,beta,human1
human1_lib3.final_cell_0613-0,-90.94512,12.913038,macrophage,6,macrophage,macrophage,human1
human1_lib3.final_cell_0614-0,5.518146,17.364584,delta,8,delta,delta,human1
human1_lib3.final_cell_0615-0,-52.79343,27.557156,endothelial,0,endothelial,endothelial,human1
human1_lib3.final_cell_0616-0,9.154333,-61.71709,alpha,11,alpha,alpha,human1
human1_lib3.final_cell_0617-0,30.626839,25.17712,beta,12,beta,beta,human1
human1_lib3.final_cell_0618-0,-62.759857,22.850853,endothelial,0,endothelial,endothelial,human1
human1_lib3.final_cell_0619-0,27.922634,9.083067,beta,12,beta,beta,human1
human1_lib3.final_cell_0620-0,28.457521,51.85072,beta,12,beta,beta,human1
human1_lib3.final_cell_0621-0,-60.743053,26.298532,endothelial,0,endothelial,endothelial,human1
human1_lib3.final_cell_0622-0,4.4995174,21.007551,delta,8,delta,delta,human1
human1_lib3.final_cell_0623-0,-29.128248,69.98006,acinar,1,acinar,acinar,human1
human1_lib3.final_cell_0624-0,-27.908695,56.36121,acinar,1,acinar,acinar,human1
human1_lib3.final_cell_0625-0,-58.850437,26.700657,endothelial,0,endothelial,endothelial,human1
human1_lib3.final_cell_0626-0,40.295982,-16.8522,beta,12,beta,beta,human1
human1_lib3.final_cell_0627-0,-60.01776,24.381386,endothelial,0,endothelial,endothelial,human1
human1_lib3.final_cell_0628-0,-32.60623,51.251747,acinar,1,acinar,acinar,human1
human1_lib3.final_cell_0629-0,47.520473,-18.941954,beta,12,beta,beta,human1
human1_lib3.final_cell_0630-0,-3.268797,21.351189,delta,8,delta,delta,human1
human1_lib3.final_cell_0631-0,-31.75499,24.11361,quiescent_stellate,13,quiescent_stellate,quiescent_stellate,human1
human1_lib3.final_cell_0632-0,-32.447796,22.67459,quiescent_stellate,13,quiescent_stellate,quiescent_stellate,human1
human1_lib3.final_cell_0633-0,27.403917,-3.2830503,beta,12,beta,beta,human1
human1_lib3.final_cell_0634-0,27.300795,27.694613,beta,12,beta,beta,human1
human1_lib3.final_cell_0635-0,-34.21944,22.287445,quiescent_stellate,13,quiescent_stellate,quiescent_stellate,human1
human1_lib3.final_cell_0636-0,-8.29197,-60.09295,alpha,11,alpha,alpha,human1
human1_lib3.final_cell_0637-0,-32.398037,23.118544,quiescent_stellate,13,quiescent_stellate,quiescent_stellate,human1
human1_lib3.final_cell_0638-0,-31.135752,22.768646,quiescent_stellate,13,quiescent_stellate,quiescent_stellate,human1
human1_lib3.final_cell_0639-0,72.64483,-8.440708,beta,12,beta,beta,human1
human1_lib3.final_cell_0640-0,-35.397964,22.462208,quiescent_stellate,13,quiescent_stellate,quiescent_stellate,human1
human1_lib3.final_cell_0641-0,-26.747774,8.057369,schwann,9,schwann,schwann,human1
human1_lib3.final_cell_0642-0,36.679985,24.39137,beta,12,beta,beta,human1
human1_lib3.final_cell_0643-0,49.717865,-11.4516115,beta,12,beta,beta,human1
human1_lib3.final_cell_0644-0,12.719061,24.838562,beta,8,delta,delta,human1
human1_lib3.final_cell_0645-0,39.643383,-4.583975,beta,12,beta,beta,human1
human1_lib3.final_cell_0646-0,37.985367,-5.446167,beta,12,beta,beta,human1
human1_lib3.final_cell_0647-0,55.980717,46.729122,beta,12,beta,beta,human1
human1_lib3.final_cell_0648-0,38.868725,-17.88239,beta,12,beta,beta,human1
human1_lib3.final_cell_0649-0,-63.93118,26.393524,endothelial,0,endothelial,endothelial,human1
human1_lib3.final_cell_0650-0,-76.76069,42.14207,ductal,2,Unmatched_2,ductal,human1
human1_lib3.final_cell_0651-0,37.12466,14.834152,beta,12,beta,beta,human1
human1_lib3.final_cell_0652-0,31.84763,-4.7639737,beta,12,beta,beta,human1
human1_lib3.final_cell_0653-0,44.30922,-11.578442,beta,12,beta,beta,human1
human1_lib3.final_cell_0654-0,42.480705,44.25578,beta,12,beta,beta,human1
human1_lib3.final_cell_0655-0,20.861645,-57.37954,alpha,11,alpha,alpha,human1
human1_lib3.final_cell_0656-0,-31.947487,22.116467,quiescent_stellate,13,quiescent_stellate,quiescent_stellate,human1
human1_lib3.final_cell_0657-0,-32.749847,22.314123,quiescent_stellate,13,quiescent_stellate,quiescent_stellate,human1
human1_lib3.final_cell_0658-0,31.132868,13.56947,beta,12,beta,beta,human1
human1_lib3.final_cell_0659-0,34.349895,62.501266,beta,12,beta,beta,human1
human1_lib3.final_cell_0660-0,25.984863,-63.00406,alpha,11,alpha,alpha,human1
human1_lib3.final_cell_0661-0,-71.57308,42.89356,ductal,2,Unmatched_2,ductal,human1
human1_lib3.final_cell_0662-0,-30.879576,22.429338,quiescent_stellate,13,quiescent_stellate,quiescent_stellate,human1
human1_lib3.final_cell_0663-0,36.83048,24.380054,beta,12,beta,beta,human1
human1_lib3.final_cell_0664-0,-63.56179,23.444132,endothelial,0,endothelial,endothelial,human1
human1_lib3.final_cell_0665-0,11.674625,26.662262,delta,8,delta,delta,human1
human1_lib3.final_cell_0666-0,27.810463,-3.722978,beta,12,beta,beta,human1
human1_lib3.final_cell_0667-0,29.029696,32.35267,beta,12,beta,beta,human1
human1_lib3.final_cell_0668-0,-4.1223707,-69.30421,alpha,11,alpha,alpha,human1
human1_lib3.final_cell_0669-0,34.96903,40.093384,beta,12,beta,beta,human1
human1_lib3.final_cell_0670-0,41.433548,-17.527176,beta,12,beta,beta,human1
human1_lib3.final_cell_0671-0,-54.35256,32.01393,endothelial,0,endothelial,endothelial,human1
human1_lib3.final_cell_0672-0,34.38685,5.5710907,beta,12,beta,beta,human1
human1_lib3.final_cell_0673-0,-61.34891,27.050192,endothelial,0,endothelial,endothelial,human1
human1_lib3.final_cell_0674-0,22.753166,-55.709408,alpha,11,alpha,alpha,human1
human1_lib3.final_cell_0675-0,-32.267456,15.915812,quiescent_stellate,13,quiescent_stellate,quiescent_stellate,human1
human1_lib3.final_cell_0676-0,-52.642136,31.829967,endothelial,0,endothelial,endothelial,human1
human1_lib3.final_cell_0677-0,23.041958,-57.25127,alpha,11,alpha,alpha,human1
human1_lib3.final_cell_0678-0,5.793808,-54.473984,alpha,11,alpha,alpha,human1
human1_lib3.final_cell_0679-0,-79.26904,-2.3753216,ductal,3,ductal,ductal,human1
human1_lib3.final_cell_0680-0,-32.722675,17.950718,quiescent_stellate,13,quiescent_stellate,quiescent_stellate,human1
human1_lib3.final_cell_0681-0,-53.03156,30.228737,endothelial,0,endothelial,endothelial,human1
human1_lib3.final_cell_0682-0,38.748653,-14.520954,beta,12,beta,beta,human1
human1_lib3.final_cell_0683-0,-39.8852,-69.84039,gamma,7,gamma,gamma,human1
human1_lib3.final_cell_0684-0,25.9866,-73.65246,epsilon,11,alpha,alpha,human1
human1_lib3.final_cell_0685-0,-26.713072,-1.330122,activated_stellate,10,activated_stellate,activated_stellate,human1
human1_lib3.final_cell_0686-0,17.784912,-67.68144,alpha,11,alpha,alpha,human1
human1_lib3.final_cell_0687-0,-25.653593,0.1754066,activated_stellate,10,activated_stellate,activated_stellate,human1
human1_lib3.final_cell_0688-0,55.090134,-13.207769,beta,12,beta,beta,human1
human1_lib3.final_cell_0689-0,45.05826,-18.976809,beta,12,beta,beta,human1
human1_lib3.final_cell_0690-0,45.152657,-39.43078,mast,4,mast,mast,human1
human1_lib3.final_cell_0691-0,-27.170141,0.36373284,activated_stellate,10,activated_stellate,activated_stellate,human1
human1_lib3.final_cell_0692-0,-2.5687473,12.023738,epsilon,8,delta,delta,human1
human1_lib3.final_cell_0693-0,-31.159525,23.934626,quiescent_stellate,13,quiescent_stellate,quiescent_stellate,human1
human1_lib3.final_cell_0694-0,-58.548866,34.411903,endothelial,0,endothelial,endothelial,human1
human1_lib3.final_cell_0695-0,-39.383495,-64.316185,gamma,7,gamma,gamma,human1
human1_lib3.final_cell_0696-0,37.620148,-5.923471,beta,12,beta,beta,human1
human1_lib3.final_cell_0697-0,-33.128067,15.030831,quiescent_stellate,13,quiescent_stellate,quiescent_stellate,human1
human1_lib3.final_cell_0698-0,-31.461786,19.308485,quiescent_stellate,13,quiescent_stellate,quiescent_stellate,human1
human1_lib3.final_cell_0699-0,-32.14203,-34.96543,alpha,11,alpha,alpha,human1
human1_lib3.final_cell_0700-0,26.602306,12.579874,beta,12,beta,beta,human1
human1_lib3.final_cell_0701-0,41.348694,57.59429,beta,12,beta,beta,human1
human1_lib3.final_cell_0702-0,72.99596,2.1400175,beta,12,beta,beta,human1
human1_lib3.final_cell_0703-0,24.716867,21.448858,beta,12,beta,beta,human1
human1_lib3.final_cell_0704-0,-87.86218,17.611513,t_cell,5,t_cell,t_cell,human1
human1_lib3.final_cell_0705-0,69.86865,2.9720943,beta,12,beta,beta,human1
human1_lib3.final_cell_0706-0,30.194798,46.25573,beta,12,beta,beta,human1
human1_lib3.final_cell_0707-0,47.530807,59.972298,beta,12,beta,beta,human1
human1_lib3.final_cell_0708-0,1.6693041,-70.03654,alpha,11,alpha,alpha,human1
human1_lib3.final_cell_0709-0,42.641117,-16.936533,beta,12,beta,beta,human1
human1_lib3.final_cell_0710-0,-61.580673,25.359798,endothelial,0,endothelial,endothelial,human1
human1_lib3.final_cell_0711-0,-53.463512,30.792345,endothelial,0,endothelial,endothelial,human1
human1_lib3.final_cell_0712-0,45.216553,-39.580326,mast,4,mast,mast,human1
human1_lib3.final_cell_0713-0,30.784393,25.844584,beta,12,beta,beta,human1
human1_lib3.final_cell_0714-0,-32.60483,15.559735,quiescent_stellate,13,quiescent_stellate,quiescent_stellate,human1
human1_lib3.final_cell_0715-0,40.367607,38.152042,beta,12,beta,beta,human1
human1_lib3.final_cell_0716-0,26.848532,28.773716,beta,12,beta,beta,human1
human1_lib3.final_cell_0717-0,26.601822,29.350147,beta,12,beta,beta,human1
human1_lib3.final_cell_0718-0,54.651726,-14.911997,beta,12,beta,beta,human1
human1_lib3.final_cell_0719-0,36.112125,57.417538,beta,12,beta,beta,human1
human1_lib3.final_cell_0720-0,-59.934093,34.770416,endothelial,0,endothelial,endothelial,human1
human1_lib3.final_cell_0721-0,-87.421394,17.426775,t_cell,5,t_cell,t_cell,human1
human1_lib3.final_cell_0722-0,-80.90227,-2.1471295,ductal,3,ductal,ductal,human1
human1_lib3.final_cell_0723-0,-26.554296,3.096627,quiescent_stellate,15,epsilon,quiescent_stellate,human1
human1_lib3.final_cell_0724-0,47.24618,-20.124763,beta,12,beta,beta,human1
human1_lib3.final_cell_0725-0,34.58701,5.099866,beta,12,beta,beta,human1
human1_lib3.final_cell_0726-0,-30.761753,22.67914,quiescent_stellate,13,quiescent_stellate,quiescent_stellate,human1
human1_lib3.final_cell_0727-0,-32.097458,16.20642,quiescent_stellate,13,quiescent_stellate,quiescent_stellate,human1
human1_lib3.final_cell_0728-0,-31.432653,22.266603,quiescent_stellate,13,quiescent_stellate,quiescent_stellate,human1
human1_lib3.final_cell_0729-0,24.702974,9.689756,beta,12,beta,beta,human1
human1_lib3.final_cell_0730-0,31.411516,30.801476,beta,12,beta,beta,human1
human1_lib3.final_cell_0731-0,23.509184,-74.037994,alpha,11,alpha,alpha,human1
human1_lib3.final_cell_0732-0,25.36697,8.77099,beta,12,beta,beta,human1
human1_lib3.final_cell_0733-0,51.220894,-15.607817,beta,12,beta,beta,human1
human1_lib3.final_cell_0734-0,30.034338,51.83366,beta,12,beta,beta,human1
human1_lib3.final_cell_0735-0,31.61784,-61.5803,alpha,11,alpha,alpha,human1
human1_lib3.final_cell_0736-0,-59.95054,33.59864,endothelial,0,endothelial,endothelial,human1
human1_lib3.final_cell_0737-0,37.332558,24.964756,beta,12,beta,beta,human1
human1_lib3.final_cell_0738-0,-58.56087,27.67774,endothelial,0,endothelial,endothelial,human1
human1_lib3.final_cell_0739-0,59.38073,-5.1564517,beta,12,beta,beta,human1
human1_lib3.final_cell_0740-0,-29.857784,18.990591,quiescent_stellate,13,quiescent_stellate,quiescent_stellate,human1
human2_lib1.final_cell_0001-1,-9.119209,25.02249,delta,8,delta,delta,human2
human2_lib1.final_cell_0002-1,1.244905,26.7504,delta,8,delta,delta,human2
human2_lib1.final_cell_0003-1,-1.6350551,-28.36632,alpha,11,alpha,alpha,human2
human2_lib1.final_cell_0004-1,-3.2055924,30.777525,delta,8,delta,delta,human2
human2_lib1.final_cell_0005-1,-12.464813,24.42772,delta,8,delta,delta,human2
human2_lib1.final_cell_0006-1,-7.717327,25.556816,delta,8,delta,delta,human2
human2_lib1.final_cell_0007-1,-8.700692,25.364254,delta,8,delta,delta,human2
human2_lib1.final_cell_0008-1,5.9426403,30.394665,delta,8,delta,delta,human2
human2_lib1.final_cell_0009-1,-28.655888,-8.037791,activated_stellate,10,activated_stellate,activated_stellate,human2
human2_lib1.final_cell_0010-1,-43.487267,55.262276,ductal,1,acinar,acinar,human2
human2_lib1.final_cell_0011-1,-12.112117,23.124327,delta,8,delta,delta,human2
human2_lib1.final_cell_0012-1,2.3760953,27.628395,delta,8,delta,delta,human2
human2_lib1.final_cell_0013-1,-3.829913,-19.280985,alpha,11,alpha,alpha,human2
human2_lib1.final_cell_0014-1,-1.357351,23.723715,delta,8,delta,delta,human2
human2_lib1.final_cell_0015-1,-1.5172769,-43.6067,alpha,11,alpha,alpha,human2
human2_lib1.final_cell_0016-1,1.5237142,-6.7413044,alpha,11,alpha,alpha,human2
human2_lib1.final_cell_0017-1,31.638636,18.382605,beta,12,beta,beta,human2
human2_lib1.final_cell_0018-1,-66.912926,3.5531383,ductal,3,ductal,ductal,human2
human2_lib1.final_cell_0019-1,3.6989663,-27.059889,alpha,11,alpha,alpha,human2
human2_lib1.final_cell_0020-1,-2.6795368,-44.335144,alpha,11,alpha,alpha,human2
human2_lib1.final_cell_0021-1,-44.367455,62.98064,ductal,1,acinar,acinar,human2
human2_lib1.final_cell_0022-1,4.00219,-12.11796,alpha,11,alpha,alpha,human2
human2_lib1.final_cell_0023-1,4.16164,-25.83759,alpha,11,alpha,alpha,human2
human2_lib1.final_cell_0024-1,11.572565,25.81921,delta,8,delta,delta,human2
human2_lib1.final_cell_0025-1,-42.841858,63.49218,ductal,1,acinar,acinar,human2
human2_lib1.final_cell_0026-1,-4.620257,-10.954148,alpha,11,alpha,alpha,human2
human2_lib1.final_cell_0027-1,4.0819407,19.980536,delta,8,delta,delta,human2
human2_lib1.final_cell_0028-1,-61.11746,3.4447267,ductal,3,ductal,ductal,human2
human2_lib1.final_cell_0029-1,-44.66653,63.42577,ductal,1,acinar,acinar,human2
human2_lib1.final_cell_0030-1,-41.860367,61.538795,ductal,1,acinar,acinar,human2
human2_lib1.final_cell_0031-1,-28.068653,-2.6104257,activated_stellate,10,activated_stellate,activated_stellate,human2
human2_lib1.final_cell_0032-1,-62.463783,-17.454916,ductal,3,ductal,ductal,human2
human2_lib1.final_cell_0033-1,2.6163275,-5.6376314,alpha,11,alpha,alpha,human2
human2_lib1.final_cell_0034-1,-2.8228111,27.400871,delta,8,delta,delta,human2
human2_lib1.final_cell_0035-1,-11.464984,25.84981,delta,8,delta,delta,human2
human2_lib1.final_cell_0036-1,-11.940988,25.806293,delta,8,delta,delta,human2
human2_lib1.final_cell_0037-1,2.431752,-23.004034,alpha,11,alpha,alpha,human2
human2_lib1.final_cell_0038-1,-42.816628,52.411747,ductal,1,acinar,acinar,human2
human2_lib1.final_cell_0039-1,-7.227089,-16.013527,alpha,11,alpha,alpha,human2
human2_lib1.final_cell_0040-1,-92.14032,10.527874,macrophage,6,macrophage,macrophage,human2
human2_lib1.final_cell_0041-1,6.240899,-26.6163,alpha,11,alpha,alpha,human2
human2_lib1.final_cell_0042-1,7.2345204,27.370583,delta,8,delta,delta,human2
human2_lib1.final_cell_0043-1,-42.294273,51.07046,ductal,1,acinar,acinar,human2
human2_lib1.final_cell_0044-1,7.1982017,27.814764,delta,8,delta,delta,human2
human2_lib1.final_cell_0045-1,10.6194725,-17.785755,alpha,11,alpha,alpha,human2
human2_lib1.final_cell_0046-1,1.6030205,-21.773191,alpha,11,alpha,alpha,human2
human2_lib1.final_cell_0047-1,9.934827,-8.742229,alpha,11,alpha,alpha,human2
human2_lib1.final_cell_0048-1,5.358848,-3.5684936,alpha,11,alpha,alpha,human2
human2_lib1.final_cell_0049-1,-63.67637,-21.281128,ductal,3,ductal,ductal,human2
human2_lib1.final_cell_0050-1,-22.776817,-14.060436,activated_stellate,10,activated_stellate,activated_stellate,human2
human2_lib1.final_cell_0051-1,-45.90615,55.995663,ductal,1,acinar,acinar,human2
human2_lib1.final_cell_0052-1,6.998448,-9.929365,alpha,11,alpha,alpha,human2
human2_lib1.final_cell_0053-1,-27.033094,24.513485,quiescent_stellate,15,epsilon,quiescent_stellate,human2
human2_lib1.final_cell_0054-1,30.775002,30.953087,beta,12,beta,beta,human2
human2_lib1.final_cell_0055-1,4.2139764,-12.44614,alpha,11,alpha,alpha,human2
human2_lib1.final_cell_0056-1,43.62442,-11.882948,beta,12,beta,beta,human2
human2_lib1.final_cell_0057-1,32.59092,29.396307,beta,12,beta,beta,human2
human2_lib1.final_cell_0058-1,34.547535,43.49164,beta,12,beta,beta,human2
human2_lib1.final_cell_0059-1,-1.5167873,-42.17756,alpha,11,alpha,alpha,human2
human2_lib1.final_cell_0060-1,4.3785143,27.522942,delta,8,delta,delta,human2
human2_lib1.final_cell_0061-1,0.46172246,27.762667,delta,8,delta,delta,human2
human2_lib1.final_cell_0062-1,-5.074028,-18.898527,alpha,11,alpha,alpha,human2
human2_lib1.final_cell_0063-1,37.67421,8.856931,beta,12,beta,beta,human2
human2_lib1.final_cell_0064-1,24.09942,-74.83322,alpha,11,alpha,alpha,human2
human2_lib1.final_cell_0065-1,5.6478634,-12.510653,alpha,11,alpha,alpha,human2
human2_lib1.final_cell_0066-1,2.1545677,-7.8952966,alpha,11,alpha,alpha,human2
human2_lib1.final_cell_0067-1,-69.59745,-8.204795,ductal,3,ductal,ductal,human2
human2_lib1.final_cell_0068-1,35.660305,46.772537,beta,12,beta,beta,human2
human2_lib1.final_cell_0069-1,-70.579735,42.76903,ductal,2,Unmatched_2,ductal,human2
human2_lib1.final_cell_0070-1,-24.04647,-12.005974,activated_stellate,10,activated_stellate,activated_stellate,human2
human2_lib1.final_cell_0071-1,-44.79592,60.77081,ductal,1,acinar,acinar,human2
human2_lib1.final_cell_0072-1,5.3326893,-26.779587,alpha,11,alpha,alpha,human2
human2_lib1.final_cell_0073-1,43.937393,71.61274,beta,12,beta,beta,human2
human2_lib1.final_cell_0074-1,-43.607304,63.665546,ductal,1,acinar,acinar,human2
human2_lib1.final_cell_0075-1,0.075083554,-35.26187,alpha,11,alpha,alpha,human2
human2_lib1.final_cell_0076-1,37.837803,54.980576,beta,12,beta,beta,human2
human2_lib1.final_cell_0077-1,1.671141,-21.96704,alpha,11,alpha,alpha,human2
human2_lib1.final_cell_0078-1,-43.95922,62.677986,ductal,1,acinar,acinar,human2
human2_lib1.final_cell_0079-1,3.7481859,-12.621786,alpha,11,alpha,alpha,human2
human2_lib1.final_cell_0080-1,48.2042,-14.478561,beta,12,beta,beta,human2
human2_lib1.final_cell_0081-1,8.47299,-57.534428,alpha,11,alpha,alpha,human2
human2_lib1.final_cell_0082-1,-80.22551,-18.051775,ductal,3,ductal,ductal,human2
human2_lib1.final_cell_0083-1,-42.70452,62.75917,ductal,1,acinar,acinar,human2
human2_lib1.final_cell_0084-1,9.494982,-16.81832,alpha,11,alpha,alpha,human2
human2_lib1.final_cell_0085-1,6.1970773,-5.4307423,alpha,11,alpha,alpha,human2
human2_lib1.final_cell_0086-1,-44.71869,52.52411,ductal,1,acinar,acinar,human2
human2_lib1.final_cell_0087-1,0.3298435,-35.077183,alpha,11,alpha,alpha,human2
human2_lib1.final_cell_0088-1,9.586335,-22.93563,alpha,11,alpha,alpha,human2
human2_lib1.final_cell_0089-1,6.6832767,-24.69995,alpha,11,alpha,alpha,human2
human2_lib1.final_cell_0090-1,39.454983,27.053177,beta,12,beta,beta,human2
human2_lib1.final_cell_0091-1,-3.1543195,-7.931271,alpha,11,alpha,alpha,human2
human2_lib1.final_cell_0092-1,35.297752,51.29269,beta,12,beta,beta,human2
human2_lib1.final_cell_0093-1,9.516618,-21.294168,alpha,11,alpha,alpha,human2
human2_lib1.final_cell_0094-1,-44.77692,52.21143,ductal,1,acinar,acinar,human2
human2_lib1.final_cell_0095-1,-1.8817692,28.287727,delta,8,delta,delta,human2
human2_lib1.final_cell_0096-1,-36.164623,-65.3745,gamma,7,gamma,gamma,human2
human2_lib1.final_cell_0097-1,3.1907527,-22.394697,alpha,11,alpha,alpha,human2
human2_lib1.final_cell_0098-1,-67.57073,3.0358949,ductal,3,ductal,ductal,human2
human2_lib1.final_cell_0099-1,8.507363,-24.220474,alpha,11,alpha,alpha,human2
human2_lib1.final_cell_0100-1,43.544094,66.35112,beta,12,beta,beta,human2
human2_lib1.final_cell_0101-1,35.754368,51.457233,beta,12,beta,beta,human2
human2_lib1.final_cell_0102-1,-39.493786,-69.0769,gamma,7,gamma,gamma,human2
human2_lib1.final_cell_0103-1,-0.44419795,-34.122578,alpha,11,alpha,alpha,human2
human2_lib1.final_cell_0104-1,-10.338291,20.579592,delta,8,delta,delta,human2
human2_lib1.final_cell_0105-1,42.80164,43.35733,beta,12,beta,beta,human2
human2_lib1.final_cell_0106-1,-1.7475961,-16.5219,alpha,11,alpha,alpha,human2
human2_lib1.final_cell_0107-1,35.957752,8.964141,beta,12,beta,beta,human2
human2_lib1.final_cell_0108-1,12.0600395,-8.105202,alpha,11,alpha,alpha,human2
human2_lib1.final_cell_0109-1,-5.9029236,-31.106781,alpha,11,alpha,alpha,human2
human2_lib1.final_cell_0110-1,0.8136175,-29.173018,alpha,11,alpha,alpha,human2
human2_lib1.final_cell_0111-1,54.172832,44.451874,beta,12,beta,beta,human2
human2_lib1.final_cell_0112-1,-72.57236,-19.393093,ductal,3,ductal,ductal,human2
human2_lib1.final_cell_0113-1,-64.03307,-13.086086,ductal,3,ductal,ductal,human2
human2_lib1.final_cell_0114-1,-7.63394,-15.699071,alpha,11,alpha,alpha,human2
human2_lib1.final_cell_0115-1,32.601124,42.972885,beta,12,beta,beta,human2
human2_lib1.final_cell_0116-1,-40.98202,-70.49173,alpha,7,gamma,gamma,human2
human2_lib1.final_cell_0117-1,-45.765774,56.5707,ductal,1,acinar,acinar,human2
human2_lib1.final_cell_0118-1,9.259487,-1.188549,alpha,11,alpha,alpha,human2
human2_lib1.final_cell_0119-1,37.406853,50.086357,beta,12,beta,beta,human2
human2_lib1.final_cell_0120-1,2.4476454,-23.448608,alpha,11,alpha,alpha,human2
human2_lib1.final_cell_0121-1,-80.5239,-12.959483,ductal,3,ductal,ductal,human2
human2_lib1.final_cell_0122-1,0.4635362,-43.774002,alpha,11,alpha,alpha,human2
human2_lib1.final_cell_0123-1,3.2612247,29.424221,delta,8,delta,delta,human2
human2_lib1.final_cell_0124-1,40.736336,62.553814,beta,12,beta,beta,human2
human2_lib1.final_cell_0125-1,-43.556458,54.88053,ductal,1,acinar,acinar,human2
human2_lib1.final_cell_0126-1,33.397373,35.28612,beta,12,beta,beta,human2
human2_lib1.final_cell_0127-1,-24.409409,-34.14873,alpha,11,alpha,alpha,human2
human2_lib1.final_cell_0128-1,42.614594,25.434725,beta,12,beta,beta,human2
human2_lib1.final_cell_0129-1,-60.727875,3.1080863,ductal,3,ductal,ductal,human2
human2_lib1.final_cell_0130-1,-4.4655414,-9.761846,alpha,11,alpha,alpha,human2
human2_lib1.final_cell_0131-1,-4.234231,-11.926754,alpha,11,alpha,alpha,human2
human2_lib1.final_cell_0132-1,4.106515,-30.073502,alpha,11,alpha,alpha,human2
human2_lib1.final_cell_0133-1,2.6381295,-6.9123964,alpha,11,alpha,alpha,human2
human2_lib1.final_cell_0134-1,-58.491913,6.185531,ductal,3,ductal,ductal,human2
human2_lib1.final_cell_0135-1,-1.5886384,-36.981705,alpha,11,alpha,alpha,human2
human2_lib1.final_cell_0136-1,-79.2139,-12.087616,ductal,3,ductal,ductal,human2
human2_lib1.final_cell_0137-1,36.267826,55.392365,beta,12,beta,beta,human2
human2_lib1.final_cell_0138-1,-45.059353,58.529312,ductal,1,acinar,acinar,human2
human2_lib1.final_cell_0139-1,39.673874,36.370888,beta,12,beta,beta,human2
human2_lib1.final_cell_0140-1,2.7488952,-25.312534,alpha,11,alpha,alpha,human2
human2_lib1.final_cell_0141-1,35.484047,54.31503,beta,12,beta,beta,human2
human2_lib1.final_cell_0142-1,9.180013,-23.165527,alpha,11,alpha,alpha,human2
human2_lib1.final_cell_0143-1,-19.247984,-11.370296,activated_stellate,10,activated_stellate,activated_stellate,human2
human2_lib1.final_cell_0144-1,10.94537,-2.5771143,alpha,11,alpha,alpha,human2
human2_lib1.final_cell_0145-1,44.19385,14.474166,beta,12,beta,beta,human2
human2_lib1.final_cell_0146-1,6.8851633,-5.176863,alpha,11,alpha,alpha,human2
human2_lib1.final_cell_0147-1,-3.2212636,-36.27788,alpha,11,alpha,alpha,human2
human2_lib1.final_cell_0148-1,4.6031494,-12.697564,alpha,11,alpha,alpha,human2
human2_lib1.final_cell_0149-1,-2.8081095,-7.9929905,alpha,11,alpha,alpha,human2
human2_lib1.final_cell_0150-1,45.374744,-4.0267897,beta,12,beta,beta,human2
human2_lib1.final_cell_0151-1,-63.694736,-20.340084,ductal,3,ductal,ductal,human2
human2_lib1.final_cell_0152-1,-21.539837,-12.686537,activated_stellate,10,activated_stellate,activated_stellate,human2
human2_lib1.final_cell_0153-1,-8.195506,-16.328476,alpha,11,alpha,alpha,human2
human2_lib1.final_cell_0154-1,10.763387,-10.595356,alpha,11,alpha,alpha,human2
human2_lib1.final_cell_0155-1,-73.4586,-10.9705,ductal,3,ductal,ductal,human2
human2_lib1.final_cell_0156-1,3.1873224,31.649126,delta,8,delta,delta,human2
human2_lib1.final_cell_0157-1,-0.41446713,-35.38423,alpha,11,alpha,alpha,human2
human2_lib1.final_cell_0158-1,-7.467571,-15.003671,alpha,11,alpha,alpha,human2
human2_lib1.final_cell_0159-1,-56.2148,-2.4919846,ductal,3,ductal,ductal,human2
human2_lib1.final_cell_0160-1,-82.17672,-5.2276273,ductal,3,ductal,ductal,human2
human2_lib1.final_cell_0161-1,2.8563287,-28.03943,alpha,11,alpha,alpha,human2
human2_lib1.final_cell_0162-1,10.652833,-8.61275,alpha,11,alpha,alpha,human2
human2_lib1.final_cell_0163-1,3.6465728,-3.9581976,alpha,11,alpha,alpha,human2
human2_lib1.final_cell_0164-1,-2.8818548,-5.938285,alpha,11,alpha,alpha,human2
human2_lib1.final_cell_0165-1,-26.065634,-11.087147,activated_stellate,10,activated_stellate,activated_stellate,human2
human2_lib1.final_cell_0166-1,8.229561,-52.086987,alpha,11,alpha,alpha,human2
human2_lib1.final_cell_0167-1,-92.36968,10.48162,macrophage,6,macrophage,macrophage,human2
human2_lib1.final_cell_0168-1,-4.500858,-36.998867,alpha,11,alpha,alpha,human2
human2_lib1.final_cell_0169-1,1.0256884,29.085629,delta,8,delta,delta,human2
human2_lib1.final_cell_0170-1,5.859293,-26.101353,alpha,11,alpha,alpha,human2
human2_lib1.final_cell_0171-1,-25.290575,-9.286445,activated_stellate,10,activated_stellate,activated_stellate,human2
human2_lib1.final_cell_0172-1,1.2364697,-6.87264,alpha,11,alpha,alpha,human2
human2_lib1.final_cell_0173-1,-3.6355944,19.878847,delta,8,delta,delta,human2
human2_lib1.final_cell_0174-1,-1.6741117,-37.193295,alpha,11,alpha,alpha,human2
human2_lib1.final_cell_0175-1,4.5743284,-25.9818,alpha,11,alpha,alpha,human2
human2_lib1.final_cell_0176-1,8.764671,-12.431856,alpha,11,alpha,alpha,human2
human2_lib1.final_cell_0177-1,-83.60026,-18.81252,ductal,3,ductal,ductal,human2
human2_lib1.final_cell_0178-1,-1.4787679,-43.843384,alpha,11,alpha,alpha,human2
human2_lib1.final_cell_0179-1,9.319324,-25.728714,alpha,11,alpha,alpha,human2
human2_lib1.final_cell_0180-1,6.4719315,-16.004728,alpha,11,alpha,alpha,human2
human2_lib1.final_cell_0181-1,-45.82508,52.942135,ductal,1,acinar,acinar,human2
human2_lib1.final_cell_0182-1,34.36282,20.9104,beta,12,beta,beta,human2
human2_lib1.final_cell_0183-1,40.002457,-14.557142,beta,12,beta,beta,human2
human2_lib1.final_cell_0184-1,8.772891,-23.262482,alpha,11,alpha,alpha,human2
human2_lib1.final_cell_0185-1,-35.259567,-68.08669,gamma,7,gamma,gamma,human2
human2_lib1.final_cell_0186-1,-44.659252,63.26279,ductal,1,acinar,acinar,human2
human2_lib1.final_cell_0187-1,37.581635,55.40692,beta,12,beta,beta,human2
human2_lib1.final_cell_0188-1,-57.689987,22.31549,endothelial,0,endothelial,endothelial,human2
human2_lib1.final_cell_0189-1,-41.717056,-63.281925,gamma,7,gamma,gamma,human2
human2_lib1.final_cell_0190-1,-60.213757,3.565628,ductal,3,ductal,ductal,human2
human2_lib1.final_cell_0191-1,-4.391037,-18.928345,alpha,11,alpha,alpha,human2
human2_lib1.final_cell_0192-1,-71.59962,-20.831224,ductal,3,ductal,ductal,human2
human2_lib1.final_cell_0193-1,4.536051,32.518585,delta,8,delta,delta,human2
human2_lib1.final_cell_0194-1,-39.660233,52.81257,ductal,1,acinar,acinar,human2
human2_lib1.final_cell_0195-1,48.729492,-14.650086,beta,12,beta,beta,human2
human2_lib1.final_cell_0196-1,39.4208,-10.3027,beta,12,beta,beta,human2
human2_lib1.final_cell_0197-1,-59.09223,22.030443,endothelial,0,endothelial,endothelial,human2
human2_lib1.final_cell_0198-1,42.628654,0.19254315,beta,12,beta,beta,human2
human2_lib1.final_cell_0199-1,-5.1930776,-37.314583,alpha,11,alpha,alpha,human2
human2_lib1.final_cell_0200-1,4.699373,23.110165,delta,8,delta,delta,human2
human2_lib1.final_cell_0201-1,33.049736,4.2271028,beta,12,beta,beta,human2
human2_lib1.final_cell_0202-1,-25.195719,25.40073,activated_stellate,15,epsilon,quiescent_stellate,human2
human2_lib1.final_cell_0203-1,10.563812,-17.936296,alpha,11,alpha,alpha,human2
human2_lib1.final_cell_0204-1,32.495075,-4.094627,beta,12,beta,beta,human2
human2_lib1.final_cell_0205-1,-55.932697,4.1101823,ductal,3,ductal,ductal,human2
human2_lib1.final_cell_0206-1,65.70508,-1.0682145,beta,12,beta,beta,human2
human2_lib1.final_cell_0207-1,-38.069263,-74.20131,gamma,7,gamma,gamma,human2
human2_lib1.final_cell_0208-1,2.2432942,-10.731699,alpha,11,alpha,alpha,human2
human2_lib1.final_cell_0209-1,-0.64124984,-34.61188,alpha,11,alpha,alpha,human2
human2_lib1.final_cell_0210-1,-3.4021382,-7.252497,alpha,11,alpha,alpha,human2
human2_lib1.final_cell_0211-1,5.6274304,21.877537,delta,8,delta,delta,human2
human2_lib1.final_cell_0212-1,10.077827,-8.262306,alpha,11,alpha,alpha,human2
human2_lib1.final_cell_0213-1,-44.331524,55.73317,ductal,1,acinar,acinar,human2
human2_lib1.final_cell_0214-1,3.224166,-11.890917,alpha,11,alpha,alpha,human2
human2_lib1.final_cell_0215-1,34.0404,50.264008,beta,12,beta,beta,human2
human2_lib1.final_cell_0216-1,-58.686123,22.001665,endothelial,0,endothelial,endothelial,human2
human2_lib1.final_cell_0217-1,-27.4647,-10.648279,activated_stellate,10,activated_stellate,activated_stellate,human2
human2_lib1.final_cell_0218-1,1.3464708,-20.68693,alpha,11,alpha,alpha,human2
human2_lib1.final_cell_0219-1,34.568386,50.043972,beta,12,beta,beta,human2
human2_lib1.final_cell_0220-1,-3.6368349,-29.181604,alpha,11,alpha,alpha,human2
human2_lib1.final_cell_0221-1,-2.3575735,-19.360512,alpha,11,alpha,alpha,human2
human2_lib1.final_cell_0222-1,12.381665,-7.088208,alpha,11,alpha,alpha,human2
human2_lib1.final_cell_0223-1,37.34319,27.381762,beta,12,beta,beta,human2
human2_lib1.final_cell_0224-1,33.418854,25.701529,beta,12,beta,beta,human2
human2_lib1.final_cell_0225-1,4.486231,-27.445372,alpha,11,alpha,alpha,human2
human2_lib1.final_cell_0226-1,-39.921688,-70.930374,gamma,7,gamma,gamma,human2
human2_lib1.final_cell_0227-1,35.215828,59.810078,beta,12,beta,beta,human2
human2_lib1.final_cell_0228-1,8.698356,-10.589418,alpha,11,alpha,alpha,human2
human2_lib1.final_cell_0229-1,3.5385785,-26.46549,alpha,11,alpha,alpha,human2
human2_lib1.final_cell_0230-1,-4.551571,-10.0032,alpha,11,alpha,alpha,human2
human2_lib1.final_cell_0231-1,42.936768,0.33950168,beta,12,beta,beta,human2
human2_lib1.final_cell_0232-1,-83.855736,-19.766315,ductal,3,ductal,ductal,human2
human2_lib1.final_cell_0233-1,43.882607,68.33318,beta,12,beta,beta,human2
human2_lib1.final_cell_0234-1,-24.630163,-13.763995,activated_stellate,10,activated_stellate,activated_stellate,human2
human2_lib1.final_cell_0235-1,-0.46844777,-26.687826,alpha,11,alpha,alpha,human2
human2_lib1.final_cell_0236-1,37.494766,7.3692617,beta,12,beta,beta,human2
human2_lib1.final_cell_0237-1,43.116695,27.345486,beta,12,beta,beta,human2
human2_lib1.final_cell_0238-1,-38.152706,-74.22562,gamma,7,gamma,gamma,human2
human2_lib1.final_cell_0239-1,11.623243,-8.78032,alpha,11,alpha,alpha,human2
human2_lib1.final_cell_0240-1,5.2723093,-4.146913,alpha,11,alpha,alpha,human2
human2_lib1.final_cell_0241-1,0.93813336,-20.372341,alpha,11,alpha,alpha,human2
human2_lib1.final_cell_0242-1,39.815475,68.576836,beta,12,beta,beta,human2
human2_lib1.final_cell_0243-1,-4.8472366,-11.007206,alpha,11,alpha,alpha,human2
human2_lib1.final_cell_0244-1,-58.493435,21.906645,endothelial,0,endothelial,endothelial,human2
human2_lib1.final_cell_0245-1,7.101928,-21.553562,alpha,11,alpha,alpha,human2
human2_lib1.final_cell_0246-1,-11.772665,20.543085,delta,8,delta,delta,human2
human2_lib1.final_cell_0247-1,-23.19936,-12.571617,activated_stellate,10,activated_stellate,activated_stellate,human2
human2_lib1.final_cell_0248-1,-39.498936,-72.65896,gamma,7,gamma,gamma,human2
human2_lib1.final_cell_0249-1,39.10133,54.156845,beta,12,beta,beta,human2
human2_lib1.final_cell_0250-1,4.452597,-5.925417,alpha,11,alpha,alpha,human2
human2_lib1.final_cell_0251-1,-65.95327,-16.073027,ductal,3,ductal,ductal,human2
human2_lib1.final_cell_0252-1,37.592495,33.790016,beta,12,beta,beta,human2
human2_lib1.final_cell_0253-1,-35.29661,-68.211754,gamma,7,gamma,gamma,human2
human2_lib1.final_cell_0254-1,37.633877,30.171305,beta,12,beta,beta,human2
human2_lib1.final_cell_0255-1,47.329075,-15.782819,beta,12,beta,beta,human2
human2_lib1.final_cell_0256-1,-72.20989,-17.061064,ductal,3,ductal,ductal,human2
human2_lib1.final_cell_0257-1,-74.29817,-13.973008,ductal,3,ductal,ductal,human2
human2_lib1.final_cell_0258-1,2.7829378,-22.542746,alpha,11,alpha,alpha,human2
human2_lib1.final_cell_0259-1,35.636932,61.33248,beta,12,beta,beta,human2
human2_lib1.final_cell_0260-1,34.90043,8.253753,beta,12,beta,beta,human2
human2_lib1.final_cell_0261-1,-51.649967,2.7513242,ductal,3,ductal,ductal,human2
human2_lib1.final_cell_0262-1,37.934265,34.661434,beta,12,beta,beta,human2
human2_lib1.final_cell_0263-1,-81.14444,-5.2950916,ductal,3,ductal,ductal,human2
human2_lib1.final_cell_0264-1,-3.8501258,-8.275732,alpha,11,alpha,alpha,human2
human2_lib1.final_cell_0265-1,4.837943,-2.7625248,alpha,11,alpha,alpha,human2
human2_lib1.final_cell_0266-1,-24.229994,-11.638301,activated_stellate,10,activated_stellate,activated_stellate,human2
human2_lib1.final_cell_0267-1,-7.8115664,24.801386,delta,8,delta,delta,human2
human2_lib1.final_cell_0268-1,11.985775,-9.157922,alpha,11,alpha,alpha,human2
human2_lib1.final_cell_0269-1,-28.381308,-8.221767,activated_stellate,10,activated_stellate,activated_stellate,human2
human2_lib1.final_cell_0270-1,39.29888,65.59866,beta,12,beta,beta,human2
human2_lib1.final_cell_0271-1,8.868674,-1.2158772,alpha,11,alpha,alpha,human2
human2_lib1.final_cell_0272-1,5.879996,30.86824,delta,8,delta,delta,human2
human2_lib1.final_cell_0273-1,70.26085,2.1209404,beta,12,beta,beta,human2
human2_lib1.final_cell_0274-1,35.226715,55.958096,beta,12,beta,beta,human2
human2_lib1.final_cell_0275-1,5.9781003,18.30104,delta,8,delta,delta,human2
human2_lib1.final_cell_0276-1,-73.06347,-16.560286,ductal,3,ductal,ductal,human2
human2_lib1.final_cell_0277-1,7.915569,-23.754354,alpha,11,alpha,alpha,human2
human2_lib1.final_cell_0278-1,-0.08986011,11.985401,delta,8,delta,delta,human2
human2_lib1.final_cell_0279-1,-3.007113,-37.883617,alpha,11,alpha,alpha,human2
human2_lib1.final_cell_0280-1,30.102386,46.615063,beta,12,beta,beta,human2
human2_lib1.final_cell_0281-1,-66.06478,-16.263002,ductal,3,ductal,ductal,human2
human2_lib1.final_cell_0282-1,32.458412,3.6223865,beta,12,beta,beta,human2
human2_lib1.final_cell_0283-1,-51.54041,29.46341,endothelial,0,endothelial,endothelial,human2
human2_lib1.final_cell_0284-1,-71.25032,42.749275,ductal,2,Unmatched_2,ductal,human2
human2_lib1.final_cell_0285-1,65.79596,-1.1298325,beta,12,beta,beta,human2
human2_lib1.final_cell_0286-1,10.614591,-9.655588,alpha,11,alpha,alpha,human2
human2_lib1.final_cell_0287-1,-21.684317,-10.8878,activated_stellate,10,activated_stellate,activated_stellate,human2
human2_lib1.final_cell_0288-1,42.284645,20.497625,beta,12,beta,beta,human2
human2_lib1.final_cell_0289-1,5.8499713,-21.708364,alpha,11,alpha,alpha,human2
human2_lib1.final_cell_0290-1,34.43068,10.749335,beta,12,beta,beta,human2
human2_lib1.final_cell_0291-1,40.357582,66.41535,beta,12,beta,beta,human2
human2_lib1.final_cell_0292-1,5.050424,-11.839973,alpha,11,alpha,alpha,human2
human2_lib1.final_cell_0293-1,38.366753,65.57795,beta,12,beta,beta,human2
human2_lib1.final_cell_0294-1,-2.4630556,-36.75632,alpha,11,alpha,alpha,human2
human2_lib1.final_cell_0295-1,-42.762383,-66.91249,gamma,7,gamma,gamma,human2
human2_lib1.final_cell_0296-1,41.701855,28.731184,beta,12,beta,beta,human2
human2_lib1.final_cell_0297-1,-68.96588,-21.787994,ductal,3,ductal,ductal,human2
human2_lib1.final_cell_0298-1,35.69147,2.2782443,beta,12,beta,beta,human2
human2_lib1.final_cell_0299-1,5.151221,-28.630907,alpha,11,alpha,alpha,human2
human2_lib1.final_cell_0300-1,7.273637,-1.5365156,alpha,11,alpha,alpha,human2
human2_lib1.final_cell_0301-1,3.987904,-5.1785293,alpha,11,alpha,alpha,human2
human2_lib1.final_cell_0302-1,6.7778134,-2.1638286,alpha,11,alpha,alpha,human2
human2_lib1.final_cell_0303-1,-70.52643,-21.738424,ductal,3,ductal,ductal,human2
human2_lib1.final_cell_0304-1,42.767666,59.615784,beta,12,beta,beta,human2
human2_lib1.final_cell_0305-1,3.9364483,-29.711948,alpha,11,alpha,alpha,human2
human2_lib1.final_cell_0306-1,10.561824,-8.691282,alpha,11,alpha,alpha,human2
human2_lib1.final_cell_0307-1,-83.590324,-19.020046,ductal,3,ductal,ductal,human2
human2_lib1.final_cell_0308-1,9.852149,-1.2796489,alpha,11,alpha,alpha,human2
human2_lib1.final_cell_0309-1,-62.657593,-17.924109,ductal,3,ductal,ductal,human2
human2_lib1.final_cell_0310-1,11.939485,-13.276086,alpha,11,alpha,alpha,human2
human2_lib1.final_cell_0311-1,12.632742,-10.40817,alpha,11,alpha,alpha,human2
human2_lib1.final_cell_0312-1,-38.621265,-71.26823,gamma,7,gamma,gamma,human2
human2_lib1.final_cell_0313-1,-42.464622,50.726433,ductal,1,acinar,acinar,human2
human2_lib1.final_cell_0314-1,-71.716805,-16.472513,ductal,3,ductal,ductal,human2
human2_lib1.final_cell_0315-1,10.425211,-23.73858,alpha,11,alpha,alpha,human2
human2_lib1.final_cell_0316-1,-3.2583597,-11.674469,alpha,11,alpha,alpha,human2
human2_lib1.final_cell_0317-1,-41.512157,60.67394,ductal,1,acinar,acinar,human2
human2_lib1.final_cell_0318-1,43.114967,-14.314909,beta,12,beta,beta,human2
human2_lib1.final_cell_0319-1,-59.68452,1.753451,ductal,3,ductal,ductal,human2
human2_lib1.final_cell_0320-1,7.5457544,-16.815496,alpha,11,alpha,alpha,human2
human2_lib1.final_cell_0321-1,-82.94648,-20.209047,ductal,3,ductal,ductal,human2
human2_lib1.final_cell_0322-1,10.120242,-2.1568158,alpha,11,alpha,alpha,human2
human2_lib1.final_cell_0323-1,-81.24642,-20.214394,ductal,3,ductal,ductal,human2
human2_lib1.final_cell_0324-1,46.230637,-11.923735,beta,12,beta,beta,human2
human2_lib1.final_cell_0325-1,36.15814,61.14854,beta,12,beta,beta,human2
human2_lib1.final_cell_0326-1,34.243572,60.38289,beta,12,beta,beta,human2
human2_lib1.final_cell_0327-1,-65.0965,-19.562351,ductal,3,ductal,ductal,human2
human2_lib1.final_cell_0328-1,-75.61781,-3.4009967,ductal,3,ductal,ductal,human2
human2_lib1.final_cell_0329-1,9.509795,-25.158314,alpha,11,alpha,alpha,human2
human2_lib1.final_cell_0330-1,-12.2527275,25.570814,delta,8,delta,delta,human2
human2_lib1.final_cell_0331-1,-2.8744485,-7.3107505,alpha,11,alpha,alpha,human2
human2_lib1.final_cell_0332-1,43.645374,-15.749265,beta,12,beta,beta,human2
human2_lib1.final_cell_0333-1,41.731266,-14.531429,beta,12,beta,beta,human2
human2_lib1.final_cell_0334-1,-59.13572,22.567722,endothelial,0,endothelial,endothelial,human2
human2_lib1.final_cell_0335-1,9.446689,-21.332144,alpha,11,alpha,alpha,human2
human2_lib1.final_cell_0336-1,-21.927193,-34.1671,alpha,11,alpha,alpha,human2
human2_lib1.final_cell_0337-1,7.091765,-24.505953,alpha,11,alpha,alpha,human2
human2_lib1.final_cell_0338-1,3.000946,-4.951153,alpha,11,alpha,alpha,human2
human2_lib1.final_cell_0339-1,2.0128086,-7.188668,alpha,11,alpha,alpha,human2
human2_lib1.final_cell_0340-1,-7.8727636,-15.953159,alpha,11,alpha,alpha,human2
human2_lib1.final_cell_0341-1,-53.39793,2.047724,ductal,3,ductal,ductal,human2
human2_lib1.final_cell_0342-1,-7.4100056,-16.14049,alpha,11,alpha,alpha,human2
human2_lib1.final_cell_0343-1,7.650316,-26.688414,alpha,11,alpha,alpha,human2
human2_lib1.final_cell_0344-1,-63.218025,-15.4857235,ductal,3,ductal,ductal,human2
human2_lib1.final_cell_0345-1,4.346474,-4.964262,alpha,11,alpha,alpha,human2
human2_lib1.final_cell_0346-1,-81.826614,-19.929142,ductal,3,ductal,ductal,human2
human2_lib1.final_cell_0347-1,-62.463673,-17.466845,ductal,3,ductal,ductal,human2
human2_lib1.final_cell_0348-1,-64.12545,-20.398066,ductal,3,ductal,ductal,human2
human2_lib1.final_cell_0349-1,-2.316414,-20.670126,alpha,11,alpha,alpha,human2
human2_lib1.final_cell_0350-1,-20.189812,-11.95588,activated_stellate,10,activated_stellate,activated_stellate,human2
human2_lib1.final_cell_0351-1,-65.17643,-19.803297,ductal,3,ductal,ductal,human2
human2_lib1.final_cell_0352-1,2.637516,-32.13266,alpha,11,alpha,alpha,human2
human2_lib1.final_cell_0353-1,3.1826448,-4.587238,alpha,11,alpha,alpha,human2
human2_lib1.final_cell_0354-1,30.195215,17.127329,beta,12,beta,beta,human2
human2_lib1.final_cell_0355-1,1.3794844,27.08841,delta,8,delta,delta,human2
human2_lib1.final_cell_0356-1,-2.0432112,-54.37289,alpha,15,epsilon,quiescent_stellate,human2
human2_lib1.final_cell_0357-1,9.768391,-1.8820326,alpha,11,alpha,alpha,human2
human2_lib1.final_cell_0358-1,-71.92766,-12.371077,ductal,3,ductal,ductal,human2
human2_lib1.final_cell_0359-1,9.183318,-25.859535,alpha,11,alpha,alpha,human2
human2_lib1.final_cell_0360-1,4.05824,-5.515149,alpha,11,alpha,alpha,human2
human2_lib1.final_cell_0361-1,-39.76495,-65.97154,gamma,7,gamma,gamma,human2
human2_lib1.final_cell_0362-1,-59.860783,4.246309,ductal,3,ductal,ductal,human2
human2_lib1.final_cell_0363-1,-1.7937194,-45.516235,alpha,11,alpha,alpha,human2
human2_lib1.final_cell_0364-1,-9.20666,26.678112,delta,8,delta,delta,human2
human2_lib1.final_cell_0365-1,-60.78953,22.08951,endothelial,0,endothelial,endothelial,human2
human2_lib1.final_cell_0366-1,37.162003,13.367046,beta,12,beta,beta,human2
human2_lib1.final_cell_0367-1,7.2012186,-52.61483,alpha,11,alpha,alpha,human2
human2_lib1.final_cell_0368-1,32.058525,17.475414,beta,12,beta,beta,human2
human2_lib1.final_cell_0369-1,-2.6873736,-29.057753,alpha,11,alpha,alpha,human2
human2_lib1.final_cell_0370-1,2.9526596,-13.460799,alpha,11,alpha,alpha,human2
human2_lib1.final_cell_0371-1,10.630197,-5.570137,alpha,11,alpha,alpha,human2
human2_lib1.final_cell_0372-1,-37.341835,-70.03543,gamma,7,gamma,gamma,human2
human2_lib1.final_cell_0373-1,-70.5696,-9.469715,ductal,3,ductal,ductal,human2
human2_lib1.final_cell_0374-1,-0.32054287,8.96323,alpha,8,delta,delta,human2
human2_lib1.final_cell_0375-1,11.680441,-9.4447775,alpha,11,alpha,alpha,human2
human2_lib1.final_cell_0376-1,-40.61275,-70.65332,gamma,7,gamma,gamma,human2
human2_lib1.final_cell_0377-1,9.242756,-22.73459,alpha,11,alpha,alpha,human2
human2_lib1.final_cell_0378-1,-26.724134,25.296106,quiescent_stellate,14,Unmatched_14,quiescent_stellate,human2
human2_lib1.final_cell_0379-1,43.061108,1.1079558,beta,12,beta,beta,human2
human2_lib1.final_cell_0380-1,-43.244747,63.56961,ductal,1,acinar,acinar,human2
human2_lib1.final_cell_0381-1,-32.24827,58.49164,ductal,1,acinar,acinar,human2
human2_lib1.final_cell_0382-1,38.717106,47.37554,beta,12,beta,beta,human2
human2_lib1.final_cell_0383-1,10.180533,-19.92456,alpha,11,alpha,alpha,human2
human2_lib1.final_cell_0384-1,10.406515,-8.770404,alpha,11,alpha,alpha,human2
human2_lib1.final_cell_0385-1,11.344557,-15.864798,alpha,11,alpha,alpha,human2
human2_lib1.final_cell_0386-1,5.2596483,-26.626602,alpha,11,alpha,alpha,human2
human2_lib1.final_cell_0387-1,-2.103801,-41.63427,alpha,11,alpha,alpha,human2
human2_lib1.final_cell_0388-1,30.70021,24.444063,beta,12,beta,beta,human2
human2_lib1.final_cell_0389-1,-3.1101017,-18.763308,alpha,11,alpha,alpha,human2
human2_lib1.final_cell_0390-1,43.71211,67.35059,beta,12,beta,beta,human2
human2_lib1.final_cell_0391-1,-72.0597,-17.232332,ductal,3,ductal,ductal,human2
human2_lib1.final_cell_0392-1,-46.3014,-64.49362,gamma,7,gamma,gamma,human2
human2_lib1.final_cell_0393-1,37.790337,54.13257,beta,12,beta,beta,human2
human2_lib1.final_cell_0394-1,-33.343357,-0.16478448,activated_stellate,10,activated_stellate,activated_stellate,human2
human2_lib1.final_cell_0395-1,-78.41454,-11.961741,ductal,3,ductal,ductal,human2
human2_lib1.final_cell_0396-1,-79.63189,-19.92716,ductal,3,ductal,ductal,human2
human2_lib1.final_cell_0397-1,-4.433694,-9.573466,alpha,11,alpha,alpha,human2
human2_lib1.final_cell_0398-1,-38.177444,-69.87474,gamma,7,gamma,gamma,human2
human2_lib1.final_cell_0399-1,2.1044128,13.6234455,epsilon,8,delta,delta,human2
human2_lib1.final_cell_0400-1,24.823463,-81.13835,alpha,11,alpha,alpha,human2
human2_lib1.final_cell_0401-1,-7.0883236,30.774368,delta,8,delta,delta,human2
human2_lib1.final_cell_0402-1,10.1555805,-23.555346,alpha,11,alpha,alpha,human2
human2_lib1.final_cell_0403-1,-40.254234,57.042934,ductal,1,acinar,acinar,human2
human2_lib1.final_cell_0404-1,-2.2652547,-30.475815,alpha,11,alpha,alpha,human2
human2_lib1.final_cell_0405-1,-0.08787825,10.6198435,beta,8,delta,delta,human2
human2_lib1.final_cell_0406-1,-22.293652,-13.290981,activated_stellate,10,activated_stellate,activated_stellate,human2
human2_lib1.final_cell_0407-1,-38.09602,-62.960735,gamma,7,gamma,gamma,human2
human2_lib1.final_cell_0408-1,11.763909,-3.6109025,alpha,11,alpha,alpha,human2
human2_lib1.final_cell_0409-1,3.384028,-21.855482,alpha,11,alpha,alpha,human2
human2_lib1.final_cell_0410-1,-26.659603,7.9478803,schwann,9,schwann,schwann,human2
human2_lib1.final_cell_0411-1,-43.619644,59.53148,ductal,1,acinar,acinar,human2
human2_lib1.final_cell_0412-1,-5.9668374,-11.514919,alpha,11,alpha,alpha,human2
human2_lib1.final_cell_0413-1,2.6075137,-22.775032,alpha,11,alpha,alpha,human2
human2_lib1.final_cell_0414-1,-44.046997,-68.54243,gamma,7,gamma,gamma,human2
human2_lib1.final_cell_0415-1,7.4901385,-57.783794,alpha,11,alpha,alpha,human2
human2_lib1.final_cell_0416-1,6.4314275,-8.808658,alpha,11,alpha,alpha,human2
human2_lib1.final_cell_0417-1,-3.529465,-49.22296,alpha,11,alpha,alpha,human2
human2_lib1.final_cell_0418-1,-3.537861,-7.4276404,alpha,11,alpha,alpha,human2
human2_lib1.final_cell_0419-1,1.2176285,-22.139048,alpha,11,alpha,alpha,human2
human2_lib1.final_cell_0420-1,12.564934,-10.884441,alpha,11,alpha,alpha,human2
human2_lib1.final_cell_0421-1,33.09592,42.093754,beta,12,beta,beta,human2
human2_lib1.final_cell_0422-1,-90.69525,12.435781,macrophage,6,macrophage,macrophage,human2
human2_lib1.final_cell_0423-1,-80.82299,-19.815348,ductal,3,ductal,ductal,human2
human2_lib1.final_cell_0424-1,12.901724,-4.6259966,alpha,11,alpha,alpha,human2
human2_lib1.final_cell_0425-1,4.223718,-25.89346,alpha,11,alpha,alpha,human2
human2_lib1.final_cell_0426-1,-79.3177,-18.03909,ductal,3,ductal,ductal,human2
human2_lib1.final_cell_0427-1,-1.80152,-30.05014,alpha,11,alpha,alpha,human2
human2_lib1.final_cell_0428-1,-2.2165701,-31.132105,alpha,11,alpha,alpha,human2
human2_lib1.final_cell_0429-1,1.7569113,-27.966347,alpha,11,alpha,alpha,human2
human2_lib1.final_cell_0430-1,37.96099,21.368101,beta,12,beta,beta,human2
human2_lib1.final_cell_0431-1,-83.66663,-18.444225,ductal,3,ductal,ductal,human2
human2_lib1.final_cell_0432-1,0.36452696,8.603797,gamma,8,delta,delta,human2
human2_lib1.final_cell_0433-1,8.626388,20.358683,delta,8,delta,delta,human2
human2_lib1.final_cell_0434-1,-75.28057,-12.399575,ductal,3,ductal,ductal,human2
human2_lib1.final_cell_0435-1,-1.8257512,18.493593,delta,8,delta,delta,human2
human2_lib1.final_cell_0436-1,33.99576,20.502934,beta,12,beta,beta,human2
human2_lib1.final_cell_0437-1,6.770438,-24.564638,alpha,11,alpha,alpha,human2
human2_lib1.final_cell_0438-1,-67.1477,-18.144453,ductal,3,ductal,ductal,human2
human2_lib1.final_cell_0439-1,-39.62494,-65.46659,gamma,7,gamma,gamma,human2
human2_lib1.final_cell_0440-1,0.62553567,-11.040553,alpha,11,alpha,alpha,human2
human2_lib1.final_cell_0441-1,11.520257,-1.1642458,alpha,11,alpha,alpha,human2
human2_lib1.final_cell_0442-1,5.037912,-26.3966,alpha,11,alpha,alpha,human2
human2_lib1.final_cell_0443-1,-41.408558,-64.94853,gamma,7,gamma,gamma,human2
human2_lib1.final_cell_0444-1,-19.70187,-11.446373,activated_stellate,10,activated_stellate,activated_stellate,human2
human2_lib1.final_cell_0445-1,9.620594,-3.0099564,alpha,11,alpha,alpha,human2
human2_lib1.final_cell_0446-1,-55.19923,4.259501,ductal,3,ductal,ductal,human2
human2_lib1.final_cell_0447-1,-2.6107352,-29.689379,alpha,11,alpha,alpha,human2
human2_lib1.final_cell_0448-1,9.388533,-17.158274,alpha,11,alpha,alpha,human2
human2_lib1.final_cell_0449-1,36.523968,56.107864,beta,12,beta,beta,human2
human2_lib1.final_cell_0450-1,-54.45037,3.985596,ductal,3,ductal,ductal,human2
human2_lib1.final_cell_0451-1,5.069302,-11.886058,alpha,11,alpha,alpha,human2
human2_lib1.final_cell_0452-1,-42.268406,-65.00357,gamma,7,gamma,gamma,human2
human2_lib1.final_cell_0453-1,-4.9562387,12.538491,delta,8,delta,delta,human2
human2_lib1.final_cell_0454-1,9.217789,-25.756247,alpha,11,alpha,alpha,human2
human2_lib1.final_cell_0455-1,6.0751896,-17.00612,alpha,11,alpha,alpha,human2
human2_lib1.final_cell_0456-1,-83.68041,-14.511522,ductal,3,ductal,ductal,human2
human2_lib1.final_cell_0457-1,-23.706894,-14.139266,activated_stellate,10,activated_stellate,activated_stellate,human2
human2_lib1.final_cell_0458-1,-6.0098944,-24.707512,alpha,11,alpha,alpha,human2
human2_lib1.final_cell_0459-1,-1.9862595,-31.360935,alpha,11,alpha,alpha,human2
human2_lib1.final_cell_0460-1,6.0403275,-4.277019,alpha,11,alpha,alpha,human2
human2_lib1.final_cell_0461-1,-39.745216,-66.80361,gamma,7,gamma,gamma,human2
human2_lib1.final_cell_0462-1,9.630509,-21.332653,alpha,11,alpha,alpha,human2
human2_lib1.final_cell_0463-1,46.776268,71.84629,beta,12,beta,beta,human2
human2_lib1.final_cell_0464-1,0.9607195,-28.59761,alpha,11,alpha,alpha,human2
human2_lib1.final_cell_0465-1,-2.6943886,-27.325203,alpha,11,alpha,alpha,human2
human2_lib1.final_cell_0466-1,39.964817,7.018626,beta,12,beta,beta,human2
human2_lib1.final_cell_0467-1,-51.569763,0.30867428,ductal,3,ductal,ductal,human2
human2_lib1.final_cell_0468-1,-26.699345,8.021924,schwann,9,schwann,schwann,human2
human2_lib1.final_cell_0469-1,-1.9746772,24.890968,delta,8,delta,delta,human2
human2_lib1.final_cell_0470-1,-38.16661,-63.267166,gamma,7,gamma,gamma,human2
human2_lib1.final_cell_0471-1,-23.945807,-10.126897,activated_stellate,10,activated_stellate,activated_stellate,human2
human2_lib1.final_cell_0472-1,6.362368,-25.098988,alpha,11,alpha,alpha,human2
human2_lib1.final_cell_0473-1,-41.253986,62.27318,ductal,1,acinar,acinar,human2
human2_lib1.final_cell_0474-1,43.47121,64.63805,beta,12,beta,beta,human2
human2_lib1.final_cell_0475-1,27.941212,-3.7514477,beta,12,beta,beta,human2
human2_lib1.final_cell_0476-1,11.811958,-3.4503179,alpha,11,alpha,alpha,human2
human2_lib1.final_cell_0477-1,-36.623833,-70.22426,gamma,7,gamma,gamma,human2
human2_lib1.final_cell_0478-1,-39.159252,-66.313354,gamma,7,gamma,gamma,human2
human2_lib1.final_cell_0479-1,-74.4237,-12.718993,ductal,3,ductal,ductal,human2
human2_lib1.final_cell_0480-1,-3.4767673,-20.666069,alpha,11,alpha,alpha,human2
human2_lib1.final_cell_0481-1,-27.670574,-6.6682606,activated_stellate,10,activated_stellate,activated_stellate,human2
human2_lib1.final_cell_0482-1,-60.16289,22.989754,endothelial,0,endothelial,endothelial,human2
human2_lib1.final_cell_0483-1,34.02789,12.051511,beta,12,beta,beta,human2
human2_lib1.final_cell_0484-1,33.335022,34.825294,beta,12,beta,beta,human2
human2_lib1.final_cell_0485-1,-51.66873,27.008432,endothelial,0,endothelial,endothelial,human2
human2_lib1.final_cell_0486-1,8.701703,-1.3085945,alpha,11,alpha,alpha,human2
human2_lib1.final_cell_0487-1,39.00024,24.119743,beta,12,beta,beta,human2
human2_lib1.final_cell_0488-1,35.82379,21.50329,beta,12,beta,beta,human2
human2_lib1.final_cell_0489-1,7.5757565,-6.1264977,alpha,11,alpha,alpha,human2
human2_lib1.final_cell_0490-1,-71.853645,-0.71033794,ductal,3,ductal,ductal,human2
human2_lib1.final_cell_0491-1,7.0885367,-23.03397,alpha,11,alpha,alpha,human2
human2_lib1.final_cell_0492-1,8.5064745,-6.0210037,alpha,11,alpha,alpha,human2
human2_lib1.final_cell_0493-1,5.9328103,-11.389683,alpha,11,alpha,alpha,human2
human2_lib1.final_cell_0494-1,-37.712383,-69.9341,gamma,7,gamma,gamma,human2
human2_lib1.final_cell_0495-1,-20.253948,-9.968016,activated_stellate,10,activated_stellate,activated_stellate,human2
human2_lib1.final_cell_0496-1,5.8744197,-21.755424,alpha,11,alpha,alpha,human2
human2_lib1.final_cell_0497-1,40.857548,7.0426927,beta,12,beta,beta,human2
human2_lib1.final_cell_0498-1,-2.264012,-55.022423,alpha,15,epsilon,quiescent_stellate,human2
human2_lib1.final_cell_0499-1,12.979561,-12.289624,alpha,11,alpha,alpha,human2
human2_lib1.final_cell_0500-1,-26.82747,24.999535,quiescent_stellate,14,Unmatched_14,quiescent_stellate,human2
human2_lib1.final_cell_0501-1,0.10045981,8.806137,gamma,8,delta,delta,human2
human2_lib1.final_cell_0502-1,9.939728,-16.733881,alpha,11,alpha,alpha,human2
human2_lib1.final_cell_0503-1,8.46722,-13.26463,alpha,11,alpha,alpha,human2
human2_lib1.final_cell_0504-1,-3.7573817,-35.611095,alpha,11,alpha,alpha,human2
human2_lib1.final_cell_0505-1,13.590499,-16.126486,alpha,11,alpha,alpha,human2
human2_lib1.final_cell_0506-1,-1.3008659,-42.676674,alpha,11,alpha,alpha,human2
human2_lib1.final_cell_0507-1,-26.482069,23.980333,quiescent_stellate,15,epsilon,quiescent_stellate,human2
human2_lib1.final_cell_0508-1,4.2692394,-23.797796,alpha,11,alpha,alpha,human2
human2_lib1.final_cell_0509-1,3.4451804,-21.487734,alpha,11,alpha,alpha,human2
human2_lib1.final_cell_0510-1,14.791728,-50.42529,alpha,11,alpha,alpha,human2
human2_lib1.final_cell_0511-1,-56.502056,1.7775449,ductal,3,ductal,ductal,human2
human2_lib1.final_cell_0512-1,-0.25232053,-34.406925,alpha,11,alpha,alpha,human2
human2_lib1.final_cell_0513-1,44.851334,61.32749,beta,12,beta,beta,human2
human2_lib1.final_cell_0514-1,44.565247,14.90828,beta,12,beta,beta,human2
human2_lib1.final_cell_0515-1,31.84711,5.7246966,beta,12,beta,beta,human2
human2_lib1.final_cell_0516-1,35.415966,52.52131,beta,12,beta,beta,human2
human2_lib1.final_cell_0517-1,-52.343716,2.8826466,ductal,3,ductal,ductal,human2
human2_lib1.final_cell_0518-1,27.56619,-75.88388,alpha,11,alpha,alpha,human2
human2_lib1.final_cell_0519-1,13.068616,-1.8790985,alpha,11,alpha,alpha,human2
human2_lib1.final_cell_0520-1,-57.494728,6.0735655,ductal,3,ductal,ductal,human2
human2_lib1.final_cell_0521-1,-4.1691813,-12.6317835,alpha,11,alpha,alpha,human2
human2_lib1.final_cell_0522-1,42.238777,36.05367,beta,12,beta,beta,human2
human2_lib1.final_cell_0523-1,-22.9442,-10.136873,activated_stellate,10,activated_stellate,activated_stellate,human2
human2_lib1.final_cell_0524-1,-57.455704,6.0329823,ductal,3,ductal,ductal,human2
human2_lib1.final_cell_0525-1,44.57137,-39.60736,mast,4,mast,mast,human2
human2_lib1.final_cell_0526-1,12.549054,-3.9959958,alpha,11,alpha,alpha,human2
human2_lib1.final_cell_0527-1,48.837456,43.084778,beta,12,beta,beta,human2
human2_lib1.final_cell_0528-1,-45.228874,-59.289444,alpha,7,gamma,gamma,human2
human2_lib1.final_cell_0529-1,7.232586,-26.909994,alpha,11,alpha,alpha,human2
human2_lib1.final_cell_0530-1,42.941147,42.327324,beta,12,beta,beta,human2
human2_lib1.final_cell_0531-1,-0.039201498,9.0876,gamma,8,delta,delta,human2
human2_lib1.final_cell_0532-1,35.431705,40.816418,beta,12,beta,beta,human2
human2_lib1.final_cell_0533-1,-45.719364,56.016483,ductal,1,acinar,acinar,human2
human2_lib1.final_cell_0534-1,-55.749165,5.1130834,ductal,3,ductal,ductal,human2
human2_lib1.final_cell_0535-1,-84.36559,-15.454107,ductal,3,ductal,ductal,human2
human2_lib1.final_cell_0536-1,-73.08247,-4.8722186,ductal,3,ductal,ductal,human2
human2_lib1.final_cell_0537-1,0.74817324,-34.1648,alpha,11,alpha,alpha,human2
human2_lib1.final_cell_0538-1,34.70914,62.18626,beta,12,beta,beta,human2
human2_lib1.final_cell_0539-1,-53.17115,3.414092,ductal,3,ductal,ductal,human2
human2_lib1.final_cell_0540-1,35.40829,-5.3653784,beta,12,beta,beta,human2
human2_lib1.final_cell_0541-1,-62.785454,24.854628,endothelial,0,endothelial,endothelial,human2
human2_lib1.final_cell_0542-1,31.509926,28.702017,beta,12,beta,beta,human2
human2_lib1.final_cell_0543-1,59.432487,-5.669497,beta,12,beta,beta,human2
human2_lib1.final_cell_0544-1,-89.855865,15.005949,macrophage,15,epsilon,quiescent_stellate,human2
human2_lib1.final_cell_0545-1,-41.79899,-64.891136,gamma,7,gamma,gamma,human2
human2_lib1.final_cell_0546-1,-55.964024,3.7882068,ductal,3,ductal,ductal,human2
human2_lib1.final_cell_0547-1,-76.60732,-4.8848486,ductal,3,ductal,ductal,human2
human2_lib1.final_cell_0548-1,47.16679,-14.369272,beta,12,beta,beta,human2
human2_lib1.final_cell_0549-1,-30.115763,19.200865,quiescent_stellate,15,epsilon,quiescent_stellate,human2
human2_lib1.final_cell_0550-1,-43.71555,63.929516,ductal,1,acinar,acinar,human2
human2_lib1.final_cell_0551-1,1.4617528,-45.664173,alpha,11,alpha,alpha,human2
human2_lib1.final_cell_0552-1,0.86788696,-50.213474,alpha,11,alpha,alpha,human2
human2_lib1.final_cell_0553-1,-84.19897,-12.873381,ductal,3,ductal,ductal,human2
human2_lib1.final_cell_0554-1,53.182575,43.988102,alpha,12,beta,beta,human2
human2_lib1.final_cell_0555-1,-73.44356,-16.95752,ductal,3,ductal,ductal,human2
human2_lib1.final_cell_0556-1,42.34866,-9.317539,beta,12,beta,beta,human2
human2_lib1.final_cell_0557-1,33.239704,-75.87709,alpha,11,alpha,alpha,human2
human2_lib1.final_cell_0558-1,-43.675297,64.01025,ductal,1,acinar,acinar,human2
human2_lib1.final_cell_0559-1,45.098316,-0.1438367,beta,12,beta,beta,human2
human2_lib2.final_cell_0001-1,11.055606,25.818386,delta,8,delta,delta,human2
human2_lib2.final_cell_0002-1,44.1927,-39.05178,alpha,4,mast,mast,human2
human2_lib2.final_cell_0003-1,5.374306,-12.095613,alpha,11,alpha,alpha,human2
human2_lib2.final_cell_0004-1,-3.7213273,-11.488868,alpha,11,alpha,alpha,human2
human2_lib2.final_cell_0005-1,2.7866042,-28.544506,alpha,11,alpha,alpha,human2
human2_lib2.final_cell_0006-1,-7.3085666,18.960852,delta,8,delta,delta,human2
human2_lib2.final_cell_0007-1,-50.888515,-3.8493075,ductal,3,ductal,ductal,human2
human2_lib2.final_cell_0008-1,2.557605,-31.645641,alpha,11,alpha,alpha,human2
human2_lib2.final_cell_0009-1,-5.0987897,30.491507,delta,8,delta,delta,human2
human2_lib2.final_cell_0010-1,5.161214,30.690718,delta,8,delta,delta,human2
human2_lib2.final_cell_0011-1,-6.898086,30.959349,delta,8,delta,delta,human2
human2_lib2.final_cell_0012-1,-19.744408,-8.652516,activated_stellate,15,epsilon,quiescent_stellate,human2
human2_lib2.final_cell_0013-1,33.809547,53.80605,beta,12,beta,beta,human2
human2_lib2.final_cell_0014-1,7.105856,26.497192,delta,8,delta,delta,human2
human2_lib2.final_cell_0015-1,-44.087986,50.20491,ductal,1,acinar,acinar,human2
human2_lib2.final_cell_0016-1,-42.256897,63.013607,ductal,1,acinar,acinar,human2
human2_lib2.final_cell_0017-1,-43.22791,52.08121,ductal,1,acinar,acinar,human2
human2_lib2.final_cell_0018-1,-71.03419,-21.689589,ductal,3,ductal,ductal,human2
human2_lib2.final_cell_0019-1,12.056186,-5.3226995,alpha,11,alpha,alpha,human2
human2_lib2.final_cell_0020-1,3.295318,29.328566,delta,8,delta,delta,human2
human2_lib2.final_cell_0021-1,-91.01262,11.489547,macrophage,6,macrophage,macrophage,human2
human2_lib2.final_cell_0022-1,32.873386,14.864075,beta,12,beta,beta,human2
human2_lib2.final_cell_0023-1,10.489737,26.194998,delta,8,delta,delta,human2
human2_lib2.final_cell_0024-1,-45.037903,52.611492,ductal,1,acinar,acinar,human2
human2_lib2.final_cell_0025-1,33.644432,20.809679,beta,12,beta,beta,human2
human2_lib2.final_cell_0026-1,-3.4813783,23.225481,delta,8,delta,delta,human2
human2_lib2.final_cell_0027-1,2.6359034,-23.596334,alpha,11,alpha,alpha,human2
human2_lib2.final_cell_0028-1,21.795855,-54.68618,alpha,11,alpha,alpha,human2
human2_lib2.final_cell_0029-1,-23.425983,-13.624636,activated_stellate,10,activated_stellate,activated_stellate,human2
human2_lib2.final_cell_0030-1,-45.703987,56.73783,ductal,1,acinar,acinar,human2
human2_lib2.final_cell_0031-1,36.240623,60.245533,beta,12,beta,beta,human2
human2_lib2.final_cell_0032-1,-41.98077,60.255054,ductal,1,acinar,acinar,human2
human2_lib2.final_cell_0033-1,-7.996683,-16.256536,alpha,11,alpha,alpha,human2
human2_lib2.final_cell_0034-1,-8.7816925,25.432774,delta,8,delta,delta,human2
human2_lib2.final_cell_0035-1,-52.162655,1.8469775,ductal,3,ductal,ductal,human2
human2_lib2.final_cell_0036-1,-29.407465,51.957783,ductal,1,acinar,acinar,human2
human2_lib2.final_cell_0037-1,39.844936,67.47136,beta,12,beta,beta,human2
human2_lib2.final_cell_0038-1,2.647838,-30.233105,alpha,11,alpha,alpha,human2
human2_lib2.final_cell_0039-1,-36.530342,-71.3706,alpha,7,gamma,gamma,human2
human2_lib2.final_cell_0040-1,35.938015,8.850773,beta,12,beta,beta,human2
human2_lib2.final_cell_0041-1,-2.1063893,-44.045498,alpha,11,alpha,alpha,human2
human2_lib2.final_cell_0042-1,33.659492,32.783108,beta,12,beta,beta,human2
human2_lib2.final_cell_0043-1,-43.080048,51.76962,ductal,1,acinar,acinar,human2
human2_lib2.final_cell_0044-1,-42.94253,51.695557,ductal,1,acinar,acinar,human2
human2_lib2.final_cell_0045-1,-45.042305,52.897667,ductal,1,acinar,acinar,human2
human2_lib2.final_cell_0046-1,43.44546,65.491844,beta,12,beta,beta,human2
human2_lib2.final_cell_0047-1,2.321499,27.665741,delta,8,delta,delta,human2
human2_lib2.final_cell_0048-1,38.608227,34.40402,beta,12,beta,beta,human2
human2_lib2.final_cell_0049-1,43.642113,67.52624,beta,12,beta,beta,human2
human2_lib2.final_cell_0050-1,-80.23473,-19.55196,ductal,3,ductal,ductal,human2
human2_lib2.final_cell_0051-1,-2.6151285,-40.47037,alpha,11,alpha,alpha,human2
human2_lib2.final_cell_0052-1,-44.891346,55.393208,ductal,1,acinar,acinar,human2
human2_lib2.final_cell_0053-1,-70.66168,-10.807739,ductal,3,ductal,ductal,human2
human2_lib2.final_cell_0054-1,33.504738,28.45315,beta,12,beta,beta,human2
human2_lib2.final_cell_0055-1,-33.16315,-42.910904,alpha,11,alpha,alpha,human2
human2_lib2.final_cell_0056-1,30.054962,46.24038,beta,12,beta,beta,human2
human2_lib2.final_cell_0057-1,35.243286,34.58425,beta,12,beta,beta,human2
human2_lib2.final_cell_0058-1,35.136356,29.708,beta,12,beta,beta,human2
human2_lib2.final_cell_0059-1,6.2355103,-3.2182477,alpha,11,alpha,alpha,human2
human2_lib2.final_cell_0060-1,11.105867,-2.642003,alpha,11,alpha,alpha,human2
human2_lib2.final_cell_0061-1,54.225086,40.58996,beta,15,epsilon,quiescent_stellate,human2
human2_lib2.final_cell_0062-1,36.732773,63.57675,beta,12,beta,beta,human2
human2_lib2.final_cell_0063-1,5.2756777,-8.263523,alpha,11,alpha,alpha,human2
human2_lib2.final_cell_0064-1,40.535236,65.127174,beta,12,beta,beta,human2
human2_lib2.final_cell_0065-1,42.239883,43.30927,beta,12,beta,beta,human2
human2_lib2.final_cell_0066-1,34.656483,53.92181,beta,12,beta,beta,human2
human2_lib2.final_cell_0067-1,-43.718235,52.834423,ductal,1,acinar,acinar,human2
human2_lib2.final_cell_0068-1,36.60093,33.492382,beta,12,beta,beta,human2
human2_lib2.final_cell_0069-1,-18.70098,-11.5110855,activated_stellate,15,epsilon,quiescent_stellate,human2
human2_lib2.final_cell_0070-1,35.89635,47.025883,beta,12,beta,beta,human2
human2_lib2.final_cell_0071-1,-42.90522,51.324516,ductal,1,acinar,acinar,human2
human2_lib2.final_cell_0072-1,33.091007,18.196857,beta,12,beta,beta,human2
human2_lib2.final_cell_0073-1,47.028408,-10.1915655,beta,12,beta,beta,human2
human2_lib2.final_cell_0074-1,24.440998,-80.8147,alpha,11,alpha,alpha,human2
human2_lib2.final_cell_0075-1,-75.045044,-9.986391,ductal,3,ductal,ductal,human2
human2_lib2.final_cell_0076-1,-44.98418,59.998177,ductal,1,acinar,acinar,human2
human2_lib2.final_cell_0077-1,47.37949,-15.319536,beta,12,beta,beta,human2
human2_lib2.final_cell_0078-1,-44.012775,54.812332,ductal,1,acinar,acinar,human2
human2_lib2.final_cell_0079-1,8.7207575,-5.276412,alpha,11,alpha,alpha,human2
human2_lib2.final_cell_0080-1,-74.91743,-16.506163,ductal,3,ductal,ductal,human2
human2_lib2.final_cell_0081-1,-39.40394,-69.66014,gamma,7,gamma,gamma,human2
human2_lib2.final_cell_0082-1,-7.4957976,-15.476567,alpha,11,alpha,alpha,human2
human2_lib2.final_cell_0083-1,42.19465,60.22347,beta,12,beta,beta,human2
human2_lib2.final_cell_0084-1,38.42548,54.162464,beta,12,beta,beta,human2
human2_lib2.final_cell_0085-1,-23.946253,-11.750545,activated_stellate,10,activated_stellate,activated_stellate,human2
human2_lib2.final_cell_0086-1,36.565807,13.267121,beta,12,beta,beta,human2
human2_lib2.final_cell_0087-1,39.955734,-13.972888,beta,12,beta,beta,human2
human2_lib2.final_cell_0088-1,3.6377547,-14.870646,alpha,11,alpha,alpha,human2
human2_lib2.final_cell_0089-1,34.651653,54.081886,beta,12,beta,beta,human2
human2_lib2.final_cell_0090-1,-38.636547,-71.977806,gamma,7,gamma,gamma,human2
human2_lib2.final_cell_0091-1,27.712648,8.606417,beta,12,beta,beta,human2
human2_lib2.final_cell_0092-1,1.8476951,-27.826021,alpha,11,alpha,alpha,human2
human2_lib2.final_cell_0093-1,-42.232243,62.694065,ductal,1,acinar,acinar,human2
human2_lib2.final_cell_0094-1,37.600163,32.54915,beta,12,beta,beta,human2
human2_lib2.final_cell_0095-1,3.834877,-29.397856,alpha,11,alpha,alpha,human2
human2_lib2.final_cell_0096-1,-1.7995958,-45.571304,alpha,11,alpha,alpha,human2
human2_lib2.final_cell_0097-1,36.89446,15.476621,beta,12,beta,beta,human2
human2_lib2.final_cell_0098-1,7.3187504,-16.218458,alpha,11,alpha,alpha,human2
human2_lib2.final_cell_0099-1,11.488229,-15.723806,alpha,11,alpha,alpha,human2
human2_lib2.final_cell_0100-1,9.967184,-2.6638706,alpha,11,alpha,alpha,human2
human2_lib2.final_cell_0101-1,5.8164577,-12.3861685,alpha,11,alpha,alpha,human2
human2_lib2.final_cell_0102-1,-21.062313,-11.886733,activated_stellate,10,activated_stellate,activated_stellate,human2
human2_lib2.final_cell_0103-1,5.8981733,-25.973524,alpha,11,alpha,alpha,human2
human2_lib2.final_cell_0104-1,-22.966595,-12.908408,activated_stellate,10,activated_stellate,activated_stellate,human2
human2_lib2.final_cell_0105-1,33.973827,37.201057,beta,12,beta,beta,human2
human2_lib2.final_cell_0106-1,-36.46724,-71.75313,gamma,7,gamma,gamma,human2
human2_lib2.final_cell_0107-1,4.9603724,-7.037488,alpha,11,alpha,alpha,human2
human2_lib2.final_cell_0108-1,35.984806,-1.5052292,beta,12,beta,beta,human2
human2_lib2.final_cell_0109-1,6.525091,29.94995,delta,8,delta,delta,human2
human2_lib2.final_cell_0110-1,-44.798355,60.7655,ductal,1,acinar,acinar,human2
human2_lib2.final_cell_0111-1,-6.195895,-25.891655,alpha,11,alpha,alpha,human2
human2_lib2.final_cell_0112-1,-18.860495,-11.269954,activated_stellate,10,activated_stellate,activated_stellate,human2
human2_lib2.final_cell_0113-1,46.508377,70.018974,beta,12,beta,beta,human2
human2_lib2.final_cell_0114-1,-0.7336571,-26.83288,alpha,11,alpha,alpha,human2
human2_lib2.final_cell_0115-1,3.1845708,-14.099689,alpha,11,alpha,alpha,human2
human2_lib2.final_cell_0116-1,-6.689435,-17.644302,alpha,11,alpha,alpha,human2
human2_lib2.final_cell_0117-1,40.080643,27.688866,beta,12,beta,beta,human2
human2_lib2.final_cell_0118-1,32.821266,-3.9519606,beta,12,beta,beta,human2
human2_lib2.final_cell_0119-1,-21.159042,-11.786715,activated_stellate,10,activated_stellate,activated_stellate,human2
human2_lib2.final_cell_0120-1,-91.62385,12.209276,macrophage,6,macrophage,macrophage,human2
human2_lib2.final_cell_0121-1,-45.728172,53.153538,ductal,1,acinar,acinar,human2
human2_lib2.final_cell_0122-1,31.565409,9.725181,beta,12,beta,beta,human2
human2_lib2.final_cell_0123-1,35.742672,58.952477,beta,12,beta,beta,human2
human2_lib2.final_cell_0124-1,7.8142095,-6.4856653,alpha,11,alpha,alpha,human2
human2_lib2.final_cell_0125-1,39.929806,3.64217,beta,12,beta,beta,human2
human2_lib2.final_cell_0126-1,49.46617,-15.164221,beta,12,beta,beta,human2
human2_lib2.final_cell_0127-1,-42.78625,60.90055,ductal,1,acinar,acinar,human2
human2_lib2.final_cell_0128-1,-6.1142716,-33.110874,alpha,11,alpha,alpha,human2
human2_lib2.final_cell_0129-1,11.570062,26.275394,delta,8,delta,delta,human2
human2_lib2.final_cell_0130-1,41.07458,-14.674289,beta,12,beta,beta,human2
human2_lib2.final_cell_0131-1,38.374226,-16.235773,beta,12,beta,beta,human2
human2_lib2.final_cell_0132-1,11.924021,-15.546108,alpha,11,alpha,alpha,human2
human2_lib2.final_cell_0133-1,34.311752,38.593292,beta,12,beta,beta,human2
human2_lib2.final_cell_0134-1,1.5224141,-6.465165,alpha,11,alpha,alpha,human2
human2_lib2.final_cell_0135-1,43.541237,46.435013,beta,12,beta,beta,human2
human2_lib2.final_cell_0136-1,-81.3898,-5.6961565,ductal,3,ductal,ductal,human2
human2_lib2.final_cell_0137-1,39.85194,26.747047,beta,12,beta,beta,human2
human2_lib2.final_cell_0138-1,10.638338,-10.891572,alpha,11,alpha,alpha,human2
human2_lib2.final_cell_0139-1,10.331693,-8.459168,alpha,11,alpha,alpha,human2
human2_lib2.final_cell_0140-1,-0.0994406,11.565607,delta,8,delta,delta,human2
human2_lib2.final_cell_0141-1,30.741692,47.43616,beta,12,beta,beta,human2
human2_lib2.final_cell_0142-1,56.29404,-14.291638,beta,12,beta,beta,human2
human2_lib2.final_cell_0143-1,1.2492201,-22.078533,alpha,11,alpha,alpha,human2
human2_lib2.final_cell_0144-1,-91.4681,11.604223,macrophage,6,macrophage,macrophage,human2
human2_lib2.final_cell_0145-1,-19.768147,-12.1491585,activated_stellate,10,activated_stellate,activated_stellate,human2
human2_lib2.final_cell_0146-1,-45.596275,55.710747,ductal,1,acinar,acinar,human2
human2_lib2.final_cell_0147-1,31.131468,9.571611,beta,12,beta,beta,human2
human2_lib2.final_cell_0148-1,9.221572,-2.5028298,alpha,11,alpha,alpha,human2
human2_lib2.final_cell_0149-1,-10.3174925,25.239109,delta,8,delta,delta,human2
human2_lib2.final_cell_0150-1,-91.67106,10.824677,macrophage,6,macrophage,macrophage,human2
human2_lib2.final_cell_0151-1,-5.3916574,31.055325,delta,8,delta,delta,human2
human2_lib2.final_cell_0152-1,-5.0938253,-12.444769,alpha,11,alpha,alpha,human2
human2_lib2.final_cell_0153-1,-40.79378,57.094788,ductal,1,acinar,acinar,human2
human2_lib2.final_cell_0154-1,-41.472614,62.277504,acinar,1,acinar,acinar,human2
human2_lib2.final_cell_0155-1,-10.0510845,16.501148,delta,8,delta,delta,human2
human2_lib2.final_cell_0156-1,9.566145,-17.575132,alpha,11,alpha,alpha,human2
human2_lib2.final_cell_0157-1,-41.27306,61.945698,ductal,1,acinar,acinar,human2
human2_lib2.final_cell_0158-1,-79.61607,-20.613224,ductal,3,ductal,ductal,human2
human2_lib2.final_cell_0159-1,-3.4828587,-34.82706,alpha,11,alpha,alpha,human2
human2_lib2.final_cell_0160-1,35.72571,55.60308,beta,12,beta,beta,human2
human2_lib2.final_cell_0161-1,-64.43862,-18.983751,ductal,3,ductal,ductal,human2
human2_lib2.final_cell_0162-1,-42.56302,52.163364,ductal,1,acinar,acinar,human2
human2_lib2.final_cell_0163-1,9.074887,-17.781567,alpha,11,alpha,alpha,human2
human2_lib2.final_cell_0164-1,12.344371,-6.71825,alpha,11,alpha,alpha,human2
human2_lib2.final_cell_0165-1,56.93405,46.654835,delta,15,epsilon,quiescent_stellate,human2
human2_lib2.final_cell_0166-1,11.5757675,24.967892,delta,8,delta,delta,human2
human2_lib2.final_cell_0167-1,-0.46746376,-26.792347,alpha,11,alpha,alpha,human2
human2_lib2.final_cell_0168-1,-1.9555705,-30.386332,alpha,11,alpha,alpha,human2
human2_lib2.final_cell_0169-1,-42.063118,62.049088,ductal,1,acinar,acinar,human2
human2_lib2.final_cell_0170-1,-2.2059996,-17.512787,alpha,11,alpha,alpha,human2
human2_lib2.final_cell_0171-1,0.2107603,-10.915693,alpha,11,alpha,alpha,human2
human2_lib2.final_cell_0172-1,11.121741,25.830898,delta,8,delta,delta,human2
human2_lib2.final_cell_0173-1,13.986186,-50.131283,alpha,11,alpha,alpha,human2
human2_lib2.final_cell_0174-1,32.984406,29.660702,beta,12,beta,beta,human2
human2_lib2.final_cell_0175-1,33.83928,32.727936,beta,12,beta,beta,human2
human2_lib2.final_cell_0176-1,0.39634126,-28.86019,alpha,11,alpha,alpha,human2
human2_lib2.final_cell_0177-1,-70.65283,-21.438976,ductal,3,ductal,ductal,human2
human2_lib2.final_cell_0178-1,-2.207814,19.410898,delta,8,delta,delta,human2
human2_lib2.final_cell_0179-1,3.158809,-5.040615,alpha,11,alpha,alpha,human2
human2_lib2.final_cell_0180-1,-22.081936,-12.723473,activated_stellate,10,activated_stellate,activated_stellate,human2
human2_lib2.final_cell_0181-1,7.203413,28.299631,delta,8,delta,delta,human2
human2_lib2.final_cell_0182-1,38.074665,29.469881,beta,12,beta,beta,human2
human2_lib2.final_cell_0183-1,-40.15816,-72.4207,gamma,7,gamma,gamma,human2
human2_lib2.final_cell_0184-1,6.8079925,27.221725,delta,8,delta,delta,human2
human2_lib2.final_cell_0185-1,-37.044838,-65.17244,gamma,7,gamma,gamma,human2
human2_lib2.final_cell_0186-1,45.670437,-1.019422,beta,12,beta,beta,human2
human2_lib2.final_cell_0187-1,-65.77724,-20.164455,ductal,3,ductal,ductal,human2
human2_lib2.final_cell_0188-1,-4.2137313,-9.639823,alpha,11,alpha,alpha,human2
human2_lib2.final_cell_0189-1,-79.98644,-18.383171,ductal,3,ductal,ductal,human2
human2_lib2.final_cell_0190-1,11.583356,-15.1625185,alpha,11,alpha,alpha,human2
human2_lib2.final_cell_0191-1,-70.61934,-12.178791,ductal,3,ductal,ductal,human2
human2_lib2.final_cell_0192-1,34.454746,59.812695,beta,12,beta,beta,human2
human2_lib2.final_cell_0193-1,-70.59382,-21.94375,ductal,3,ductal,ductal,human2
human2_lib2.final_cell_0194-1,-5.040341,-11.659032,alpha,11,alpha,alpha,human2
human2_lib2.final_cell_0195-1,33.39269,26.73541,beta,12,beta,beta,human2
human2_lib2.final_cell_0196-1,31.839443,19.99997,beta,12,beta,beta,human2
human2_lib2.final_cell_0197-1,-42.27684,61.880974,ductal,1,acinar,acinar,human2
human2_lib2.final_cell_0198-1,35.589546,-7.2700267,beta,12,beta,beta,human2
human2_lib2.final_cell_0199-1,10.260594,-11.476215,alpha,11,alpha,alpha,human2
human2_lib2.final_cell_0200-1,-63.23432,-21.152683,ductal,3,ductal,ductal,human2
human2_lib2.final_cell_0201-1,-24.901583,-10.871469,activated_stellate,10,activated_stellate,activated_stellate,human2
human2_lib2.final_cell_0202-1,13.227502,-5.7558846,alpha,11,alpha,alpha,human2
human2_lib2.final_cell_0203-1,33.76054,51.61694,beta,12,beta,beta,human2
human2_lib2.final_cell_0204-1,40.19112,29.170948,beta,12,beta,beta,human2
human2_lib2.final_cell_0205-1,-81.43558,-18.999807,ductal,3,ductal,ductal,human2
human2_lib2.final_cell_0206-1,-3.7741342,-7.556972,alpha,11,alpha,alpha,human2
human2_lib2.final_cell_0207-1,-61.283222,-20.749435,ductal,3,ductal,ductal,human2
human2_lib2.final_cell_0208-1,-1.1574056,-17.018724,alpha,11,alpha,alpha,human2
human2_lib2.final_cell_0209-1,-4.844773,-25.201511,alpha,11,alpha,alpha,human2
human2_lib2.final_cell_0210-1,11.610635,-12.915171,alpha,11,alpha,alpha,human2
human2_lib2.final_cell_0211-1,-2.3111153,-7.634548,alpha,11,alpha,alpha,human2
human2_lib2.final_cell_0212-1,-2.115639,-7.640131,alpha,11,alpha,alpha,human2
human2_lib2.final_cell_0213-1,37.931232,43.25612,beta,12,beta,beta,human2
human2_lib2.final_cell_0214-1,-51.75993,0.89560413,ductal,3,ductal,ductal,human2
human2_lib2.final_cell_0215-1,0.02095789,-45.790577,alpha,11,alpha,alpha,human2
human2_lib2.final_cell_0216-1,5.4735336,-26.561838,alpha,11,alpha,alpha,human2
human2_lib2.final_cell_0217-1,3.030248,-6.623483,alpha,11,alpha,alpha,human2
human2_lib2.final_cell_0218-1,-74.265594,-12.327645,ductal,3,ductal,ductal,human2
human2_lib2.final_cell_0219-1,35.82009,61.16557,beta,12,beta,beta,human2
human2_lib2.final_cell_0220-1,-80.01977,-20.239109,ductal,3,ductal,ductal,human2
human2_lib2.final_cell_0221-1,-23.10196,-12.313455,activated_stellate,10,activated_stellate,activated_stellate,human2
human2_lib2.final_cell_0222-1,12.479884,-6.8520555,alpha,11,alpha,alpha,human2
human2_lib2.final_cell_0223-1,35.243355,38.764805,beta,12,beta,beta,human2
human2_lib2.final_cell_0224-1,13.084567,-5.570605,alpha,11,alpha,alpha,human2
human2_lib2.final_cell_0225-1,7.6036353,-4.566003,alpha,11,alpha,alpha,human2
human2_lib2.final_cell_0226-1,-60.14822,3.5898867,ductal,3,ductal,ductal,human2
human2_lib2.final_cell_0227-1,-38.23754,-34.775322,alpha,11,alpha,alpha,human2
human2_lib2.final_cell_0228-1,-1.7829639,-16.861038,alpha,11,alpha,alpha,human2
human2_lib2.final_cell_0229-1,43.930275,-9.157286,beta,12,beta,beta,human2
human2_lib2.final_cell_0230-1,41.078335,-14.595165,beta,12,beta,beta,human2
human2_lib2.final_cell_0231-1,37.11522,32.250824,beta,12,beta,beta,human2
human2_lib2.final_cell_0232-1,32.95919,38.07309,beta,12,beta,beta,human2
human2_lib2.final_cell_0233-1,-43.553978,52.365788,ductal,1,acinar,acinar,human2
human2_lib2.final_cell_0234-1,-92.06598,10.486054,macrophage,6,macrophage,macrophage,human2
human2_lib2.final_cell_0235-1,8.718144,-16.961214,alpha,11,alpha,alpha,human2
human2_lib2.final_cell_0236-1,-42.34337,62.147057,ductal,1,acinar,acinar,human2
human2_lib2.final_cell_0237-1,6.5121684,-6.4322844,alpha,11,alpha,alpha,human2
human2_lib2.final_cell_0238-1,27.845016,4.922811,beta,12,beta,beta,human2
human2_lib2.final_cell_0239-1,43.378117,-16.232592,beta,12,beta,beta,human2
human2_lib2.final_cell_0240-1,-71.26122,-18.647545,ductal,3,ductal,ductal,human2
human2_lib2.final_cell_0241-1,28.016037,2.6164148,beta,12,beta,beta,human2
human2_lib2.final_cell_0242-1,2.4616106,21.456282,delta,8,delta,delta,human2
human2_lib2.final_cell_0243-1,-26.291517,24.676489,quiescent_stellate,14,Unmatched_14,quiescent_stellate,human2
human2_lib2.final_cell_0244-1,2.690094,-5.837418,alpha,11,alpha,alpha,human2
human2_lib2.final_cell_0245-1,7.4475617,-16.508846,alpha,11,alpha,alpha,human2
human2_lib2.final_cell_0246-1,43.73129,67.61213,beta,12,beta,beta,human2
human2_lib2.final_cell_0247-1,-66.54211,-21.412079,ductal,3,ductal,ductal,human2
human2_lib2.final_cell_0248-1,36.669765,35.142056,beta,12,beta,beta,human2
human2_lib2.final_cell_0249-1,13.029881,-5.1568403,alpha,11,alpha,alpha,human2
human2_lib2.final_cell_0250-1,39.995514,29.339935,beta,12,beta,beta,human2
human2_lib2.final_cell_0251-1,7.134534,-14.746694,alpha,11,alpha,alpha,human2
human2_lib2.final_cell_0252-1,35.366432,36.822132,beta,12,beta,beta,human2
human2_lib2.final_cell_0253-1,47.531273,-15.741815,beta,12,beta,beta,human2
human2_lib2.final_cell_0254-1,33.79182,36.92718,beta,12,beta,beta,human2
human2_lib2.final_cell_0255-1,33.564503,37.593735,beta,12,beta,beta,human2
human2_lib2.final_cell_0256-1,2.3534625,-11.110896,alpha,11,alpha,alpha,human2
human2_lib2.final_cell_0257-1,1.3316138,-21.017054,alpha,11,alpha,alpha,human2
human2_lib2.final_cell_0258-1,33.86592,26.252127,beta,12,beta,beta,human2
human2_lib2.final_cell_0259-1,6.9678855,-21.653458,alpha,11,alpha,alpha,human2
human2_lib2.final_cell_0260-1,-2.6487565,28.157127,delta,8,delta,delta,human2
human2_lib2.final_cell_0261-1,7.8460984,-12.063132,alpha,11,alpha,alpha,human2
human2_lib2.final_cell_0262-1,59.025307,-13.459965,beta,12,beta,beta,human2
human2_lib2.final_cell_0263-1,-26.617937,7.998793,schwann,9,schwann,schwann,human2
human2_lib2.final_cell_0264-1,31.679813,-1.0597587,beta,12,beta,beta,human2
human2_lib2.final_cell_0265-1,34.4483,60.15176,beta,12,beta,beta,human2
human2_lib2.final_cell_0266-1,-2.2297642,-30.34578,alpha,11,alpha,alpha,human2
human2_lib2.final_cell_0267-1,8.191684,-3.6573043,alpha,11,alpha,alpha,human2
human2_lib2.final_cell_0268-1,7.024919,-6.340712,alpha,11,alpha,alpha,human2
human2_lib2.final_cell_0269-1,29.71469,19.782366,beta,12,beta,beta,human2
human2_lib2.final_cell_0270-1,-3.2551374,-6.451222,alpha,11,alpha,alpha,human2
human2_lib2.final_cell_0271-1,49.275723,-14.440699,beta,12,beta,beta,human2
human2_lib2.final_cell_0272-1,-71.65009,-16.5483,ductal,3,ductal,ductal,human2
human2_lib2.final_cell_0273-1,-51.67252,-3.1394718,ductal,3,ductal,ductal,human2
human2_lib2.final_cell_0274-1,-39.585243,-65.84832,gamma,7,gamma,gamma,human2
human2_lib2.final_cell_0275-1,35.78167,45.03686,beta,12,beta,beta,human2
human2_lib2.final_cell_0276-1,12.491375,-2.255424,alpha,11,alpha,alpha,human2
human2_lib2.final_cell_0277-1,-63.747814,-15.806919,ductal,3,ductal,ductal,human2
human2_lib2.final_cell_0278-1,38.594994,34.294704,beta,12,beta,beta,human2
human2_lib2.final_cell_0279-1,-52.64574,3.0163214,ductal,3,ductal,ductal,human2
human2_lib2.final_cell_0280-1,-65.29613,-21.560383,ductal,3,ductal,ductal,human2
human2_lib2.final_cell_0281-1,10.272771,-20.23232,alpha,11,alpha,alpha,human2
human2_lib2.final_cell_0282-1,-21.907116,-13.362018,activated_stellate,10,activated_stellate,activated_stellate,human2
human2_lib2.final_cell_0283-1,5.1982737,22.66212,delta,8,delta,delta,human2
human2_lib2.final_cell_0284-1,36.39672,34.547276,beta,12,beta,beta,human2
human2_lib2.final_cell_0285-1,37.246086,55.611973,beta,12,beta,beta,human2
human2_lib2.final_cell_0286-1,36.178474,36.18083,beta,12,beta,beta,human2
human2_lib2.final_cell_0287-1,2.7443979,-16.414188,alpha,11,alpha,alpha,human2
human2_lib2.final_cell_0288-1,-4.3795257,-9.053957,alpha,11,alpha,alpha,human2
human2_lib2.final_cell_0289-1,11.218138,-2.4708393,alpha,11,alpha,alpha,human2
human2_lib2.final_cell_0290-1,-25.892324,-10.872856,activated_stellate,10,activated_stellate,activated_stellate,human2
human2_lib2.final_cell_0291-1,6.9861693,-6.052897,alpha,11,alpha,alpha,human2
human2_lib2.final_cell_0292-1,12.766739,-48.795948,alpha,11,alpha,alpha,human2
human2_lib2.final_cell_0293-1,5.69503,-15.413287,alpha,11,alpha,alpha,human2
human2_lib2.final_cell_0294-1,12.880723,-4.221429,alpha,11,alpha,alpha,human2
human2_lib2.final_cell_0295-1,10.734499,-10.293807,alpha,11,alpha,alpha,human2
human2_lib2.final_cell_0296-1,1.7268547,22.822655,delta,8,delta,delta,human2
human2_lib2.final_cell_0297-1,11.962536,-15.715836,alpha,11,alpha,alpha,human2
human2_lib2.final_cell_0298-1,-38.542538,-69.64161,gamma,7,gamma,gamma,human2
human2_lib2.final_cell_0299-1,2.0528998,-26.575253,alpha,11,alpha,alpha,human2
human2_lib2.final_cell_0300-1,7.101127,-13.091256,alpha,11,alpha,alpha,human2
human2_lib2.final_cell_0301-1,0.55255336,7.7378526,gamma,8,delta,delta,human2
human2_lib2.final_cell_0302-1,10.686201,-10.232442,alpha,11,alpha,alpha,human2
human2_lib2.final_cell_0303-1,2.8932245,-31.74288,alpha,11,alpha,alpha,human2
human2_lib2.final_cell_0304-1,11.511902,-2.882128,alpha,11,alpha,alpha,human2
human2_lib2.final_cell_0305-1,14.455685,-17.243069,alpha,15,epsilon,quiescent_stellate,human2
human2_lib2.final_cell_0306-1,-70.52603,-21.714127,ductal,3,ductal,ductal,human2
human2_lib2.final_cell_0307-1,7.1749763,-16.244724,alpha,11,alpha,alpha,human2
human2_lib2.final_cell_0308-1,-23.044909,-11.829161,activated_stellate,10,activated_stellate,activated_stellate,human2
human2_lib2.final_cell_0309-1,11.75906,-18.7773,alpha,11,alpha,alpha,human2
human2_lib2.final_cell_0310-1,-0.72951,20.063995,delta,8,delta,delta,human2
human2_lib2.final_cell_0311-1,11.367007,-2.2784956,alpha,11,alpha,alpha,human2
human2_lib2.final_cell_0312-1,12.500313,-7.796055,alpha,11,alpha,alpha,human2
human2_lib2.final_cell_0313-1,13.042398,-5.4591913,alpha,11,alpha,alpha,human2
human2_lib2.final_cell_0314-1,-59.02804,6.186978,ductal,3,ductal,ductal,human2
human2_lib2.final_cell_0315-1,-9.289864,24.31477,delta,8,delta,delta,human2
human2_lib2.final_cell_0316-1,8.879713,-10.706378,alpha,11,alpha,alpha,human2
human2_lib2.final_cell_0317-1,4.029462,-29.28566,alpha,11,alpha,alpha,human2
human2_lib2.final_cell_0318-1,2.9421268,-24.988441,alpha,11,alpha,alpha,human2
human2_lib2.final_cell_0319-1,10.318076,-19.185299,alpha,11,alpha,alpha,human2
human2_lib2.final_cell_0320-1,30.321379,17.361147,beta,12,beta,beta,human2
human2_lib2.final_cell_0321-1,40.066322,66.25304,beta,12,beta,beta,human2
human2_lib2.final_cell_0322-1,11.813464,-16.087942,alpha,11,alpha,alpha,human2
human2_lib2.final_cell_0323-1,-24.70185,-12.540349,activated_stellate,10,activated_stellate,activated_stellate,human2
human2_lib2.final_cell_0324-1,4.1635027,-26.68626,alpha,11,alpha,alpha,human2
human2_lib2.final_cell_0325-1,36.83664,43.037586,beta,12,beta,beta,human2
human2_lib2.final_cell_0326-1,11.718442,-13.259836,alpha,11,alpha,alpha,human2
human2_lib2.final_cell_0327-1,36.624172,-1.8428285,beta,12,beta,beta,human2
human2_lib2.final_cell_0328-1,41.97965,37.64813,beta,12,beta,beta,human2
human2_lib2.final_cell_0329-1,-4.9130735,-12.343174,alpha,11,alpha,alpha,human2
human2_lib2.final_cell_0330-1,12.350713,-16.258785,alpha,11,alpha,alpha,human2
human2_lib2.final_cell_0331-1,-21.925777,-13.338248,activated_stellate,10,activated_stellate,activated_stellate,human2
human2_lib2.final_cell_0332-1,33.069206,59.525684,beta,12,beta,beta,human2
human2_lib2.final_cell_0333-1,-3.197153,-19.46889,alpha,11,alpha,alpha,human2
human2_lib2.final_cell_0334-1,45.50517,71.26695,beta,12,beta,beta,human2
human2_lib2.final_cell_0335-1,-6.0496116,25.076271,delta,8,delta,delta,human2
human2_lib2.final_cell_0336-1,56.42772,45.257946,beta,15,epsilon,quiescent_stellate,human2
human2_lib2.final_cell_0337-1,2.9272778,-12.548529,alpha,11,alpha,alpha,human2
human2_lib2.final_cell_0338-1,29.508493,-3.690442,beta,12,beta,beta,human2
human2_lib2.final_cell_0339-1,-41.269608,-72.41777,gamma,7,gamma,gamma,human2
human2_lib2.final_cell_0340-1,11.889403,-1.8167843,alpha,11,alpha,alpha,human2
human2_lib2.final_cell_0341-1,-6.5126405,-17.945963,alpha,11,alpha,alpha,human2
human2_lib2.final_cell_0342-1,5.3287225,-16.8387,alpha,11,alpha,alpha,human2
human2_lib2.final_cell_0343-1,43.481625,71.173325,beta,12,beta,beta,human2
human2_lib2.final_cell_0344-1,43.92134,26.056295,beta,12,beta,beta,human2
human2_lib2.final_cell_0345-1,32.697075,16.472214,beta,12,beta,beta,human2
human2_lib2.final_cell_0346-1,-22.645565,-10.9253845,activated_stellate,10,activated_stellate,activated_stellate,human2
human2_lib2.final_cell_0347-1,-57.927055,22.218115,endothelial,0,endothelial,endothelial,human2
human2_lib2.final_cell_0348-1,-90.54979,10.956245,macrophage,6,macrophage,macrophage,human2
human2_lib2.final_cell_0349-1,8.221487,-1.3444875,alpha,11,alpha,alpha,human2
human2_lib2.final_cell_0350-1,2.7655544,-15.545783,alpha,11,alpha,alpha,human2
human2_lib2.final_cell_0351-1,-38.771324,-67.03266,gamma,7,gamma,gamma,human2
human2_lib2.final_cell_0352-1,1.0941455,-11.290305,alpha,11,alpha,alpha,human2
human2_lib2.final_cell_0353-1,-62.277794,21.678328,endothelial,0,endothelial,endothelial,human2
human2_lib2.final_cell_0354-1,-2.503425,-20.669785,alpha,11,alpha,alpha,human2
human2_lib2.final_cell_0355-1,2.181104,-16.462704,alpha,11,alpha,alpha,human2
human2_lib2.final_cell_0356-1,2.14201,-7.58218,alpha,11,alpha,alpha,human2
human2_lib2.final_cell_0357-1,34.63888,50.72821,beta,12,beta,beta,human2
human2_lib2.final_cell_0358-1,-30.956043,23.953178,quiescent_stellate,13,quiescent_stellate,quiescent_stellate,human2
human2_lib2.final_cell_0359-1,43.869133,-10.70771,beta,12,beta,beta,human2
human2_lib2.final_cell_0360-1,-0.77547425,-34.080406,alpha,11,alpha,alpha,human2
human2_lib2.final_cell_0361-1,-71.476234,-11.584984,ductal,3,ductal,ductal,human2
human2_lib2.final_cell_0362-1,-51.883995,0.73295194,ductal,3,ductal,ductal,human2
human2_lib2.final_cell_0363-1,4.8842173,-5.4830914,alpha,11,alpha,alpha,human2
human2_lib2.final_cell_0364-1,-25.014423,-45.412743,alpha,11,alpha,alpha,human2
human2_lib2.final_cell_0365-1,-62.11231,-19.843744,ductal,3,ductal,ductal,human2
human2_lib2.final_cell_0366-1,42.632496,59.998466,beta,12,beta,beta,human2
human2_lib2.final_cell_0367-1,5.191614,-4.513316,alpha,11,alpha,alpha,human2
human2_lib2.final_cell_0368-1,1.8172438,-11.473176,alpha,11,alpha,alpha,human2
human2_lib2.final_cell_0369-1,-82.256,-15.425409,ductal,3,ductal,ductal,human2
human2_lib2.final_cell_0370-1,45.38687,47.420364,beta,12,beta,beta,human2
human2_lib2.final_cell_0371-1,-55.172527,24.498129,endothelial,0,endothelial,endothelial,human2
human2_lib2.final_cell_0372-1,2.9094498,-3.257538,alpha,11,alpha,alpha,human2
human2_lib2.final_cell_0373-1,7.2677903,-6.07405,alpha,11,alpha,alpha,human2
human2_lib2.final_cell_0374-1,-3.4372988,-7.7185845,alpha,11,alpha,alpha,human2
human2_lib2.final_cell_0375-1,-18.884327,-11.1220045,activated_stellate,10,activated_stellate,activated_stellate,human2
human2_lib2.final_cell_0376-1,61.774593,-11.842658,ductal,15,epsilon,quiescent_stellate,human2
human2_lib2.final_cell_0377-1,2.3987122,-16.623014,alpha,11,alpha,alpha,human2
human2_lib2.final_cell_0378-1,-45.65824,-60.938953,gamma,7,gamma,gamma,human2
human2_lib2.final_cell_0379-1,3.472417,-5.1180825,alpha,11,alpha,alpha,human2
human2_lib2.final_cell_0380-1,11.152931,-8.7365,alpha,11,alpha,alpha,human2
human2_lib2.final_cell_0381-1,-72.643845,-19.507877,ductal,3,ductal,ductal,human2
human2_lib2.final_cell_0382-1,-26.293427,25.304552,quiescent_stellate,14,Unmatched_14,quiescent_stellate,human2
human2_lib2.final_cell_0383-1,-44.905983,60.384308,ductal,1,acinar,acinar,human2
human2_lib2.final_cell_0384-1,-44.30136,54.4943,ductal,1,acinar,acinar,human2
human2_lib2.final_cell_0385-1,6.6990657,-6.356566,alpha,11,alpha,alpha,human2
human2_lib2.final_cell_0386-1,-20.002918,-12.198465,activated_stellate,10,activated_stellate,activated_stellate,human2
human2_lib2.final_cell_0387-1,-41.256943,-71.923035,gamma,7,gamma,gamma,human2
human2_lib2.final_cell_0388-1,-70.863434,-19.011398,ductal,3,ductal,ductal,human2
human2_lib2.final_cell_0389-1,-50.58552,28.217974,endothelial,0,endothelial,endothelial,human2
human2_lib2.final_cell_0390-1,0.7979397,-28.595644,alpha,11,alpha,alpha,human2
human2_lib2.final_cell_0391-1,-44.676212,55.008595,ductal,1,acinar,acinar,human2
human2_lib2.final_cell_0392-1,32.636612,38.990463,beta,12,beta,beta,human2
human2_lib2.final_cell_0393-1,-79.93658,-14.236,ductal,3,ductal,ductal,human2
human2_lib2.final_cell_0394-1,-90.1388,12.537964,macrophage,6,macrophage,macrophage,human2
human2_lib2.final_cell_0395-1,8.89464,-22.21839,alpha,11,alpha,alpha,human2
human2_lib2.final_cell_0396-1,-4.592099,-11.868474,alpha,11,alpha,alpha,human2
human2_lib2.final_cell_0397-1,33.064472,4.051088,beta,12,beta,beta,human2
human2_lib2.final_cell_0398-1,33.401806,18.704432,beta,12,beta,beta,human2
human2_lib2.final_cell_0399-1,35.818356,46.820866,beta,12,beta,beta,human2
human2_lib2.final_cell_0400-1,-6.070927,-25.467945,alpha,11,alpha,alpha,human2
human2_lib2.final_cell_0401-1,-23.61219,-10.14147,activated_stellate,10,activated_stellate,activated_stellate,human2
human2_lib2.final_cell_0402-1,8.254109,-23.826477,alpha,11,alpha,alpha,human2
human2_lib2.final_cell_0403-1,-42.96472,49.892178,ductal,1,acinar,acinar,human2
human2_lib2.final_cell_0404-1,10.566935,-2.410574,alpha,11,alpha,alpha,human2
human2_lib2.final_cell_0405-1,8.188004,-10.58879,alpha,11,alpha,alpha,human2
human2_lib2.final_cell_0406-1,4.291373,-11.5662,alpha,11,alpha,alpha,human2
human2_lib2.final_cell_0407-1,11.105867,-18.462646,alpha,11,alpha,alpha,human2
human2_lib2.final_cell_0408-1,-36.61913,-71.276955,gamma,7,gamma,gamma,human2
human2_lib2.final_cell_0409-1,34.954224,36.01463,beta,12,beta,beta,human2
human2_lib2.final_cell_0410-1,-71.31665,-11.451465,ductal,3,ductal,ductal,human2
human2_lib2.final_cell_0411-1,38.521507,36.21143,beta,12,beta,beta,human2
human2_lib2.final_cell_0412-1,2.1549141,-31.952974,alpha,11,alpha,alpha,human2
human2_lib2.final_cell_0413-1,42.14601,28.730787,beta,12,beta,beta,human2
human2_lib2.final_cell_0414-1,-3.527918,-35.872322,alpha,11,alpha,alpha,human2
human2_lib2.final_cell_0415-1,-3.9592912,-20.684713,alpha,11,alpha,alpha,human2
human2_lib2.final_cell_0416-1,32.27492,6.3367333,beta,12,beta,beta,human2
human2_lib2.final_cell_0417-1,-2.4613895,-37.090614,alpha,11,alpha,alpha,human2
human2_lib2.final_cell_0418-1,10.632713,-18.6037,alpha,11,alpha,alpha,human2
human2_lib2.final_cell_0419-1,-38.064274,-72.74341,gamma,7,gamma,gamma,human2
human2_lib2.final_cell_0420-1,-65.914055,-20.32186,ductal,3,ductal,ductal,human2
human2_lib2.final_cell_0421-1,37.387745,21.415998,beta,12,beta,beta,human2
human2_lib2.final_cell_0422-1,7.73106,-10.623016,alpha,11,alpha,alpha,human2
human2_lib2.final_cell_0423-1,-1.4050039,-29.9065,alpha,11,alpha,alpha,human2
human2_lib2.final_cell_0424-1,-1.2939286,-47.45784,alpha,11,alpha,alpha,human2
human2_lib2.final_cell_0425-1,2.857503,-10.9700365,alpha,11,alpha,alpha,human2
human2_lib2.final_cell_0426-1,-41.5581,-63.60787,gamma,7,gamma,gamma,human2
human2_lib2.final_cell_0427-1,4.0968714,24.06448,delta,8,delta,delta,human2
human2_lib2.final_cell_0428-1,10.093285,-2.104556,alpha,11,alpha,alpha,human2
human2_lib2.final_cell_0429-1,-23.635218,-12.15457,activated_stellate,10,activated_stellate,activated_stellate,human2
human2_lib2.final_cell_0430-1,-89.60241,13.8321295,macrophage,6,macrophage,macrophage,human2
human2_lib2.final_cell_0431-1,30.46973,19.736366,beta,12,beta,beta,human2
human2_lib2.final_cell_0432-1,33.59838,32.586468,beta,12,beta,beta,human2
human2_lib2.final_cell_0433-1,-3.5147793,-7.9802036,alpha,11,alpha,alpha,human2
human2_lib2.final_cell_0434-1,0.5084578,7.8156586,gamma,8,delta,delta,human2
human2_lib2.final_cell_0435-1,33.507298,11.490485,beta,12,beta,beta,human2
human2_lib2.final_cell_0436-1,11.507429,-15.583741,alpha,11,alpha,alpha,human2
human2_lib2.final_cell_0437-1,1.5574058,-26.420195,alpha,11,alpha,alpha,human2
human2_lib2.final_cell_0438-1,-43.357635,59.97271,ductal,1,acinar,acinar,human2
human2_lib2.final_cell_0439-1,31.63731,5.7234535,beta,12,beta,beta,human2
human2_lib2.final_cell_0440-1,44.32735,25.89791,beta,12,beta,beta,human2
human2_lib2.final_cell_0441-1,1.844588,-20.820873,alpha,11,alpha,alpha,human2
human2_lib2.final_cell_0442-1,1.8743498,-16.410362,alpha,11,alpha,alpha,human2
human2_lib2.final_cell_0443-1,-46.281033,52.800926,ductal,1,acinar,acinar,human2
human2_lib2.final_cell_0444-1,-35.058544,-27.296453,alpha,11,alpha,alpha,human2
human2_lib2.final_cell_0445-1,8.998885,-0.6380541,alpha,11,alpha,alpha,human2
human2_lib2.final_cell_0446-1,2.7955,-11.123829,alpha,11,alpha,alpha,human2
human2_lib2.final_cell_0447-1,11.721555,-13.598946,alpha,11,alpha,alpha,human2
human2_lib2.final_cell_0448-1,-20.92543,-12.5035515,activated_stellate,10,activated_stellate,activated_stellate,human2
human2_lib2.final_cell_0449-1,-2.7201357,-20.70659,alpha,11,alpha,alpha,human2
human2_lib2.final_cell_0450-1,12.895024,-12.227337,alpha,11,alpha,alpha,human2
human2_lib2.final_cell_0451-1,12.49525,-3.3298802,alpha,11,alpha,alpha,human2
human2_lib2.final_cell_0452-1,5.604435,-7.176027,alpha,11,alpha,alpha,human2
human2_lib2.final_cell_0453-1,-36.71805,-71.37736,gamma,7,gamma,gamma,human2
human2_lib2.final_cell_0454-1,33.21474,-6.9030485,beta,12,beta,beta,human2
human2_lib2.final_cell_0455-1,1.4736315,-33.08138,alpha,11,alpha,alpha,human2
human2_lib2.final_cell_0456-1,-4.4778523,-11.156127,alpha,11,alpha,alpha,human2
human2_lib2.final_cell_0457-1,9.063779,-1.0140228,alpha,11,alpha,alpha,human2
human2_lib2.final_cell_0458-1,38.88199,39.177155,beta,12,beta,beta,human2
human2_lib2.final_cell_0459-1,34.054707,7.562227,beta,12,beta,beta,human2
human2_lib2.final_cell_0460-1,6.6369877,-10.28308,alpha,11,alpha,alpha,human2
human2_lib2.final_cell_0461-1,-4.6794033,-9.571192,alpha,11,alpha,alpha,human2
human2_lib2.final_cell_0462-1,-26.270538,24.954557,quiescent_stellate,14,Unmatched_14,quiescent_stellate,human2
human2_lib2.final_cell_0463-1,-65.33488,-20.327175,ductal,3,ductal,ductal,human2
human2_lib2.final_cell_0464-1,12.333441,-8.738761,alpha,11,alpha,alpha,human2
human2_lib2.final_cell_0465-1,35.147934,56.36263,beta,12,beta,beta,human2
human2_lib2.final_cell_0466-1,11.211285,-15.279424,alpha,11,alpha,alpha,human2
human2_lib2.final_cell_0467-1,41.6177,-12.558321,beta,12,beta,beta,human2
human2_lib2.final_cell_0468-1,-79.031654,-18.05051,ductal,3,ductal,ductal,human2
human2_lib2.final_cell_0469-1,36.789673,-6.9581532,beta,12,beta,beta,human2
human2_lib2.final_cell_0470-1,-5.5427833,-10.516862,alpha,11,alpha,alpha,human2
human2_lib2.final_cell_0471-1,2.873684,-16.754107,alpha,11,alpha,alpha,human2
human2_lib2.final_cell_0472-1,-39.73725,-68.48518,gamma,7,gamma,gamma,human2
human2_lib2.final_cell_0473-1,3.8625245,-12.961948,alpha,11,alpha,alpha,human2
human2_lib2.final_cell_0474-1,15.676245,-51.909523,alpha,11,alpha,alpha,human2
human2_lib2.final_cell_0475-1,26.705528,10.328113,beta,12,beta,beta,human2
human2_lib2.final_cell_0476-1,-20.016504,-11.204508,activated_stellate,10,activated_stellate,activated_stellate,human2
human2_lib2.final_cell_0477-1,0.73549616,-20.826637,alpha,11,alpha,alpha,human2
human2_lib2.final_cell_0478-1,-61.56465,21.590109,endothelial,0,endothelial,endothelial,human2
human2_lib2.final_cell_0479-1,1.4057509,-5.858201,alpha,11,alpha,alpha,human2
human2_lib2.final_cell_0480-1,-2.7344372,-7.958886,alpha,11,alpha,alpha,human2
human2_lib2.final_cell_0481-1,6.478414,-15.818962,alpha,11,alpha,alpha,human2
human2_lib2.final_cell_0482-1,2.4666314,-32.589302,alpha,11,alpha,alpha,human2
human2_lib2.final_cell_0483-1,34.819427,55.545177,beta,12,beta,beta,human2
human2_lib2.final_cell_0484-1,-2.0868657,-35.862213,alpha,11,alpha,alpha,human2
human2_lib2.final_cell_0485-1,58.235878,-11.81683,beta,12,beta,beta,human2
human2_lib2.final_cell_0486-1,9.34966,-21.0642,alpha,11,alpha,alpha,human2
human2_lib2.final_cell_0487-1,2.0050106,-27.82817,alpha,11,alpha,alpha,human2
human2_lib2.final_cell_0488-1,-42.063946,-63.6969,gamma,7,gamma,gamma,human2
human2_lib2.final_cell_0489-1,2.1851425,-32.138847,alpha,11,alpha,alpha,human2
human2_lib2.final_cell_0490-1,-7.424474,-15.7688675,alpha,11,alpha,alpha,human2
human2_lib2.final_cell_0491-1,8.552246,-14.576107,alpha,11,alpha,alpha,human2
human2_lib2.final_cell_0492-1,12.516003,-9.580223,alpha,11,alpha,alpha,human2
human2_lib2.final_cell_0493-1,14.082839,-7.556393,alpha,11,alpha,alpha,human2
human2_lib2.final_cell_0494-1,10.057,-9.016139,alpha,11,alpha,alpha,human2
human2_lib2.final_cell_0495-1,3.0786376,-7.89631,alpha,11,alpha,alpha,human2
human2_lib2.final_cell_0496-1,33.166443,-6.860138,beta,12,beta,beta,human2
human2_lib2.final_cell_0497-1,-4.188098,-11.7808895,alpha,11,alpha,alpha,human2
human2_lib2.final_cell_0498-1,6.4511724,-15.988255,alpha,11,alpha,alpha,human2
human2_lib2.final_cell_0499-1,-79.34575,-18.095348,ductal,3,ductal,ductal,human2
human2_lib2.final_cell_0500-1,-23.807556,-8.613288,activated_stellate,10,activated_stellate,activated_stellate,human2
human2_lib2.final_cell_0501-1,-53.516594,2.5572956,ductal,3,ductal,ductal,human2
human2_lib2.final_cell_0502-1,-5.9828873,-12.271609,alpha,11,alpha,alpha,human2
human2_lib2.final_cell_0503-1,14.06151,-7.5522494,alpha,11,alpha,alpha,human2
human2_lib2.final_cell_0504-1,45.367886,-39.807358,mast,4,mast,mast,human2
human2_lib2.final_cell_0505-1,6.645373,-15.143517,alpha,11,alpha,alpha,human2
human2_lib2.final_cell_0506-1,2.6234684,-27.948473,alpha,11,alpha,alpha,human2
human2_lib2.final_cell_0507-1,31.219957,52.985767,beta,12,beta,beta,human2
human2_lib2.final_cell_0508-1,45.737675,-0.74119073,beta,12,beta,beta,human2
human2_lib2.final_cell_0509-1,30.0038,45.585777,beta,12,beta,beta,human2
human2_lib2.final_cell_0510-1,-63.882885,-18.839378,ductal,3,ductal,ductal,human2
human2_lib2.final_cell_0511-1,35.9084,-1.9919188,beta,12,beta,beta,human2
human2_lib2.final_cell_0512-1,-1.6320642,-40.546898,alpha,11,alpha,alpha,human2
human2_lib2.final_cell_0513-1,33.556854,26.313719,beta,12,beta,beta,human2
human2_lib2.final_cell_0514-1,-71.22677,-0.8480336,ductal,3,ductal,ductal,human2
human2_lib2.final_cell_0515-1,-5.720842,-11.87723,alpha,11,alpha,alpha,human2
human2_lib2.final_cell_0516-1,-26.679832,7.960018,schwann,9,schwann,schwann,human2
human2_lib2.final_cell_0517-1,10.428418,-19.237347,alpha,11,alpha,alpha,human2
human2_lib2.final_cell_0518-1,-3.8513281,-8.757133,alpha,11,alpha,alpha,human2
human2_lib2.final_cell_0519-1,33.139557,24.396448,beta,12,beta,beta,human2
human2_lib2.final_cell_0520-1,-36.110836,-65.47179,gamma,7,gamma,gamma,human2
human2_lib2.final_cell_0521-1,42.21639,-14.396161,beta,12,beta,beta,human2
human2_lib2.final_cell_0522-1,-74.664894,-13.715303,ductal,3,ductal,ductal,human2
human2_lib2.final_cell_0523-1,-66.47262,-21.421581,ductal,3,ductal,ductal,human2
human2_lib2.final_cell_0524-1,3.5109515,-3.9742486,alpha,11,alpha,alpha,human2
human2_lib2.final_cell_0525-1,-41.617188,-72.734215,gamma,7,gamma,gamma,human2
human2_lib2.final_cell_0526-1,44.747414,-39.047028,mast,4,mast,mast,human2
human2_lib2.final_cell_0527-1,-41.222374,-65.03638,gamma,7,gamma,gamma,human2
human2_lib2.final_cell_0528-1,44.901566,-39.717922,mast,4,mast,mast,human2
human2_lib2.final_cell_0529-1,5.3560486,-21.830994,alpha,11,alpha,alpha,human2
human2_lib2.final_cell_0530-1,-73.011345,-6.0678716,ductal,3,ductal,ductal,human2
human2_lib2.final_cell_0531-1,-46.077858,-65.32373,gamma,7,gamma,gamma,human2
human2_lib2.final_cell_0532-1,12.523421,-6.1926694,alpha,11,alpha,alpha,human2
human2_lib2.final_cell_0533-1,9.882352,-20.245575,alpha,11,alpha,alpha,human2
human2_lib2.final_cell_0534-1,1.8483865,-27.930721,alpha,11,alpha,alpha,human2
human2_lib2.final_cell_0535-1,11.735765,-11.737579,alpha,11,alpha,alpha,human2
human2_lib2.final_cell_0536-1,-57.141697,6.038763,ductal,3,ductal,ductal,human2
human2_lib2.final_cell_0537-1,-3.558923,-7.3023186,alpha,11,alpha,alpha,human2
human2_lib2.final_cell_0538-1,7.3371916,-22.015566,alpha,11,alpha,alpha,human2
human2_lib2.final_cell_0539-1,12.917078,-5.1466393,alpha,11,alpha,alpha,human2
human2_lib2.final_cell_0540-1,45.05765,-39.237022,mast,4,mast,mast,human2
human2_lib2.final_cell_0541-1,10.484687,-20.747093,alpha,11,alpha,alpha,human2
human2_lib2.final_cell_0542-1,-2.0267982,-17.781597,alpha,11,alpha,alpha,human2
human2_lib2.final_cell_0543-1,-26.599995,24.624077,quiescent_stellate,14,Unmatched_14,quiescent_stellate,human2
human2_lib2.final_cell_0544-1,40.132572,44.706406,beta,12,beta,beta,human2
human2_lib2.final_cell_0545-1,11.304874,-2.1395035,alpha,11,alpha,alpha,human2
human2_lib2.final_cell_0546-1,56.037758,-14.195754,beta,12,beta,beta,human2
human2_lib2.final_cell_0547-1,-1.820455,-41.39657,alpha,11,alpha,alpha,human2
human2_lib2.final_cell_0548-1,0.84409344,-43.781597,alpha,11,alpha,alpha,human2
human2_lib2.final_cell_0549-1,-38.5932,-66.62568,gamma,7,gamma,gamma,human2
human2_lib2.final_cell_0550-1,-35.69858,-69.497475,gamma,7,gamma,gamma,human2
human2_lib2.final_cell_0551-1,-59.80238,2.220126,ductal,3,ductal,ductal,human2
human2_lib2.final_cell_0552-1,13.2736845,-47.448986,alpha,11,alpha,alpha,human2
human2_lib2.final_cell_0553-1,-20.149815,-11.052552,activated_stellate,10,activated_stellate,activated_stellate,human2
human2_lib2.final_cell_0554-1,-2.8993003,-20.416113,alpha,11,alpha,alpha,human2
human2_lib2.final_cell_0555-1,-73.99701,-16.700897,ductal,3,ductal,ductal,human2
human2_lib2.final_cell_0556-1,-1.0672308,11.90301,delta,8,delta,delta,human2
human2_lib2.final_cell_0557-1,4.052562,-30.738554,alpha,11,alpha,alpha,human2
human2_lib2.final_cell_0558-1,11.624311,-2.807911,alpha,11,alpha,alpha,human2
human2_lib2.final_cell_0559-1,-19.892467,-9.877434,activated_stellate,15,epsilon,quiescent_stellate,human2
human2_lib2.final_cell_0560-1,37.68938,-10.501746,beta,12,beta,beta,human2
human2_lib2.final_cell_0561-1,-5.96926,-23.672451,alpha,11,alpha,alpha,human2
human2_lib2.final_cell_0562-1,-31.86825,19.063059,quiescent_stellate,13,quiescent_stellate,quiescent_stellate,human2
human2_lib2.final_cell_0563-1,-76.621994,-9.7244835,ductal,3,ductal,ductal,human2
human2_lib2.final_cell_0564-1,12.167641,-19.012192,alpha,11,alpha,alpha,human2
human2_lib2.final_cell_0565-1,-26.57045,24.342382,quiescent_stellate,15,epsilon,quiescent_stellate,human2
human2_lib2.final_cell_0566-1,-43.47411,51.04915,ductal,1,acinar,acinar,human2
human2_lib2.final_cell_0567-1,8.313792,-6.099988,alpha,11,alpha,alpha,human2
human2_lib2.final_cell_0568-1,-19.780703,-8.825824,activated_stellate,15,epsilon,quiescent_stellate,human2
human2_lib2.final_cell_0569-1,28.949465,9.654346,beta,12,beta,beta,human2
human2_lib2.final_cell_0570-1,35.59477,28.801405,beta,12,beta,beta,human2
human2_lib2.final_cell_0571-1,-26.223564,-0.23324245,activated_stellate,10,activated_stellate,activated_stellate,human2
human2_lib2.final_cell_0572-1,-4.06659,-39.48624,alpha,11,alpha,alpha,human2
human2_lib2.final_cell_0573-1,9.63564,-7.409237,alpha,11,alpha,alpha,human2
human2_lib2.final_cell_0574-1,-56.764534,3.8877778,ductal,3,ductal,ductal,human2
human2_lib2.final_cell_0575-1,47.52958,59.512676,beta,12,beta,beta,human2
human2_lib2.final_cell_0576-1,42.308304,64.78903,beta,12,beta,beta,human2
human2_lib2.final_cell_0577-1,9.920315,-24.37263,alpha,11,alpha,alpha,human2
human2_lib2.final_cell_0578-1,-26.702099,8.003071,schwann,9,schwann,schwann,human2
human2_lib2.final_cell_0579-1,-43.87456,-68.71353,gamma,7,gamma,gamma,human2
human2_lib2.final_cell_0580-1,-54.811897,1.987825,ductal,3,ductal,ductal,human2
human2_lib2.final_cell_0581-1,3.0257823,-46.42936,alpha,11,alpha,alpha,human2
human2_lib2.final_cell_0582-1,-88.021805,17.555752,t_cell,5,t_cell,t_cell,human2
human2_lib2.final_cell_0583-1,-26.71202,8.014506,schwann,9,schwann,schwann,human2
human2_lib2.final_cell_0584-1,36.51322,-2.895248,beta,12,beta,beta,human2
human2_lib2.final_cell_0585-1,0.5564858,7.733744,gamma,8,delta,delta,human2
human2_lib2.final_cell_0586-1,36.537304,-7.288752,beta,12,beta,beta,human2
human2_lib2.final_cell_0587-1,31.21482,17.413765,beta,12,beta,beta,human2
human2_lib2.final_cell_0588-1,41.315372,47.35829,beta,12,beta,beta,human2
human2_lib2.final_cell_0589-1,44.807377,13.971443,beta,12,beta,beta,human2
human2_lib2.final_cell_0590-1,-87.85814,17.681562,t_cell,5,t_cell,t_cell,human2
human2_lib2.final_cell_0591-1,47.613514,-16.566069,beta,12,beta,beta,human2
human2_lib2.final_cell_0592-1,41.598324,58.10986,beta,12,beta,beta,human2
human2_lib2.final_cell_0593-1,11.816527,-16.100327,alpha,11,alpha,alpha,human2
human2_lib2.final_cell_0594-1,32.495213,32.709194,beta,12,beta,beta,human2
human2_lib2.final_cell_0595-1,9.798368,-25.719952,alpha,11,alpha,alpha,human2
human2_lib2.final_cell_0596-1,-81.357155,-12.038795,ductal,3,ductal,ductal,human2
human2_lib2.final_cell_0597-1,36.65961,44.56223,beta,12,beta,beta,human2
human2_lib2.final_cell_0598-1,-1.4991826,-38.85814,alpha,11,alpha,alpha,human2
human2_lib2.final_cell_0599-1,-44.761227,50.710644,ductal,1,acinar,acinar,human2
human2_lib2.final_cell_0600-1,45.730522,73.21476,alpha,12,beta,beta,human2
human2_lib3.final_cell_0001-1,36.076035,11.831544,beta,12,beta,beta,human2
human2_lib3.final_cell_0002-1,-6.8165402,30.906904,delta,8,delta,delta,human2
human2_lib3.final_cell_0003-1,0.27101105,32.821552,delta,8,delta,delta,human2
human2_lib3.final_cell_0004-1,33.312057,35.88089,beta,12,beta,beta,human2
human2_lib3.final_cell_0005-1,-30.110395,51.436893,ductal,1,acinar,acinar,human2
human2_lib3.final_cell_0006-1,-1.7243156,-37.492905,alpha,11,alpha,alpha,human2
human2_lib3.final_cell_0007-1,40.877514,27.424128,beta,12,beta,beta,human2
human2_lib3.final_cell_0008-1,-63.486126,4.0141826,ductal,3,ductal,ductal,human2
human2_lib3.final_cell_0009-1,2.0489378,-49.007034,alpha,11,alpha,alpha,human2
human2_lib3.final_cell_0010-1,-6.571744,26.619411,delta,8,delta,delta,human2
human2_lib3.final_cell_0011-1,-44.412495,51.96857,ductal,1,acinar,acinar,human2
human2_lib3.final_cell_0012-1,-5.0053754,-12.4222145,alpha,11,alpha,alpha,human2
human2_lib3.final_cell_0013-1,-44.175507,55.931774,ductal,1,acinar,acinar,human2
human2_lib3.final_cell_0014-1,2.0080678,24.91894,delta,8,delta,delta,human2
human2_lib3.final_cell_0015-1,-64.40738,-21.356445,ductal,3,ductal,ductal,human2
human2_lib3.final_cell_0016-1,6.322883,-22.07376,alpha,11,alpha,alpha,human2
human2_lib3.final_cell_0017-1,-65.56369,-21.461906,ductal,3,ductal,ductal,human2
human2_lib3.final_cell_0018-1,-40.908432,59.60858,ductal,1,acinar,acinar,human2
human2_lib3.final_cell_0019-1,-6.4967494,24.971813,delta,8,delta,delta,human2
human2_lib3.final_cell_0020-1,-0.6503889,19.157993,delta,8,delta,delta,human2
human2_lib3.final_cell_0021-1,31.983952,-70.81314,alpha,11,alpha,alpha,human2
human2_lib3.final_cell_0022-1,31.14637,18.533005,beta,12,beta,beta,human2
human2_lib3.final_cell_0023-1,-4.7332554,27.755863,delta,8,delta,delta,human2
human2_lib3.final_cell_0024-1,-6.464196,16.977936,delta,8,delta,delta,human2
human2_lib3.final_cell_0025-1,37.099407,34.66883,beta,12,beta,beta,human2
human2_lib3.final_cell_0026-1,-0.47623187,18.338148,delta,8,delta,delta,human2
human2_lib3.final_cell_0027-1,-43.333614,53.833576,ductal,1,acinar,acinar,human2
human2_lib3.final_cell_0028-1,-41.12103,60.135735,ductal,1,acinar,acinar,human2
human2_lib3.final_cell_0029-1,-42.508,62.53471,ductal,1,acinar,acinar,human2
human2_lib3.final_cell_0030-1,-43.07479,53.61374,ductal,1,acinar,acinar,human2
human2_lib3.final_cell_0031-1,-13.603321,22.04037,delta,8,delta,delta,human2
human2_lib3.final_cell_0032-1,0.27345687,-34.76707,alpha,11,alpha,alpha,human2
human2_lib3.final_cell_0033-1,-8.609136,24.31046,delta,8,delta,delta,human2
human2_lib3.final_cell_0034-1,6.3020387,-21.704477,alpha,11,alpha,alpha,human2
human2_lib3.final_cell_0035-1,38.337254,20.440926,beta,12,beta,beta,human2
human2_lib3.final_cell_0036-1,-42.719658,53.538746,ductal,1,acinar,acinar,human2
human2_lib3.final_cell_0037-1,-4.229931,12.721918,epsilon,8,delta,delta,human2
human2_lib3.final_cell_0038-1,11.277708,-7.896395,alpha,11,alpha,alpha,human2
human2_lib3.final_cell_0039-1,7.080453,26.382385,delta,8,delta,delta,human2
human2_lib3.final_cell_0040-1,0.7723876,-43.84739,alpha,11,alpha,alpha,human2
human2_lib3.final_cell_0041-1,-12.381614,24.969944,delta,8,delta,delta,human2
human2_lib3.final_cell_0042-1,8.84301,-9.110754,alpha,11,alpha,alpha,human2
human2_lib3.final_cell_0043-1,-0.21896674,31.032742,delta,8,delta,delta,human2
human2_lib3.final_cell_0044-1,-21.98574,-13.307043,activated_stellate,10,activated_stellate,activated_stellate,human2
human2_lib3.final_cell_0045-1,-1.9146243,-54.112015,alpha,11,alpha,alpha,human2
human2_lib3.final_cell_0046-1,5.686343,-8.970194,alpha,11,alpha,alpha,human2
human2_lib3.final_cell_0047-1,-10.188036,23.534424,delta,8,delta,delta,human2
human2_lib3.final_cell_0048-1,-2.0136657,19.2056,delta,8,delta,delta,human2
human2_lib3.final_cell_0049-1,41.30229,-14.05894,beta,12,beta,beta,human2
human2_lib3.final_cell_0050-1,43.767075,45.911774,beta,12,beta,beta,human2
human2_lib3.final_cell_0051-1,9.080845,-16.935966,alpha,11,alpha,alpha,human2
human2_lib3.final_cell_0052-1,9.416419,-9.90456,alpha,11,alpha,alpha,human2
human2_lib3.final_cell_0053-1,41.02688,66.06698,beta,12,beta,beta,human2
human2_lib3.final_cell_0054-1,-7.09949,30.885887,delta,8,delta,delta,human2
human2_lib3.final_cell_0055-1,4.357404,-14.996403,alpha,11,alpha,alpha,human2
human2_lib3.final_cell_0056-1,-3.7767172,-12.680077,alpha,11,alpha,alpha,human2
human2_lib3.final_cell_0057-1,-19.793793,-8.483423,activated_stellate,15,epsilon,quiescent_stellate,human2
human2_lib3.final_cell_0058-1,-43.823723,61.91402,ductal,1,acinar,acinar,human2
human2_lib3.final_cell_0059-1,-3.2855072,-17.726063,alpha,11,alpha,alpha,human2
human2_lib3.final_cell_0060-1,39.69803,-8.536205,beta,12,beta,beta,human2
human2_lib3.final_cell_0061-1,3.023764,-6.7649674,alpha,11,alpha,alpha,human2
human2_lib3.final_cell_0062-1,-20.69392,-13.340042,activated_stellate,10,activated_stellate,activated_stellate,human2
human2_lib3.final_cell_0063-1,3.3735793,-4.0017037,alpha,11,alpha,alpha,human2
human2_lib3.final_cell_0064-1,-42.936142,53.67339,ductal,1,acinar,acinar,human2
human2_lib3.final_cell_0065-1,3.1661303,-5.8559,alpha,11,alpha,alpha,human2
human2_lib3.final_cell_0066-1,-42.71889,62.51285,acinar,1,acinar,acinar,human2
human2_lib3.final_cell_0067-1,7.2223997,-6.6400194,alpha,11,alpha,alpha,human2
human2_lib3.final_cell_0068-1,39.194714,27.316727,beta,12,beta,beta,human2
human2_lib3.final_cell_0069-1,4.0215483,18.525387,delta,8,delta,delta,human2
human2_lib3.final_cell_0070-1,-4.617052,-25.0929,alpha,11,alpha,alpha,human2
human2_lib3.final_cell_0071-1,-2.8994951,-21.289045,alpha,11,alpha,alpha,human2
human2_lib3.final_cell_0072-1,0.6401936,-34.310394,alpha,11,alpha,alpha,human2
human2_lib3.final_cell_0073-1,-6.255965,-25.286459,alpha,11,alpha,alpha,human2
human2_lib3.final_cell_0074-1,0.5816802,-29.099924,alpha,11,alpha,alpha,human2
human2_lib3.final_cell_0075-1,5.9162827,-21.483961,alpha,11,alpha,alpha,human2
human2_lib3.final_cell_0076-1,-91.63357,11.601449,macrophage,6,macrophage,macrophage,human2
human2_lib3.final_cell_0077-1,-92.32995,10.588292,macrophage,6,macrophage,macrophage,human2
human2_lib3.final_cell_0078-1,-70.936264,-19.105738,ductal,3,ductal,ductal,human2
human2_lib3.final_cell_0079-1,33.385693,38.391186,beta,12,beta,beta,human2
human2_lib3.final_cell_0080-1,-75.89987,-4.8734856,ductal,3,ductal,ductal,human2
human2_lib3.final_cell_0081-1,-45.648594,56.325512,ductal,1,acinar,acinar,human2
human2_lib3.final_cell_0082-1,-3.2305253,-8.0351305,alpha,11,alpha,alpha,human2
human2_lib3.final_cell_0083-1,6.289584,-14.532581,alpha,11,alpha,alpha,human2
human2_lib3.final_cell_0084-1,0.5676897,-43.898567,alpha,11,alpha,alpha,human2
human2_lib3.final_cell_0085-1,6.2759175,-13.956013,alpha,11,alpha,alpha,human2
human2_lib3.final_cell_0086-1,-44.483475,60.181595,ductal,1,acinar,acinar,human2
human2_lib3.final_cell_0087-1,-2.1634052,30.669714,delta,8,delta,delta,human2
human2_lib3.final_cell_0088-1,11.799202,24.99521,delta,8,delta,delta,human2
human2_lib3.final_cell_0089-1,33.033752,27.24561,beta,12,beta,beta,human2
human2_lib3.final_cell_0090-1,7.4144416,-15.586755,alpha,11,alpha,alpha,human2
human2_lib3.final_cell_0091-1,-44.83825,60.197105,ductal,1,acinar,acinar,human2
human2_lib3.final_cell_0092-1,-73.14368,-5.3482733,ductal,3,ductal,ductal,human2
human2_lib3.final_cell_0093-1,39.85584,58.212166,beta,12,beta,beta,human2
human2_lib3.final_cell_0094-1,10.252539,-20.053339,alpha,11,alpha,alpha,human2
human2_lib3.final_cell_0095-1,-0.23115428,19.575748,delta,8,delta,delta,human2
human2_lib3.final_cell_0096-1,40.256187,65.14391,beta,12,beta,beta,human2
human2_lib3.final_cell_0097-1,-26.019154,25.088928,quiescent_stellate,14,Unmatched_14,quiescent_stellate,human2
human2_lib3.final_cell_0098-1,7.2039676,29.656858,delta,8,delta,delta,human2
human2_lib3.final_cell_0099-1,-28.444977,17.2654,quiescent_stellate,15,epsilon,quiescent_stellate,human2
human2_lib3.final_cell_0100-1,-24.000683,-13.170771,activated_stellate,10,activated_stellate,activated_stellate,human2
human2_lib3.final_cell_0101-1,13.93921,-10.584262,alpha,11,alpha,alpha,human2
human2_lib3.final_cell_0102-1,-24.40262,-8.632216,activated_stellate,10,activated_stellate,activated_stellate,human2
human2_lib3.final_cell_0103-1,-41.54491,60.944817,ductal,1,acinar,acinar,human2
human2_lib3.final_cell_0104-1,1.4279531,-33.520588,alpha,11,alpha,alpha,human2
human2_lib3.final_cell_0105-1,7.2438393,-21.13524,alpha,11,alpha,alpha,human2
human2_lib3.final_cell_0106-1,42.04714,69.8705,beta,12,beta,beta,human2
human2_lib3.final_cell_0107-1,60.987247,-8.26534,beta,12,beta,beta,human2
human2_lib3.final_cell_0108-1,-22.326021,-14.095627,activated_stellate,10,activated_stellate,activated_stellate,human2
human2_lib3.final_cell_0109-1,32.766327,39.58802,beta,12,beta,beta,human2
human2_lib3.final_cell_0110-1,30.885647,12.586623,beta,12,beta,beta,human2
human2_lib3.final_cell_0111-1,-71.32329,-21.25391,ductal,3,ductal,ductal,human2
human2_lib3.final_cell_0112-1,-45.787457,52.847553,ductal,1,acinar,acinar,human2
human2_lib3.final_cell_0113-1,3.8138988,-3.2173038,alpha,11,alpha,alpha,human2
human2_lib3.final_cell_0114-1,-75.19701,-17.079111,ductal,3,ductal,ductal,human2
human2_lib3.final_cell_0115-1,-41.310066,61.159546,ductal,1,acinar,acinar,human2
human2_lib3.final_cell_0116-1,-1.976076,-41.667744,alpha,11,alpha,alpha,human2
human2_lib3.final_cell_0117-1,-19.36888,-12.706953,activated_stellate,15,epsilon,quiescent_stellate,human2
human2_lib3.final_cell_0118-1,-7.618652,-17.184574,alpha,11,alpha,alpha,human2
human2_lib3.final_cell_0119-1,-46.12784,53.000954,ductal,1,acinar,acinar,human2
human2_lib3.final_cell_0120-1,40.92564,42.89866,beta,12,beta,beta,human2
human2_lib3.final_cell_0121-1,30.639622,10.301343,beta,12,beta,beta,human2
human2_lib3.final_cell_0122-1,1.9522153,-5.9270678,alpha,11,alpha,alpha,human2
human2_lib3.final_cell_0123-1,0.19695371,31.002817,delta,8,delta,delta,human2
human2_lib3.final_cell_0124-1,-21.527475,-11.174298,activated_stellate,10,activated_stellate,activated_stellate,human2
human2_lib3.final_cell_0125-1,-82.17585,-3.9953344,ductal,3,ductal,ductal,human2
human2_lib3.final_cell_0126-1,35.09256,8.779281,beta,12,beta,beta,human2
human2_lib3.final_cell_0127-1,2.4482086,-13.367106,alpha,11,alpha,alpha,human2
human2_lib3.final_cell_0128-1,28.512356,-71.98841,alpha,11,alpha,alpha,human2
human2_lib3.final_cell_0129-1,6.3535824,-16.315302,alpha,11,alpha,alpha,human2
human2_lib3.final_cell_0130-1,12.604192,-48.424454,alpha,11,alpha,alpha,human2
human2_lib3.final_cell_0131-1,-27.392624,-6.804398,activated_stellate,10,activated_stellate,activated_stellate,human2
human2_lib3.final_cell_0132-1,31.693716,15.023691,beta,12,beta,beta,human2
human2_lib3.final_cell_0133-1,35.034172,60.6307,beta,12,beta,beta,human2
human2_lib3.final_cell_0134-1,30.603212,9.957173,beta,12,beta,beta,human2
human2_lib3.final_cell_0135-1,-36.1689,-31.515873,alpha,11,alpha,alpha,human2
human2_lib3.final_cell_0136-1,40.472122,25.122496,beta,12,beta,beta,human2
human2_lib3.final_cell_0137-1,-2.3870354,26.826794,delta,8,delta,delta,human2
human2_lib3.final_cell_0138-1,2.5120125,-28.902802,alpha,11,alpha,alpha,human2
human2_lib3.final_cell_0139-1,-1.699161,-17.095882,alpha,11,alpha,alpha,human2
human2_lib3.final_cell_0140-1,-3.078765,-7.9137735,alpha,11,alpha,alpha,human2
human2_lib3.final_cell_0141-1,41.778923,-0.8084567,beta,12,beta,beta,human2
human2_lib3.final_cell_0142-1,6.134815,-8.840385,alpha,11,alpha,alpha,human2
human2_lib3.final_cell_0143-1,1.4816518,-9.299449,alpha,11,alpha,alpha,human2
human2_lib3.final_cell_0144-1,-62.504303,-17.418583,ductal,3,ductal,ductal,human2
human2_lib3.final_cell_0145-1,33.92037,20.481548,beta,12,beta,beta,human2
human2_lib3.final_cell_0146-1,-1.4132366,-29.495068,alpha,11,alpha,alpha,human2
human2_lib3.final_cell_0147-1,-90.742325,13.172713,macrophage,6,macrophage,macrophage,human2
human2_lib3.final_cell_0148-1,-44.177654,54.320522,ductal,1,acinar,acinar,human2
human2_lib3.final_cell_0149-1,6.7760177,29.505896,delta,8,delta,delta,human2
human2_lib3.final_cell_0150-1,6.8016505,-16.039467,alpha,11,alpha,alpha,human2
human2_lib3.final_cell_0151-1,43.75265,59.287918,beta,12,beta,beta,human2
human2_lib3.final_cell_0152-1,13.804149,-10.73259,alpha,11,alpha,alpha,human2
human2_lib3.final_cell_0153-1,24.643095,-81.078995,alpha,11,alpha,alpha,human2
human2_lib3.final_cell_0154-1,12.906353,-15.00612,alpha,11,alpha,alpha,human2
human2_lib3.final_cell_0155-1,-21.104923,-13.730644,activated_stellate,10,activated_stellate,activated_stellate,human2
human2_lib3.final_cell_0156-1,-55.77554,1.8263936,ductal,3,ductal,ductal,human2
human2_lib3.final_cell_0157-1,1.7465316,-7.70095,alpha,11,alpha,alpha,human2
human2_lib3.final_cell_0158-1,-42.332043,60.094963,ductal,1,acinar,acinar,human2
human2_lib3.final_cell_0159-1,7.415798,25.890636,delta,8,delta,delta,human2
human2_lib3.final_cell_0160-1,36.175377,33.811596,beta,12,beta,beta,human2
human2_lib3.final_cell_0161-1,-4.932232,27.815632,delta,8,delta,delta,human2
human2_lib3.final_cell_0162-1,-43.551376,63.607502,ductal,1,acinar,acinar,human2
human2_lib3.final_cell_0163-1,-1.9754791,-17.282679,alpha,11,alpha,alpha,human2
human2_lib3.final_cell_0164-1,5.7805142,-16.509945,alpha,11,alpha,alpha,human2
human2_lib3.final_cell_0165-1,39.826656,51.16424,beta,12,beta,beta,human2
human2_lib3.final_cell_0166-1,-21.261232,-13.621149,activated_stellate,10,activated_stellate,activated_stellate,human2
human2_lib3.final_cell_0167-1,-45.198105,54.63467,ductal,1,acinar,acinar,human2
human2_lib3.final_cell_0168-1,-66.134926,5.3639383,ductal,3,ductal,ductal,human2
human2_lib3.final_cell_0169-1,-73.039345,-18.843851,ductal,3,ductal,ductal,human2
human2_lib3.final_cell_0170-1,-60.693863,3.7313862,ductal,3,ductal,ductal,human2
human2_lib3.final_cell_0171-1,2.3946462,-33.650448,alpha,11,alpha,alpha,human2
human2_lib3.final_cell_0172-1,-3.291344,25.31389,delta,8,delta,delta,human2
human2_lib3.final_cell_0173-1,-44.26789,53.510086,ductal,1,acinar,acinar,human2
human2_lib3.final_cell_0174-1,-5.187858,-25.11847,alpha,11,alpha,alpha,human2
human2_lib3.final_cell_0175-1,11.067571,-10.329542,alpha,11,alpha,alpha,human2
human2_lib3.final_cell_0176-1,-3.702207,-48.612545,alpha,11,alpha,alpha,human2
human2_lib3.final_cell_0177-1,8.684702,-13.057503,alpha,11,alpha,alpha,human2
human2_lib3.final_cell_0178-1,10.21455,-7.330363,alpha,11,alpha,alpha,human2
human2_lib3.final_cell_0179-1,33.495857,26.123154,beta,12,beta,beta,human2
human2_lib3.final_cell_0180-1,14.107699,-16.28888,alpha,11,alpha,alpha,human2
human2_lib3.final_cell_0181-1,5.5632167,-15.443069,alpha,11,alpha,alpha,human2
human2_lib3.final_cell_0182-1,-41.055153,-31.26707,alpha,11,alpha,alpha,human2
human2_lib3.final_cell_0183-1,-23.763613,-13.773005,activated_stellate,10,activated_stellate,activated_stellate,human2
human2_lib3.final_cell_0184-1,3.4947543,-30.391102,alpha,11,alpha,alpha,human2
human2_lib3.final_cell_0185-1,33.013206,32.14379,beta,12,beta,beta,human2
human2_lib3.final_cell_0186-1,10.118422,-4.946888,alpha,11,alpha,alpha,human2
human2_lib3.final_cell_0187-1,-80.99745,-20.16054,ductal,3,ductal,ductal,human2
human2_lib3.final_cell_0188-1,7.08032,-22.056137,alpha,11,alpha,alpha,human2
human2_lib3.final_cell_0189-1,1.6265965,-9.630352,alpha,11,alpha,alpha,human2
human2_lib3.final_cell_0190-1,10.488982,-2.6022189,alpha,11,alpha,alpha,human2
human2_lib3.final_cell_0191-1,-43.08941,63.345566,ductal,1,acinar,acinar,human2
human2_lib3.final_cell_0192-1,-27.423306,-31.637064,alpha,11,alpha,alpha,human2
human2_lib3.final_cell_0193-1,0.29706496,-46.31732,alpha,11,alpha,alpha,human2
human2_lib3.final_cell_0194-1,-38.338493,59.277603,acinar,1,acinar,acinar,human2
human2_lib3.final_cell_0195-1,40.027523,27.047527,beta,12,beta,beta,human2
human2_lib3.final_cell_0196-1,-44.95134,59.805367,ductal,1,acinar,acinar,human2
human2_lib3.final_cell_0197-1,33.45102,35.626995,beta,12,beta,beta,human2
human2_lib3.final_cell_0198-1,-64.015305,-13.183457,ductal,3,ductal,ductal,human2
human2_lib3.final_cell_0199-1,12.364882,-2.7427096,alpha,11,alpha,alpha,human2
human2_lib3.final_cell_0200-1,38.376396,29.576796,beta,12,beta,beta,human2
human2_lib3.final_cell_0201-1,9.735184,-6.267771,alpha,11,alpha,alpha,human2
human2_lib3.final_cell_0202-1,-5.7462845,24.522367,delta,8,delta,delta,human2
human2_lib3.final_cell_0203-1,-0.8482606,-35.48348,alpha,11,alpha,alpha,human2
human2_lib3.final_cell_0204-1,-75.24087,43.726246,ductal,2,Unmatched_2,ductal,human2
human2_lib3.final_cell_0205-1,0.95755446,-48.919582,alpha,11,alpha,alpha,human2
human2_lib3.final_cell_0206-1,6.294364,-11.915878,alpha,11,alpha,alpha,human2
human2_lib3.final_cell_0207-1,-1.8001128,-41.226692,alpha,11,alpha,alpha,human2
human2_lib3.final_cell_0208-1,-60.437275,21.449764,endothelial,0,endothelial,endothelial,human2
human2_lib3.final_cell_0209-1,-44.72295,55.741756,ductal,1,acinar,acinar,human2
human2_lib3.final_cell_0210-1,2.3487177,31.976408,delta,8,delta,delta,human2
human2_lib3.final_cell_0211-1,42.726307,39.102413,beta,12,beta,beta,human2
human2_lib3.final_cell_0212-1,9.082868,-22.576538,alpha,11,alpha,alpha,human2
human2_lib3.final_cell_0213-1,-3.644611,-21.73949,alpha,11,alpha,alpha,human2
human2_lib3.final_cell_0214-1,8.719382,-7.7226353,alpha,11,alpha,alpha,human2
human2_lib3.final_cell_0215-1,30.880163,-0.9012189,beta,12,beta,beta,human2
human2_lib3.final_cell_0216-1,14.229754,-16.836287,alpha,11,alpha,alpha,human2
human2_lib3.final_cell_0217-1,-80.470276,-3.8254297,ductal,3,ductal,ductal,human2
human2_lib3.final_cell_0218-1,0.27439705,-44.766064,alpha,11,alpha,alpha,human2
human2_lib3.final_cell_0219-1,7.846433,-23.823744,alpha,11,alpha,alpha,human2
human2_lib3.final_cell_0220-1,27.137468,11.310425,beta,12,beta,beta,human2
human2_lib3.final_cell_0221-1,7.919085,-12.469755,alpha,11,alpha,alpha,human2
human2_lib3.final_cell_0222-1,-2.533101,-35.7104,alpha,11,alpha,alpha,human2
human2_lib3.final_cell_0223-1,7.7761526,28.89114,delta,8,delta,delta,human2
human2_lib3.final_cell_0224-1,13.774255,-16.296242,alpha,11,alpha,alpha,human2
human2_lib3.final_cell_0225-1,-1.2676219,-42.88235,alpha,11,alpha,alpha,human2
human2_lib3.final_cell_0226-1,-0.26549962,19.619932,delta,8,delta,delta,human2
human2_lib3.final_cell_0227-1,-23.48461,-11.964611,activated_stellate,10,activated_stellate,activated_stellate,human2
human2_lib3.final_cell_0228-1,6.714178,-10.926126,alpha,11,alpha,alpha,human2
human2_lib3.final_cell_0229-1,-83.84116,-18.92252,ductal,3,ductal,ductal,human2
human2_lib3.final_cell_0230-1,-26.313932,25.498917,quiescent_stellate,14,Unmatched_14,quiescent_stellate,human2
human2_lib3.final_cell_0231-1,-4.165224,-8.820594,alpha,11,alpha,alpha,human2
human2_lib3.final_cell_0232-1,8.151712,-17.177113,alpha,11,alpha,alpha,human2
human2_lib3.final_cell_0233-1,-59.553387,3.6480353,ductal,3,ductal,ductal,human2
human2_lib3.final_cell_0234-1,40.076935,67.47685,beta,12,beta,beta,human2
human2_lib3.final_cell_0235-1,32.88774,39.619198,beta,12,beta,beta,human2
human2_lib3.final_cell_0236-1,-2.6591642,-17.53195,alpha,11,alpha,alpha,human2
human2_lib3.final_cell_0237-1,-73.58143,-16.486813,ductal,3,ductal,ductal,human2
human2_lib3.final_cell_0238-1,-79.032135,-6.1331973,ductal,3,ductal,ductal,human2
human2_lib3.final_cell_0239-1,-39.52284,-63.039455,gamma,7,gamma,gamma,human2
human2_lib3.final_cell_0240-1,-24.655153,-12.504754,activated_stellate,10,activated_stellate,activated_stellate,human2
human2_lib3.final_cell_0241-1,9.105616,-2.811032,alpha,11,alpha,alpha,human2
human2_lib3.final_cell_0242-1,5.3978662,-6.822206,alpha,11,alpha,alpha,human2
human2_lib3.final_cell_0243-1,7.3650637,28.872078,delta,8,delta,delta,human2
human2_lib3.final_cell_0244-1,33.10557,36.135406,beta,12,beta,beta,human2
human2_lib3.final_cell_0245-1,2.2697477,-15.750316,alpha,11,alpha,alpha,human2
human2_lib3.final_cell_0246-1,47.231426,46.24438,beta,12,beta,beta,human2
human2_lib3.final_cell_0247-1,-21.569868,-12.411621,activated_stellate,10,activated_stellate,activated_stellate,human2
human2_lib3.final_cell_0248-1,43.469612,44.557175,beta,12,beta,beta,human2
human2_lib3.final_cell_0249-1,7.7520885,26.83229,delta,8,delta,delta,human2
human2_lib3.final_cell_0250-1,-3.781819,23.988708,delta,8,delta,delta,human2
human2_lib3.final_cell_0251-1,-25.869648,24.965147,quiescent_stellate,15,epsilon,quiescent_stellate,human2
human2_lib3.final_cell_0252-1,5.1895113,23.232435,delta,8,delta,delta,human2
human2_lib3.final_cell_0253-1,36.673317,42.695713,beta,12,beta,beta,human2
human2_lib3.final_cell_0254-1,-83.72814,-18.188929,ductal,3,ductal,ductal,human2
human2_lib3.final_cell_0255-1,1.5705557,-6.1080227,alpha,11,alpha,alpha,human2
human2_lib3.final_cell_0256-1,44.312542,60.684956,beta,12,beta,beta,human2
human2_lib3.final_cell_0257-1,43.813908,67.44078,beta,12,beta,beta,human2
human2_lib3.final_cell_0258-1,2.711132,-22.236324,alpha,11,alpha,alpha,human2
human2_lib3.final_cell_0259-1,-24.34988,-34.037888,alpha,11,alpha,alpha,human2
human2_lib3.final_cell_0260-1,4.3627114,19.459293,delta,8,delta,delta,human2
human2_lib3.final_cell_0261-1,36.606964,8.833386,beta,12,beta,beta,human2
human2_lib3.final_cell_0262-1,6.2742257,-11.423299,alpha,11,alpha,alpha,human2
human2_lib3.final_cell_0263-1,-39.796444,-67.84812,gamma,7,gamma,gamma,human2
human2_lib3.final_cell_0264-1,5.3470035,-29.08566,alpha,11,alpha,alpha,human2
human2_lib3.final_cell_0265-1,-25.904926,-13.19308,activated_stellate,10,activated_stellate,activated_stellate,human2
human2_lib3.final_cell_0266-1,35.547054,58.839878,beta,12,beta,beta,human2
human2_lib3.final_cell_0267-1,11.153027,-17.370253,alpha,11,alpha,alpha,human2
human2_lib3.final_cell_0268-1,-51.6871,2.0042856,ductal,3,ductal,ductal,human2
human2_lib3.final_cell_0269-1,-66.520546,-21.57221,ductal,3,ductal,ductal,human2
human2_lib3.final_cell_0270-1,29.814028,46.70078,beta,12,beta,beta,human2
human2_lib3.final_cell_0271-1,-90.69111,11.404562,macrophage,6,macrophage,macrophage,human2
human2_lib3.final_cell_0272-1,40.808853,26.940302,beta,12,beta,beta,human2
human2_lib3.final_cell_0273-1,-21.610493,-13.307403,activated_stellate,10,activated_stellate,activated_stellate,human2
human2_lib3.final_cell_0274-1,-44.7494,53.04233,ductal,1,acinar,acinar,human2
human2_lib3.final_cell_0275-1,40.897934,64.130684,beta,12,beta,beta,human2
human2_lib3.final_cell_0276-1,9.652769,-25.111311,alpha,11,alpha,alpha,human2
human2_lib3.final_cell_0277-1,0.9123958,-33.610207,alpha,11,alpha,alpha,human2
human2_lib3.final_cell_0278-1,8.983454,-6.2679057,alpha,11,alpha,alpha,human2
human2_lib3.final_cell_0279-1,-22.41696,-14.457578,activated_stellate,10,activated_stellate,activated_stellate,human2
human2_lib3.final_cell_0280-1,-24.009842,-13.767088,activated_stellate,10,activated_stellate,activated_stellate,human2
human2_lib3.final_cell_0281-1,-82.926476,-18.520609,ductal,3,ductal,ductal,human2
human2_lib3.final_cell_0282-1,10.747227,-20.542784,alpha,11,alpha,alpha,human2
human2_lib3.final_cell_0283-1,3.1620758,-31.01617,alpha,11,alpha,alpha,human2
human2_lib3.final_cell_0284-1,39.628845,67.1295,beta,12,beta,beta,human2
human2_lib3.final_cell_0285-1,-3.9628806,-12.702939,alpha,11,alpha,alpha,human2
human2_lib3.final_cell_0286-1,8.201964,-3.4833853,alpha,11,alpha,alpha,human2
human2_lib3.final_cell_0287-1,-35.499653,-28.112906,alpha,11,alpha,alpha,human2
human2_lib3.final_cell_0288-1,-11.936888,24.256245,delta,8,delta,delta,human2
human2_lib3.final_cell_0289-1,-22.524532,-10.0087185,activated_stellate,10,activated_stellate,activated_stellate,human2
human2_lib3.final_cell_0290-1,33.59982,33.761475,beta,12,beta,beta,human2
human2_lib3.final_cell_0291-1,32.591724,16.304983,beta,12,beta,beta,human2
human2_lib3.final_cell_0292-1,-62.07913,22.698318,endothelial,0,endothelial,endothelial,human2
human2_lib3.final_cell_0293-1,34.266533,11.978683,beta,12,beta,beta,human2
human2_lib3.final_cell_0294-1,5.004501,-26.165615,alpha,11,alpha,alpha,human2
human2_lib3.final_cell_0295-1,-1.896621,-20.661995,alpha,11,alpha,alpha,human2
human2_lib3.final_cell_0296-1,9.486094,-17.820667,alpha,11,alpha,alpha,human2
human2_lib3.final_cell_0297-1,-56.787544,6.120991,ductal,3,ductal,ductal,human2
human2_lib3.final_cell_0298-1,-81.48079,-18.129827,ductal,3,ductal,ductal,human2
human2_lib3.final_cell_0299-1,1.8591944,-7.6572514,alpha,11,alpha,alpha,human2
human2_lib3.final_cell_0300-1,33.054073,37.32253,beta,12,beta,beta,human2
human2_lib3.final_cell_0301-1,48.037914,-13.734217,beta,12,beta,beta,human2
human2_lib3.final_cell_0302-1,-7.216964,-16.938038,alpha,11,alpha,alpha,human2
human2_lib3.final_cell_0303-1,32.682285,38.24066,beta,12,beta,beta,human2
human2_lib3.final_cell_0304-1,-4.222294,-35.29672,alpha,11,alpha,alpha,human2
human2_lib3.final_cell_0305-1,-62.436493,22.303524,endothelial,0,endothelial,endothelial,human2
human2_lib3.final_cell_0306-1,4.282007,19.154842,delta,8,delta,delta,human2
human2_lib3.final_cell_0307-1,42.386997,40.846508,beta,12,beta,beta,human2
human2_lib3.final_cell_0308-1,-72.09684,-16.895872,ductal,3,ductal,ductal,human2
human2_lib3.final_cell_0309-1,-0.5393302,-26.005762,alpha,11,alpha,alpha,human2
human2_lib3.final_cell_0310-1,-27.105623,24.19215,quiescent_stellate,15,epsilon,quiescent_stellate,human2
human2_lib3.final_cell_0311-1,5.746894,27.474646,delta,8,delta,delta,human2
human2_lib3.final_cell_0312-1,-42.517273,53.393227,ductal,1,acinar,acinar,human2
human2_lib3.final_cell_0313-1,32.67765,33.049747,beta,12,beta,beta,human2
human2_lib3.final_cell_0314-1,5.869847,30.664074,delta,8,delta,delta,human2
human2_lib3.final_cell_0315-1,-70.50057,-21.674433,ductal,3,ductal,ductal,human2
human2_lib3.final_cell_0316-1,7.1579027,-15.53716,alpha,11,alpha,alpha,human2
human2_lib3.final_cell_0317-1,-6.0083466,28.76621,delta,8,delta,delta,human2
human2_lib3.final_cell_0318-1,-61.528854,-20.692873,ductal,3,ductal,ductal,human2
human2_lib3.final_cell_0319-1,-43.144115,53.585674,beta,1,acinar,acinar,human2
human2_lib3.final_cell_0320-1,37.095085,48.552406,beta,12,beta,beta,human2
human2_lib3.final_cell_0321-1,2.2420943,-24.275608,alpha,11,alpha,alpha,human2
human2_lib3.final_cell_0322-1,32.526096,-5.0566545,beta,12,beta,beta,human2
human2_lib3.final_cell_0323-1,-41.88178,61.5308,ductal,1,acinar,acinar,human2
human2_lib3.final_cell_0324-1,31.250298,9.369185,beta,12,beta,beta,human2
human2_lib3.final_cell_0325-1,6.634133,-12.954128,alpha,11,alpha,alpha,human2
human2_lib3.final_cell_0326-1,14.24983,-17.082392,alpha,11,alpha,alpha,human2
human2_lib3.final_cell_0327-1,-66.15195,-20.422602,ductal,3,ductal,ductal,human2
human2_lib3.final_cell_0328-1,-83.966866,-18.050978,ductal,3,ductal,ductal,human2
human2_lib3.final_cell_0329-1,-1.0205297,-43.472267,alpha,11,alpha,alpha,human2
human2_lib3.final_cell_0330-1,-42.973633,-70.52474,gamma,7,gamma,gamma,human2
human2_lib3.final_cell_0331-1,3.087429,32.43359,delta,8,delta,delta,human2
human2_lib3.final_cell_0332-1,-62.762047,-20.414894,ductal,3,ductal,ductal,human2
human2_lib3.final_cell_0333-1,-3.9489634,-35.92221,alpha,11,alpha,alpha,human2
human2_lib3.final_cell_0334-1,40.207954,66.72102,beta,12,beta,beta,human2
human2_lib3.final_cell_0335-1,-45.445675,58.187725,ductal,1,acinar,acinar,human2
human2_lib3.final_cell_0336-1,11.696119,-7.1897106,alpha,11,alpha,alpha,human2
human2_lib3.final_cell_0337-1,1.8790501,-45.204536,alpha,11,alpha,alpha,human2
human2_lib3.final_cell_0338-1,-35.57465,-70.67692,gamma,7,gamma,gamma,human2
human2_lib3.final_cell_0339-1,12.403572,-2.0398548,alpha,11,alpha,alpha,human2
human2_lib3.final_cell_0340-1,-1.5768195,-36.40336,alpha,11,alpha,alpha,human2
human2_lib3.final_cell_0341-1,-56.52829,2.2372284,ductal,3,ductal,ductal,human2
human2_lib3.final_cell_0342-1,-39.66777,-65.60315,gamma,7,gamma,gamma,human2
human2_lib3.final_cell_0343-1,2.8889961,-22.752865,alpha,11,alpha,alpha,human2
human2_lib3.final_cell_0344-1,31.264574,-62.128338,alpha,11,alpha,alpha,human2
human2_lib3.final_cell_0345-1,7.0437746,-21.204071,alpha,11,alpha,alpha,human2
human2_lib3.final_cell_0346-1,-6.2476096,29.225697,delta,8,delta,delta,human2
human2_lib3.final_cell_0347-1,-38.726826,-67.69792,gamma,7,gamma,gamma,human2
human2_lib3.final_cell_0348-1,6.1343336,-10.063335,alpha,11,alpha,alpha,human2
human2_lib3.final_cell_0349-1,-59.929886,22.267624,endothelial,0,endothelial,endothelial,human2
human2_lib3.final_cell_0350-1,4.012011,31.06214,delta,8,delta,delta,human2
human2_lib3.final_cell_0351-1,4.613078,-27.046904,alpha,11,alpha,alpha,human2
human2_lib3.final_cell_0352-1,-72.93337,-16.835573,ductal,3,ductal,ductal,human2
human2_lib3.final_cell_0353-1,-39.02212,-67.83552,gamma,7,gamma,gamma,human2
human2_lib3.final_cell_0354-1,-19.766508,-12.167507,activated_stellate,10,activated_stellate,activated_stellate,human2
human2_lib3.final_cell_0355-1,36.8328,42.97099,beta,12,beta,beta,human2
human2_lib3.final_cell_0356-1,-84.09762,-19.40503,ductal,3,ductal,ductal,human2
human2_lib3.final_cell_0357-1,-20.898045,-11.298177,activated_stellate,10,activated_stellate,activated_stellate,human2
human2_lib3.final_cell_0358-1,-36.94734,-71.00923,gamma,7,gamma,gamma,human2
human2_lib3.final_cell_0359-1,1.8058993,-10.604304,alpha,11,alpha,alpha,human2
human2_lib3.final_cell_0360-1,31.308622,-0.22822577,beta,12,beta,beta,human2
human2_lib3.final_cell_0361-1,-36.352734,-70.331505,gamma,7,gamma,gamma,human2
human2_lib3.final_cell_0362-1,2.4967942,-23.080185,alpha,11,alpha,alpha,human2
human2_lib3.final_cell_0363-1,-38.883026,-67.7216,gamma,7,gamma,gamma,human2
human2_lib3.final_cell_0364-1,-1.5106232,-28.696106,alpha,11,alpha,alpha,human2
human2_lib3.final_cell_0365-1,9.678464,-21.185627,alpha,11,alpha,alpha,human2
human2_lib3.final_cell_0366-1,31.609554,29.93251,beta,12,beta,beta,human2
human2_lib3.final_cell_0367-1,-58.303444,6.062215,ductal,3,ductal,ductal,human2
human2_lib3.final_cell_0368-1,31.109205,-79.58132,alpha,11,alpha,alpha,human2
human2_lib3.final_cell_0369-1,-43.020565,54.31134,ductal,1,acinar,acinar,human2
human2_lib3.final_cell_0370-1,2.964343,31.603487,delta,8,delta,delta,human2
human2_lib3.final_cell_0371-1,-61.0738,2.4600432,ductal,3,ductal,ductal,human2
human2_lib3.final_cell_0372-1,3.142605,-3.004324,alpha,11,alpha,alpha,human2
human2_lib3.final_cell_0373-1,4.785448,-25.397875,alpha,11,alpha,alpha,human2
human2_lib3.final_cell_0374-1,32.65807,30.038868,beta,12,beta,beta,human2
human2_lib3.final_cell_0375-1,2.9782188,-29.223623,alpha,11,alpha,alpha,human2
human2_lib3.final_cell_0376-1,36.81982,3.291987,beta,12,beta,beta,human2
human2_lib3.final_cell_0377-1,0.30944645,-54.395218,alpha,11,alpha,alpha,human2
human2_lib3.final_cell_0378-1,-73.07648,-19.13185,ductal,3,ductal,ductal,human2
human2_lib3.final_cell_0379-1,-43.034393,-66.5627,gamma,7,gamma,gamma,human2
human2_lib3.final_cell_0380-1,2.6728988,-3.19069,alpha,11,alpha,alpha,human2
human2_lib3.final_cell_0381-1,11.78851,-2.0327673,alpha,11,alpha,alpha,human2
human2_lib3.final_cell_0382-1,8.252505,-9.66704,alpha,11,alpha,alpha,human2
human2_lib3.final_cell_0383-1,-25.333172,51.98255,ductal,1,acinar,acinar,human2
human2_lib3.final_cell_0384-1,9.339211,-1.0109913,alpha,11,alpha,alpha,human2
human2_lib3.final_cell_0385-1,-36.817886,-69.9119,gamma,7,gamma,gamma,human2
human2_lib3.final_cell_0386-1,-28.37983,17.451843,quiescent_stellate,15,epsilon,quiescent_stellate,human2
human2_lib3.final_cell_0387-1,34.20938,39.879623,beta,12,beta,beta,human2
human2_lib3.final_cell_0388-1,-66.48657,5.4113684,ductal,3,ductal,ductal,human2
human2_lib3.final_cell_0389-1,1.6268126,-9.786339,alpha,11,alpha,alpha,human2
human2_lib3.final_cell_0390-1,9.691142,-20.82268,alpha,11,alpha,alpha,human2
human2_lib3.final_cell_0391-1,-6.340119,-12.431253,alpha,11,alpha,alpha,human2
human2_lib3.final_cell_0392-1,-58.11656,-17.621096,ductal,3,ductal,ductal,human2
human2_lib3.final_cell_0393-1,2.7748506,-32.12637,alpha,11,alpha,alpha,human2
human2_lib3.final_cell_0394-1,42.57961,44.85674,beta,12,beta,beta,human2
human2_lib3.final_cell_0395-1,-62.557972,-20.660465,ductal,3,ductal,ductal,human2
human2_lib3.final_cell_0396-1,30.988226,-79.41426,alpha,11,alpha,alpha,human2
human2_lib3.final_cell_0397-1,41.014153,39.367386,beta,12,beta,beta,human2
human2_lib3.final_cell_0398-1,-2.3135827,-18.369345,alpha,11,alpha,alpha,human2
human2_lib3.final_cell_0399-1,-45.591927,-64.706505,gamma,7,gamma,gamma,human2
human2_lib3.final_cell_0400-1,-38.195557,-69.98286,gamma,7,gamma,gamma,human2
human2_lib3.final_cell_0401-1,0.29866922,-34.977974,alpha,11,alpha,alpha,human2
human2_lib3.final_cell_0402-1,44.70093,-14.432915,beta,12,beta,beta,human2
human2_lib3.final_cell_0403-1,-7.2416835,-15.8199,alpha,11,alpha,alpha,human2
human2_lib3.final_cell_0404-1,2.4945893,-32.226177,alpha,11,alpha,alpha,human2
human2_lib3.final_cell_0405-1,38.71439,53.55596,beta,12,beta,beta,human2
human2_lib3.final_cell_0406-1,-3.985009,-9.593099,alpha,11,alpha,alpha,human2
human2_lib3.final_cell_0407-1,-1.6201258,-38.26934,alpha,11,alpha,alpha,human2
human2_lib3.final_cell_0408-1,-42.64582,-70.14578,gamma,7,gamma,gamma,human2
human2_lib3.final_cell_0409-1,2.1687322,-26.059864,alpha,11,alpha,alpha,human2
human2_lib3.final_cell_0410-1,-4.311939,27.512796,delta,8,delta,delta,human2
human2_lib3.final_cell_0411-1,4.3204584,-28.269928,alpha,11,alpha,alpha,human2
human2_lib3.final_cell_0412-1,7.1362576,-1.3219938,alpha,11,alpha,alpha,human2
human2_lib3.final_cell_0413-1,39.17919,-1.6812259,beta,12,beta,beta,human2
human2_lib3.final_cell_0414-1,37.30526,4.0640492,beta,12,beta,beta,human2
human2_lib3.final_cell_0415-1,5.241892,-30.438818,alpha,11,alpha,alpha,human2
human2_lib3.final_cell_0416-1,9.26947,-1.4244813,alpha,11,alpha,alpha,human2
human2_lib3.final_cell_0417-1,-58.56616,22.114502,endothelial,0,endothelial,endothelial,human2
human2_lib3.final_cell_0418-1,-80.35697,-16.069635,ductal,3,ductal,ductal,human2
human2_lib3.final_cell_0419-1,-36.651257,-69.59985,gamma,7,gamma,gamma,human2
human2_lib3.final_cell_0420-1,1.7073944,-10.152117,alpha,11,alpha,alpha,human2
human2_lib3.final_cell_0421-1,-62.342716,21.800634,endothelial,0,endothelial,endothelial,human2
human2_lib3.final_cell_0422-1,-58.73859,2.8738601,ductal,3,ductal,ductal,human2
human2_lib3.final_cell_0423-1,-42.182217,-66.4927,gamma,7,gamma,gamma,human2
human2_lib3.final_cell_0424-1,8.473899,21.209078,delta,8,delta,delta,human2
human2_lib3.final_cell_0425-1,-39.15073,-69.19743,gamma,7,gamma,gamma,human2
human2_lib3.final_cell_0426-1,11.541837,-2.8843436,alpha,11,alpha,alpha,human2
human2_lib3.final_cell_0427-1,-43.83034,52.355415,ductal,1,acinar,acinar,human2
human2_lib3.final_cell_0428-1,-26.538202,25.567633,quiescent_stellate,14,Unmatched_14,quiescent_stellate,human2
human2_lib3.final_cell_0429-1,-26.525414,25.857742,quiescent_stellate,15,epsilon,quiescent_stellate,human2
human2_lib3.final_cell_0430-1,32.45545,30.361435,beta,12,beta,beta,human2
human2_lib3.final_cell_0431-1,27.75566,12.791093,beta,12,beta,beta,human2
human2_lib3.final_cell_0432-1,-38.597195,-71.64835,gamma,7,gamma,gamma,human2
human2_lib3.final_cell_0433-1,36.633312,50.203423,beta,12,beta,beta,human2
human2_lib3.final_cell_0434-1,3.3931353,-11.198686,alpha,11,alpha,alpha,human2
human2_lib3.final_cell_0435-1,-53.902435,3.9779177,ductal,3,ductal,ductal,human2
human2_lib3.final_cell_0436-1,46.84901,67.34069,beta,12,beta,beta,human2
human2_lib3.final_cell_0437-1,33.188103,-3.0922015,beta,12,beta,beta,human2
human2_lib3.final_cell_0438-1,10.502446,26.047739,delta,8,delta,delta,human2
human2_lib3.final_cell_0439-1,-37.173428,-72.12011,gamma,7,gamma,gamma,human2
human2_lib3.final_cell_0440-1,-60.267643,2.8964262,ductal,3,ductal,ductal,human2
human2_lib3.final_cell_0441-1,-3.8390005,-9.057479,alpha,11,alpha,alpha,human2
human2_lib3.final_cell_0442-1,5.616101,-8.5337715,alpha,11,alpha,alpha,human2
human2_lib3.final_cell_0443-1,10.768461,26.11579,delta,8,delta,delta,human2
human2_lib3.final_cell_0444-1,-0.05635169,-34.002045,alpha,11,alpha,alpha,human2
human2_lib3.final_cell_0445-1,-75.18557,-3.9904401,ductal,3,ductal,ductal,human2
human2_lib3.final_cell_0446-1,39.120525,31.1237,beta,12,beta,beta,human2
human2_lib3.final_cell_0447-1,37.814266,54.907013,beta,12,beta,beta,human2
human2_lib3.final_cell_0448-1,-76.00797,-12.007118,ductal,3,ductal,ductal,human2
human2_lib3.final_cell_0449-1,12.461831,-17.076149,alpha,11,alpha,alpha,human2
human2_lib3.final_cell_0450-1,-61.043507,4.4511847,ductal,3,ductal,ductal,human2
human2_lib3.final_cell_0451-1,34.270737,40.46606,beta,12,beta,beta,human2
human2_lib3.final_cell_0452-1,-1.6705203,-28.73637,alpha,11,alpha,alpha,human2
human2_lib3.final_cell_0453-1,-2.4264016,-20.413956,alpha,11,alpha,alpha,human2
human2_lib3.final_cell_0454-1,-6.0073266,-11.591749,alpha,11,alpha,alpha,human2
human2_lib3.final_cell_0455-1,-0.091307424,8.798403,gamma,8,delta,delta,human2
human2_lib3.final_cell_0456-1,5.6808434,-4.458546,alpha,11,alpha,alpha,human2
human2_lib3.final_cell_0457-1,0.1439839,20.064186,delta,8,delta,delta,human2
human2_lib3.final_cell_0458-1,-2.0226574,-18.617672,alpha,11,alpha,alpha,human2
human2_lib3.final_cell_0459-1,36.2665,34.647514,beta,12,beta,beta,human2
human2_lib3.final_cell_0460-1,-70.84548,-11.523935,ductal,3,ductal,ductal,human2
human2_lib3.final_cell_0461-1,5.0860696,-3.5935793,alpha,11,alpha,alpha,human2
human2_lib3.final_cell_0462-1,-5.082016,-9.777835,alpha,11,alpha,alpha,human2
human2_lib3.final_cell_0463-1,30.357563,36.063244,beta,12,beta,beta,human2
human2_lib3.final_cell_0464-1,11.19189,-1.4676936,alpha,11,alpha,alpha,human2
human2_lib3.final_cell_0465-1,31.228874,9.721769,beta,12,beta,beta,human2
human2_lib3.final_cell_0466-1,42.925545,37.371803,beta,12,beta,beta,human2
human2_lib3.final_cell_0467-1,-53.05591,0.29300427,ductal,3,ductal,ductal,human2
human2_lib3.final_cell_0468-1,-81.14738,-17.336,ductal,3,ductal,ductal,human2
human2_lib3.final_cell_0469-1,-0.29357067,-29.912027,alpha,11,alpha,alpha,human2
human2_lib3.final_cell_0470-1,0.0084080575,9.186324,gamma,8,delta,delta,human2
human2_lib3.final_cell_0471-1,2.7530727,-31.81053,alpha,11,alpha,alpha,human2
human2_lib3.final_cell_0472-1,9.39045,-25.4522,alpha,11,alpha,alpha,human2
human2_lib3.final_cell_0473-1,-70.31098,-10.629395,ductal,3,ductal,ductal,human2
human2_lib3.final_cell_0474-1,-82.9891,-14.811793,ductal,3,ductal,ductal,human2
human2_lib3.final_cell_0475-1,39.478638,27.46921,beta,12,beta,beta,human2
human2_lib3.final_cell_0476-1,3.0535364,-16.755993,alpha,11,alpha,alpha,human2
human2_lib3.final_cell_0477-1,-37.077744,-70.00209,gamma,7,gamma,gamma,human2
human2_lib3.final_cell_0478-1,-71.05319,-0.90764076,ductal,3,ductal,ductal,human2
human2_lib3.final_cell_0479-1,41.240368,-12.910181,beta,12,beta,beta,human2
human2_lib3.final_cell_0480-1,-58.53859,6.0613356,ductal,3,ductal,ductal,human2
human2_lib3.final_cell_0481-1,38.931255,54.03575,beta,12,beta,beta,human2
human2_lib3.final_cell_0482-1,1.4879382,-12.139912,alpha,11,alpha,alpha,human2
human2_lib3.final_cell_0483-1,-2.2522702,-19.54373,alpha,11,alpha,alpha,human2
human2_lib3.final_cell_0484-1,37.370975,1.4381446,beta,12,beta,beta,human2
human2_lib3.final_cell_0485-1,-3.7880092,-19.616821,alpha,11,alpha,alpha,human2
human2_lib3.final_cell_0486-1,-4.3211126,-19.062628,alpha,11,alpha,alpha,human2
human2_lib3.final_cell_0487-1,-79.77289,-14.508546,ductal,3,ductal,ductal,human2
human2_lib3.final_cell_0488-1,-22.692616,-13.41502,activated_stellate,10,activated_stellate,activated_stellate,human2
human2_lib3.final_cell_0489-1,7.612837,-1.46407,alpha,11,alpha,alpha,human2
human2_lib3.final_cell_0490-1,-83.34624,-14.458056,ductal,3,ductal,ductal,human2
human2_lib3.final_cell_0491-1,0.56626743,30.942064,delta,8,delta,delta,human2
human2_lib3.final_cell_0492-1,4.649031,-3.6534874,alpha,11,alpha,alpha,human2
human2_lib3.final_cell_0493-1,-26.546635,25.331903,quiescent_stellate,14,Unmatched_14,quiescent_stellate,human2
human2_lib3.final_cell_0494-1,-40.376724,-64.08782,gamma,7,gamma,gamma,human2
human2_lib3.final_cell_0495-1,31.284489,6.754175,beta,12,beta,beta,human2
human2_lib3.final_cell_0496-1,44.626198,-39.6708,mast,4,mast,mast,human2
human2_lib3.final_cell_0497-1,30.991123,-79.34759,alpha,11,alpha,alpha,human2
human2_lib3.final_cell_0498-1,-26.674986,25.143492,quiescent_stellate,14,Unmatched_14,quiescent_stellate,human2
human2_lib3.final_cell_0499-1,-2.151613,-17.906254,alpha,11,alpha,alpha,human2
human2_lib3.final_cell_0500-1,-30.81492,-0.3959036,activated_stellate,10,activated_stellate,activated_stellate,human2
human2_lib3.final_cell_0501-1,15.453679,-50.790577,alpha,11,alpha,alpha,human2
human2_lib3.final_cell_0502-1,31.129614,15.207272,beta,12,beta,beta,human2
human2_lib3.final_cell_0503-1,-4.6780715,-11.268903,alpha,11,alpha,alpha,human2
human2_lib3.final_cell_0504-1,2.9714994,-47.917763,alpha,11,alpha,alpha,human2
human2_lib3.final_cell_0505-1,-75.18102,-7.323847,ductal,3,ductal,ductal,human2
human2_lib3.final_cell_0506-1,-55.651096,3.349578,ductal,3,ductal,ductal,human2
human2_lib3.final_cell_0507-1,-53.136932,3.7146604,ductal,3,ductal,ductal,human2
human2_lib3.final_cell_0508-1,39.251133,31.820593,beta,12,beta,beta,human2
human2_lib3.final_cell_0509-1,-59.821655,23.079657,endothelial,0,endothelial,endothelial,human2
human2_lib3.final_cell_0510-1,-81.43845,-13.065309,ductal,3,ductal,ductal,human2
human2_lib3.final_cell_0511-1,28.397797,0.9420501,beta,12,beta,beta,human2
human2_lib3.final_cell_0512-1,-73.08523,-6.6455235,ductal,3,ductal,ductal,human2
human2_lib3.final_cell_0513-1,11.217881,-18.395235,alpha,11,alpha,alpha,human2
human2_lib3.final_cell_0514-1,13.03839,-2.7190197,alpha,11,alpha,alpha,human2
human2_lib3.final_cell_0515-1,32.08699,20.44209,beta,12,beta,beta,human2
human2_lib3.final_cell_0516-1,-44.23436,-69.643166,gamma,7,gamma,gamma,human2
human2_lib3.final_cell_0517-1,31.312307,-79.70202,alpha,11,alpha,alpha,human2
human2_lib3.final_cell_0518-1,14.559128,-47.03083,alpha,11,alpha,alpha,human2
human2_lib3.final_cell_0519-1,30.378551,46.968803,beta,12,beta,beta,human2
human2_lib3.final_cell_0520-1,30.20701,-77.26076,alpha,11,alpha,alpha,human2
human2_lib3.final_cell_0521-1,38.011574,-16.494326,beta,12,beta,beta,human2
human2_lib3.final_cell_0522-1,41.02873,45.200356,beta,12,beta,beta,human2
human2_lib3.final_cell_0523-1,-63.068104,22.941133,endothelial,0,endothelial,endothelial,human2
human2_lib3.final_cell_0524-1,26.13829,21.20763,beta,12,beta,beta,human2
human2_lib3.final_cell_0525-1,44.938477,-39.690025,mast,4,mast,mast,human2
human2_lib3.final_cell_0526-1,-35.976543,-69.83978,gamma,7,gamma,gamma,human2
human2_lib3.final_cell_0527-1,-42.80993,-69.60339,gamma,7,gamma,gamma,human2
human2_lib3.final_cell_0528-1,31.61098,-79.852264,alpha,11,alpha,alpha,human2
human2_lib3.final_cell_0529-1,-78.58354,-7.2849464,ductal,3,ductal,ductal,human2
human2_lib3.final_cell_0530-1,44.449013,-39.477955,mast,4,mast,mast,human2
human2_lib3.final_cell_0531-1,6.4881396,-13.791846,alpha,11,alpha,alpha,human2
human2_lib3.final_cell_0532-1,-4.4345574,-32.683727,alpha,11,alpha,alpha,human2
human2_lib3.final_cell_0533-1,29.994627,-78.68075,alpha,11,alpha,alpha,human2
human2_lib3.final_cell_0534-1,42.61522,47.325714,beta,12,beta,beta,human2
human2_lib3.final_cell_0535-1,30.803797,-79.39848,alpha,11,alpha,alpha,human2
human2_lib3.final_cell_0536-1,24.96927,-81.05335,alpha,11,alpha,alpha,human2
human2_lib3.final_cell_0537-1,2.4192991,-34.041786,alpha,11,alpha,alpha,human2
human2_lib3.final_cell_0538-1,-1.7046978,-38.191242,alpha,11,alpha,alpha,human2
human2_lib3.final_cell_0539-1,-0.58893675,-30.195034,alpha,11,alpha,alpha,human2
human2_lib3.final_cell_0540-1,-71.985344,-0.8175967,ductal,3,ductal,ductal,human2
human2_lib3.final_cell_0541-1,-32.85288,58.615936,alpha,1,acinar,acinar,human2
human2_lib3.final_cell_0542-1,38.89458,-13.67069,beta,12,beta,beta,human2
human2_lib3.final_cell_0543-1,37.246487,40.622707,beta,12,beta,beta,human2
human2_lib3.final_cell_0544-1,9.910346,-24.84796,alpha,11,alpha,alpha,human2
human2_lib3.final_cell_0545-1,-19.594563,-10.661803,activated_stellate,10,activated_stellate,activated_stellate,human2
human2_lib3.final_cell_0546-1,44.406967,-39.39773,mast,4,mast,mast,human2
human2_lib3.final_cell_0547-1,78.40647,-20.946232,activated_stellate,12,beta,beta,human2
human2_lib3.final_cell_0548-1,11.201509,-10.445867,alpha,11,alpha,alpha,human2
human2_lib3.final_cell_0549-1,-54.381966,4.438661,ductal,3,ductal,ductal,human2
human2_lib3.final_cell_0550-1,41.22735,-13.5575905,beta,12,beta,beta,human2
human2_lib3.final_cell_0551-1,-4.200298,-36.64074,alpha,11,alpha,alpha,human2
human2_lib3.final_cell_0552-1,-52.979897,5.349747,ductal,3,ductal,ductal,human2
human2_lib3.final_cell_0553-1,-39.87422,-63.32096,gamma,7,gamma,gamma,human2
human2_lib3.final_cell_0554-1,34.01702,36.121174,beta,12,beta,beta,human2
human2_lib3.final_cell_0555-1,36.15668,67.38853,beta,12,beta,beta,human2
human2_lib3.final_cell_0556-1,-6.7061934,-27.35405,alpha,11,alpha,alpha,human2
human2_lib3.final_cell_0557-1,37.712227,16.901527,beta,12,beta,beta,human2
human2_lib3.final_cell_0558-1,73.91998,-31.24126,alpha,12,beta,beta,human2
human2_lib3.final_cell_0559-1,-35.19923,-67.79791,gamma,7,gamma,gamma,human2
human2_lib3.final_cell_0560-1,39.82941,-18.549454,beta,12,beta,beta,human2
human2_lib3.final_cell_0561-1,-19.76276,-10.0937805,activated_stellate,15,epsilon,quiescent_stellate,human2
human2_lib3.final_cell_0562-1,-89.82542,14.928503,macrophage,15,epsilon,quiescent_stellate,human2
human2_lib3.final_cell_0563-1,-41.173164,61.80444,ductal,1,acinar,acinar,human2
human2_lib3.final_cell_0564-1,-30.576483,11.252193,activated_stellate,15,epsilon,quiescent_stellate,human2
human2_lib3.final_cell_0565-1,1.7190913,-22.668673,alpha,11,alpha,alpha,human2
human3_lib1.final_cell_0001-2,3.1945038,63.189945,acinar,1,acinar,acinar,human3
human3_lib1.final_cell_0002-2,0.35602838,54.556034,acinar,1,acinar,acinar,human3
human3_lib1.final_cell_0003-2,-8.679894,57.193783,acinar,1,acinar,acinar,human3
human3_lib1.final_cell_0004-2,-3.6038942,62.014484,acinar,1,acinar,acinar,human3
human3_lib1.final_cell_0005-2,-18.365093,68.58688,acinar,1,acinar,acinar,human3
human3_lib1.final_cell_0006-2,-12.018677,78.22479,acinar,1,acinar,acinar,human3
human3_lib1.final_cell_0007-2,-17.794157,70.39014,acinar,1,acinar,acinar,human3
human3_lib1.final_cell_0008-2,-8.070956,74.44428,acinar,1,acinar,acinar,human3
human3_lib1.final_cell_0009-2,-1.6977863,64.26042,acinar,1,acinar,acinar,human3
human3_lib1.final_cell_0010-2,5.535925,57.855934,acinar,1,acinar,acinar,human3
human3_lib1.final_cell_0011-2,-10.177291,66.34697,acinar,1,acinar,acinar,human3
human3_lib1.final_cell_0012-2,-12.017193,76.3723,acinar,1,acinar,acinar,human3
human3_lib1.final_cell_0013-2,-7.4715,74.32508,acinar,1,acinar,acinar,human3
human3_lib1.final_cell_0014-2,-13.820371,74.83428,acinar,1,acinar,acinar,human3
human3_lib1.final_cell_0015-2,-20.10054,62.772686,acinar,1,acinar,acinar,human3
human3_lib1.final_cell_0016-2,6.7976437,57.04593,acinar,1,acinar,acinar,human3
human3_lib1.final_cell_0017-2,2.1481469,74.81131,acinar,1,acinar,acinar,human3
human3_lib1.final_cell_0018-2,-7.469311,62.905994,acinar,1,acinar,acinar,human3
human3_lib1.final_cell_0019-2,-9.7338085,72.6474,acinar,1,acinar,acinar,human3
human3_lib1.final_cell_0020-2,-7.0802097,70.23633,acinar,1,acinar,acinar,human3
human3_lib1.final_cell_0021-2,1.5650567,72.46267,acinar,1,acinar,acinar,human3
human3_lib1.final_cell_0022-2,6.2685905,57.401646,acinar,1,acinar,acinar,human3
human3_lib1.final_cell_0023-2,-20.683372,56.298466,acinar,1,acinar,acinar,human3
human3_lib1.final_cell_0024-2,8.86907,55.66281,acinar,1,acinar,acinar,human3
human3_lib1.final_cell_0025-2,3.3542306,69.965904,acinar,1,acinar,acinar,human3
human3_lib1.final_cell_0026-2,-1.1174238,61.966534,acinar,1,acinar,acinar,human3
human3_lib1.final_cell_0027-2,3.717341,70.75342,acinar,1,acinar,acinar,human3
human3_lib1.final_cell_0028-2,-12.14456,26.398895,delta,8,delta,delta,human3
human3_lib1.final_cell_0029-2,-21.47299,56.16465,acinar,1,acinar,acinar,human3
human3_lib1.final_cell_0030-2,-14.782754,19.082863,delta,8,delta,delta,human3
human3_lib1.final_cell_0031-2,-17.639164,55.616535,acinar,1,acinar,acinar,human3
human3_lib1.final_cell_0032-2,-0.97023976,54.64048,acinar,1,acinar,acinar,human3
human3_lib1.final_cell_0033-2,-18.239258,56.149162,acinar,1,acinar,acinar,human3
human3_lib1.final_cell_0034-2,2.3691864,69.21937,acinar,1,acinar,acinar,human3
human3_lib1.final_cell_0035-2,-13.666969,56.350937,acinar,1,acinar,acinar,human3
human3_lib1.final_cell_0036-2,-12.044857,76.540276,acinar,1,acinar,acinar,human3
human3_lib1.final_cell_0037-2,-25.326181,59.487217,acinar,1,acinar,acinar,human3
human3_lib1.final_cell_0038-2,-11.9141655,74.026474,acinar,1,acinar,acinar,human3
human3_lib1.final_cell_0039-2,-11.2171,11.887471,delta,8,delta,delta,human3
human3_lib1.final_cell_0040-2,4.6245213,60.7174,acinar,1,acinar,acinar,human3
human3_lib1.final_cell_0041-2,-20.351208,71.95504,acinar,1,acinar,acinar,human3
human3_lib1.final_cell_0042-2,-14.255652,69.6549,acinar,1,acinar,acinar,human3
human3_lib1.final_cell_0043-2,3.18915,60.845356,acinar,1,acinar,acinar,human3
human3_lib1.final_cell_0044-2,-13.422667,70.12814,acinar,1,acinar,acinar,human3
human3_lib1.final_cell_0045-2,-0.38801345,57.018795,acinar,1,acinar,acinar,human3
human3_lib1.final_cell_0046-2,-9.909822,72.823875,acinar,1,acinar,acinar,human3
human3_lib1.final_cell_0047-2,-17.392284,72.78295,acinar,1,acinar,acinar,human3
human3_lib1.final_cell_0048-2,-55.658474,-6.7034183,ductal,3,ductal,ductal,human3
human3_lib1.final_cell_0049-2,-22.445549,59.03007,acinar,1,acinar,acinar,human3
human3_lib1.final_cell_0050-2,-10.349313,58.7249,acinar,1,acinar,acinar,human3
human3_lib1.final_cell_0051-2,-16.118565,72.06598,acinar,1,acinar,acinar,human3
human3_lib1.final_cell_0052-2,-17.928288,71.89704,acinar,1,acinar,acinar,human3
human3_lib1.final_cell_0053-2,-15.282434,65.88057,acinar,1,acinar,acinar,human3
human3_lib1.final_cell_0054-2,-6.3895564,61.594032,acinar,1,acinar,acinar,human3
human3_lib1.final_cell_0055-2,-6.6107063,63.906357,acinar,1,acinar,acinar,human3
human3_lib1.final_cell_0056-2,-24.616304,-39.657295,alpha,11,alpha,alpha,human3
human3_lib1.final_cell_0057-2,-16.367617,67.89301,acinar,1,acinar,acinar,human3
human3_lib1.final_cell_0058-2,-2.6496391,59.73033,acinar,1,acinar,acinar,human3
human3_lib1.final_cell_0059-2,-7.835042,71.01609,acinar,1,acinar,acinar,human3
human3_lib1.final_cell_0060-2,-17.760946,55.52341,acinar,1,acinar,acinar,human3
human3_lib1.final_cell_0061-2,-1.8567289,63.776062,acinar,1,acinar,acinar,human3
human3_lib1.final_cell_0062-2,3.9833164,53.601692,acinar,1,acinar,acinar,human3
human3_lib1.final_cell_0063-2,-6.749162,76.1565,acinar,1,acinar,acinar,human3
human3_lib1.final_cell_0064-2,57.253166,-10.641069,beta,12,beta,beta,human3
human3_lib1.final_cell_0065-2,-66.22171,-11.505237,ductal,3,ductal,ductal,human3
human3_lib1.final_cell_0066-2,-55.90071,-14.573724,acinar,3,ductal,ductal,human3
human3_lib1.final_cell_0067-2,3.734248,56.812492,acinar,1,acinar,acinar,human3
human3_lib1.final_cell_0068-2,-33.769516,-33.945354,alpha,11,alpha,alpha,human3
human3_lib1.final_cell_0069-2,-6.826825,70.01186,acinar,1,acinar,acinar,human3
human3_lib1.final_cell_0070-2,-11.96976,55.499317,acinar,1,acinar,acinar,human3
human3_lib1.final_cell_0071-2,-50.68538,26.404627,endothelial,0,endothelial,endothelial,human3
human3_lib1.final_cell_0072-2,-20.226477,71.88602,acinar,1,acinar,acinar,human3
human3_lib1.final_cell_0073-2,-28.224792,64.77166,acinar,1,acinar,acinar,human3
human3_lib1.final_cell_0074-2,-1.7813185,57.796677,acinar,1,acinar,acinar,human3
human3_lib1.final_cell_0075-2,-9.735932,11.534989,delta,8,delta,delta,human3
human3_lib1.final_cell_0076-2,-12.559317,76.17055,acinar,1,acinar,acinar,human3
human3_lib1.final_cell_0077-2,5.8526344,70.209694,acinar,1,acinar,acinar,human3
human3_lib1.final_cell_0078-2,-11.971597,54.379234,acinar,1,acinar,acinar,human3
human3_lib1.final_cell_0079-2,-10.981666,59.057983,acinar,1,acinar,acinar,human3
human3_lib1.final_cell_0080-2,5.7252917,70.53364,acinar,1,acinar,acinar,human3
human3_lib1.final_cell_0081-2,-0.5632547,-69.50674,alpha,11,alpha,alpha,human3
human3_lib1.final_cell_0082-2,-6.254701,71.810715,acinar,1,acinar,acinar,human3
human3_lib1.final_cell_0083-2,3.937639,-64.409874,alpha,11,alpha,alpha,human3
human3_lib1.final_cell_0084-2,-18.281227,59.87629,acinar,1,acinar,acinar,human3
human3_lib1.final_cell_0085-2,-17.592371,72.1673,acinar,1,acinar,acinar,human3
human3_lib1.final_cell_0086-2,-11.945089,78.124954,acinar,1,acinar,acinar,human3
human3_lib1.final_cell_0087-2,7.732001,54.029804,acinar,1,acinar,acinar,human3
human3_lib1.final_cell_0088-2,-37.426533,4.576965,activated_stellate,10,activated_stellate,activated_stellate,human3
human3_lib1.final_cell_0089-2,5.696491,69.64759,acinar,1,acinar,acinar,human3
human3_lib1.final_cell_0090-2,6.5351562,58.58921,acinar,1,acinar,acinar,human3
human3_lib1.final_cell_0091-2,-1.8777162,10.921696,delta,8,delta,delta,human3
human3_lib1.final_cell_0092-2,3.0620172,69.79139,acinar,1,acinar,acinar,human3
human3_lib1.final_cell_0093-2,2.2212915,70.07328,acinar,1,acinar,acinar,human3
human3_lib1.final_cell_0094-2,-22.557663,56.41996,acinar,1,acinar,acinar,human3
human3_lib1.final_cell_0095-2,-13.567139,72.26289,acinar,1,acinar,acinar,human3
human3_lib1.final_cell_0096-2,-11.268155,75.47913,acinar,1,acinar,acinar,human3
human3_lib1.final_cell_0097-2,-2.0498111,64.09959,acinar,1,acinar,acinar,human3
human3_lib1.final_cell_0098-2,-9.898381,74.90308,acinar,1,acinar,acinar,human3
human3_lib1.final_cell_0099-2,75.893394,-28.47811,beta,12,beta,beta,human3
human3_lib1.final_cell_0100-2,-44.70469,-59.19888,beta,7,gamma,gamma,human3
human3_lib1.final_cell_0101-2,-9.982666,71.835464,acinar,1,acinar,acinar,human3
human3_lib1.final_cell_0102-2,33.241325,-62.710506,alpha,11,alpha,alpha,human3
human3_lib1.final_cell_0103-2,-38.88674,-29.709309,alpha,11,alpha,alpha,human3
human3_lib1.final_cell_0104-2,-13.95641,13.934622,delta,8,delta,delta,human3
human3_lib1.final_cell_0105-2,-8.767289,74.20974,acinar,1,acinar,acinar,human3
human3_lib1.final_cell_0106-2,-11.507285,11.557659,delta,8,delta,delta,human3
human3_lib1.final_cell_0107-2,-3.8889115,71.855385,acinar,1,acinar,acinar,human3
human3_lib1.final_cell_0108-2,-1.979543,58.92654,acinar,1,acinar,acinar,human3
human3_lib1.final_cell_0109-2,6.614956,58.679127,acinar,1,acinar,acinar,human3
human3_lib1.final_cell_0110-2,-7.21086,28.125357,delta,8,delta,delta,human3
human3_lib1.final_cell_0111-2,31.63646,-56.392258,alpha,11,alpha,alpha,human3
human3_lib1.final_cell_0112-2,4.442514,60.793243,acinar,1,acinar,acinar,human3
human3_lib1.final_cell_0113-2,-0.32703635,60.147594,acinar,1,acinar,acinar,human3
human3_lib1.final_cell_0114-2,-11.590717,12.603949,delta,8,delta,delta,human3
human3_lib1.final_cell_0115-2,-8.247654,-63.164074,alpha,11,alpha,alpha,human3
human3_lib1.final_cell_0116-2,-6.7418103,69.78456,acinar,1,acinar,acinar,human3
human3_lib1.final_cell_0117-2,-9.909582,75.86292,acinar,1,acinar,acinar,human3
human3_lib1.final_cell_0118-2,22.223642,-77.04673,alpha,11,alpha,alpha,human3
human3_lib1.final_cell_0119-2,-11.055918,71.450096,acinar,1,acinar,acinar,human3
human3_lib1.final_cell_0120-2,-16.235306,59.80997,acinar,1,acinar,acinar,human3
human3_lib1.final_cell_0121-2,-28.225262,64.88798,acinar,1,acinar,acinar,human3
human3_lib1.final_cell_0122-2,41.596718,-14.579855,beta,12,beta,beta,human3
human3_lib1.final_cell_0123-2,-6.6854,72.41955,acinar,1,acinar,acinar,human3
human3_lib1.final_cell_0124-2,-3.0769572,69.171295,acinar,1,acinar,acinar,human3
human3_lib1.final_cell_0125-2,2.3695107,74.699196,acinar,1,acinar,acinar,human3
human3_lib1.final_cell_0126-2,85.562584,-11.229633,beta,12,beta,beta,human3
human3_lib1.final_cell_0127-2,31.406277,-56.824203,alpha,11,alpha,alpha,human3
human3_lib1.final_cell_0128-2,2.5648425,16.724499,delta,8,delta,delta,human3
human3_lib1.final_cell_0129-2,-0.43676934,-67.30871,alpha,11,alpha,alpha,human3
human3_lib1.final_cell_0130-2,-3.5224946,11.402902,delta,8,delta,delta,human3
human3_lib1.final_cell_0131-2,-7.4002757,77.61142,acinar,1,acinar,acinar,human3
human3_lib1.final_cell_0132-2,80.21941,-3.5119352,beta,12,beta,beta,human3
human3_lib1.final_cell_0133-2,-69.419945,-8.284068,ductal,3,ductal,ductal,human3
human3_lib1.final_cell_0134-2,77.80443,-7.3756924,beta,12,beta,beta,human3
human3_lib1.final_cell_0135-2,-55.61849,4.3650136,ductal,3,ductal,ductal,human3
human3_lib1.final_cell_0136-2,-10.053472,23.866953,delta,8,delta,delta,human3
human3_lib1.final_cell_0137-2,78.51414,-1.8613497,beta,12,beta,beta,human3
human3_lib1.final_cell_0138-2,6.0938277,68.32579,acinar,1,acinar,acinar,human3
human3_lib1.final_cell_0139-2,29.408247,-59.2734,alpha,11,alpha,alpha,human3
human3_lib1.final_cell_0140-2,83.19141,-2.888405,beta,12,beta,beta,human3
human3_lib1.final_cell_0141-2,-2.40232,19.177265,delta,8,delta,delta,human3
human3_lib1.final_cell_0142-2,-35.963573,3.5067666,activated_stellate,10,activated_stellate,activated_stellate,human3
human3_lib1.final_cell_0143-2,82.559265,-2.4082403,beta,12,beta,beta,human3
human3_lib1.final_cell_0144-2,31.82099,-59.950703,alpha,11,alpha,alpha,human3
human3_lib1.final_cell_0145-2,-13.7164955,13.664569,delta,8,delta,delta,human3
human3_lib1.final_cell_0146-2,-5.324718,67.32829,acinar,1,acinar,acinar,human3
human3_lib1.final_cell_0147-2,76.930565,-24.367765,beta,12,beta,beta,human3
human3_lib1.final_cell_0148-2,27.823875,-76.28442,alpha,11,alpha,alpha,human3
human3_lib1.final_cell_0149-2,80.61552,-1.8514254,beta,12,beta,beta,human3
human3_lib1.final_cell_0150-2,-9.193376,80.366646,acinar,1,acinar,acinar,human3
human3_lib1.final_cell_0151-2,86.24194,-24.622078,beta,12,beta,beta,human3
human3_lib1.final_cell_0152-2,-40.052296,-61.776196,alpha,7,gamma,gamma,human3
human3_lib1.final_cell_0153-2,-39.69345,-33.008484,alpha,11,alpha,alpha,human3
human3_lib1.final_cell_0154-2,75.84581,-37.497173,beta,12,beta,beta,human3
human3_lib1.final_cell_0155-2,-19.118385,73.8928,acinar,1,acinar,acinar,human3
human3_lib1.final_cell_0156-2,-27.744095,-43.676243,alpha,11,alpha,alpha,human3
human3_lib1.final_cell_0157-2,-27.524086,0.322089,activated_stellate,10,activated_stellate,activated_stellate,human3
human3_lib1.final_cell_0158-2,-20.799667,56.23713,acinar,1,acinar,acinar,human3
human3_lib1.final_cell_0159-2,78.68579,-12.676467,beta,12,beta,beta,human3
human3_lib1.final_cell_0160-2,-73.82464,44.31009,ductal,2,Unmatched_2,ductal,human3
human3_lib1.final_cell_0161-2,8.638789,61.024708,acinar,1,acinar,acinar,human3
human3_lib1.final_cell_0162-2,-72.48202,-10.374267,ductal,3,ductal,ductal,human3
human3_lib1.final_cell_0163-2,82.57762,-7.1539226,beta,12,beta,beta,human3
human3_lib1.final_cell_0164-2,47.960938,-13.520384,beta,12,beta,beta,human3
human3_lib1.final_cell_0165-2,-8.413267,11.536976,delta,8,delta,delta,human3
human3_lib1.final_cell_0166-2,41.627647,-9.344833,beta,12,beta,beta,human3
human3_lib1.final_cell_0167-2,86.125046,-26.753292,beta,12,beta,beta,human3
human3_lib1.final_cell_0168-2,7.7839546,54.209183,acinar,1,acinar,acinar,human3
human3_lib1.final_cell_0169-2,-31.453856,-34.01474,alpha,11,alpha,alpha,human3
human3_lib1.final_cell_0170-2,8.258749,59.03549,acinar,1,acinar,acinar,human3
human3_lib1.final_cell_0171-2,-32.737873,-34.031097,alpha,11,alpha,alpha,human3
human3_lib1.final_cell_0172-2,-28.365145,65.072685,acinar,1,acinar,acinar,human3
human3_lib1.final_cell_0173-2,21.92765,-55.032078,alpha,11,alpha,alpha,human3
human3_lib1.final_cell_0174-2,-15.980772,60.529984,acinar,1,acinar,acinar,human3
human3_lib1.final_cell_0175-2,42.57295,-9.223211,beta,12,beta,beta,human3
human3_lib1.final_cell_0176-2,84.56693,-3.8083363,beta,12,beta,beta,human3
human3_lib1.final_cell_0177-2,30.820387,-69.40459,alpha,11,alpha,alpha,human3
human3_lib1.final_cell_0178-2,56.07849,-14.573217,beta,12,beta,beta,human3
human3_lib1.final_cell_0179-2,3.7934594,63.150944,acinar,1,acinar,acinar,human3
human3_lib1.final_cell_0180-2,70.65883,2.4803057,beta,12,beta,beta,human3
human3_lib1.final_cell_0181-2,-17.274208,60.67675,acinar,1,acinar,acinar,human3
human3_lib1.final_cell_0182-2,-13.699722,-61.96548,alpha,11,alpha,alpha,human3
human3_lib1.final_cell_0183-2,78.89324,-26.70482,beta,12,beta,beta,human3
human3_lib1.final_cell_0184-2,-27.90836,-43.340347,alpha,11,alpha,alpha,human3
human3_lib1.final_cell_0185-2,-15.193291,70.13527,acinar,1,acinar,acinar,human3
human3_lib1.final_cell_0186-2,-29.603975,-32.125645,alpha,11,alpha,alpha,human3
human3_lib1.final_cell_0187-2,-6.4118304,-66.58151,alpha,11,alpha,alpha,human3
human3_lib1.final_cell_0188-2,-14.015646,14.400906,delta,8,delta,delta,human3
human3_lib1.final_cell_0189-2,-5.752611,75.11693,beta,1,acinar,acinar,human3
human3_lib1.final_cell_0190-2,-0.935542,53.553574,acinar,1,acinar,acinar,human3
human3_lib1.final_cell_0191-2,16.148998,-53.43116,alpha,11,alpha,alpha,human3
human3_lib1.final_cell_0192-2,-2.6966434,16.471218,delta,8,delta,delta,human3
human3_lib1.final_cell_0193-2,-4.346236,12.148799,delta,8,delta,delta,human3
human3_lib1.final_cell_0194-2,-6.6991463,8.941789,delta,8,delta,delta,human3
human3_lib1.final_cell_0195-2,-25.978567,51.57341,acinar,1,acinar,acinar,human3
human3_lib1.final_cell_0196-2,2.4688919,62.0738,acinar,1,acinar,acinar,human3
human3_lib1.final_cell_0197-2,5.6425834,67.33713,acinar,1,acinar,acinar,human3
human3_lib1.final_cell_0198-2,-39.65431,-32.93208,alpha,11,alpha,alpha,human3
human3_lib1.final_cell_0199-2,81.67369,-32.42957,beta,12,beta,beta,human3
human3_lib1.final_cell_0200-2,-1.350443,62.274746,acinar,1,acinar,acinar,human3
human3_lib1.final_cell_0201-2,-13.141191,53.660343,acinar,1,acinar,acinar,human3
human3_lib1.final_cell_0202-2,45.049484,-14.438915,beta,12,beta,beta,human3
human3_lib1.final_cell_0203-2,74.838684,-6.4944053,beta,12,beta,beta,human3
human3_lib1.final_cell_0204-2,-11.650805,71.01,acinar,1,acinar,acinar,human3
human3_lib1.final_cell_0205-2,-2.1443353,-64.69871,alpha,11,alpha,alpha,human3
human3_lib1.final_cell_0206-2,-59.757458,-7.0101542,ductal,3,ductal,ductal,human3
human3_lib1.final_cell_0207-2,4.855938,-70.45859,alpha,11,alpha,alpha,human3
human3_lib1.final_cell_0208-2,78.95903,-34.675884,beta,12,beta,beta,human3
human3_lib1.final_cell_0209-2,-4.759331,62.33093,acinar,1,acinar,acinar,human3
human3_lib1.final_cell_0210-2,74.34087,0.39203355,beta,12,beta,beta,human3
human3_lib1.final_cell_0211-2,-25.219992,60.72742,acinar,1,acinar,acinar,human3
human3_lib1.final_cell_0212-2,-13.233111,55.159348,acinar,1,acinar,acinar,human3
human3_lib1.final_cell_0213-2,83.45166,-2.9963963,beta,12,beta,beta,human3
human3_lib1.final_cell_0214-2,-19.464025,60.186756,acinar,1,acinar,acinar,human3
human3_lib1.final_cell_0215-2,-12.458861,58.838398,acinar,1,acinar,acinar,human3
human3_lib1.final_cell_0216-2,-11.927072,13.450874,delta,8,delta,delta,human3
human3_lib1.final_cell_0217-2,-9.368859,14.50753,delta,8,delta,delta,human3
human3_lib1.final_cell_0218-2,79.28351,-35.632168,beta,12,beta,beta,human3
human3_lib1.final_cell_0219-2,79.05146,-3.9634252,beta,12,beta,beta,human3
human3_lib1.final_cell_0220-2,-2.2264216,62.409897,acinar,1,acinar,acinar,human3
human3_lib1.final_cell_0221-2,27.920633,-54.67234,alpha,11,alpha,alpha,human3
human3_lib1.final_cell_0222-2,34.232437,-59.87611,alpha,11,alpha,alpha,human3
human3_lib1.final_cell_0223-2,16.36476,-45.724648,alpha,11,alpha,alpha,human3
human3_lib1.final_cell_0224-2,-29.060738,58.890717,acinar,1,acinar,acinar,human3
human3_lib1.final_cell_0225-2,-58.56743,-3.16079,ductal,3,ductal,ductal,human3
human3_lib1.final_cell_0226-2,39.099083,6.8313875,beta,12,beta,beta,human3
human3_lib1.final_cell_0227-2,-25.37304,-44.77865,alpha,11,alpha,alpha,human3
human3_lib1.final_cell_0228-2,-70.821884,-11.802066,ductal,3,ductal,ductal,human3
human3_lib1.final_cell_0229-2,13.944792,-50.045563,alpha,11,alpha,alpha,human3
human3_lib1.final_cell_0230-2,-13.884266,55.16007,acinar,1,acinar,acinar,human3
human3_lib1.final_cell_0231-2,-31.005795,-0.8635677,activated_stellate,10,activated_stellate,activated_stellate,human3
human3_lib1.final_cell_0232-2,31.05933,-54.71694,alpha,11,alpha,alpha,human3
human3_lib1.final_cell_0233-2,59.699467,-10.484616,beta,12,beta,beta,human3
human3_lib1.final_cell_0234-2,65.6187,-5.959068,beta,12,beta,beta,human3
human3_lib1.final_cell_0235-2,67.59707,-1.3390399,beta,12,beta,beta,human3
human3_lib1.final_cell_0236-2,-28.57454,-47.28032,alpha,11,alpha,alpha,human3
human3_lib1.final_cell_0237-2,26.871876,-71.93678,alpha,11,alpha,alpha,human3
human3_lib1.final_cell_0238-2,-15.466414,72.46466,acinar,1,acinar,acinar,human3
human3_lib1.final_cell_0239-2,-23.99147,-40.14221,alpha,11,alpha,alpha,human3
human3_lib1.final_cell_0240-2,28.242828,-68.28142,alpha,11,alpha,alpha,human3
human3_lib1.final_cell_0241-2,75.31072,-36.668102,beta,12,beta,beta,human3
human3_lib1.final_cell_0242-2,81.07968,-28.465029,beta,12,beta,beta,human3
human3_lib1.final_cell_0243-2,23.495975,-81.082184,alpha,11,alpha,alpha,human3
human3_lib1.final_cell_0244-2,-13.805763,62.071453,acinar,1,acinar,acinar,human3
human3_lib1.final_cell_0245-2,87.48124,-19.83719,beta,12,beta,beta,human3
human3_lib1.final_cell_0246-2,-1.9612861,57.680542,acinar,1,acinar,acinar,human3
human3_lib1.final_cell_0247-2,-59.135414,2.4924388,ductal,3,ductal,ductal,human3
human3_lib1.final_cell_0248-2,78.64521,-6.3646083,beta,12,beta,beta,human3
human3_lib1.final_cell_0249-2,73.03457,1.6653267,beta,12,beta,beta,human3
human3_lib1.final_cell_0250-2,-2.6614609,-71.79733,alpha,11,alpha,alpha,human3
human3_lib1.final_cell_0251-2,10.533445,-67.40766,alpha,11,alpha,alpha,human3
human3_lib1.final_cell_0252-2,19.78222,-55.964767,alpha,11,alpha,alpha,human3
human3_lib1.final_cell_0253-2,-14.599762,69.77304,acinar,1,acinar,acinar,human3
human3_lib1.final_cell_0254-2,-10.412799,-64.71406,alpha,11,alpha,alpha,human3
human3_lib1.final_cell_0255-2,-1.800104,55.534283,acinar,1,acinar,acinar,human3
human3_lib1.final_cell_0256-2,27.047775,-75.22352,alpha,11,alpha,alpha,human3
human3_lib1.final_cell_0257-2,76.05247,-35.846695,beta,12,beta,beta,human3
human3_lib1.final_cell_0258-2,25.116096,-65.67353,alpha,11,alpha,alpha,human3
human3_lib1.final_cell_0259-2,40.849598,-15.9237585,beta,12,beta,beta,human3
human3_lib1.final_cell_0260-2,88.527176,-20.503618,beta,12,beta,beta,human3
human3_lib1.final_cell_0261-2,-9.554766,11.503724,delta,8,delta,delta,human3
human3_lib1.final_cell_0262-2,-30.785137,1.167186,activated_stellate,10,activated_stellate,activated_stellate,human3
human3_lib1.final_cell_0263-2,10.224275,-52.91581,alpha,11,alpha,alpha,human3
human3_lib1.final_cell_0264-2,3.8764763,57.420628,acinar,1,acinar,acinar,human3
human3_lib1.final_cell_0265-2,-60.690395,-3.5754037,ductal,3,ductal,ductal,human3
human3_lib1.final_cell_0266-2,-27.669449,-43.940624,alpha,11,alpha,alpha,human3
human3_lib1.final_cell_0267-2,-33.82176,-30.682606,alpha,11,alpha,alpha,human3
human3_lib1.final_cell_0268-2,-8.068688,62.59917,acinar,1,acinar,acinar,human3
human3_lib1.final_cell_0269-2,63.00886,-9.401356,beta,12,beta,beta,human3
human3_lib1.final_cell_0270-2,-11.9651,77.91132,acinar,1,acinar,acinar,human3
human3_lib1.final_cell_0271-2,-6.648573,10.523642,delta,8,delta,delta,human3
human3_lib1.final_cell_0272-2,-8.226886,16.650837,delta,8,delta,delta,human3
human3_lib1.final_cell_0273-2,-40.057865,-34.68266,alpha,11,alpha,alpha,human3
human3_lib1.final_cell_0274-2,-10.569926,10.279281,delta,8,delta,delta,human3
human3_lib1.final_cell_0275-2,80.441185,-2.742502,beta,12,beta,beta,human3
human3_lib1.final_cell_0276-2,-35.254562,3.2589302,activated_stellate,10,activated_stellate,activated_stellate,human3
human3_lib1.final_cell_0277-2,9.685311,-64.69756,alpha,11,alpha,alpha,human3
human3_lib1.final_cell_0278-2,69.53475,-3.771431,beta,12,beta,beta,human3
human3_lib1.final_cell_0279-2,-14.121666,70.04911,acinar,1,acinar,acinar,human3
human3_lib1.final_cell_0280-2,31.569384,-70.17911,alpha,11,alpha,alpha,human3
human3_lib1.final_cell_0281-2,-27.449202,-39.839146,alpha,11,alpha,alpha,human3
human3_lib1.final_cell_0282-2,-4.082309,55.366043,acinar,1,acinar,acinar,human3
human3_lib1.final_cell_0283-2,85.25109,-23.872799,beta,12,beta,beta,human3
human3_lib1.final_cell_0284-2,-74.02272,44.12967,ductal,2,Unmatched_2,ductal,human3
human3_lib1.final_cell_0285-2,21.557514,-56.524868,alpha,11,alpha,alpha,human3
human3_lib1.final_cell_0286-2,26.513306,-58.731045,alpha,11,alpha,alpha,human3
human3_lib1.final_cell_0287-2,62.38756,-8.385839,beta,12,beta,beta,human3
human3_lib1.final_cell_0288-2,-53.80404,-14.609875,ductal,3,ductal,ductal,human3
human3_lib1.final_cell_0289-2,-39.824287,-29.067276,alpha,15,epsilon,quiescent_stellate,human3
human3_lib1.final_cell_0290-2,-33.24906,16.755125,quiescent_stellate,13,quiescent_stellate,quiescent_stellate,human3
human3_lib1.final_cell_0291-2,-34.18269,-34.081627,alpha,11,alpha,alpha,human3
human3_lib1.final_cell_0292-2,-52.53987,-6.515647,ductal,3,ductal,ductal,human3
human3_lib1.final_cell_0293-2,-3.1935072,-62.364807,alpha,11,alpha,alpha,human3
human3_lib1.final_cell_0294-2,80.8075,-33.58102,beta,12,beta,beta,human3
human3_lib1.final_cell_0295-2,-19.803284,-45.36166,alpha,11,alpha,alpha,human3
human3_lib1.final_cell_0296-2,13.414993,-64.72506,alpha,11,alpha,alpha,human3
human3_lib1.final_cell_0297-2,29.610817,-60.517445,alpha,11,alpha,alpha,human3
human3_lib1.final_cell_0298-2,-0.276065,14.212651,delta,8,delta,delta,human3
human3_lib1.final_cell_0299-2,-7.295595,-66.4347,alpha,11,alpha,alpha,human3
human3_lib1.final_cell_0300-2,5.71465,63.547157,acinar,1,acinar,acinar,human3
human3_lib1.final_cell_0301-2,-9.323217,16.662172,delta,8,delta,delta,human3
human3_lib1.final_cell_0302-2,-21.751707,56.702324,acinar,1,acinar,acinar,human3
human3_lib1.final_cell_0303-2,-50.02719,-70.22757,alpha,7,gamma,gamma,human3
human3_lib1.final_cell_0304-2,74.17971,-34.957516,beta,12,beta,beta,human3
human3_lib1.final_cell_0305-2,-60.46086,-6.4329777,ductal,3,ductal,ductal,human3
human3_lib1.final_cell_0306-2,-73.06261,-10.045478,ductal,3,ductal,ductal,human3
human3_lib1.final_cell_0307-2,-11.9535475,79.270615,acinar,1,acinar,acinar,human3
human3_lib1.final_cell_0308-2,-54.80899,-11.661931,ductal,3,ductal,ductal,human3
human3_lib1.final_cell_0309-2,-73.269005,44.088554,ductal,2,Unmatched_2,ductal,human3
human3_lib1.final_cell_0310-2,-12.718129,12.045043,delta,8,delta,delta,human3
human3_lib1.final_cell_0311-2,-13.200933,-59.219612,alpha,11,alpha,alpha,human3
human3_lib1.final_cell_0312-2,78.81388,-35.814304,beta,12,beta,beta,human3
human3_lib1.final_cell_0313-2,88.31851,-18.419134,beta,12,beta,beta,human3
human3_lib1.final_cell_0314-2,-7.8979325,16.481348,delta,8,delta,delta,human3
human3_lib1.final_cell_0315-2,15.078496,-59.022938,alpha,11,alpha,alpha,human3
human3_lib1.final_cell_0316-2,74.244865,-31.296154,beta,12,beta,beta,human3
human3_lib1.final_cell_0317-2,55.826363,-12.284681,beta,12,beta,beta,human3
human3_lib1.final_cell_0318-2,-12.491912,-61.716904,alpha,11,alpha,alpha,human3
human3_lib1.final_cell_0319-2,6.153644,-70.58771,alpha,11,alpha,alpha,human3
human3_lib1.final_cell_0320-2,-58.145462,27.949408,endothelial,0,endothelial,endothelial,human3
human3_lib1.final_cell_0321-2,-34.733192,-33.21339,alpha,11,alpha,alpha,human3
human3_lib1.final_cell_0322-2,78.6726,-35.948315,beta,12,beta,beta,human3
human3_lib1.final_cell_0323-2,81.09985,-4.600381,beta,12,beta,beta,human3
human3_lib1.final_cell_0324-2,-28.190968,-33.979343,alpha,11,alpha,alpha,human3
human3_lib1.final_cell_0325-2,17.80935,-67.178825,alpha,11,alpha,alpha,human3
human3_lib1.final_cell_0326-2,-5.581743,68.069954,acinar,1,acinar,acinar,human3
human3_lib1.final_cell_0327-2,78.74047,-31.05564,beta,12,beta,beta,human3
human3_lib1.final_cell_0328-2,-21.122925,-47.722065,alpha,11,alpha,alpha,human3
human3_lib1.final_cell_0329-2,47.9209,17.709072,beta,15,epsilon,quiescent_stellate,human3
human3_lib1.final_cell_0330-2,2.5091403,58.454426,acinar,1,acinar,acinar,human3
human3_lib1.final_cell_0331-2,-9.575314,78.25904,acinar,1,acinar,acinar,human3
human3_lib1.final_cell_0332-2,-30.8133,-29.927645,alpha,11,alpha,alpha,human3
human3_lib1.final_cell_0333-2,72.89265,2.936897,beta,12,beta,beta,human3
human3_lib1.final_cell_0334-2,33.025646,-63.21352,alpha,11,alpha,alpha,human3
human3_lib1.final_cell_0335-2,-14.638946,-59.70756,alpha,11,alpha,alpha,human3
human3_lib1.final_cell_0336-2,-16.586119,-60.51478,alpha,11,alpha,alpha,human3
human3_lib1.final_cell_0337-2,29.546276,-65.194725,alpha,11,alpha,alpha,human3
human3_lib1.final_cell_0338-2,-57.996487,-3.889249,ductal,3,ductal,ductal,human3
human3_lib1.final_cell_0339-2,-13.2440195,25.773668,delta,8,delta,delta,human3
human3_lib1.final_cell_0340-2,-22.085312,-41.90642,alpha,11,alpha,alpha,human3
human3_lib1.final_cell_0341-2,-59.721783,-6.5554366,ductal,3,ductal,ductal,human3
human3_lib1.final_cell_0342-2,-63.854015,-7.636072,ductal,3,ductal,ductal,human3
human3_lib1.final_cell_0343-2,38.983025,-10.218659,beta,12,beta,beta,human3
human3_lib1.final_cell_0344-2,84.700226,-24.544012,beta,12,beta,beta,human3
human3_lib1.final_cell_0345-2,76.83104,-33.686295,delta,12,beta,beta,human3
human3_lib1.final_cell_0346-2,-38.107628,3.8404152,activated_stellate,10,activated_stellate,activated_stellate,human3
human3_lib1.final_cell_0347-2,74.07546,-34.07261,beta,12,beta,beta,human3
human3_lib1.final_cell_0348-2,57.974148,-10.445316,beta,12,beta,beta,human3
human3_lib1.final_cell_0349-2,2.0003688,54.887394,acinar,1,acinar,acinar,human3
human3_lib1.final_cell_0350-2,-29.795618,-34.5881,alpha,11,alpha,alpha,human3
human3_lib1.final_cell_0351-2,22.691221,-80.90699,alpha,11,alpha,alpha,human3
human3_lib1.final_cell_0352-2,34.742226,-63.115433,alpha,11,alpha,alpha,human3
human3_lib1.final_cell_0353-2,-19.585722,66.36795,acinar,1,acinar,acinar,human3
human3_lib1.final_cell_0354-2,-21.565113,-46.71606,alpha,11,alpha,alpha,human3
human3_lib1.final_cell_0355-2,72.32062,1.3273872,beta,12,beta,beta,human3
human3_lib1.final_cell_0356-2,-0.73953635,-48.54995,alpha,11,alpha,alpha,human3
human3_lib1.final_cell_0357-2,85.72885,-22.968197,beta,12,beta,beta,human3
human3_lib1.final_cell_0358-2,-34.258717,-34.192024,alpha,11,alpha,alpha,human3
human3_lib1.final_cell_0359-2,-0.65875,11.839831,delta,8,delta,delta,human3
human3_lib1.final_cell_0360-2,-6.472824,75.110634,acinar,1,acinar,acinar,human3
human3_lib1.final_cell_0361-2,-37.667393,4.370158,activated_stellate,10,activated_stellate,activated_stellate,human3
human3_lib1.final_cell_0362-2,-17.004692,53.50027,acinar,1,acinar,acinar,human3
human3_lib1.final_cell_0363-2,-37.131893,-29.148626,alpha,11,alpha,alpha,human3
human3_lib1.final_cell_0364-2,82.64055,-19.70174,beta,12,beta,beta,human3
human3_lib1.final_cell_0365-2,-35.418175,1.6726058,activated_stellate,10,activated_stellate,activated_stellate,human3
human3_lib1.final_cell_0366-2,2.6076777,-57.291336,alpha,11,alpha,alpha,human3
human3_lib1.final_cell_0367-2,18.467182,-64.33784,alpha,11,alpha,alpha,human3
human3_lib1.final_cell_0368-2,-31.957888,-34.735104,alpha,11,alpha,alpha,human3
human3_lib1.final_cell_0369-2,-13.306709,-61.75788,alpha,11,alpha,alpha,human3
human3_lib1.final_cell_0370-2,-29.567934,-33.10231,alpha,11,alpha,alpha,human3
human3_lib1.final_cell_0371-2,-18.825901,56.057358,acinar,1,acinar,acinar,human3
human3_lib1.final_cell_0372-2,22.986212,-69.639626,alpha,11,alpha,alpha,human3
human3_lib1.final_cell_0373-2,3.257676,51.632004,acinar,1,acinar,acinar,human3
human3_lib1.final_cell_0374-2,-30.65619,-46.36476,alpha,11,alpha,alpha,human3
human3_lib1.final_cell_0375-2,16.10372,-58.75022,alpha,11,alpha,alpha,human3
human3_lib1.final_cell_0376-2,-60.406944,-0.72189504,ductal,3,ductal,ductal,human3
human3_lib1.final_cell_0377-2,84.1797,-8.226658,beta,12,beta,beta,human3
human3_lib1.final_cell_0378-2,-29.0384,-32.913246,alpha,11,alpha,alpha,human3
human3_lib1.final_cell_0379-2,-12.169304,12.373897,delta,8,delta,delta,human3
human3_lib1.final_cell_0380-2,61.142326,-6.499051,beta,12,beta,beta,human3
human3_lib1.final_cell_0381-2,-29.051369,-1.9658027,activated_stellate,10,activated_stellate,activated_stellate,human3
human3_lib1.final_cell_0382-2,-56.024624,-13.317639,ductal,3,ductal,ductal,human3
human3_lib1.final_cell_0383-2,86.49997,-23.066004,beta,12,beta,beta,human3
human3_lib1.final_cell_0384-2,-11.432724,-61.603313,alpha,11,alpha,alpha,human3
human3_lib1.final_cell_0385-2,-22.737946,56.78044,acinar,1,acinar,acinar,human3
human3_lib1.final_cell_0386-2,-25.83795,-38.972187,alpha,11,alpha,alpha,human3
human3_lib1.final_cell_0387-2,-35.34665,-34.97062,alpha,11,alpha,alpha,human3
human3_lib1.final_cell_0388-2,-30.237364,-45.529778,alpha,11,alpha,alpha,human3
human3_lib1.final_cell_0389-2,-15.801226,55.21356,acinar,1,acinar,acinar,human3
human3_lib1.final_cell_0390-2,-21.86896,-34.58121,alpha,11,alpha,alpha,human3
human3_lib1.final_cell_0391-2,-11.597683,73.65822,acinar,1,acinar,acinar,human3
human3_lib1.final_cell_0392-2,-35.735313,4.044214,activated_stellate,10,activated_stellate,activated_stellate,human3
human3_lib1.final_cell_0393-2,31.31845,-76.22521,alpha,11,alpha,alpha,human3
human3_lib1.final_cell_0394-2,80.619705,-28.079662,beta,12,beta,beta,human3
human3_lib1.final_cell_0395-2,88.90872,-20.601002,beta,12,beta,beta,human3
human3_lib1.final_cell_0396-2,86.90291,-9.100718,beta,12,beta,beta,human3
human3_lib1.final_cell_0397-2,-29.559673,2.5295558,activated_stellate,10,activated_stellate,activated_stellate,human3
human3_lib1.final_cell_0398-2,-18.148832,62.546124,acinar,1,acinar,acinar,human3
human3_lib1.final_cell_0399-2,6.235134,-53.55782,alpha,11,alpha,alpha,human3
human3_lib1.final_cell_0400-2,-53.115677,-13.074575,ductal,3,ductal,ductal,human3
human3_lib1.final_cell_0401-2,-13.820575,-62.71562,alpha,11,alpha,alpha,human3
human3_lib1.final_cell_0402-2,80.73047,-30.438303,beta,12,beta,beta,human3
human3_lib1.final_cell_0403-2,82.291176,-27.438356,beta,12,beta,beta,human3
human3_lib1.final_cell_0404-2,80.6997,-2.8569486,beta,12,beta,beta,human3
human3_lib1.final_cell_0405-2,-34.962208,-29.840311,alpha,11,alpha,alpha,human3
human3_lib1.final_cell_0406-2,-11.4624195,19.194918,delta,8,delta,delta,human3
human3_lib1.final_cell_0407-2,-25.579296,-46.61951,alpha,11,alpha,alpha,human3
human3_lib1.final_cell_0408-2,83.43268,-13.596296,beta,12,beta,beta,human3
human3_lib1.final_cell_0409-2,79.10988,-34.018913,beta,12,beta,beta,human3
human3_lib1.final_cell_0410-2,11.07603,-47.920166,alpha,11,alpha,alpha,human3
human3_lib1.final_cell_0411-2,87.70667,-19.141888,beta,12,beta,beta,human3
human3_lib1.final_cell_0412-2,47.920135,17.686161,beta,12,beta,beta,human3
human3_lib1.final_cell_0413-2,-49.996887,-59.92955,alpha,7,gamma,gamma,human3
human3_lib1.final_cell_0414-2,63.25205,-9.158842,beta,12,beta,beta,human3
human3_lib1.final_cell_0415-2,-24.120234,51.215893,alpha,1,acinar,acinar,human3
human3_lib1.final_cell_0416-2,-16.290197,-62.04754,alpha,11,alpha,alpha,human3
human3_lib1.final_cell_0417-2,26.111313,-69.30617,alpha,11,alpha,alpha,human3
human3_lib1.final_cell_0418-2,-23.908188,-35.045246,alpha,11,alpha,alpha,human3
human3_lib1.final_cell_0419-2,-6.108919,70.41551,acinar,1,acinar,acinar,human3
human3_lib1.final_cell_0420-2,-14.679968,-61.307076,alpha,11,alpha,alpha,human3
human3_lib1.final_cell_0421-2,34.90758,-9.810103,beta,12,beta,beta,human3
human3_lib1.final_cell_0422-2,6.1598325,67.578636,acinar,1,acinar,acinar,human3
human3_lib1.final_cell_0423-2,81.89222,-10.247057,beta,12,beta,beta,human3
human3_lib1.final_cell_0424-2,82.473915,-6.5701294,beta,12,beta,beta,human3
human3_lib1.final_cell_0425-2,34.24661,-61.87124,alpha,11,alpha,alpha,human3
human3_lib1.final_cell_0426-2,-9.24318,14.663557,delta,8,delta,delta,human3
human3_lib1.final_cell_0427-2,13.668994,-53.28314,alpha,11,alpha,alpha,human3
human3_lib1.final_cell_0428-2,-31.513357,-32.647926,alpha,11,alpha,alpha,human3
human3_lib1.final_cell_0429-2,-38.783443,-33.64628,alpha,11,alpha,alpha,human3
human3_lib1.final_cell_0430-2,-4.3569703,21.504166,delta,8,delta,delta,human3
human3_lib1.final_cell_0431-2,88.444565,-20.028036,beta,12,beta,beta,human3
human3_lib1.final_cell_0432-2,-53.717953,-3.0789642,ductal,3,ductal,ductal,human3
human3_lib1.final_cell_0433-2,-66.91358,-7.7360215,ductal,3,ductal,ductal,human3
human3_lib1.final_cell_0434-2,84.35965,-27.616508,beta,12,beta,beta,human3
human3_lib1.final_cell_0435-2,-61.09515,-7.244109,ductal,3,ductal,ductal,human3
human3_lib1.final_cell_0436-2,-52.502403,27.127325,endothelial,0,endothelial,endothelial,human3
human3_lib1.final_cell_0437-2,-50.80144,-0.854144,ductal,3,ductal,ductal,human3
human3_lib1.final_cell_0438-2,19.81914,-73.69816,alpha,11,alpha,alpha,human3
human3_lib1.final_cell_0439-2,-12.308692,55.079247,acinar,1,acinar,acinar,human3
human3_lib1.final_cell_0440-2,-2.6305957,55.41595,acinar,1,acinar,acinar,human3
human3_lib1.final_cell_0441-2,-87.442894,16.740753,alpha,5,t_cell,t_cell,human3
human3_lib1.final_cell_0442-2,-3.263804,-63.56962,alpha,11,alpha,alpha,human3
human3_lib1.final_cell_0443-2,36.91235,-6.5199647,beta,12,beta,beta,human3
human3_lib1.final_cell_0444-2,-23.91878,-47.27368,alpha,11,alpha,alpha,human3
human3_lib1.final_cell_0445-2,5.1348567,-70.83158,alpha,11,alpha,alpha,human3
human3_lib1.final_cell_0446-2,38.5894,-11.078251,beta,12,beta,beta,human3
human3_lib1.final_cell_0447-2,-28.069181,61.336536,acinar,1,acinar,acinar,human3
human3_lib1.final_cell_0448-2,26.822453,-60.38079,alpha,11,alpha,alpha,human3
human3_lib1.final_cell_0449-2,79.95183,-2.7091827,beta,12,beta,beta,human3
human3_lib1.final_cell_0450-2,29.41828,-76.86883,alpha,11,alpha,alpha,human3
human3_lib1.final_cell_0451-2,6.2630196,-67.20283,alpha,11,alpha,alpha,human3
human3_lib1.final_cell_0452-2,11.957819,-59.064056,alpha,11,alpha,alpha,human3
human3_lib1.final_cell_0453-2,-29.022364,0.17160444,activated_stellate,10,activated_stellate,activated_stellate,human3
human3_lib1.final_cell_0454-2,6.994291,-60.588097,alpha,11,alpha,alpha,human3
human3_lib1.final_cell_0455-2,-64.97679,-4.113958,alpha,3,ductal,ductal,human3
human3_lib1.final_cell_0456-2,-41.17989,-67.71421,gamma,7,gamma,gamma,human3
human3_lib1.final_cell_0457-2,56.325058,-13.034499,beta,12,beta,beta,human3
human3_lib1.final_cell_0458-2,-63.477932,-6.7446203,ductal,3,ductal,ductal,human3
human3_lib1.final_cell_0459-2,86.09776,-20.213423,beta,12,beta,beta,human3
human3_lib1.final_cell_0460-2,80.666084,-1.763987,beta,12,beta,beta,human3
human3_lib1.final_cell_0461-2,22.102491,-62.89451,alpha,11,alpha,alpha,human3
human3_lib1.final_cell_0462-2,-59.18905,-1.7008879,ductal,3,ductal,ductal,human3
human3_lib1.final_cell_0463-2,77.62436,-31.992031,beta,12,beta,beta,human3
human3_lib1.final_cell_0464-2,23.031822,-62.631065,alpha,11,alpha,alpha,human3
human3_lib1.final_cell_0465-2,30.161825,-62.572018,alpha,11,alpha,alpha,human3
human3_lib1.final_cell_0466-2,18.122808,-54.305393,alpha,11,alpha,alpha,human3
human3_lib1.final_cell_0467-2,-34.13065,-33.844448,alpha,11,alpha,alpha,human3
human3_lib1.final_cell_0468-2,-35.18899,-33.604305,alpha,11,alpha,alpha,human3
human3_lib1.final_cell_0469-2,-51.470665,-4.9312363,ductal,3,ductal,ductal,human3
human3_lib1.final_cell_0470-2,-33.88593,2.0823803,activated_stellate,10,activated_stellate,activated_stellate,human3
human3_lib1.final_cell_0471-2,-25.172108,-45.896137,alpha,11,alpha,alpha,human3
human3_lib1.final_cell_0472-2,-23.033373,-41.13573,alpha,11,alpha,alpha,human3
human3_lib1.final_cell_0473-2,-10.893686,12.574398,delta,8,delta,delta,human3
human3_lib1.final_cell_0474-2,80.14238,-34.56591,beta,12,beta,beta,human3
human3_lib1.final_cell_0475-2,-8.435238,-61.759087,alpha,11,alpha,alpha,human3
human3_lib1.final_cell_0476-2,-17.246563,74.391624,acinar,1,acinar,acinar,human3
human3_lib1.final_cell_0477-2,-14.430996,-60.478638,alpha,11,alpha,alpha,human3
human3_lib1.final_cell_0478-2,31.233673,-71.11649,alpha,11,alpha,alpha,human3
human3_lib1.final_cell_0479-2,86.11358,-25.439934,beta,12,beta,beta,human3
human3_lib1.final_cell_0480-2,-73.588524,-9.998962,ductal,3,ductal,ductal,human3
human3_lib1.final_cell_0481-2,30.686274,-73.96394,alpha,11,alpha,alpha,human3
human3_lib1.final_cell_0482-2,-6.232326,8.545728,delta,8,delta,delta,human3
human3_lib1.final_cell_0483-2,-5.008254,55.507423,acinar,1,acinar,acinar,human3
human3_lib1.final_cell_0484-2,1.0955055,62.264404,acinar,1,acinar,acinar,human3
human3_lib1.final_cell_0485-2,83.20634,-2.9549212,beta,12,beta,beta,human3
human3_lib1.final_cell_0486-2,-2.2393837,-49.333496,alpha,11,alpha,alpha,human3
human3_lib1.final_cell_0487-2,-24.318554,-48.16374,alpha,11,alpha,alpha,human3
human3_lib1.final_cell_0488-2,-66.00243,-0.22083478,ductal,3,ductal,ductal,human3
human3_lib1.final_cell_0489-2,-91.63063,12.109488,macrophage,6,macrophage,macrophage,human3
human3_lib1.final_cell_0490-2,34.26045,-74.45714,alpha,11,alpha,alpha,human3
human3_lib1.final_cell_0491-2,-14.254345,11.83469,delta,8,delta,delta,human3
human3_lib1.final_cell_0492-2,81.83294,-19.836887,beta,12,beta,beta,human3
human3_lib1.final_cell_0493-2,-24.574259,-43.99988,alpha,11,alpha,alpha,human3
human3_lib1.final_cell_0494-2,74.94893,-32.121704,beta,12,beta,beta,human3
human3_lib1.final_cell_0495-2,-52.47897,-6.3473034,ductal,3,ductal,ductal,human3
human3_lib1.final_cell_0496-2,-69.75586,-7.646971,ductal,3,ductal,ductal,human3
human3_lib1.final_cell_0497-2,-36.412518,-31.7163,alpha,11,alpha,alpha,human3
human3_lib1.final_cell_0498-2,-16.13014,-62.03062,alpha,11,alpha,alpha,human3
human3_lib1.final_cell_0499-2,-27.872778,-2.8082232,activated_stellate,10,activated_stellate,activated_stellate,human3
human3_lib1.final_cell_0500-2,-60.40389,-4.4627786,ductal,3,ductal,ductal,human3
human3_lib1.final_cell_0501-2,-62.14826,23.559505,endothelial,0,endothelial,endothelial,human3
human3_lib1.final_cell_0502-2,-46.699116,-61.12486,gamma,7,gamma,gamma,human3
human3_lib1.final_cell_0503-2,-30.692274,-35.551167,alpha,11,alpha,alpha,human3
human3_lib1.final_cell_0504-2,77.69699,-36.205418,beta,12,beta,beta,human3
human3_lib1.final_cell_0505-2,2.269765,66.653305,acinar,1,acinar,acinar,human3
human3_lib1.final_cell_0506-2,27.71369,-54.795277,alpha,11,alpha,alpha,human3
human3_lib1.final_cell_0507-2,29.257637,-55.268265,alpha,11,alpha,alpha,human3
human3_lib1.final_cell_0508-2,20.874876,-57.07512,alpha,11,alpha,alpha,human3
human3_lib1.final_cell_0509-2,68.06023,-5.200648,beta,12,beta,beta,human3
human3_lib1.final_cell_0510-2,-26.805094,-41.504486,alpha,11,alpha,alpha,human3
human3_lib1.final_cell_0511-2,-4.435394,-37.543514,alpha,11,alpha,alpha,human3
human3_lib1.final_cell_0512-2,-43.994595,-63.345467,gamma,7,gamma,gamma,human3
human3_lib1.final_cell_0513-2,75.903885,-1.5197631,beta,12,beta,beta,human3
human3_lib1.final_cell_0514-2,31.456562,-70.22687,alpha,11,alpha,alpha,human3
human3_lib1.final_cell_0515-2,-65.67365,-9.272936,ductal,3,ductal,ductal,human3
human3_lib1.final_cell_0516-2,-7.1987653,11.374256,delta,8,delta,delta,human3
human3_lib1.final_cell_0517-2,-72.04414,41.55225,ductal,2,Unmatched_2,ductal,human3
human3_lib1.final_cell_0518-2,-26.12848,-32.910084,alpha,11,alpha,alpha,human3
human3_lib1.final_cell_0519-2,-6.9598927,-64.87384,alpha,11,alpha,alpha,human3
human3_lib1.final_cell_0520-2,-59.6444,25.457323,endothelial,0,endothelial,endothelial,human3
human3_lib1.final_cell_0521-2,26.35377,-75.244095,alpha,11,alpha,alpha,human3
human3_lib1.final_cell_0522-2,29.58153,-76.151436,alpha,11,alpha,alpha,human3
human3_lib1.final_cell_0523-2,51.216175,-16.255508,beta,12,beta,beta,human3
human3_lib1.final_cell_0524-2,-31.00395,1.1617775,activated_stellate,10,activated_stellate,activated_stellate,human3
human3_lib1.final_cell_0525-2,-28.68598,-36.374958,alpha,11,alpha,alpha,human3
human3_lib1.final_cell_0526-2,-10.764587,74.37538,acinar,1,acinar,acinar,human3
human3_lib1.final_cell_0527-2,19.690416,-52.97406,alpha,11,alpha,alpha,human3
human3_lib1.final_cell_0528-2,77.49891,-33.707558,beta,12,beta,beta,human3
human3_lib1.final_cell_0529-2,-59.073257,-4.5060787,ductal,3,ductal,ductal,human3
human3_lib1.final_cell_0530-2,1.7138749,51.799263,acinar,1,acinar,acinar,human3
human3_lib1.final_cell_0531-2,71.7624,-1.1215025,beta,12,beta,beta,human3
human3_lib1.final_cell_0532-2,-6.533367,-20.684422,beta,15,epsilon,quiescent_stellate,human3
human3_lib1.final_cell_0533-2,74.28459,-35.842777,beta,12,beta,beta,human3
human3_lib1.final_cell_0534-2,-50.399826,-59.099503,alpha,7,gamma,gamma,human3
human3_lib1.final_cell_0535-2,-13.211163,12.372965,delta,8,delta,delta,human3
human3_lib1.final_cell_0536-2,7.3879027,58.22237,acinar,1,acinar,acinar,human3
human3_lib1.final_cell_0537-2,32.467236,-76.4357,alpha,11,alpha,alpha,human3
human3_lib1.final_cell_0538-2,60.97904,-6.698861,beta,12,beta,beta,human3
human3_lib1.final_cell_0539-2,-36.874813,-33.362038,alpha,11,alpha,alpha,human3
human3_lib1.final_cell_0540-2,-59.501316,-14.241869,ductal,3,ductal,ductal,human3
human3_lib1.final_cell_0541-2,-22.193342,-34.46893,alpha,11,alpha,alpha,human3
human3_lib1.final_cell_0542-2,-29.710358,-41.912434,alpha,11,alpha,alpha,human3
human3_lib1.final_cell_0543-2,82.85548,-11.693506,beta,12,beta,beta,human3
human3_lib1.final_cell_0544-2,-28.64209,-36.174435,alpha,11,alpha,alpha,human3
human3_lib1.final_cell_0545-2,3.689232,70.29158,acinar,1,acinar,acinar,human3
human3_lib1.final_cell_0546-2,6.9189115,51.807682,acinar,1,acinar,acinar,human3
human3_lib1.final_cell_0547-2,81.1516,-30.509415,beta,12,beta,beta,human3
human3_lib1.final_cell_0548-2,79.85711,-6.0714397,beta,12,beta,beta,human3
human3_lib1.final_cell_0549-2,-25.014576,-41.150066,alpha,11,alpha,alpha,human3
human3_lib1.final_cell_0550-2,-57.29663,-13.9578,ductal,3,ductal,ductal,human3
human3_lib1.final_cell_0551-2,-57.151424,2.697604,ductal,3,ductal,ductal,human3
human3_lib1.final_cell_0552-2,-31.029299,-31.38673,alpha,11,alpha,alpha,human3
human3_lib1.final_cell_0553-2,81.11357,-4.2140265,beta,12,beta,beta,human3
human3_lib1.final_cell_0554-2,-69.95489,-8.5968,ductal,3,ductal,ductal,human3
human3_lib1.final_cell_0555-2,-0.14574593,-68.73023,alpha,11,alpha,alpha,human3
human3_lib1.final_cell_0556-2,-90.93061,12.537223,macrophage,6,macrophage,macrophage,human3
human3_lib1.final_cell_0557-2,-54.876316,-14.559653,ductal,3,ductal,ductal,human3
human3_lib1.final_cell_0558-2,-3.6677518,54.43953,acinar,1,acinar,acinar,human3
human3_lib1.final_cell_0559-2,76.07055,-6.5613813,beta,12,beta,beta,human3
human3_lib1.final_cell_0560-2,-14.758709,54.26036,acinar,1,acinar,acinar,human3
human3_lib1.final_cell_0561-2,73.5629,-5.037701,beta,12,beta,beta,human3
human3_lib1.final_cell_0562-2,-69.368996,-14.562619,ductal,3,ductal,ductal,human3
human3_lib1.final_cell_0563-2,-47.393753,-62.066826,gamma,7,gamma,gamma,human3
human3_lib1.final_cell_0564-2,-62.879013,-10.710689,ductal,3,ductal,ductal,human3
human3_lib1.final_cell_0565-2,17.081032,-48.686676,alpha,11,alpha,alpha,human3
human3_lib1.final_cell_0566-2,-23.78562,-33.69747,alpha,11,alpha,alpha,human3
human3_lib1.final_cell_0567-2,-51.249516,-0.52805066,ductal,3,ductal,ductal,human3
human3_lib1.final_cell_0568-2,-25.662802,-42.149353,alpha,11,alpha,alpha,human3
human3_lib1.final_cell_0569-2,6.3436747,-53.326767,alpha,11,alpha,alpha,human3
human3_lib1.final_cell_0570-2,-13.662336,12.605372,delta,8,delta,delta,human3
human3_lib1.final_cell_0571-2,-54.021275,-9.949833,ductal,3,ductal,ductal,human3
human3_lib1.final_cell_0572-2,-4.250683,63.241028,acinar,1,acinar,acinar,human3
human3_lib1.final_cell_0573-2,-30.778606,-38.812275,alpha,11,alpha,alpha,human3
human3_lib1.final_cell_0574-2,26.047457,-69.98525,alpha,11,alpha,alpha,human3
human3_lib1.final_cell_0575-2,-26.564352,-42.397636,alpha,11,alpha,alpha,human3
human3_lib1.final_cell_0576-2,-74.49325,-9.101215,ductal,3,ductal,ductal,human3
human3_lib1.final_cell_0577-2,-56.33067,-9.846905,ductal,3,ductal,ductal,human3
human3_lib1.final_cell_0578-2,-62.933037,-6.31967,ductal,3,ductal,ductal,human3
human3_lib1.final_cell_0579-2,-56.669876,-5.6349216,ductal,3,ductal,ductal,human3
human3_lib1.final_cell_0580-2,-6.7552433,61.528492,acinar,1,acinar,acinar,human3
human3_lib1.final_cell_0581-2,-28.530853,-47.791977,alpha,11,alpha,alpha,human3
human3_lib1.final_cell_0582-2,-1.0560848,-62.880352,alpha,11,alpha,alpha,human3
human3_lib1.final_cell_0583-2,-4.684377,17.631592,delta,8,delta,delta,human3
human3_lib1.final_cell_0584-2,1.1371286,26.6776,delta,8,delta,delta,human3
human3_lib1.final_cell_0585-2,-49.311737,-70.96069,alpha,7,gamma,gamma,human3
human3_lib1.final_cell_0586-2,31.557007,-70.96738,alpha,11,alpha,alpha,human3
human3_lib1.final_cell_0587-2,-71.85699,41.854927,ductal,2,Unmatched_2,ductal,human3
human3_lib1.final_cell_0588-2,-6.4862804,68.39249,acinar,1,acinar,acinar,human3
human3_lib1.final_cell_0589-2,31.60343,-70.836174,alpha,11,alpha,alpha,human3
human3_lib1.final_cell_0590-2,-32.309864,-40.610878,alpha,11,alpha,alpha,human3
human3_lib1.final_cell_0591-2,67.715515,-0.5220959,beta,12,beta,beta,human3
human3_lib1.final_cell_0592-2,19.301348,-65.97903,alpha,11,alpha,alpha,human3
human3_lib1.final_cell_0593-2,-34.6151,4.273463,activated_stellate,10,activated_stellate,activated_stellate,human3
human3_lib1.final_cell_0594-2,-62.88945,-0.15912169,ductal,3,ductal,ductal,human3
human3_lib1.final_cell_0595-2,4.942209,-44.591732,alpha,11,alpha,alpha,human3
human3_lib1.final_cell_0596-2,-28.329737,-1.6241732,activated_stellate,10,activated_stellate,activated_stellate,human3
human3_lib1.final_cell_0597-2,-1.2014769,-68.75925,alpha,11,alpha,alpha,human3
human3_lib1.final_cell_0598-2,9.827427,56.88638,acinar,1,acinar,acinar,human3
human3_lib1.final_cell_0599-2,-59.106346,-0.6600685,ductal,3,ductal,ductal,human3
human3_lib1.final_cell_0600-2,-4.521485,-69.61838,alpha,11,alpha,alpha,human3
human3_lib1.final_cell_0601-2,4.764053,-56.2151,alpha,11,alpha,alpha,human3
human3_lib1.final_cell_0602-2,34.326862,-59.76109,alpha,11,alpha,alpha,human3
human3_lib1.final_cell_0603-2,-11.980245,61.816135,acinar,1,acinar,acinar,human3
human3_lib1.final_cell_0604-2,-28.187109,0.59396625,activated_stellate,10,activated_stellate,activated_stellate,human3
human3_lib1.final_cell_0605-2,-52.922512,38.77704,endothelial,0,endothelial,endothelial,human3
human3_lib1.final_cell_0606-2,84.131935,-30.973175,beta,12,beta,beta,human3
human3_lib1.final_cell_0607-2,-3.6723592,-33.916122,alpha,11,alpha,alpha,human3
human3_lib1.final_cell_0608-2,-58.964985,-13.8060465,ductal,3,ductal,ductal,human3
human3_lib1.final_cell_0609-2,15.872872,-62.889572,alpha,11,alpha,alpha,human3
human3_lib1.final_cell_0610-2,86.29759,-26.359818,beta,12,beta,beta,human3
human3_lib1.final_cell_0611-2,6.68836,-70.93098,alpha,11,alpha,alpha,human3
human3_lib1.final_cell_0612-2,-1.4895518,-46.838932,alpha,11,alpha,alpha,human3
human3_lib1.final_cell_0613-2,-37.623413,16.416779,quiescent_stellate,13,quiescent_stellate,quiescent_stellate,human3
human3_lib1.final_cell_0614-2,-53.63693,2.7868495,ductal,3,ductal,ductal,human3
human3_lib1.final_cell_0615-2,-58.93674,-8.158265,ductal,3,ductal,ductal,human3
human3_lib1.final_cell_0616-2,34.044117,-74.5672,alpha,11,alpha,alpha,human3
human3_lib1.final_cell_0617-2,2.6900365,-56.582245,alpha,11,alpha,alpha,human3
human3_lib1.final_cell_0618-2,-5.867693,64.47894,acinar,1,acinar,acinar,human3
human3_lib1.final_cell_0619-2,-0.8827364,58.380535,acinar,1,acinar,acinar,human3
human3_lib1.final_cell_0620-2,25.044273,-66.05781,alpha,11,alpha,alpha,human3
human3_lib1.final_cell_0621-2,82.93548,-2.7053401,beta,12,beta,beta,human3
human3_lib1.final_cell_0622-2,13.287169,-52.175243,alpha,11,alpha,alpha,human3
human3_lib1.final_cell_0623-2,0.73987174,15.505523,delta,8,delta,delta,human3
human3_lib1.final_cell_0624-2,-28.575602,-31.75583,alpha,11,alpha,alpha,human3
human3_lib1.final_cell_0625-2,-12.373952,70.59936,acinar,1,acinar,acinar,human3
human3_lib1.final_cell_0626-2,74.13177,-34.08095,beta,12,beta,beta,human3
human3_lib1.final_cell_0627-2,-9.639576,58.001575,acinar,1,acinar,acinar,human3
human3_lib1.final_cell_0628-2,-0.09551284,53.29312,acinar,1,acinar,acinar,human3
human3_lib1.final_cell_0629-2,-5.3508277,-30.008623,alpha,11,alpha,alpha,human3
human3_lib1.final_cell_0630-2,-52.57271,0.86585575,ductal,3,ductal,ductal,human3
human3_lib1.final_cell_0631-2,-34.258965,-32.44818,alpha,11,alpha,alpha,human3
human3_lib1.final_cell_0632-2,-26.33277,-32.816254,alpha,11,alpha,alpha,human3
human3_lib1.final_cell_0633-2,-53.31828,29.532984,endothelial,0,endothelial,endothelial,human3
human3_lib1.final_cell_0634-2,-52.12551,-6.8735056,ductal,3,ductal,ductal,human3
human3_lib1.final_cell_0635-2,-75.1473,-9.480046,ductal,3,ductal,ductal,human3
human3_lib1.final_cell_0636-2,-57.244984,-16.396229,ductal,3,ductal,ductal,human3
human3_lib1.final_cell_0637-2,-12.587437,-62.108994,alpha,11,alpha,alpha,human3
human3_lib1.final_cell_0638-2,-15.942741,-59.677486,alpha,11,alpha,alpha,human3
human3_lib1.final_cell_0639-2,-28.708015,1.4784493,activated_stellate,10,activated_stellate,activated_stellate,human3
human3_lib1.final_cell_0640-2,78.69972,-18.366358,beta,12,beta,beta,human3
human3_lib1.final_cell_0641-2,-6.911184,-19.149834,alpha,11,alpha,alpha,human3
human3_lib1.final_cell_0642-2,-10.432391,56.36198,acinar,1,acinar,acinar,human3
human3_lib1.final_cell_0643-2,-37.606148,-65.85759,gamma,7,gamma,gamma,human3
human3_lib1.final_cell_0644-2,-3.4074075,-63.428295,alpha,11,alpha,alpha,human3
human3_lib1.final_cell_0645-2,-26.828016,-36.13152,alpha,11,alpha,alpha,human3
human3_lib1.final_cell_0646-2,-60.068874,-7.75592,ductal,3,ductal,ductal,human3
human3_lib1.final_cell_0647-2,44.377335,-39.35924,mast,4,mast,mast,human3
human3_lib1.final_cell_0648-2,-54.19712,-6.979735,ductal,3,ductal,ductal,human3
human3_lib1.final_cell_0649-2,5.500863,-67.02553,alpha,11,alpha,alpha,human3
human3_lib1.final_cell_0650-2,-1.5782455,54.249916,acinar,1,acinar,acinar,human3
human3_lib1.final_cell_0651-2,-27.213732,-36.574253,alpha,11,alpha,alpha,human3
human3_lib1.final_cell_0652-2,-36.51152,15.23896,quiescent_stellate,15,epsilon,quiescent_stellate,human3
human3_lib1.final_cell_0653-2,-31.766611,1.299625,activated_stellate,10,activated_stellate,activated_stellate,human3
human3_lib1.final_cell_0654-2,77.660835,-9.772177,beta,12,beta,beta,human3
human3_lib1.final_cell_0655-2,1.9702054,51.71076,acinar,1,acinar,acinar,human3
human3_lib1.final_cell_0656-2,-2.1724954,-52.15998,alpha,11,alpha,alpha,human3
human3_lib1.final_cell_0657-2,21.882654,-70.90119,alpha,11,alpha,alpha,human3
human3_lib1.final_cell_0658-2,-32.423298,-42.616646,alpha,11,alpha,alpha,human3
human3_lib1.final_cell_0659-2,-57.807518,-8.596885,ductal,3,ductal,ductal,human3
human3_lib1.final_cell_0660-2,5.796482,63.724155,acinar,1,acinar,acinar,human3
human3_lib1.final_cell_0661-2,-9.898586,58.58186,acinar,1,acinar,acinar,human3
human3_lib1.final_cell_0662-2,-54.350967,27.585203,endothelial,0,endothelial,endothelial,human3
human3_lib1.final_cell_0663-2,-55.330936,0.5366241,ductal,3,ductal,ductal,human3
human3_lib1.final_cell_0664-2,11.992413,-50.321484,alpha,11,alpha,alpha,human3
human3_lib1.final_cell_0665-2,-14.179905,15.056263,delta,8,delta,delta,human3
human3_lib1.final_cell_0666-2,-29.000057,-42.356365,alpha,11,alpha,alpha,human3
human3_lib1.final_cell_0667-2,-50.761578,-0.4306822,ductal,3,ductal,ductal,human3
human3_lib1.final_cell_0668-2,30.263634,-78.21332,alpha,11,alpha,alpha,human3
human3_lib1.final_cell_0669-2,-27.605576,3.5530734,activated_stellate,15,epsilon,quiescent_stellate,human3
human3_lib1.final_cell_0670-2,-60.583324,-17.382788,ductal,3,ductal,ductal,human3
human3_lib1.final_cell_0671-2,76.3057,-5.837342,beta,12,beta,beta,human3
human3_lib1.final_cell_0672-2,-56.181293,-5.065227,ductal,3,ductal,ductal,human3
human3_lib1.final_cell_0673-2,82.83034,-12.592091,beta,12,beta,beta,human3
human3_lib1.final_cell_0674-2,-32.536407,-37.509983,alpha,11,alpha,alpha,human3
human3_lib1.final_cell_0675-2,-14.642372,-59.2502,alpha,11,alpha,alpha,human3
human3_lib1.final_cell_0676-2,-73.83197,-8.08105,ductal,3,ductal,ductal,human3
human3_lib1.final_cell_0677-2,-2.9619894,-70.47846,alpha,11,alpha,alpha,human3
human3_lib1.final_cell_0678-2,-11.070433,-62.526047,alpha,11,alpha,alpha,human3
human3_lib1.final_cell_0679-2,-10.225189,-64.75121,alpha,11,alpha,alpha,human3
human3_lib1.final_cell_0680-2,-12.505643,-67.316025,alpha,11,alpha,alpha,human3
human3_lib1.final_cell_0681-2,0.6167211,-65.43045,alpha,11,alpha,alpha,human3
human3_lib1.final_cell_0682-2,-27.26521,0.5572375,activated_stellate,10,activated_stellate,activated_stellate,human3
human3_lib1.final_cell_0683-2,-10.431092,79.06801,acinar,1,acinar,acinar,human3
human3_lib1.final_cell_0684-2,83.93382,-28.6464,beta,12,beta,beta,human3
human3_lib1.final_cell_0685-2,-29.174053,-33.949974,alpha,11,alpha,alpha,human3
human3_lib1.final_cell_0686-2,-35.983505,17.511961,quiescent_stellate,13,quiescent_stellate,quiescent_stellate,human3
human3_lib1.final_cell_0687-2,32.591732,-56.670223,alpha,11,alpha,alpha,human3
human3_lib1.final_cell_0688-2,-14.140198,-61.52541,alpha,11,alpha,alpha,human3
human3_lib1.final_cell_0689-2,-1.7375101,-64.617294,alpha,11,alpha,alpha,human3
human3_lib1.final_cell_0690-2,4.618377,-71.97519,alpha,11,alpha,alpha,human3
human3_lib1.final_cell_0691-2,-27.847656,-3.1883488,activated_stellate,10,activated_stellate,activated_stellate,human3
human3_lib1.final_cell_0692-2,32.98866,-56.71059,alpha,11,alpha,alpha,human3
human3_lib1.final_cell_0693-2,-30.82318,-39.791428,alpha,11,alpha,alpha,human3
human3_lib1.final_cell_0694-2,-31.031782,-40.620735,alpha,11,alpha,alpha,human3
human3_lib1.final_cell_0695-2,13.770335,-57.671055,alpha,11,alpha,alpha,human3
human3_lib1.final_cell_0696-2,82.63846,-31.284529,beta,12,beta,beta,human3
human3_lib1.final_cell_0697-2,-59.434906,29.629915,endothelial,0,endothelial,endothelial,human3
human3_lib1.final_cell_0698-2,-6.2042904,60.700874,acinar,1,acinar,acinar,human3
human3_lib1.final_cell_0699-2,-29.742472,-44.626175,alpha,11,alpha,alpha,human3
human3_lib1.final_cell_0700-2,-34.61927,20.727575,quiescent_stellate,13,quiescent_stellate,quiescent_stellate,human3
human3_lib1.final_cell_0701-2,-21.947931,-48.57006,alpha,11,alpha,alpha,human3
human3_lib1.final_cell_0702-2,-69.81742,-15.089499,ductal,3,ductal,ductal,human3
human3_lib1.final_cell_0703-2,-41.800884,-32.482967,alpha,15,epsilon,quiescent_stellate,human3
human3_lib1.final_cell_0704-2,-30.621576,15.75984,quiescent_stellate,15,epsilon,quiescent_stellate,human3
human3_lib1.final_cell_0705-2,-26.476149,-41.169453,alpha,11,alpha,alpha,human3
human3_lib1.final_cell_0706-2,-72.78906,41.848854,ductal,2,Unmatched_2,ductal,human3
human3_lib1.final_cell_0707-2,86.59253,-6.8629084,beta,12,beta,beta,human3
human3_lib1.final_cell_0708-2,22.74007,-63.64949,alpha,11,alpha,alpha,human3
human3_lib1.final_cell_0709-2,-59.083015,0.8018386,ductal,3,ductal,ductal,human3
human3_lib1.final_cell_0710-2,-35.95776,4.0472064,activated_stellate,10,activated_stellate,activated_stellate,human3
human3_lib1.final_cell_0711-2,-66.46083,-11.599061,ductal,3,ductal,ductal,human3
human3_lib1.final_cell_0712-2,-28.854008,-47.342636,alpha,11,alpha,alpha,human3
human3_lib1.final_cell_0713-2,79.63613,-4.5185685,beta,12,beta,beta,human3
human3_lib1.final_cell_0714-2,53.80967,-15.154034,beta,12,beta,beta,human3
human3_lib1.final_cell_0715-2,25.837944,-62.93138,alpha,11,alpha,alpha,human3
human3_lib1.final_cell_0716-2,26.209822,-76.61684,alpha,11,alpha,alpha,human3
human3_lib1.final_cell_0717-2,34.81189,-63.48786,alpha,11,alpha,alpha,human3
human3_lib1.final_cell_0718-2,-5.089124,11.728186,delta,8,delta,delta,human3
human3_lib1.final_cell_0719-2,-58.564224,-4.488872,ductal,3,ductal,ductal,human3
human3_lib1.final_cell_0720-2,-52.953533,38.417503,endothelial,0,endothelial,endothelial,human3
human3_lib1.final_cell_0721-2,77.456276,-3.029311,beta,12,beta,beta,human3
human3_lib1.final_cell_0722-2,-23.029734,-45.6294,alpha,11,alpha,alpha,human3
human3_lib1.final_cell_0723-2,-87.212456,17.026218,alpha,5,t_cell,t_cell,human3
human3_lib1.final_cell_0724-2,-70.950195,-9.744779,ductal,3,ductal,ductal,human3
human3_lib1.final_cell_0725-2,-53.334846,28.842865,endothelial,0,endothelial,endothelial,human3
human3_lib1.final_cell_0726-2,-35.371956,-27.799152,alpha,11,alpha,alpha,human3
human3_lib1.final_cell_0727-2,7.5033083,-65.82194,alpha,11,alpha,alpha,human3
human3_lib1.final_cell_0728-2,84.85575,-22.460375,beta,12,beta,beta,human3
human3_lib1.final_cell_0729-2,-13.302531,-59.68006,alpha,11,alpha,alpha,human3
human3_lib1.final_cell_0730-2,-53.638165,-3.3105426,ductal,3,ductal,ductal,human3
human3_lib1.final_cell_0731-2,24.15185,-79.26567,alpha,15,epsilon,quiescent_stellate,human3
human3_lib1.final_cell_0732-2,6.4985857,53.111546,acinar,1,acinar,acinar,human3
human3_lib1.final_cell_0733-2,-44.026127,-60.00003,gamma,7,gamma,gamma,human3
human3_lib1.final_cell_0734-2,-50.873062,27.149689,endothelial,0,endothelial,endothelial,human3
human3_lib1.final_cell_0735-2,-23.977577,-39.201077,alpha,11,alpha,alpha,human3
human3_lib1.final_cell_0736-2,-55.269123,2.6962578,ductal,3,ductal,ductal,human3
human3_lib1.final_cell_0737-2,-40.92379,-34.06998,alpha,11,alpha,alpha,human3
human3_lib1.final_cell_0738-2,27.722706,17.93845,beta,12,beta,beta,human3
human3_lib1.final_cell_0739-2,-59.91338,26.335054,endothelial,0,endothelial,endothelial,human3
human3_lib1.final_cell_0740-2,-52.869297,31.743376,endothelial,0,endothelial,endothelial,human3
human3_lib1.final_cell_0741-2,51.687847,-4.389942,beta,15,epsilon,quiescent_stellate,human3
human3_lib1.final_cell_0742-2,28.11202,-54.340805,alpha,11,alpha,alpha,human3
human3_lib1.final_cell_0743-2,-57.64914,-12.508791,ductal,3,ductal,ductal,human3
human3_lib1.final_cell_0744-2,-33.352516,-41.592552,alpha,11,alpha,alpha,human3
human3_lib1.final_cell_0745-2,24.237072,-75.26995,alpha,11,alpha,alpha,human3
human3_lib1.final_cell_0746-2,17.279478,-48.953423,alpha,11,alpha,alpha,human3
human3_lib1.final_cell_0747-2,-28.681067,2.3985956,activated_stellate,10,activated_stellate,activated_stellate,human3
human3_lib1.final_cell_0748-2,31.364952,-53.909225,alpha,11,alpha,alpha,human3
human3_lib1.final_cell_0749-2,-34.3361,14.966755,quiescent_stellate,13,quiescent_stellate,quiescent_stellate,human3
human3_lib1.final_cell_0750-2,86.7884,-26.844921,beta,12,beta,beta,human3
human3_lib1.final_cell_0751-2,-1.2463028,7.9892287,delta,8,delta,delta,human3
human3_lib1.final_cell_0752-2,68.42842,-5.8665533,beta,12,beta,beta,human3
human3_lib1.final_cell_0753-2,-38.09887,3.9116719,activated_stellate,10,activated_stellate,activated_stellate,human3
human3_lib1.final_cell_0754-2,-55.48488,30.171587,endothelial,0,endothelial,endothelial,human3
human3_lib1.final_cell_0755-2,-5.1165357,7.8894205,delta,8,delta,delta,human3
human3_lib1.final_cell_0756-2,-73.83598,-5.013458,ductal,3,ductal,ductal,human3
human3_lib1.final_cell_0757-2,87.95806,-19.74254,beta,12,beta,beta,human3
human3_lib1.final_cell_0758-2,71.695404,-3.198242,beta,12,beta,beta,human3
human3_lib1.final_cell_0759-2,-36.78544,-28.84307,alpha,11,alpha,alpha,human3
human3_lib1.final_cell_0760-2,-53.083942,38.305458,endothelial,0,endothelial,endothelial,human3
human3_lib1.final_cell_0761-2,-35.355206,3.835969,activated_stellate,10,activated_stellate,activated_stellate,human3
human3_lib1.final_cell_0762-2,-8.148313,-59.000217,alpha,11,alpha,alpha,human3
human3_lib1.final_cell_0763-2,-34.82921,-28.787199,alpha,11,alpha,alpha,human3
human3_lib1.final_cell_0764-2,80.49582,-8.130731,beta,12,beta,beta,human3
human3_lib1.final_cell_0765-2,-73.33845,44.136955,ductal,2,Unmatched_2,ductal,human3
human3_lib1.final_cell_0766-2,38.633,17.511517,beta,12,beta,beta,human3
human3_lib1.final_cell_0767-2,-37.742016,17.013807,quiescent_stellate,13,quiescent_stellate,quiescent_stellate,human3
human3_lib1.final_cell_0768-2,-44.04607,-61.86127,gamma,7,gamma,gamma,human3
human3_lib1.final_cell_0769-2,13.737453,-57.71175,alpha,11,alpha,alpha,human3
human3_lib1.final_cell_0770-2,-87.56932,17.012749,beta,5,t_cell,t_cell,human3
human3_lib1.final_cell_0771-2,-17.98366,53.317387,acinar,1,acinar,acinar,human3
human3_lib1.final_cell_0772-2,-67.42535,-7.418356,ductal,3,ductal,ductal,human3
human3_lib1.final_cell_0773-2,-29.662725,-39.706303,alpha,11,alpha,alpha,human3
human3_lib1.final_cell_0774-2,-52.504337,27.106934,endothelial,0,endothelial,endothelial,human3
human3_lib1.final_cell_0775-2,60.13695,-9.31579,beta,12,beta,beta,human3
human3_lib1.final_cell_0776-2,3.4584255,-63.92135,alpha,11,alpha,alpha,human3
human3_lib1.final_cell_0777-2,-13.26783,57.00586,acinar,1,acinar,acinar,human3
human3_lib1.final_cell_0778-2,-11.702749,78.79086,acinar,1,acinar,acinar,human3
human3_lib1.final_cell_0779-2,22.362007,-74.12857,alpha,11,alpha,alpha,human3
human3_lib1.final_cell_0780-2,-29.392775,-44.228973,alpha,11,alpha,alpha,human3
human3_lib1.final_cell_0781-2,75.40679,-3.7442207,beta,12,beta,beta,human3
human3_lib1.final_cell_0782-2,72.65373,3.1909368,beta,12,beta,beta,human3
human3_lib1.final_cell_0783-2,-34.192936,-29.171474,alpha,11,alpha,alpha,human3
human3_lib1.final_cell_0784-2,-33.589592,15.397383,quiescent_stellate,13,quiescent_stellate,quiescent_stellate,human3
human3_lib1.final_cell_0785-2,-28.456553,-36.849136,alpha,11,alpha,alpha,human3
human3_lib1.final_cell_0786-2,-52.12728,32.05596,endothelial,0,endothelial,endothelial,human3
human3_lib1.final_cell_0787-2,-35.547974,18.581743,quiescent_stellate,13,quiescent_stellate,quiescent_stellate,human3
human3_lib1.final_cell_0788-2,78.849236,-4.8668323,beta,12,beta,beta,human3
human3_lib1.final_cell_0789-2,53.18215,43.123653,beta,12,beta,beta,human3
human3_lib1.final_cell_0790-2,-9.185786,78.53876,acinar,1,acinar,acinar,human3
human3_lib1.final_cell_0791-2,88.740654,-22.563707,beta,12,beta,beta,human3
human3_lib1.final_cell_0792-2,-25.842323,-34.954746,alpha,11,alpha,alpha,human3
human3_lib1.final_cell_0793-2,-54.079372,-11.695801,ductal,3,ductal,ductal,human3
human3_lib1.final_cell_0794-2,-12.693621,55.32102,acinar,1,acinar,acinar,human3
human3_lib1.final_cell_0795-2,75.56213,-37.45401,beta,12,beta,beta,human3
human3_lib1.final_cell_0796-2,-34.80965,-28.398481,alpha,11,alpha,alpha,human3
human3_lib1.final_cell_0797-2,-6.764491,-19.443256,alpha,11,alpha,alpha,human3
human3_lib1.final_cell_0798-2,-59.141315,34.75155,endothelial,0,endothelial,endothelial,human3
human3_lib1.final_cell_0799-2,-34.484417,-28.58967,alpha,11,alpha,alpha,human3
human3_lib1.final_cell_0800-2,-26.050308,-42.504257,alpha,11,alpha,alpha,human3
human3_lib1.final_cell_0801-2,83.200264,-31.106804,beta,12,beta,beta,human3
human3_lib1.final_cell_0802-2,-25.52526,0.24845889,quiescent_stellate,15,epsilon,quiescent_stellate,human3
human3_lib1.final_cell_0803-2,84.053764,-27.992575,beta,12,beta,beta,human3
human3_lib1.final_cell_0804-2,78.310486,-15.214183,beta,12,beta,beta,human3
human3_lib1.final_cell_0805-2,83.16079,-25.048183,beta,12,beta,beta,human3
human3_lib1.final_cell_0806-2,12.564071,-64.47884,alpha,11,alpha,alpha,human3
human3_lib1.final_cell_0807-2,-30.132042,-42.880913,alpha,11,alpha,alpha,human3
human3_lib1.final_cell_0808-2,-7.0299716,-68.21344,alpha,11,alpha,alpha,human3
human3_lib1.final_cell_0809-2,-30.262781,-38.625843,alpha,11,alpha,alpha,human3
human3_lib1.final_cell_0810-2,-24.478577,51.682167,acinar,1,acinar,acinar,human3
human3_lib1.final_cell_0811-2,79.21955,-7.7103186,beta,12,beta,beta,human3
human3_lib1.final_cell_0812-2,-10.975481,60.478653,acinar,1,acinar,acinar,human3
human3_lib1.final_cell_0813-2,-14.97839,-63.812824,alpha,11,alpha,alpha,human3
human3_lib1.final_cell_0814-2,-57.952797,-7.3982325,ductal,3,ductal,ductal,human3
human3_lib1.final_cell_0815-2,-7.8041954,10.996553,delta,8,delta,delta,human3
human3_lib1.final_cell_0816-2,-13.7424,23.86083,delta,8,delta,delta,human3
human3_lib1.final_cell_0817-2,77.49179,-24.025042,beta,12,beta,beta,human3
human3_lib1.final_cell_0818-2,-0.65656286,-60.547092,alpha,11,alpha,alpha,human3
human3_lib1.final_cell_0819-2,27.327145,-71.55383,alpha,11,alpha,alpha,human3
human3_lib1.final_cell_0820-2,-33.559174,11.840165,activated_stellate,15,epsilon,quiescent_stellate,human3
human3_lib1.final_cell_0821-2,78.28425,-8.77048,beta,12,beta,beta,human3
human3_lib1.final_cell_0822-2,74.95606,-3.1784248,beta,12,beta,beta,human3
human3_lib1.final_cell_0823-2,-58.77787,28.774984,endothelial,0,endothelial,endothelial,human3
human3_lib1.final_cell_0824-2,-60.323017,26.479212,endothelial,0,endothelial,endothelial,human3
human3_lib1.final_cell_0825-2,75.66783,-31.047255,beta,12,beta,beta,human3
human3_lib1.final_cell_0826-2,-10.260615,-65.40765,alpha,11,alpha,alpha,human3
human3_lib1.final_cell_0827-2,-51.470806,-0.6929681,ductal,3,ductal,ductal,human3
human3_lib1.final_cell_0828-2,28.60927,-69.346,alpha,11,alpha,alpha,human3
human3_lib1.final_cell_0829-2,19.696215,-62.44273,alpha,11,alpha,alpha,human3
human3_lib1.final_cell_0830-2,23.580692,-72.67952,alpha,11,alpha,alpha,human3
human3_lib1.final_cell_0831-2,-50.90174,27.431194,endothelial,0,endothelial,endothelial,human3
human3_lib1.final_cell_0832-2,30.8822,-68.862335,alpha,11,alpha,alpha,human3
human3_lib1.final_cell_0833-2,-11.69783,-59.077812,alpha,11,alpha,alpha,human3
human3_lib1.final_cell_0834-2,75.12291,-8.704813,beta,12,beta,beta,human3
human3_lib1.final_cell_0835-2,-60.944107,-0.3984117,ductal,3,ductal,ductal,human3
human3_lib1.final_cell_0836-2,67.73032,-5.4266796,beta,12,beta,beta,human3
human3_lib1.final_cell_0837-2,83.78319,-10.279834,beta,12,beta,beta,human3
human3_lib1.final_cell_0838-2,-7.0643797,-28.443995,alpha,11,alpha,alpha,human3
human3_lib1.final_cell_0839-2,-29.470901,-41.89268,alpha,11,alpha,alpha,human3
human3_lib1.final_cell_0840-2,78.21103,-12.206698,beta,12,beta,beta,human3
human3_lib1.final_cell_0841-2,-54.288548,-8.503101,ductal,3,ductal,ductal,human3
human3_lib1.final_cell_0842-2,-37.633686,16.411673,quiescent_stellate,13,quiescent_stellate,quiescent_stellate,human3
human3_lib1.final_cell_0843-2,33.672176,-75.04488,alpha,11,alpha,alpha,human3
human3_lib1.final_cell_0844-2,-58.060368,-0.32112908,ductal,3,ductal,ductal,human3
human3_lib1.final_cell_0845-2,74.60258,-9.428613,beta,12,beta,beta,human3
human3_lib1.final_cell_0846-2,85.192505,-12.55243,beta,12,beta,beta,human3
human3_lib1.final_cell_0847-2,-9.680332,11.81635,delta,8,delta,delta,human3
human3_lib1.final_cell_0848-2,-36.160156,18.662539,quiescent_stellate,13,quiescent_stellate,quiescent_stellate,human3
human3_lib1.final_cell_0849-2,-11.3104,10.791368,delta,8,delta,delta,human3
human3_lib1.final_cell_0850-2,82.4515,-12.125624,beta,12,beta,beta,human3
human3_lib1.final_cell_0851-2,-58.22776,-6.105373,ductal,3,ductal,ductal,human3
human3_lib1.final_cell_0852-2,77.45745,-32.104332,beta,12,beta,beta,human3
human3_lib1.final_cell_0853-2,-33.913033,11.927024,endothelial,15,epsilon,quiescent_stellate,human3
human3_lib1.final_cell_0854-2,66.23921,-4.1039424,beta,12,beta,beta,human3
human3_lib1.final_cell_0855-2,-52.81851,27.332401,endothelial,0,endothelial,endothelial,human3
human3_lib1.final_cell_0856-2,61.541187,-7.5002007,beta,12,beta,beta,human3
human3_lib1.final_cell_0857-2,-53.89383,-11.181533,ductal,3,ductal,ductal,human3
human3_lib1.final_cell_0858-2,-55.7016,2.3317852,ductal,3,ductal,ductal,human3
human3_lib1.final_cell_0859-2,3.446123,-44.800644,alpha,11,alpha,alpha,human3
human3_lib1.final_cell_0860-2,33.347107,-75.2124,alpha,11,alpha,alpha,human3
human3_lib1.final_cell_0861-2,-46.19725,-60.61027,gamma,7,gamma,gamma,human3
human3_lib1.final_cell_0862-2,64.99272,-5.576478,beta,12,beta,beta,human3
human3_lib1.final_cell_0863-2,-60.119896,33.957386,endothelial,0,endothelial,endothelial,human3
human3_lib1.final_cell_0864-2,-59.92687,34.815052,endothelial,0,endothelial,endothelial,human3
human3_lib1.final_cell_0865-2,62.630196,-5.4669485,beta,12,beta,beta,human3
human3_lib1.final_cell_0866-2,18.722164,-46.25676,alpha,11,alpha,alpha,human3
human3_lib1.final_cell_0867-2,84.28791,-21.86938,beta,12,beta,beta,human3
human3_lib1.final_cell_0868-2,78.14974,-14.593094,beta,12,beta,beta,human3
human3_lib1.final_cell_0869-2,84.13807,-16.783276,beta,12,beta,beta,human3
human3_lib1.final_cell_0870-2,76.216774,-33.686977,beta,12,beta,beta,human3
human3_lib1.final_cell_0871-2,-70.310265,-15.006482,ductal,3,ductal,ductal,human3
human3_lib1.final_cell_0872-2,-36.76951,17.972736,quiescent_stellate,13,quiescent_stellate,quiescent_stellate,human3
human3_lib1.final_cell_0873-2,83.14578,-25.648596,beta,12,beta,beta,human3
human3_lib1.final_cell_0874-2,-23.33453,-34.237087,alpha,11,alpha,alpha,human3
human3_lib1.final_cell_0875-2,72.00012,-3.3900952,beta,12,beta,beta,human3
human3_lib1.final_cell_0876-2,31.06134,-69.37069,alpha,11,alpha,alpha,human3
human3_lib1.final_cell_0877-2,73.05182,-9.295599,beta,12,beta,beta,human3
human3_lib1.final_cell_0878-2,84.701775,-28.147568,beta,12,beta,beta,human3
human3_lib1.final_cell_0879-2,59.75444,-12.751205,beta,12,beta,beta,human3
human3_lib1.final_cell_0880-2,84.417786,-11.864038,beta,12,beta,beta,human3
human3_lib1.final_cell_0881-2,76.94048,-6.216213,beta,12,beta,beta,human3
human3_lib1.final_cell_0882-2,34.469223,-60.621895,alpha,11,alpha,alpha,human3
human3_lib1.final_cell_0883-2,86.91213,-20.075994,beta,12,beta,beta,human3
human3_lib1.final_cell_0884-2,-59.540493,35.228874,endothelial,0,endothelial,endothelial,human3
human3_lib1.final_cell_0885-2,-35.60943,17.157759,quiescent_stellate,13,quiescent_stellate,quiescent_stellate,human3
human3_lib1.final_cell_0886-2,83.62279,-31.640146,beta,12,beta,beta,human3
human3_lib1.final_cell_0887-2,72.26413,-5.285037,beta,12,beta,beta,human3
human3_lib1.final_cell_0888-2,82.84542,-4.7600446,beta,12,beta,beta,human3
human3_lib1.final_cell_0889-2,74.12461,-33.698338,beta,12,beta,beta,human3
human3_lib1.final_cell_0890-2,-37.14031,18.305408,quiescent_stellate,13,quiescent_stellate,quiescent_stellate,human3
human3_lib1.final_cell_0891-2,-52.415333,31.918262,endothelial,0,endothelial,endothelial,human3
human3_lib1.final_cell_0892-2,31.868357,-79.98529,alpha,11,alpha,alpha,human3
human3_lib1.final_cell_0893-2,18.254002,-49.547783,alpha,11,alpha,alpha,human3
human3_lib1.final_cell_0894-2,62.85051,-7.732652,beta,12,beta,beta,human3
human3_lib1.final_cell_0895-2,-55.327217,0.66489387,ductal,3,ductal,ductal,human3
human3_lib1.final_cell_0896-2,-53.452095,31.057796,endothelial,0,endothelial,endothelial,human3
human3_lib1.final_cell_0897-2,-52.917446,30.587358,endothelial,0,endothelial,endothelial,human3
human3_lib2.final_cell_0001-2,-6.9443,62.790394,acinar,1,acinar,acinar,human3
human3_lib2.final_cell_0002-2,0.6024299,69.86627,acinar,1,acinar,acinar,human3
human3_lib2.final_cell_0003-2,-10.2769985,57.000828,acinar,1,acinar,acinar,human3
human3_lib2.final_cell_0004-2,3.9347157,57.681427,acinar,1,acinar,acinar,human3
human3_lib2.final_cell_0005-2,-15.522236,71.84033,acinar,1,acinar,acinar,human3
human3_lib2.final_cell_0006-2,-0.04407271,62.25595,acinar,1,acinar,acinar,human3
human3_lib2.final_cell_0007-2,-22.509554,71.15672,acinar,1,acinar,acinar,human3
human3_lib2.final_cell_0008-2,-0.57379764,68.99935,acinar,1,acinar,acinar,human3
human3_lib2.final_cell_0009-2,-5.955018,66.77787,acinar,1,acinar,acinar,human3
human3_lib2.final_cell_0010-2,6.1893945,66.72074,acinar,1,acinar,acinar,human3
human3_lib2.final_cell_0011-2,6.898733,67.070755,acinar,1,acinar,acinar,human3
human3_lib2.final_cell_0012-2,-8.530476,69.03886,acinar,1,acinar,acinar,human3
human3_lib2.final_cell_0013-2,-3.4904978,56.98752,acinar,1,acinar,acinar,human3
human3_lib2.final_cell_0014-2,-4.2242966,61.110924,acinar,1,acinar,acinar,human3
human3_lib2.final_cell_0015-2,8.120896,58.397728,acinar,1,acinar,acinar,human3
human3_lib2.final_cell_0016-2,-9.583791,16.595837,delta,8,delta,delta,human3
human3_lib2.final_cell_0017-2,5.1454554,67.44866,acinar,1,acinar,acinar,human3
human3_lib2.final_cell_0018-2,-22.289242,57.58163,acinar,1,acinar,acinar,human3
human3_lib2.final_cell_0019-2,-2.0069194,60.675816,acinar,1,acinar,acinar,human3
human3_lib2.final_cell_0020-2,-14.514099,74.64802,acinar,1,acinar,acinar,human3
human3_lib2.final_cell_0021-2,7.78366,54.125343,acinar,1,acinar,acinar,human3
human3_lib2.final_cell_0022-2,-18.409092,68.4104,acinar,1,acinar,acinar,human3
human3_lib2.final_cell_0023-2,-14.105999,75.3754,acinar,1,acinar,acinar,human3
human3_lib2.final_cell_0024-2,-6.9771605,67.57246,acinar,1,acinar,acinar,human3
human3_lib2.final_cell_0025-2,8.140115,61.570564,acinar,1,acinar,acinar,human3
human3_lib2.final_cell_0026-2,3.346409,71.511345,acinar,1,acinar,acinar,human3
human3_lib2.final_cell_0027-2,2.7867937,63.656925,acinar,1,acinar,acinar,human3
human3_lib2.final_cell_0028-2,3.7585833,71.63865,acinar,1,acinar,acinar,human3
human3_lib2.final_cell_0029-2,-10.729296,60.503986,acinar,1,acinar,acinar,human3
human3_lib2.final_cell_0030-2,86.89017,-9.656636,beta,12,beta,beta,human3
human3_lib2.final_cell_0031-2,4.1032295,69.73591,acinar,1,acinar,acinar,human3
human3_lib2.final_cell_0032-2,3.2935145,57.695175,acinar,1,acinar,acinar,human3
human3_lib2.final_cell_0033-2,0.8812781,66.6937,acinar,1,acinar,acinar,human3
human3_lib2.final_cell_0034-2,0.9194599,51.618492,acinar,1,acinar,acinar,human3
human3_lib2.final_cell_0035-2,3.219783,71.05196,acinar,1,acinar,acinar,human3
human3_lib2.final_cell_0036-2,-9.0049515,81.79281,acinar,1,acinar,acinar,human3
human3_lib2.final_cell_0037-2,-9.005116,68.23022,acinar,1,acinar,acinar,human3
human3_lib2.final_cell_0038-2,2.254279,72.09149,acinar,1,acinar,acinar,human3
human3_lib2.final_cell_0039-2,-1.0016783,60.84947,acinar,1,acinar,acinar,human3
human3_lib2.final_cell_0040-2,85.37012,-24.023281,beta,12,beta,beta,human3
human3_lib2.final_cell_0041-2,-6.533643,72.82035,acinar,1,acinar,acinar,human3
human3_lib2.final_cell_0042-2,-9.133623,62.04915,acinar,1,acinar,acinar,human3
human3_lib2.final_cell_0043-2,-18.210743,62.915558,acinar,1,acinar,acinar,human3
human3_lib2.final_cell_0044-2,3.440019,62.864918,acinar,1,acinar,acinar,human3
human3_lib2.final_cell_0045-2,-0.46689144,62.47002,acinar,1,acinar,acinar,human3
human3_lib2.final_cell_0046-2,-15.785979,72.04542,acinar,1,acinar,acinar,human3
human3_lib2.final_cell_0047-2,1.9352396,70.664085,acinar,1,acinar,acinar,human3
human3_lib2.final_cell_0048-2,-15.590903,71.29023,acinar,1,acinar,acinar,human3
human3_lib2.final_cell_0049-2,-3.8228114,71.81487,acinar,1,acinar,acinar,human3
human3_lib2.final_cell_0050-2,83.41141,-15.882791,beta,12,beta,beta,human3
human3_lib2.final_cell_0051-2,-20.28174,70.93758,acinar,1,acinar,acinar,human3
human3_lib2.final_cell_0052-2,-7.711145,72.13384,acinar,1,acinar,acinar,human3
human3_lib2.final_cell_0053-2,2.6448076,63.87274,acinar,1,acinar,acinar,human3
human3_lib2.final_cell_0054-2,2.7945905,69.85983,acinar,1,acinar,acinar,human3
human3_lib2.final_cell_0055-2,0.26532468,52.395866,acinar,1,acinar,acinar,human3
human3_lib2.final_cell_0056-2,-9.651229,71.79877,acinar,1,acinar,acinar,human3
human3_lib2.final_cell_0057-2,-13.958488,70.68763,acinar,1,acinar,acinar,human3
human3_lib2.final_cell_0058-2,2.0830417,62.51981,acinar,1,acinar,acinar,human3
human3_lib2.final_cell_0059-2,2.7664127,73.120056,acinar,1,acinar,acinar,human3
human3_lib2.final_cell_0060-2,-6.5894213,63.714897,acinar,1,acinar,acinar,human3
human3_lib2.final_cell_0061-2,2.7036355,66.83247,acinar,1,acinar,acinar,human3
human3_lib2.final_cell_0062-2,-21.935608,70.46779,acinar,1,acinar,acinar,human3
human3_lib2.final_cell_0063-2,-4.8260164,57.625507,acinar,1,acinar,acinar,human3
human3_lib2.final_cell_0064-2,4.730625,56.68576,acinar,1,acinar,acinar,human3
human3_lib2.final_cell_0065-2,47.207634,-13.269731,beta,12,beta,beta,human3
human3_lib2.final_cell_0066-2,-14.301298,13.812621,delta,8,delta,delta,human3
human3_lib2.final_cell_0067-2,-5.8185267,63.201275,acinar,1,acinar,acinar,human3
human3_lib2.final_cell_0068-2,3.9751034,11.591997,ductal,15,epsilon,quiescent_stellate,human3
human3_lib2.final_cell_0069-2,-28.048845,67.32619,acinar,1,acinar,acinar,human3
human3_lib2.final_cell_0070-2,-11.730352,12.9994545,delta,8,delta,delta,human3
human3_lib2.final_cell_0071-2,-15.49065,72.40883,acinar,1,acinar,acinar,human3
human3_lib2.final_cell_0072-2,-23.557953,56.833847,acinar,1,acinar,acinar,human3
human3_lib2.final_cell_0073-2,-11.2436075,67.76178,acinar,1,acinar,acinar,human3
human3_lib2.final_cell_0074-2,-32.22071,59.770573,acinar,1,acinar,acinar,human3
human3_lib2.final_cell_0075-2,-8.448797,74.01717,acinar,1,acinar,acinar,human3
human3_lib2.final_cell_0076-2,-17.164518,69.21098,acinar,1,acinar,acinar,human3
human3_lib2.final_cell_0077-2,75.3852,-27.352772,beta,12,beta,beta,human3
human3_lib2.final_cell_0078-2,-27.236103,62.10462,acinar,1,acinar,acinar,human3
human3_lib2.final_cell_0079-2,-10.761448,73.22273,acinar,1,acinar,acinar,human3
human3_lib2.final_cell_0080-2,1.4417609,61.463535,acinar,1,acinar,acinar,human3
human3_lib2.final_cell_0081-2,-5.4007297,70.431274,acinar,1,acinar,acinar,human3
human3_lib2.final_cell_0082-2,-15.7385,62.206913,acinar,1,acinar,acinar,human3
human3_lib2.final_cell_0083-2,3.474775,71.740524,acinar,1,acinar,acinar,human3
human3_lib2.final_cell_0084-2,-6.5348897,67.27277,acinar,1,acinar,acinar,human3
human3_lib2.final_cell_0085-2,76.570625,-27.50794,beta,12,beta,beta,human3
human3_lib2.final_cell_0086-2,-25.283213,60.569946,acinar,1,acinar,acinar,human3
human3_lib2.final_cell_0087-2,-7.756841,16.3216,delta,8,delta,delta,human3
human3_lib2.final_cell_0088-2,-23.933836,71.19682,acinar,1,acinar,acinar,human3
human3_lib2.final_cell_0089-2,35.299644,-12.361029,beta,12,beta,beta,human3
human3_lib2.final_cell_0090-2,-13.442856,66.491905,acinar,1,acinar,acinar,human3
human3_lib2.final_cell_0091-2,4.0478144,57.788857,acinar,1,acinar,acinar,human3
human3_lib2.final_cell_0092-2,-14.163183,17.18369,delta,8,delta,delta,human3
human3_lib2.final_cell_0093-2,-25.664305,51.81534,acinar,1,acinar,acinar,human3
human3_lib2.final_cell_0094-2,-9.304623,80.75831,acinar,1,acinar,acinar,human3
human3_lib2.final_cell_0095-2,-14.480594,20.299854,delta,8,delta,delta,human3
human3_lib2.final_cell_0096-2,1.8941057,63.309883,acinar,1,acinar,acinar,human3
human3_lib2.final_cell_0097-2,3.3566856,50.985928,acinar,1,acinar,acinar,human3
human3_lib2.final_cell_0098-2,-22.181042,56.02085,acinar,1,acinar,acinar,human3
human3_lib2.final_cell_0099-2,3.4416144,65.309074,acinar,1,acinar,acinar,human3
human3_lib2.final_cell_0100-2,5.3355637,60.78935,acinar,1,acinar,acinar,human3
human3_lib2.final_cell_0101-2,-10.95845,76.08578,acinar,1,acinar,acinar,human3
human3_lib2.final_cell_0102-2,-10.00555,56.606213,acinar,1,acinar,acinar,human3
human3_lib2.final_cell_0103-2,-7.1397963,16.12959,delta,8,delta,delta,human3
human3_lib2.final_cell_0104-2,-25.119322,61.54519,acinar,1,acinar,acinar,human3
human3_lib2.final_cell_0105-2,-21.327429,71.12706,acinar,1,acinar,acinar,human3
human3_lib2.final_cell_0106-2,81.1459,-19.456875,beta,12,beta,beta,human3
human3_lib2.final_cell_0107-2,-0.8059172,55.537727,acinar,1,acinar,acinar,human3
human3_lib2.final_cell_0108-2,-7.5125136,70.435745,acinar,1,acinar,acinar,human3
human3_lib2.final_cell_0109-2,-22.585363,57.427925,acinar,1,acinar,acinar,human3
human3_lib2.final_cell_0110-2,-26.707403,1.7444654,acinar,10,activated_stellate,activated_stellate,human3
human3_lib2.final_cell_0111-2,18.8283,-67.77368,alpha,11,alpha,alpha,human3
human3_lib2.final_cell_0112-2,-18.879166,60.839233,acinar,1,acinar,acinar,human3
human3_lib2.final_cell_0113-2,42.0758,-13.841035,beta,12,beta,beta,human3
human3_lib2.final_cell_0114-2,-12.745246,-61.25162,alpha,11,alpha,alpha,human3
human3_lib2.final_cell_0115-2,-17.898706,72.458466,acinar,1,acinar,acinar,human3
human3_lib2.final_cell_0116-2,3.6949272,69.38801,acinar,1,acinar,acinar,human3
human3_lib2.final_cell_0117-2,-12.155899,77.96903,acinar,1,acinar,acinar,human3
human3_lib2.final_cell_0118-2,-13.090036,54.483273,acinar,1,acinar,acinar,human3
human3_lib2.final_cell_0119-2,3.3223357,51.756744,acinar,1,acinar,acinar,human3
human3_lib2.final_cell_0120-2,6.9001465,51.74339,acinar,1,acinar,acinar,human3
human3_lib2.final_cell_0121-2,-43.749413,-61.809452,gamma,7,gamma,gamma,human3
human3_lib2.final_cell_0122-2,-58.336323,-19.158495,ductal,3,ductal,ductal,human3
human3_lib2.final_cell_0123-2,1.2755082,54.96448,acinar,1,acinar,acinar,human3
human3_lib2.final_cell_0124-2,-15.551886,63.331585,acinar,1,acinar,acinar,human3
human3_lib2.final_cell_0125-2,5.7613945,70.915764,acinar,1,acinar,acinar,human3
human3_lib2.final_cell_0126-2,6.207039,68.69403,acinar,1,acinar,acinar,human3
human3_lib2.final_cell_0127-2,-8.433606,62.49794,acinar,1,acinar,acinar,human3
human3_lib2.final_cell_0128-2,-54.056576,-14.470549,ductal,3,ductal,ductal,human3
human3_lib2.final_cell_0129-2,-0.40128306,69.97397,acinar,1,acinar,acinar,human3
human3_lib2.final_cell_0130-2,-0.72298235,54.61953,acinar,1,acinar,acinar,human3
human3_lib2.final_cell_0131-2,-11.93864,20.669096,delta,8,delta,delta,human3
human3_lib2.final_cell_0132-2,62.822815,-5.6765294,beta,12,beta,beta,human3
human3_lib2.final_cell_0133-2,-30.598557,-39.63038,alpha,11,alpha,alpha,human3
human3_lib2.final_cell_0134-2,5.007046,61.289356,acinar,1,acinar,acinar,human3
human3_lib2.final_cell_0135-2,-6.30396,72.275215,acinar,1,acinar,acinar,human3
human3_lib2.final_cell_0136-2,-11.385852,18.252996,delta,8,delta,delta,human3
human3_lib2.final_cell_0137-2,70.713036,-4.157912,beta,12,beta,beta,human3
human3_lib2.final_cell_0138-2,-18.732807,56.40641,acinar,1,acinar,acinar,human3
human3_lib2.final_cell_0139-2,70.89913,-1.1434197,beta,12,beta,beta,human3
human3_lib2.final_cell_0140-2,-2.365852,58.733784,acinar,1,acinar,acinar,human3
human3_lib2.final_cell_0141-2,-56.290825,-16.454517,ductal,3,ductal,ductal,human3
human3_lib2.final_cell_0142-2,-22.23098,51.77567,alpha,1,acinar,acinar,human3
human3_lib2.final_cell_0143-2,-54.544395,-13.125471,ductal,3,ductal,ductal,human3
human3_lib2.final_cell_0144-2,77.53046,-2.7299595,beta,12,beta,beta,human3
human3_lib2.final_cell_0145-2,-27.934029,-33.478123,alpha,11,alpha,alpha,human3
human3_lib2.final_cell_0146-2,80.13132,-3.7710104,beta,12,beta,beta,human3
human3_lib2.final_cell_0147-2,6.5519104,-67.227425,alpha,11,alpha,alpha,human3
human3_lib2.final_cell_0148-2,5.75022,64.147415,acinar,1,acinar,acinar,human3
human3_lib2.final_cell_0149-2,-13.080326,13.7590685,delta,8,delta,delta,human3
human3_lib2.final_cell_0150-2,75.24867,-31.34838,beta,12,beta,beta,human3
human3_lib2.final_cell_0151-2,77.42036,-24.654366,beta,12,beta,beta,human3
human3_lib2.final_cell_0152-2,-35.045345,-32.611504,alpha,11,alpha,alpha,human3
human3_lib2.final_cell_0153-2,80.91223,-30.278969,beta,12,beta,beta,human3
human3_lib2.final_cell_0154-2,24.462158,-68.49475,alpha,11,alpha,alpha,human3
human3_lib2.final_cell_0155-2,-5.0060635,12.676939,delta,8,delta,delta,human3
human3_lib2.final_cell_0156-2,-30.737516,-43.886898,alpha,11,alpha,alpha,human3
human3_lib2.final_cell_0157-2,80.65819,-28.57163,beta,12,beta,beta,human3
human3_lib2.final_cell_0158-2,4.347823,66.74961,acinar,1,acinar,acinar,human3
human3_lib2.final_cell_0159-2,6.010289,59.548668,acinar,1,acinar,acinar,human3
human3_lib2.final_cell_0160-2,-29.291311,69.996796,acinar,1,acinar,acinar,human3
human3_lib2.final_cell_0161-2,-62.99448,-8.106717,ductal,3,ductal,ductal,human3
human3_lib2.final_cell_0162-2,-64.45931,-10.958354,ductal,3,ductal,ductal,human3
human3_lib2.final_cell_0163-2,54.511433,-10.890329,beta,12,beta,beta,human3
human3_lib2.final_cell_0164-2,5.081922,57.32868,acinar,1,acinar,acinar,human3
human3_lib2.final_cell_0165-2,-10.055266,12.259932,delta,8,delta,delta,human3
human3_lib2.final_cell_0166-2,85.294754,-8.675664,beta,12,beta,beta,human3
human3_lib2.final_cell_0167-2,-47.766335,-63.42969,gamma,7,gamma,gamma,human3
human3_lib2.final_cell_0168-2,-15.673644,71.15617,acinar,1,acinar,acinar,human3
human3_lib2.final_cell_0169-2,75.82724,-35.026886,beta,12,beta,beta,human3
human3_lib2.final_cell_0170-2,86.84996,-7.1851363,beta,12,beta,beta,human3
human3_lib2.final_cell_0171-2,-13.52028,59.679802,acinar,1,acinar,acinar,human3
human3_lib2.final_cell_0172-2,-35.76401,60.021137,acinar,1,acinar,acinar,human3
human3_lib2.final_cell_0173-2,27.161741,-76.13279,alpha,11,alpha,alpha,human3
human3_lib2.final_cell_0174-2,-4.7740493,68.78627,acinar,1,acinar,acinar,human3
human3_lib2.final_cell_0175-2,82.96914,-22.423298,beta,12,beta,beta,human3
human3_lib2.final_cell_0176-2,-26.724783,-34.374664,alpha,11,alpha,alpha,human3
human3_lib2.final_cell_0177-2,80.99776,-20.685516,beta,12,beta,beta,human3
human3_lib2.final_cell_0178-2,24.520096,-57.584625,alpha,11,alpha,alpha,human3
human3_lib2.final_cell_0179-2,-50.937195,-64.885315,gamma,7,gamma,gamma,human3
human3_lib2.final_cell_0180-2,8.4568615,54.061275,acinar,1,acinar,acinar,human3
human3_lib2.final_cell_0181-2,25.040298,-66.03776,alpha,11,alpha,alpha,human3
human3_lib2.final_cell_0182-2,86.2559,-9.696233,beta,12,beta,beta,human3
human3_lib2.final_cell_0183-2,-17.891396,73.82133,acinar,1,acinar,acinar,human3
human3_lib2.final_cell_0184-2,3.090949,74.566635,acinar,1,acinar,acinar,human3
human3_lib2.final_cell_0185-2,-13.156828,18.765867,delta,8,delta,delta,human3
human3_lib2.final_cell_0186-2,-26.748184,-40.958126,alpha,11,alpha,alpha,human3
human3_lib2.final_cell_0187-2,-41.190178,56.695744,ductal,1,acinar,acinar,human3
human3_lib2.final_cell_0188-2,-9.252112,13.037373,delta,8,delta,delta,human3
human3_lib2.final_cell_0189-2,-12.670575,11.50997,delta,8,delta,delta,human3
human3_lib2.final_cell_0190-2,-34.80236,-33.25986,alpha,11,alpha,alpha,human3
human3_lib2.final_cell_0191-2,-58.50596,-17.639177,ductal,3,ductal,ductal,human3
human3_lib2.final_cell_0192-2,75.63752,-25.724176,beta,12,beta,beta,human3
human3_lib2.final_cell_0193-2,81.5044,-15.758197,beta,12,beta,beta,human3
human3_lib2.final_cell_0194-2,-7.3529987,15.928683,delta,8,delta,delta,human3
human3_lib2.final_cell_0195-2,28.24027,-58.51529,alpha,11,alpha,alpha,human3
human3_lib2.final_cell_0196-2,78.28085,-34.755283,beta,12,beta,beta,human3
human3_lib2.final_cell_0197-2,18.832026,-60.53599,alpha,11,alpha,alpha,human3
human3_lib2.final_cell_0198-2,33.393425,-13.484849,beta,12,beta,beta,human3
human3_lib2.final_cell_0199-2,-19.64995,70.66159,acinar,1,acinar,acinar,human3
human3_lib2.final_cell_0200-2,88.344574,-20.540607,beta,12,beta,beta,human3
human3_lib2.final_cell_0201-2,-19.831741,69.068855,acinar,1,acinar,acinar,human3
human3_lib2.final_cell_0202-2,-24.051468,-45.12106,alpha,11,alpha,alpha,human3
human3_lib2.final_cell_0203-2,86.55099,-19.61675,beta,12,beta,beta,human3
human3_lib2.final_cell_0204-2,64.385086,-7.296083,beta,12,beta,beta,human3
human3_lib2.final_cell_0205-2,-23.645645,-46.505016,alpha,11,alpha,alpha,human3
human3_lib2.final_cell_0206-2,-4.4560227,65.08116,beta,1,acinar,acinar,human3
human3_lib2.final_cell_0207-2,-24.84116,58.631935,acinar,1,acinar,acinar,human3
human3_lib2.final_cell_0208-2,-63.638824,-11.05081,ductal,3,ductal,ductal,human3
human3_lib2.final_cell_0209-2,-65.822624,0.6426496,ductal,3,ductal,ductal,human3
human3_lib2.final_cell_0210-2,77.92679,-34.521713,beta,12,beta,beta,human3
human3_lib2.final_cell_0211-2,-4.5797024,-68.5795,alpha,11,alpha,alpha,human3
human3_lib2.final_cell_0212-2,2.3143148,-63.90552,alpha,11,alpha,alpha,human3
human3_lib2.final_cell_0213-2,-10.081039,58.01938,acinar,1,acinar,acinar,human3
human3_lib2.final_cell_0214-2,-13.026564,54.352474,acinar,1,acinar,acinar,human3
human3_lib2.final_cell_0215-2,-51.055317,-62.17058,gamma,7,gamma,gamma,human3
human3_lib2.final_cell_0216-2,-30.726479,-31.828304,alpha,11,alpha,alpha,human3
human3_lib2.final_cell_0217-2,-29.276522,-47.359016,alpha,11,alpha,alpha,human3
human3_lib2.final_cell_0218-2,-10.340762,65.585396,acinar,1,acinar,acinar,human3
human3_lib2.final_cell_0219-2,88.655075,-19.456575,beta,12,beta,beta,human3
human3_lib2.final_cell_0220-2,-12.438536,11.046376,delta,8,delta,delta,human3
human3_lib2.final_cell_0221-2,-2.3914738,-65.73506,alpha,11,alpha,alpha,human3
human3_lib2.final_cell_0222-2,-59.29761,-14.71595,ductal,3,ductal,ductal,human3
human3_lib2.final_cell_0223-2,-2.7092078,13.354525,delta,8,delta,delta,human3
human3_lib2.final_cell_0224-2,-59.910553,2.3022525,ductal,3,ductal,ductal,human3
human3_lib2.final_cell_0225-2,-11.216544,10.721446,delta,8,delta,delta,human3
human3_lib2.final_cell_0226-2,-14.076721,70.01496,acinar,1,acinar,acinar,human3
human3_lib2.final_cell_0227-2,-55.496735,-6.814689,ductal,3,ductal,ductal,human3
human3_lib2.final_cell_0228-2,-3.987177,57.45284,acinar,1,acinar,acinar,human3
human3_lib2.final_cell_0229-2,-30.415667,60.314735,acinar,1,acinar,acinar,human3
human3_lib2.final_cell_0230-2,79.76347,-9.735207,beta,12,beta,beta,human3
human3_lib2.final_cell_0231-2,26.122849,-60.102734,alpha,11,alpha,alpha,human3
human3_lib2.final_cell_0232-2,-57.76891,-5.2009234,ductal,3,ductal,ductal,human3
human3_lib2.final_cell_0233-2,87.87597,-19.835632,beta,12,beta,beta,human3
human3_lib2.final_cell_0234-2,62.69307,-7.323838,beta,12,beta,beta,human3
human3_lib2.final_cell_0235-2,-13.992053,70.59216,acinar,1,acinar,acinar,human3
human3_lib2.final_cell_0236-2,-24.289309,-40.236332,alpha,11,alpha,alpha,human3
human3_lib2.final_cell_0237-2,0.7016564,53.92311,acinar,1,acinar,acinar,human3
human3_lib2.final_cell_0238-2,5.3154244,-67.550674,alpha,11,alpha,alpha,human3
human3_lib2.final_cell_0239-2,-28.03903,-2.52651,activated_stellate,10,activated_stellate,activated_stellate,human3
human3_lib2.final_cell_0240-2,11.755629,-62.26286,alpha,11,alpha,alpha,human3
human3_lib2.final_cell_0241-2,-73.68844,-15.1748705,ductal,3,ductal,ductal,human3
human3_lib2.final_cell_0242-2,79.815216,-14.403938,beta,12,beta,beta,human3
human3_lib2.final_cell_0243-2,-42.810535,-71.75581,alpha,7,gamma,gamma,human3
human3_lib2.final_cell_0244-2,33.889484,-12.135619,beta,12,beta,beta,human3
human3_lib2.final_cell_0245-2,9.186358,30.079632,delta,8,delta,delta,human3
human3_lib2.final_cell_0246-2,13.857613,-66.826996,alpha,11,alpha,alpha,human3
human3_lib2.final_cell_0247-2,-20.206213,69.10851,acinar,1,acinar,acinar,human3
human3_lib2.final_cell_0248-2,-29.988293,-32.001835,alpha,11,alpha,alpha,human3
human3_lib2.final_cell_0249-2,75.83366,-30.708967,beta,12,beta,beta,human3
human3_lib2.final_cell_0250-2,31.25166,-71.097885,alpha,11,alpha,alpha,human3
human3_lib2.final_cell_0251-2,-29.782122,-46.571087,alpha,11,alpha,alpha,human3
human3_lib2.final_cell_0252-2,-30.404325,0.93497217,activated_stellate,10,activated_stellate,activated_stellate,human3
human3_lib2.final_cell_0253-2,-51.17915,-0.31797263,ductal,3,ductal,ductal,human3
human3_lib2.final_cell_0254-2,-51.48424,-3.799481,acinar,3,ductal,ductal,human3
human3_lib2.final_cell_0255-2,22.223072,-68.33073,alpha,11,alpha,alpha,human3
human3_lib2.final_cell_0256-2,-4.687637,-58.64299,alpha,11,alpha,alpha,human3
human3_lib2.final_cell_0257-2,4.099721,50.85999,acinar,1,acinar,acinar,human3
human3_lib2.final_cell_0258-2,29.931,-70.878136,alpha,11,alpha,alpha,human3
human3_lib2.final_cell_0259-2,46.52793,-1.5497296,beta,15,epsilon,quiescent_stellate,human3
human3_lib2.final_cell_0260-2,-14.504849,54.19883,acinar,1,acinar,acinar,human3
human3_lib2.final_cell_0261-2,38.930756,1.8948597,beta,12,beta,beta,human3
human3_lib2.final_cell_0262-2,-56.73549,-14.984707,ductal,3,ductal,ductal,human3
human3_lib2.final_cell_0263-2,75.05036,-29.447285,beta,12,beta,beta,human3
human3_lib2.final_cell_0264-2,-9.987125,16.93801,delta,8,delta,delta,human3
human3_lib2.final_cell_0265-2,63.446594,-7.4907107,beta,12,beta,beta,human3
human3_lib2.final_cell_0266-2,2.1786644,75.00213,acinar,1,acinar,acinar,human3
human3_lib2.final_cell_0267-2,-15.0189,59.173256,acinar,1,acinar,acinar,human3
human3_lib2.final_cell_0268-2,-10.127786,57.912716,acinar,1,acinar,acinar,human3
human3_lib2.final_cell_0269-2,-25.233582,51.984787,acinar,1,acinar,acinar,human3
human3_lib2.final_cell_0270-2,8.545985,53.462395,acinar,1,acinar,acinar,human3
human3_lib2.final_cell_0271-2,-31.416931,-2.405298,activated_stellate,10,activated_stellate,activated_stellate,human3
human3_lib2.final_cell_0272-2,6.79067,56.966225,acinar,1,acinar,acinar,human3
human3_lib2.final_cell_0273-2,76.933426,-32.887432,beta,12,beta,beta,human3
human3_lib2.final_cell_0274-2,-64.5514,-13.324424,ductal,3,ductal,ductal,human3
human3_lib2.final_cell_0275-2,-26.021988,-34.893875,alpha,11,alpha,alpha,human3
human3_lib2.final_cell_0276-2,81.14219,-17.77337,beta,12,beta,beta,human3
human3_lib2.final_cell_0277-2,-11.915793,73.98297,acinar,1,acinar,acinar,human3
human3_lib2.final_cell_0278-2,75.933304,-1.1386194,beta,12,beta,beta,human3
human3_lib2.final_cell_0279-2,82.18104,-29.053501,beta,12,beta,beta,human3
human3_lib2.final_cell_0280-2,-23.653645,71.433525,acinar,1,acinar,acinar,human3
human3_lib2.final_cell_0281-2,-53.67161,-3.7439218,ductal,3,ductal,ductal,human3
human3_lib2.final_cell_0282-2,88.13158,-18.64613,beta,12,beta,beta,human3
human3_lib2.final_cell_0283-2,-9.138887,78.675835,acinar,1,acinar,acinar,human3
human3_lib2.final_cell_0284-2,88.32801,-18.531498,beta,12,beta,beta,human3
human3_lib2.final_cell_0285-2,75.92375,-34.77672,beta,12,beta,beta,human3
human3_lib2.final_cell_0286-2,15.872979,-57.35372,alpha,11,alpha,alpha,human3
human3_lib2.final_cell_0287-2,82.400154,-30.19909,beta,12,beta,beta,human3
human3_lib2.final_cell_0288-2,-28.01451,-35.05283,alpha,11,alpha,alpha,human3
human3_lib2.final_cell_0289-2,-58.225418,-13.683223,ductal,3,ductal,ductal,human3
human3_lib2.final_cell_0290-2,16.026196,-55.71468,alpha,11,alpha,alpha,human3
human3_lib2.final_cell_0291-2,-19.572134,66.52178,acinar,1,acinar,acinar,human3
human3_lib2.final_cell_0292-2,31.955502,-57.059162,alpha,11,alpha,alpha,human3
human3_lib2.final_cell_0293-2,-58.257656,-2.84445,ductal,3,ductal,ductal,human3
human3_lib2.final_cell_0294-2,-31.168716,2.6000881,activated_stellate,10,activated_stellate,activated_stellate,human3
human3_lib2.final_cell_0295-2,-22.189465,-47.23908,alpha,11,alpha,alpha,human3
human3_lib2.final_cell_0296-2,-45.74321,-59.567204,alpha,7,gamma,gamma,human3
human3_lib2.final_cell_0297-2,-59.61691,-1.6285902,ductal,3,ductal,ductal,human3
human3_lib2.final_cell_0298-2,-4.2284675,63.697624,acinar,1,acinar,acinar,human3
human3_lib2.final_cell_0299-2,3.3182945,55.771255,acinar,1,acinar,acinar,human3
human3_lib2.final_cell_0300-2,-16.312529,61.9745,acinar,1,acinar,acinar,human3
human3_lib2.final_cell_0301-2,-87.61794,17.59562,alpha,5,t_cell,t_cell,human3
human3_lib2.final_cell_0302-2,-12.708461,-63.37881,alpha,11,alpha,alpha,human3
human3_lib2.final_cell_0303-2,6.4101295,-53.437656,alpha,11,alpha,alpha,human3
human3_lib2.final_cell_0304-2,54.90156,-13.107744,beta,12,beta,beta,human3
human3_lib2.final_cell_0305-2,10.262608,-68.60582,alpha,11,alpha,alpha,human3
human3_lib2.final_cell_0306-2,61.720417,-8.8008375,beta,12,beta,beta,human3
human3_lib2.final_cell_0307-2,-40.25142,-35.79515,alpha,11,alpha,alpha,human3
human3_lib2.final_cell_0308-2,74.6362,-36.123337,beta,12,beta,beta,human3
human3_lib2.final_cell_0309-2,84.325745,-25.303797,beta,12,beta,beta,human3
human3_lib2.final_cell_0310-2,-39.514263,-29.435791,alpha,11,alpha,alpha,human3
human3_lib2.final_cell_0311-2,-1.9295177,32.631474,delta,8,delta,delta,human3
human3_lib2.final_cell_0312-2,-4.3926797,-64.37976,alpha,11,alpha,alpha,human3
human3_lib2.final_cell_0313-2,-29.011639,-42.65975,alpha,11,alpha,alpha,human3
human3_lib2.final_cell_0314-2,28.244923,-77.65856,alpha,11,alpha,alpha,human3
human3_lib2.final_cell_0315-2,-58.21125,6.5380735,ductal,3,ductal,ductal,human3
human3_lib2.final_cell_0316-2,-60.84715,-4.0455747,ductal,3,ductal,ductal,human3
human3_lib2.final_cell_0317-2,-11.619384,16.620783,delta,8,delta,delta,human3
human3_lib2.final_cell_0318-2,-28.320637,-42.84175,alpha,11,alpha,alpha,human3
human3_lib2.final_cell_0319-2,-71.87632,43.049316,ductal,2,Unmatched_2,ductal,human3
human3_lib2.final_cell_0320-2,-64.54527,-11.385015,ductal,3,ductal,ductal,human3
human3_lib2.final_cell_0321-2,15.270756,-59.652218,alpha,11,alpha,alpha,human3
human3_lib2.final_cell_0322-2,-31.570732,-32.64492,alpha,11,alpha,alpha,human3
human3_lib2.final_cell_0323-2,-74.32924,44.437637,ductal,2,Unmatched_2,ductal,human3
human3_lib2.final_cell_0324-2,-15.964761,67.95981,acinar,1,acinar,acinar,human3
human3_lib2.final_cell_0325-2,85.593475,-20.270458,beta,12,beta,beta,human3
human3_lib2.final_cell_0326-2,87.48471,-23.478842,beta,12,beta,beta,human3
human3_lib2.final_cell_0327-2,22.355227,-78.20717,alpha,11,alpha,alpha,human3
human3_lib2.final_cell_0328-2,-32.813744,-39.096203,alpha,11,alpha,alpha,human3
human3_lib2.final_cell_0329-2,17.715359,-47.37421,alpha,11,alpha,alpha,human3
human3_lib2.final_cell_0330-2,27.256681,-59.978683,alpha,11,alpha,alpha,human3
human3_lib2.final_cell_0331-2,70.03965,-2.360628,beta,12,beta,beta,human3
human3_lib2.final_cell_0332-2,78.347984,-15.594728,beta,12,beta,beta,human3
human3_lib2.final_cell_0333-2,-63.8079,-4.163808,ductal,3,ductal,ductal,human3
human3_lib2.final_cell_0334-2,-15.617572,72.78614,acinar,1,acinar,acinar,human3
human3_lib2.final_cell_0335-2,86.09776,-9.72992,beta,12,beta,beta,human3
human3_lib2.final_cell_0336-2,81.73518,-28.156395,beta,12,beta,beta,human3
human3_lib2.final_cell_0337-2,19.402256,-47.510284,alpha,11,alpha,alpha,human3
human3_lib2.final_cell_0338-2,-10.985526,-66.20332,alpha,11,alpha,alpha,human3
human3_lib2.final_cell_0339-2,77.66998,-35.379215,beta,12,beta,beta,human3
human3_lib2.final_cell_0340-2,-60.345047,-4.3547325,ductal,3,ductal,ductal,human3
human3_lib2.final_cell_0341-2,46.22934,-4.870848,ductal,15,epsilon,quiescent_stellate,human3
human3_lib2.final_cell_0342-2,81.54064,-32.42634,beta,12,beta,beta,human3
human3_lib2.final_cell_0343-2,-63.309704,-9.780005,ductal,3,ductal,ductal,human3
human3_lib2.final_cell_0344-2,-37.229473,4.446581,activated_stellate,10,activated_stellate,activated_stellate,human3
human3_lib2.final_cell_0345-2,-56.399666,-3.6109989,ductal,3,ductal,ductal,human3
human3_lib2.final_cell_0346-2,75.686165,-36.173332,beta,12,beta,beta,human3
human3_lib2.final_cell_0347-2,60.699406,-6.898714,beta,12,beta,beta,human3
human3_lib2.final_cell_0348-2,28.583612,-75.156425,alpha,11,alpha,alpha,human3
human3_lib2.final_cell_0349-2,26.418316,-76.874275,alpha,11,alpha,alpha,human3
human3_lib2.final_cell_0350-2,22.294788,-77.84932,alpha,11,alpha,alpha,human3
human3_lib2.final_cell_0351-2,77.88238,-1.5587617,beta,12,beta,beta,human3
human3_lib2.final_cell_0352-2,83.80691,-7.3972483,beta,12,beta,beta,human3
human3_lib2.final_cell_0353-2,28.209772,-71.04535,alpha,11,alpha,alpha,human3
human3_lib2.final_cell_0354-2,74.82755,-33.08316,beta,12,beta,beta,human3
human3_lib2.final_cell_0355-2,86.59939,-8.775554,beta,12,beta,beta,human3
human3_lib2.final_cell_0356-2,-40.40803,-34.04865,alpha,11,alpha,alpha,human3
human3_lib2.final_cell_0357-2,-26.229185,-39.666367,alpha,11,alpha,alpha,human3
human3_lib2.final_cell_0358-2,36.437298,10.507598,beta,12,beta,beta,human3
human3_lib2.final_cell_0359-2,6.6338224,64.457214,acinar,1,acinar,acinar,human3
human3_lib2.final_cell_0360-2,2.457949,-63.039383,alpha,11,alpha,alpha,human3
human3_lib2.final_cell_0361-2,81.05784,-15.812277,beta,12,beta,beta,human3
human3_lib2.final_cell_0362-2,-41.476276,-33.242085,alpha,11,alpha,alpha,human3
human3_lib2.final_cell_0363-2,34.511616,-59.933456,alpha,11,alpha,alpha,human3
human3_lib2.final_cell_0364-2,-32.942356,-32.265705,alpha,11,alpha,alpha,human3
human3_lib2.final_cell_0365-2,5.5576124,-67.44229,alpha,11,alpha,alpha,human3
human3_lib2.final_cell_0366-2,66.33186,-1.4734234,beta,12,beta,beta,human3
human3_lib2.final_cell_0367-2,81.18385,-7.063287,beta,12,beta,beta,human3
human3_lib2.final_cell_0368-2,-34.621426,3.0201468,activated_stellate,10,activated_stellate,activated_stellate,human3
human3_lib2.final_cell_0369-2,80.36689,-21.859396,beta,12,beta,beta,human3
human3_lib2.final_cell_0370-2,-36.347412,3.0763452,activated_stellate,10,activated_stellate,activated_stellate,human3
human3_lib2.final_cell_0371-2,29.829546,-6.615615,beta,12,beta,beta,human3
human3_lib2.final_cell_0372-2,24.435183,-74.952484,alpha,11,alpha,alpha,human3
human3_lib2.final_cell_0373-2,-57.843338,22.614216,endothelial,0,endothelial,endothelial,human3
human3_lib2.final_cell_0374-2,-10.182554,77.492256,acinar,1,acinar,acinar,human3
human3_lib2.final_cell_0375-2,-57.99465,-16.3201,ductal,3,ductal,ductal,human3
human3_lib2.final_cell_0376-2,5.0262628,-69.11883,alpha,11,alpha,alpha,human3
human3_lib2.final_cell_0377-2,13.944013,-57.996895,alpha,11,alpha,alpha,human3
human3_lib2.final_cell_0378-2,28.944967,-75.251335,alpha,11,alpha,alpha,human3
human3_lib2.final_cell_0379-2,-56.31903,-12.343199,ductal,3,ductal,ductal,human3
human3_lib2.final_cell_0380-2,-45.23166,-63.1269,gamma,7,gamma,gamma,human3
human3_lib2.final_cell_0381-2,89.02453,-23.253414,beta,12,beta,beta,human3
human3_lib2.final_cell_0382-2,44.684776,-19.610804,beta,12,beta,beta,human3
human3_lib2.final_cell_0383-2,-53.942905,-12.974584,ductal,3,ductal,ductal,human3
human3_lib2.final_cell_0384-2,8.504637,56.151535,acinar,1,acinar,acinar,human3
human3_lib2.final_cell_0385-2,16.804539,-68.47275,alpha,11,alpha,alpha,human3
human3_lib2.final_cell_0386-2,-5.0556784,11.584743,delta,8,delta,delta,human3
human3_lib2.final_cell_0387-2,-12.881927,17.857393,delta,8,delta,delta,human3
human3_lib2.final_cell_0388-2,76.37996,-8.74138,beta,12,beta,beta,human3
human3_lib2.final_cell_0389-2,-39.344975,-30.279556,alpha,11,alpha,alpha,human3
human3_lib2.final_cell_0390-2,77.71636,-34.77522,beta,12,beta,beta,human3
human3_lib2.final_cell_0391-2,-61.342323,-6.7291408,ductal,3,ductal,ductal,human3
human3_lib2.final_cell_0392-2,-8.233042,-60.32042,alpha,11,alpha,alpha,human3
human3_lib2.final_cell_0393-2,19.739988,-64.647865,alpha,11,alpha,alpha,human3
human3_lib2.final_cell_0394-2,-77.068924,-3.2053695,ductal,3,ductal,ductal,human3
human3_lib2.final_cell_0395-2,18.171,-52.705345,alpha,11,alpha,alpha,human3
human3_lib2.final_cell_0396-2,2.1320581,69.496185,acinar,1,acinar,acinar,human3
human3_lib2.final_cell_0397-2,-30.300287,-38.858,alpha,11,alpha,alpha,human3
human3_lib2.final_cell_0398-2,-58.63766,-7.3282676,ductal,3,ductal,ductal,human3
human3_lib2.final_cell_0399-2,-59.918625,-2.2924998,ductal,3,ductal,ductal,human3
human3_lib2.final_cell_0400-2,6.222686,-69.57378,alpha,11,alpha,alpha,human3
human3_lib2.final_cell_0401-2,24.429628,-58.2438,alpha,11,alpha,alpha,human3
human3_lib2.final_cell_0402-2,-56.353355,-11.86636,ductal,3,ductal,ductal,human3
human3_lib2.final_cell_0403-2,-24.192547,52.42776,acinar,1,acinar,acinar,human3
human3_lib2.final_cell_0404-2,18.215248,-49.324158,alpha,11,alpha,alpha,human3
human3_lib2.final_cell_0405-2,-2.9808674,-27.322115,alpha,11,alpha,alpha,human3
human3_lib2.final_cell_0406-2,-65.92987,1.2094988,ductal,3,ductal,ductal,human3
human3_lib2.final_cell_0407-2,13.89511,-66.20849,alpha,11,alpha,alpha,human3
human3_lib2.final_cell_0408-2,-47.642902,-69.63007,alpha,7,gamma,gamma,human3
human3_lib2.final_cell_0409-2,-60.786617,-3.2630272,ductal,3,ductal,ductal,human3
human3_lib2.final_cell_0410-2,-36.51797,-34.092064,alpha,11,alpha,alpha,human3
human3_lib2.final_cell_0411-2,3.5474114,61.834354,acinar,1,acinar,acinar,human3
human3_lib2.final_cell_0412-2,76.1654,-11.03883,beta,12,beta,beta,human3
human3_lib2.final_cell_0413-2,42.75937,7.1036925,beta,12,beta,beta,human3
human3_lib2.final_cell_0414-2,-61.39584,-10.748082,ductal,3,ductal,ductal,human3
human3_lib2.final_cell_0415-2,-26.241756,-39.114388,alpha,11,alpha,alpha,human3
human3_lib2.final_cell_0416-2,-28.206892,-1.5980092,activated_stellate,10,activated_stellate,activated_stellate,human3
human3_lib2.final_cell_0417-2,-63.022717,-6.6348834,ductal,3,ductal,ductal,human3
human3_lib2.final_cell_0418-2,76.424385,-37.277344,beta,12,beta,beta,human3
human3_lib2.final_cell_0419-2,87.15066,-18.834301,beta,12,beta,beta,human3
human3_lib2.final_cell_0420-2,30.824512,-69.227066,alpha,11,alpha,alpha,human3
human3_lib2.final_cell_0421-2,8.612882,53.188576,acinar,1,acinar,acinar,human3
human3_lib2.final_cell_0422-2,65.12267,-6.0097737,beta,12,beta,beta,human3
human3_lib2.final_cell_0423-2,-21.729336,-34.91765,alpha,11,alpha,alpha,human3
human3_lib2.final_cell_0424-2,8.506191,-60.75101,alpha,11,alpha,alpha,human3
human3_lib2.final_cell_0425-2,-39.82894,-29.025166,alpha,15,epsilon,quiescent_stellate,human3
human3_lib2.final_cell_0426-2,4.563527,53.72142,acinar,1,acinar,acinar,human3
human3_lib2.final_cell_0427-2,23.443254,-69.01561,alpha,11,alpha,alpha,human3
human3_lib2.final_cell_0428-2,76.00827,-37.917595,beta,12,beta,beta,human3
human3_lib2.final_cell_0429-2,-57.503536,23.471413,endothelial,0,endothelial,endothelial,human3
human3_lib2.final_cell_0430-2,-16.596226,-61.213284,alpha,11,alpha,alpha,human3
human3_lib2.final_cell_0431-2,-29.61969,-38.69483,alpha,11,alpha,alpha,human3
human3_lib2.final_cell_0432-2,-42.828087,-61.19883,gamma,7,gamma,gamma,human3
human3_lib2.final_cell_0433-2,-38.209167,-29.993547,alpha,11,alpha,alpha,human3
human3_lib2.final_cell_0434-2,75.27465,-28.621847,beta,12,beta,beta,human3
human3_lib2.final_cell_0435-2,71.95053,-1.0246823,beta,12,beta,beta,human3
human3_lib2.final_cell_0436-2,-58.30554,-13.66936,ductal,3,ductal,ductal,human3
human3_lib2.final_cell_0437-2,-13.987737,11.18259,delta,8,delta,delta,human3
human3_lib2.final_cell_0438-2,75.64182,-3.8094988,beta,12,beta,beta,human3
human3_lib2.final_cell_0439-2,47.164948,-11.24342,beta,12,beta,beta,human3
human3_lib2.final_cell_0440-2,-15.391972,-59.74203,alpha,11,alpha,alpha,human3
human3_lib2.final_cell_0441-2,-35.602566,2.011833,activated_stellate,10,activated_stellate,activated_stellate,human3
human3_lib2.final_cell_0442-2,-30.628046,-33.373474,alpha,11,alpha,alpha,human3
human3_lib2.final_cell_0443-2,77.437515,-5.3098364,beta,12,beta,beta,human3
human3_lib2.final_cell_0444-2,34.10491,-57.755543,alpha,11,alpha,alpha,human3
human3_lib2.final_cell_0445-2,5.1733193,55.986614,acinar,1,acinar,acinar,human3
human3_lib2.final_cell_0446-2,-3.1885815,-50.798107,alpha,11,alpha,alpha,human3
human3_lib2.final_cell_0447-2,-8.214565,-66.18725,alpha,11,alpha,alpha,human3
human3_lib2.final_cell_0448-2,-32.10394,-38.759716,alpha,11,alpha,alpha,human3
human3_lib2.final_cell_0449-2,20.647802,-63.69863,alpha,11,alpha,alpha,human3
human3_lib2.final_cell_0450-2,73.539,2.5331287,beta,12,beta,beta,human3
human3_lib2.final_cell_0451-2,-31.825811,-31.584366,alpha,11,alpha,alpha,human3
human3_lib2.final_cell_0452-2,-6.303587,-61.160812,alpha,11,alpha,alpha,human3
human3_lib2.final_cell_0453-2,-2.285051,54.547268,acinar,1,acinar,acinar,human3
human3_lib2.final_cell_0454-2,44.77044,13.848165,beta,12,beta,beta,human3
human3_lib2.final_cell_0455-2,21.004827,-66.429016,alpha,11,alpha,alpha,human3
human3_lib2.final_cell_0456-2,33.62518,-63.705997,alpha,11,alpha,alpha,human3
human3_lib2.final_cell_0457-2,21.629377,-65.170425,alpha,11,alpha,alpha,human3
human3_lib2.final_cell_0458-2,-57.06286,-12.417891,ductal,3,ductal,ductal,human3
human3_lib2.final_cell_0459-2,-70.68955,41.652992,ductal,2,Unmatched_2,ductal,human3
human3_lib2.final_cell_0460-2,-74.66481,43.108887,ductal,2,Unmatched_2,ductal,human3
human3_lib2.final_cell_0461-2,-36.231388,5.2829757,activated_stellate,10,activated_stellate,activated_stellate,human3
human3_lib2.final_cell_0462-2,-26.662745,1.8002635,acinar,15,epsilon,quiescent_stellate,human3
human3_lib2.final_cell_0463-2,-1.746464,-65.35659,alpha,11,alpha,alpha,human3
human3_lib2.final_cell_0464-2,81.89603,-32.43894,beta,12,beta,beta,human3
human3_lib2.final_cell_0465-2,51.646496,-16.354671,beta,12,beta,beta,human3
human3_lib2.final_cell_0466-2,-17.875708,71.28769,acinar,1,acinar,acinar,human3
human3_lib2.final_cell_0467-2,9.72466,-62.55643,alpha,11,alpha,alpha,human3
human3_lib2.final_cell_0468-2,-29.064081,-32.880806,alpha,11,alpha,alpha,human3
human3_lib2.final_cell_0469-2,-13.3264475,53.473217,acinar,1,acinar,acinar,human3
human3_lib2.final_cell_0470-2,20.230164,-47.042282,alpha,11,alpha,alpha,human3
human3_lib2.final_cell_0471-2,29.767952,-78.19436,alpha,11,alpha,alpha,human3
human3_lib2.final_cell_0472-2,-22.955833,70.49505,acinar,1,acinar,acinar,human3
human3_lib2.final_cell_0473-2,-14.605986,58.991924,acinar,1,acinar,acinar,human3
human3_lib2.final_cell_0474-2,-2.8802857,54.13325,acinar,1,acinar,acinar,human3
human3_lib2.final_cell_0475-2,-7.8756857,10.722512,delta,8,delta,delta,human3
human3_lib2.final_cell_0476-2,-56.02981,-14.525491,ductal,3,ductal,ductal,human3
human3_lib2.final_cell_0477-2,-10.823945,55.26583,acinar,1,acinar,acinar,human3
human3_lib2.final_cell_0478-2,-28.036703,-41.56538,alpha,11,alpha,alpha,human3
human3_lib2.final_cell_0479-2,-47.59605,-62.466362,alpha,7,gamma,gamma,human3
human3_lib2.final_cell_0480-2,28.80755,-61.045044,alpha,11,alpha,alpha,human3
human3_lib2.final_cell_0481-2,-8.7202,61.52152,acinar,1,acinar,acinar,human3
human3_lib2.final_cell_0482-2,-26.574675,-34.294647,alpha,11,alpha,alpha,human3
human3_lib2.final_cell_0483-2,-30.34973,-35.675953,alpha,11,alpha,alpha,human3
human3_lib2.final_cell_0484-2,-27.91989,-30.163225,alpha,11,alpha,alpha,human3
human3_lib2.final_cell_0485-2,-50.415833,-59.143063,alpha,7,gamma,gamma,human3
human3_lib2.final_cell_0486-2,4.4865894,55.399937,acinar,1,acinar,acinar,human3
human3_lib2.final_cell_0487-2,2.921209,-66.59435,alpha,11,alpha,alpha,human3
human3_lib2.final_cell_0488-2,5.5729446,-70.44166,alpha,11,alpha,alpha,human3
human3_lib2.final_cell_0489-2,9.981261,-50.984135,alpha,11,alpha,alpha,human3
human3_lib2.final_cell_0490-2,84.99462,-4.184103,beta,12,beta,beta,human3
human3_lib2.final_cell_0491-2,6.692614,70.912735,acinar,1,acinar,acinar,human3
human3_lib2.final_cell_0492-2,-35.3027,4.1106935,activated_stellate,10,activated_stellate,activated_stellate,human3
human3_lib2.final_cell_0493-2,-4.5881743,-61.330093,alpha,11,alpha,alpha,human3
human3_lib2.final_cell_0494-2,-37.952816,17.744497,quiescent_stellate,13,quiescent_stellate,quiescent_stellate,human3
human3_lib2.final_cell_0495-2,21.156578,-56.834248,alpha,11,alpha,alpha,human3
human3_lib2.final_cell_0496-2,-28.707148,-36.147484,alpha,11,alpha,alpha,human3
human3_lib2.final_cell_0497-2,-17.34629,73.00029,acinar,1,acinar,acinar,human3
human3_lib2.final_cell_0498-2,-21.097555,-46.05693,alpha,11,alpha,alpha,human3
human3_lib2.final_cell_0499-2,65.719666,-5.543757,beta,12,beta,beta,human3
human3_lib2.final_cell_0500-2,32.198624,-60.5568,alpha,11,alpha,alpha,human3
human3_lib2.final_cell_0501-2,-46.54821,-69.38888,alpha,7,gamma,gamma,human3
human3_lib2.final_cell_0502-2,-66.28319,-10.82056,ductal,3,ductal,ductal,human3
human3_lib2.final_cell_0503-2,24.856543,-58.675583,alpha,11,alpha,alpha,human3
human3_lib2.final_cell_0504-2,-57.72955,-12.234119,ductal,3,ductal,ductal,human3
human3_lib2.final_cell_0505-2,17.866356,-67.98802,alpha,11,alpha,alpha,human3
human3_lib2.final_cell_0506-2,-13.762951,55.59143,acinar,1,acinar,acinar,human3
human3_lib2.final_cell_0507-2,0.44596446,-68.39183,alpha,11,alpha,alpha,human3
human3_lib2.final_cell_0508-2,76.372955,-3.8859267,beta,12,beta,beta,human3
human3_lib2.final_cell_0509-2,-37.006264,-27.90065,alpha,11,alpha,alpha,human3
human3_lib2.final_cell_0510-2,-34.835903,-29.500223,alpha,11,alpha,alpha,human3
human3_lib2.final_cell_0511-2,84.523094,-24.705477,beta,12,beta,beta,human3
human3_lib2.final_cell_0512-2,82.04024,-4.8276286,beta,12,beta,beta,human3
human3_lib2.final_cell_0513-2,29.420904,-55.995747,alpha,11,alpha,alpha,human3
human3_lib2.final_cell_0514-2,23.286661,-56.919315,alpha,11,alpha,alpha,human3
human3_lib2.final_cell_0515-2,-22.041756,-48.481407,alpha,11,alpha,alpha,human3
human3_lib2.final_cell_0516-2,-58.914764,-13.390347,ductal,3,ductal,ductal,human3
human3_lib2.final_cell_0517-2,19.21049,-56.89639,alpha,11,alpha,alpha,human3
human3_lib2.final_cell_0518-2,-37.668266,-33.797253,alpha,11,alpha,alpha,human3
human3_lib2.final_cell_0519-2,28.339193,-57.021103,alpha,11,alpha,alpha,human3
human3_lib2.final_cell_0520-2,13.270885,-52.314514,alpha,11,alpha,alpha,human3
human3_lib2.final_cell_0521-2,-41.75128,-32.857204,alpha,15,epsilon,quiescent_stellate,human3
human3_lib2.final_cell_0522-2,20.99511,-73.69684,alpha,11,alpha,alpha,human3
human3_lib2.final_cell_0523-2,84.714516,-21.978624,beta,12,beta,beta,human3
human3_lib2.final_cell_0524-2,41.859047,-17.680458,beta,12,beta,beta,human3
human3_lib2.final_cell_0525-2,-29.699108,-32.366814,alpha,11,alpha,alpha,human3
human3_lib2.final_cell_0526-2,-72.32604,42.13033,ductal,2,Unmatched_2,ductal,human3
human3_lib2.final_cell_0527-2,-58.29017,-8.232558,ductal,3,ductal,ductal,human3
human3_lib2.final_cell_0528-2,-64.169464,-18.809584,ductal,3,ductal,ductal,human3
human3_lib2.final_cell_0529-2,78.378746,-28.68792,beta,12,beta,beta,human3
human3_lib2.final_cell_0530-2,-53.18981,38.77687,endothelial,0,endothelial,endothelial,human3
human3_lib2.final_cell_0531-2,-35.40199,-30.468138,alpha,11,alpha,alpha,human3
human3_lib2.final_cell_0532-2,62.8341,-7.8454137,beta,12,beta,beta,human3
human3_lib2.final_cell_0533-2,4.5961185,-55.308323,alpha,11,alpha,alpha,human3
human3_lib2.final_cell_0534-2,28.218857,48.50931,beta,12,beta,beta,human3
human3_lib2.final_cell_0535-2,-35.327343,-33.966175,alpha,11,alpha,alpha,human3
human3_lib2.final_cell_0536-2,34.347504,-62.9095,alpha,11,alpha,alpha,human3
human3_lib2.final_cell_0537-2,1.1619642,-56.324978,alpha,11,alpha,alpha,human3
human3_lib2.final_cell_0538-2,-56.002747,-9.634165,ductal,3,ductal,ductal,human3
human3_lib2.final_cell_0539-2,74.45798,-35.38435,beta,12,beta,beta,human3
human3_lib2.final_cell_0540-2,-32.247158,0.8429755,activated_stellate,10,activated_stellate,activated_stellate,human3
human3_lib2.final_cell_0541-2,18.698221,-53.18157,alpha,11,alpha,alpha,human3
human3_lib2.final_cell_0542-2,6.9258413,-68.399345,alpha,11,alpha,alpha,human3
human3_lib2.final_cell_0543-2,5.811343,-72.2293,alpha,11,alpha,alpha,human3
human3_lib2.final_cell_0544-2,-53.383736,38.19365,endothelial,0,endothelial,endothelial,human3
human3_lib2.final_cell_0545-2,-26.749367,-33.32875,alpha,11,alpha,alpha,human3
human3_lib2.final_cell_0546-2,85.57976,-16.643707,beta,12,beta,beta,human3
human3_lib2.final_cell_0547-2,-11.938447,61.88548,acinar,1,acinar,acinar,human3
human3_lib2.final_cell_0548-2,9.69182,-64.61316,alpha,11,alpha,alpha,human3
human3_lib2.final_cell_0549-2,76.87763,-5.050709,ductal,12,beta,beta,human3
human3_lib2.final_cell_0550-2,-34.756397,-41.059105,alpha,11,alpha,alpha,human3
human3_lib2.final_cell_0551-2,-11.614132,-64.08263,alpha,11,alpha,alpha,human3
human3_lib2.final_cell_0552-2,21.860224,-67.99752,alpha,11,alpha,alpha,human3
human3_lib2.final_cell_0553-2,68.59013,-3.6316023,beta,12,beta,beta,human3
human3_lib2.final_cell_0554-2,-29.17147,-30.430346,alpha,11,alpha,alpha,human3
human3_lib2.final_cell_0555-2,-38.02084,-34.2106,alpha,11,alpha,alpha,human3
human3_lib2.final_cell_0556-2,-6.6326966,-27.686077,alpha,11,alpha,alpha,human3
human3_lib2.final_cell_0557-2,27.205162,-69.86877,alpha,11,alpha,alpha,human3
human3_lib2.final_cell_0558-2,-33.27999,-31.232271,quiescent_stellate,11,alpha,alpha,human3
human3_lib2.final_cell_0559-2,-24.60294,-33.782272,alpha,11,alpha,alpha,human3
human3_lib2.final_cell_0560-2,-49.893677,-69.60266,alpha,7,gamma,gamma,human3
human3_lib2.final_cell_0561-2,28.870008,-79.13595,alpha,11,alpha,alpha,human3
human3_lib2.final_cell_0562-2,87.47254,-7.466426,beta,12,beta,beta,human3
human3_lib2.final_cell_0563-2,70.65629,-2.9348252,beta,12,beta,beta,human3
human3_lib2.final_cell_0564-2,-32.632507,-33.77649,alpha,11,alpha,alpha,human3
human3_lib2.final_cell_0565-2,9.983607,-50.996666,alpha,11,alpha,alpha,human3
human3_lib2.final_cell_0566-2,78.39487,-15.968645,beta,12,beta,beta,human3
human3_lib2.final_cell_0567-2,20.530655,-47.6878,alpha,11,alpha,alpha,human3
human3_lib2.final_cell_0568-2,-32.431503,-30.583677,alpha,11,alpha,alpha,human3
human3_lib2.final_cell_0569-2,3.7649775,54.801678,acinar,1,acinar,acinar,human3
human3_lib2.final_cell_0570-2,-59.160366,-9.276404,ductal,3,ductal,ductal,human3
human3_lib2.final_cell_0571-2,-1.874603,-68.541145,alpha,11,alpha,alpha,human3
human3_lib2.final_cell_0572-2,28.783312,-69.25864,alpha,11,alpha,alpha,human3
human3_lib2.final_cell_0573-2,78.14412,-12.192474,beta,12,beta,beta,human3
human3_lib2.final_cell_0574-2,87.58123,-19.736565,beta,12,beta,beta,human3
human3_lib2.final_cell_0575-2,-30.669136,-45.04157,alpha,11,alpha,alpha,human3
human3_lib2.final_cell_0576-2,-4.2661204,58.235905,acinar,1,acinar,acinar,human3
human3_lib2.final_cell_0577-2,-39.331947,-73.55428,alpha,7,gamma,gamma,human3
human3_lib2.final_cell_0578-2,6.773923,-69.62872,alpha,11,alpha,alpha,human3
human3_lib2.final_cell_0579-2,-50.27284,-59.483704,alpha,7,gamma,gamma,human3
human3_lib2.final_cell_0580-2,-90.577866,13.537311,macrophage,6,macrophage,macrophage,human3
human3_lib2.final_cell_0581-2,83.32709,-13.894106,beta,12,beta,beta,human3
human3_lib2.final_cell_0582-2,72.916595,-5.1903186,beta,12,beta,beta,human3
human3_lib2.final_cell_0583-2,-30.418686,-33.277134,alpha,11,alpha,alpha,human3
human3_lib2.final_cell_0584-2,5.7261286,-64.499725,alpha,11,alpha,alpha,human3
human3_lib2.final_cell_0585-2,-52.020947,0.32520717,ductal,3,ductal,ductal,human3
human3_lib2.final_cell_0586-2,-2.6530006,55.604614,acinar,1,acinar,acinar,human3
human3_lib2.final_cell_0587-2,-87.11464,17.320799,alpha,5,t_cell,t_cell,human3
human3_lib2.final_cell_0588-2,29.237616,-54.262463,alpha,11,alpha,alpha,human3
human3_lib2.final_cell_0589-2,-41.9488,-33.06418,alpha,15,epsilon,quiescent_stellate,human3
human3_lib2.final_cell_0590-2,-31.520214,-30.522783,alpha,11,alpha,alpha,human3
human3_lib2.final_cell_0591-2,-30.740772,12.862053,alpha,15,epsilon,quiescent_stellate,human3
human3_lib2.final_cell_0592-2,-28.471424,-39.483074,alpha,11,alpha,alpha,human3
human3_lib2.final_cell_0593-2,-35.77953,5.9095845,activated_stellate,10,activated_stellate,activated_stellate,human3
human3_lib2.final_cell_0594-2,85.40364,-9.471943,beta,12,beta,beta,human3
human3_lib2.final_cell_0595-2,2.8674636,-54.293457,alpha,11,alpha,alpha,human3
human3_lib2.final_cell_0596-2,-46.015602,-62.424725,gamma,7,gamma,gamma,human3
human3_lib2.final_cell_0597-2,29.01687,-59.667923,alpha,11,alpha,alpha,human3
human3_lib2.final_cell_0598-2,6.294602,-62.935944,alpha,11,alpha,alpha,human3
human3_lib2.final_cell_0599-2,-54.536816,-12.610007,ductal,3,ductal,ductal,human3
human3_lib2.final_cell_0600-2,-12.445534,-63.44659,alpha,11,alpha,alpha,human3
human3_lib2.final_cell_0601-2,27.061558,-73.55674,alpha,11,alpha,alpha,human3
human3_lib2.final_cell_0602-2,30.600315,-60.430046,alpha,11,alpha,alpha,human3
human3_lib2.final_cell_0603-2,13.418081,-60.99894,alpha,11,alpha,alpha,human3
human3_lib2.final_cell_0604-2,-26.978485,-36.324654,alpha,11,alpha,alpha,human3
human3_lib2.final_cell_0605-2,-37.944336,17.699482,quiescent_stellate,13,quiescent_stellate,quiescent_stellate,human3
human3_lib2.final_cell_0606-2,-58.94493,-7.9995947,ductal,3,ductal,ductal,human3
human3_lib2.final_cell_0607-2,-59.103264,-9.338301,ductal,3,ductal,ductal,human3
human3_lib2.final_cell_0608-2,-27.756268,68.138504,acinar,1,acinar,acinar,human3
human3_lib2.final_cell_0609-2,-11.710856,10.614128,delta,8,delta,delta,human3
human3_lib2.final_cell_0610-2,-29.766703,-31.07267,alpha,11,alpha,alpha,human3
human3_lib2.final_cell_0611-2,-52.624928,-12.807556,ductal,3,ductal,ductal,human3
human3_lib2.final_cell_0612-2,-2.8926601,-63.15939,alpha,11,alpha,alpha,human3
human3_lib2.final_cell_0613-2,22.611227,-62.530144,alpha,11,alpha,alpha,human3
human3_lib2.final_cell_0614-2,-6.0409527,67.70893,acinar,1,acinar,acinar,human3
human3_lib2.final_cell_0615-2,-12.165586,10.134654,delta,8,delta,delta,human3
human3_lib2.final_cell_0616-2,-18.732664,56.43163,acinar,1,acinar,acinar,human3
human3_lib2.final_cell_0617-2,0.35481927,-64.27794,alpha,11,alpha,alpha,human3
human3_lib2.final_cell_0618-2,23.085217,-63.047234,alpha,11,alpha,alpha,human3
human3_lib2.final_cell_0619-2,-7.879929,-60.485405,alpha,11,alpha,alpha,human3
human3_lib2.final_cell_0620-2,-27.61677,64.61197,acinar,1,acinar,acinar,human3
human3_lib2.final_cell_0621-2,-29.43423,12.034559,activated_stellate,15,epsilon,quiescent_stellate,human3
human3_lib2.final_cell_0622-2,75.87076,-37.073383,beta,12,beta,beta,human3
human3_lib2.final_cell_0623-2,-7.959302,63.256626,acinar,1,acinar,acinar,human3
human3_lib2.final_cell_0624-2,51.806995,-3.9450212,beta,15,epsilon,quiescent_stellate,human3
human3_lib2.final_cell_0625-2,-33.975468,-32.54786,alpha,11,alpha,alpha,human3
human3_lib2.final_cell_0626-2,4.1885633,53.266884,acinar,1,acinar,acinar,human3
human3_lib2.final_cell_0627-2,76.354805,-7.2482066,beta,12,beta,beta,human3
human3_lib2.final_cell_0628-2,28.974474,-59.754005,alpha,11,alpha,alpha,human3
human3_lib2.final_cell_0629-2,-29.567165,-47.124123,alpha,11,alpha,alpha,human3
human3_lib2.final_cell_0630-2,-64.14606,-6.619017,ductal,3,ductal,ductal,human3
human3_lib2.final_cell_0631-2,-87.42869,17.312958,alpha,5,t_cell,t_cell,human3
human3_lib2.final_cell_0632-2,-55.0262,2.6441407,ductal,3,ductal,ductal,human3
human3_lib2.final_cell_0633-2,-16.60665,-61.603573,alpha,11,alpha,alpha,human3
human3_lib2.final_cell_0634-2,-7.1357484,-61.111507,alpha,11,alpha,alpha,human3
human3_lib2.final_cell_0635-2,0.5647629,-67.2185,alpha,11,alpha,alpha,human3
human3_lib2.final_cell_0636-2,-17.068222,68.10972,acinar,1,acinar,acinar,human3
human3_lib2.final_cell_0637-2,-51.999454,-1.0974042,ductal,3,ductal,ductal,human3
human3_lib2.final_cell_0638-2,6.988839,58.722813,acinar,1,acinar,acinar,human3
human3_lib2.final_cell_0639-2,15.979317,-58.49125,alpha,11,alpha,alpha,human3
human3_lib2.final_cell_0640-2,-9.1700945,9.405416,delta,8,delta,delta,human3
human3_lib2.final_cell_0641-2,-8.027769,-63.007168,alpha,11,alpha,alpha,human3
human3_lib2.final_cell_0642-2,-5.227095,58.018272,alpha,1,acinar,acinar,human3
human3_lib2.final_cell_0643-2,-22.390476,58.08551,acinar,1,acinar,acinar,human3
human3_lib2.final_cell_0644-2,76.049774,-6.5563703,beta,12,beta,beta,human3
human3_lib2.final_cell_0645-2,-4.4205112,-65.016884,alpha,11,alpha,alpha,human3
human3_lib2.final_cell_0646-2,-25.283144,51.83944,acinar,1,acinar,acinar,human3
human3_lib2.final_cell_0647-2,-53.81581,30.02001,endothelial,0,endothelial,endothelial,human3
human3_lib2.final_cell_0648-2,-21.07862,57.83648,beta,1,acinar,acinar,human3
human3_lib2.final_cell_0649-2,-29.685923,-47.83013,alpha,11,alpha,alpha,human3
human3_lib2.final_cell_0650-2,-34.698513,5.1096053,activated_stellate,10,activated_stellate,activated_stellate,human3
human3_lib2.final_cell_0651-2,-23.81574,-7.8600698,activated_stellate,10,activated_stellate,activated_stellate,human3
human3_lib2.final_cell_0652-2,-8.270592,78.280975,acinar,1,acinar,acinar,human3
human3_lib2.final_cell_0653-2,7.305738,-66.76297,alpha,11,alpha,alpha,human3
human3_lib2.final_cell_0654-2,-0.122946106,-69.33988,alpha,11,alpha,alpha,human3
human3_lib2.final_cell_0655-2,-24.617664,-45.035923,alpha,11,alpha,alpha,human3
human3_lib2.final_cell_0656-2,-25.855871,-46.489975,alpha,11,alpha,alpha,human3
human3_lib2.final_cell_0657-2,-57.943943,-7.686479,ductal,3,ductal,ductal,human3
human3_lib2.final_cell_0658-2,32.908432,-56.46697,alpha,11,alpha,alpha,human3
human3_lib2.final_cell_0659-2,-51.874176,27.098036,endothelial,0,endothelial,endothelial,human3
human3_lib2.final_cell_0660-2,-33.133358,0.29784486,activated_stellate,10,activated_stellate,activated_stellate,human3
human3_lib2.final_cell_0661-2,-36.13647,-33.86107,alpha,11,alpha,alpha,human3
human3_lib2.final_cell_0662-2,-3.2551653,-70.127785,alpha,11,alpha,alpha,human3
human3_lib2.final_cell_0663-2,85.47816,-9.817742,beta,12,beta,beta,human3
human3_lib2.final_cell_0664-2,2.1598265,-64.5997,alpha,11,alpha,alpha,human3
human3_lib2.final_cell_0665-2,-16.864786,59.299053,beta,1,acinar,acinar,human3
human3_lib2.final_cell_0666-2,-35.66179,-27.999897,alpha,11,alpha,alpha,human3
human3_lib2.final_cell_0667-2,83.97468,-12.121399,beta,12,beta,beta,human3
human3_lib2.final_cell_0668-2,-35.493904,16.735727,quiescent_stellate,15,epsilon,quiescent_stellate,human3
human3_lib2.final_cell_0669-2,0.43778005,-64.38514,alpha,11,alpha,alpha,human3
human3_lib2.final_cell_0670-2,-64.4748,-18.7351,ductal,3,ductal,ductal,human3
human3_lib2.final_cell_0671-2,-9.241928,77.25719,acinar,1,acinar,acinar,human3
human3_lib2.final_cell_0672-2,86.69845,-7.9650707,beta,12,beta,beta,human3
human3_lib2.final_cell_0673-2,44.63221,-38.975883,mast,4,mast,mast,human3
human3_lib2.final_cell_0674-2,-13.721254,55.057415,acinar,1,acinar,acinar,human3
human3_lib2.final_cell_0675-2,-16.818338,67.76994,acinar,1,acinar,acinar,human3
human3_lib2.final_cell_0676-2,74.36044,-10.969971,beta,12,beta,beta,human3
human3_lib2.final_cell_0677-2,86.4853,-19.826174,beta,12,beta,beta,human3
human3_lib2.final_cell_0678-2,57.846607,-12.635095,beta,12,beta,beta,human3
human3_lib2.final_cell_0679-2,-49.25151,-70.90187,alpha,7,gamma,gamma,human3
human3_lib2.final_cell_0680-2,23.651804,-74.88037,alpha,11,alpha,alpha,human3
human3_lib2.final_cell_0681-2,-35.67998,4.67154,activated_stellate,10,activated_stellate,activated_stellate,human3
human3_lib2.final_cell_0682-2,26.034306,-76.75725,alpha,11,alpha,alpha,human3
human3_lib2.final_cell_0683-2,-1.6118969,-28.425364,alpha,11,alpha,alpha,human3
human3_lib2.final_cell_0684-2,-15.895383,59.972675,acinar,1,acinar,acinar,human3
human3_lib2.final_cell_0685-2,-23.683266,71.36124,acinar,1,acinar,acinar,human3
human3_lib2.final_cell_0686-2,-73.13555,43.764557,ductal,2,Unmatched_2,ductal,human3
human3_lib2.final_cell_0687-2,80.94888,-2.719728,beta,12,beta,beta,human3
human3_lib2.final_cell_0688-2,10.654605,-51.18375,alpha,11,alpha,alpha,human3
human3_lib2.final_cell_0689-2,-16.617563,74.86794,acinar,1,acinar,acinar,human3
human3_lib2.final_cell_0690-2,-71.85585,41.691463,ductal,2,Unmatched_2,ductal,human3
human3_lib2.final_cell_0691-2,61.706005,-11.879151,beta,12,beta,beta,human3
human3_lib2.final_cell_0692-2,-2.83737,-66.14,alpha,11,alpha,alpha,human3
human3_lib2.final_cell_0693-2,-58.622726,-13.713194,ductal,3,ductal,ductal,human3
human3_lib2.final_cell_0694-2,11.22764,-48.07651,alpha,11,alpha,alpha,human3
human3_lib2.final_cell_0695-2,-65.23584,-8.749288,ductal,3,ductal,ductal,human3
human3_lib2.final_cell_0696-2,32.56696,-55.648933,alpha,11,alpha,alpha,human3
human3_lib2.final_cell_0697-2,-27.603834,0.8110015,activated_stellate,10,activated_stellate,activated_stellate,human3
human3_lib2.final_cell_0698-2,-53.790436,-13.261362,ductal,3,ductal,ductal,human3
human3_lib2.final_cell_0699-2,82.77593,-14.109688,beta,12,beta,beta,human3
human3_lib2.final_cell_0700-2,30.252008,-78.54739,alpha,11,alpha,alpha,human3
human3_lib2.final_cell_0701-2,-36.959763,18.345013,quiescent_stellate,13,quiescent_stellate,quiescent_stellate,human3
human3_lib2.final_cell_0702-2,-11.444239,80.52635,delta,1,acinar,acinar,human3
human3_lib2.final_cell_0703-2,-5.320346,8.02488,beta,8,delta,delta,human3
human3_lib2.final_cell_0704-2,22.42694,-62.099274,alpha,11,alpha,alpha,human3
human3_lib2.final_cell_0705-2,-65.69624,0.09560232,ductal,3,ductal,ductal,human3
human3_lib2.final_cell_0706-2,-1.8301208,-69.59401,alpha,11,alpha,alpha,human3
human3_lib2.final_cell_0707-2,-28.52827,-30.070463,alpha,11,alpha,alpha,human3
human3_lib2.final_cell_0708-2,79.51215,-2.5182254,beta,12,beta,beta,human3
human3_lib2.final_cell_0709-2,-23.4376,-42.158096,alpha,11,alpha,alpha,human3
human3_lib2.final_cell_0710-2,-21.541933,55.64907,acinar,1,acinar,acinar,human3
human3_lib2.final_cell_0711-2,-25.72717,-35.824112,alpha,11,alpha,alpha,human3
human3_lib2.final_cell_0712-2,-35.564903,19.097572,quiescent_stellate,13,quiescent_stellate,quiescent_stellate,human3
human3_lib2.final_cell_0713-2,-62.85016,-5.7804065,ductal,3,ductal,ductal,human3
human3_lib2.final_cell_0714-2,22.81032,-61.837223,alpha,11,alpha,alpha,human3
human3_lib2.final_cell_0715-2,-59.21592,1.7830085,ductal,3,ductal,ductal,human3
human3_lib2.final_cell_0716-2,-35.553802,5.6707363,activated_stellate,10,activated_stellate,activated_stellate,human3
human3_lib2.final_cell_0717-2,4.509168,-50.62254,alpha,11,alpha,alpha,human3
human3_lib2.final_cell_0718-2,75.69281,-9.817593,beta,12,beta,beta,human3
human3_lib2.final_cell_0719-2,-1.3600965,-64.12645,alpha,11,alpha,alpha,human3
human3_lib2.final_cell_0720-2,1.7247916,54.213463,acinar,1,acinar,acinar,human3
human3_lib2.final_cell_0721-2,-14.840589,65.376526,acinar,1,acinar,acinar,human3
human3_lib2.final_cell_0722-2,-24.74674,-37.69441,alpha,11,alpha,alpha,human3
human3_lib2.final_cell_0723-2,13.799478,-53.24791,alpha,11,alpha,alpha,human3
human3_lib2.final_cell_0724-2,-41.835682,-31.694777,alpha,15,epsilon,quiescent_stellate,human3
human3_lib2.final_cell_0725-2,-58.8646,-4.199618,ductal,3,ductal,ductal,human3
human3_lib2.final_cell_0726-2,42.917572,-6.6643467,beta,12,beta,beta,human3
human3_lib2.final_cell_0727-2,6.563981,-62.248203,alpha,11,alpha,alpha,human3
human3_lib2.final_cell_0728-2,-13.945096,55.600067,acinar,1,acinar,acinar,human3
human3_lib2.final_cell_0729-2,-36.197906,4.4136105,activated_stellate,10,activated_stellate,activated_stellate,human3
human3_lib2.final_cell_0730-2,-4.630892,-65.04763,alpha,11,alpha,alpha,human3
human3_lib2.final_cell_0731-2,68.46144,-4.171009,beta,12,beta,beta,human3
human3_lib2.final_cell_0732-2,-22.127398,-47.872253,alpha,11,alpha,alpha,human3
human3_lib2.final_cell_0733-2,85.18833,-23.660103,beta,12,beta,beta,human3
human3_lib2.final_cell_0734-2,81.04731,-20.300167,beta,12,beta,beta,human3
human3_lib2.final_cell_0735-2,83.16382,-32.357327,beta,12,beta,beta,human3
human3_lib2.final_cell_0736-2,18.256386,-55.10758,alpha,11,alpha,alpha,human3
human3_lib2.final_cell_0737-2,-89.32799,14.37786,macrophage,6,macrophage,macrophage,human3
human3_lib2.final_cell_0738-2,-70.03005,-15.019303,ductal,3,ductal,ductal,human3
human3_lib2.final_cell_0739-2,-27.542665,-35.38188,alpha,11,alpha,alpha,human3
human3_lib2.final_cell_0740-2,76.00113,-25.66219,beta,12,beta,beta,human3
human3_lib2.final_cell_0741-2,30.357027,-70.76401,alpha,11,alpha,alpha,human3
human3_lib2.final_cell_0742-2,84.80735,-4.359396,beta,12,beta,beta,human3
human3_lib2.final_cell_0743-2,-58.034622,3.3150039,ductal,3,ductal,ductal,human3
human3_lib2.final_cell_0744-2,-49.277084,-71.03199,alpha,7,gamma,gamma,human3
human3_lib2.final_cell_0745-2,19.464315,-62.645813,alpha,11,alpha,alpha,human3
human3_lib2.final_cell_0746-2,-34.332897,-26.70505,alpha,11,alpha,alpha,human3
human3_lib2.final_cell_0747-2,29.470753,-76.28738,alpha,11,alpha,alpha,human3
human3_lib2.final_cell_0748-2,30.339363,-73.192314,alpha,11,alpha,alpha,human3
human3_lib2.final_cell_0749-2,81.62671,-1.4405501,beta,12,beta,beta,human3
human3_lib2.final_cell_0750-2,18.643225,-52.663563,alpha,11,alpha,alpha,human3
human3_lib2.final_cell_0751-2,74.560394,-3.0383587,beta,12,beta,beta,human3
human3_lib2.final_cell_0752-2,-52.86391,-6.747899,ductal,3,ductal,ductal,human3
human3_lib2.final_cell_0753-2,-59.01576,-6.921342,ductal,3,ductal,ductal,human3
human3_lib2.final_cell_0754-2,-55.156593,-3.5414774,ductal,3,ductal,ductal,human3
human3_lib2.final_cell_0755-2,-1.0788193,-66.66349,alpha,11,alpha,alpha,human3
human3_lib2.final_cell_0756-2,-73.240845,44.122356,ductal,2,Unmatched_2,ductal,human3
human3_lib2.final_cell_0757-2,-28.349524,-2.8674204,activated_stellate,10,activated_stellate,activated_stellate,human3
human3_lib2.final_cell_0758-2,-49.298172,-70.78951,alpha,7,gamma,gamma,human3
human3_lib2.final_cell_0759-2,80.72678,-19.186756,beta,12,beta,beta,human3
human3_lib2.final_cell_0760-2,-27.609272,3.3347251,activated_stellate,15,epsilon,quiescent_stellate,human3
human3_lib2.final_cell_0761-2,21.591707,-80.65174,alpha,11,alpha,alpha,human3
human3_lib2.final_cell_0762-2,-19.427177,73.87401,acinar,1,acinar,acinar,human3
human3_lib2.final_cell_0763-2,-9.97742,72.28519,acinar,1,acinar,acinar,human3
human3_lib2.final_cell_0764-2,-23.582584,-47.93966,alpha,11,alpha,alpha,human3
human3_lib2.final_cell_0765-2,-5.847492,15.609835,delta,8,delta,delta,human3
human3_lib2.final_cell_0766-2,-58.625618,32.557743,endothelial,0,endothelial,endothelial,human3
human3_lib2.final_cell_0767-2,-30.510866,18.35179,quiescent_stellate,13,quiescent_stellate,quiescent_stellate,human3
human3_lib2.final_cell_0768-2,84.44896,-7.7249303,beta,12,beta,beta,human3
human3_lib2.final_cell_0769-2,82.63902,-10.663656,beta,12,beta,beta,human3
human3_lib2.final_cell_0770-2,-24.505201,-37.05091,alpha,11,alpha,alpha,human3
human3_lib2.final_cell_0771-2,-29.402037,11.908122,activated_stellate,15,epsilon,quiescent_stellate,human3
human3_lib2.final_cell_0772-2,-10.159005,-64.48269,alpha,11,alpha,alpha,human3
human3_lib2.final_cell_0773-2,74.075096,-10.914235,beta,12,beta,beta,human3
human3_lib2.final_cell_0774-2,-13.945783,67.48728,acinar,1,acinar,acinar,human3
human3_lib2.final_cell_0775-2,-37.827023,-62.377968,alpha,7,gamma,gamma,human3
human3_lib2.final_cell_0776-2,54.88086,44.843365,delta,12,beta,beta,human3
human3_lib2.final_cell_0777-2,-9.545145,77.611465,acinar,1,acinar,acinar,human3
human3_lib2.final_cell_0778-2,-31.737482,13.871547,quiescent_stellate,15,epsilon,quiescent_stellate,human3
human3_lib2.final_cell_0779-2,80.45973,-21.959103,beta,12,beta,beta,human3
human3_lib2.final_cell_0780-2,-33.96423,-33.394806,alpha,11,alpha,alpha,human3
human3_lib2.final_cell_0781-2,0.25530708,-69.12042,alpha,11,alpha,alpha,human3
human3_lib2.final_cell_0782-2,-51.74425,-3.2079465,ductal,3,ductal,ductal,human3
human3_lib2.final_cell_0783-2,-0.5316781,-71.1571,alpha,11,alpha,alpha,human3
human3_lib2.final_cell_0784-2,15.485429,-57.22751,alpha,11,alpha,alpha,human3
human3_lib2.final_cell_0785-2,-31.75694,-31.242636,alpha,11,alpha,alpha,human3
human3_lib2.final_cell_0786-2,-10.819402,-61.577847,alpha,11,alpha,alpha,human3
human3_lib2.final_cell_0787-2,3.1594036,-44.381294,alpha,11,alpha,alpha,human3
human3_lib2.final_cell_0788-2,-42.93576,-62.683205,gamma,7,gamma,gamma,human3
human3_lib2.final_cell_0789-2,-48.027557,-59.65738,alpha,7,gamma,gamma,human3
human3_lib2.final_cell_0790-2,83.800476,-7.8463693,beta,12,beta,beta,human3
human3_lib2.final_cell_0791-2,51.62073,-4.0794683,beta,15,epsilon,quiescent_stellate,human3
human3_lib2.final_cell_0792-2,-13.269981,10.925285,delta,8,delta,delta,human3
human3_lib2.final_cell_0793-2,29.391586,-60.240143,alpha,11,alpha,alpha,human3
human3_lib2.final_cell_0794-2,-26.775982,0.8705165,activated_stellate,15,epsilon,quiescent_stellate,human3
human3_lib2.final_cell_0795-2,29.547989,-76.92803,alpha,11,alpha,alpha,human3
human3_lib2.final_cell_0796-2,-33.401062,15.896645,quiescent_stellate,13,quiescent_stellate,quiescent_stellate,human3
human3_lib2.final_cell_0797-2,79.04935,-6.981641,beta,12,beta,beta,human3
human3_lib2.final_cell_0798-2,44.98263,-39.69802,mast,4,mast,mast,human3
human3_lib2.final_cell_0799-2,32.64138,-56.708157,alpha,11,alpha,alpha,human3
human3_lib2.final_cell_0800-2,5.7371397,70.13397,acinar,1,acinar,acinar,human3
human3_lib2.final_cell_0801-2,6.295828,-53.546764,alpha,11,alpha,alpha,human3
human3_lib2.final_cell_0802-2,-38.370586,-33.49941,alpha,11,alpha,alpha,human3
human3_lib2.final_cell_0803-2,-54.598415,31.51818,endothelial,0,endothelial,endothelial,human3
human3_lib2.final_cell_0804-2,78.95677,-31.063662,beta,12,beta,beta,human3
human3_lib2.final_cell_0805-2,-87.76344,16.527905,macrophage,5,t_cell,t_cell,human3
human3_lib2.final_cell_0806-2,-70.11044,-4.5755897,ductal,3,ductal,ductal,human3
human3_lib2.final_cell_0807-2,80.723434,-2.4007995,beta,12,beta,beta,human3
human3_lib2.final_cell_0808-2,64.5512,-4.7851467,beta,12,beta,beta,human3
human3_lib2.final_cell_0809-2,77.49308,-8.457331,beta,12,beta,beta,human3
human3_lib2.final_cell_0810-2,-33.969677,-31.958239,alpha,11,alpha,alpha,human3
human3_lib2.final_cell_0811-2,72.81772,-5.210559,beta,12,beta,beta,human3
human3_lib2.final_cell_0812-2,-40.125927,-31.852537,alpha,11,alpha,alpha,human3
human3_lib2.final_cell_0813-2,45.04534,-39.22724,mast,4,mast,mast,human3
human3_lib2.final_cell_0814-2,17.544498,-46.129585,alpha,11,alpha,alpha,human3
human3_lib2.final_cell_0815-2,-8.40806,-16.332767,alpha,11,alpha,alpha,human3
human3_lib2.final_cell_0816-2,53.862957,42.36877,beta,12,beta,beta,human3
human3_lib2.final_cell_0817-2,-56.8246,31.551733,endothelial,0,endothelial,endothelial,human3
human3_lib2.final_cell_0818-2,-18.118732,62.056564,acinar,1,acinar,acinar,human3
human3_lib2.final_cell_0819-2,-52.01634,28.250423,endothelial,0,endothelial,endothelial,human3
human3_lib2.final_cell_0820-2,77.29379,-24.285742,beta,12,beta,beta,human3
human3_lib2.final_cell_0821-2,68.3165,-0.5244687,beta,12,beta,beta,human3
human3_lib2.final_cell_0822-2,10.799892,-59.35864,alpha,11,alpha,alpha,human3
human3_lib2.final_cell_0823-2,-36.52087,15.707566,quiescent_stellate,13,quiescent_stellate,quiescent_stellate,human3
human3_lib2.final_cell_0824-2,-64.50764,-5.725305,ductal,3,ductal,ductal,human3
human3_lib2.final_cell_0825-2,-52.999504,2.2407486,ductal,3,ductal,ductal,human3
human3_lib2.final_cell_0826-2,74.523285,-27.788298,beta,15,epsilon,quiescent_stellate,human3
human3_lib2.final_cell_0827-2,58.099335,-15.2782345,beta,12,beta,beta,human3
human3_lib2.final_cell_0828-2,17.497108,-47.138107,alpha,11,alpha,alpha,human3
human3_lib2.final_cell_0829-2,83.01685,-11.443626,beta,12,beta,beta,human3
human3_lib2.final_cell_0830-2,78.61308,-15.656728,beta,12,beta,beta,human3
human3_lib2.final_cell_0831-2,81.384346,-19.85212,beta,12,beta,beta,human3
human3_lib2.final_cell_0832-2,-33.659927,18.466248,quiescent_stellate,13,quiescent_stellate,quiescent_stellate,human3
human3_lib2.final_cell_0833-2,-34.78885,16.708063,quiescent_stellate,13,quiescent_stellate,quiescent_stellate,human3
human3_lib2.final_cell_0834-2,83.90046,-12.286669,beta,12,beta,beta,human3
human3_lib2.final_cell_0835-2,-5.62285,-35.692917,alpha,11,alpha,alpha,human3
human3_lib2.final_cell_0836-2,-3.9508796,8.869129,delta,8,delta,delta,human3
human3_lib2.final_cell_0837-2,20.491205,-73.78981,alpha,11,alpha,alpha,human3
human3_lib2.final_cell_0838-2,-52.35457,2.994777,ductal,3,ductal,ductal,human3
human3_lib2.final_cell_0839-2,-25.816843,64.40345,acinar,1,acinar,acinar,human3
human3_lib2.final_cell_0840-2,5.307643,-64.16555,alpha,11,alpha,alpha,human3
human3_lib2.final_cell_0841-2,-32.626377,-42.71839,alpha,11,alpha,alpha,human3
human3_lib2.final_cell_0842-2,-44.471252,-61.988823,alpha,7,gamma,gamma,human3
human3_lib2.final_cell_0843-2,-36.508713,19.348682,quiescent_stellate,13,quiescent_stellate,quiescent_stellate,human3
human3_lib2.final_cell_0844-2,22.950932,-61.420773,alpha,11,alpha,alpha,human3
human3_lib2.final_cell_0845-2,85.165665,-13.656555,beta,12,beta,beta,human3
human3_lib2.final_cell_0846-2,-59.839306,26.643208,endothelial,0,endothelial,endothelial,human3
human3_lib2.final_cell_0847-2,-35.953342,5.0508122,activated_stellate,10,activated_stellate,activated_stellate,human3
human3_lib2.final_cell_0848-2,-34.051422,-41.4978,alpha,11,alpha,alpha,human3
human3_lib2.final_cell_0849-2,15.726843,-46.174416,alpha,11,alpha,alpha,human3
human3_lib2.final_cell_0850-2,76.87888,-6.3795943,beta,12,beta,beta,human3
human3_lib2.final_cell_0851-2,15.112142,-47.736023,alpha,11,alpha,alpha,human3
human3_lib2.final_cell_0852-2,74.18787,-34.966133,beta,12,beta,beta,human3
human3_lib2.final_cell_0853-2,77.514626,-9.183655,beta,12,beta,beta,human3
human3_lib2.final_cell_0854-2,-26.779486,-30.55251,alpha,11,alpha,alpha,human3
human3_lib2.final_cell_0855-2,-58.75476,-1.1985489,ductal,3,ductal,ductal,human3
human3_lib2.final_cell_0856-2,-56.798912,31.375942,endothelial,0,endothelial,endothelial,human3
human3_lib2.final_cell_0857-2,-56.04313,30.774673,endothelial,0,endothelial,endothelial,human3
human3_lib2.final_cell_0858-2,-58.472733,32.95386,endothelial,0,endothelial,endothelial,human3
human3_lib2.final_cell_0859-2,77.666664,-23.538197,beta,12,beta,beta,human3
human3_lib2.final_cell_0860-2,81.633896,-19.640635,beta,12,beta,beta,human3
human3_lib2.final_cell_0861-2,-35.37778,16.492445,quiescent_stellate,15,epsilon,quiescent_stellate,human3
human3_lib2.final_cell_0862-2,84.51209,-12.67005,beta,12,beta,beta,human3
human3_lib2.final_cell_0863-2,33.097363,-12.815028,beta,12,beta,beta,human3
human3_lib2.final_cell_0864-2,73.32372,-10.971873,beta,12,beta,beta,human3
human3_lib2.final_cell_0865-2,77.57905,-7.6452956,beta,12,beta,beta,human3
human3_lib2.final_cell_0866-2,-56.874912,0.6550392,ductal,3,ductal,ductal,human3
human3_lib2.final_cell_0867-2,73.15494,-6.819269,beta,12,beta,beta,human3
human3_lib2.final_cell_0868-2,-54.47742,-12.160565,ductal,3,ductal,ductal,human3
human3_lib2.final_cell_0869-2,-63.377308,28.097658,endothelial,0,endothelial,endothelial,human3
human3_lib2.final_cell_0870-2,-59.867104,34.222073,endothelial,0,endothelial,endothelial,human3
human3_lib2.final_cell_0871-2,16.062002,-46.671303,alpha,11,alpha,alpha,human3
human3_lib2.final_cell_0872-2,74.4879,-32.77151,beta,12,beta,beta,human3
human3_lib2.final_cell_0873-2,-27.640919,3.2664359,activated_stellate,10,activated_stellate,activated_stellate,human3
human3_lib2.final_cell_0874-2,81.83775,-5.949527,beta,12,beta,beta,human3
human3_lib2.final_cell_0875-2,5.0387716,-44.442303,alpha,11,alpha,alpha,human3
human3_lib3.final_cell_0001-2,1.1845922,62.41462,acinar,1,acinar,acinar,human3
human3_lib3.final_cell_0002-2,-11.262219,73.29383,acinar,1,acinar,acinar,human3
human3_lib3.final_cell_0003-2,-1.531523,52.8321,acinar,1,acinar,acinar,human3
human3_lib3.final_cell_0004-2,2.544481,60.55325,acinar,1,acinar,acinar,human3
human3_lib3.final_cell_0005-2,1.8965069,61.909058,acinar,1,acinar,acinar,human3
human3_lib3.final_cell_0006-2,-2.8628893,69.93151,acinar,1,acinar,acinar,human3
human3_lib3.final_cell_0007-2,-1.8331722,63.55413,acinar,1,acinar,acinar,human3
human3_lib3.final_cell_0008-2,-14.017769,63.43169,acinar,1,acinar,acinar,human3
human3_lib3.final_cell_0009-2,6.8158817,64.448944,acinar,1,acinar,acinar,human3
human3_lib3.final_cell_0010-2,0.6939481,69.373566,acinar,1,acinar,acinar,human3
human3_lib3.final_cell_0011-2,-36.210182,1.5741029,acinar,10,activated_stellate,activated_stellate,human3
human3_lib3.final_cell_0012-2,-10.065065,74.75179,acinar,1,acinar,acinar,human3
human3_lib3.final_cell_0013-2,-2.8083558,68.041466,acinar,1,acinar,acinar,human3
human3_lib3.final_cell_0014-2,3.0233357,60.75995,acinar,1,acinar,acinar,human3
human3_lib3.final_cell_0015-2,-8.0819235,60.885746,acinar,1,acinar,acinar,human3
human3_lib3.final_cell_0016-2,-16.886536,55.325016,acinar,1,acinar,acinar,human3
human3_lib3.final_cell_0017-2,8.075088,60.31088,acinar,1,acinar,acinar,human3
human3_lib3.final_cell_0018-2,-0.8214468,57.465588,acinar,1,acinar,acinar,human3
human3_lib3.final_cell_0019-2,-0.67545176,51.447464,acinar,1,acinar,acinar,human3
human3_lib3.final_cell_0020-2,-19.138565,73.367096,acinar,1,acinar,acinar,human3
human3_lib3.final_cell_0021-2,-8.020332,71.10602,acinar,1,acinar,acinar,human3
human3_lib3.final_cell_0022-2,2.8481572,52.507523,acinar,1,acinar,acinar,human3
human3_lib3.final_cell_0023-2,-17.79791,56.092995,acinar,1,acinar,acinar,human3
human3_lib3.final_cell_0024-2,5.8157773,72.14576,acinar,1,acinar,acinar,human3
human3_lib3.final_cell_0025-2,7.81773,57.635048,acinar,1,acinar,acinar,human3
human3_lib3.final_cell_0026-2,6.3807406,68.43487,acinar,1,acinar,acinar,human3
human3_lib3.final_cell_0027-2,-14.24534,59.87033,acinar,1,acinar,acinar,human3
human3_lib3.final_cell_0028-2,-3.0358424,60.872547,acinar,1,acinar,acinar,human3
human3_lib3.final_cell_0029-2,-7.557332,74.14749,acinar,1,acinar,acinar,human3
human3_lib3.final_cell_0030-2,-7.204562,61.57996,acinar,1,acinar,acinar,human3
human3_lib3.final_cell_0031-2,-2.6333942,53.83913,acinar,1,acinar,acinar,human3
human3_lib3.final_cell_0032-2,-15.313005,-60.516476,alpha,11,alpha,alpha,human3
human3_lib3.final_cell_0033-2,-15.790765,55.54083,acinar,1,acinar,acinar,human3
human3_lib3.final_cell_0034-2,-9.0289955,18.281681,delta,8,delta,delta,human3
human3_lib3.final_cell_0035-2,-3.199005,60.488464,acinar,1,acinar,acinar,human3
human3_lib3.final_cell_0036-2,3.42637,68.61969,acinar,1,acinar,acinar,human3
human3_lib3.final_cell_0037-2,-24.203907,61.811726,acinar,1,acinar,acinar,human3
human3_lib3.final_cell_0038-2,-1.3924913,56.269253,acinar,1,acinar,acinar,human3
human3_lib3.final_cell_0039-2,-10.0801,66.05754,acinar,1,acinar,acinar,human3
human3_lib3.final_cell_0040-2,-5.35378,69.28095,acinar,1,acinar,acinar,human3
human3_lib3.final_cell_0041-2,-19.357344,73.82377,acinar,1,acinar,acinar,human3
human3_lib3.final_cell_0042-2,3.522856,70.01024,acinar,1,acinar,acinar,human3
human3_lib3.final_cell_0043-2,-11.153737,65.32828,acinar,1,acinar,acinar,human3
human3_lib3.final_cell_0044-2,-28.867197,63.10081,acinar,1,acinar,acinar,human3
human3_lib3.final_cell_0045-2,6.1910477,59.457096,acinar,1,acinar,acinar,human3
human3_lib3.final_cell_0046-2,3.9390209,53.659615,acinar,1,acinar,acinar,human3
human3_lib3.final_cell_0047-2,3.3892565,63.107204,acinar,1,acinar,acinar,human3
human3_lib3.final_cell_0048-2,-20.733479,70.59068,acinar,1,acinar,acinar,human3
human3_lib3.final_cell_0049-2,-8.893746,57.854202,acinar,1,acinar,acinar,human3
human3_lib3.final_cell_0050-2,5.603226,71.76093,acinar,1,acinar,acinar,human3
human3_lib3.final_cell_0051-2,-2.0721037,62.19458,acinar,1,acinar,acinar,human3
human3_lib3.final_cell_0052-2,87.054535,-21.463924,beta,12,beta,beta,human3
human3_lib3.final_cell_0053-2,-28.359634,67.13873,acinar,1,acinar,acinar,human3
human3_lib3.final_cell_0054-2,80.27965,-22.551765,beta,12,beta,beta,human3
human3_lib3.final_cell_0055-2,-28.262917,67.50466,acinar,1,acinar,acinar,human3
human3_lib3.final_cell_0056-2,-18.426155,61.98218,acinar,1,acinar,acinar,human3
human3_lib3.final_cell_0057-2,7.4744806,55.12574,acinar,1,acinar,acinar,human3
human3_lib3.final_cell_0058-2,-16.692059,55.905075,acinar,1,acinar,acinar,human3
human3_lib3.final_cell_0059-2,-16.619507,72.850006,acinar,1,acinar,acinar,human3
human3_lib3.final_cell_0060-2,-10.390959,74.55629,acinar,1,acinar,acinar,human3
human3_lib3.final_cell_0061-2,-18.435486,66.831955,acinar,1,acinar,acinar,human3
human3_lib3.final_cell_0062-2,-12.822932,58.692364,acinar,1,acinar,acinar,human3
human3_lib3.final_cell_0063-2,-14.222118,75.37367,acinar,1,acinar,acinar,human3
human3_lib3.final_cell_0064-2,0.7297957,62.914703,acinar,1,acinar,acinar,human3
human3_lib3.final_cell_0065-2,1.6721475,51.12581,acinar,1,acinar,acinar,human3
human3_lib3.final_cell_0066-2,0.4250797,70.863365,acinar,1,acinar,acinar,human3
human3_lib3.final_cell_0067-2,-24.413628,58.998756,acinar,1,acinar,acinar,human3
human3_lib3.final_cell_0068-2,-18.337927,71.65436,acinar,1,acinar,acinar,human3
human3_lib3.final_cell_0069-2,8.47532,54.938755,acinar,1,acinar,acinar,human3
human3_lib3.final_cell_0070-2,1.5640762,66.54692,acinar,1,acinar,acinar,human3
human3_lib3.final_cell_0071-2,-8.825639,62.238716,acinar,1,acinar,acinar,human3
human3_lib3.final_cell_0072-2,-14.220079,67.46589,acinar,1,acinar,acinar,human3
human3_lib3.final_cell_0073-2,2.1572976,55.978577,acinar,1,acinar,acinar,human3
human3_lib3.final_cell_0074-2,9.665731,56.92797,acinar,1,acinar,acinar,human3
human3_lib3.final_cell_0075-2,-24.026228,59.359966,acinar,1,acinar,acinar,human3
human3_lib3.final_cell_0076-2,-34.82933,12.811954,acinar,15,epsilon,quiescent_stellate,human3
human3_lib3.final_cell_0077-2,-5.222052,63.55101,acinar,1,acinar,acinar,human3
human3_lib3.final_cell_0078-2,1.7474,71.08784,acinar,1,acinar,acinar,human3
human3_lib3.final_cell_0079-2,-20.036798,71.36546,acinar,1,acinar,acinar,human3
human3_lib3.final_cell_0080-2,-4.7460103,70.95715,acinar,1,acinar,acinar,human3
human3_lib3.final_cell_0081-2,5.5734925,60.368015,acinar,1,acinar,acinar,human3
human3_lib3.final_cell_0082-2,-13.405285,55.019615,acinar,1,acinar,acinar,human3
human3_lib3.final_cell_0083-2,-53.747276,-2.995405,ductal,3,ductal,ductal,human3
human3_lib3.final_cell_0084-2,3.486471,62.410206,acinar,1,acinar,acinar,human3
human3_lib3.final_cell_0085-2,8.237231,61.31869,acinar,1,acinar,acinar,human3
human3_lib3.final_cell_0086-2,52.7976,-4.405128,beta,15,epsilon,quiescent_stellate,human3
human3_lib3.final_cell_0087-2,73.34914,-9.661702,beta,12,beta,beta,human3
human3_lib3.final_cell_0088-2,-11.830712,78.09204,acinar,1,acinar,acinar,human3
human3_lib3.final_cell_0089-2,-0.8711852,56.699345,acinar,1,acinar,acinar,human3
human3_lib3.final_cell_0090-2,2.6779068,66.433586,acinar,1,acinar,acinar,human3
human3_lib3.final_cell_0091-2,-12.987437,13.626521,delta,8,delta,delta,human3
human3_lib3.final_cell_0092-2,6.2840915,68.39013,acinar,1,acinar,acinar,human3
human3_lib3.final_cell_0093-2,80.30267,-3.6302862,beta,12,beta,beta,human3
human3_lib3.final_cell_0094-2,-9.563789,56.817566,acinar,1,acinar,acinar,human3
human3_lib3.final_cell_0095-2,-1.5785226,62.314842,acinar,1,acinar,acinar,human3
human3_lib3.final_cell_0096-2,-2.5323625,60.69181,acinar,1,acinar,acinar,human3
human3_lib3.final_cell_0097-2,-6.8486004,-64.319725,alpha,11,alpha,alpha,human3
human3_lib3.final_cell_0098-2,-9.3365555,61.29086,acinar,1,acinar,acinar,human3
human3_lib3.final_cell_0099-2,2.71806,73.09439,acinar,1,acinar,acinar,human3
human3_lib3.final_cell_0100-2,-9.578146,72.03052,acinar,1,acinar,acinar,human3
human3_lib3.final_cell_0101-2,-13.068101,54.45652,acinar,1,acinar,acinar,human3
human3_lib3.final_cell_0102-2,-10.982107,10.437366,delta,8,delta,delta,human3
human3_lib3.final_cell_0103-2,1.6335094,70.51585,acinar,1,acinar,acinar,human3
human3_lib3.final_cell_0104-2,0.12597036,-71.71578,alpha,11,alpha,alpha,human3
human3_lib3.final_cell_0105-2,84.13455,-25.583422,beta,12,beta,beta,human3
human3_lib3.final_cell_0106-2,1.1159087,56.19876,acinar,1,acinar,acinar,human3
human3_lib3.final_cell_0107-2,83.720856,-19.792236,beta,12,beta,beta,human3
human3_lib3.final_cell_0108-2,78.03463,-1.0998309,beta,12,beta,beta,human3
human3_lib3.final_cell_0109-2,-13.489583,72.281334,acinar,1,acinar,acinar,human3
human3_lib3.final_cell_0110-2,-59.55326,-1.8996766,ductal,3,ductal,ductal,human3
human3_lib3.final_cell_0111-2,-3.5538313,67.62076,acinar,1,acinar,acinar,human3
human3_lib3.final_cell_0112-2,64.54583,-6.214005,beta,12,beta,beta,human3
human3_lib3.final_cell_0113-2,-4.1692142,67.5685,acinar,1,acinar,acinar,human3
human3_lib3.final_cell_0114-2,-35.943592,-30.467388,alpha,11,alpha,alpha,human3
human3_lib3.final_cell_0115-2,-6.8357887,-25.339596,alpha,11,alpha,alpha,human3
human3_lib3.final_cell_0116-2,8.168586,-52.972664,alpha,11,alpha,alpha,human3
human3_lib3.final_cell_0117-2,-34.2376,2.4430556,activated_stellate,10,activated_stellate,activated_stellate,human3
human3_lib3.final_cell_0118-2,-15.476427,66.07019,acinar,1,acinar,acinar,human3
human3_lib3.final_cell_0119-2,-0.9494429,69.44617,acinar,1,acinar,acinar,human3
human3_lib3.final_cell_0120-2,-19.034906,71.173744,acinar,1,acinar,acinar,human3
human3_lib3.final_cell_0121-2,62.49278,-9.019836,beta,12,beta,beta,human3
human3_lib3.final_cell_0122-2,-10.958865,75.91537,acinar,1,acinar,acinar,human3
human3_lib3.final_cell_0123-2,3.3187432,58.002254,acinar,1,acinar,acinar,human3
human3_lib3.final_cell_0124-2,51.74666,-4.231939,beta,15,epsilon,quiescent_stellate,human3
human3_lib3.final_cell_0125-2,5.5715284,-71.13037,alpha,11,alpha,alpha,human3
human3_lib3.final_cell_0126-2,-22.098207,55.52878,acinar,1,acinar,acinar,human3
human3_lib3.final_cell_0127-2,31.815136,-69.2358,alpha,11,alpha,alpha,human3
human3_lib3.final_cell_0128-2,-1.378524,53.1847,acinar,1,acinar,acinar,human3
human3_lib3.final_cell_0129-2,-10.5051365,73.33109,acinar,1,acinar,acinar,human3
human3_lib3.final_cell_0130-2,-22.881742,-42.254448,alpha,11,alpha,alpha,human3
human3_lib3.final_cell_0131-2,84.50633,-9.089011,beta,12,beta,beta,human3
human3_lib3.final_cell_0132-2,-18.676355,69.09485,acinar,1,acinar,acinar,human3
human3_lib3.final_cell_0133-2,-29.191912,-40.792923,alpha,11,alpha,alpha,human3
human3_lib3.final_cell_0134-2,-36.842163,3.6895282,activated_stellate,10,activated_stellate,activated_stellate,human3
human3_lib3.final_cell_0135-2,-15.31254,72.521904,acinar,1,acinar,acinar,human3
human3_lib3.final_cell_0136-2,70.81869,2.0611818,beta,12,beta,beta,human3
human3_lib3.final_cell_0137-2,76.44387,-3.7777174,beta,12,beta,beta,human3
human3_lib3.final_cell_0138-2,76.95474,-24.692568,beta,12,beta,beta,human3
human3_lib3.final_cell_0139-2,-14.806125,64.440674,acinar,1,acinar,acinar,human3
human3_lib3.final_cell_0140-2,82.499,-12.809007,beta,12,beta,beta,human3
human3_lib3.final_cell_0141-2,81.44541,-4.470455,beta,12,beta,beta,human3
human3_lib3.final_cell_0142-2,33.734467,-10.200136,beta,12,beta,beta,human3
human3_lib3.final_cell_0143-2,0.9492793,55.864452,acinar,1,acinar,acinar,human3
human3_lib3.final_cell_0144-2,-15.217139,63.797897,acinar,1,acinar,acinar,human3
human3_lib3.final_cell_0145-2,-10.01494,56.902752,acinar,1,acinar,acinar,human3
human3_lib3.final_cell_0146-2,-52.979042,39.459515,endothelial,0,endothelial,endothelial,human3
human3_lib3.final_cell_0147-2,1.9991508,-70.559296,alpha,11,alpha,alpha,human3
human3_lib3.final_cell_0148-2,89.000656,-19.763855,beta,12,beta,beta,human3
human3_lib3.final_cell_0149-2,-4.955649,12.119851,delta,8,delta,delta,human3
human3_lib3.final_cell_0150-2,68.62011,-0.33091632,beta,12,beta,beta,human3
human3_lib3.final_cell_0151-2,35.259853,-12.441831,beta,12,beta,beta,human3
human3_lib3.final_cell_0152-2,-12.120341,74.32543,acinar,1,acinar,acinar,human3
human3_lib3.final_cell_0153-2,81.67023,-16.54231,beta,12,beta,beta,human3
human3_lib3.final_cell_0154-2,-35.54291,3.3083394,activated_stellate,10,activated_stellate,activated_stellate,human3
human3_lib3.final_cell_0155-2,-15.788641,62.0754,acinar,1,acinar,acinar,human3
human3_lib3.final_cell_0156-2,-11.8613615,61.195976,acinar,1,acinar,acinar,human3
human3_lib3.final_cell_0157-2,-17.434298,55.85882,acinar,1,acinar,acinar,human3
human3_lib3.final_cell_0158-2,29.664955,-55.93598,alpha,11,alpha,alpha,human3
human3_lib3.final_cell_0159-2,-5.740987,11.144526,delta,8,delta,delta,human3
human3_lib3.final_cell_0160-2,6.3085494,68.47521,acinar,1,acinar,acinar,human3
human3_lib3.final_cell_0161-2,79.69605,-31.310299,beta,12,beta,beta,human3
human3_lib3.final_cell_0162-2,-9.745986,57.62001,acinar,1,acinar,acinar,human3
human3_lib3.final_cell_0163-2,-20.892963,59.734947,acinar,1,acinar,acinar,human3
human3_lib3.final_cell_0164-2,-15.858725,71.88977,acinar,1,acinar,acinar,human3
human3_lib3.final_cell_0165-2,76.284744,-10.690939,beta,12,beta,beta,human3
human3_lib3.final_cell_0166-2,-22.79224,55.62942,acinar,1,acinar,acinar,human3
human3_lib3.final_cell_0167-2,82.703896,-10.738929,beta,12,beta,beta,human3
human3_lib3.final_cell_0168-2,5.8499727,72.25507,acinar,1,acinar,acinar,human3
human3_lib3.final_cell_0169-2,73.141,0.9867542,beta,12,beta,beta,human3
human3_lib3.final_cell_0170-2,-10.177833,65.87483,acinar,1,acinar,acinar,human3
human3_lib3.final_cell_0171-2,-30.32598,-31.798008,alpha,11,alpha,alpha,human3
human3_lib3.final_cell_0172-2,-58.78421,-15.023692,ductal,3,ductal,ductal,human3
human3_lib3.final_cell_0173-2,-7.587007,62.36532,acinar,1,acinar,acinar,human3
human3_lib3.final_cell_0174-2,-25.326885,60.573273,acinar,1,acinar,acinar,human3
human3_lib3.final_cell_0175-2,-29.567259,-1.3348056,activated_stellate,10,activated_stellate,activated_stellate,human3
human3_lib3.final_cell_0176-2,2.2528903,72.139305,acinar,1,acinar,acinar,human3
human3_lib3.final_cell_0177-2,-2.4799151,64.19245,acinar,1,acinar,acinar,human3
human3_lib3.final_cell_0178-2,88.036835,-23.57915,beta,12,beta,beta,human3
human3_lib3.final_cell_0179-2,1.6202488,67.36568,acinar,1,acinar,acinar,human3
human3_lib3.final_cell_0180-2,-9.262075,74.51431,acinar,1,acinar,acinar,human3
human3_lib3.final_cell_0181-2,77.178085,-2.9838917,beta,12,beta,beta,human3
human3_lib3.final_cell_0182-2,-30.810461,-2.409644,activated_stellate,10,activated_stellate,activated_stellate,human3
human3_lib3.final_cell_0183-2,-20.702118,-46.49961,alpha,11,alpha,alpha,human3
human3_lib3.final_cell_0184-2,80.56891,-27.1065,beta,12,beta,beta,human3
human3_lib3.final_cell_0185-2,62.733006,-6.060967,beta,12,beta,beta,human3
human3_lib3.final_cell_0186-2,-28.928062,70.119064,acinar,1,acinar,acinar,human3
human3_lib3.final_cell_0187-2,51.916965,-4.406382,beta,15,epsilon,quiescent_stellate,human3
human3_lib3.final_cell_0188-2,-15.665586,76.0855,acinar,1,acinar,acinar,human3
human3_lib3.final_cell_0189-2,14.296484,-50.262554,alpha,11,alpha,alpha,human3
human3_lib3.final_cell_0190-2,83.85635,-30.709412,beta,12,beta,beta,human3
human3_lib3.final_cell_0191-2,-16.437344,59.960064,acinar,1,acinar,acinar,human3
human3_lib3.final_cell_0192-2,-14.0951185,57.569374,acinar,1,acinar,acinar,human3
human3_lib3.final_cell_0193-2,68.3901,-0.35663688,beta,12,beta,beta,human3
human3_lib3.final_cell_0194-2,-11.489903,77.59295,acinar,1,acinar,acinar,human3
human3_lib3.final_cell_0195-2,-5.0652113,55.548447,acinar,1,acinar,acinar,human3
human3_lib3.final_cell_0196-2,-29.584993,-39.658936,alpha,11,alpha,alpha,human3
human3_lib3.final_cell_0197-2,83.85553,-16.73116,beta,12,beta,beta,human3
human3_lib3.final_cell_0198-2,-3.3983743,72.200455,acinar,1,acinar,acinar,human3
human3_lib3.final_cell_0199-2,76.98544,-35.73335,beta,12,beta,beta,human3
human3_lib3.final_cell_0200-2,85.85444,-25.266626,beta,12,beta,beta,human3
human3_lib3.final_cell_0201-2,-30.589941,60.31188,acinar,1,acinar,acinar,human3
human3_lib3.final_cell_0202-2,81.762314,-9.522811,beta,12,beta,beta,human3
human3_lib3.final_cell_0203-2,-2.4249916,70.271095,acinar,1,acinar,acinar,human3
human3_lib3.final_cell_0204-2,-28.559958,65.02839,acinar,1,acinar,acinar,human3
human3_lib3.final_cell_0205-2,5.5842156,72.56377,acinar,1,acinar,acinar,human3
human3_lib3.final_cell_0206-2,84.58084,-20.326092,beta,12,beta,beta,human3
human3_lib3.final_cell_0207-2,-26.708683,61.103092,acinar,1,acinar,acinar,human3
human3_lib3.final_cell_0208-2,-12.170387,61.86362,acinar,1,acinar,acinar,human3
human3_lib3.final_cell_0209-2,24.62257,8.085706,beta,12,beta,beta,human3
human3_lib3.final_cell_0210-2,77.56063,-33.254395,beta,12,beta,beta,human3
human3_lib3.final_cell_0211-2,-14.0384035,16.983936,delta,8,delta,delta,human3
human3_lib3.final_cell_0212-2,-34.666492,-32.451466,alpha,11,alpha,alpha,human3
human3_lib3.final_cell_0213-2,-58.938633,28.831991,endothelial,0,endothelial,endothelial,human3
human3_lib3.final_cell_0214-2,-29.171549,69.836494,acinar,1,acinar,acinar,human3
human3_lib3.final_cell_0215-2,63.89926,-6.2797937,beta,12,beta,beta,human3
human3_lib3.final_cell_0216-2,9.858529,-65.025375,alpha,11,alpha,alpha,human3
human3_lib3.final_cell_0217-2,32.13588,-68.65238,alpha,11,alpha,alpha,human3
human3_lib3.final_cell_0218-2,24.800262,20.25872,beta,12,beta,beta,human3
human3_lib3.final_cell_0219-2,30.430191,-74.0658,alpha,11,alpha,alpha,human3
human3_lib3.final_cell_0220-2,6.095292,58.01641,acinar,1,acinar,acinar,human3
human3_lib3.final_cell_0221-2,-72.38782,40.710842,acinar,2,Unmatched_2,ductal,human3
human3_lib3.final_cell_0222-2,-36.226208,-34.31258,alpha,11,alpha,alpha,human3
human3_lib3.final_cell_0223-2,1.3338139,67.54712,acinar,1,acinar,acinar,human3
human3_lib3.final_cell_0224-2,-67.1461,-18.266153,ductal,3,ductal,ductal,human3
human3_lib3.final_cell_0225-2,44.934414,25.936245,beta,12,beta,beta,human3
human3_lib3.final_cell_0226-2,-16.00728,62.9145,acinar,1,acinar,acinar,human3
human3_lib3.final_cell_0227-2,-25.883348,61.28959,acinar,1,acinar,acinar,human3
human3_lib3.final_cell_0228-2,-16.259964,62.284515,acinar,1,acinar,acinar,human3
human3_lib3.final_cell_0229-2,3.3554566,68.52122,acinar,1,acinar,acinar,human3
human3_lib3.final_cell_0230-2,-68.392746,-8.622984,ductal,3,ductal,ductal,human3
human3_lib3.final_cell_0231-2,-17.640902,55.551178,acinar,1,acinar,acinar,human3
human3_lib3.final_cell_0232-2,85.718666,-20.152351,beta,12,beta,beta,human3
human3_lib3.final_cell_0233-2,-15.473,59.318634,acinar,1,acinar,acinar,human3
human3_lib3.final_cell_0234-2,15.898021,-58.852123,alpha,11,alpha,alpha,human3
human3_lib3.final_cell_0235-2,4.779392,66.468315,acinar,1,acinar,acinar,human3
human3_lib3.final_cell_0236-2,79.590965,-27.542124,beta,12,beta,beta,human3
human3_lib3.final_cell_0237-2,-46.21004,-62.406006,gamma,7,gamma,gamma,human3
human3_lib3.final_cell_0238-2,70.758415,-2.7088668,beta,12,beta,beta,human3
human3_lib3.final_cell_0239-2,60.535507,-5.6937428,beta,12,beta,beta,human3
human3_lib3.final_cell_0240-2,31.702774,-69.58327,alpha,11,alpha,alpha,human3
human3_lib3.final_cell_0241-2,-18.639421,60.483036,acinar,1,acinar,acinar,human3
human3_lib3.final_cell_0242-2,-0.8631178,-64.15522,alpha,11,alpha,alpha,human3
human3_lib3.final_cell_0243-2,7.764576,60.729176,acinar,1,acinar,acinar,human3
human3_lib3.final_cell_0244-2,-59.49245,-18.270641,ductal,3,ductal,ductal,human3
human3_lib3.final_cell_0245-2,-23.16981,-47.730873,alpha,11,alpha,alpha,human3
human3_lib3.final_cell_0246-2,83.15266,-24.741455,beta,12,beta,beta,human3
human3_lib3.final_cell_0247-2,80.29762,-31.547363,beta,12,beta,beta,human3
human3_lib3.final_cell_0248-2,68.55339,-4.1038003,beta,12,beta,beta,human3
human3_lib3.final_cell_0249-2,77.24063,-2.5719523,beta,12,beta,beta,human3
human3_lib3.final_cell_0250-2,-56.099083,-5.9528728,ductal,3,ductal,ductal,human3
human3_lib3.final_cell_0251-2,35.91411,-15.448222,beta,12,beta,beta,human3
human3_lib3.final_cell_0252-2,-59.454933,-11.333597,ductal,3,ductal,ductal,human3
human3_lib3.final_cell_0253-2,88.26277,-19.033352,beta,12,beta,beta,human3
human3_lib3.final_cell_0254-2,89.11262,-21.349203,beta,12,beta,beta,human3
human3_lib3.final_cell_0255-2,-60.998184,-1.854779,ductal,3,ductal,ductal,human3
human3_lib3.final_cell_0256-2,85.963104,-26.978651,beta,12,beta,beta,human3
human3_lib3.final_cell_0257-2,85.57236,-10.657462,beta,12,beta,beta,human3
human3_lib3.final_cell_0258-2,-8.938669,73.96185,acinar,1,acinar,acinar,human3
human3_lib3.final_cell_0259-2,79.36696,-33.888374,beta,12,beta,beta,human3
human3_lib3.final_cell_0260-2,82.85367,-15.691364,beta,12,beta,beta,human3
human3_lib3.final_cell_0261-2,13.599126,-61.45783,alpha,11,alpha,alpha,human3
human3_lib3.final_cell_0262-2,-16.720686,74.58381,acinar,1,acinar,acinar,human3
human3_lib3.final_cell_0263-2,88.86106,-23.155323,beta,12,beta,beta,human3
human3_lib3.final_cell_0264-2,-87.67773,17.607115,delta,5,t_cell,t_cell,human3
human3_lib3.final_cell_0265-2,-32.804897,1.2207875,activated_stellate,10,activated_stellate,activated_stellate,human3
human3_lib3.final_cell_0266-2,-57.29165,34.691933,acinar,0,endothelial,endothelial,human3
human3_lib3.final_cell_0267-2,-59.944134,-7.3050375,ductal,3,ductal,ductal,human3
human3_lib3.final_cell_0268-2,-22.14745,55.805847,acinar,1,acinar,acinar,human3
human3_lib3.final_cell_0269-2,77.587006,-36.404568,beta,12,beta,beta,human3
human3_lib3.final_cell_0270-2,83.82458,-6.877499,beta,12,beta,beta,human3
human3_lib3.final_cell_0271-2,-63.487633,-11.027288,ductal,3,ductal,ductal,human3
human3_lib3.final_cell_0272-2,-5.857192,67.277626,acinar,1,acinar,acinar,human3
human3_lib3.final_cell_0273-2,24.798391,-72.69269,alpha,11,alpha,alpha,human3
human3_lib3.final_cell_0274-2,-8.379674,10.375273,delta,8,delta,delta,human3
human3_lib3.final_cell_0275-2,80.99453,-5.5397997,beta,12,beta,beta,human3
human3_lib3.final_cell_0276-2,-1.5113733,59.617622,acinar,1,acinar,acinar,human3
human3_lib3.final_cell_0277-2,26.105158,-76.588776,alpha,11,alpha,alpha,human3
human3_lib3.final_cell_0278-2,-57.025932,-12.4132,ductal,3,ductal,ductal,human3
human3_lib3.final_cell_0279-2,35.029694,-10.818309,beta,12,beta,beta,human3
human3_lib3.final_cell_0280-2,-10.179779,-62.300316,alpha,11,alpha,alpha,human3
human3_lib3.final_cell_0281-2,4.5549426,-59.579506,alpha,11,alpha,alpha,human3
human3_lib3.final_cell_0282-2,31.82171,60.315495,beta,12,beta,beta,human3
human3_lib3.final_cell_0283-2,-36.43221,1.9928386,activated_stellate,10,activated_stellate,activated_stellate,human3
human3_lib3.final_cell_0284-2,-25.34271,52.94159,acinar,1,acinar,acinar,human3
human3_lib3.final_cell_0285-2,-7.770409,14.990234,delta,8,delta,delta,human3
human3_lib3.final_cell_0286-2,78.17178,-1.0111737,beta,12,beta,beta,human3
human3_lib3.final_cell_0287-2,-23.228678,-40.89025,alpha,11,alpha,alpha,human3
human3_lib3.final_cell_0288-2,-54.76654,2.2282407,ductal,3,ductal,ductal,human3
human3_lib3.final_cell_0289-2,6.2677984,70.72588,acinar,1,acinar,acinar,human3
human3_lib3.final_cell_0290-2,-62.2992,-18.967102,ductal,3,ductal,ductal,human3
human3_lib3.final_cell_0291-2,-25.32568,-39.099113,alpha,11,alpha,alpha,human3
human3_lib3.final_cell_0292-2,-52.92815,38.87768,endothelial,0,endothelial,endothelial,human3
human3_lib3.final_cell_0293-2,-14.937054,53.933617,acinar,1,acinar,acinar,human3
human3_lib3.final_cell_0294-2,-87.31631,16.834969,alpha,5,t_cell,t_cell,human3
human3_lib3.final_cell_0295-2,-38.616776,-29.793287,alpha,11,alpha,alpha,human3
human3_lib3.final_cell_0296-2,-7.3206987,69.77348,acinar,1,acinar,acinar,human3
human3_lib3.final_cell_0297-2,82.7269,-3.614275,beta,12,beta,beta,human3
human3_lib3.final_cell_0298-2,46.26027,-16.424833,beta,12,beta,beta,human3
human3_lib3.final_cell_0299-2,-65.92847,-9.751767,ductal,3,ductal,ductal,human3
human3_lib3.final_cell_0300-2,-59.18732,-11.597074,ductal,3,ductal,ductal,human3
human3_lib3.final_cell_0301-2,-27.350368,60.47275,acinar,1,acinar,acinar,human3
human3_lib3.final_cell_0302-2,-59.41327,-6.3180695,ductal,3,ductal,ductal,human3
human3_lib3.final_cell_0303-2,-1.3445741,18.156334,delta,8,delta,delta,human3
human3_lib3.final_cell_0304-2,85.61049,-7.8233957,beta,12,beta,beta,human3
human3_lib3.final_cell_0305-2,-10.247895,22.40824,delta,8,delta,delta,human3
human3_lib3.final_cell_0306-2,-1.7222017,57.370228,acinar,1,acinar,acinar,human3
human3_lib3.final_cell_0307-2,-13.053302,14.836574,delta,8,delta,delta,human3
human3_lib3.final_cell_0308-2,-6.736001,-67.76626,alpha,11,alpha,alpha,human3
human3_lib3.final_cell_0309-2,27.256947,-58.335217,alpha,11,alpha,alpha,human3
human3_lib3.final_cell_0310-2,80.04308,-6.0776277,beta,12,beta,beta,human3
human3_lib3.final_cell_0311-2,-50.12857,27.692474,endothelial,0,endothelial,endothelial,human3
human3_lib3.final_cell_0312-2,-66.230995,-7.907821,ductal,3,ductal,ductal,human3
human3_lib3.final_cell_0313-2,71.79254,-0.5176683,beta,12,beta,beta,human3
human3_lib3.final_cell_0314-2,73.59799,0.90801203,beta,12,beta,beta,human3
human3_lib3.final_cell_0315-2,-13.552713,-60.83127,alpha,11,alpha,alpha,human3
human3_lib3.final_cell_0316-2,-29.344103,70.17006,acinar,1,acinar,acinar,human3
human3_lib3.final_cell_0317-2,-14.039552,-59.319775,alpha,11,alpha,alpha,human3
human3_lib3.final_cell_0318-2,-13.452001,11.634347,delta,8,delta,delta,human3
human3_lib3.final_cell_0319-2,5.8027654,-61.182415,alpha,11,alpha,alpha,human3
human3_lib3.final_cell_0320-2,-11.107858,-64.78265,alpha,11,alpha,alpha,human3
human3_lib3.final_cell_0321-2,69.709274,-2.323579,beta,12,beta,beta,human3
human3_lib3.final_cell_0322-2,-66.462555,-8.19521,ductal,3,ductal,ductal,human3
human3_lib3.final_cell_0323-2,75.62736,-4.097315,beta,12,beta,beta,human3
human3_lib3.final_cell_0324-2,-89.589806,14.523115,macrophage,6,macrophage,macrophage,human3
human3_lib3.final_cell_0325-2,-0.7371315,-69.77514,alpha,11,alpha,alpha,human3
human3_lib3.final_cell_0326-2,-10.842412,13.896218,delta,8,delta,delta,human3
human3_lib3.final_cell_0327-2,-58.808475,-7.769859,ductal,3,ductal,ductal,human3
human3_lib3.final_cell_0328-2,80.11221,-30.529812,beta,12,beta,beta,human3
human3_lib3.final_cell_0329-2,-55.293148,-3.3790183,ductal,3,ductal,ductal,human3
human3_lib3.final_cell_0330-2,-39.880188,-61.832825,alpha,7,gamma,gamma,human3
human3_lib3.final_cell_0331-2,-8.49342,15.594194,delta,8,delta,delta,human3
human3_lib3.final_cell_0332-2,74.671486,-10.668777,beta,12,beta,beta,human3
human3_lib3.final_cell_0333-2,-14.615705,64.36327,acinar,1,acinar,acinar,human3
human3_lib3.final_cell_0334-2,-63.533756,-8.364845,ductal,3,ductal,ductal,human3
human3_lib3.final_cell_0335-2,-63.22253,-6.4709096,ductal,3,ductal,ductal,human3
human3_lib3.final_cell_0336-2,72.8938,2.9643877,beta,12,beta,beta,human3
human3_lib3.final_cell_0337-2,-31.804329,-33.730957,alpha,11,alpha,alpha,human3
human3_lib3.final_cell_0338-2,29.194822,-70.441185,alpha,11,alpha,alpha,human3
human3_lib3.final_cell_0339-2,1.517428,67.29302,acinar,1,acinar,acinar,human3
human3_lib3.final_cell_0340-2,78.23919,-34.84406,beta,12,beta,beta,human3
human3_lib3.final_cell_0341-2,-54.284115,-5.2440963,ductal,3,ductal,ductal,human3
human3_lib3.final_cell_0342-2,-72.27125,-9.4679985,ductal,3,ductal,ductal,human3
human3_lib3.final_cell_0343-2,62.578247,-7.5872154,beta,12,beta,beta,human3
human3_lib3.final_cell_0344-2,20.300428,-66.38343,alpha,11,alpha,alpha,human3
human3_lib3.final_cell_0345-2,-12.359311,18.943466,delta,8,delta,delta,human3
human3_lib3.final_cell_0346-2,-1.5697628,-51.868332,alpha,11,alpha,alpha,human3
human3_lib3.final_cell_0347-2,8.338842,-62.916714,alpha,11,alpha,alpha,human3
human3_lib3.final_cell_0348-2,-14.660179,-60.60399,alpha,11,alpha,alpha,human3
human3_lib3.final_cell_0349-2,-0.9478081,14.244033,beta,8,delta,delta,human3
human3_lib3.final_cell_0350-2,77.33027,-1.5002977,beta,12,beta,beta,human3
human3_lib3.final_cell_0351-2,88.03965,-24.41566,beta,12,beta,beta,human3
human3_lib3.final_cell_0352-2,-40.59307,-34.19019,alpha,11,alpha,alpha,human3
human3_lib3.final_cell_0353-2,-6.17841,-62.83513,alpha,11,alpha,alpha,human3
human3_lib3.final_cell_0354-2,3.319419,50.71261,acinar,1,acinar,acinar,human3
human3_lib3.final_cell_0355-2,6.033404,58.06376,acinar,1,acinar,acinar,human3
human3_lib3.final_cell_0356-2,37.666718,70.2129,beta,12,beta,beta,human3
human3_lib3.final_cell_0357-2,28.910467,-59.024372,alpha,11,alpha,alpha,human3
human3_lib3.final_cell_0358-2,21.617886,-55.12332,alpha,11,alpha,alpha,human3
human3_lib3.final_cell_0359-2,73.266365,-8.129052,beta,12,beta,beta,human3
human3_lib3.final_cell_0360-2,29.35036,-55.280094,alpha,11,alpha,alpha,human3
human3_lib3.final_cell_0361-2,-10.033324,61.801445,acinar,1,acinar,acinar,human3
human3_lib3.final_cell_0362-2,-14.400916,20.402052,delta,8,delta,delta,human3
human3_lib3.final_cell_0363-2,1.9995425,52.73521,acinar,1,acinar,acinar,human3
human3_lib3.final_cell_0364-2,47.548496,-17.432333,beta,12,beta,beta,human3
human3_lib3.final_cell_0365-2,-19.99322,-45.06952,alpha,11,alpha,alpha,human3
human3_lib3.final_cell_0366-2,-63.283,-9.549753,ductal,3,ductal,ductal,human3
human3_lib3.final_cell_0367-2,32.3944,3.1245446,beta,12,beta,beta,human3
human3_lib3.final_cell_0368-2,-27.30983,-40.685364,alpha,11,alpha,alpha,human3
human3_lib3.final_cell_0369-2,15.827903,-58.119995,alpha,11,alpha,alpha,human3
human3_lib3.final_cell_0370-2,8.649402,-52.26658,alpha,11,alpha,alpha,human3
human3_lib3.final_cell_0371-2,80.15041,-7.3986697,beta,12,beta,beta,human3
human3_lib3.final_cell_0372-2,-2.9334984,-66.83861,alpha,11,alpha,alpha,human3
human3_lib3.final_cell_0373-2,-45.547813,-62.790604,gamma,7,gamma,gamma,human3
human3_lib3.final_cell_0374-2,-4.407692,8.081334,delta,8,delta,delta,human3
human3_lib3.final_cell_0375-2,-53.541462,37.690548,endothelial,0,endothelial,endothelial,human3
human3_lib3.final_cell_0376-2,32.16212,-68.802124,alpha,11,alpha,alpha,human3
human3_lib3.final_cell_0377-2,71.14225,-4.260814,beta,12,beta,beta,human3
human3_lib3.final_cell_0378-2,12.518214,-66.0216,alpha,11,alpha,alpha,human3
human3_lib3.final_cell_0379-2,-14.507046,20.081118,delta,8,delta,delta,human3
human3_lib3.final_cell_0380-2,86.085884,-20.419138,beta,12,beta,beta,human3
human3_lib3.final_cell_0381-2,-12.551519,10.4048605,delta,8,delta,delta,human3
human3_lib3.final_cell_0382-2,-69.772255,-12.187418,ductal,3,ductal,ductal,human3
human3_lib3.final_cell_0383-2,77.48951,-28.527075,beta,12,beta,beta,human3
human3_lib3.final_cell_0384-2,27.791668,-73.64316,alpha,11,alpha,alpha,human3
human3_lib3.final_cell_0385-2,-1.6911509,71.041176,acinar,1,acinar,acinar,human3
human3_lib3.final_cell_0386-2,-30.559788,-44.624004,alpha,11,alpha,alpha,human3
human3_lib3.final_cell_0387-2,37.557415,0.20473439,beta,12,beta,beta,human3
human3_lib3.final_cell_0388-2,-73.55832,-6.7701283,ductal,3,ductal,ductal,human3
human3_lib3.final_cell_0389-2,86.77049,-7.744869,beta,12,beta,beta,human3
human3_lib3.final_cell_0390-2,-11.053014,-62.57989,alpha,11,alpha,alpha,human3
human3_lib3.final_cell_0391-2,82.061676,-6.7242403,beta,12,beta,beta,human3
human3_lib3.final_cell_0392-2,-59.921192,-7.347809,ductal,3,ductal,ductal,human3
human3_lib3.final_cell_0393-2,-11.074076,59.843727,acinar,1,acinar,acinar,human3
human3_lib3.final_cell_0394-2,-24.160315,-43.841488,alpha,11,alpha,alpha,human3
human3_lib3.final_cell_0395-2,60.936832,-11.586272,beta,15,epsilon,quiescent_stellate,human3
human3_lib3.final_cell_0396-2,8.699626,58.038315,acinar,1,acinar,acinar,human3
human3_lib3.final_cell_0397-2,-26.287437,-38.29807,alpha,11,alpha,alpha,human3
human3_lib3.final_cell_0398-2,6.041254,-70.09352,alpha,11,alpha,alpha,human3
human3_lib3.final_cell_0399-2,34.42514,-62.684544,alpha,11,alpha,alpha,human3
human3_lib3.final_cell_0400-2,25.76705,-61.796066,alpha,11,alpha,alpha,human3
human3_lib3.final_cell_0401-2,72.60668,2.680869,beta,12,beta,beta,human3
human3_lib3.final_cell_0402-2,-58.139904,-5.3850136,ductal,3,ductal,ductal,human3
human3_lib3.final_cell_0403-2,80.57557,-21.003576,beta,12,beta,beta,human3
human3_lib3.final_cell_0404-2,-23.77704,-43.204773,alpha,11,alpha,alpha,human3
human3_lib3.final_cell_0405-2,4.7828174,-69.023575,alpha,11,alpha,alpha,human3
human3_lib3.final_cell_0406-2,-6.6985974,63.309303,acinar,1,acinar,acinar,human3
human3_lib3.final_cell_0407-2,-78.30887,-11.866012,ductal,3,ductal,ductal,human3
human3_lib3.final_cell_0408-2,82.910446,-25.463345,beta,12,beta,beta,human3
human3_lib3.final_cell_0409-2,-57.296795,-10.021433,ductal,3,ductal,ductal,human3
human3_lib3.final_cell_0410-2,-29.0487,-29.149553,alpha,11,alpha,alpha,human3
human3_lib3.final_cell_0411-2,59.77654,-9.694618,beta,12,beta,beta,human3
human3_lib3.final_cell_0412-2,79.02764,-27.472536,beta,12,beta,beta,human3
human3_lib3.final_cell_0413-2,-92.19985,11.694225,macrophage,6,macrophage,macrophage,human3
human3_lib3.final_cell_0414-2,87.08879,-18.371067,beta,12,beta,beta,human3
human3_lib3.final_cell_0415-2,-20.635063,71.00808,acinar,1,acinar,acinar,human3
human3_lib3.final_cell_0416-2,-15.883389,77.51178,beta,1,acinar,acinar,human3
human3_lib3.final_cell_0417-2,-70.05974,-8.567293,ductal,3,ductal,ductal,human3
human3_lib3.final_cell_0418-2,82.300446,-25.153778,beta,12,beta,beta,human3
human3_lib3.final_cell_0419-2,78.963066,-5.6653523,beta,12,beta,beta,human3
human3_lib3.final_cell_0420-2,-57.75293,-14.058269,ductal,3,ductal,ductal,human3
human3_lib3.final_cell_0421-2,-40.587254,-33.992172,alpha,11,alpha,alpha,human3
human3_lib3.final_cell_0422-2,76.180855,-37.269238,beta,12,beta,beta,human3
human3_lib3.final_cell_0423-2,-10.782064,-62.112606,alpha,11,alpha,alpha,human3
human3_lib3.final_cell_0424-2,19.197998,-53.73839,alpha,11,alpha,alpha,human3
human3_lib3.final_cell_0425-2,25.022268,-58.63074,alpha,11,alpha,alpha,human3
human3_lib3.final_cell_0426-2,-5.393474,-68.17392,alpha,11,alpha,alpha,human3
human3_lib3.final_cell_0427-2,29.625443,-55.441856,alpha,11,alpha,alpha,human3
human3_lib3.final_cell_0428-2,88.35563,-20.195019,beta,12,beta,beta,human3
human3_lib3.final_cell_0429-2,70.36448,2.2941506,beta,12,beta,beta,human3
human3_lib3.final_cell_0430-2,-12.3652115,-67.08773,alpha,11,alpha,alpha,human3
human3_lib3.final_cell_0431-2,34.48591,-58.43034,alpha,11,alpha,alpha,human3
human3_lib3.final_cell_0432-2,79.44394,-27.374197,beta,12,beta,beta,human3
human3_lib3.final_cell_0433-2,-53.407505,36.820538,endothelial,0,endothelial,endothelial,human3
human3_lib3.final_cell_0434-2,-3.204792,-64.43182,alpha,11,alpha,alpha,human3
human3_lib3.final_cell_0435-2,61.27462,-11.7979,beta,12,beta,beta,human3
human3_lib3.final_cell_0436-2,-25.501122,-43.6944,alpha,11,alpha,alpha,human3
human3_lib3.final_cell_0437-2,-56.30298,-14.871997,ductal,3,ductal,ductal,human3
human3_lib3.final_cell_0438-2,-52.999195,38.61212,endothelial,0,endothelial,endothelial,human3
human3_lib3.final_cell_0439-2,25.319145,-65.447754,alpha,11,alpha,alpha,human3
human3_lib3.final_cell_0440-2,-13.447955,57.02768,acinar,1,acinar,acinar,human3
human3_lib3.final_cell_0441-2,-57.155396,-10.005256,ductal,3,ductal,ductal,human3
human3_lib3.final_cell_0442-2,-35.97632,3.9483542,activated_stellate,10,activated_stellate,activated_stellate,human3
human3_lib3.final_cell_0443-2,6.9840384,-61.26443,alpha,11,alpha,alpha,human3
human3_lib3.final_cell_0444-2,76.7739,-34.915546,beta,12,beta,beta,human3
human3_lib3.final_cell_0445-2,78.155365,-35.890427,beta,12,beta,beta,human3
human3_lib3.final_cell_0446-2,19.52864,-53.610096,alpha,11,alpha,alpha,human3
human3_lib3.final_cell_0447-2,-50.256977,27.851639,endothelial,0,endothelial,endothelial,human3
human3_lib3.final_cell_0448-2,26.405107,-58.3694,alpha,11,alpha,alpha,human3
human3_lib3.final_cell_0449-2,-63.708027,-11.125908,ductal,3,ductal,ductal,human3
human3_lib3.final_cell_0450-2,-7.731407,14.890768,delta,8,delta,delta,human3
human3_lib3.final_cell_0451-2,31.311602,-56.183937,alpha,11,alpha,alpha,human3
human3_lib3.final_cell_0452-2,-35.923264,-30.135273,alpha,11,alpha,alpha,human3
human3_lib3.final_cell_0453-2,8.560953,56.44298,acinar,1,acinar,acinar,human3
human3_lib3.final_cell_0454-2,-59.42802,-0.81383336,ductal,3,ductal,ductal,human3
human3_lib3.final_cell_0455-2,30.429949,-68.489784,alpha,11,alpha,alpha,human3
human3_lib3.final_cell_0456-2,33.13804,-75.512245,alpha,11,alpha,alpha,human3
human3_lib3.final_cell_0457-2,-11.264826,-60.023937,alpha,11,alpha,alpha,human3
human3_lib3.final_cell_0458-2,-30.70681,-35.38857,alpha,11,alpha,alpha,human3
human3_lib3.final_cell_0459-2,-61.586666,-5.215314,ductal,3,ductal,ductal,human3
human3_lib3.final_cell_0460-2,31.612286,-56.98463,alpha,11,alpha,alpha,human3
human3_lib3.final_cell_0461-2,-73.80028,44.030254,ductal,2,Unmatched_2,ductal,human3
human3_lib3.final_cell_0462-2,-26.868021,-30.53876,alpha,11,alpha,alpha,human3
human3_lib3.final_cell_0463-2,28.223436,-54.124603,alpha,11,alpha,alpha,human3
human3_lib3.final_cell_0464-2,42.3944,10.004209,beta,12,beta,beta,human3
human3_lib3.final_cell_0465-2,44.64312,-19.628725,beta,12,beta,beta,human3
human3_lib3.final_cell_0466-2,84.52503,-23.334587,beta,12,beta,beta,human3
human3_lib3.final_cell_0467-2,5.037538,56.4317,acinar,1,acinar,acinar,human3
human3_lib3.final_cell_0468-2,-5.507419,-62.166103,alpha,11,alpha,alpha,human3
human3_lib3.final_cell_0469-2,-20.242094,-44.98514,alpha,11,alpha,alpha,human3
human3_lib3.final_cell_0470-2,-40.04069,-32.10527,alpha,11,alpha,alpha,human3
human3_lib3.final_cell_0471-2,-53.125164,-8.073472,ductal,3,ductal,ductal,human3
human3_lib3.final_cell_0472-2,-3.0027533,-62.428814,alpha,11,alpha,alpha,human3
human3_lib3.final_cell_0473-2,-24.678942,53.50362,acinar,1,acinar,acinar,human3
human3_lib3.final_cell_0474-2,-33.563244,-32.526035,alpha,11,alpha,alpha,human3
human3_lib3.final_cell_0475-2,82.60854,-31.022768,beta,12,beta,beta,human3
human3_lib3.final_cell_0476-2,31.135757,53.76599,beta,12,beta,beta,human3
human3_lib3.final_cell_0477-2,-1.5203671,17.788092,delta,8,delta,delta,human3
human3_lib3.final_cell_0478-2,-0.19958018,52.744213,acinar,1,acinar,acinar,human3
human3_lib3.final_cell_0479-2,24.302534,-64.35307,alpha,11,alpha,alpha,human3
human3_lib3.final_cell_0480-2,-29.753286,-47.854362,alpha,11,alpha,alpha,human3
human3_lib3.final_cell_0481-2,77.03387,-26.278572,beta,12,beta,beta,human3
human3_lib3.final_cell_0482-2,-4.3578014,-65.94144,alpha,11,alpha,alpha,human3
human3_lib3.final_cell_0483-2,-36.98539,15.306291,acinar,15,epsilon,quiescent_stellate,human3
human3_lib3.final_cell_0484-2,-38.164135,-63.196213,gamma,7,gamma,gamma,human3
human3_lib3.final_cell_0485-2,6.120953,-53.264977,alpha,11,alpha,alpha,human3
human3_lib3.final_cell_0486-2,-37.741207,-33.894535,alpha,11,alpha,alpha,human3
human3_lib3.final_cell_0487-2,55.05943,-12.655189,beta,12,beta,beta,human3
human3_lib3.final_cell_0488-2,-15.321685,-59.52426,alpha,11,alpha,alpha,human3
human3_lib3.final_cell_0489-2,87.95385,-22.244171,beta,12,beta,beta,human3
human3_lib3.final_cell_0490-2,-61.11258,-18.592545,ductal,3,ductal,ductal,human3
human3_lib3.final_cell_0491-2,-59.200146,-3.788773,ductal,3,ductal,ductal,human3
human3_lib3.final_cell_0492-2,-21.651838,-46.75198,alpha,11,alpha,alpha,human3
human3_lib3.final_cell_0493-2,40.349426,-1.3039746,beta,12,beta,beta,human3
human3_lib3.final_cell_0494-2,2.3567712,-54.15621,alpha,11,alpha,alpha,human3
human3_lib3.final_cell_0495-2,0.5048056,54.718006,acinar,1,acinar,acinar,human3
human3_lib3.final_cell_0496-2,-63.259666,-5.9691157,ductal,3,ductal,ductal,human3
human3_lib3.final_cell_0497-2,16.560246,-66.86751,alpha,11,alpha,alpha,human3
human3_lib3.final_cell_0498-2,-5.841006,-61.928604,alpha,11,alpha,alpha,human3
human3_lib3.final_cell_0499-2,-7.4670434,-15.417657,alpha,11,alpha,alpha,human3
human3_lib3.final_cell_0500-2,-38.875633,-35.132587,alpha,11,alpha,alpha,human3
human3_lib3.final_cell_0501-2,80.82219,-21.578001,beta,12,beta,beta,human3
human3_lib3.final_cell_0502-2,-39.90369,-62.352016,alpha,7,gamma,gamma,human3
human3_lib3.final_cell_0503-2,47.721397,-10.084767,beta,12,beta,beta,human3
human3_lib3.final_cell_0504-2,63.537754,-5.2101784,beta,12,beta,beta,human3
human3_lib3.final_cell_0505-2,-21.560701,-35.87116,alpha,15,epsilon,quiescent_stellate,human3
human3_lib3.final_cell_0506-2,-27.509764,-43.955116,alpha,11,alpha,alpha,human3
human3_lib3.final_cell_0507-2,82.27721,-31.51081,beta,12,beta,beta,human3
human3_lib3.final_cell_0508-2,-9.131971,-66.50684,alpha,11,alpha,alpha,human3
human3_lib3.final_cell_0509-2,-9.752941,-64.189415,alpha,11,alpha,alpha,human3
human3_lib3.final_cell_0510-2,4.4421935,-64.38872,alpha,11,alpha,alpha,human3
human3_lib3.final_cell_0511-2,23.228174,-75.62521,alpha,11,alpha,alpha,human3
human3_lib3.final_cell_0512-2,-29.887821,-33.044624,alpha,11,alpha,alpha,human3
human3_lib3.final_cell_0513-2,-48.556995,-59.79484,alpha,7,gamma,gamma,human3
human3_lib3.final_cell_0514-2,48.094654,-13.652512,beta,12,beta,beta,human3
human3_lib3.final_cell_0515-2,37.20507,24.110914,beta,12,beta,beta,human3
human3_lib3.final_cell_0516-2,-31.619461,-1.5868517,activated_stellate,10,activated_stellate,activated_stellate,human3
human3_lib3.final_cell_0517-2,-52.95179,38.799137,endothelial,0,endothelial,endothelial,human3
human3_lib3.final_cell_0518-2,-30.646639,-1.4023018,activated_stellate,10,activated_stellate,activated_stellate,human3
human3_lib3.final_cell_0519-2,-37.329338,3.2501166,activated_stellate,10,activated_stellate,activated_stellate,human3
human3_lib3.final_cell_0520-2,34.32985,-12.117003,beta,12,beta,beta,human3
human3_lib3.final_cell_0521-2,-71.07568,41.632145,ductal,2,Unmatched_2,ductal,human3
human3_lib3.final_cell_0522-2,-66.51888,-7.9098635,ductal,3,ductal,ductal,human3
human3_lib3.final_cell_0523-2,-32.806362,0.5998886,activated_stellate,10,activated_stellate,activated_stellate,human3
human3_lib3.final_cell_0524-2,-62.93561,0.3483711,ductal,3,ductal,ductal,human3
human3_lib3.final_cell_0525-2,-4.2450795,62.214695,acinar,1,acinar,acinar,human3
human3_lib3.final_cell_0526-2,20.52662,-73.04466,alpha,11,alpha,alpha,human3
human3_lib3.final_cell_0527-2,79.393105,-34.042847,beta,12,beta,beta,human3
human3_lib3.final_cell_0528-2,-55.03655,-10.515275,ductal,3,ductal,ductal,human3
human3_lib3.final_cell_0529-2,-45.325474,-63.22828,gamma,7,gamma,gamma,human3
human3_lib3.final_cell_0530-2,-34.245216,2.5265648,activated_stellate,10,activated_stellate,activated_stellate,human3
human3_lib3.final_cell_0531-2,75.53505,-27.085993,beta,12,beta,beta,human3
human3_lib3.final_cell_0532-2,-13.8783045,12.740101,delta,8,delta,delta,human3
human3_lib3.final_cell_0533-2,-26.537361,-33.0339,alpha,11,alpha,alpha,human3
human3_lib3.final_cell_0534-2,77.85124,-34.435825,beta,12,beta,beta,human3
human3_lib3.final_cell_0535-2,-33.28603,-29.923069,alpha,11,alpha,alpha,human3
human3_lib3.final_cell_0536-2,-7.863769,74.07458,acinar,1,acinar,acinar,human3
human3_lib3.final_cell_0537-2,-0.93582124,54.011707,acinar,1,acinar,acinar,human3
human3_lib3.final_cell_0538-2,27.468512,-78.69444,alpha,11,alpha,alpha,human3
human3_lib3.final_cell_0539-2,-23.226175,-47.290573,alpha,11,alpha,alpha,human3
human3_lib3.final_cell_0540-2,-58.88001,-0.7052517,ductal,3,ductal,ductal,human3
human3_lib3.final_cell_0541-2,-51.813255,-0.5304117,ductal,3,ductal,ductal,human3
human3_lib3.final_cell_0542-2,33.893158,-12.231326,beta,12,beta,beta,human3
human3_lib3.final_cell_0543-2,13.473107,-65.80908,alpha,11,alpha,alpha,human3
human3_lib3.final_cell_0544-2,-35.601818,-30.197248,alpha,11,alpha,alpha,human3
human3_lib3.final_cell_0545-2,-9.83571,-60.47781,alpha,11,alpha,alpha,human3
human3_lib3.final_cell_0546-2,-72.33252,41.62368,ductal,2,Unmatched_2,ductal,human3
human3_lib3.final_cell_0547-2,-55.95472,-11.648634,ductal,3,ductal,ductal,human3
human3_lib3.final_cell_0548-2,24.5699,-59.21953,alpha,11,alpha,alpha,human3
human3_lib3.final_cell_0549-2,84.82844,-26.149261,beta,12,beta,beta,human3
human3_lib3.final_cell_0550-2,-34.987904,-28.885746,alpha,11,alpha,alpha,human3
human3_lib3.final_cell_0551-2,-16.58111,53.737724,acinar,1,acinar,acinar,human3
human3_lib3.final_cell_0552-2,-0.64839613,-64.36099,alpha,11,alpha,alpha,human3
human3_lib3.final_cell_0553-2,71.86341,-0.1418162,beta,12,beta,beta,human3
human3_lib3.final_cell_0554-2,-32.15325,1.1587749,activated_stellate,10,activated_stellate,activated_stellate,human3
human3_lib3.final_cell_0555-2,88.674225,-21.833048,beta,12,beta,beta,human3
human3_lib3.final_cell_0556-2,78.51606,-28.291162,beta,12,beta,beta,human3
human3_lib3.final_cell_0557-2,20.324697,-65.728485,alpha,11,alpha,alpha,human3
human3_lib3.final_cell_0558-2,-51.4961,-3.8969731,ductal,3,ductal,ductal,human3
human3_lib3.final_cell_0559-2,-4.328847,-71.21057,alpha,11,alpha,alpha,human3
human3_lib3.final_cell_0560-2,-18.66877,69.06962,acinar,1,acinar,acinar,human3
human3_lib3.final_cell_0561-2,29.461077,-62.928547,alpha,11,alpha,alpha,human3
human3_lib3.final_cell_0562-2,-50.393646,-62.206833,gamma,7,gamma,gamma,human3
human3_lib3.final_cell_0563-2,-5.108319,8.013175,delta,8,delta,delta,human3
human3_lib3.final_cell_0564-2,-36.341198,4.4586797,activated_stellate,10,activated_stellate,activated_stellate,human3
human3_lib3.final_cell_0565-2,-23.988863,-43.48052,alpha,11,alpha,alpha,human3
human3_lib3.final_cell_0566-2,-22.111923,-47.176964,alpha,11,alpha,alpha,human3
human3_lib3.final_cell_0567-2,5.885932,-72.07669,alpha,11,alpha,alpha,human3
human3_lib3.final_cell_0568-2,-14.579649,-59.898678,alpha,11,alpha,alpha,human3
human3_lib3.final_cell_0569-2,17.355425,-67.53313,alpha,11,alpha,alpha,human3
human3_lib3.final_cell_0570-2,-15.701399,77.6443,acinar,1,acinar,acinar,human3
human3_lib3.final_cell_0571-2,-7.097873,-64.64839,alpha,11,alpha,alpha,human3
human3_lib3.final_cell_0572-2,74.77624,-29.286982,delta,12,beta,beta,human3
human3_lib3.final_cell_0573-2,27.412022,-72.79363,alpha,11,alpha,alpha,human3
human3_lib3.final_cell_0574-2,83.922386,-30.904173,beta,12,beta,beta,human3
human3_lib3.final_cell_0575-2,-35.322483,-27.923822,alpha,11,alpha,alpha,human3
human3_lib3.final_cell_0576-2,-58.347073,-5.140241,ductal,3,ductal,ductal,human3
human3_lib3.final_cell_0577-2,-25.523312,-39.35737,alpha,11,alpha,alpha,human3
human3_lib3.final_cell_0578-2,28.978909,-64.23131,alpha,11,alpha,alpha,human3
human3_lib3.final_cell_0579-2,72.196594,0.47308826,beta,12,beta,beta,human3
human3_lib3.final_cell_0580-2,-26.649906,-40.576797,alpha,11,alpha,alpha,human3
human3_lib3.final_cell_0581-2,-37.669914,16.910826,quiescent_stellate,13,quiescent_stellate,quiescent_stellate,human3
human3_lib3.final_cell_0582-2,21.3422,-56.77877,alpha,11,alpha,alpha,human3
human3_lib3.final_cell_0583-2,75.87497,-36.983353,beta,12,beta,beta,human3
human3_lib3.final_cell_0584-2,-5.7771664,16.077776,delta,8,delta,delta,human3
human3_lib3.final_cell_0585-2,-35.028526,-30.803974,alpha,11,alpha,alpha,human3
human3_lib3.final_cell_0586-2,-16.847017,60.881123,acinar,1,acinar,acinar,human3
human3_lib3.final_cell_0587-2,35.26937,-61.03791,alpha,11,alpha,alpha,human3
human3_lib3.final_cell_0588-2,-57.97133,-14.089553,ductal,3,ductal,ductal,human3
human3_lib3.final_cell_0589-2,60.927307,-8.378333,beta,12,beta,beta,human3
human3_lib3.final_cell_0590-2,22.823318,-62.91486,alpha,11,alpha,alpha,human3
human3_lib3.final_cell_0591-2,72.657265,0.069061615,beta,12,beta,beta,human3
human3_lib3.final_cell_0592-2,81.34046,-33.210995,beta,12,beta,beta,human3
human3_lib3.final_cell_0593-2,-18.644468,59.802647,acinar,1,acinar,acinar,human3
human3_lib3.final_cell_0594-2,85.17787,-25.09397,beta,12,beta,beta,human3
human3_lib3.final_cell_0595-2,-3.0573618,-69.75809,alpha,11,alpha,alpha,human3
human3_lib3.final_cell_0596-2,-61.150337,30.810865,endothelial,0,endothelial,endothelial,human3
human3_lib3.final_cell_0597-2,-73.41909,43.912426,ductal,2,Unmatched_2,ductal,human3
human3_lib3.final_cell_0598-2,28.142094,-71.36572,alpha,11,alpha,alpha,human3
human3_lib3.final_cell_0599-2,-26.078352,-32.78597,alpha,11,alpha,alpha,human3
human3_lib3.final_cell_0600-2,-46.27357,-60.50694,alpha,7,gamma,gamma,human3
human3_lib3.final_cell_0601-2,18.975924,-55.391838,alpha,11,alpha,alpha,human3
human3_lib3.final_cell_0602-2,-8.711139,10.8934765,delta,8,delta,delta,human3
human3_lib3.final_cell_0603-2,-6.337119,66.46933,acinar,1,acinar,acinar,human3
human3_lib3.final_cell_0604-2,68.41387,-0.40369192,beta,12,beta,beta,human3
human3_lib3.final_cell_0605-2,75.44104,-37.4281,beta,12,beta,beta,human3
human3_lib3.final_cell_0606-2,30.227932,-79.04912,alpha,11,alpha,alpha,human3
human3_lib3.final_cell_0607-2,1.2639028,56.445816,acinar,1,acinar,acinar,human3
human3_lib3.final_cell_0608-2,-30.392427,-0.41005853,activated_stellate,10,activated_stellate,activated_stellate,human3
human3_lib3.final_cell_0609-2,-48.77732,-59.796707,alpha,7,gamma,gamma,human3
human3_lib3.final_cell_0610-2,-1.88072,56.972157,acinar,1,acinar,acinar,human3
human3_lib3.final_cell_0611-2,-38.116375,-74.2432,alpha,7,gamma,gamma,human3
human3_lib3.final_cell_0612-2,-32.72497,-32.291138,alpha,11,alpha,alpha,human3
human3_lib3.final_cell_0613-2,-7.975083,77.71991,acinar,1,acinar,acinar,human3
human3_lib3.final_cell_0614-2,-42.361473,-62.27276,gamma,7,gamma,gamma,human3
human3_lib3.final_cell_0615-2,16.651432,-51.306656,alpha,11,alpha,alpha,human3
human3_lib3.final_cell_0616-2,-25.692122,64.97787,alpha,1,acinar,acinar,human3
human3_lib3.final_cell_0617-2,-35.024937,13.369361,acinar,15,epsilon,quiescent_stellate,human3
human3_lib3.final_cell_0618-2,20.254663,-55.13001,alpha,11,alpha,alpha,human3
human3_lib3.final_cell_0619-2,-21.755554,-46.83337,alpha,11,alpha,alpha,human3
human3_lib3.final_cell_0620-2,-4.464242,8.227056,alpha,8,delta,delta,human3
human3_lib3.final_cell_0621-2,-41.77097,-61.76837,epsilon,7,gamma,gamma,human3
human3_lib3.final_cell_0622-2,-5.460118,-68.83785,alpha,11,alpha,alpha,human3
human3_lib3.final_cell_0623-2,7.063155,-67.1186,alpha,11,alpha,alpha,human3
human3_lib3.final_cell_0624-2,-12.182753,-61.285805,alpha,11,alpha,alpha,human3
human3_lib3.final_cell_0625-2,-14.072656,18.903326,delta,8,delta,delta,human3
human3_lib3.final_cell_0626-2,-61.27907,-7.100259,ductal,3,ductal,ductal,human3
human3_lib3.final_cell_0627-2,23.236704,-67.89638,alpha,11,alpha,alpha,human3
human3_lib3.final_cell_0628-2,-69.321884,-1.8174496,ductal,3,ductal,ductal,human3
human3_lib3.final_cell_0629-2,83.47613,-6.3790526,beta,12,beta,beta,human3
human3_lib3.final_cell_0630-2,-38.524742,-31.130917,alpha,11,alpha,alpha,human3
human3_lib3.final_cell_0631-2,-13.518784,-64.897934,alpha,11,alpha,alpha,human3
human3_lib3.final_cell_0632-2,-12.405982,-67.241066,alpha,11,alpha,alpha,human3
human3_lib3.final_cell_0633-2,23.858992,-79.9202,alpha,11,alpha,alpha,human3
human3_lib3.final_cell_0634-2,57.718147,-13.279627,beta,12,beta,beta,human3
human3_lib3.final_cell_0635-2,15.457775,-46.987816,alpha,11,alpha,alpha,human3
human3_lib3.final_cell_0636-2,-23.50585,-42.61863,alpha,11,alpha,alpha,human3
human3_lib3.final_cell_0637-2,-5.1513877,58.510456,acinar,1,acinar,acinar,human3
human3_lib3.final_cell_0638-2,-76.66241,40.33558,ductal,2,Unmatched_2,ductal,human3
human3_lib3.final_cell_0639-2,-33.975742,11.886395,endothelial,15,epsilon,quiescent_stellate,human3
human3_lib3.final_cell_0640-2,-52.99608,-15.544275,ductal,3,ductal,ductal,human3
human3_lib3.final_cell_0641-2,-4.741114,69.98516,acinar,1,acinar,acinar,human3
human3_lib3.final_cell_0642-2,-11.509389,71.87971,acinar,1,acinar,acinar,human3
human3_lib3.final_cell_0643-2,-27.59365,-42.25798,alpha,11,alpha,alpha,human3
human3_lib3.final_cell_0644-2,-37.49871,-29.896503,alpha,11,alpha,alpha,human3
human3_lib3.final_cell_0645-2,22.10461,-80.69759,alpha,11,alpha,alpha,human3
human3_lib3.final_cell_0646-2,4.9421325,66.13696,acinar,1,acinar,acinar,human3
human3_lib3.final_cell_0647-2,15.930663,-62.439213,alpha,11,alpha,alpha,human3
human3_lib3.final_cell_0648-2,-38.080475,-29.992558,alpha,11,alpha,alpha,human3
human3_lib3.final_cell_0649-2,-28.38499,-0.47575322,activated_stellate,10,activated_stellate,activated_stellate,human3
human3_lib3.final_cell_0650-2,-13.642774,-61.3837,alpha,11,alpha,alpha,human3
human3_lib3.final_cell_0651-2,-69.271225,-15.8255825,acinar,3,ductal,ductal,human3
human3_lib3.final_cell_0652-2,20.503273,-72.75023,alpha,11,alpha,alpha,human3
human3_lib3.final_cell_0653-2,81.350784,-2.3470392,beta,12,beta,beta,human3
human3_lib3.final_cell_0654-2,-54.77148,-13.537993,ductal,3,ductal,ductal,human3
human3_lib3.final_cell_0655-2,19.65195,-66.66591,alpha,11,alpha,alpha,human3
human3_lib3.final_cell_0656-2,75.08402,-10.188366,beta,12,beta,beta,human3
human3_lib3.final_cell_0657-2,5.71158,-66.83911,alpha,11,alpha,alpha,human3
human3_lib3.final_cell_0658-2,28.40462,-77.42044,alpha,11,alpha,alpha,human3
human3_lib3.final_cell_0659-2,-25.696165,-32.25042,alpha,11,alpha,alpha,human3
human3_lib3.final_cell_0660-2,81.187614,-30.867311,beta,12,beta,beta,human3
human3_lib3.final_cell_0661-2,-17.210138,54.760006,acinar,1,acinar,acinar,human3
human3_lib3.final_cell_0662-2,1.4842216,-59.206276,alpha,11,alpha,alpha,human3
human3_lib3.final_cell_0663-2,-27.503374,-35.65302,alpha,11,alpha,alpha,human3
human3_lib3.final_cell_0664-2,-0.38312474,50.774727,acinar,1,acinar,acinar,human3
human3_lib3.final_cell_0665-2,-7.408786,11.278925,delta,8,delta,delta,human3
human3_lib3.final_cell_0666-2,-7.037572,-66.14957,alpha,11,alpha,alpha,human3
human3_lib3.final_cell_0667-2,4.3241725,-54.581627,alpha,11,alpha,alpha,human3
human3_lib3.final_cell_0668-2,-13.574719,-58.505573,alpha,11,alpha,alpha,human3
human3_lib3.final_cell_0669-2,-32.161175,0.70270026,activated_stellate,10,activated_stellate,activated_stellate,human3
human3_lib3.final_cell_0670-2,75.30209,-28.32205,beta,12,beta,beta,human3
human3_lib3.final_cell_0671-2,84.67074,-12.9546795,beta,12,beta,beta,human3
human3_lib3.final_cell_0672-2,-34.11835,-41.483887,alpha,11,alpha,alpha,human3
human3_lib3.final_cell_0673-2,-2.499471,11.947711,delta,8,delta,delta,human3
human3_lib3.final_cell_0674-2,-63.94703,-7.0832415,ductal,3,ductal,ductal,human3
human3_lib3.final_cell_0675-2,78.0217,-33.449764,beta,12,beta,beta,human3
human3_lib3.final_cell_0676-2,-25.03014,-40.02629,alpha,11,alpha,alpha,human3
human3_lib3.final_cell_0677-2,-58.35164,-0.57988477,ductal,3,ductal,ductal,human3
human3_lib3.final_cell_0678-2,77.455795,-16.939919,alpha,15,epsilon,quiescent_stellate,human3
human3_lib3.final_cell_0679-2,18.287678,-55.385113,alpha,11,alpha,alpha,human3
human3_lib3.final_cell_0680-2,-15.26348,77.49115,acinar,1,acinar,acinar,human3
human3_lib3.final_cell_0681-2,-47.407074,-68.03526,gamma,7,gamma,gamma,human3
human3_lib3.final_cell_0682-2,-35.900845,5.114322,activated_stellate,10,activated_stellate,activated_stellate,human3
human3_lib3.final_cell_0683-2,82.57383,-2.467438,beta,12,beta,beta,human3
human3_lib3.final_cell_0684-2,-4.4501166,64.524254,acinar,1,acinar,acinar,human3
human3_lib3.final_cell_0685-2,5.1049953,66.448746,acinar,1,acinar,acinar,human3
human3_lib3.final_cell_0686-2,23.528614,-54.263565,alpha,11,alpha,alpha,human3
human3_lib3.final_cell_0687-2,79.79384,-27.258198,beta,12,beta,beta,human3
human3_lib3.final_cell_0688-2,-5.900916,-62.991116,alpha,11,alpha,alpha,human3
human3_lib3.final_cell_0689-2,63.515705,-5.039738,beta,12,beta,beta,human3
human3_lib3.final_cell_0690-2,79.83097,-5.6612496,beta,12,beta,beta,human3
human3_lib3.final_cell_0691-2,-20.97894,-46.076843,alpha,11,alpha,alpha,human3
human3_lib3.final_cell_0692-2,-5.284243,-60.996525,alpha,11,alpha,alpha,human3
human3_lib3.final_cell_0693-2,-63.58155,-8.34187,ductal,3,ductal,ductal,human3
human3_lib3.final_cell_0694-2,-56.899994,-5.7167883,ductal,3,ductal,ductal,human3
human3_lib3.final_cell_0695-2,-36.489662,4.4434233,activated_stellate,10,activated_stellate,activated_stellate,human3
human3_lib3.final_cell_0696-2,-15.589892,55.15021,acinar,1,acinar,acinar,human3
human3_lib3.final_cell_0697-2,78.41804,-28.362238,beta,12,beta,beta,human3
human3_lib3.final_cell_0698-2,53.03549,-10.405003,beta,12,beta,beta,human3
human3_lib3.final_cell_0699-2,-15.626228,58.975563,acinar,1,acinar,acinar,human3
human3_lib3.final_cell_0700-2,74.2894,-35.085052,beta,12,beta,beta,human3
human3_lib3.final_cell_0701-2,-2.3972762,-65.309,alpha,11,alpha,alpha,human3
human3_lib3.final_cell_0702-2,-29.101858,-2.1313527,activated_stellate,10,activated_stellate,activated_stellate,human3
human3_lib3.final_cell_0703-2,6.7591696,56.70224,acinar,1,acinar,acinar,human3
human3_lib3.final_cell_0704-2,-38.073666,-30.328568,alpha,11,alpha,alpha,human3
human3_lib3.final_cell_0705-2,-59.956657,2.2026458,ductal,3,ductal,ductal,human3
human3_lib3.final_cell_0706-2,76.31019,-6.9614935,beta,12,beta,beta,human3
human3_lib3.final_cell_0707-2,27.937443,-54.54522,alpha,11,alpha,alpha,human3
human3_lib3.final_cell_0708-2,-8.196202,-58.919228,alpha,11,alpha,alpha,human3
human3_lib3.final_cell_0709-2,78.6923,-1.2597013,beta,12,beta,beta,human3
human3_lib3.final_cell_0710-2,-6.762546,-26.94963,alpha,11,alpha,alpha,human3
human3_lib3.final_cell_0711-2,-46.56616,-66.478226,alpha,7,gamma,gamma,human3
human3_lib3.final_cell_0712-2,1.8727813,73.878944,acinar,1,acinar,acinar,human3
human3_lib3.final_cell_0713-2,18.485773,-55.624878,alpha,11,alpha,alpha,human3
human3_lib3.final_cell_0714-2,4.7104425,-64.237755,alpha,11,alpha,alpha,human3
human3_lib3.final_cell_0715-2,23.910786,-56.90201,alpha,11,alpha,alpha,human3
human3_lib3.final_cell_0716-2,71.81938,-9.677878,beta,12,beta,beta,human3
human3_lib3.final_cell_0717-2,27.457153,-75.8865,alpha,11,alpha,alpha,human3
human3_lib3.final_cell_0718-2,76.99776,-30.737307,beta,12,beta,beta,human3
human3_lib3.final_cell_0719-2,-58.595936,-0.41937461,ductal,3,ductal,ductal,human3
human3_lib3.final_cell_0720-2,15.251367,-58.78584,alpha,11,alpha,alpha,human3
human3_lib3.final_cell_0721-2,-9.622895,-64.46021,alpha,11,alpha,alpha,human3
human3_lib3.final_cell_0722-2,-60.208935,-8.771723,ductal,3,ductal,ductal,human3
human3_lib3.final_cell_0723-2,-17.474163,55.75513,acinar,1,acinar,acinar,human3
human3_lib3.final_cell_0724-2,-63.03225,-4.0696425,ductal,3,ductal,ductal,human3
human3_lib3.final_cell_0725-2,-1.405993,52.230083,acinar,1,acinar,acinar,human3
human3_lib3.final_cell_0726-2,-13.5047245,70.02497,acinar,1,acinar,acinar,human3
human3_lib3.final_cell_0727-2,72.55337,-8.370374,beta,12,beta,beta,human3
human3_lib3.final_cell_0728-2,-5.40455,68.63868,acinar,1,acinar,acinar,human3
human3_lib3.final_cell_0729-2,-22.086578,51.825882,alpha,1,acinar,acinar,human3
human3_lib3.final_cell_0730-2,-37.51423,-30.886568,alpha,11,alpha,alpha,human3
human3_lib3.final_cell_0731-2,-60.447777,-1.7833155,ductal,3,ductal,ductal,human3
human3_lib3.final_cell_0732-2,13.623526,-50.99093,alpha,11,alpha,alpha,human3
human3_lib3.final_cell_0733-2,13.46841,-58.112133,alpha,11,alpha,alpha,human3
human3_lib3.final_cell_0734-2,-33.84407,2.1151059,activated_stellate,10,activated_stellate,activated_stellate,human3
human3_lib3.final_cell_0735-2,1.8807436,55.595165,acinar,1,acinar,acinar,human3
human3_lib3.final_cell_0736-2,-19.433844,61.06244,acinar,1,acinar,acinar,human3
human3_lib3.final_cell_0737-2,-9.407163,-65.2104,alpha,11,alpha,alpha,human3
human3_lib3.final_cell_0738-2,-10.517034,67.464554,acinar,1,acinar,acinar,human3
human3_lib3.final_cell_0739-2,-6.333345,-62.38695,alpha,11,alpha,alpha,human3
human3_lib3.final_cell_0740-2,30.83725,-74.05879,alpha,11,alpha,alpha,human3
human3_lib3.final_cell_0741-2,-18.02261,53.344074,beta,1,acinar,acinar,human3
human3_lib3.final_cell_0742-2,-21.085794,-45.192528,alpha,11,alpha,alpha,human3
human3_lib3.final_cell_0743-2,-74.52599,42.29408,ductal,2,Unmatched_2,ductal,human3
human3_lib3.final_cell_0744-2,-56.510056,27.53093,endothelial,0,endothelial,endothelial,human3
human3_lib3.final_cell_0745-2,-18.443901,67.030365,acinar,1,acinar,acinar,human3
human3_lib3.final_cell_0746-2,-24.793188,-43.00148,alpha,11,alpha,alpha,human3
human3_lib3.final_cell_0747-2,-59.404575,0.0320892,ductal,3,ductal,ductal,human3
human3_lib3.final_cell_0748-2,-54.656906,3.2870986,ductal,3,ductal,ductal,human3
human3_lib3.final_cell_0749-2,-58.583725,-10.728925,ductal,3,ductal,ductal,human3
human3_lib3.final_cell_0750-2,-29.09576,-36.72682,alpha,11,alpha,alpha,human3
human3_lib3.final_cell_0751-2,2.1721776,-45.311546,alpha,11,alpha,alpha,human3
human3_lib3.final_cell_0752-2,22.461205,-61.303642,alpha,11,alpha,alpha,human3
human3_lib3.final_cell_0753-2,-90.22271,13.243214,macrophage,6,macrophage,macrophage,human3
human3_lib3.final_cell_0754-2,-60.105274,-0.44447842,ductal,3,ductal,ductal,human3
human3_lib3.final_cell_0755-2,18.460379,-49.648468,alpha,11,alpha,alpha,human3
human3_lib3.final_cell_0756-2,17.395447,-46.05824,alpha,11,alpha,alpha,human3
human3_lib3.final_cell_0757-2,18.155554,-47.875343,alpha,11,alpha,alpha,human3
human3_lib3.final_cell_0758-2,-33.80231,-28.840956,alpha,11,alpha,alpha,human3
human3_lib3.final_cell_0759-2,-31.313019,12.213148,activated_stellate,15,epsilon,quiescent_stellate,human3
human3_lib3.final_cell_0760-2,24.473059,-80.11652,alpha,11,alpha,alpha,human3
human3_lib3.final_cell_0761-2,-31.51082,-36.22429,alpha,11,alpha,alpha,human3
human3_lib3.final_cell_0762-2,-72.01703,-1.349728,ductal,3,ductal,ductal,human3
human3_lib3.final_cell_0763-2,32.33072,-75.28354,alpha,11,alpha,alpha,human3
human3_lib3.final_cell_0764-2,-5.5787115,-24.851604,alpha,11,alpha,alpha,human3
human3_lib3.final_cell_0765-2,-31.254313,-33.33505,alpha,11,alpha,alpha,human3
human3_lib3.final_cell_0766-2,-60.164375,-6.5597515,ductal,3,ductal,ductal,human3
human3_lib3.final_cell_0767-2,0.5909438,7.552283,alpha,15,epsilon,quiescent_stellate,human3
human3_lib3.final_cell_0768-2,-7.579435,-60.300556,alpha,11,alpha,alpha,human3
human3_lib3.final_cell_0769-2,6.035813,-61.38977,alpha,11,alpha,alpha,human3
human3_lib3.final_cell_0770-2,-47.343914,-58.53722,alpha,7,gamma,gamma,human3
human3_lib3.final_cell_0771-2,-48.887325,-59.870934,alpha,7,gamma,gamma,human3
human3_lib3.final_cell_0772-2,21.21859,-73.806435,alpha,11,alpha,alpha,human3
human3_lib3.final_cell_0773-2,15.012028,-60.497566,alpha,11,alpha,alpha,human3
human3_lib3.final_cell_0774-2,-59.5737,31.936304,endothelial,0,endothelial,endothelial,human3
human3_lib3.final_cell_0775-2,59.98118,-10.831416,beta,12,beta,beta,human3
human3_lib3.final_cell_0776-2,75.28547,-27.783625,beta,12,beta,beta,human3
human3_lib3.final_cell_0777-2,-61.176773,-18.809303,ductal,3,ductal,ductal,human3
human3_lib3.final_cell_0778-2,85.175125,-21.991686,beta,12,beta,beta,human3
human3_lib3.final_cell_0779-2,-39.605476,-35.107452,alpha,11,alpha,alpha,human3
human3_lib3.final_cell_0780-2,81.8184,-15.729566,beta,12,beta,beta,human3
human3_lib3.final_cell_0781-2,-0.73855734,14.384936,delta,8,delta,delta,human3
human3_lib3.final_cell_0782-2,-10.194731,80.12904,acinar,1,acinar,acinar,human3
human3_lib3.final_cell_0783-2,-28.188528,-46.391186,alpha,11,alpha,alpha,human3
human3_lib3.final_cell_0784-2,-10.187409,80.15833,acinar,1,acinar,acinar,human3
human3_lib3.final_cell_0785-2,-73.73425,-5.0043306,ductal,3,ductal,ductal,human3
human3_lib3.final_cell_0786-2,64.90793,-5.0218854,beta,12,beta,beta,human3
human3_lib3.final_cell_0787-2,-75.76972,-16.459806,ductal,3,ductal,ductal,human3
human3_lib3.final_cell_0788-2,-45.736763,-63.30786,gamma,7,gamma,gamma,human3
human3_lib3.final_cell_0789-2,-32.60722,60.218826,acinar,1,acinar,acinar,human3
human3_lib3.final_cell_0790-2,77.27819,-26.181921,beta,12,beta,beta,human3
human3_lib3.final_cell_0791-2,17.081139,-51.301926,alpha,11,alpha,alpha,human3
human3_lib3.final_cell_0792-2,30.99104,-73.73105,alpha,11,alpha,alpha,human3
human3_lib3.final_cell_0793-2,73.0571,-6.6292458,beta,12,beta,beta,human3
human3_lib3.final_cell_0794-2,60.04321,-7.1002655,beta,12,beta,beta,human3
human3_lib3.final_cell_0795-2,0.9208254,67.57155,acinar,1,acinar,acinar,human3
human3_lib3.final_cell_0796-2,-50.199177,-59.154453,alpha,7,gamma,gamma,human3
human3_lib3.final_cell_0797-2,6.145387,-60.094296,alpha,11,alpha,alpha,human3
human3_lib3.final_cell_0798-2,-26.34807,-41.545757,alpha,11,alpha,alpha,human3
human3_lib3.final_cell_0799-2,-28.07388,-29.996477,alpha,11,alpha,alpha,human3
human3_lib3.final_cell_0800-2,-11.884547,15.265978,delta,8,delta,delta,human3
human3_lib3.final_cell_0801-2,20.699919,-66.11368,alpha,11,alpha,alpha,human3
human3_lib3.final_cell_0802-2,44.97369,-39.133877,mast,4,mast,mast,human3
human3_lib3.final_cell_0803-2,-1.6506362,70.23918,acinar,1,acinar,acinar,human3
human3_lib3.final_cell_0804-2,-3.846673,-66.26562,alpha,11,alpha,alpha,human3
human3_lib3.final_cell_0805-2,-22.997322,-35.037003,alpha,11,alpha,alpha,human3
human3_lib3.final_cell_0806-2,-28.01929,-2.302558,activated_stellate,10,activated_stellate,activated_stellate,human3
human3_lib3.final_cell_0807-2,-58.708607,27.941257,endothelial,0,endothelial,endothelial,human3
human3_lib3.final_cell_0808-2,78.43684,-19.353786,beta,12,beta,beta,human3
human3_lib3.final_cell_0809-2,-17.045513,53.914757,acinar,1,acinar,acinar,human3
human3_lib3.final_cell_0810-2,-8.721339,18.363047,delta,8,delta,delta,human3
human3_lib3.final_cell_0811-2,71.01274,-0.65866774,beta,12,beta,beta,human3
human3_lib3.final_cell_0812-2,20.055845,-55.82312,alpha,11,alpha,alpha,human3
human3_lib3.final_cell_0813-2,-29.12482,-44.6861,alpha,11,alpha,alpha,human3
human3_lib3.final_cell_0814-2,-11.86017,-59.14498,alpha,11,alpha,alpha,human3
human3_lib3.final_cell_0815-2,84.003815,-27.127949,beta,12,beta,beta,human3
human3_lib3.final_cell_0816-2,-50.865314,27.827148,endothelial,0,endothelial,endothelial,human3
human3_lib3.final_cell_0817-2,16.615093,-47.14938,alpha,11,alpha,alpha,human3
human3_lib3.final_cell_0818-2,-14.666366,64.93337,acinar,1,acinar,acinar,human3
human3_lib3.final_cell_0819-2,44.06239,-38.918034,mast,4,mast,mast,human3
human3_lib3.final_cell_0820-2,-72.734856,42.355274,ductal,2,Unmatched_2,ductal,human3
human3_lib3.final_cell_0821-2,20.576015,-74.63199,alpha,11,alpha,alpha,human3
human3_lib3.final_cell_0822-2,-53.527798,36.60496,endothelial,0,endothelial,endothelial,human3
human3_lib3.final_cell_0823-2,-72.01142,-1.4436911,ductal,3,ductal,ductal,human3
human3_lib3.final_cell_0824-2,-1.4980403,-63.684376,alpha,11,alpha,alpha,human3
human3_lib3.final_cell_0825-2,22.606846,-60.745728,alpha,11,alpha,alpha,human3
human3_lib3.final_cell_0826-2,-25.892157,-34.791527,alpha,11,alpha,alpha,human3
human3_lib3.final_cell_0827-2,-27.93344,-46.642426,alpha,11,alpha,alpha,human3
human3_lib3.final_cell_0828-2,9.461895,-60.665466,alpha,11,alpha,alpha,human3
human3_lib3.final_cell_0829-2,-13.73404,10.33849,delta,8,delta,delta,human3
human3_lib3.final_cell_0830-2,-35.509075,18.26868,quiescent_stellate,13,quiescent_stellate,quiescent_stellate,human3
human3_lib3.final_cell_0831-2,15.354331,-51.890987,alpha,11,alpha,alpha,human3
human3_lib3.final_cell_0832-2,78.138405,-19.780289,beta,12,beta,beta,human3
human3_lib3.final_cell_0833-2,-55.36091,2.4128761,ductal,3,ductal,ductal,human3
human3_lib3.final_cell_0834-2,-23.021158,-35.912273,alpha,11,alpha,alpha,human3
human3_lib3.final_cell_0835-2,-64.01746,26.580025,endothelial,0,endothelial,endothelial,human3
human3_lib3.final_cell_0836-2,-28.392685,-44.15604,alpha,11,alpha,alpha,human3
human3_lib3.final_cell_0837-2,-3.9769642,-62.16439,alpha,11,alpha,alpha,human3
human3_lib3.final_cell_0838-2,-2.739988,-62.774906,alpha,11,alpha,alpha,human3
human3_lib3.final_cell_0839-2,-28.385664,-32.180984,alpha,11,alpha,alpha,human3
human3_lib3.final_cell_0840-2,-10.155897,80.14007,acinar,1,acinar,acinar,human3
human3_lib3.final_cell_0841-2,-55.96224,29.696146,endothelial,0,endothelial,endothelial,human3
human3_lib3.final_cell_0842-2,-65.816315,-10.512437,ductal,3,ductal,ductal,human3
human3_lib3.final_cell_0843-2,33.819008,-73.821434,alpha,11,alpha,alpha,human3
human3_lib3.final_cell_0844-2,73.86908,-10.839466,beta,12,beta,beta,human3
human3_lib3.final_cell_0845-2,64.282265,-4.3038416,beta,12,beta,beta,human3
human3_lib3.final_cell_0846-2,-13.878327,-60.300266,alpha,11,alpha,alpha,human3
human3_lib3.final_cell_0847-2,39.78564,-18.631516,beta,12,beta,beta,human3
human3_lib3.final_cell_0848-2,-23.453585,-35.751427,alpha,11,alpha,alpha,human3
human3_lib3.final_cell_0849-2,57.304146,-6.9048157,beta,12,beta,beta,human3
human3_lib3.final_cell_0850-2,77.22162,-8.712212,beta,12,beta,beta,human3
human3_lib3.final_cell_0851-2,3.47743,55.527134,acinar,1,acinar,acinar,human3
human3_lib3.final_cell_0852-2,82.19272,-30.019352,beta,12,beta,beta,human3
human3_lib3.final_cell_0853-2,82.64786,-30.391327,beta,12,beta,beta,human3
human3_lib3.final_cell_0854-2,72.61858,-9.618959,beta,12,beta,beta,human3
human3_lib3.final_cell_0855-2,-90.38153,12.660325,macrophage,6,macrophage,macrophage,human3
human3_lib3.final_cell_0856-2,-30.757395,18.503725,quiescent_stellate,13,quiescent_stellate,quiescent_stellate,human3
human3_lib3.final_cell_0857-2,-2.5385523,-37.772102,alpha,11,alpha,alpha,human3
human3_lib3.final_cell_0858-2,-55.558826,1.6631924,ductal,3,ductal,ductal,human3
human3_lib3.final_cell_0859-2,-57.2689,-12.01705,ductal,3,ductal,ductal,human3
human3_lib3.final_cell_0860-2,-57.888115,23.465385,endothelial,0,endothelial,endothelial,human3
human3_lib3.final_cell_0861-2,74.67385,-8.914217,beta,12,beta,beta,human3
human3_lib3.final_cell_0862-2,-34.726192,16.67004,quiescent_stellate,13,quiescent_stellate,quiescent_stellate,human3
human3_lib3.final_cell_0863-2,-54.15948,27.418058,endothelial,0,endothelial,endothelial,human3
human3_lib3.final_cell_0864-2,-2.5909708,-46.815186,alpha,11,alpha,alpha,human3
human3_lib3.final_cell_0865-2,18.46609,-46.061085,alpha,11,alpha,alpha,human3
human3_lib3.final_cell_0866-2,-87.75665,17.398165,t_cell,5,t_cell,t_cell,human3
human3_lib3.final_cell_0867-2,28.89168,32.414455,alpha,12,beta,beta,human3
human3_lib3.final_cell_0868-2,18.936852,-61.672092,alpha,11,alpha,alpha,human3
human3_lib3.final_cell_0869-2,75.274826,-4.1661215,beta,12,beta,beta,human3
human3_lib3.final_cell_0870-2,80.150604,-18.870575,beta,12,beta,beta,human3
human3_lib3.final_cell_0871-2,60.734554,-6.737019,beta,12,beta,beta,human3
human3_lib3.final_cell_0872-2,62.50919,-5.081189,beta,12,beta,beta,human3
human3_lib3.final_cell_0873-2,69.419495,-4.2859154,beta,12,beta,beta,human3
human3_lib3.final_cell_0874-2,-41.257195,-33.608555,alpha,11,alpha,alpha,human3
human3_lib3.final_cell_0875-2,1.5612348,-45.767868,alpha,11,alpha,alpha,human3
human3_lib3.final_cell_0876-2,-4.129273,54.553577,acinar,1,acinar,acinar,human3
human3_lib3.final_cell_0877-2,75.82433,-27.359213,beta,12,beta,beta,human3
human3_lib3.final_cell_0878-2,83.94597,-30.108746,beta,12,beta,beta,human3
human3_lib3.final_cell_0879-2,64.193184,-4.7020583,beta,12,beta,beta,human3
human3_lib3.final_cell_0880-2,-35.9247,18.752052,quiescent_stellate,13,quiescent_stellate,quiescent_stellate,human3
human3_lib3.final_cell_0881-2,-11.794594,12.179405,delta,8,delta,delta,human3
human3_lib3.final_cell_0882-2,-53.0153,31.297178,endothelial,0,endothelial,endothelial,human3
human3_lib3.final_cell_0883-2,-87.782715,16.718214,macrophage,5,t_cell,t_cell,human3
human3_lib3.final_cell_0884-2,-52.26663,-0.33275402,ductal,3,ductal,ductal,human3
human3_lib3.final_cell_0885-2,44.433643,-38.98595,mast,4,mast,mast,human3
human3_lib3.final_cell_0886-2,30.581106,-77.437256,alpha,11,alpha,alpha,human3
human3_lib3.final_cell_0887-2,-26.474148,54.438442,acinar,1,acinar,acinar,human3
human3_lib3.final_cell_0888-2,75.6938,-35.98742,beta,12,beta,beta,human3
human3_lib3.final_cell_0889-2,-52.29081,30.878452,endothelial,0,endothelial,endothelial,human3
human3_lib3.final_cell_0890-2,-34.2031,16.299932,quiescent_stellate,13,quiescent_stellate,quiescent_stellate,human3
human3_lib3.final_cell_0891-2,17.592434,-46.830833,alpha,11,alpha,alpha,human3
human3_lib3.final_cell_0892-2,74.6863,-27.039555,beta,12,beta,beta,human3
human3_lib3.final_cell_0893-2,78.349655,-15.471591,beta,12,beta,beta,human3
human3_lib3.final_cell_0894-2,-30.329878,18.568274,quiescent_stellate,13,quiescent_stellate,quiescent_stellate,human3
human3_lib3.final_cell_0895-2,-36.936684,15.756655,acinar,13,quiescent_stellate,quiescent_stellate,human3
human3_lib3.final_cell_0896-2,-87.95966,17.643818,t_cell,5,t_cell,t_cell,human3
human3_lib3.final_cell_0897-2,71.86774,3.0645833,beta,12,beta,beta,human3
human3_lib3.final_cell_0898-2,-54.22799,31.943241,endothelial,0,endothelial,endothelial,human3
human3_lib3.final_cell_0899-2,76.197136,-28.725601,beta,12,beta,beta,human3
human3_lib3.final_cell_0900-2,67.763306,-5.520695,beta,12,beta,beta,human3
human3_lib3.final_cell_0901-2,-36.294926,18.764004,quiescent_stellate,13,quiescent_stellate,quiescent_stellate,human3
human3_lib3.final_cell_0902-2,-9.410276,10.784989,delta,8,delta,delta,human3
human3_lib3.final_cell_0903-2,56.54634,-13.487099,beta,12,beta,beta,human3
human3_lib3.final_cell_0904-2,-53.330826,28.981895,endothelial,0,endothelial,endothelial,human3
human3_lib3.final_cell_0905-2,31.984371,-3.5366638,beta,12,beta,beta,human3
human3_lib3.final_cell_0906-2,64.995766,-4.7888856,beta,12,beta,beta,human3
human3_lib3.final_cell_0907-2,-8.418637,14.514251,delta,8,delta,delta,human3
human3_lib3.final_cell_0908-2,-89.76105,13.811749,macrophage,6,macrophage,macrophage,human3
human3_lib3.final_cell_0909-2,54.94068,-11.582299,beta,12,beta,beta,human3
human3_lib3.final_cell_0910-2,79.066696,-2.3870218,beta,12,beta,beta,human3
human3_lib3.final_cell_0911-2,59.41593,-6.20865,beta,12,beta,beta,human3
human3_lib3.final_cell_0912-2,78.66756,-20.22867,beta,12,beta,beta,human3
human3_lib3.final_cell_0913-2,-59.62248,35.236984,endothelial,0,endothelial,endothelial,human3
human3_lib3.final_cell_0914-2,73.654274,-7.1468415,beta,12,beta,beta,human3
human3_lib3.final_cell_0915-2,-36.713715,5.0353885,activated_stellate,10,activated_stellate,activated_stellate,human3
human3_lib3.final_cell_0916-2,78.38147,-15.406277,beta,12,beta,beta,human3
human3_lib3.final_cell_0917-2,-6.929546,-28.32859,alpha,11,alpha,alpha,human3
human3_lib3.final_cell_0918-2,59.24384,-12.374781,beta,12,beta,beta,human3
human3_lib3.final_cell_0919-2,-52.7312,31.793085,endothelial,0,endothelial,endothelial,human3
human3_lib3.final_cell_0920-2,-31.713531,20.49035,quiescent_stellate,13,quiescent_stellate,quiescent_stellate,human3
human3_lib3.final_cell_0921-2,-54.389473,-0.55964154,ductal,3,ductal,ductal,human3
human3_lib3.final_cell_0922-2,-54.75721,29.117971,endothelial,0,endothelial,endothelial,human3
human3_lib3.final_cell_0923-2,-59.866608,32.241035,endothelial,0,endothelial,endothelial,human3
human3_lib3.final_cell_0924-2,77.22777,-4.6644278,beta,12,beta,beta,human3
human3_lib3.final_cell_0925-2,-52.194096,31.283892,endothelial,0,endothelial,endothelial,human3
human3_lib3.final_cell_0926-2,77.89345,-16.893415,beta,12,beta,beta,human3
human3_lib3.final_cell_0927-2,70.535446,-6.470472,beta,12,beta,beta,human3
human3_lib3.final_cell_0928-2,16.107363,-46.74106,alpha,11,alpha,alpha,human3
human3_lib3.final_cell_0929-2,77.05977,-24.518599,beta,12,beta,beta,human3
human3_lib3.final_cell_0930-2,89.064674,-20.479103,beta,12,beta,beta,human3
human3_lib3.final_cell_0931-2,-56.811756,31.63797,endothelial,0,endothelial,endothelial,human3
human3_lib3.final_cell_0932-2,43.680767,-19.110647,beta,12,beta,beta,human3
human3_lib3.final_cell_0933-2,-57.73075,33.021515,endothelial,0,endothelial,endothelial,human3
human3_lib3.final_cell_0934-2,77.957466,-33.22516,beta,12,beta,beta,human3
human3_lib4.final_cell_0001-2,-13.216605,59.165234,acinar,1,acinar,acinar,human3
human3_lib4.final_cell_0002-2,-3.3127935,69.05511,acinar,1,acinar,acinar,human3
human3_lib4.final_cell_0003-2,6.278899,66.90008,acinar,1,acinar,acinar,human3
human3_lib4.final_cell_0004-2,-0.9099107,54.741123,acinar,1,acinar,acinar,human3
human3_lib4.final_cell_0005-2,-0.95511067,54.968056,acinar,1,acinar,acinar,human3
human3_lib4.final_cell_0006-2,-9.111537,73.73885,acinar,1,acinar,acinar,human3
human3_lib4.final_cell_0007-2,-7.4520664,63.510674,acinar,1,acinar,acinar,human3
human3_lib4.final_cell_0008-2,3.264875,72.47543,acinar,1,acinar,acinar,human3
human3_lib4.final_cell_0009-2,-1.9124438,61.28592,acinar,1,acinar,acinar,human3
human3_lib4.final_cell_0010-2,-6.861011,62.740482,acinar,1,acinar,acinar,human3
human3_lib4.final_cell_0011-2,-12.874715,68.28182,acinar,1,acinar,acinar,human3
human3_lib4.final_cell_0012-2,-9.217796,76.885284,acinar,1,acinar,acinar,human3
human3_lib4.final_cell_0013-2,-6.965029,68.325264,acinar,1,acinar,acinar,human3
human3_lib4.final_cell_0014-2,-5.563445,66.78061,acinar,1,acinar,acinar,human3
human3_lib4.final_cell_0015-2,5.440536,60.811874,acinar,1,acinar,acinar,human3
human3_lib4.final_cell_0016-2,6.4353642,58.011086,acinar,1,acinar,acinar,human3
human3_lib4.final_cell_0017-2,2.0658767,72.06225,acinar,1,acinar,acinar,human3
human3_lib4.final_cell_0018-2,-14.8166485,70.0902,acinar,1,acinar,acinar,human3
human3_lib4.final_cell_0019-2,-15.908761,71.56836,acinar,1,acinar,acinar,human3
human3_lib4.final_cell_0020-2,-2.7538426,62.240265,acinar,1,acinar,acinar,human3
human3_lib4.final_cell_0021-2,-14.79549,75.36965,acinar,1,acinar,acinar,human3
human3_lib4.final_cell_0022-2,-22.372051,57.66425,acinar,1,acinar,acinar,human3
human3_lib4.final_cell_0023-2,-3.5526175,60.595966,acinar,1,acinar,acinar,human3
human3_lib4.final_cell_0024-2,5.625619,69.83351,acinar,1,acinar,acinar,human3
human3_lib4.final_cell_0025-2,0.26782897,68.3509,acinar,1,acinar,acinar,human3
human3_lib4.final_cell_0026-2,-0.7861713,58.133476,acinar,1,acinar,acinar,human3
human3_lib4.final_cell_0027-2,8.495928,54.078213,acinar,1,acinar,acinar,human3
human3_lib4.final_cell_0028-2,-14.121961,69.59832,acinar,1,acinar,acinar,human3
human3_lib4.final_cell_0029-2,-13.881552,76.07142,acinar,1,acinar,acinar,human3
human3_lib4.final_cell_0030-2,-6.605947,20.052761,delta,8,delta,delta,human3
human3_lib4.final_cell_0031-2,-14.273628,60.707844,acinar,1,acinar,acinar,human3
human3_lib4.final_cell_0032-2,-11.180617,73.75841,acinar,1,acinar,acinar,human3
human3_lib4.final_cell_0033-2,-2.1801937,68.57211,acinar,1,acinar,acinar,human3
human3_lib4.final_cell_0034-2,-6.9143395,61.76105,acinar,1,acinar,acinar,human3
human3_lib4.final_cell_0035-2,1.0398425,70.171196,acinar,1,acinar,acinar,human3
human3_lib4.final_cell_0036-2,0.51506686,69.99204,acinar,1,acinar,acinar,human3
human3_lib4.final_cell_0037-2,-20.1655,70.53514,acinar,1,acinar,acinar,human3
human3_lib4.final_cell_0038-2,-3.0384994,68.3604,acinar,1,acinar,acinar,human3
human3_lib4.final_cell_0039-2,-11.7829685,75.88401,acinar,1,acinar,acinar,human3
human3_lib4.final_cell_0040-2,1.1023697,60.795277,beta,1,acinar,acinar,human3
human3_lib4.final_cell_0041-2,-13.318907,72.53925,acinar,1,acinar,acinar,human3
human3_lib4.final_cell_0042-2,85.293594,-16.758251,beta,12,beta,beta,human3
human3_lib4.final_cell_0043-2,6.7088394,56.650288,acinar,1,acinar,acinar,human3
human3_lib4.final_cell_0044-2,-16.549278,75.390755,acinar,1,acinar,acinar,human3
human3_lib4.final_cell_0045-2,-28.0021,-41.698814,alpha,11,alpha,alpha,human3
human3_lib4.final_cell_0046-2,1.286943,67.09905,acinar,1,acinar,acinar,human3
human3_lib4.final_cell_0047-2,-11.944748,15.616777,delta,8,delta,delta,human3
human3_lib4.final_cell_0048-2,-6.300206,68.78901,acinar,1,acinar,acinar,human3
human3_lib4.final_cell_0049-2,-6.821849,72.41134,acinar,1,acinar,acinar,human3
human3_lib4.final_cell_0050-2,-5.4682803,22.169483,delta,8,delta,delta,human3
human3_lib4.final_cell_0051-2,-1.3742218,52.98626,acinar,1,acinar,acinar,human3
human3_lib4.final_cell_0052-2,-55.09523,-3.2449296,ductal,3,ductal,ductal,human3
human3_lib4.final_cell_0053-2,8.3085,60.469063,acinar,1,acinar,acinar,human3
human3_lib4.final_cell_0054-2,2.626783,71.85546,acinar,1,acinar,acinar,human3
human3_lib4.final_cell_0055-2,-18.023102,73.70831,acinar,1,acinar,acinar,human3
human3_lib4.final_cell_0056-2,1.6119391,56.090588,acinar,1,acinar,acinar,human3
human3_lib4.final_cell_0057-2,-14.5583725,59.92954,acinar,1,acinar,acinar,human3
human3_lib4.final_cell_0058-2,81.154915,-6.3898506,beta,12,beta,beta,human3
human3_lib4.final_cell_0059-2,3.404576,69.237,acinar,1,acinar,acinar,human3
human3_lib4.final_cell_0060-2,6.3740363,68.88961,acinar,1,acinar,acinar,human3
human3_lib4.final_cell_0061-2,7.577064,54.943054,acinar,1,acinar,acinar,human3
human3_lib4.final_cell_0062-2,-0.16260123,68.07991,acinar,1,acinar,acinar,human3
human3_lib4.final_cell_0063-2,6.0106444,59.187405,acinar,1,acinar,acinar,human3
human3_lib4.final_cell_0064-2,-21.982439,56.62514,acinar,1,acinar,acinar,human3
human3_lib4.final_cell_0065-2,-16.37968,62.517902,acinar,1,acinar,acinar,human3
human3_lib4.final_cell_0066-2,-17.577757,67.35647,acinar,1,acinar,acinar,human3
human3_lib4.final_cell_0067-2,-11.11537,15.929604,delta,8,delta,delta,human3
human3_lib4.final_cell_0068-2,3.0971086,70.92189,acinar,1,acinar,acinar,human3
human3_lib4.final_cell_0069-2,-32.812992,60.17568,acinar,1,acinar,acinar,human3
human3_lib4.final_cell_0070-2,-19.531633,60.848404,acinar,1,acinar,acinar,human3
human3_lib4.final_cell_0071-2,58.573776,-10.0415745,beta,12,beta,beta,human3
human3_lib4.final_cell_0072-2,3.588208,66.77552,acinar,1,acinar,acinar,human3
human3_lib4.final_cell_0073-2,4.702809,67.02143,acinar,1,acinar,acinar,human3
human3_lib4.final_cell_0074-2,-13.751383,75.395805,acinar,1,acinar,acinar,human3
human3_lib4.final_cell_0075-2,-22.818588,59.059383,acinar,1,acinar,acinar,human3
human3_lib4.final_cell_0076-2,6.7138605,54.717587,acinar,1,acinar,acinar,human3
human3_lib4.final_cell_0077-2,-7.817259,62.126358,acinar,1,acinar,acinar,human3
human3_lib4.final_cell_0078-2,6.5103655,56.600685,acinar,1,acinar,acinar,human3
human3_lib4.final_cell_0079-2,-63.994823,-6.9261446,ductal,3,ductal,ductal,human3
human3_lib4.final_cell_0080-2,-15.152998,69.21241,acinar,1,acinar,acinar,human3
human3_lib4.final_cell_0081-2,9.891499,57.09491,acinar,1,acinar,acinar,human3
human3_lib4.final_cell_0082-2,-12.775409,12.334544,delta,8,delta,delta,human3
human3_lib4.final_cell_0083-2,-1.7545462,70.63524,acinar,1,acinar,acinar,human3
human3_lib4.final_cell_0084-2,-28.081099,-33.593002,alpha,11,alpha,alpha,human3
human3_lib4.final_cell_0085-2,-61.207836,-6.846605,ductal,3,ductal,ductal,human3
human3_lib4.final_cell_0086-2,-16.992899,62.403614,acinar,1,acinar,acinar,human3
human3_lib4.final_cell_0087-2,4.3695993,67.206215,acinar,1,acinar,acinar,human3
human3_lib4.final_cell_0088-2,-6.3041964,71.827805,acinar,1,acinar,acinar,human3
human3_lib4.final_cell_0089-2,3.1417096,-63.748505,alpha,11,alpha,alpha,human3
human3_lib4.final_cell_0090-2,-8.801226,74.95435,acinar,1,acinar,acinar,human3
human3_lib4.final_cell_0091-2,-1.9399328,62.207268,acinar,1,acinar,acinar,human3
human3_lib4.final_cell_0092-2,75.90593,-33.85747,beta,12,beta,beta,human3
human3_lib4.final_cell_0093-2,1.6932822,58.762463,acinar,1,acinar,acinar,human3
human3_lib4.final_cell_0094-2,84.71173,-25.771996,beta,12,beta,beta,human3
human3_lib4.final_cell_0095-2,84.91868,-26.629602,beta,12,beta,beta,human3
human3_lib4.final_cell_0096-2,86.3009,-8.63695,beta,12,beta,beta,human3
human3_lib4.final_cell_0097-2,85.43707,-9.785341,beta,12,beta,beta,human3
human3_lib4.final_cell_0098-2,79.512436,-34.370003,beta,12,beta,beta,human3
human3_lib4.final_cell_0099-2,-4.2210097,8.330955,delta,8,delta,delta,human3
human3_lib4.final_cell_0100-2,-64.84896,-6.337917,ductal,3,ductal,ductal,human3
human3_lib4.final_cell_0101-2,-27.027369,56.06408,acinar,1,acinar,acinar,human3
human3_lib4.final_cell_0102-2,-17.644829,55.282063,acinar,1,acinar,acinar,human3
human3_lib4.final_cell_0103-2,5.331315,65.506195,acinar,1,acinar,acinar,human3
human3_lib4.final_cell_0104-2,-12.609356,10.281146,delta,8,delta,delta,human3
human3_lib4.final_cell_0105-2,85.95456,-21.09322,beta,12,beta,beta,human3
human3_lib4.final_cell_0106-2,8.077221,60.75885,acinar,1,acinar,acinar,human3
human3_lib4.final_cell_0107-2,-30.448448,-45.320873,alpha,11,alpha,alpha,human3
human3_lib4.final_cell_0108-2,2.9806042,72.89315,acinar,1,acinar,acinar,human3
human3_lib4.final_cell_0109-2,-7.0030065,70.76537,acinar,1,acinar,acinar,human3
human3_lib4.final_cell_0110-2,-7.9240766,79.28622,acinar,1,acinar,acinar,human3
human3_lib4.final_cell_0111-2,-22.104467,56.43861,acinar,1,acinar,acinar,human3
human3_lib4.final_cell_0112-2,85.12502,-8.902291,beta,12,beta,beta,human3
human3_lib4.final_cell_0113-2,-8.462131,63.16973,acinar,1,acinar,acinar,human3
human3_lib4.final_cell_0114-2,-18.478676,66.888824,acinar,1,acinar,acinar,human3
human3_lib4.final_cell_0115-2,1.1368752,70.11744,acinar,1,acinar,acinar,human3
human3_lib4.final_cell_0116-2,23.726788,-74.40385,alpha,11,alpha,alpha,human3
human3_lib4.final_cell_0117-2,58.138264,-13.659522,beta,12,beta,beta,human3
human3_lib4.final_cell_0118-2,-9.353806,14.557319,delta,8,delta,delta,human3
human3_lib4.final_cell_0119-2,-36.00498,4.046175,activated_stellate,10,activated_stellate,activated_stellate,human3
human3_lib4.final_cell_0120-2,-7.5653186,78.858734,acinar,1,acinar,acinar,human3
human3_lib4.final_cell_0121-2,-60.08681,-6.2648563,ductal,3,ductal,ductal,human3
human3_lib4.final_cell_0122-2,-19.133953,61.781967,acinar,1,acinar,acinar,human3
human3_lib4.final_cell_0123-2,-1.7901535,62.502483,acinar,1,acinar,acinar,human3
human3_lib4.final_cell_0124-2,70.26298,2.5866756,beta,12,beta,beta,human3
human3_lib4.final_cell_0125-2,3.383735,56.468513,acinar,1,acinar,acinar,human3
human3_lib4.final_cell_0126-2,-1.3612213,62.38042,acinar,1,acinar,acinar,human3
human3_lib4.final_cell_0127-2,-0.6257141,62.877796,acinar,1,acinar,acinar,human3
human3_lib4.final_cell_0128-2,9.8117485,56.99782,acinar,1,acinar,acinar,human3
human3_lib4.final_cell_0129-2,-18.32408,73.14894,acinar,1,acinar,acinar,human3
human3_lib4.final_cell_0130-2,-14.221632,18.947477,delta,8,delta,delta,human3
human3_lib4.final_cell_0131-2,-15.192728,71.8647,acinar,1,acinar,acinar,human3
human3_lib4.final_cell_0132-2,76.61847,-1.6835421,beta,12,beta,beta,human3
human3_lib4.final_cell_0133-2,-5.028617,58.50355,acinar,1,acinar,acinar,human3
human3_lib4.final_cell_0134-2,84.455284,-21.239012,beta,12,beta,beta,human3
human3_lib4.final_cell_0135-2,3.1051555,57.59373,acinar,1,acinar,acinar,human3
human3_lib4.final_cell_0136-2,84.051254,-16.833979,beta,12,beta,beta,human3
human3_lib4.final_cell_0137-2,-11.31095,79.41551,acinar,1,acinar,acinar,human3
human3_lib4.final_cell_0138-2,85.219574,-11.476713,beta,12,beta,beta,human3
human3_lib4.final_cell_0139-2,-12.096005,54.6601,acinar,1,acinar,acinar,human3
human3_lib4.final_cell_0140-2,82.07066,-5.7056293,beta,12,beta,beta,human3
human3_lib4.final_cell_0141-2,87.40121,-23.29772,beta,12,beta,beta,human3
human3_lib4.final_cell_0142-2,-1.3187455,61.182556,acinar,1,acinar,acinar,human3
human3_lib4.final_cell_0143-2,-16.765572,72.87215,acinar,1,acinar,acinar,human3
human3_lib4.final_cell_0144-2,-13.617775,13.557777,delta,8,delta,delta,human3
human3_lib4.final_cell_0145-2,-61.15488,-17.53629,ductal,3,ductal,ductal,human3
human3_lib4.final_cell_0146-2,-15.664463,71.05383,acinar,1,acinar,acinar,human3
human3_lib4.final_cell_0147-2,2.5540793,54.10022,acinar,1,acinar,acinar,human3
human3_lib4.final_cell_0148-2,-6.3072376,67.67847,acinar,1,acinar,acinar,human3
human3_lib4.final_cell_0149-2,1.9119864,52.764412,acinar,1,acinar,acinar,human3
human3_lib4.final_cell_0150-2,-70.28509,-14.642567,ductal,3,ductal,ductal,human3
human3_lib4.final_cell_0151-2,-3.4184556,-70.11779,alpha,11,alpha,alpha,human3
human3_lib4.final_cell_0152-2,-38.815086,-31.395746,alpha,11,alpha,alpha,human3
human3_lib4.final_cell_0153-2,32.026966,-57.526356,alpha,11,alpha,alpha,human3
human3_lib4.final_cell_0154-2,16.566765,-66.43251,alpha,11,alpha,alpha,human3
human3_lib4.final_cell_0155-2,-7.4046516,61.477783,acinar,1,acinar,acinar,human3
human3_lib4.final_cell_0156-2,-7.448959,-65.99862,alpha,11,alpha,alpha,human3
human3_lib4.final_cell_0157-2,2.5754468,59.53689,acinar,1,acinar,acinar,human3
human3_lib4.final_cell_0158-2,-10.067306,21.061737,delta,8,delta,delta,human3
human3_lib4.final_cell_0159-2,85.832695,-20.704844,beta,12,beta,beta,human3
human3_lib4.final_cell_0160-2,-28.782125,-42.108055,alpha,11,alpha,alpha,human3
human3_lib4.final_cell_0161-2,81.461716,-26.821802,beta,12,beta,beta,human3
human3_lib4.final_cell_0162-2,79.92921,-34.476707,beta,12,beta,beta,human3
human3_lib4.final_cell_0163-2,80.956245,-29.363813,beta,12,beta,beta,human3
human3_lib4.final_cell_0164-2,-10.34973,55.268154,acinar,1,acinar,acinar,human3
human3_lib4.final_cell_0165-2,-1.4630655,70.535,acinar,1,acinar,acinar,human3
human3_lib4.final_cell_0166-2,10.846558,-69.43626,alpha,11,alpha,alpha,human3
human3_lib4.final_cell_0167-2,-60.568893,-4.0687594,ductal,3,ductal,ductal,human3
human3_lib4.final_cell_0168-2,-37.913692,-34.563698,alpha,11,alpha,alpha,human3
human3_lib4.final_cell_0169-2,74.2236,-34.690086,beta,12,beta,beta,human3
human3_lib4.final_cell_0170-2,-4.4959188,55.12249,acinar,1,acinar,acinar,human3
human3_lib4.final_cell_0171-2,7.995532,57.529984,acinar,1,acinar,acinar,human3
human3_lib4.final_cell_0172-2,32.554707,-69.754036,alpha,11,alpha,alpha,human3
human3_lib4.final_cell_0173-2,-23.18133,71.369385,acinar,1,acinar,acinar,human3
human3_lib4.final_cell_0174-2,-58.211525,-9.898842,ductal,3,ductal,ductal,human3
human3_lib4.final_cell_0175-2,-3.4581811,57.78131,acinar,1,acinar,acinar,human3
human3_lib4.final_cell_0176-2,1.4418532,54.999027,acinar,1,acinar,acinar,human3
human3_lib4.final_cell_0177-2,-57.97595,-2.4768152,acinar,3,ductal,ductal,human3
human3_lib4.final_cell_0178-2,-61.289906,-8.2825575,ductal,3,ductal,ductal,human3
human3_lib4.final_cell_0179-2,0.92373383,58.123043,acinar,1,acinar,acinar,human3
human3_lib4.final_cell_0180-2,-12.667485,11.890524,delta,8,delta,delta,human3
human3_lib4.final_cell_0181-2,-64.718025,-11.419139,ductal,3,ductal,ductal,human3
human3_lib4.final_cell_0182-2,-9.616877,77.15572,acinar,1,acinar,acinar,human3
human3_lib4.final_cell_0183-2,-13.140338,24.121365,delta,8,delta,delta,human3
human3_lib4.final_cell_0184-2,-35.007698,13.296476,acinar,15,epsilon,quiescent_stellate,human3
human3_lib4.final_cell_0185-2,9.572362,-64.71861,alpha,11,alpha,alpha,human3
human3_lib4.final_cell_0186-2,30.045492,-58.567005,alpha,11,alpha,alpha,human3
human3_lib4.final_cell_0187-2,-12.616871,55.586166,acinar,1,acinar,acinar,human3
human3_lib4.final_cell_0188-2,-1.319138,16.967201,beta,8,delta,delta,human3
human3_lib4.final_cell_0189-2,28.854324,-70.66327,alpha,11,alpha,alpha,human3
human3_lib4.final_cell_0190-2,-7.942925,61.627705,acinar,1,acinar,acinar,human3
human3_lib4.final_cell_0191-2,-53.899536,-9.315567,ductal,3,ductal,ductal,human3
human3_lib4.final_cell_0192-2,-14.304887,13.052489,delta,8,delta,delta,human3
human3_lib4.final_cell_0193-2,67.49221,-0.59930074,beta,12,beta,beta,human3
human3_lib4.final_cell_0194-2,77.883575,-28.767418,beta,12,beta,beta,human3
human3_lib4.final_cell_0195-2,-2.9626822,66.340126,acinar,1,acinar,acinar,human3
human3_lib4.final_cell_0196-2,58.356533,-11.239653,beta,12,beta,beta,human3
human3_lib4.final_cell_0197-2,-17.360952,68.667496,acinar,1,acinar,acinar,human3
human3_lib4.final_cell_0198-2,-10.1101265,65.97044,acinar,1,acinar,acinar,human3
human3_lib4.final_cell_0199-2,-20.469467,71.20461,acinar,1,acinar,acinar,human3
human3_lib4.final_cell_0200-2,-28.90965,63.668766,acinar,1,acinar,acinar,human3
human3_lib4.final_cell_0201-2,55.536938,-14.332935,beta,12,beta,beta,human3
human3_lib4.final_cell_0202-2,-9.521494,25.576296,delta,8,delta,delta,human3
human3_lib4.final_cell_0203-2,-12.6398735,13.588636,delta,8,delta,delta,human3
human3_lib4.final_cell_0204-2,-64.8267,-0.4460451,ductal,3,ductal,ductal,human3
human3_lib4.final_cell_0205-2,76.139984,-6.061011,beta,12,beta,beta,human3
human3_lib4.final_cell_0206-2,-34.703293,-34.725456,alpha,11,alpha,alpha,human3
human3_lib4.final_cell_0207-2,5.7447186,57.095108,acinar,1,acinar,acinar,human3
human3_lib4.final_cell_0208-2,84.200584,-17.679678,beta,12,beta,beta,human3
human3_lib4.final_cell_0209-2,33.360092,-62.783592,alpha,11,alpha,alpha,human3
human3_lib4.final_cell_0210-2,-57.848618,-13.185401,ductal,3,ductal,ductal,human3
human3_lib4.final_cell_0211-2,-7.320082,61.13142,acinar,1,acinar,acinar,human3
human3_lib4.final_cell_0212-2,-11.724252,16.775524,delta,8,delta,delta,human3
human3_lib4.final_cell_0213-2,0.6662016,65.5467,acinar,1,acinar,acinar,human3
human3_lib4.final_cell_0214-2,-17.13498,55.302036,acinar,1,acinar,acinar,human3
human3_lib4.final_cell_0215-2,79.28484,-19.791977,beta,12,beta,beta,human3
human3_lib4.final_cell_0216-2,29.395838,-56.402763,alpha,11,alpha,alpha,human3
human3_lib4.final_cell_0217-2,20.940138,-65.53417,alpha,11,alpha,alpha,human3
human3_lib4.final_cell_0218-2,70.63135,-2.762419,beta,12,beta,beta,human3
human3_lib4.final_cell_0219-2,1.9123921,56.14693,acinar,1,acinar,acinar,human3
human3_lib4.final_cell_0220-2,-43.79313,-61.784275,gamma,7,gamma,gamma,human3
human3_lib4.final_cell_0221-2,24.186466,-69.151146,alpha,11,alpha,alpha,human3
human3_lib4.final_cell_0222-2,-32.086555,-44.89484,alpha,11,alpha,alpha,human3
human3_lib4.final_cell_0223-2,82.2082,-15.486006,beta,12,beta,beta,human3
human3_lib4.final_cell_0224-2,-6.2217617,59.96805,acinar,1,acinar,acinar,human3
human3_lib4.final_cell_0225-2,61.53897,-7.898522,beta,12,beta,beta,human3
human3_lib4.final_cell_0226-2,80.372116,-22.61964,beta,12,beta,beta,human3
human3_lib4.final_cell_0227-2,71.84351,-0.74765766,beta,12,beta,beta,human3
human3_lib4.final_cell_0228-2,-8.670848,58.88767,acinar,1,acinar,acinar,human3
human3_lib4.final_cell_0229-2,68.78918,-4.5696917,beta,12,beta,beta,human3
human3_lib4.final_cell_0230-2,-13.903486,18.838293,delta,8,delta,delta,human3
human3_lib4.final_cell_0231-2,7.0640693,-62.37466,alpha,11,alpha,alpha,human3
human3_lib4.final_cell_0232-2,-72.24414,-9.932412,ductal,3,ductal,ductal,human3
human3_lib4.final_cell_0233-2,-11.315689,77.72711,acinar,1,acinar,acinar,human3
human3_lib4.final_cell_0234-2,-8.337581,64.210014,acinar,1,acinar,acinar,human3
human3_lib4.final_cell_0235-2,-6.1620216,16.746386,delta,8,delta,delta,human3
human3_lib4.final_cell_0236-2,80.49576,-34.002853,beta,12,beta,beta,human3
human3_lib4.final_cell_0237-2,-32.24302,13.4908,quiescent_stellate,15,epsilon,quiescent_stellate,human3
human3_lib4.final_cell_0238-2,-5.6654663,-65.49668,alpha,11,alpha,alpha,human3
human3_lib4.final_cell_0239-2,-72.06077,40.203358,ductal,2,Unmatched_2,ductal,human3
human3_lib4.final_cell_0240-2,66.53978,-1.5760792,beta,12,beta,beta,human3
human3_lib4.final_cell_0241-2,34.20457,-62.455536,alpha,11,alpha,alpha,human3
human3_lib4.final_cell_0242-2,-8.534382,62.877037,acinar,1,acinar,acinar,human3
human3_lib4.final_cell_0243-2,72.79491,-4.403819,beta,12,beta,beta,human3
human3_lib4.final_cell_0244-2,77.939606,-32.470966,beta,12,beta,beta,human3
human3_lib4.final_cell_0245-2,17.857437,-62.82637,alpha,11,alpha,alpha,human3
human3_lib4.final_cell_0246-2,29.065874,-56.06986,alpha,11,alpha,alpha,human3
human3_lib4.final_cell_0247-2,32.185997,-58.425697,alpha,11,alpha,alpha,human3
human3_lib4.final_cell_0248-2,-33.36479,-32.22456,alpha,11,alpha,alpha,human3
human3_lib4.final_cell_0249-2,-64.083084,-8.788262,ductal,3,ductal,ductal,human3
human3_lib4.final_cell_0250-2,26.061241,-58.576935,alpha,11,alpha,alpha,human3
human3_lib4.final_cell_0251-2,87.51923,-23.352633,beta,12,beta,beta,human3
human3_lib4.final_cell_0252-2,31.160591,-54.081944,alpha,11,alpha,alpha,human3
human3_lib4.final_cell_0253-2,-32.334484,-43.203514,alpha,11,alpha,alpha,human3
human3_lib4.final_cell_0254-2,68.06702,-0.7324004,beta,12,beta,beta,human3
human3_lib4.final_cell_0255-2,-28.126253,-0.30714095,activated_stellate,10,activated_stellate,activated_stellate,human3
human3_lib4.final_cell_0256-2,15.117478,-55.820564,alpha,11,alpha,alpha,human3
human3_lib4.final_cell_0257-2,63.61417,-6.8365874,beta,12,beta,beta,human3
human3_lib4.final_cell_0258-2,-29.270744,-44.327858,alpha,11,alpha,alpha,human3
human3_lib4.final_cell_0259-2,21.15819,-56.272343,alpha,11,alpha,alpha,human3
human3_lib4.final_cell_0260-2,-37.170116,-28.707966,alpha,11,alpha,alpha,human3
human3_lib4.final_cell_0261-2,-37.109383,-73.23368,gamma,7,gamma,gamma,human3
human3_lib4.final_cell_0262-2,-56.462696,-16.499247,ductal,3,ductal,ductal,human3
human3_lib4.final_cell_0263-2,80.72192,-21.177235,beta,12,beta,beta,human3
human3_lib4.final_cell_0264-2,82.371254,-31.306587,beta,12,beta,beta,human3
human3_lib4.final_cell_0265-2,86.43357,-7.872426,beta,12,beta,beta,human3
human3_lib4.final_cell_0266-2,-70.60062,-9.26865,ductal,3,ductal,ductal,human3
human3_lib4.final_cell_0267-2,-60.387497,-8.167339,ductal,3,ductal,ductal,human3
human3_lib4.final_cell_0268-2,86.38461,-8.976827,beta,12,beta,beta,human3
human3_lib4.final_cell_0269-2,-8.887263,71.94446,acinar,1,acinar,acinar,human3
human3_lib4.final_cell_0270-2,6.945688,65.27152,acinar,1,acinar,acinar,human3
human3_lib4.final_cell_0271-2,-69.65015,-11.299606,ductal,3,ductal,ductal,human3
human3_lib4.final_cell_0272-2,-13.654632,76.86003,acinar,1,acinar,acinar,human3
human3_lib4.final_cell_0273-2,6.2752237,-73.50322,alpha,11,alpha,alpha,human3
human3_lib4.final_cell_0274-2,-62.87775,-6.4819274,ductal,3,ductal,ductal,human3
human3_lib4.final_cell_0275-2,81.52649,-26.650448,beta,12,beta,beta,human3
human3_lib4.final_cell_0276-2,32.60086,-61.121418,alpha,11,alpha,alpha,human3
human3_lib4.final_cell_0277-2,5.8315206,59.374245,acinar,1,acinar,acinar,human3
human3_lib4.final_cell_0278-2,-6.4449606,8.6720495,delta,8,delta,delta,human3
human3_lib4.final_cell_0279-2,83.62522,-24.655903,beta,12,beta,beta,human3
human3_lib4.final_cell_0280-2,-35.18153,-33.921246,alpha,11,alpha,alpha,human3
human3_lib4.final_cell_0281-2,71.255875,2.6149006,beta,12,beta,beta,human3
human3_lib4.final_cell_0282-2,64.73105,-8.530618,beta,12,beta,beta,human3
human3_lib4.final_cell_0283-2,-4.6773663,12.850146,epsilon,8,delta,delta,human3
human3_lib4.final_cell_0284-2,-59.2966,-15.457911,ductal,3,ductal,ductal,human3
human3_lib4.final_cell_0285-2,83.45816,-14.58629,beta,12,beta,beta,human3
human3_lib4.final_cell_0286-2,83.29789,-10.821029,beta,12,beta,beta,human3
human3_lib4.final_cell_0287-2,8.304601,59.43559,acinar,1,acinar,acinar,human3
human3_lib4.final_cell_0288-2,7.275448,-66.42633,alpha,11,alpha,alpha,human3
human3_lib4.final_cell_0289-2,65.84053,-1.3491867,beta,12,beta,beta,human3
human3_lib4.final_cell_0290-2,-23.147604,-45.808224,alpha,11,alpha,alpha,human3
human3_lib4.final_cell_0291-2,82.5727,-3.5172517,beta,12,beta,beta,human3
human3_lib4.final_cell_0292-2,-1.9729997,67.43965,acinar,1,acinar,acinar,human3
human3_lib4.final_cell_0293-2,76.78653,-8.092574,beta,12,beta,beta,human3
human3_lib4.final_cell_0294-2,-31.428339,-43.69627,alpha,11,alpha,alpha,human3
human3_lib4.final_cell_0295-2,83.27785,-15.679394,beta,12,beta,beta,human3
human3_lib4.final_cell_0296-2,-14.741767,14.0977,delta,8,delta,delta,human3
human3_lib4.final_cell_0297-2,-21.165628,-45.43559,alpha,11,alpha,alpha,human3
human3_lib4.final_cell_0298-2,34.987503,-12.298032,beta,12,beta,beta,human3
human3_lib4.final_cell_0299-2,83.62191,-8.180063,beta,12,beta,beta,human3
human3_lib4.final_cell_0300-2,-10.110727,72.802826,acinar,1,acinar,acinar,human3
human3_lib4.final_cell_0301-2,74.01858,-0.11442901,beta,12,beta,beta,human3
human3_lib4.final_cell_0302-2,-50.360535,-59.20037,alpha,7,gamma,gamma,human3
human3_lib4.final_cell_0303-2,-32.18964,1.2196796,activated_stellate,10,activated_stellate,activated_stellate,human3
human3_lib4.final_cell_0304-2,-13.673444,-58.857582,alpha,11,alpha,alpha,human3
human3_lib4.final_cell_0305-2,-10.838901,-65.16176,alpha,11,alpha,alpha,human3
human3_lib4.final_cell_0306-2,44.293507,-18.307549,beta,12,beta,beta,human3
human3_lib4.final_cell_0307-2,-57.68217,-9.5913725,ductal,3,ductal,ductal,human3
human3_lib4.final_cell_0308-2,80.14684,-2.4716785,beta,12,beta,beta,human3
human3_lib4.final_cell_0309-2,75.10643,-6.8082876,beta,12,beta,beta,human3
human3_lib4.final_cell_0310-2,-23.325981,-43.487034,alpha,11,alpha,alpha,human3
human3_lib4.final_cell_0311-2,-58.998116,-13.308411,ductal,3,ductal,ductal,human3
human3_lib4.final_cell_0312-2,80.66143,-5.052249,beta,12,beta,beta,human3
human3_lib4.final_cell_0313-2,54.94423,-10.524662,beta,12,beta,beta,human3
human3_lib4.final_cell_0314-2,-63.96472,-7.0937324,ductal,3,ductal,ductal,human3
human3_lib4.final_cell_0315-2,-53.546394,-9.076023,ductal,3,ductal,ductal,human3
human3_lib4.final_cell_0316-2,-59.179733,-6.8316903,ductal,3,ductal,ductal,human3
human3_lib4.final_cell_0317-2,-59.39938,-3.8269658,ductal,3,ductal,ductal,human3
human3_lib4.final_cell_0318-2,7.733154,54.33712,acinar,1,acinar,acinar,human3
human3_lib4.final_cell_0319-2,3.4551113,-64.05869,alpha,11,alpha,alpha,human3
human3_lib4.final_cell_0320-2,-41.696033,-65.16862,alpha,7,gamma,gamma,human3
human3_lib4.final_cell_0321-2,82.351715,-24.355694,beta,12,beta,beta,human3
human3_lib4.final_cell_0322-2,-9.630345,12.216917,delta,8,delta,delta,human3
human3_lib4.final_cell_0323-2,79.416916,-21.646776,beta,12,beta,beta,human3
human3_lib4.final_cell_0324-2,72.81457,2.481345,beta,12,beta,beta,human3
human3_lib4.final_cell_0325-2,-32.533955,-34.44675,alpha,11,alpha,alpha,human3
human3_lib4.final_cell_0326-2,20.994774,-73.71346,alpha,11,alpha,alpha,human3
human3_lib4.final_cell_0327-2,-38.135193,17.715311,activated_stellate,15,epsilon,quiescent_stellate,human3
human3_lib4.final_cell_0328-2,5.465834,-57.747303,alpha,11,alpha,alpha,human3
human3_lib4.final_cell_0329-2,82.58368,-17.360338,beta,12,beta,beta,human3
human3_lib4.final_cell_0330-2,74.75959,-10.734421,beta,12,beta,beta,human3
human3_lib4.final_cell_0331-2,-13.665065,-61.655903,alpha,11,alpha,alpha,human3
human3_lib4.final_cell_0332-2,-60.076836,-0.5302943,ductal,3,ductal,ductal,human3
human3_lib4.final_cell_0333-2,-11.396626,-64.49834,alpha,11,alpha,alpha,human3
human3_lib4.final_cell_0334-2,27.555195,-78.11275,alpha,11,alpha,alpha,human3
human3_lib4.final_cell_0335-2,-61.519638,-1.9808676,ductal,3,ductal,ductal,human3
human3_lib4.final_cell_0336-2,-24.236822,-35.058033,alpha,11,alpha,alpha,human3
human3_lib4.final_cell_0337-2,68.618675,-4.8136477,beta,12,beta,beta,human3
human3_lib4.final_cell_0338-2,1.3955914,-69.783905,alpha,11,alpha,alpha,human3
human3_lib4.final_cell_0339-2,-64.45007,-4.3478956,ductal,3,ductal,ductal,human3
human3_lib4.final_cell_0340-2,-9.753033,9.91424,delta,8,delta,delta,human3
human3_lib4.final_cell_0341-2,75.6294,-27.015284,beta,12,beta,beta,human3
human3_lib4.final_cell_0342-2,-9.032322,81.56016,acinar,1,acinar,acinar,human3
human3_lib4.final_cell_0343-2,-37.452114,4.2882504,activated_stellate,10,activated_stellate,activated_stellate,human3
human3_lib4.final_cell_0344-2,87.83939,-22.894697,beta,12,beta,beta,human3
human3_lib4.final_cell_0345-2,-11.845955,61.466297,acinar,1,acinar,acinar,human3
human3_lib4.final_cell_0346-2,60.53725,-12.570799,beta,12,beta,beta,human3
human3_lib4.final_cell_0347-2,82.19615,-2.9655025,beta,12,beta,beta,human3
human3_lib4.final_cell_0348-2,71.544655,-1.2519133,beta,12,beta,beta,human3
human3_lib4.final_cell_0349-2,26.152136,-69.867966,alpha,11,alpha,alpha,human3
human3_lib4.final_cell_0350-2,81.2939,-2.1440172,beta,12,beta,beta,human3
human3_lib4.final_cell_0351-2,14.63777,-59.956787,alpha,11,alpha,alpha,human3
human3_lib4.final_cell_0352-2,-55.92635,-11.566398,ductal,3,ductal,ductal,human3
human3_lib4.final_cell_0353-2,-11.30354,10.264857,delta,8,delta,delta,human3
human3_lib4.final_cell_0354-2,88.18714,-21.291992,beta,12,beta,beta,human3
human3_lib4.final_cell_0355-2,-10.388443,61.601593,acinar,1,acinar,acinar,human3
human3_lib4.final_cell_0356-2,-15.576201,76.18644,acinar,1,acinar,acinar,human3
human3_lib4.final_cell_0357-2,70.3905,-0.5561221,beta,12,beta,beta,human3
human3_lib4.final_cell_0358-2,9.239972,57.18478,acinar,1,acinar,acinar,human3
human3_lib4.final_cell_0359-2,-61.46749,-1.8785503,ductal,3,ductal,ductal,human3
human3_lib4.final_cell_0360-2,22.360834,-65.38116,alpha,11,alpha,alpha,human3
human3_lib4.final_cell_0361-2,-73.71678,-9.215646,ductal,3,ductal,ductal,human3
human3_lib4.final_cell_0362-2,76.19877,-11.226903,beta,12,beta,beta,human3
human3_lib4.final_cell_0363-2,-2.7367015,-65.9781,alpha,11,alpha,alpha,human3
human3_lib4.final_cell_0364-2,68.72558,-5.059077,beta,12,beta,beta,human3
human3_lib4.final_cell_0365-2,-14.723085,62.310257,acinar,1,acinar,acinar,human3
human3_lib4.final_cell_0366-2,-20.806595,-44.009075,alpha,11,alpha,alpha,human3
human3_lib4.final_cell_0367-2,8.80361,-57.806007,alpha,11,alpha,alpha,human3
human3_lib4.final_cell_0368-2,-11.961105,79.47022,acinar,1,acinar,acinar,human3
human3_lib4.final_cell_0369-2,17.969954,-56.29704,alpha,11,alpha,alpha,human3
human3_lib4.final_cell_0370-2,10.009778,-60.060215,alpha,11,alpha,alpha,human3
human3_lib4.final_cell_0371-2,-13.505241,66.87319,acinar,1,acinar,acinar,human3
human3_lib4.final_cell_0372-2,25.38887,-77.88478,alpha,11,alpha,alpha,human3
human3_lib4.final_cell_0373-2,83.349335,-12.870826,beta,12,beta,beta,human3
human3_lib4.final_cell_0374-2,63.803127,-6.5041127,beta,12,beta,beta,human3
human3_lib4.final_cell_0375-2,16.726091,-68.377945,alpha,11,alpha,alpha,human3
human3_lib4.final_cell_0376-2,-49.90214,-69.360985,alpha,7,gamma,gamma,human3
human3_lib4.final_cell_0377-2,-53.114952,38.24282,endothelial,0,endothelial,endothelial,human3
human3_lib4.final_cell_0378-2,-33.974174,-42.236168,alpha,11,alpha,alpha,human3
human3_lib4.final_cell_0379-2,-7.5790563,16.863825,delta,8,delta,delta,human3
human3_lib4.final_cell_0380-2,85.65,-17.015448,beta,12,beta,beta,human3
human3_lib4.final_cell_0381-2,-27.926079,69.28915,acinar,1,acinar,acinar,human3
human3_lib4.final_cell_0382-2,5.774421,-61.795883,alpha,11,alpha,alpha,human3
human3_lib4.final_cell_0383-2,-19.859365,70.79753,acinar,1,acinar,acinar,human3
human3_lib4.final_cell_0384-2,-65.194984,-8.790876,ductal,3,ductal,ductal,human3
human3_lib4.final_cell_0385-2,68.3966,-3.973969,beta,12,beta,beta,human3
human3_lib4.final_cell_0386-2,79.284744,-25.790379,beta,12,beta,beta,human3
human3_lib4.final_cell_0387-2,78.91733,-3.9364603,beta,12,beta,beta,human3
human3_lib4.final_cell_0388-2,85.80677,-22.772604,beta,12,beta,beta,human3
human3_lib4.final_cell_0389-2,-32.620144,-43.124584,alpha,11,alpha,alpha,human3
human3_lib4.final_cell_0390-2,-0.9204836,-64.573845,alpha,11,alpha,alpha,human3
human3_lib4.final_cell_0391-2,-59.13592,-8.417935,ductal,3,ductal,ductal,human3
human3_lib4.final_cell_0392-2,51.134125,-15.183237,beta,12,beta,beta,human3
human3_lib4.final_cell_0393-2,-52.607746,38.605553,endothelial,0,endothelial,endothelial,human3
human3_lib4.final_cell_0394-2,-54.897327,-14.62813,ductal,3,ductal,ductal,human3
human3_lib4.final_cell_0395-2,12.094369,-65.25919,alpha,11,alpha,alpha,human3
human3_lib4.final_cell_0396-2,-55.41593,-5.236164,ductal,3,ductal,ductal,human3
human3_lib4.final_cell_0397-2,-17.099422,-60.57833,alpha,11,alpha,alpha,human3
human3_lib4.final_cell_0398-2,-47.164696,-58.54001,alpha,7,gamma,gamma,human3
human3_lib4.final_cell_0399-2,-18.06077,53.16102,beta,1,acinar,acinar,human3
human3_lib4.final_cell_0400-2,-6.68905,-63.71694,alpha,11,alpha,alpha,human3
human3_lib4.final_cell_0401-2,-37.503113,-34.04251,alpha,11,alpha,alpha,human3
human3_lib4.final_cell_0402-2,-46.753494,-71.846985,gamma,7,gamma,gamma,human3
human3_lib4.final_cell_0403-2,-53.544754,-6.532701,ductal,3,ductal,ductal,human3
human3_lib4.final_cell_0404-2,31.285118,-58.695282,alpha,11,alpha,alpha,human3
human3_lib4.final_cell_0405-2,-3.3109152,55.294807,acinar,1,acinar,acinar,human3
human3_lib4.final_cell_0406-2,4.267471,55.769737,acinar,1,acinar,acinar,human3
human3_lib4.final_cell_0407-2,-27.97728,61.657066,acinar,1,acinar,acinar,human3
human3_lib4.final_cell_0408-2,7.7372417,-66.93518,alpha,11,alpha,alpha,human3
human3_lib4.final_cell_0409-2,6.184733,-69.3881,alpha,11,alpha,alpha,human3
human3_lib4.final_cell_0410-2,7.1737704,-71.05152,alpha,11,alpha,alpha,human3
human3_lib4.final_cell_0411-2,-54.73059,-3.754838,ductal,3,ductal,ductal,human3
human3_lib4.final_cell_0412-2,-63.16934,-12.269089,ductal,3,ductal,ductal,human3
human3_lib4.final_cell_0413-2,-11.409091,12.634059,delta,8,delta,delta,human3
human3_lib4.final_cell_0414-2,8.477103,60.605965,acinar,1,acinar,acinar,human3
human3_lib4.final_cell_0415-2,22.151136,-58.765266,alpha,11,alpha,alpha,human3
human3_lib4.final_cell_0416-2,32.06173,-58.53257,alpha,11,alpha,alpha,human3
human3_lib4.final_cell_0417-2,6.700307,-51.678616,alpha,11,alpha,alpha,human3
human3_lib4.final_cell_0418-2,-7.778248,68.78888,acinar,1,acinar,acinar,human3
human3_lib4.final_cell_0419-2,23.149347,-69.77915,alpha,11,alpha,alpha,human3
human3_lib4.final_cell_0420-2,56.068165,-11.68577,beta,12,beta,beta,human3
human3_lib4.final_cell_0421-2,34.682453,-61.74573,alpha,11,alpha,alpha,human3
human3_lib4.final_cell_0422-2,80.80216,-18.089556,beta,12,beta,beta,human3
human3_lib4.final_cell_0423-2,28.365036,-57.866302,alpha,11,alpha,alpha,human3
human3_lib4.final_cell_0424-2,-63.867268,-8.464684,ductal,3,ductal,ductal,human3
human3_lib4.final_cell_0425-2,-31.101774,-39.021877,alpha,11,alpha,alpha,human3
human3_lib4.final_cell_0426-2,-58.83068,-16.994635,ductal,3,ductal,ductal,human3
human3_lib4.final_cell_0427-2,78.245186,-19.629648,beta,12,beta,beta,human3
human3_lib4.final_cell_0428-2,-6.8960714,-65.42788,alpha,11,alpha,alpha,human3
human3_lib4.final_cell_0429-2,80.29268,-27.860071,beta,12,beta,beta,human3
human3_lib4.final_cell_0430-2,77.77061,-32.929165,beta,12,beta,beta,human3
human3_lib4.final_cell_0431-2,30.092976,-55.078327,alpha,11,alpha,alpha,human3
human3_lib4.final_cell_0432-2,-27.389845,-46.65975,alpha,11,alpha,alpha,human3
human3_lib4.final_cell_0433-2,15.414624,-67.75269,alpha,11,alpha,alpha,human3
human3_lib4.final_cell_0434-2,-71.44839,42.13821,ductal,2,Unmatched_2,ductal,human3
human3_lib4.final_cell_0435-2,-13.305286,13.710079,delta,8,delta,delta,human3
human3_lib4.final_cell_0436-2,-87.85519,17.311146,alpha,5,t_cell,t_cell,human3
human3_lib4.final_cell_0437-2,9.352128,-67.27746,alpha,11,alpha,alpha,human3
human3_lib4.final_cell_0438-2,-33.90418,-42.895596,alpha,11,alpha,alpha,human3
human3_lib4.final_cell_0439-2,-46.619743,-71.27813,alpha,7,gamma,gamma,human3
human3_lib4.final_cell_0440-2,-25.333689,-46.493618,alpha,11,alpha,alpha,human3
human3_lib4.final_cell_0441-2,12.26088,-64.0663,alpha,11,alpha,alpha,human3
human3_lib4.final_cell_0442-2,-61.169914,0.9026632,ductal,3,ductal,ductal,human3
human3_lib4.final_cell_0443-2,-73.4197,-16.187752,ductal,3,ductal,ductal,human3
human3_lib4.final_cell_0444-2,-58.275856,-9.798977,ductal,3,ductal,ductal,human3
human3_lib4.final_cell_0445-2,-3.039118,66.19398,acinar,1,acinar,acinar,human3
human3_lib4.final_cell_0446-2,33.574776,-57.097645,alpha,11,alpha,alpha,human3
human3_lib4.final_cell_0447-2,-55.009373,0.6644035,ductal,3,ductal,ductal,human3
human3_lib4.final_cell_0448-2,-32.275738,-42.353584,alpha,11,alpha,alpha,human3
human3_lib4.final_cell_0449-2,-34.770905,4.5783095,activated_stellate,10,activated_stellate,activated_stellate,human3
human3_lib4.final_cell_0450-2,75.46026,-26.311138,beta,12,beta,beta,human3
human3_lib4.final_cell_0451-2,-43.66855,-59.498016,gamma,7,gamma,gamma,human3
human3_lib4.final_cell_0452-2,83.34045,-13.623161,beta,12,beta,beta,human3
human3_lib4.final_cell_0453-2,-25.819311,-41.62774,alpha,11,alpha,alpha,human3
human3_lib4.final_cell_0454-2,29.784061,-60.06748,alpha,11,alpha,alpha,human3
human3_lib4.final_cell_0455-2,-37.072117,3.2859862,activated_stellate,10,activated_stellate,activated_stellate,human3
human3_lib4.final_cell_0456-2,20.21314,-64.48358,alpha,11,alpha,alpha,human3
human3_lib4.final_cell_0457-2,-36.15836,22.111929,quiescent_stellate,13,quiescent_stellate,quiescent_stellate,human3
human3_lib4.final_cell_0458-2,22.415388,-58.84145,alpha,11,alpha,alpha,human3
human3_lib4.final_cell_0459-2,0.2779571,50.49186,acinar,1,acinar,acinar,human3
human3_lib4.final_cell_0460-2,-20.699818,-44.516666,alpha,11,alpha,alpha,human3
human3_lib4.final_cell_0461-2,-3.3745835,-35.15809,alpha,11,alpha,alpha,human3
human3_lib4.final_cell_0462-2,71.21578,-3.5149732,beta,12,beta,beta,human3
human3_lib4.final_cell_0463-2,82.46567,-31.216566,beta,12,beta,beta,human3
human3_lib4.final_cell_0464-2,31.017311,-77.93657,alpha,11,alpha,alpha,human3
human3_lib4.final_cell_0465-2,54.694683,-12.367148,beta,12,beta,beta,human3
human3_lib4.final_cell_0466-2,4.2962165,65.98068,acinar,1,acinar,acinar,human3
human3_lib4.final_cell_0467-2,73.86909,-5.384807,beta,12,beta,beta,human3
human3_lib4.final_cell_0468-2,-70.05728,-4.612913,ductal,3,ductal,ductal,human3
human3_lib4.final_cell_0469-2,-55.64067,-8.2652025,ductal,3,ductal,ductal,human3
human3_lib4.final_cell_0470-2,84.76567,-24.431442,beta,12,beta,beta,human3
human3_lib4.final_cell_0471-2,0.13813049,-71.87552,alpha,11,alpha,alpha,human3
human3_lib4.final_cell_0472-2,75.806404,-37.669132,beta,12,beta,beta,human3
human3_lib4.final_cell_0473-2,68.84496,-2.4962738,beta,12,beta,beta,human3
human3_lib4.final_cell_0474-2,-69.7779,-14.638431,ductal,3,ductal,ductal,human3
human3_lib4.final_cell_0475-2,51.984974,-13.315936,beta,12,beta,beta,human3
human3_lib4.final_cell_0476-2,82.98969,-22.74289,beta,12,beta,beta,human3
human3_lib4.final_cell_0477-2,26.564104,-58.391262,alpha,11,alpha,alpha,human3
human3_lib4.final_cell_0478-2,-53.163136,-13.393285,ductal,3,ductal,ductal,human3
human3_lib4.final_cell_0479-2,-10.223236,-62.72181,alpha,11,alpha,alpha,human3
human3_lib4.final_cell_0480-2,-88.49644,15.950665,macrophage,6,macrophage,macrophage,human3
human3_lib4.final_cell_0481-2,87.37319,-18.847637,beta,12,beta,beta,human3
human3_lib4.final_cell_0482-2,86.376656,-9.088846,beta,12,beta,beta,human3
human3_lib4.final_cell_0483-2,-21.862146,-46.16987,alpha,11,alpha,alpha,human3
human3_lib4.final_cell_0484-2,12.244544,-65.564735,alpha,11,alpha,alpha,human3
human3_lib4.final_cell_0485-2,24.910702,-74.66213,alpha,11,alpha,alpha,human3
human3_lib4.final_cell_0486-2,5.430573,-64.156265,alpha,11,alpha,alpha,human3
human3_lib4.final_cell_0487-2,-58.758945,-14.360512,ductal,3,ductal,ductal,human3
human3_lib4.final_cell_0488-2,-23.56621,-45.086643,alpha,11,alpha,alpha,human3
human3_lib4.final_cell_0489-2,-57.434395,-14.348862,ductal,3,ductal,ductal,human3
human3_lib4.final_cell_0490-2,-35.242397,20.976313,quiescent_stellate,13,quiescent_stellate,quiescent_stellate,human3
human3_lib4.final_cell_0491-2,-73.66281,42.21626,ductal,2,Unmatched_2,ductal,human3
human3_lib4.final_cell_0492-2,-20.941668,-45.636086,alpha,11,alpha,alpha,human3
human3_lib4.final_cell_0493-2,23.042257,-58.368526,alpha,11,alpha,alpha,human3
human3_lib4.final_cell_0494-2,1.8329265,51.203873,acinar,1,acinar,acinar,human3
human3_lib4.final_cell_0495-2,-20.549417,-44.980377,alpha,11,alpha,alpha,human3
human3_lib4.final_cell_0496-2,-17.077137,-61.550316,alpha,11,alpha,alpha,human3
human3_lib4.final_cell_0497-2,-1.5441722,50.921463,beta,1,acinar,acinar,human3
human3_lib4.final_cell_0498-2,3.5225732,-53.207306,alpha,11,alpha,alpha,human3
human3_lib4.final_cell_0499-2,-69.72016,-12.068686,ductal,3,ductal,ductal,human3
human3_lib4.final_cell_0500-2,-1.9494566,-64.81623,alpha,11,alpha,alpha,human3
human3_lib4.final_cell_0501-2,71.21928,-2.7909174,beta,12,beta,beta,human3
human3_lib4.final_cell_0502-2,-26.774899,63.464577,acinar,1,acinar,acinar,human3
human3_lib4.final_cell_0503-2,5.67696,-73.55643,alpha,11,alpha,alpha,human3
human3_lib4.final_cell_0504-2,33.387657,-13.078418,beta,12,beta,beta,human3
human3_lib4.final_cell_0505-2,-18.693613,58.58712,acinar,1,acinar,acinar,human3
human3_lib4.final_cell_0506-2,85.429405,-25.529938,beta,12,beta,beta,human3
human3_lib4.final_cell_0507-2,-59.691055,-8.534974,ductal,3,ductal,ductal,human3
human3_lib4.final_cell_0508-2,84.59715,-4.023982,beta,12,beta,beta,human3
human3_lib4.final_cell_0509-2,13.473797,-58.06499,alpha,11,alpha,alpha,human3
human3_lib4.final_cell_0510-2,1.1758956,-59.535145,alpha,11,alpha,alpha,human3
human3_lib4.final_cell_0511-2,-15.121393,-63.2545,alpha,11,alpha,alpha,human3
human3_lib4.final_cell_0512-2,-5.5609903,60.030575,acinar,1,acinar,acinar,human3
human3_lib4.final_cell_0513-2,-58.74021,-19.261223,ductal,3,ductal,ductal,human3
human3_lib4.final_cell_0514-2,32.352837,-68.90783,alpha,11,alpha,alpha,human3
human3_lib4.final_cell_0515-2,-70.051056,-11.603545,ductal,3,ductal,ductal,human3
human3_lib4.final_cell_0516-2,-25.068068,-44.431957,alpha,11,alpha,alpha,human3
human3_lib4.final_cell_0517-2,-69.31792,-15.204677,ductal,3,ductal,ductal,human3
human3_lib4.final_cell_0518-2,-22.920946,70.613,acinar,1,acinar,acinar,human3
human3_lib4.final_cell_0519-2,3.8572392,65.9312,acinar,1,acinar,acinar,human3
human3_lib4.final_cell_0520-2,-51.708107,-5.8209987,ductal,3,ductal,ductal,human3
human3_lib4.final_cell_0521-2,-32.563362,13.3587475,quiescent_stellate,15,epsilon,quiescent_stellate,human3
human3_lib4.final_cell_0522-2,-23.91091,-39.0738,alpha,11,alpha,alpha,human3
human3_lib4.final_cell_0523-2,-31.146347,-43.880844,alpha,11,alpha,alpha,human3
human3_lib4.final_cell_0524-2,-53.788586,0.26012412,ductal,3,ductal,ductal,human3
human3_lib4.final_cell_0525-2,78.12714,-31.176857,beta,12,beta,beta,human3
human3_lib4.final_cell_0526-2,45.84456,-4.4384975,beta,12,beta,beta,human3
human3_lib4.final_cell_0527-2,9.999587,-69.66404,alpha,11,alpha,alpha,human3
human3_lib4.final_cell_0528-2,86.34352,-7.53042,beta,12,beta,beta,human3
human3_lib4.final_cell_0529-2,-14.031278,11.673179,delta,8,delta,delta,human3
human3_lib4.final_cell_0530-2,-29.275324,1.0203167,activated_stellate,10,activated_stellate,activated_stellate,human3
human3_lib4.final_cell_0531-2,0.6338501,15.471169,delta,8,delta,delta,human3
human3_lib4.final_cell_0532-2,77.80193,-31.369324,beta,12,beta,beta,human3
human3_lib4.final_cell_0533-2,-3.6174529,67.54472,acinar,1,acinar,acinar,human3
human3_lib4.final_cell_0534-2,-76.36281,-5.829703,ductal,3,ductal,ductal,human3
human3_lib4.final_cell_0535-2,17.65675,-62.342022,alpha,11,alpha,alpha,human3
human3_lib4.final_cell_0536-2,-34.467636,2.7349656,activated_stellate,10,activated_stellate,activated_stellate,human3
human3_lib4.final_cell_0537-2,2.6820726,54.52922,acinar,1,acinar,acinar,human3
human3_lib4.final_cell_0538-2,-66.495804,-8.311082,ductal,3,ductal,ductal,human3
human3_lib4.final_cell_0539-2,-23.216463,-41.817875,alpha,11,alpha,alpha,human3
human3_lib4.final_cell_0540-2,-56.867912,-10.994549,ductal,3,ductal,ductal,human3
human3_lib4.final_cell_0541-2,84.20612,-12.164439,beta,12,beta,beta,human3
human3_lib4.final_cell_0542-2,27.204374,-78.344536,alpha,11,alpha,alpha,human3
human3_lib4.final_cell_0543-2,81.37342,-29.804617,beta,12,beta,beta,human3
human3_lib4.final_cell_0544-2,60.46683,-12.694927,beta,12,beta,beta,human3
human3_lib4.final_cell_0545-2,-1.2593682,-62.75697,alpha,11,alpha,alpha,human3
human3_lib4.final_cell_0546-2,-27.69212,-34.97616,alpha,11,alpha,alpha,human3
human3_lib4.final_cell_0547-2,57.883514,-6.995618,beta,12,beta,beta,human3
human3_lib4.final_cell_0548-2,-23.723131,66.45368,acinar,1,acinar,acinar,human3
human3_lib4.final_cell_0549-2,-25.80612,61.55642,acinar,1,acinar,acinar,human3
human3_lib4.final_cell_0550-2,-59.661217,33.140427,endothelial,0,endothelial,endothelial,human3
human3_lib4.final_cell_0551-2,81.53983,-26.124062,beta,12,beta,beta,human3
human3_lib4.final_cell_0552-2,-29.034544,1.0096036,activated_stellate,10,activated_stellate,activated_stellate,human3
human3_lib4.final_cell_0553-2,-27.215097,-36.346275,alpha,11,alpha,alpha,human3
human3_lib4.final_cell_0554-2,24.935686,-75.14337,alpha,11,alpha,alpha,human3
human3_lib4.final_cell_0555-2,-3.1495755,72.41245,acinar,1,acinar,acinar,human3
human3_lib4.final_cell_0556-2,-23.7796,-45.04706,alpha,11,alpha,alpha,human3
human3_lib4.final_cell_0557-2,-0.89335406,-64.81701,alpha,11,alpha,alpha,human3
human3_lib4.final_cell_0558-2,-28.929146,-31.244225,alpha,11,alpha,alpha,human3
human3_lib4.final_cell_0559-2,-35.0641,-33.68226,alpha,11,alpha,alpha,human3
human3_lib4.final_cell_0560-2,75.68629,-27.067024,beta,12,beta,beta,human3
human3_lib4.final_cell_0561-2,1.8687263,51.26147,acinar,1,acinar,acinar,human3
human3_lib4.final_cell_0562-2,26.162727,-72.97439,alpha,11,alpha,alpha,human3
human3_lib4.final_cell_0563-2,52.232426,-3.7456117,beta,15,epsilon,quiescent_stellate,human3
human3_lib4.final_cell_0564-2,-63.457638,-10.943885,ductal,3,ductal,ductal,human3
human3_lib4.final_cell_0565-2,-56.26463,-11.701646,ductal,3,ductal,ductal,human3
human3_lib4.final_cell_0566-2,-56.04554,-4.7228456,ductal,3,ductal,ductal,human3
human3_lib4.final_cell_0567-2,27.343534,-55.328476,alpha,11,alpha,alpha,human3
human3_lib4.final_cell_0568-2,-46.125755,-63.13919,gamma,7,gamma,gamma,human3
human3_lib4.final_cell_0569-2,24.65696,-74.96886,alpha,11,alpha,alpha,human3
human3_lib4.final_cell_0570-2,76.78723,-30.938557,beta,12,beta,beta,human3
human3_lib4.final_cell_0571-2,-33.097534,-41.51908,alpha,11,alpha,alpha,human3
human3_lib4.final_cell_0572-2,-53.5183,37.74379,endothelial,0,endothelial,endothelial,human3
human3_lib4.final_cell_0573-2,-2.2641075,-72.08162,alpha,11,alpha,alpha,human3
human3_lib4.final_cell_0574-2,-90.728615,12.166779,macrophage,6,macrophage,macrophage,human3
human3_lib4.final_cell_0575-2,-1.7483627,55.30437,acinar,1,acinar,acinar,human3
human3_lib4.final_cell_0576-2,-36.897182,3.4447987,activated_stellate,10,activated_stellate,activated_stellate,human3
human3_lib4.final_cell_0577-2,82.89233,-22.338486,beta,12,beta,beta,human3
human3_lib4.final_cell_0578-2,-29.769075,-31.49408,alpha,11,alpha,alpha,human3
human3_lib4.final_cell_0579-2,-22.090155,51.819817,alpha,1,acinar,acinar,human3
human3_lib4.final_cell_0580-2,6.958876,-52.006104,alpha,11,alpha,alpha,human3
human3_lib4.final_cell_0581-2,-52.82541,-6.6515694,ductal,3,ductal,ductal,human3
human3_lib4.final_cell_0582-2,2.579089,-70.13712,alpha,11,alpha,alpha,human3
human3_lib4.final_cell_0583-2,79.03861,-34.419613,beta,12,beta,beta,human3
human3_lib4.final_cell_0584-2,22.24114,-54.965115,alpha,11,alpha,alpha,human3
human3_lib4.final_cell_0585-2,85.54929,-9.966925,beta,12,beta,beta,human3
human3_lib4.final_cell_0586-2,77.40546,-2.585682,beta,12,beta,beta,human3
human3_lib4.final_cell_0587-2,-24.107119,-47.98451,alpha,11,alpha,alpha,human3
human3_lib4.final_cell_0588-2,75.426186,-3.8802278,beta,12,beta,beta,human3
human3_lib4.final_cell_0589-2,-4.676221,8.060504,delta,8,delta,delta,human3
human3_lib4.final_cell_0590-2,22.38038,-73.877686,alpha,11,alpha,alpha,human3
human3_lib4.final_cell_0591-2,-36.676727,5.3905687,activated_stellate,10,activated_stellate,activated_stellate,human3
human3_lib4.final_cell_0592-2,-6.477386,-25.889853,alpha,11,alpha,alpha,human3
human3_lib4.final_cell_0593-2,-36.723476,2.9611,activated_stellate,10,activated_stellate,activated_stellate,human3
human3_lib4.final_cell_0594-2,16.749943,-56.18476,alpha,11,alpha,alpha,human3
human3_lib4.final_cell_0595-2,72.08443,-1.095391,beta,12,beta,beta,human3
human3_lib4.final_cell_0596-2,-29.466333,-34.06485,alpha,11,alpha,alpha,human3
human3_lib4.final_cell_0597-2,-59.19369,-5.9517097,ductal,3,ductal,ductal,human3
human3_lib4.final_cell_0598-2,73.10811,2.0374403,beta,12,beta,beta,human3
human3_lib4.final_cell_0599-2,80.264336,-6.1841683,beta,12,beta,beta,human3
human3_lib4.final_cell_0600-2,-23.968176,51.03471,alpha,1,acinar,acinar,human3
human3_lib4.final_cell_0601-2,-16.866707,74.32171,acinar,1,acinar,acinar,human3
human3_lib4.final_cell_0602-2,17.925816,-51.880337,alpha,11,alpha,alpha,human3
human3_lib4.final_cell_0603-2,-52.99435,39.00994,endothelial,0,endothelial,endothelial,human3
human3_lib4.final_cell_0604-2,77.17029,-6.2820687,beta,12,beta,beta,human3
human3_lib4.final_cell_0605-2,-21.70013,-46.563965,alpha,11,alpha,alpha,human3
human3_lib4.final_cell_0606-2,-30.5525,-31.482872,alpha,11,alpha,alpha,human3
human3_lib4.final_cell_0607-2,-22.004208,-35.425297,alpha,11,alpha,alpha,human3
human3_lib4.final_cell_0608-2,73.80894,-10.462489,beta,12,beta,beta,human3
human3_lib4.final_cell_0609-2,-65.83359,-10.272881,ductal,3,ductal,ductal,human3
human3_lib4.final_cell_0610-2,-24.273724,58.707775,acinar,1,acinar,acinar,human3
human3_lib4.final_cell_0611-2,-18.36556,58.613026,acinar,1,acinar,acinar,human3
human3_lib4.final_cell_0612-2,-25.023018,-47.127438,alpha,11,alpha,alpha,human3
human3_lib4.final_cell_0613-2,-53.46742,28.899904,endothelial,0,endothelial,endothelial,human3
human3_lib4.final_cell_0614-2,-57.139908,-4.970023,ductal,3,ductal,ductal,human3
human3_lib4.final_cell_0615-2,-87.61504,17.920187,acinar,5,t_cell,t_cell,human3
human3_lib4.final_cell_0616-2,65.042206,-6.0534797,beta,12,beta,beta,human3
human3_lib4.final_cell_0617-2,75.654594,-31.054544,beta,12,beta,beta,human3
human3_lib4.final_cell_0618-2,86.165924,-25.717247,beta,12,beta,beta,human3
human3_lib4.final_cell_0619-2,-52.193665,-6.6176386,ductal,3,ductal,ductal,human3
human3_lib4.final_cell_0620-2,-25.323002,-43.537247,alpha,11,alpha,alpha,human3
human3_lib4.final_cell_0621-2,-38.34373,-29.929775,alpha,11,alpha,alpha,human3
human3_lib4.final_cell_0622-2,-2.7931392,58.62705,acinar,1,acinar,acinar,human3
human3_lib4.final_cell_0623-2,-50.522495,-64.98767,gamma,7,gamma,gamma,human3
human3_lib4.final_cell_0624-2,-30.16147,-32.966778,alpha,11,alpha,alpha,human3
human3_lib4.final_cell_0625-2,16.465384,-68.067665,alpha,11,alpha,alpha,human3
human3_lib4.final_cell_0626-2,-4.5844736,58.158375,acinar,1,acinar,acinar,human3
human3_lib4.final_cell_0627-2,7.556382,-64.008606,alpha,11,alpha,alpha,human3
human3_lib4.final_cell_0628-2,-1.7973411,-69.05312,alpha,11,alpha,alpha,human3
human3_lib4.final_cell_0629-2,-29.95135,-44.517376,alpha,11,alpha,alpha,human3
human3_lib4.final_cell_0630-2,71.51941,-0.60127205,beta,12,beta,beta,human3
human3_lib4.final_cell_0631-2,81.3829,-17.219364,beta,12,beta,beta,human3
human3_lib4.final_cell_0632-2,72.89582,-5.3800135,beta,12,beta,beta,human3
human3_lib4.final_cell_0633-2,-12.806172,55.055294,acinar,1,acinar,acinar,human3
human3_lib4.final_cell_0634-2,-35.980656,-64.33891,alpha,7,gamma,gamma,human3
human3_lib4.final_cell_0635-2,84.40485,-28.981777,beta,12,beta,beta,human3
human3_lib4.final_cell_0636-2,-29.091127,69.687485,acinar,1,acinar,acinar,human3
human3_lib4.final_cell_0637-2,-22.78649,-47.145306,alpha,11,alpha,alpha,human3
human3_lib4.final_cell_0638-2,-79.68949,-5.3385854,ductal,3,ductal,ductal,human3
human3_lib4.final_cell_0639-2,-9.562562,-59.58006,alpha,11,alpha,alpha,human3
human3_lib4.final_cell_0640-2,6.94423,-66.266235,alpha,11,alpha,alpha,human3
human3_lib4.final_cell_0641-2,24.389723,-76.160446,alpha,11,alpha,alpha,human3
human3_lib4.final_cell_0642-2,72.65678,-5.4971943,beta,12,beta,beta,human3
human3_lib4.final_cell_0643-2,-10.613654,80.584114,acinar,1,acinar,acinar,human3
human3_lib4.final_cell_0644-2,58.15324,-14.987966,beta,12,beta,beta,human3
human3_lib4.final_cell_0645-2,58.993744,-10.590235,beta,12,beta,beta,human3
human3_lib4.final_cell_0646-2,-29.282284,-39.229206,alpha,11,alpha,alpha,human3
human3_lib4.final_cell_0647-2,1.9283307,52.79442,acinar,1,acinar,acinar,human3
human3_lib4.final_cell_0648-2,-32.08745,0.81191754,activated_stellate,10,activated_stellate,activated_stellate,human3
human3_lib4.final_cell_0649-2,-30.794249,-38.75514,alpha,11,alpha,alpha,human3
human3_lib4.final_cell_0650-2,-34.76845,-32.06049,alpha,11,alpha,alpha,human3
human3_lib4.final_cell_0651-2,11.910312,-63.709705,alpha,11,alpha,alpha,human3
human3_lib4.final_cell_0652-2,18.474297,-53.405327,alpha,11,alpha,alpha,human3
human3_lib4.final_cell_0653-2,-56.809498,-9.5231,ductal,3,ductal,ductal,human3
human3_lib4.final_cell_0654-2,-27.12944,-40.354324,alpha,11,alpha,alpha,human3
human3_lib4.final_cell_0655-2,3.1689227,57.87876,acinar,1,acinar,acinar,human3
human3_lib4.final_cell_0656-2,17.468393,-52.99124,alpha,11,alpha,alpha,human3
human3_lib4.final_cell_0657-2,81.331154,-26.4246,beta,12,beta,beta,human3
human3_lib4.final_cell_0658-2,-8.356735,-59.438496,alpha,11,alpha,alpha,human3
human3_lib4.final_cell_0659-2,21.348108,-66.62929,alpha,11,alpha,alpha,human3
human3_lib4.final_cell_0660-2,19.682096,-56.856182,alpha,11,alpha,alpha,human3
human3_lib4.final_cell_0661-2,33.178703,-75.382,alpha,11,alpha,alpha,human3
human3_lib4.final_cell_0662-2,-2.0070815,69.855896,acinar,1,acinar,acinar,human3
human3_lib4.final_cell_0663-2,88.27346,-22.132076,beta,12,beta,beta,human3
human3_lib4.final_cell_0664-2,-24.34215,-38.206406,alpha,11,alpha,alpha,human3
human3_lib4.final_cell_0665-2,5.073808,63.893448,acinar,1,acinar,acinar,human3
human3_lib4.final_cell_0666-2,13.310769,-64.66034,alpha,11,alpha,alpha,human3
human3_lib4.final_cell_0667-2,-27.50925,65.800514,acinar,1,acinar,acinar,human3
human3_lib4.final_cell_0668-2,-0.5114981,-71.84026,alpha,11,alpha,alpha,human3
human3_lib4.final_cell_0669-2,-7.4075933,-65.26789,alpha,11,alpha,alpha,human3
human3_lib4.final_cell_0670-2,-58.97994,-4.7057996,ductal,3,ductal,ductal,human3
human3_lib4.final_cell_0671-2,79.76022,-27.665571,beta,12,beta,beta,human3
human3_lib4.final_cell_0672-2,80.547516,-20.758793,beta,12,beta,beta,human3
human3_lib4.final_cell_0673-2,2.279901,67.8385,acinar,1,acinar,acinar,human3
human3_lib4.final_cell_0674-2,-11.123091,-64.63921,alpha,11,alpha,alpha,human3
human3_lib4.final_cell_0675-2,-29.345457,0.90305585,activated_stellate,10,activated_stellate,activated_stellate,human3
human3_lib4.final_cell_0676-2,4.805732,-56.667217,alpha,11,alpha,alpha,human3
human3_lib4.final_cell_0677-2,-25.010496,-45.887367,alpha,11,alpha,alpha,human3
human3_lib4.final_cell_0678-2,-29.746035,-38.807632,alpha,11,alpha,alpha,human3
human3_lib4.final_cell_0679-2,84.39345,-12.549746,beta,12,beta,beta,human3
human3_lib4.final_cell_0680-2,75.3442,-36.533356,beta,12,beta,beta,human3
human3_lib4.final_cell_0681-2,-44.30526,-63.135567,gamma,7,gamma,gamma,human3
human3_lib4.final_cell_0682-2,-25.041555,-43.79779,alpha,11,alpha,alpha,human3
human3_lib4.final_cell_0683-2,85.335266,-24.356617,beta,12,beta,beta,human3
human3_lib4.final_cell_0684-2,-35.186195,17.425032,activated_stellate,15,epsilon,quiescent_stellate,human3
human3_lib4.final_cell_0685-2,-2.4013283,70.051445,acinar,1,acinar,acinar,human3
human3_lib4.final_cell_0686-2,-71.87354,-9.457111,ductal,3,ductal,ductal,human3
human3_lib4.final_cell_0687-2,-39.593105,-29.285622,alpha,11,alpha,alpha,human3
human3_lib4.final_cell_0688-2,-33.922737,-41.941986,alpha,11,alpha,alpha,human3
human3_lib4.final_cell_0689-2,51.266037,-14.830092,beta,12,beta,beta,human3
human3_lib4.final_cell_0690-2,-55.8167,-3.5342317,ductal,3,ductal,ductal,human3
human3_lib4.final_cell_0691-2,84.990585,-24.919975,beta,12,beta,beta,human3
human3_lib4.final_cell_0692-2,-14.417972,18.839828,delta,8,delta,delta,human3
human3_lib4.final_cell_0693-2,-56.12891,1.8459755,ductal,3,ductal,ductal,human3
human3_lib4.final_cell_0694-2,4.0766387,64.663704,acinar,1,acinar,acinar,human3
human3_lib4.final_cell_0695-2,-72.61868,43.248383,ductal,2,Unmatched_2,ductal,human3
human3_lib4.final_cell_0696-2,-15.252167,59.147556,acinar,1,acinar,acinar,human3
human3_lib4.final_cell_0697-2,20.347628,-54.806534,alpha,11,alpha,alpha,human3
human3_lib4.final_cell_0698-2,-73.80172,-9.548177,ductal,3,ductal,ductal,human3
human3_lib4.final_cell_0699-2,29.800142,-77.84812,alpha,11,alpha,alpha,human3
human3_lib4.final_cell_0700-2,81.23335,-29.756332,beta,12,beta,beta,human3
human3_lib4.final_cell_0701-2,74.52887,-10.509094,beta,12,beta,beta,human3
human3_lib4.final_cell_0702-2,-87.61792,16.805239,alpha,5,t_cell,t_cell,human3
human3_lib4.final_cell_0703-2,-30.906017,-31.351727,alpha,11,alpha,alpha,human3
human3_lib4.final_cell_0704-2,-24.52021,-35.14546,alpha,11,alpha,alpha,human3
human3_lib4.final_cell_0705-2,-50.714245,27.50399,endothelial,0,endothelial,endothelial,human3
human3_lib4.final_cell_0706-2,-18.57502,58.69691,acinar,1,acinar,acinar,human3
human3_lib4.final_cell_0707-2,-58.626198,-4.9666233,ductal,3,ductal,ductal,human3
human3_lib4.final_cell_0708-2,22.819637,-64.44705,alpha,11,alpha,alpha,human3
human3_lib4.final_cell_0709-2,76.31767,-28.095625,beta,12,beta,beta,human3
human3_lib4.final_cell_0710-2,-56.492706,-11.17098,ductal,3,ductal,ductal,human3
human3_lib4.final_cell_0711-2,17.626432,-51.510414,alpha,11,alpha,alpha,human3
human3_lib4.final_cell_0712-2,-28.192406,-46.596176,alpha,11,alpha,alpha,human3
human3_lib4.final_cell_0713-2,76.27963,-36.636906,beta,12,beta,beta,human3
human3_lib4.final_cell_0714-2,-31.271227,-30.062801,alpha,11,alpha,alpha,human3
human3_lib4.final_cell_0715-2,-64.88517,-9.561523,ductal,3,ductal,ductal,human3
human3_lib4.final_cell_0716-2,77.574814,-7.902292,beta,12,beta,beta,human3
human3_lib4.final_cell_0717-2,-58.461285,2.2362807,ductal,3,ductal,ductal,human3
human3_lib4.final_cell_0718-2,-72.485344,-7.3658423,ductal,3,ductal,ductal,human3
human3_lib4.final_cell_0719-2,-73.89158,-9.1866455,ductal,3,ductal,ductal,human3
human3_lib4.final_cell_0720-2,-5.847592,-65.58924,alpha,11,alpha,alpha,human3
human3_lib4.final_cell_0721-2,6.2429156,-57.17808,alpha,11,alpha,alpha,human3
human3_lib4.final_cell_0722-2,4.026571,-49.94518,alpha,11,alpha,alpha,human3
human3_lib4.final_cell_0723-2,83.16685,-11.467097,beta,12,beta,beta,human3
human3_lib4.final_cell_0724-2,-52.90522,-7.7720523,ductal,3,ductal,ductal,human3
human3_lib4.final_cell_0725-2,29.711226,-77.41434,alpha,11,alpha,alpha,human3
human3_lib4.final_cell_0726-2,-52.83621,38.06663,endothelial,0,endothelial,endothelial,human3
human3_lib4.final_cell_0727-2,30.877869,-55.765335,alpha,11,alpha,alpha,human3
human3_lib4.final_cell_0728-2,-36.65716,19.104916,quiescent_stellate,13,quiescent_stellate,quiescent_stellate,human3
human3_lib4.final_cell_0729-2,80.6835,-18.200087,beta,12,beta,beta,human3
human3_lib4.final_cell_0730-2,-11.892357,11.677671,delta,8,delta,delta,human3
human3_lib4.final_cell_0731-2,-32.39535,-38.663197,alpha,11,alpha,alpha,human3
human3_lib4.final_cell_0732-2,3.3455229,57.279297,acinar,1,acinar,acinar,human3
human3_lib4.final_cell_0733-2,-39.14177,-31.34609,alpha,11,alpha,alpha,human3
human3_lib4.final_cell_0734-2,57.670475,-12.652951,beta,12,beta,beta,human3
human3_lib4.final_cell_0735-2,51.71883,-4.4107842,beta,15,epsilon,quiescent_stellate,human3
human3_lib4.final_cell_0736-2,5.182978,-74.24338,alpha,11,alpha,alpha,human3
human3_lib4.final_cell_0737-2,-37.110447,19.281626,quiescent_stellate,13,quiescent_stellate,quiescent_stellate,human3
human3_lib4.final_cell_0738-2,-28.462908,-29.983837,alpha,11,alpha,alpha,human3
human3_lib4.final_cell_0739-2,55.65214,-12.254677,beta,12,beta,beta,human3
human3_lib4.final_cell_0740-2,-25.069002,-33.117004,alpha,11,alpha,alpha,human3
human3_lib4.final_cell_0741-2,-35.750607,21.044813,quiescent_stellate,13,quiescent_stellate,quiescent_stellate,human3
human3_lib4.final_cell_0742-2,-19.020136,61.099506,acinar,1,acinar,acinar,human3
human3_lib4.final_cell_0743-2,12.088637,-63.563404,alpha,11,alpha,alpha,human3
human3_lib4.final_cell_0744-2,-37.63235,-34.098877,alpha,11,alpha,alpha,human3
human3_lib4.final_cell_0745-2,77.63574,-27.169003,beta,12,beta,beta,human3
human3_lib4.final_cell_0746-2,0.7285533,51.544235,acinar,1,acinar,acinar,human3
human3_lib4.final_cell_0747-2,-11.688275,10.763827,delta,8,delta,delta,human3
human3_lib4.final_cell_0748-2,-9.690783,65.36651,acinar,1,acinar,acinar,human3
human3_lib4.final_cell_0749-2,-23.814613,-44.82449,alpha,11,alpha,alpha,human3
human3_lib4.final_cell_0750-2,33.860916,-73.79687,alpha,11,alpha,alpha,human3
human3_lib4.final_cell_0751-2,-56.925964,-13.818855,ductal,3,ductal,ductal,human3
human3_lib4.final_cell_0752-2,-38.04893,-74.412125,gamma,7,gamma,gamma,human3
human3_lib4.final_cell_0753-2,-58.76383,26.561153,endothelial,0,endothelial,endothelial,human3
human3_lib4.final_cell_0754-2,74.60704,-9.083018,beta,12,beta,beta,human3
human3_lib4.final_cell_0755-2,-26.522831,-40.596264,alpha,11,alpha,alpha,human3
human3_lib4.final_cell_0756-2,2.909396,-70.39523,alpha,11,alpha,alpha,human3
human3_lib4.final_cell_0757-2,-78.04056,-6.3382077,ductal,3,ductal,ductal,human3
human3_lib4.final_cell_0758-2,28.064611,-74.81342,alpha,11,alpha,alpha,human3
human3_lib4.final_cell_0759-2,23.139828,-57.70732,alpha,11,alpha,alpha,human3
human3_lib4.final_cell_0760-2,-26.724548,-32.826206,alpha,11,alpha,alpha,human3
human3_lib4.final_cell_0761-2,73.70332,-10.317989,beta,12,beta,beta,human3
human3_lib4.final_cell_0762-2,3.9843712,51.08528,acinar,1,acinar,acinar,human3
human3_lib4.final_cell_0763-2,-38.679134,-31.046425,alpha,11,alpha,alpha,human3
human3_lib4.final_cell_0764-2,68.39722,-0.3783953,beta,12,beta,beta,human3
human3_lib4.final_cell_0765-2,23.291647,-67.20194,alpha,11,alpha,alpha,human3
human3_lib4.final_cell_0766-2,19.411613,-46.73911,alpha,11,alpha,alpha,human3
human3_lib4.final_cell_0767-2,28.82441,-77.22384,alpha,11,alpha,alpha,human3
human3_lib4.final_cell_0768-2,-75.54072,41.459618,ductal,2,Unmatched_2,ductal,human3
human3_lib4.final_cell_0769-2,-2.0480428,10.8602915,delta,8,delta,delta,human3
human3_lib4.final_cell_0770-2,29.623102,-70.58407,alpha,11,alpha,alpha,human3
human3_lib4.final_cell_0771-2,15.252777,-46.919895,alpha,11,alpha,alpha,human3
human3_lib4.final_cell_0772-2,-31.414028,12.172696,alpha,15,epsilon,quiescent_stellate,human3
human3_lib4.final_cell_0773-2,-15.668271,77.59036,acinar,1,acinar,acinar,human3
human3_lib4.final_cell_0774-2,-52.433903,-5.820827,ductal,3,ductal,ductal,human3
human3_lib4.final_cell_0775-2,-61.22612,-2.3879697,ductal,3,ductal,ductal,human3
human3_lib4.final_cell_0776-2,22.022425,-63.502792,alpha,11,alpha,alpha,human3
human3_lib4.final_cell_0777-2,-49.30519,-61.159023,alpha,7,gamma,gamma,human3
human3_lib4.final_cell_0778-2,22.952368,-76.814445,alpha,11,alpha,alpha,human3
human3_lib4.final_cell_0779-2,4.796988,53.640274,acinar,1,acinar,acinar,human3
human3_lib4.final_cell_0780-2,77.706566,-8.645128,beta,12,beta,beta,human3
human3_lib4.final_cell_0781-2,12.008369,-63.018303,alpha,11,alpha,alpha,human3
human3_lib4.final_cell_0782-2,-48.06206,-63.13484,gamma,7,gamma,gamma,human3
human3_lib4.final_cell_0783-2,5.593133,71.65155,acinar,1,acinar,acinar,human3
human3_lib4.final_cell_0784-2,7.2722793,-65.3788,alpha,11,alpha,alpha,human3
human3_lib4.final_cell_0785-2,-46.5798,-71.38609,gamma,7,gamma,gamma,human3
human3_lib4.final_cell_0786-2,-43.261425,-61.46308,gamma,7,gamma,gamma,human3
human3_lib4.final_cell_0787-2,51.98562,-4.9919295,beta,15,epsilon,quiescent_stellate,human3
human3_lib4.final_cell_0788-2,51.78065,-4.2460318,beta,15,epsilon,quiescent_stellate,human3
human3_lib4.final_cell_0789-2,-7.606638,-28.419811,alpha,15,epsilon,quiescent_stellate,human3
human3_lib4.final_cell_0790-2,84.12365,-12.007691,beta,12,beta,beta,human3
human3_lib4.final_cell_0791-2,79.49469,-1.8522356,beta,12,beta,beta,human3
human3_lib4.final_cell_0792-2,-2.5991118,53.308426,acinar,1,acinar,acinar,human3
human3_lib4.final_cell_0793-2,-8.615478,75.89124,acinar,1,acinar,acinar,human3
human3_lib4.final_cell_0794-2,-11.422005,60.18966,acinar,1,acinar,acinar,human3
human3_lib4.final_cell_0795-2,-31.183355,20.100885,quiescent_stellate,13,quiescent_stellate,quiescent_stellate,human3
human3_lib4.final_cell_0796-2,-37.786125,17.490694,quiescent_stellate,13,quiescent_stellate,quiescent_stellate,human3
human3_lib4.final_cell_0797-2,-69.50435,-15.246424,ductal,3,ductal,ductal,human3
human3_lib4.final_cell_0798-2,70.572,-6.5242124,beta,12,beta,beta,human3
human3_lib4.final_cell_0799-2,0.5454038,-60.095066,alpha,11,alpha,alpha,human3
human3_lib4.final_cell_0800-2,84.17256,-26.495424,beta,12,beta,beta,human3
human3_lib4.final_cell_0801-2,23.353504,-58.548885,alpha,11,alpha,alpha,human3
human3_lib4.final_cell_0802-2,-56.03169,2.7961035,ductal,3,ductal,ductal,human3
human3_lib4.final_cell_0803-2,20.087185,-66.49332,alpha,11,alpha,alpha,human3
human3_lib4.final_cell_0804-2,30.973755,-58.750854,alpha,11,alpha,alpha,human3
human3_lib4.final_cell_0805-2,-21.678907,-44.80263,alpha,11,alpha,alpha,human3
human3_lib4.final_cell_0806-2,-13.384703,-61.407055,alpha,11,alpha,alpha,human3
human3_lib4.final_cell_0807-2,30.344511,-72.89858,alpha,11,alpha,alpha,human3
human3_lib4.final_cell_0808-2,77.10393,-31.171053,beta,12,beta,beta,human3
human3_lib4.final_cell_0809-2,-9.497479,9.719466,beta,8,delta,delta,human3
human3_lib4.final_cell_0810-2,30.407558,-6.9421573,beta,12,beta,beta,human3
human3_lib4.final_cell_0811-2,-17.776756,67.30825,acinar,1,acinar,acinar,human3
human3_lib4.final_cell_0812-2,-34.940666,-28.527678,alpha,11,alpha,alpha,human3
human3_lib4.final_cell_0813-2,78.57359,-5.680184,beta,12,beta,beta,human3
human3_lib4.final_cell_0814-2,77.955414,-3.9272249,beta,12,beta,beta,human3
human3_lib4.final_cell_0815-2,84.31049,-18.424812,beta,12,beta,beta,human3
human3_lib4.final_cell_0816-2,75.41772,-30.243174,beta,12,beta,beta,human3
human3_lib4.final_cell_0817-2,-35.09982,-70.3737,gamma,7,gamma,gamma,human3
human3_lib4.final_cell_0818-2,-50.51314,28.58754,endothelial,0,endothelial,endothelial,human3
human3_lib4.final_cell_0819-2,-30.255701,20.076708,quiescent_stellate,13,quiescent_stellate,quiescent_stellate,human3
human3_lib4.final_cell_0820-2,18.358328,-55.361897,alpha,11,alpha,alpha,human3
human3_lib4.final_cell_0821-2,32.815517,-56.65159,alpha,11,alpha,alpha,human3
human3_lib4.final_cell_0822-2,84.35067,-10.609414,beta,12,beta,beta,human3
human3_lib4.final_cell_0823-2,77.56512,-31.09969,beta,12,beta,beta,human3
human3_lib4.final_cell_0824-2,89.062386,-19.87188,beta,12,beta,beta,human3
human3_lib4.final_cell_0825-2,-60.783512,-9.205164,ductal,3,ductal,ductal,human3
human3_lib4.final_cell_0826-2,-58.176357,-17.061932,ductal,3,ductal,ductal,human3
human3_lib4.final_cell_0827-2,79.19093,-7.1805744,beta,12,beta,beta,human3
human3_lib4.final_cell_0828-2,-33.19754,14.722723,quiescent_stellate,13,quiescent_stellate,quiescent_stellate,human3
human3_lib4.final_cell_0829-2,10.983962,-59.37513,alpha,11,alpha,alpha,human3
human3_lib4.final_cell_0830-2,18.27751,-47.602135,alpha,11,alpha,alpha,human3
human3_lib4.final_cell_0831-2,32.578434,-76.58735,alpha,15,epsilon,quiescent_stellate,human3
human3_lib4.final_cell_0832-2,-31.731464,14.769855,activated_stellate,13,quiescent_stellate,quiescent_stellate,human3
human3_lib4.final_cell_0833-2,-25.170795,60.363003,acinar,1,acinar,acinar,human3
human3_lib4.final_cell_0834-2,80.52658,-19.157003,beta,12,beta,beta,human3
human3_lib4.final_cell_0835-2,-6.6803904,-63.28996,alpha,11,alpha,alpha,human3
human3_lib4.final_cell_0836-2,-33.585068,-31.573503,alpha,11,alpha,alpha,human3
human3_lib4.final_cell_0837-2,-71.925705,40.571236,ductal,2,Unmatched_2,ductal,human3
human3_lib4.final_cell_0838-2,13.843609,-62.57056,alpha,11,alpha,alpha,human3
human3_lib4.final_cell_0839-2,73.196075,-7.208348,beta,12,beta,beta,human3
human3_lib4.final_cell_0840-2,33.152332,-61.84086,alpha,11,alpha,alpha,human3
human3_lib4.final_cell_0841-2,74.45656,-34.82275,beta,12,beta,beta,human3
human3_lib4.final_cell_0842-2,-58.430103,26.411173,endothelial,0,endothelial,endothelial,human3
human3_lib4.final_cell_0843-2,-61.909874,1.4048392,ductal,3,ductal,ductal,human3
human3_lib4.final_cell_0844-2,-56.743813,27.385168,endothelial,0,endothelial,endothelial,human3
human3_lib4.final_cell_0845-2,84.3998,-29.628733,beta,12,beta,beta,human3
human3_lib4.final_cell_0846-2,-34.54267,16.5169,quiescent_stellate,13,quiescent_stellate,quiescent_stellate,human3
human3_lib4.final_cell_0847-2,-56.020985,30.566616,endothelial,0,endothelial,endothelial,human3
human3_lib4.final_cell_0848-2,-14.447217,-59.890785,alpha,11,alpha,alpha,human3
human3_lib4.final_cell_0849-2,-28.740822,-31.945702,alpha,11,alpha,alpha,human3
human3_lib4.final_cell_0850-2,81.716385,-10.675739,beta,12,beta,beta,human3
human3_lib4.final_cell_0851-2,24.06794,-79.16215,alpha,15,epsilon,quiescent_stellate,human3
human3_lib4.final_cell_0852-2,-27.120132,3.2627482,activated_stellate,15,epsilon,quiescent_stellate,human3
human3_lib4.final_cell_0853-2,-36.966434,15.752903,quiescent_stellate,13,quiescent_stellate,quiescent_stellate,human3
human3_lib4.final_cell_0854-2,11.932478,-58.83729,alpha,11,alpha,alpha,human3
human3_lib4.final_cell_0855-2,81.32336,-26.692137,beta,12,beta,beta,human3
human3_lib4.final_cell_0856-2,-8.647117,-59.985188,alpha,11,alpha,alpha,human3
human3_lib4.final_cell_0857-2,27.950027,-58.88453,alpha,11,alpha,alpha,human3
human3_lib4.final_cell_0858-2,75.08219,-5.541009,beta,12,beta,beta,human3
human3_lib4.final_cell_0859-2,-32.85599,13.303222,activated_stellate,15,epsilon,quiescent_stellate,human3
human3_lib4.final_cell_0860-2,84.122765,-20.761972,beta,12,beta,beta,human3
human3_lib4.final_cell_0861-2,-30.617706,-30.460829,alpha,11,alpha,alpha,human3
human3_lib4.final_cell_0862-2,74.20952,-8.078248,beta,12,beta,beta,human3
human3_lib4.final_cell_0863-2,57.135635,45.56674,delta,15,epsilon,quiescent_stellate,human3
human3_lib4.final_cell_0864-2,-36.346294,18.360884,quiescent_stellate,13,quiescent_stellate,quiescent_stellate,human3
human3_lib4.final_cell_0865-2,-4.665798,-64.91155,alpha,11,alpha,alpha,human3
human3_lib4.final_cell_0866-2,82.86585,-8.939943,beta,12,beta,beta,human3
human3_lib4.final_cell_0867-2,63.29275,-4.7797375,beta,12,beta,beta,human3
human3_lib4.final_cell_0868-2,13.0217495,-65.30427,alpha,11,alpha,alpha,human3
human3_lib4.final_cell_0869-2,-87.13313,17.269232,beta,5,t_cell,t_cell,human3
human3_lib4.final_cell_0870-2,-4.246727,-19.591242,alpha,11,alpha,alpha,human3
human3_lib4.final_cell_0871-2,79.51402,-17.877157,beta,12,beta,beta,human3
human3_lib4.final_cell_0872-2,-2.818576,16.189047,delta,8,delta,delta,human3
human3_lib4.final_cell_0873-2,-76.20152,40.988983,ductal,2,Unmatched_2,ductal,human3
human3_lib4.final_cell_0874-2,33.823505,-74.08039,alpha,11,alpha,alpha,human3
human3_lib4.final_cell_0875-2,83.850174,-6.3795595,beta,12,beta,beta,human3
human3_lib4.final_cell_0876-2,-55.78267,31.42784,endothelial,0,endothelial,endothelial,human3
human3_lib4.final_cell_0877-2,85.29912,-9.2411175,beta,12,beta,beta,human3
human3_lib4.final_cell_0878-2,4.965985,-44.32439,beta,11,alpha,alpha,human3
human3_lib4.final_cell_0879-2,-12.276973,-60.854282,alpha,11,alpha,alpha,human3
human3_lib4.final_cell_0880-2,-0.646162,-53.04622,alpha,11,alpha,alpha,human3
human3_lib4.final_cell_0881-2,-2.027313,-69.78692,alpha,11,alpha,alpha,human3
human3_lib4.final_cell_0882-2,-0.3252052,-67.526306,alpha,11,alpha,alpha,human3
human3_lib4.final_cell_0883-2,-26.748138,7.9691777,schwann,9,schwann,schwann,human3
human3_lib4.final_cell_0884-2,-35.419884,-27.36093,alpha,11,alpha,alpha,human3
human3_lib4.final_cell_0885-2,73.34443,-8.020089,beta,12,beta,beta,human3
human3_lib4.final_cell_0886-2,-89.52161,14.404507,macrophage,6,macrophage,macrophage,human3
human3_lib4.final_cell_0887-2,-57.35796,33.94562,endothelial,0,endothelial,endothelial,human3
human3_lib4.final_cell_0888-2,-72.48253,-7.198771,ductal,3,ductal,ductal,human3
human3_lib4.final_cell_0889-2,66.784096,-1.5105085,beta,12,beta,beta,human3
human3_lib4.final_cell_0890-2,22.15854,-60.745865,alpha,11,alpha,alpha,human3
human3_lib4.final_cell_0891-2,-25.928823,-31.79837,alpha,11,alpha,alpha,human3
human3_lib4.final_cell_0892-2,-35.22329,20.61077,quiescent_stellate,13,quiescent_stellate,quiescent_stellate,human3
human3_lib4.final_cell_0893-2,-19.275152,71.14426,acinar,1,acinar,acinar,human3
human3_lib4.final_cell_0894-2,-78.488556,-11.446385,ductal,3,ductal,ductal,human3
human3_lib4.final_cell_0895-2,-20.207148,-43.834877,alpha,11,alpha,alpha,human3
human3_lib4.final_cell_0896-2,78.83417,-20.852188,beta,12,beta,beta,human3
human3_lib4.final_cell_0897-2,19.67802,-47.094448,alpha,11,alpha,alpha,human3
human3_lib4.final_cell_0898-2,64.948975,-8.265335,beta,12,beta,beta,human3
human3_lib4.final_cell_0899-2,22.66939,-63.44493,alpha,11,alpha,alpha,human3
human4_lib1.final_cell_0001-3,-38.966873,57.6715,ductal,1,acinar,acinar,human4
human4_lib1.final_cell_0002-3,-6.7259483,29.768787,delta,8,delta,delta,human4
human4_lib1.final_cell_0003-3,-13.466093,19.291155,delta,8,delta,delta,human4
human4_lib1.final_cell_0004-3,-44.924168,62.37276,ductal,1,acinar,acinar,human4
human4_lib1.final_cell_0005-3,-59.629074,-18.393185,ductal,3,ductal,ductal,human4
human4_lib1.final_cell_0006-3,-61.672085,-19.6079,ductal,3,ductal,ductal,human4
human4_lib1.final_cell_0007-3,-38.639896,56.80689,ductal,1,acinar,acinar,human4
human4_lib1.final_cell_0008-3,2.3167124,-49.33497,alpha,11,alpha,alpha,human4
human4_lib1.final_cell_0009-3,-34.072365,58.26995,ductal,1,acinar,acinar,human4
human4_lib1.final_cell_0010-3,-40.67839,54.103027,ductal,1,acinar,acinar,human4
human4_lib1.final_cell_0011-3,2.0987277,-49.01521,alpha,11,alpha,alpha,human4
human4_lib1.final_cell_0012-3,-58.48402,3.625589,ductal,3,ductal,ductal,human4
human4_lib1.final_cell_0013-3,-74.512596,40.872883,ductal,2,Unmatched_2,ductal,human4
human4_lib1.final_cell_0014-3,-39.718014,53.693882,ductal,1,acinar,acinar,human4
human4_lib1.final_cell_0015-3,2.8194804,29.555569,delta,8,delta,delta,human4
human4_lib1.final_cell_0016-3,-28.456072,-9.783996,activated_stellate,10,activated_stellate,activated_stellate,human4
human4_lib1.final_cell_0017-3,36.796837,54.29344,beta,12,beta,beta,human4
human4_lib1.final_cell_0018-3,-39.593212,62.004498,ductal,1,acinar,acinar,human4
human4_lib1.final_cell_0019-3,-64.27656,-15.320615,ductal,3,ductal,ductal,human4
human4_lib1.final_cell_0020-3,26.922625,12.644759,beta,12,beta,beta,human4
human4_lib1.final_cell_0021-3,43.330456,62.346153,beta,12,beta,beta,human4
human4_lib1.final_cell_0022-3,-2.8157544,25.23688,delta,8,delta,delta,human4
human4_lib1.final_cell_0023-3,-39.666245,57.393303,ductal,1,acinar,acinar,human4
human4_lib1.final_cell_0024-3,2.625309,19.448874,delta,8,delta,delta,human4
human4_lib1.final_cell_0025-3,7.5069017,-62.709785,alpha,11,alpha,alpha,human4
human4_lib1.final_cell_0026-3,42.01843,25.320189,beta,12,beta,beta,human4
human4_lib1.final_cell_0027-3,42.241425,29.391073,beta,12,beta,beta,human4
human4_lib1.final_cell_0028-3,3.4807975,31.220795,delta,8,delta,delta,human4
human4_lib1.final_cell_0029-3,-38.195126,58.45616,ductal,1,acinar,acinar,human4
human4_lib1.final_cell_0030-3,-32.08628,-2.4158769,activated_stellate,10,activated_stellate,activated_stellate,human4
human4_lib1.final_cell_0031-3,-40.932644,61.203262,ductal,1,acinar,acinar,human4
human4_lib1.final_cell_0032-3,-41.49531,53.90842,ductal,1,acinar,acinar,human4
human4_lib1.final_cell_0033-3,-74.35443,40.75086,ductal,2,Unmatched_2,ductal,human4
human4_lib1.final_cell_0034-3,38.583687,60.99793,beta,12,beta,beta,human4
human4_lib1.final_cell_0035-3,-91.22433,11.678791,macrophage,6,macrophage,macrophage,human4
human4_lib1.final_cell_0036-3,2.501276,-56.345486,alpha,11,alpha,alpha,human4
human4_lib1.final_cell_0037-3,43.288906,34.67825,beta,12,beta,beta,human4
human4_lib1.final_cell_0038-3,36.215866,-8.012844,beta,12,beta,beta,human4
human4_lib1.final_cell_0039-3,7.062765,-64.39586,alpha,11,alpha,alpha,human4
human4_lib1.final_cell_0040-3,-75.686554,-6.966165,ductal,3,ductal,ductal,human4
human4_lib1.final_cell_0041-3,9.207233,21.099802,beta,8,delta,delta,human4
human4_lib1.final_cell_0042-3,38.122566,20.953672,beta,12,beta,beta,human4
human4_lib1.final_cell_0043-3,14.288245,-52.22513,alpha,11,alpha,alpha,human4
human4_lib1.final_cell_0044-3,-71.31817,-21.28868,ductal,3,ductal,ductal,human4
human4_lib1.final_cell_0045-3,-79.00461,-2.1900117,ductal,3,ductal,ductal,human4
human4_lib1.final_cell_0046-3,48.370842,-16.650223,beta,12,beta,beta,human4
human4_lib1.final_cell_0047-3,40.001263,3.734589,beta,12,beta,beta,human4
human4_lib1.final_cell_0048-3,-3.507979,-48.61706,alpha,11,alpha,alpha,human4
human4_lib1.final_cell_0049-3,34.022568,34.144264,beta,12,beta,beta,human4
human4_lib1.final_cell_0050-3,7.960577,-51.75649,alpha,11,alpha,alpha,human4
human4_lib1.final_cell_0051-3,44.89667,70.64128,beta,12,beta,beta,human4
human4_lib1.final_cell_0052-3,-70.77731,41.95403,ductal,2,Unmatched_2,ductal,human4
human4_lib1.final_cell_0053-3,34.29668,43.66074,beta,12,beta,beta,human4
human4_lib1.final_cell_0054-3,-80.932884,-16.70367,ductal,3,ductal,ductal,human4
human4_lib1.final_cell_0055-3,-2.9892442,-46.525753,alpha,11,alpha,alpha,human4
human4_lib1.final_cell_0056-3,28.579657,2.5663505,beta,12,beta,beta,human4
human4_lib1.final_cell_0057-3,44.003235,-38.85596,delta,4,mast,mast,human4
human4_lib1.final_cell_0058-3,33.288216,56.00956,beta,12,beta,beta,human4
human4_lib1.final_cell_0059-3,42.778187,68.89015,beta,12,beta,beta,human4
human4_lib1.final_cell_0060-3,-68.554565,-8.578575,ductal,3,ductal,ductal,human4
human4_lib1.final_cell_0061-3,38.683567,9.717247,beta,12,beta,beta,human4
human4_lib1.final_cell_0062-3,-43.199776,54.862312,ductal,1,acinar,acinar,human4
human4_lib1.final_cell_0063-3,42.94153,37.537567,beta,12,beta,beta,human4
human4_lib1.final_cell_0064-3,-65.78405,-15.873018,ductal,3,ductal,ductal,human4
human4_lib1.final_cell_0065-3,-35.40135,58.142155,ductal,1,acinar,acinar,human4
human4_lib1.final_cell_0066-3,-29.756285,-7.581226,activated_stellate,10,activated_stellate,activated_stellate,human4
human4_lib1.final_cell_0067-3,-1.5027496,-34.42584,alpha,11,alpha,alpha,human4
human4_lib1.final_cell_0068-3,14.711899,-54.515118,alpha,11,alpha,alpha,human4
human4_lib1.final_cell_0069-3,-9.76075,20.855179,delta,8,delta,delta,human4
human4_lib1.final_cell_0070-3,-25.13456,-8.844978,activated_stellate,10,activated_stellate,activated_stellate,human4
human4_lib1.final_cell_0071-3,-27.33258,-10.995478,activated_stellate,10,activated_stellate,activated_stellate,human4
human4_lib1.final_cell_0072-3,36.54031,61.417503,beta,12,beta,beta,human4
human4_lib1.final_cell_0073-3,-28.435215,-7.9889894,activated_stellate,10,activated_stellate,activated_stellate,human4
human4_lib1.final_cell_0074-3,3.3045173,-53.51878,alpha,11,alpha,alpha,human4
human4_lib1.final_cell_0075-3,42.61048,25.497538,beta,12,beta,beta,human4
human4_lib1.final_cell_0076-3,-63.461067,-21.165922,ductal,3,ductal,ductal,human4
human4_lib1.final_cell_0077-3,-26.173761,24.66753,quiescent_stellate,15,epsilon,quiescent_stellate,human4
human4_lib1.final_cell_0078-3,48.036667,66.4604,beta,12,beta,beta,human4
human4_lib1.final_cell_0079-3,-41.039738,53.718174,ductal,1,acinar,acinar,human4
human4_lib1.final_cell_0080-3,38.480812,36.088512,beta,12,beta,beta,human4
human4_lib1.final_cell_0081-3,57.385193,-7.0978065,beta,12,beta,beta,human4
human4_lib1.final_cell_0082-3,-31.465586,-2.058654,activated_stellate,10,activated_stellate,activated_stellate,human4
human4_lib1.final_cell_0083-3,9.1037035,26.554167,delta,8,delta,delta,human4
human4_lib1.final_cell_0084-3,31.522034,35.864277,beta,12,beta,beta,human4
human4_lib1.final_cell_0085-3,41.044147,13.030005,beta,12,beta,beta,human4
human4_lib1.final_cell_0086-3,30.209417,1.7390268,beta,12,beta,beta,human4
human4_lib1.final_cell_0087-3,65.046135,-4.863579,beta,12,beta,beta,human4
human4_lib1.final_cell_0088-3,-2.6623247,14.095518,delta,8,delta,delta,human4
human4_lib1.final_cell_0089-3,34.360783,22.480495,beta,12,beta,beta,human4
human4_lib1.final_cell_0090-3,-4.5124445,18.600504,delta,8,delta,delta,human4
human4_lib1.final_cell_0091-3,-39.34159,-35.501823,alpha,11,alpha,alpha,human4
human4_lib1.final_cell_0092-3,-79.87829,-18.73156,ductal,3,ductal,ductal,human4
human4_lib1.final_cell_0093-3,-3.094517,-37.384834,alpha,11,alpha,alpha,human4
human4_lib1.final_cell_0094-3,1.4205987,-54.427032,alpha,11,alpha,alpha,human4
human4_lib1.final_cell_0095-3,0.23196323,-51.30469,alpha,11,alpha,alpha,human4
human4_lib1.final_cell_0096-3,-92.1453,10.981489,macrophage,6,macrophage,macrophage,human4
human4_lib1.final_cell_0097-3,4.365597,29.033867,delta,8,delta,delta,human4
human4_lib1.final_cell_0098-3,-63.703907,-15.968301,ductal,3,ductal,ductal,human4
human4_lib1.final_cell_0099-3,-76.13186,-7.0034394,ductal,3,ductal,ductal,human4
human4_lib1.final_cell_0100-3,45.266747,71.12012,beta,12,beta,beta,human4
human4_lib1.final_cell_0101-3,-66.43408,-19.501352,ductal,3,ductal,ductal,human4
human4_lib1.final_cell_0102-3,42.052994,38.236233,beta,12,beta,beta,human4
human4_lib1.final_cell_0103-3,36.574062,42.7309,beta,12,beta,beta,human4
human4_lib1.final_cell_0104-3,-5.2706633,-31.342913,alpha,11,alpha,alpha,human4
human4_lib1.final_cell_0105-3,32.79619,2.5401945,beta,12,beta,beta,human4
human4_lib1.final_cell_0106-3,3.038103,29.731026,delta,8,delta,delta,human4
human4_lib1.final_cell_0107-3,1.5225965,-48.576534,alpha,11,alpha,alpha,human4
human4_lib1.final_cell_0108-3,23.06995,-80.22541,alpha,11,alpha,alpha,human4
human4_lib1.final_cell_0109-3,-5.951397,14.519915,delta,8,delta,delta,human4
human4_lib1.final_cell_0110-3,42.789425,-9.250393,beta,12,beta,beta,human4
human4_lib1.final_cell_0111-3,-63.350613,-14.886681,ductal,3,ductal,ductal,human4
human4_lib1.final_cell_0112-3,36.453766,68.80439,beta,12,beta,beta,human4
human4_lib1.final_cell_0113-3,29.554888,34.754383,beta,12,beta,beta,human4
human4_lib1.final_cell_0114-3,-6.542732,17.002134,delta,8,delta,delta,human4
human4_lib1.final_cell_0115-3,-43.447483,62.8091,acinar,1,acinar,acinar,human4
human4_lib1.final_cell_0116-3,-59.232998,-17.628101,ductal,3,ductal,ductal,human4
human4_lib1.final_cell_0117-3,15.056469,-56.09239,alpha,11,alpha,alpha,human4
human4_lib1.final_cell_0118-3,-82.04109,-18.210144,ductal,3,ductal,ductal,human4
human4_lib1.final_cell_0119-3,-80.746735,-16.20274,ductal,3,ductal,ductal,human4
human4_lib1.final_cell_0120-3,43.946884,29.309624,beta,12,beta,beta,human4
human4_lib1.final_cell_0121-3,42.98054,26.14528,beta,12,beta,beta,human4
human4_lib1.final_cell_0122-3,-47.189934,-64.58362,gamma,7,gamma,gamma,human4
human4_lib1.final_cell_0123-3,-3.6379514,-32.765865,alpha,11,alpha,alpha,human4
human4_lib1.final_cell_0124-3,40.206944,38.034637,beta,12,beta,beta,human4
human4_lib1.final_cell_0125-3,54.570915,-11.427059,beta,12,beta,beta,human4
human4_lib1.final_cell_0126-3,41.928192,-16.88006,beta,12,beta,beta,human4
human4_lib1.final_cell_0127-3,-38.543915,58.379463,ductal,1,acinar,acinar,human4
human4_lib1.final_cell_0128-3,-26.966413,-10.408797,activated_stellate,10,activated_stellate,activated_stellate,human4
human4_lib1.final_cell_0129-3,4.492543,21.528841,delta,8,delta,delta,human4
human4_lib1.final_cell_0130-3,40.200634,26.163025,beta,12,beta,beta,human4
human4_lib1.final_cell_0131-3,-80.61833,-5.058243,ductal,3,ductal,ductal,human4
human4_lib1.final_cell_0132-3,38.699432,55.31788,beta,12,beta,beta,human4
human4_lib1.final_cell_0133-3,-36.27262,58.370274,ductal,1,acinar,acinar,human4
human4_lib1.final_cell_0134-3,-41.222008,51.68618,ductal,1,acinar,acinar,human4
human4_lib1.final_cell_0135-3,39.39145,41.70455,beta,12,beta,beta,human4
human4_lib1.final_cell_0136-3,-1.5391983,-47.98023,alpha,11,alpha,alpha,human4
human4_lib1.final_cell_0137-3,-81.3679,-19.89008,ductal,3,ductal,ductal,human4
human4_lib1.final_cell_0138-3,-10.515757,25.405767,delta,8,delta,delta,human4
human4_lib1.final_cell_0139-3,28.51497,8.705165,beta,12,beta,beta,human4
human4_lib1.final_cell_0140-3,-9.024691,25.068121,delta,8,delta,delta,human4
human4_lib1.final_cell_0141-3,-4.3449903,32.627815,delta,8,delta,delta,human4
human4_lib1.final_cell_0142-3,6.1044044,-63.80189,alpha,11,alpha,alpha,human4
human4_lib1.final_cell_0143-3,23.051813,-77.125145,alpha,11,alpha,alpha,human4
human4_lib1.final_cell_0144-3,-81.66476,-17.838812,ductal,3,ductal,ductal,human4
human4_lib1.final_cell_0145-3,-91.707275,10.566745,macrophage,6,macrophage,macrophage,human4
human4_lib1.final_cell_0146-3,-4.3473954,-31.907509,alpha,11,alpha,alpha,human4
human4_lib1.final_cell_0147-3,-41.567127,53.257774,ductal,1,acinar,acinar,human4
human4_lib1.final_cell_0148-3,-65.97374,-16.076366,ductal,3,ductal,ductal,human4
human4_lib1.final_cell_0149-3,-81.32086,-20.007956,ductal,3,ductal,ductal,human4
human4_lib1.final_cell_0150-3,57.848457,-14.6206045,beta,12,beta,beta,human4
human4_lib1.final_cell_0151-3,30.39237,25.31126,beta,12,beta,beta,human4
human4_lib1.final_cell_0152-3,3.453544,-53.554756,alpha,11,alpha,alpha,human4
human4_lib1.final_cell_0153-3,32.309727,17.619991,beta,12,beta,beta,human4
human4_lib1.final_cell_0154-3,-36.00574,-34.177288,alpha,11,alpha,alpha,human4
human4_lib1.final_cell_0155-3,35.81885,51.192467,beta,12,beta,beta,human4
human4_lib1.final_cell_0156-3,28.79809,14.839074,beta,12,beta,beta,human4
human4_lib1.final_cell_0157-3,-65.234276,-15.205794,ductal,3,ductal,ductal,human4
human4_lib1.final_cell_0158-3,-55.904106,-16.2871,ductal,3,ductal,ductal,human4
human4_lib1.final_cell_0159-3,43.57081,57.905823,beta,12,beta,beta,human4
human4_lib1.final_cell_0160-3,47.26387,-20.046799,beta,12,beta,beta,human4
human4_lib1.final_cell_0161-3,8.265183,-64.52051,alpha,11,alpha,alpha,human4
human4_lib1.final_cell_0162-3,25.239374,-57.5554,alpha,11,alpha,alpha,human4
human4_lib1.final_cell_0163-3,36.097523,22.079285,beta,12,beta,beta,human4
human4_lib1.final_cell_0164-3,32.713673,23.929754,beta,12,beta,beta,human4
human4_lib1.final_cell_0165-3,2.1749601,-49.10145,alpha,11,alpha,alpha,human4
human4_lib1.final_cell_0166-3,36.07116,34.931465,beta,12,beta,beta,human4
human4_lib1.final_cell_0167-3,44.777256,42.725746,beta,12,beta,beta,human4
human4_lib1.final_cell_0168-3,5.8878846,-62.100372,alpha,11,alpha,alpha,human4
human4_lib1.final_cell_0169-3,-0.038155463,31.196907,delta,8,delta,delta,human4
human4_lib1.final_cell_0170-3,44.55225,15.453856,beta,12,beta,beta,human4
human4_lib1.final_cell_0171-3,8.538497,-52.14949,alpha,11,alpha,alpha,human4
human4_lib1.final_cell_0172-3,39.377407,21.920084,beta,12,beta,beta,human4
human4_lib1.final_cell_0173-3,44.285202,-9.483241,beta,12,beta,beta,human4
human4_lib1.final_cell_0174-3,30.144047,-5.054213,beta,12,beta,beta,human4
human4_lib1.final_cell_0175-3,59.909916,-12.706884,beta,12,beta,beta,human4
human4_lib1.final_cell_0176-3,-0.024481788,31.350672,delta,8,delta,delta,human4
human4_lib1.final_cell_0177-3,35.660053,10.509176,beta,12,beta,beta,human4
human4_lib1.final_cell_0178-3,-75.895004,-11.992288,ductal,3,ductal,ductal,human4
human4_lib1.final_cell_0179-3,-46.085194,-67.17239,gamma,7,gamma,gamma,human4
human4_lib1.final_cell_0180-3,-8.473495,24.90985,delta,8,delta,delta,human4
human4_lib1.final_cell_0181-3,-75.882935,40.753437,ductal,2,Unmatched_2,ductal,human4
human4_lib1.final_cell_0182-3,6.2525377,-49.518692,alpha,11,alpha,alpha,human4
human4_lib1.final_cell_0183-3,-27.970802,51.244904,ductal,1,acinar,acinar,human4
human4_lib1.final_cell_0184-3,-10.036647,-59.3872,alpha,11,alpha,alpha,human4
human4_lib1.final_cell_0185-3,-7.444305,-15.915828,alpha,11,alpha,alpha,human4
human4_lib1.final_cell_0186-3,-6.087959,18.671574,delta,8,delta,delta,human4
human4_lib1.final_cell_0187-3,1.6170982,-55.63539,alpha,11,alpha,alpha,human4
human4_lib1.final_cell_0188-3,30.622702,6.422765,beta,12,beta,beta,human4
human4_lib1.final_cell_0189-3,-9.127,24.601183,delta,8,delta,delta,human4
human4_lib1.final_cell_0190-3,3.7134292,-51.63712,alpha,11,alpha,alpha,human4
human4_lib1.final_cell_0191-3,13.331105,-51.98035,alpha,11,alpha,alpha,human4
human4_lib1.final_cell_0192-3,1.7002558,32.471165,delta,8,delta,delta,human4
human4_lib1.final_cell_0193-3,42.435844,20.667582,beta,12,beta,beta,human4
human4_lib1.final_cell_0194-3,31.363987,7.8266573,beta,12,beta,beta,human4
human4_lib1.final_cell_0195-3,-1.6477846,-43.536266,alpha,11,alpha,alpha,human4
human4_lib1.final_cell_0196-3,-47.16723,-64.444016,gamma,7,gamma,gamma,human4
human4_lib1.final_cell_0197-3,41.72245,61.59234,beta,12,beta,beta,human4
human4_lib1.final_cell_0198-3,32.75048,42.743507,beta,12,beta,beta,human4
human4_lib1.final_cell_0199-3,-44.223026,-68.41446,gamma,7,gamma,gamma,human4
human4_lib1.final_cell_0200-3,-12.303774,26.068111,delta,8,delta,delta,human4
human4_lib1.final_cell_0201-3,-74.38456,-6.74343,ductal,3,ductal,ductal,human4
human4_lib1.final_cell_0202-3,40.45323,4.711577,beta,12,beta,beta,human4
human4_lib1.final_cell_0203-3,-39.69599,-35.182426,alpha,11,alpha,alpha,human4
human4_lib1.final_cell_0204-3,-6.863204,22.728714,delta,8,delta,delta,human4
human4_lib1.final_cell_0205-3,36.70559,50.29865,beta,12,beta,beta,human4
human4_lib1.final_cell_0206-3,42.370697,-14.814411,beta,12,beta,beta,human4
human4_lib1.final_cell_0207-3,-0.9517285,-47.05473,alpha,11,alpha,alpha,human4
human4_lib1.final_cell_0208-3,-39.655163,53.77212,ductal,1,acinar,acinar,human4
human4_lib1.final_cell_0209-3,-81.11134,-5.9594097,ductal,3,ductal,ductal,human4
human4_lib1.final_cell_0210-3,35.78929,54.966026,beta,12,beta,beta,human4
human4_lib1.final_cell_0211-3,8.450791,-59.99323,alpha,11,alpha,alpha,human4
human4_lib1.final_cell_0212-3,-64.2384,-19.75871,ductal,3,ductal,ductal,human4
human4_lib1.final_cell_0213-3,-27.823063,-8.327964,activated_stellate,10,activated_stellate,activated_stellate,human4
human4_lib1.final_cell_0214-3,4.555516,-54.33785,alpha,11,alpha,alpha,human4
human4_lib1.final_cell_0215-3,31.071915,21.603151,beta,12,beta,beta,human4
human4_lib1.final_cell_0216-3,2.0811872,-27.556322,alpha,11,alpha,alpha,human4
human4_lib1.final_cell_0217-3,-66.610344,-21.500416,ductal,3,ductal,ductal,human4
human4_lib1.final_cell_0218-3,45.80452,41.40032,beta,12,beta,beta,human4
human4_lib1.final_cell_0219-3,49.99559,42.389416,beta,12,beta,beta,human4
human4_lib1.final_cell_0220-3,-65.578606,-20.087318,ductal,3,ductal,ductal,human4
human4_lib1.final_cell_0221-3,43.837265,65.73922,beta,12,beta,beta,human4
human4_lib1.final_cell_0222-3,33.88352,31.92291,beta,12,beta,beta,human4
human4_lib1.final_cell_0223-3,-62.90111,-14.523052,ductal,3,ductal,ductal,human4
human4_lib1.final_cell_0224-3,35.109913,58.05738,beta,12,beta,beta,human4
human4_lib1.final_cell_0225-3,43.51841,68.100624,beta,12,beta,beta,human4
human4_lib1.final_cell_0226-3,44.92037,68.816765,beta,12,beta,beta,human4
human4_lib1.final_cell_0227-3,29.339027,3.8985007,beta,12,beta,beta,human4
human4_lib1.final_cell_0228-3,6.499166,-62.74441,alpha,11,alpha,alpha,human4
human4_lib1.final_cell_0229-3,-9.950873,24.792593,delta,8,delta,delta,human4
human4_lib1.final_cell_0230-3,-11.811763,-61.4702,alpha,11,alpha,alpha,human4
human4_lib1.final_cell_0231-3,-92.31446,10.226956,macrophage,6,macrophage,macrophage,human4
human4_lib1.final_cell_0232-3,-1.7260556,-45.746635,alpha,11,alpha,alpha,human4
human4_lib1.final_cell_0233-3,15.893266,-51.727364,alpha,11,alpha,alpha,human4
human4_lib1.final_cell_0234-3,42.89331,27.440184,beta,12,beta,beta,human4
human4_lib1.final_cell_0235-3,-28.96275,-8.70608,activated_stellate,10,activated_stellate,activated_stellate,human4
human4_lib1.final_cell_0236-3,52.028187,43.034286,beta,12,beta,beta,human4
human4_lib1.final_cell_0237-3,28.873938,4.2222743,beta,12,beta,beta,human4
human4_lib1.final_cell_0238-3,-83.41162,-12.929184,ductal,3,ductal,ductal,human4
human4_lib1.final_cell_0239-3,-75.554344,-15.986048,ductal,3,ductal,ductal,human4
human4_lib1.final_cell_0240-3,-39.409637,-70.71077,gamma,7,gamma,gamma,human4
human4_lib1.final_cell_0241-3,34.65413,30.502789,beta,12,beta,beta,human4
human4_lib1.final_cell_0242-3,-83.87906,-19.855244,ductal,3,ductal,ductal,human4
human4_lib1.final_cell_0243-3,30.138233,13.607611,beta,12,beta,beta,human4
human4_lib1.final_cell_0244-3,40.071236,3.9544928,beta,12,beta,beta,human4
human4_lib1.final_cell_0245-3,41.20186,60.242363,beta,12,beta,beta,human4
human4_lib1.final_cell_0246-3,32.130276,34.929718,beta,12,beta,beta,human4
human4_lib1.final_cell_0247-3,28.190664,14.284367,beta,12,beta,beta,human4
human4_lib1.final_cell_0248-3,7.469589,-51.81243,alpha,11,alpha,alpha,human4
human4_lib1.final_cell_0249-3,-12.619178,26.114796,delta,8,delta,delta,human4
human4_lib1.final_cell_0250-3,2.9699614,-46.580254,alpha,11,alpha,alpha,human4
human4_lib1.final_cell_0251-3,-79.120346,-18.594355,ductal,3,ductal,ductal,human4
human4_lib1.final_cell_0252-3,-39.560703,57.046604,ductal,1,acinar,acinar,human4
human4_lib1.final_cell_0253-3,45.168934,43.279423,beta,12,beta,beta,human4
human4_lib1.final_cell_0254-3,6.950458,-50.036037,alpha,11,alpha,alpha,human4
human4_lib1.final_cell_0255-3,0.5481763,-51.537643,alpha,11,alpha,alpha,human4
human4_lib1.final_cell_0256-3,-29.647076,60.01953,ductal,1,acinar,acinar,human4
human4_lib1.final_cell_0257-3,-70.58908,-13.092376,ductal,3,ductal,ductal,human4
human4_lib1.final_cell_0258-3,-2.4782944,-31.945492,alpha,11,alpha,alpha,human4
human4_lib1.final_cell_0259-3,7.3367133,-50.40146,alpha,11,alpha,alpha,human4
human4_lib1.final_cell_0260-3,-81.36392,-19.92323,ductal,3,ductal,ductal,human4
human4_lib1.final_cell_0261-3,35.162235,-6.678047,beta,12,beta,beta,human4
human4_lib1.final_cell_0262-3,39.53846,63.626335,beta,12,beta,beta,human4
human4_lib1.final_cell_0263-3,-2.3319778,-37.19691,alpha,11,alpha,alpha,human4
human4_lib1.final_cell_0264-3,-28.532207,64.259995,ductal,1,acinar,acinar,human4
human4_lib1.final_cell_0265-3,-47.674904,-65.952446,gamma,7,gamma,gamma,human4
human4_lib1.final_cell_0266-3,33.763542,30.10851,beta,12,beta,beta,human4
human4_lib1.final_cell_0267-3,5.6853404,26.537867,delta,8,delta,delta,human4
human4_lib1.final_cell_0268-3,-38.536366,-72.479164,gamma,7,gamma,gamma,human4
human4_lib1.final_cell_0269-3,43.797535,35.74325,beta,12,beta,beta,human4
human4_lib1.final_cell_0270-3,-65.156654,-13.55698,ductal,3,ductal,ductal,human4
human4_lib1.final_cell_0271-3,-78.56228,-6.15816,ductal,3,ductal,ductal,human4
human4_lib1.final_cell_0272-3,39.165066,13.822365,beta,12,beta,beta,human4
human4_lib1.final_cell_0273-3,-70.574776,-7.6345763,ductal,3,ductal,ductal,human4
human4_lib1.final_cell_0274-3,61.05253,-8.613433,beta,12,beta,beta,human4
human4_lib1.final_cell_0275-3,-0.13674906,-65.29598,alpha,11,alpha,alpha,human4
human4_lib1.final_cell_0276-3,53.888412,43.80646,beta,12,beta,beta,human4
human4_lib1.final_cell_0277-3,32.95156,43.015972,beta,12,beta,beta,human4
human4_lib1.final_cell_0278-3,47.417297,-15.054662,beta,12,beta,beta,human4
human4_lib1.final_cell_0279-3,14.048538,-53.0455,alpha,11,alpha,alpha,human4
human4_lib1.final_cell_0280-3,32.586018,46.802128,beta,12,beta,beta,human4
human4_lib1.final_cell_0281-3,7.0729666,-54.9967,alpha,11,alpha,alpha,human4
human4_lib1.final_cell_0282-3,40.899483,12.743199,beta,12,beta,beta,human4
human4_lib1.final_cell_0283-3,49.0979,-16.522776,beta,12,beta,beta,human4
human4_lib1.final_cell_0284-3,14.460566,-59.545082,alpha,11,alpha,alpha,human4
human4_lib1.final_cell_0285-3,-82.07662,-6.9151855,ductal,3,ductal,ductal,human4
human4_lib1.final_cell_0286-3,-20.935816,-47.098526,alpha,11,alpha,alpha,human4
human4_lib1.final_cell_0287-3,-81.54395,-7.065859,ductal,3,ductal,ductal,human4
human4_lib1.final_cell_0288-3,32.62418,36.285713,beta,12,beta,beta,human4
human4_lib1.final_cell_0289-3,-5.1321907,-37.31176,alpha,11,alpha,alpha,human4
human4_lib1.final_cell_0290-3,36.02823,54.47788,beta,12,beta,beta,human4
human4_lib1.final_cell_0291-3,43.21369,64.10259,beta,12,beta,beta,human4
human4_lib1.final_cell_0292-3,37.376724,35.640884,beta,12,beta,beta,human4
human4_lib1.final_cell_0293-3,47.239487,-19.979584,beta,12,beta,beta,human4
human4_lib1.final_cell_0294-3,-5.3119674,-37.56212,alpha,11,alpha,alpha,human4
human4_lib1.final_cell_0295-3,-91.54931,10.463814,macrophage,6,macrophage,macrophage,human4
human4_lib1.final_cell_0296-3,-3.381305,-48.36085,alpha,11,alpha,alpha,human4
human4_lib1.final_cell_0297-3,-8.688536,30.702208,delta,8,delta,delta,human4
human4_lib1.final_cell_0298-3,-48.9011,-65.98688,gamma,7,gamma,gamma,human4
human4_lib1.final_cell_0299-3,29.300322,9.07111,beta,12,beta,beta,human4
human4_lib1.final_cell_0300-3,29.277967,34.78236,beta,12,beta,beta,human4
human4_lib1.final_cell_0301-3,-0.66363066,26.972954,delta,8,delta,delta,human4
human4_lib1.final_cell_0302-3,-41.067127,53.39718,ductal,1,acinar,acinar,human4
human4_lib1.final_cell_0303-3,-74.59247,-12.127541,ductal,3,ductal,ductal,human4
human4_lib1.final_cell_0304-3,36.321842,46.40422,beta,12,beta,beta,human4
human4_lib1.final_cell_0305-3,40.234837,13.657034,beta,12,beta,beta,human4
human4_lib1.final_cell_0306-3,7.536044,-58.51478,alpha,11,alpha,alpha,human4
human4_lib1.final_cell_0307-3,34.06751,47.40495,beta,12,beta,beta,human4
human4_lib1.final_cell_0308-3,-3.5812397,-47.07196,alpha,11,alpha,alpha,human4
human4_lib1.final_cell_0309-3,-21.42537,-9.348668,activated_stellate,15,epsilon,quiescent_stellate,human4
human4_lib1.final_cell_0310-3,6.0651755,-50.66852,alpha,11,alpha,alpha,human4
human4_lib1.final_cell_0311-3,-41.108566,-70.51879,gamma,7,gamma,gamma,human4
human4_lib1.final_cell_0312-3,-1.4849733,28.072151,delta,8,delta,delta,human4
human4_lib1.final_cell_0313-3,37.96595,61.53973,beta,12,beta,beta,human4
human4_lib1.final_cell_0314-3,-4.6560326,-23.94355,alpha,11,alpha,alpha,human4
human4_lib1.final_cell_0315-3,21.896585,-54.456615,alpha,11,alpha,alpha,human4
human4_lib1.final_cell_0316-3,32.48526,13.074652,beta,12,beta,beta,human4
human4_lib1.final_cell_0317-3,0.9631942,19.296661,delta,8,delta,delta,human4
human4_lib1.final_cell_0318-3,3.9622443,11.583713,delta,15,epsilon,quiescent_stellate,human4
human4_lib1.final_cell_0319-3,1.6862171,28.273964,delta,8,delta,delta,human4
human4_lib1.final_cell_0320-3,-3.9389784,-32.23107,alpha,11,alpha,alpha,human4
human4_lib1.final_cell_0321-3,40.55515,13.399746,beta,12,beta,beta,human4
human4_lib1.final_cell_0322-3,38.70324,61.569344,beta,12,beta,beta,human4
human4_lib1.final_cell_0323-3,-27.390627,-5.450544,activated_stellate,10,activated_stellate,activated_stellate,human4
human4_lib1.final_cell_0324-3,-74.3397,-13.058344,ductal,3,ductal,ductal,human4
human4_lib1.final_cell_0325-3,28.769346,1.4156401,beta,12,beta,beta,human4
human4_lib1.final_cell_0326-3,-49.363865,-70.820625,epsilon,7,gamma,gamma,human4
human4_lib1.final_cell_0327-3,0.65484107,-48.629616,alpha,11,alpha,alpha,human4
human4_lib1.final_cell_0328-3,-46.496956,-64.5354,gamma,7,gamma,gamma,human4
human4_lib1.final_cell_0329-3,-39.966194,-63.12549,gamma,7,gamma,gamma,human4
human4_lib1.final_cell_0330-3,41.4216,69.712,beta,12,beta,beta,human4
human4_lib1.final_cell_0331-3,-49.888256,-64.27859,gamma,7,gamma,gamma,human4
human4_lib1.final_cell_0332-3,4.522897,-54.755203,alpha,11,alpha,alpha,human4
human4_lib1.final_cell_0333-3,0.49342355,-48.862225,alpha,11,alpha,alpha,human4
human4_lib1.final_cell_0334-3,43.99847,44.420353,beta,12,beta,beta,human4
human4_lib1.final_cell_0335-3,-0.7911176,-62.736164,alpha,11,alpha,alpha,human4
human4_lib1.final_cell_0336-3,-83.92113,-14.665313,ductal,3,ductal,ductal,human4
human4_lib1.final_cell_0337-3,-9.974883,26.32384,delta,8,delta,delta,human4
human4_lib1.final_cell_0338-3,9.022914,-66.94561,alpha,11,alpha,alpha,human4
human4_lib1.final_cell_0339-3,38.026848,27.371313,beta,12,beta,beta,human4
human4_lib1.final_cell_0340-3,30.771492,33.71912,beta,12,beta,beta,human4
human4_lib1.final_cell_0341-3,6.0448627,-54.364994,alpha,11,alpha,alpha,human4
human4_lib1.final_cell_0342-3,37.19719,60.719036,beta,12,beta,beta,human4
human4_lib1.final_cell_0343-3,-83.560486,-13.813535,ductal,3,ductal,ductal,human4
human4_lib1.final_cell_0344-3,12.851953,-50.318756,alpha,11,alpha,alpha,human4
human4_lib1.final_cell_0345-3,-3.543349,-49.930813,alpha,11,alpha,alpha,human4
human4_lib1.final_cell_0346-3,-79.428505,-18.94179,ductal,3,ductal,ductal,human4
human4_lib1.final_cell_0347-3,0.8922258,28.16273,delta,8,delta,delta,human4
human4_lib1.final_cell_0348-3,41.685127,37.318554,beta,12,beta,beta,human4
human4_lib1.final_cell_0349-3,-91.54712,11.298793,macrophage,6,macrophage,macrophage,human4
human4_lib1.final_cell_0350-3,3.4994366,-51.889194,alpha,11,alpha,alpha,human4
human4_lib1.final_cell_0351-3,-80.96869,-8.053972,ductal,3,ductal,ductal,human4
human4_lib1.final_cell_0352-3,39.78774,-17.153425,beta,12,beta,beta,human4
human4_lib1.final_cell_0353-3,-1.9283272,-52.145493,alpha,11,alpha,alpha,human4
human4_lib1.final_cell_0354-3,-30.002644,-1.0527917,activated_stellate,10,activated_stellate,activated_stellate,human4
human4_lib1.final_cell_0355-3,-58.11092,3.9241838,ductal,3,ductal,ductal,human4
human4_lib1.final_cell_0356-3,44.290318,71.09977,beta,12,beta,beta,human4
human4_lib1.final_cell_0357-3,-2.5135567,-30.38158,alpha,11,alpha,alpha,human4
human4_lib1.final_cell_0358-3,33.42276,-10.995654,beta,12,beta,beta,human4
human4_lib1.final_cell_0359-3,41.42409,67.2278,beta,12,beta,beta,human4
human4_lib1.final_cell_0360-3,-76.46537,40.73452,ductal,2,Unmatched_2,ductal,human4
human4_lib1.final_cell_0361-3,-55.371414,24.445557,endothelial,0,endothelial,endothelial,human4
human4_lib1.final_cell_0362-3,-65.1455,4.28724,ductal,3,ductal,ductal,human4
human4_lib1.final_cell_0363-3,6.0255013,-54.2594,alpha,11,alpha,alpha,human4
human4_lib1.final_cell_0364-3,-80.972046,-14.001904,ductal,3,ductal,ductal,human4
human4_lib1.final_cell_0365-3,-40.461033,-72.84214,gamma,7,gamma,gamma,human4
human4_lib1.final_cell_0366-3,42.7302,0.1460653,beta,12,beta,beta,human4
human4_lib1.final_cell_0367-3,-26.261951,-7.889522,activated_stellate,10,activated_stellate,activated_stellate,human4
human4_lib1.final_cell_0368-3,33.388885,26.005903,beta,12,beta,beta,human4
human4_lib1.final_cell_0369-3,-1.7478681,-42.398746,alpha,11,alpha,alpha,human4
human4_lib1.final_cell_0370-3,-0.13817942,-48.499348,alpha,11,alpha,alpha,human4
human4_lib1.final_cell_0371-3,-37.4138,4.3590627,activated_stellate,10,activated_stellate,activated_stellate,human4
human4_lib1.final_cell_0372-3,-75.65668,-16.260544,ductal,3,ductal,ductal,human4
human4_lib1.final_cell_0373-3,14.835553,-52.068005,alpha,11,alpha,alpha,human4
human4_lib1.final_cell_0374-3,43.562626,68.392204,beta,12,beta,beta,human4
human4_lib1.final_cell_0375-3,27.901655,9.355746,beta,12,beta,beta,human4
human4_lib1.final_cell_0376-3,8.766014,-60.226624,alpha,11,alpha,alpha,human4
human4_lib1.final_cell_0377-3,5.764757,23.872307,delta,8,delta,delta,human4
human4_lib1.final_cell_0378-3,31.456429,14.452438,beta,12,beta,beta,human4
human4_lib1.final_cell_0379-3,-62.384197,-17.917852,ductal,3,ductal,ductal,human4
human4_lib1.final_cell_0380-3,64.45894,-7.372297,beta,12,beta,beta,human4
human4_lib1.final_cell_0381-3,34.157475,45.23697,beta,12,beta,beta,human4
human4_lib1.final_cell_0382-3,38.539013,16.025324,beta,12,beta,beta,human4
human4_lib1.final_cell_0383-3,44.778984,68.743904,beta,12,beta,beta,human4
human4_lib1.final_cell_0384-3,-10.521335,-60.3044,alpha,11,alpha,alpha,human4
human4_lib1.final_cell_0385-3,38.823048,43.175873,beta,12,beta,beta,human4
human4_lib1.final_cell_0386-3,6.792947,-49.963642,alpha,11,alpha,alpha,human4
human4_lib1.final_cell_0387-3,-12.340885,20.484636,delta,8,delta,delta,human4
human4_lib1.final_cell_0388-3,-38.163094,-72.68076,gamma,7,gamma,gamma,human4
human4_lib1.final_cell_0389-3,46.10902,70.399315,beta,12,beta,beta,human4
human4_lib1.final_cell_0390-3,12.9805355,25.440573,beta,8,delta,delta,human4
human4_lib1.final_cell_0391-3,15.250997,-52.875885,alpha,11,alpha,alpha,human4
human4_lib1.final_cell_0392-3,-6.0219207,-12.658992,alpha,11,alpha,alpha,human4
human4_lib1.final_cell_0393-3,4.866934,29.028782,delta,8,delta,delta,human4
human4_lib1.final_cell_0394-3,19.518803,-59.140865,alpha,11,alpha,alpha,human4
human4_lib1.final_cell_0395-3,-42.957386,-66.18642,gamma,7,gamma,gamma,human4
human4_lib1.final_cell_0396-3,42.539005,42.675133,beta,12,beta,beta,human4
human4_lib1.final_cell_0397-3,39.98876,38.206547,beta,12,beta,beta,human4
human4_lib1.final_cell_0398-3,37.209713,55.376884,beta,12,beta,beta,human4
human4_lib1.final_cell_0399-3,-67.03778,-20.60883,ductal,3,ductal,ductal,human4
human4_lib1.final_cell_0400-3,-24.334352,-12.126536,activated_stellate,10,activated_stellate,activated_stellate,human4
human4_lib1.final_cell_0401-3,27.150984,12.857654,beta,12,beta,beta,human4
human4_lib1.final_cell_0402-3,-33.95822,57.9545,ductal,1,acinar,acinar,human4
human4_lib1.final_cell_0403-3,48.928288,-12.58795,beta,12,beta,beta,human4
human4_lib1.final_cell_0404-3,42.634586,67.64216,beta,12,beta,beta,human4
human4_lib1.final_cell_0405-3,41.42661,59.932655,beta,12,beta,beta,human4
human4_lib1.final_cell_0406-3,6.1153855,18.666224,delta,8,delta,delta,human4
human4_lib1.final_cell_0407-3,37.446014,2.0933688,beta,12,beta,beta,human4
human4_lib1.final_cell_0408-3,1.886371,-47.18751,alpha,11,alpha,alpha,human4
human4_lib1.final_cell_0409-3,40.339146,65.04956,beta,12,beta,beta,human4
human4_lib1.final_cell_0410-3,46.730175,58.307423,beta,12,beta,beta,human4
human4_lib1.final_cell_0411-3,37.668297,-14.472449,beta,12,beta,beta,human4
human4_lib1.final_cell_0412-3,29.268513,14.752247,beta,12,beta,beta,human4
human4_lib1.final_cell_0413-3,-79.70794,-13.966596,ductal,3,ductal,ductal,human4
human4_lib1.final_cell_0414-3,47.85283,67.83637,beta,12,beta,beta,human4
human4_lib1.final_cell_0415-3,1.3701628,11.245631,beta,8,delta,delta,human4
human4_lib1.final_cell_0416-3,-4.7863674,-32.079235,alpha,11,alpha,alpha,human4
human4_lib1.final_cell_0417-3,56.25483,46.791245,beta,12,beta,beta,human4
human4_lib1.final_cell_0418-3,48.008434,66.89892,beta,12,beta,beta,human4
human4_lib1.final_cell_0419-3,-0.73150945,19.017466,delta,8,delta,delta,human4
human4_lib1.final_cell_0420-3,-75.64502,-16.430424,ductal,3,ductal,ductal,human4
human4_lib1.final_cell_0421-3,13.016868,-51.60608,alpha,11,alpha,alpha,human4
human4_lib1.final_cell_0422-3,-61.34471,-19.264153,ductal,3,ductal,ductal,human4
human4_lib1.final_cell_0423-3,37.426643,7.133077,beta,12,beta,beta,human4
human4_lib1.final_cell_0424-3,14.318453,-47.203094,alpha,11,alpha,alpha,human4
human4_lib1.final_cell_0425-3,-56.892437,22.339476,endothelial,0,endothelial,endothelial,human4
human4_lib1.final_cell_0426-3,39.327442,52.62158,beta,12,beta,beta,human4
human4_lib1.final_cell_0427-3,42.810093,57.203808,beta,12,beta,beta,human4
human4_lib1.final_cell_0428-3,17.833408,-56.681824,alpha,11,alpha,alpha,human4
human4_lib1.final_cell_0429-3,32.787453,10.720709,beta,12,beta,beta,human4
human4_lib1.final_cell_0430-3,45.825253,-1.7478638,beta,15,epsilon,quiescent_stellate,human4
human4_lib1.final_cell_0431-3,38.394432,14.2579365,beta,12,beta,beta,human4
human4_lib1.final_cell_0432-3,35.719032,-6.37756,beta,12,beta,beta,human4
human4_lib1.final_cell_0433-3,43.202248,70.73846,beta,12,beta,beta,human4
human4_lib1.final_cell_0434-3,53.85151,41.335735,beta,12,beta,beta,human4
human4_lib1.final_cell_0435-3,-15.856165,-59.031166,alpha,11,alpha,alpha,human4
human4_lib1.final_cell_0436-3,10.654325,24.109903,beta,8,delta,delta,human4
human4_lib1.final_cell_0437-3,-40.13444,-64.56629,beta,7,gamma,gamma,human4
human4_lib1.final_cell_0438-3,-76.21936,-9.608278,ductal,3,ductal,ductal,human4
human4_lib1.final_cell_0439-3,-84.18539,-18.598291,ductal,3,ductal,ductal,human4
human4_lib1.final_cell_0440-3,-24.702404,-8.654988,activated_stellate,10,activated_stellate,activated_stellate,human4
human4_lib1.final_cell_0441-3,25.375118,-58.130672,alpha,11,alpha,alpha,human4
human4_lib1.final_cell_0442-3,-3.8217726,-33.782696,alpha,11,alpha,alpha,human4
human4_lib1.final_cell_0443-3,17.663496,-67.27126,alpha,11,alpha,alpha,human4
human4_lib1.final_cell_0444-3,30.73275,-5.1518,beta,12,beta,beta,human4
human4_lib1.final_cell_0445-3,34.93809,40.142456,beta,12,beta,beta,human4
human4_lib1.final_cell_0446-3,-63.170166,-14.790507,ductal,3,ductal,ductal,human4
human4_lib1.final_cell_0447-3,-38.291466,17.655025,activated_stellate,15,epsilon,quiescent_stellate,human4
human4_lib1.final_cell_0448-3,-20.953102,-47.234787,alpha,11,alpha,alpha,human4
human4_lib1.final_cell_0449-3,-37.63776,-72.887924,gamma,7,gamma,gamma,human4
human4_lib1.final_cell_0450-3,-27.053242,25.344423,quiescent_stellate,15,epsilon,quiescent_stellate,human4
human4_lib1.final_cell_0451-3,26.868397,11.212647,beta,12,beta,beta,human4
human4_lib1.final_cell_0452-3,-75.26149,41.92081,ductal,2,Unmatched_2,ductal,human4
human4_lib1.final_cell_0453-3,5.5690527,17.437382,delta,8,delta,delta,human4
human4_lib1.final_cell_0454-3,44.818768,66.96586,beta,12,beta,beta,human4
human4_lib1.final_cell_0455-3,-41.73024,65.175026,ductal,1,acinar,acinar,human4
human4_lib1.final_cell_0456-3,41.69243,59.995785,beta,12,beta,beta,human4
human4_lib1.final_cell_0457-3,13.400586,-50.318897,alpha,11,alpha,alpha,human4
human4_lib1.final_cell_0458-3,-39.78416,-63.362755,gamma,7,gamma,gamma,human4
human4_lib1.final_cell_0459-3,33.82324,46.177937,beta,12,beta,beta,human4
human4_lib1.final_cell_0460-3,-5.0108995,-37.978043,alpha,11,alpha,alpha,human4
human4_lib1.final_cell_0461-3,42.5601,-6.077735,beta,12,beta,beta,human4
human4_lib1.final_cell_0462-3,-83.802216,-10.635052,ductal,3,ductal,ductal,human4
human4_lib1.final_cell_0463-3,38.728424,26.98261,beta,12,beta,beta,human4
human4_lib1.final_cell_0464-3,-45.943237,-59.847755,gamma,7,gamma,gamma,human4
human4_lib1.final_cell_0465-3,37.98897,65.699066,beta,12,beta,beta,human4
human4_lib1.final_cell_0466-3,-73.876175,43.79648,ductal,2,Unmatched_2,ductal,human4
human4_lib1.final_cell_0467-3,34.042984,22.711979,beta,12,beta,beta,human4
human4_lib1.final_cell_0468-3,-69.00688,-8.105018,ductal,3,ductal,ductal,human4
human4_lib1.final_cell_0469-3,-28.028938,51.219376,ductal,1,acinar,acinar,human4
human4_lib1.final_cell_0470-3,-46.36901,-68.5069,gamma,7,gamma,gamma,human4
human4_lib1.final_cell_0471-3,-31.7829,-1.6752293,activated_stellate,10,activated_stellate,activated_stellate,human4
human4_lib1.final_cell_0472-3,-3.4875104,-39.475517,alpha,11,alpha,alpha,human4
human4_lib1.final_cell_0473-3,5.2362328,-64.14522,alpha,11,alpha,alpha,human4
human4_lib1.final_cell_0474-3,44.724968,62.140923,beta,12,beta,beta,human4
human4_lib1.final_cell_0475-3,34.65673,21.975157,beta,12,beta,beta,human4
human4_lib1.final_cell_0476-3,33.511578,28.648827,beta,12,beta,beta,human4
human4_lib1.final_cell_0477-3,12.591804,-63.97458,alpha,11,alpha,alpha,human4
human4_lib1.final_cell_0478-3,29.317574,35.0422,beta,12,beta,beta,human4
human4_lib1.final_cell_0479-3,3.0066183,-50.565834,alpha,11,alpha,alpha,human4
human4_lib1.final_cell_0480-3,6.5807657,-68.358986,alpha,11,alpha,alpha,human4
human4_lib1.final_cell_0481-3,-5.5791354,-31.016989,alpha,11,alpha,alpha,human4
human4_lib1.final_cell_0482-3,44.180588,70.26015,beta,12,beta,beta,human4
human4_lib1.final_cell_0483-3,12.078295,-58.830135,alpha,11,alpha,alpha,human4
human4_lib1.final_cell_0484-3,-46.116932,-64.52557,gamma,7,gamma,gamma,human4
human4_lib1.final_cell_0485-3,-51.87399,27.209782,endothelial,0,endothelial,endothelial,human4
human4_lib1.final_cell_0486-3,39.198536,69.2985,beta,12,beta,beta,human4
human4_lib1.final_cell_0487-3,4.2842765,-69.313835,alpha,11,alpha,alpha,human4
human4_lib1.final_cell_0488-3,-40.907406,-64.54167,gamma,7,gamma,gamma,human4
human4_lib1.final_cell_0489-3,36.383636,40.639763,beta,12,beta,beta,human4
human4_lib1.final_cell_0490-3,51.336765,39.051434,beta,12,beta,beta,human4
human4_lib1.final_cell_0491-3,53.141884,41.943295,beta,12,beta,beta,human4
human4_lib1.final_cell_0492-3,-77.28837,-10.885236,ductal,3,ductal,ductal,human4
human4_lib1.final_cell_0493-3,-27.921099,2.1136086,activated_stellate,10,activated_stellate,activated_stellate,human4
human4_lib1.final_cell_0494-3,6.107842,27.315233,delta,8,delta,delta,human4
human4_lib1.final_cell_0495-3,-24.204273,-10.208708,activated_stellate,10,activated_stellate,activated_stellate,human4
human4_lib1.final_cell_0496-3,-73.84901,-7.6699514,ductal,3,ductal,ductal,human4
human4_lib1.final_cell_0497-3,40.045273,67.475945,beta,12,beta,beta,human4
human4_lib1.final_cell_0498-3,-1.6410178,-31.303673,alpha,11,alpha,alpha,human4
human4_lib1.final_cell_0499-3,37.70421,-14.2002945,beta,12,beta,beta,human4
human4_lib1.final_cell_0500-3,40.22998,66.32915,beta,12,beta,beta,human4
human4_lib1.final_cell_0501-3,33.95014,45.269573,beta,12,beta,beta,human4
human4_lib1.final_cell_0502-3,0.49157983,7.9026604,beta,8,delta,delta,human4
human4_lib1.final_cell_0503-3,-3.5802171,9.642389,beta,8,delta,delta,human4
human4_lib1.final_cell_0504-3,33.04756,29.451479,beta,12,beta,beta,human4
human4_lib1.final_cell_0505-3,-41.372543,-72.71472,gamma,7,gamma,gamma,human4
human4_lib1.final_cell_0506-3,-29.16123,20.256,activated_stellate,15,epsilon,quiescent_stellate,human4
human4_lib1.final_cell_0507-3,-67.169586,3.500717,ductal,3,ductal,ductal,human4
human4_lib1.final_cell_0508-3,-6.610721,-26.042107,alpha,11,alpha,alpha,human4
human4_lib1.final_cell_0509-3,52.42809,44.0148,beta,12,beta,beta,human4
human4_lib1.final_cell_0510-3,57.77517,-11.99951,beta,12,beta,beta,human4
human4_lib1.final_cell_0511-3,-0.61747086,-44.2458,alpha,11,alpha,alpha,human4
human4_lib1.final_cell_0512-3,43.77835,35.738052,beta,12,beta,beta,human4
human4_lib1.final_cell_0513-3,-41.207325,-65.90502,beta,7,gamma,gamma,human4
human4_lib1.final_cell_0514-3,27.180822,-1.756188,beta,12,beta,beta,human4
human4_lib1.final_cell_0515-3,27.188747,17.528898,beta,12,beta,beta,human4
human4_lib1.final_cell_0516-3,43.58844,67.89267,beta,12,beta,beta,human4
human4_lib1.final_cell_0517-3,-44.025894,-70.899475,gamma,7,gamma,gamma,human4
human4_lib1.final_cell_0518-3,-0.5002004,-42.96042,alpha,11,alpha,alpha,human4
human4_lib1.final_cell_0519-3,-3.1316576,-30.432026,alpha,11,alpha,alpha,human4
human4_lib1.final_cell_0520-3,-84.4983,-13.642276,ductal,3,ductal,ductal,human4
human4_lib1.final_cell_0521-3,28.476078,10.713212,beta,12,beta,beta,human4
human4_lib1.final_cell_0522-3,38.367176,-16.550365,beta,12,beta,beta,human4
human4_lib1.final_cell_0523-3,46.984406,71.99387,beta,12,beta,beta,human4
human4_lib1.final_cell_0524-3,38.97294,66.445244,beta,12,beta,beta,human4
human4_lib1.final_cell_0525-3,39.405014,62.484432,beta,12,beta,beta,human4
human4_lib1.final_cell_0526-3,-82.62376,-12.223999,ductal,3,ductal,ductal,human4
human4_lib1.final_cell_0527-3,35.58433,57.554794,beta,12,beta,beta,human4
human4_lib1.final_cell_0528-3,-81.5129,-13.372239,ductal,3,ductal,ductal,human4
human4_lib1.final_cell_0529-3,37.310406,39.02059,beta,12,beta,beta,human4
human4_lib1.final_cell_0530-3,8.165036,26.264608,delta,8,delta,delta,human4
human4_lib1.final_cell_0531-3,33.32029,-7.9531612,beta,12,beta,beta,human4
human4_lib1.final_cell_0532-3,34.200542,-8.434138,beta,12,beta,beta,human4
human4_lib1.final_cell_0533-3,8.661857,21.30184,delta,8,delta,delta,human4
human4_lib1.final_cell_0534-3,-81.50912,-12.185808,ductal,3,ductal,ductal,human4
human4_lib1.final_cell_0535-3,39.092148,10.236016,beta,12,beta,beta,human4
human4_lib1.final_cell_0536-3,-28.53987,-44.86534,alpha,11,alpha,alpha,human4
human4_lib1.final_cell_0537-3,35.50313,-6.850313,beta,12,beta,beta,human4
human4_lib1.final_cell_0538-3,26.754017,12.504575,beta,12,beta,beta,human4
human4_lib1.final_cell_0539-3,40.16245,-15.300307,beta,12,beta,beta,human4
human4_lib1.final_cell_0540-3,-83.94064,-19.275162,ductal,3,ductal,ductal,human4
human4_lib1.final_cell_0541-3,15.401448,-52.87416,alpha,11,alpha,alpha,human4
human4_lib1.final_cell_0542-3,56.54898,46.752357,beta,12,beta,beta,human4
human4_lib1.final_cell_0543-3,48.821293,36.107204,beta,12,beta,beta,human4
human4_lib1.final_cell_0544-3,-76.76457,40.92374,ductal,2,Unmatched_2,ductal,human4
human4_lib1.final_cell_0545-3,-2.0207255,-54.467,alpha,11,alpha,alpha,human4
human4_lib1.final_cell_0546-3,43.324783,23.07314,beta,12,beta,beta,human4
human4_lib1.final_cell_0547-3,19.340775,-47.58211,alpha,11,alpha,alpha,human4
human4_lib1.final_cell_0548-3,-29.227095,0.17959101,activated_stellate,10,activated_stellate,activated_stellate,human4
human4_lib1.final_cell_0549-3,-23.88137,-10.153603,activated_stellate,10,activated_stellate,activated_stellate,human4
human4_lib1.final_cell_0550-3,10.94624,26.706553,delta,8,delta,delta,human4
human4_lib1.final_cell_0551-3,46.961006,-16.827652,beta,12,beta,beta,human4
human4_lib1.final_cell_0552-3,41.722183,29.72429,beta,12,beta,beta,human4
human4_lib1.final_cell_0553-3,43.22854,70.54863,beta,12,beta,beta,human4
human4_lib1.final_cell_0554-3,-50.5055,-0.56433725,ductal,3,ductal,ductal,human4
human4_lib1.final_cell_0555-3,28.540941,54.087612,beta,12,beta,beta,human4
human4_lib1.final_cell_0556-3,-82.09302,-11.82591,ductal,3,ductal,ductal,human4
human4_lib1.final_cell_0557-3,46.244736,44.614162,beta,12,beta,beta,human4
human4_lib1.final_cell_0558-3,1.7778549,-50.359463,alpha,11,alpha,alpha,human4
human4_lib1.final_cell_0559-3,-75.596054,-4.0059004,ductal,3,ductal,ductal,human4
human4_lib1.final_cell_0560-3,-4.56173,-32.27144,alpha,11,alpha,alpha,human4
human4_lib1.final_cell_0561-3,-49.89941,-63.725525,gamma,7,gamma,gamma,human4
human4_lib1.final_cell_0562-3,28.97245,-71.8699,alpha,11,alpha,alpha,human4
human4_lib1.final_cell_0563-3,56.72162,45.951046,beta,12,beta,beta,human4
human4_lib1.final_cell_0564-3,-71.87098,-0.8201519,ductal,3,ductal,ductal,human4
human4_lib1.final_cell_0565-3,25.278631,12.016013,beta,12,beta,beta,human4
human4_lib1.final_cell_0566-3,-72.05612,-3.2957358,ductal,3,ductal,ductal,human4
human4_lib1.final_cell_0567-3,26.968863,12.687846,beta,12,beta,beta,human4
human4_lib1.final_cell_0568-3,-87.71891,17.60265,t_cell,5,t_cell,t_cell,human4
human4_lib1.final_cell_0569-3,13.097757,-47.45046,alpha,11,alpha,alpha,human4
human4_lib1.final_cell_0570-3,-37.793587,-72.94201,gamma,7,gamma,gamma,human4
human4_lib1.final_cell_0571-3,-0.3830188,8.823354,delta,8,delta,delta,human4
human4_lib1.final_cell_0572-3,-52.207897,30.133055,endothelial,0,endothelial,endothelial,human4
human4_lib1.final_cell_0573-3,-5.2935624,-25.275124,alpha,11,alpha,alpha,human4
human4_lib1.final_cell_0574-3,18.792189,-47.464348,alpha,11,alpha,alpha,human4
human4_lib1.final_cell_0575-3,-37.442097,-65.100105,gamma,7,gamma,gamma,human4
human4_lib1.final_cell_0576-3,56.558575,-11.070632,beta,12,beta,beta,human4
human4_lib1.final_cell_0577-3,46.99755,-19.795622,beta,12,beta,beta,human4
human4_lib1.final_cell_0578-3,-29.737894,20.888992,quiescent_stellate,13,quiescent_stellate,quiescent_stellate,human4
human4_lib1.final_cell_0579-3,-90.90733,12.047675,macrophage,6,macrophage,macrophage,human4
human4_lib1.final_cell_0580-3,-49.39369,-63.75117,gamma,7,gamma,gamma,human4
human4_lib1.final_cell_0581-3,10.752018,-48.039143,alpha,11,alpha,alpha,human4
human4_lib1.final_cell_0582-3,55.28688,45.804462,beta,12,beta,beta,human4
human4_lib1.final_cell_0583-3,29.101402,3.6119213,beta,12,beta,beta,human4
human4_lib1.final_cell_0584-3,-42.83434,49.925438,ductal,1,acinar,acinar,human4
human4_lib1.final_cell_0585-3,-63.764328,6.153791,ductal,3,ductal,ductal,human4
human4_lib1.final_cell_0586-3,35.15554,42.35667,beta,12,beta,beta,human4
human4_lib1.final_cell_0587-3,34.960777,48.831116,beta,12,beta,beta,human4
human4_lib1.final_cell_0588-3,-1.8381178,-41.02311,alpha,11,alpha,alpha,human4
human4_lib1.final_cell_0589-3,42.180695,-14.5161495,beta,12,beta,beta,human4
human4_lib1.final_cell_0590-3,-83.69299,-12.562023,ductal,3,ductal,ductal,human4
human4_lib1.final_cell_0591-3,1.2180805,-49.510414,alpha,11,alpha,alpha,human4
human4_lib1.final_cell_0592-3,-63.771282,5.807624,ductal,3,ductal,ductal,human4
human4_lib1.final_cell_0593-3,19.336306,-47.08473,alpha,11,alpha,alpha,human4
human4_lib1.final_cell_0594-3,-31.141747,2.977007,activated_stellate,15,epsilon,quiescent_stellate,human4
human4_lib1.final_cell_0595-3,-63.85864,5.618179,ductal,3,ductal,ductal,human4
human4_lib1.final_cell_0596-3,-76.17004,-6.9147925,ductal,3,ductal,ductal,human4
human4_lib1.final_cell_0597-3,32.55757,-2.030372,beta,12,beta,beta,human4
human4_lib1.final_cell_0598-3,12.934311,25.622704,beta,8,delta,delta,human4
human4_lib1.final_cell_0599-3,-63.836277,5.0486174,ductal,3,ductal,ductal,human4
human4_lib1.final_cell_0600-3,-76.64553,40.45736,ductal,2,Unmatched_2,ductal,human4
human4_lib1.final_cell_0601-3,-82.543335,-12.844972,ductal,3,ductal,ductal,human4
human4_lib1.final_cell_0602-3,-83.72018,-10.562198,ductal,3,ductal,ductal,human4
human4_lib3.final_cell_0001-3,35.771732,50.441204,beta,12,beta,beta,human4
human4_lib3.final_cell_0002-3,-8.768212,30.523426,delta,8,delta,delta,human4
human4_lib3.final_cell_0003-3,-2.1600602,28.222437,delta,8,delta,delta,human4
human4_lib3.final_cell_0004-3,38.05373,25.93457,beta,12,beta,beta,human4
human4_lib3.final_cell_0005-3,-33.829536,57.485973,ductal,1,acinar,acinar,human4
human4_lib3.final_cell_0006-3,-41.87124,54.004032,ductal,1,acinar,acinar,human4
human4_lib3.final_cell_0007-3,33.87277,41.88069,beta,12,beta,beta,human4
human4_lib3.final_cell_0008-3,-28.496794,60.549152,ductal,1,acinar,acinar,human4
human4_lib3.final_cell_0009-3,-76.22784,39.8773,ductal,2,Unmatched_2,ductal,human4
human4_lib3.final_cell_0010-3,37.7596,57.277187,beta,12,beta,beta,human4
human4_lib3.final_cell_0011-3,-82.68987,-15.126614,ductal,3,ductal,ductal,human4
human4_lib3.final_cell_0012-3,30.409822,4.400007,beta,12,beta,beta,human4
human4_lib3.final_cell_0013-3,-38.74695,59.74368,ductal,1,acinar,acinar,human4
human4_lib3.final_cell_0014-3,-38.437252,57.754684,ductal,1,acinar,acinar,human4
human4_lib3.final_cell_0015-3,-42.675846,49.7895,ductal,1,acinar,acinar,human4
human4_lib3.final_cell_0016-3,31.348536,5.7990894,beta,12,beta,beta,human4
human4_lib3.final_cell_0017-3,-45.4833,50.74023,ductal,1,acinar,acinar,human4
human4_lib3.final_cell_0018-3,-10.563232,19.908821,delta,8,delta,delta,human4
human4_lib3.final_cell_0019-3,-3.6784554,-29.319153,alpha,11,alpha,alpha,human4
human4_lib3.final_cell_0020-3,-39.719185,52.38535,ductal,1,acinar,acinar,human4
human4_lib3.final_cell_0021-3,-39.247982,56.542095,ductal,1,acinar,acinar,human4
human4_lib3.final_cell_0022-3,-75.63884,-6.5578837,ductal,3,ductal,ductal,human4
human4_lib3.final_cell_0023-3,-28.939579,-7.075948,activated_stellate,10,activated_stellate,activated_stellate,human4
human4_lib3.final_cell_0024-3,38.235424,-10.754065,beta,12,beta,beta,human4
human4_lib3.final_cell_0025-3,39.540676,60.596554,beta,12,beta,beta,human4
human4_lib3.final_cell_0026-3,-3.7160618,29.26042,delta,8,delta,delta,human4
human4_lib3.final_cell_0027-3,31.59757,-2.3307703,beta,12,beta,beta,human4
human4_lib3.final_cell_0028-3,-41.437286,52.946,ductal,1,acinar,acinar,human4
human4_lib3.final_cell_0029-3,39.309124,20.77897,beta,12,beta,beta,human4
human4_lib3.final_cell_0030-3,0.5267516,33.23142,delta,8,delta,delta,human4
human4_lib3.final_cell_0031-3,-41.797585,54.741997,ductal,1,acinar,acinar,human4
human4_lib3.final_cell_0032-3,2.5056448,-53.972332,alpha,11,alpha,alpha,human4
human4_lib3.final_cell_0033-3,-11.199942,23.428091,delta,8,delta,delta,human4
human4_lib3.final_cell_0034-3,32.744884,41.505634,beta,12,beta,beta,human4
human4_lib3.final_cell_0035-3,-40.058353,58.41894,ductal,1,acinar,acinar,human4
human4_lib3.final_cell_0036-3,-9.575243,26.160437,delta,8,delta,delta,human4
human4_lib3.final_cell_0037-3,40.997505,-16.531471,beta,12,beta,beta,human4
human4_lib3.final_cell_0038-3,-42.660812,62.687824,ductal,1,acinar,acinar,human4
human4_lib3.final_cell_0039-3,-5.165224,32.097393,delta,8,delta,delta,human4
human4_lib3.final_cell_0040-3,40.896706,28.364243,beta,12,beta,beta,human4
human4_lib3.final_cell_0041-3,36.58477,56.433712,beta,12,beta,beta,human4
human4_lib3.final_cell_0042-3,45.45233,59.52768,beta,12,beta,beta,human4
human4_lib3.final_cell_0043-3,-67.088974,3.9676857,ductal,3,ductal,ductal,human4
human4_lib3.final_cell_0044-3,-42.50999,50.095844,ductal,1,acinar,acinar,human4
human4_lib3.final_cell_0045-3,-66.06481,-20.288067,ductal,3,ductal,ductal,human4
human4_lib3.final_cell_0046-3,-66.2086,0.24364193,ductal,3,ductal,ductal,human4
human4_lib3.final_cell_0047-3,9.841195,25.673065,delta,8,delta,delta,human4
human4_lib3.final_cell_0048-3,3.3985212,-48.72033,alpha,11,alpha,alpha,human4
human4_lib3.final_cell_0049-3,-42.0501,51.997303,ductal,1,acinar,acinar,human4
human4_lib3.final_cell_0050-3,-10.684037,23.595772,delta,8,delta,delta,human4
human4_lib3.final_cell_0051-3,30.66341,23.985374,beta,12,beta,beta,human4
human4_lib3.final_cell_0052-3,42.49106,36.21962,beta,12,beta,beta,human4
human4_lib3.final_cell_0053-3,5.4640913,26.591877,delta,8,delta,delta,human4
human4_lib3.final_cell_0054-3,-52.895203,-15.636688,ductal,3,ductal,ductal,human4
human4_lib3.final_cell_0055-3,-79.4403,-3.89289,ductal,3,ductal,ductal,human4
human4_lib3.final_cell_0056-3,-7.605805,30.777117,delta,8,delta,delta,human4
human4_lib3.final_cell_0057-3,-41.7059,61.12522,ductal,1,acinar,acinar,human4
human4_lib3.final_cell_0058-3,-2.7001932,29.552189,delta,8,delta,delta,human4
human4_lib3.final_cell_0059-3,-25.813139,-4.315585,activated_stellate,10,activated_stellate,activated_stellate,human4
human4_lib3.final_cell_0060-3,3.2369573,-53.547348,alpha,11,alpha,alpha,human4
human4_lib3.final_cell_0061-3,31.138657,6.9816747,beta,12,beta,beta,human4
human4_lib3.final_cell_0062-3,-83.16739,-13.878851,ductal,3,ductal,ductal,human4
human4_lib3.final_cell_0063-3,-39.85597,58.383827,ductal,1,acinar,acinar,human4
human4_lib3.final_cell_0064-3,-92.57332,10.069452,macrophage,6,macrophage,macrophage,human4
human4_lib3.final_cell_0065-3,45.790066,46.433556,beta,12,beta,beta,human4
human4_lib3.final_cell_0066-3,28.6388,2.6793668,beta,12,beta,beta,human4
human4_lib3.final_cell_0067-3,38.082767,4.033682,beta,12,beta,beta,human4
human4_lib3.final_cell_0068-3,34.56952,22.341888,beta,12,beta,beta,human4
human4_lib3.final_cell_0069-3,-62.525467,-19.926155,ductal,3,ductal,ductal,human4
human4_lib3.final_cell_0070-3,5.998898,19.05439,delta,8,delta,delta,human4
human4_lib3.final_cell_0071-3,-40.25197,58.73043,ductal,1,acinar,acinar,human4
human4_lib3.final_cell_0072-3,-26.949076,-7.856302,activated_stellate,10,activated_stellate,activated_stellate,human4
human4_lib3.final_cell_0073-3,7.75888,-50.43927,alpha,11,alpha,alpha,human4
human4_lib3.final_cell_0074-3,-9.365973,25.467094,delta,8,delta,delta,human4
human4_lib3.final_cell_0075-3,-31.723818,60.203697,ductal,1,acinar,acinar,human4
human4_lib3.final_cell_0076-3,52.1792,-3.7518332,ductal,15,epsilon,quiescent_stellate,human4
human4_lib3.final_cell_0077-3,40.064857,43.893753,beta,12,beta,beta,human4
human4_lib3.final_cell_0078-3,46.526737,-19.166653,beta,12,beta,beta,human4
human4_lib3.final_cell_0079-3,-39.53534,56.94987,ductal,1,acinar,acinar,human4
human4_lib3.final_cell_0080-3,-10.705958,16.116596,delta,8,delta,delta,human4
human4_lib3.final_cell_0081-3,38.49479,28.004417,beta,12,beta,beta,human4
human4_lib3.final_cell_0082-3,-1.4296173,-48.422398,alpha,11,alpha,alpha,human4
human4_lib3.final_cell_0083-3,3.807307,24.229538,delta,8,delta,delta,human4
human4_lib3.final_cell_0084-3,-50.208,-64.78579,gamma,7,gamma,gamma,human4
human4_lib3.final_cell_0085-3,57.63769,-10.678524,beta,12,beta,beta,human4
human4_lib3.final_cell_0086-3,-73.69553,-16.38746,ductal,3,ductal,ductal,human4
human4_lib3.final_cell_0087-3,12.870346,-52.66664,alpha,11,alpha,alpha,human4
human4_lib3.final_cell_0088-3,-7.3047643,-60.341446,alpha,11,alpha,alpha,human4
human4_lib3.final_cell_0089-3,46.434868,58.375416,beta,12,beta,beta,human4
human4_lib3.final_cell_0090-3,-30.60575,-1.9061174,activated_stellate,10,activated_stellate,activated_stellate,human4
human4_lib3.final_cell_0091-3,51.048817,42.370487,beta,12,beta,beta,human4
human4_lib3.final_cell_0092-3,41.52722,27.74116,beta,12,beta,beta,human4
human4_lib3.final_cell_0093-3,-2.9616418,26.388546,delta,8,delta,delta,human4
human4_lib3.final_cell_0094-3,33.04696,46.614548,beta,12,beta,beta,human4
human4_lib3.final_cell_0095-3,23.512476,-56.733303,alpha,11,alpha,alpha,human4
human4_lib3.final_cell_0096-3,-80.241615,-16.465902,ductal,3,ductal,ductal,human4
human4_lib3.final_cell_0097-3,35.19026,-13.122964,beta,12,beta,beta,human4
human4_lib3.final_cell_0098-3,32.646683,-69.8563,alpha,11,alpha,alpha,human4
human4_lib3.final_cell_0099-3,40.245804,65.595604,beta,12,beta,beta,human4
human4_lib3.final_cell_0100-3,-81.502556,-4.9071174,ductal,3,ductal,ductal,human4
human4_lib3.final_cell_0101-3,36.89034,4.0922656,beta,12,beta,beta,human4
human4_lib3.final_cell_0102-3,3.1551383,-53.37128,alpha,11,alpha,alpha,human4
human4_lib3.final_cell_0103-3,29.850674,34.636383,beta,12,beta,beta,human4
human4_lib3.final_cell_0104-3,-41.400673,54.687458,ductal,1,acinar,acinar,human4
human4_lib3.final_cell_0105-3,33.207443,26.64631,beta,12,beta,beta,human4
human4_lib3.final_cell_0106-3,-80.76502,-15.118962,ductal,3,ductal,ductal,human4
human4_lib3.final_cell_0107-3,-1.1503093,30.349207,delta,8,delta,delta,human4
human4_lib3.final_cell_0108-3,33.134254,-3.461934,beta,12,beta,beta,human4
human4_lib3.final_cell_0109-3,0.2186665,-44.161976,alpha,11,alpha,alpha,human4
human4_lib3.final_cell_0110-3,-12.760348,13.509011,delta,8,delta,delta,human4
human4_lib3.final_cell_0111-3,4.4023843,30.964642,delta,8,delta,delta,human4
human4_lib3.final_cell_0112-3,34.272354,23.367443,beta,12,beta,beta,human4
human4_lib3.final_cell_0113-3,-60.90648,-19.288149,ductal,3,ductal,ductal,human4
human4_lib3.final_cell_0114-3,-2.2797186,-51.133423,alpha,11,alpha,alpha,human4
human4_lib3.final_cell_0115-3,1.2200257,26.745573,delta,8,delta,delta,human4
human4_lib3.final_cell_0116-3,47.92252,67.02158,beta,12,beta,beta,human4
human4_lib3.final_cell_0117-3,43.226574,23.0357,beta,12,beta,beta,human4
human4_lib3.final_cell_0118-3,14.930666,-53.02005,alpha,11,alpha,alpha,human4
human4_lib3.final_cell_0119-3,-26.722986,25.036507,quiescent_stellate,14,Unmatched_14,quiescent_stellate,human4
human4_lib3.final_cell_0120-3,24.749495,-80.59203,alpha,11,alpha,alpha,human4
human4_lib3.final_cell_0121-3,39.428894,10.512289,beta,12,beta,beta,human4
human4_lib3.final_cell_0122-3,-28.525797,-8.524714,activated_stellate,10,activated_stellate,activated_stellate,human4
human4_lib3.final_cell_0123-3,-81.37507,-19.489874,ductal,3,ductal,ductal,human4
human4_lib3.final_cell_0124-3,-3.4088392,-48.210663,alpha,11,alpha,alpha,human4
human4_lib3.final_cell_0125-3,-39.057964,54.911667,ductal,1,acinar,acinar,human4
human4_lib3.final_cell_0126-3,36.420124,67.55122,beta,12,beta,beta,human4
human4_lib3.final_cell_0127-3,-20.725147,-46.74017,alpha,11,alpha,alpha,human4
human4_lib3.final_cell_0128-3,-2.695347,-46.72856,alpha,11,alpha,alpha,human4
human4_lib3.final_cell_0129-3,-63.48612,-18.540728,ductal,3,ductal,ductal,human4
human4_lib3.final_cell_0130-3,-77.24604,-4.3250985,ductal,3,ductal,ductal,human4
human4_lib3.final_cell_0131-3,-39.796146,56.493202,ductal,1,acinar,acinar,human4
human4_lib3.final_cell_0132-3,5.3672166,-50.128822,alpha,11,alpha,alpha,human4
human4_lib3.final_cell_0133-3,0.45243025,-44.281998,alpha,11,alpha,alpha,human4
human4_lib3.final_cell_0134-3,1.3182226,-50.342808,alpha,11,alpha,alpha,human4
human4_lib3.final_cell_0135-3,44.242718,64.411995,beta,12,beta,beta,human4
human4_lib3.final_cell_0136-3,-33.01465,60.046436,beta,1,acinar,acinar,human4
human4_lib3.final_cell_0137-3,-12.572356,20.023018,delta,8,delta,delta,human4
human4_lib3.final_cell_0138-3,-81.00293,-4.903507,ductal,3,ductal,ductal,human4
human4_lib3.final_cell_0139-3,70.28046,3.0848527,beta,12,beta,beta,human4
human4_lib3.final_cell_0140-3,33.101433,26.729126,beta,12,beta,beta,human4
human4_lib3.final_cell_0141-3,-80.89963,-18.144377,ductal,3,ductal,ductal,human4
human4_lib3.final_cell_0142-3,55.03918,-14.298999,beta,12,beta,beta,human4
human4_lib3.final_cell_0143-3,42.885517,58.62531,beta,12,beta,beta,human4
human4_lib3.final_cell_0144-3,-69.75684,-15.760721,ductal,3,ductal,ductal,human4
human4_lib3.final_cell_0145-3,-47.482403,-66.12147,gamma,7,gamma,gamma,human4
human4_lib3.final_cell_0146-3,-82.89868,-17.095755,ductal,3,ductal,ductal,human4
human4_lib3.final_cell_0147-3,6.360312,-62.150024,alpha,11,alpha,alpha,human4
human4_lib3.final_cell_0148-3,-6.7998204,27.841911,delta,8,delta,delta,human4
human4_lib3.final_cell_0149-3,30.680838,33.30685,beta,12,beta,beta,human4
human4_lib3.final_cell_0150-3,43.38773,32.89653,beta,12,beta,beta,human4
human4_lib3.final_cell_0151-3,39.996826,22.385908,beta,12,beta,beta,human4
human4_lib3.final_cell_0152-3,31.130058,-3.9574654,beta,12,beta,beta,human4
human4_lib3.final_cell_0153-3,-5.211271,-30.177565,alpha,11,alpha,alpha,human4
human4_lib3.final_cell_0154-3,-2.1774516,30.97834,delta,8,delta,delta,human4
human4_lib3.final_cell_0155-3,29.708698,6.092691,beta,12,beta,beta,human4
human4_lib3.final_cell_0156-3,37.77258,31.949125,beta,12,beta,beta,human4
human4_lib3.final_cell_0157-3,31.650803,-3.0286264,beta,12,beta,beta,human4
human4_lib3.final_cell_0158-3,-39.810112,56.87961,ductal,1,acinar,acinar,human4
human4_lib3.final_cell_0159-3,-76.68838,-16.434006,ductal,3,ductal,ductal,human4
human4_lib3.final_cell_0160-3,-31.91257,59.877953,ductal,1,acinar,acinar,human4
human4_lib3.final_cell_0161-3,4.3142285,29.843204,delta,8,delta,delta,human4
human4_lib3.final_cell_0162-3,9.69045,-25.528885,beta,11,alpha,alpha,human4
human4_lib3.final_cell_0163-3,-3.7175498,-37.001415,alpha,11,alpha,alpha,human4
human4_lib3.final_cell_0164-3,0.5790048,-28.803915,alpha,11,alpha,alpha,human4
human4_lib3.final_cell_0165-3,5.484253,25.515188,delta,8,delta,delta,human4
human4_lib3.final_cell_0166-3,-74.10571,-10.535224,ductal,3,ductal,ductal,human4
human4_lib3.final_cell_0167-3,-80.15461,-16.299421,ductal,3,ductal,ductal,human4
human4_lib3.final_cell_0168-3,61.396904,-7.648131,beta,12,beta,beta,human4
human4_lib3.final_cell_0169-3,38.073986,14.42102,beta,12,beta,beta,human4
human4_lib3.final_cell_0170-3,2.855067,-56.78156,alpha,11,alpha,alpha,human4
human4_lib3.final_cell_0171-3,-38.576122,-67.91388,gamma,7,gamma,gamma,human4
human4_lib3.final_cell_0172-3,45.986427,44.72179,beta,12,beta,beta,human4
human4_lib3.final_cell_0173-3,7.1003904,-60.69829,alpha,11,alpha,alpha,human4
human4_lib3.final_cell_0174-3,5.223038,29.496544,delta,8,delta,delta,human4
human4_lib3.final_cell_0175-3,15.168701,-51.811398,alpha,11,alpha,alpha,human4
human4_lib3.final_cell_0176-3,39.474552,27.094969,beta,12,beta,beta,human4
human4_lib3.final_cell_0177-3,2.3324146,19.036793,delta,8,delta,delta,human4
human4_lib3.final_cell_0178-3,-38.200756,58.96961,ductal,1,acinar,acinar,human4
human4_lib3.final_cell_0179-3,-62.840324,-17.087143,ductal,3,ductal,ductal,human4
human4_lib3.final_cell_0180-3,14.337571,-3.062604,beta,12,beta,beta,human4
human4_lib3.final_cell_0181-3,-60.67925,4.5604224,ductal,3,ductal,ductal,human4
human4_lib3.final_cell_0182-3,43.698196,69.860085,beta,12,beta,beta,human4
human4_lib3.final_cell_0183-3,0.8193248,-49.23124,alpha,11,alpha,alpha,human4
human4_lib3.final_cell_0184-3,3.2725182,-48.80189,alpha,11,alpha,alpha,human4
human4_lib3.final_cell_0185-3,-79.21648,-15.047052,ductal,3,ductal,ductal,human4
human4_lib3.final_cell_0186-3,30.93198,-3.981301,beta,12,beta,beta,human4
human4_lib3.final_cell_0187-3,-42.812897,-69.23822,gamma,7,gamma,gamma,human4
human4_lib3.final_cell_0188-3,-5.265647,-37.025055,alpha,11,alpha,alpha,human4
human4_lib3.final_cell_0189-3,32.452003,33.812466,beta,12,beta,beta,human4
human4_lib3.final_cell_0190-3,-6.614051,26.12754,delta,8,delta,delta,human4
human4_lib3.final_cell_0191-3,-55.922935,-16.09511,ductal,3,ductal,ductal,human4
human4_lib3.final_cell_0192-3,30.934862,-2.8774943,beta,12,beta,beta,human4
human4_lib3.final_cell_0193-3,-2.3177602,-38.957832,alpha,11,alpha,alpha,human4
human4_lib3.final_cell_0194-3,-81.228134,-13.396603,ductal,3,ductal,ductal,human4
human4_lib3.final_cell_0195-3,2.8053775,-23.038408,alpha,11,alpha,alpha,human4
human4_lib3.final_cell_0196-3,-38.954952,-73.18405,gamma,7,gamma,gamma,human4
human4_lib3.final_cell_0197-3,39.31756,66.435356,beta,12,beta,beta,human4
human4_lib3.final_cell_0198-3,35.09709,47.575165,beta,12,beta,beta,human4
human4_lib3.final_cell_0199-3,31.563404,5.61736,beta,12,beta,beta,human4
human4_lib3.final_cell_0200-3,-82.52153,-19.137865,ductal,3,ductal,ductal,human4
human4_lib3.final_cell_0201-3,-84.70453,-13.981024,ductal,3,ductal,ductal,human4
human4_lib3.final_cell_0202-3,36.772415,37.510838,beta,12,beta,beta,human4
human4_lib3.final_cell_0203-3,-49.437103,-62.133003,gamma,7,gamma,gamma,human4
human4_lib3.final_cell_0204-3,-62.25525,-17.988438,ductal,3,ductal,ductal,human4
human4_lib3.final_cell_0205-3,-22.704185,-35.86641,alpha,11,alpha,alpha,human4
human4_lib3.final_cell_0206-3,-28.31981,-7.254871,activated_stellate,10,activated_stellate,activated_stellate,human4
human4_lib3.final_cell_0207-3,-76.171425,-10.393625,ductal,3,ductal,ductal,human4
human4_lib3.final_cell_0208-3,-38.377453,-65.2301,gamma,7,gamma,gamma,human4
human4_lib3.final_cell_0209-3,-39.355755,53.312504,ductal,1,acinar,acinar,human4
human4_lib3.final_cell_0210-3,18.614365,-63.349857,alpha,11,alpha,alpha,human4
human4_lib3.final_cell_0211-3,-23.493515,-10.023742,activated_stellate,10,activated_stellate,activated_stellate,human4
human4_lib3.final_cell_0212-3,-27.17769,-41.658077,alpha,11,alpha,alpha,human4
human4_lib3.final_cell_0213-3,32.18929,41.656048,beta,12,beta,beta,human4
human4_lib3.final_cell_0214-3,59.727123,-8.038749,beta,12,beta,beta,human4
human4_lib3.final_cell_0215-3,-91.29913,10.752599,macrophage,6,macrophage,macrophage,human4
human4_lib3.final_cell_0216-3,-39.797832,56.462704,ductal,1,acinar,acinar,human4
human4_lib3.final_cell_0217-3,-2.8363366,-50.503437,alpha,11,alpha,alpha,human4
human4_lib3.final_cell_0218-3,-1.1644847,28.485525,delta,8,delta,delta,human4
human4_lib3.final_cell_0219-3,53.11867,43.862385,beta,12,beta,beta,human4
human4_lib3.final_cell_0220-3,-72.2902,-15.262002,ductal,3,ductal,ductal,human4
human4_lib3.final_cell_0221-3,-41.84112,61.322216,ductal,1,acinar,acinar,human4
human4_lib3.final_cell_0222-3,-82.67343,-13.791219,ductal,3,ductal,ductal,human4
human4_lib3.final_cell_0223-3,28.352959,12.563942,beta,12,beta,beta,human4
human4_lib3.final_cell_0224-3,10.259896,26.515789,delta,8,delta,delta,human4
human4_lib3.final_cell_0225-3,33.942184,47.25038,beta,12,beta,beta,human4
human4_lib3.final_cell_0226-3,0.26612192,-50.664764,alpha,11,alpha,alpha,human4
human4_lib3.final_cell_0227-3,-79.879395,-18.356596,ductal,3,ductal,ductal,human4
human4_lib3.final_cell_0228-3,38.269894,0.855876,beta,12,beta,beta,human4
human4_lib3.final_cell_0229-3,-52.74837,-13.115108,ductal,3,ductal,ductal,human4
human4_lib3.final_cell_0230-3,-31.091133,-2.673724,activated_stellate,10,activated_stellate,activated_stellate,human4
human4_lib3.final_cell_0231-3,1.5975035,-47.85768,alpha,11,alpha,alpha,human4
human4_lib3.final_cell_0232-3,30.582184,1.8589402,beta,12,beta,beta,human4
human4_lib3.final_cell_0233-3,5.333897,30.78656,delta,8,delta,delta,human4
human4_lib3.final_cell_0234-3,42.34192,-0.024047803,beta,12,beta,beta,human4
human4_lib3.final_cell_0235-3,54.073124,43.46319,beta,12,beta,beta,human4
human4_lib3.final_cell_0236-3,-5.767188,24.809431,delta,8,delta,delta,human4
human4_lib3.final_cell_0237-3,35.21871,61.67116,beta,12,beta,beta,human4
human4_lib3.final_cell_0238-3,-9.392195,-64.44029,alpha,11,alpha,alpha,human4
human4_lib3.final_cell_0239-3,-2.3932927,-50.000423,alpha,11,alpha,alpha,human4
human4_lib3.final_cell_0240-3,0.8282532,-56.411983,alpha,11,alpha,alpha,human4
human4_lib3.final_cell_0241-3,-80.44207,-20.149536,ductal,3,ductal,ductal,human4
human4_lib3.final_cell_0242-3,8.54179,-60.3797,alpha,11,alpha,alpha,human4
human4_lib3.final_cell_0243-3,1.7038239,-55.382214,alpha,11,alpha,alpha,human4
human4_lib3.final_cell_0244-3,39.879704,58.376736,beta,12,beta,beta,human4
human4_lib3.final_cell_0245-3,-39.793434,58.60793,ductal,1,acinar,acinar,human4
human4_lib3.final_cell_0246-3,-73.4849,-5.2792935,ductal,3,ductal,ductal,human4
human4_lib3.final_cell_0247-3,-72.16431,40.414444,ductal,2,Unmatched_2,ductal,human4
human4_lib3.final_cell_0248-3,5.8836584,-73.5241,alpha,11,alpha,alpha,human4
human4_lib3.final_cell_0249-3,-41.77152,-32.435417,beta,15,epsilon,quiescent_stellate,human4
human4_lib3.final_cell_0250-3,-4.413383,32.44149,delta,8,delta,delta,human4
human4_lib3.final_cell_0251-3,31.20332,11.886722,beta,12,beta,beta,human4
human4_lib3.final_cell_0252-3,-65.183105,-15.350828,ductal,3,ductal,ductal,human4
human4_lib3.final_cell_0253-3,41.454727,45.380558,beta,12,beta,beta,human4
human4_lib3.final_cell_0254-3,-65.990746,-16.28649,ductal,3,ductal,ductal,human4
human4_lib3.final_cell_0255-3,56.449673,-11.918377,beta,12,beta,beta,human4
human4_lib3.final_cell_0256-3,-2.6280456,-47.69901,alpha,11,alpha,alpha,human4
human4_lib3.final_cell_0257-3,37.267662,-2.843012,beta,12,beta,beta,human4
human4_lib3.final_cell_0258-3,33.37919,43.245567,beta,12,beta,beta,human4
human4_lib3.final_cell_0259-3,-72.47374,-16.41066,ductal,3,ductal,ductal,human4
human4_lib3.final_cell_0260-3,-32.103565,-1.5690686,activated_stellate,10,activated_stellate,activated_stellate,human4
human4_lib3.final_cell_0261-3,-79.95024,-16.350658,ductal,3,ductal,ductal,human4
human4_lib3.final_cell_0262-3,41.406284,20.898966,beta,12,beta,beta,human4
human4_lib3.final_cell_0263-3,-71.6263,-1.1499596,ductal,3,ductal,ductal,human4
human4_lib3.final_cell_0264-3,-35.26018,6.4350643,activated_stellate,15,epsilon,quiescent_stellate,human4
human4_lib3.final_cell_0265-3,-60.19615,-18.332518,ductal,3,ductal,ductal,human4
human4_lib3.final_cell_0266-3,46.195488,46.34335,beta,12,beta,beta,human4
human4_lib3.final_cell_0267-3,39.886208,-0.630054,beta,12,beta,beta,human4
human4_lib3.final_cell_0268-3,32.455853,18.354048,beta,12,beta,beta,human4
human4_lib3.final_cell_0269-3,-1.8419937,29.391891,delta,8,delta,delta,human4
human4_lib3.final_cell_0270-3,-4.8826084,-37.357037,alpha,11,alpha,alpha,human4
human4_lib3.final_cell_0271-3,-6.1122823,20.45592,delta,8,delta,delta,human4
human4_lib3.final_cell_0272-3,16.31959,-51.25256,alpha,11,alpha,alpha,human4
human4_lib3.final_cell_0273-3,-72.75676,-15.950763,ductal,3,ductal,ductal,human4
human4_lib3.final_cell_0274-3,-43.55716,-64.800606,gamma,7,gamma,gamma,human4
human4_lib3.final_cell_0275-3,-43.851673,-71.433846,gamma,7,gamma,gamma,human4
human4_lib3.final_cell_0276-3,18.265455,-56.528187,alpha,11,alpha,alpha,human4
human4_lib3.final_cell_0277-3,-40.56946,62.32882,ductal,1,acinar,acinar,human4
human4_lib3.final_cell_0278-3,53.981647,-12.033219,beta,12,beta,beta,human4
human4_lib3.final_cell_0279-3,-6.735929,-17.829113,alpha,11,alpha,alpha,human4
human4_lib3.final_cell_0280-3,25.624264,-60.324543,alpha,11,alpha,alpha,human4
human4_lib3.final_cell_0281-3,8.857194,-53.130672,alpha,11,alpha,alpha,human4
human4_lib3.final_cell_0282-3,-72.454384,42.18564,ductal,2,Unmatched_2,ductal,human4
human4_lib3.final_cell_0283-3,-75.318405,-10.715254,ductal,3,ductal,ductal,human4
human4_lib3.final_cell_0284-3,44.17205,35.85204,beta,12,beta,beta,human4
human4_lib3.final_cell_0285-3,71.99425,-2.3178854,beta,12,beta,beta,human4
human4_lib3.final_cell_0286-3,-54.11248,2.4497125,ductal,3,ductal,ductal,human4
human4_lib3.final_cell_0287-3,-28.313587,-8.662435,activated_stellate,10,activated_stellate,activated_stellate,human4
human4_lib3.final_cell_0288-3,31.597141,21.12802,beta,12,beta,beta,human4
human4_lib3.final_cell_0289-3,-82.624855,-17.27769,ductal,3,ductal,ductal,human4
human4_lib3.final_cell_0290-3,-80.744286,-20.318968,ductal,3,ductal,ductal,human4
human4_lib3.final_cell_0291-3,-75.246216,-8.789609,ductal,3,ductal,ductal,human4
human4_lib3.final_cell_0292-3,-35.034447,58.23558,acinar,1,acinar,acinar,human4
human4_lib3.final_cell_0293-3,-81.873955,-13.777817,ductal,3,ductal,ductal,human4
human4_lib3.final_cell_0294-3,-38.402863,-67.69241,gamma,7,gamma,gamma,human4
human4_lib3.final_cell_0295-3,19.089863,-64.259186,alpha,11,alpha,alpha,human4
human4_lib3.final_cell_0296-3,-79.66337,-3.6749864,ductal,3,ductal,ductal,human4
human4_lib3.final_cell_0297-3,26.59672,9.91418,beta,12,beta,beta,human4
human4_lib3.final_cell_0298-3,-80.88833,-19.13284,ductal,3,ductal,ductal,human4
human4_lib3.final_cell_0299-3,-38.509586,-65.37242,gamma,7,gamma,gamma,human4
human4_lib3.final_cell_0300-3,34.643658,51.763428,beta,12,beta,beta,human4
human4_lib3.final_cell_0301-3,56.193783,45.70866,beta,12,beta,beta,human4
human4_lib3.final_cell_0302-3,38.22202,55.204098,beta,12,beta,beta,human4
human4_lib3.final_cell_0303-3,1.7656752,24.000603,delta,8,delta,delta,human4
human4_lib3.final_cell_0304-3,-4.2282457,-36.630596,alpha,11,alpha,alpha,human4
human4_lib3.final_cell_0305-3,40.84442,67.59696,beta,12,beta,beta,human4
human4_lib3.final_cell_0306-3,39.57461,23.042494,beta,12,beta,beta,human4
human4_lib3.final_cell_0307-3,55.08427,45.048256,beta,12,beta,beta,human4
human4_lib3.final_cell_0308-3,-27.248066,-5.333709,activated_stellate,10,activated_stellate,activated_stellate,human4
human4_lib3.final_cell_0309-3,-81.15561,-3.9901538,ductal,3,ductal,ductal,human4
human4_lib3.final_cell_0310-3,47.366898,-13.684918,beta,12,beta,beta,human4
human4_lib3.final_cell_0311-3,-82.52337,-19.010983,ductal,3,ductal,ductal,human4
human4_lib3.final_cell_0312-3,40.990025,59.923443,beta,12,beta,beta,human4
human4_lib3.final_cell_0313-3,31.403862,12.054672,beta,12,beta,beta,human4
human4_lib3.final_cell_0314-3,-47.802975,-68.32776,gamma,7,gamma,gamma,human4
human4_lib3.final_cell_0315-3,43.823746,58.225407,beta,12,beta,beta,human4
human4_lib3.final_cell_0316-3,-46.58945,-66.55127,gamma,7,gamma,gamma,human4
human4_lib3.final_cell_0317-3,-74.67264,-12.654167,ductal,3,ductal,ductal,human4
human4_lib3.final_cell_0318-3,-72.008446,-1.2019513,ductal,3,ductal,ductal,human4
human4_lib3.final_cell_0319-3,27.211971,3.708609,beta,12,beta,beta,human4
human4_lib3.final_cell_0320-3,35.89035,19.671562,beta,12,beta,beta,human4
human4_lib3.final_cell_0321-3,7.740802,-52.03225,alpha,11,alpha,alpha,human4
human4_lib3.final_cell_0322-3,-3.056981,30.1448,delta,8,delta,delta,human4
human4_lib3.final_cell_0323-3,35.084793,51.066364,beta,12,beta,beta,human4
human4_lib3.final_cell_0324-3,-5.9135303,-31.152826,alpha,11,alpha,alpha,human4
human4_lib3.final_cell_0325-3,-75.569466,-3.0904458,ductal,3,ductal,ductal,human4
human4_lib3.final_cell_0326-3,-2.8172219,31.415487,delta,8,delta,delta,human4
human4_lib3.final_cell_0327-3,2.2083223,-32.59192,alpha,11,alpha,alpha,human4
human4_lib3.final_cell_0328-3,-52.620968,-7.152586,ductal,3,ductal,ductal,human4
human4_lib3.final_cell_0329-3,-2.0170722,-54.36599,alpha,11,alpha,alpha,human4
human4_lib3.final_cell_0330-3,-80.604256,-18.872797,ductal,3,ductal,ductal,human4
human4_lib3.final_cell_0331-3,-0.4112118,24.931051,delta,8,delta,delta,human4
human4_lib3.final_cell_0332-3,-2.9665406,-49.540695,alpha,11,alpha,alpha,human4
human4_lib3.final_cell_0333-3,1.366897,-55.041386,alpha,11,alpha,alpha,human4
human4_lib3.final_cell_0334-3,32.417545,12.930949,beta,12,beta,beta,human4
human4_lib3.final_cell_0335-3,-38.17729,58.148396,ductal,1,acinar,acinar,human4
human4_lib3.final_cell_0336-3,-29.209162,60.15913,ductal,1,acinar,acinar,human4
human4_lib3.final_cell_0337-3,-75.54902,40.906895,ductal,2,Unmatched_2,ductal,human4
human4_lib3.final_cell_0338-3,42.664326,-16.813416,beta,12,beta,beta,human4
human4_lib3.final_cell_0339-3,-60.83049,1.6949153,ductal,3,ductal,ductal,human4
human4_lib3.final_cell_0340-3,-9.247719,-64.289375,alpha,11,alpha,alpha,human4
human4_lib3.final_cell_0341-3,37.617455,32.442616,beta,12,beta,beta,human4
human4_lib3.final_cell_0342-3,-79.78619,-8.181951,ductal,3,ductal,ductal,human4
human4_lib3.final_cell_0343-3,-2.7125618,-37.88427,alpha,11,alpha,alpha,human4
human4_lib3.final_cell_0344-3,27.347582,27.751974,beta,12,beta,beta,human4
human4_lib3.final_cell_0345-3,-49.056473,-63.038254,gamma,7,gamma,gamma,human4
human4_lib3.final_cell_0346-3,-3.0738635,28.641407,delta,8,delta,delta,human4
human4_lib3.final_cell_0347-3,2.9379573,-63.402874,alpha,11,alpha,alpha,human4
human4_lib3.final_cell_0348-3,-63.29412,-12.62587,ductal,3,ductal,ductal,human4
human4_lib3.final_cell_0349-3,-50.70097,-62.684685,gamma,7,gamma,gamma,human4
human4_lib3.final_cell_0350-3,-81.93226,-5.512244,ductal,3,ductal,ductal,human4
human4_lib3.final_cell_0351-3,41.940845,70.04147,beta,12,beta,beta,human4
human4_lib3.final_cell_0352-3,38.21988,9.327429,beta,12,beta,beta,human4
human4_lib3.final_cell_0353-3,56.2823,47.616665,beta,12,beta,beta,human4
human4_lib3.final_cell_0354-3,-39.17821,54.433548,ductal,1,acinar,acinar,human4
human4_lib3.final_cell_0355-3,-6.067449,-30.925814,alpha,11,alpha,alpha,human4
human4_lib3.final_cell_0356-3,35.07863,39.454914,beta,12,beta,beta,human4
human4_lib3.final_cell_0357-3,41.985893,59.99169,beta,12,beta,beta,human4
human4_lib3.final_cell_0358-3,40.11157,60.11244,beta,12,beta,beta,human4
human4_lib3.final_cell_0359-3,-3.854816,-30.469538,alpha,11,alpha,alpha,human4
human4_lib3.final_cell_0360-3,10.584938,-67.11551,alpha,11,alpha,alpha,human4
human4_lib3.final_cell_0361-3,36.28185,-2.3008318,beta,12,beta,beta,human4
human4_lib3.final_cell_0362-3,1.9780787,-24.28145,alpha,11,alpha,alpha,human4
human4_lib3.final_cell_0363-3,-0.4742612,-50.36057,alpha,11,alpha,alpha,human4
human4_lib3.final_cell_0364-3,43.62341,0.64297134,beta,12,beta,beta,human4
human4_lib3.final_cell_0365-3,26.513115,29.577358,beta,12,beta,beta,human4
human4_lib3.final_cell_0366-3,1.0312611,-8.050123,alpha,11,alpha,alpha,human4
human4_lib3.final_cell_0367-3,48.20641,-18.302582,beta,12,beta,beta,human4
human4_lib3.final_cell_0368-3,65.19422,-6.6136484,beta,12,beta,beta,human4
human4_lib3.final_cell_0369-3,1.744047,-66.476135,alpha,11,alpha,alpha,human4
human4_lib3.final_cell_0370-3,32.6526,35.28514,beta,12,beta,beta,human4
human4_lib3.final_cell_0371-3,2.344997,-47.53261,alpha,11,alpha,alpha,human4
human4_lib3.final_cell_0372-3,6.5681043,30.253082,delta,8,delta,delta,human4
human4_lib3.final_cell_0373-3,37.33796,35.221844,beta,12,beta,beta,human4
human4_lib3.final_cell_0374-3,35.368767,58.443523,beta,12,beta,beta,human4
human4_lib3.final_cell_0375-3,19.649235,-53.94744,alpha,11,alpha,alpha,human4
human4_lib3.final_cell_0376-3,-23.483963,-12.707894,activated_stellate,10,activated_stellate,activated_stellate,human4
human4_lib3.final_cell_0377-3,42.088768,66.335754,beta,12,beta,beta,human4
human4_lib3.final_cell_0378-3,-45.098644,-68.81871,gamma,7,gamma,gamma,human4
human4_lib3.final_cell_0379-3,16.457132,-56.3151,alpha,11,alpha,alpha,human4
human4_lib3.final_cell_0380-3,44.358086,42.774357,beta,12,beta,beta,human4
human4_lib3.final_cell_0381-3,56.976067,46.238724,beta,15,epsilon,quiescent_stellate,human4
human4_lib3.final_cell_0382-3,32.31449,-75.75231,alpha,11,alpha,alpha,human4
human4_lib3.final_cell_0383-3,-7.073295,-26.628223,alpha,11,alpha,alpha,human4
human4_lib3.final_cell_0384-3,-28.236618,2.244778,activated_stellate,10,activated_stellate,activated_stellate,human4
human4_lib3.final_cell_0385-3,-30.672794,-2.6790268,activated_stellate,10,activated_stellate,activated_stellate,human4
human4_lib3.final_cell_0386-3,3.003684,-48.699604,alpha,11,alpha,alpha,human4
human4_lib3.final_cell_0387-3,36.960438,-2.4922385,beta,12,beta,beta,human4
human4_lib3.final_cell_0388-3,-4.6951127,-18.85807,alpha,11,alpha,alpha,human4
human4_lib3.final_cell_0389-3,-80.305466,-3.4540715,ductal,3,ductal,ductal,human4
human4_lib3.final_cell_0390-3,-72.205635,-17.762333,ductal,3,ductal,ductal,human4
human4_lib3.final_cell_0391-3,31.852364,47.6211,beta,12,beta,beta,human4
human4_lib3.final_cell_0392-3,44.327145,65.75225,beta,12,beta,beta,human4
human4_lib3.final_cell_0393-3,-37.735603,-72.59007,gamma,7,gamma,gamma,human4
human4_lib3.final_cell_0394-3,-43.81786,-71.085526,gamma,7,gamma,gamma,human4
human4_lib3.final_cell_0395-3,34.044754,30.382793,beta,12,beta,beta,human4
human4_lib3.final_cell_0396-3,-24.638315,-8.967486,activated_stellate,10,activated_stellate,activated_stellate,human4
human4_lib3.final_cell_0397-3,-74.78615,-11.831807,ductal,3,ductal,ductal,human4
human4_lib3.final_cell_0398-3,42.18509,19.953218,beta,12,beta,beta,human4
human4_lib3.final_cell_0399-3,-1.4243978,-46.207275,alpha,11,alpha,alpha,human4
human4_lib3.final_cell_0400-3,-77.104164,-5.8963723,ductal,3,ductal,ductal,human4
human4_lib3.final_cell_0401-3,-5.9660807,-24.91174,alpha,11,alpha,alpha,human4
human4_lib3.final_cell_0402-3,34.31001,46.617855,beta,12,beta,beta,human4
human4_lib3.final_cell_0403-3,29.551876,33.394634,beta,12,beta,beta,human4
human4_lib3.final_cell_0404-3,-4.011019,-49.434658,alpha,11,alpha,alpha,human4
human4_lib3.final_cell_0405-3,-31.845621,59.73548,ductal,1,acinar,acinar,human4
human4_lib3.final_cell_0406-3,34.10033,4.2294397,beta,12,beta,beta,human4
human4_lib3.final_cell_0407-3,-0.5653461,-45.613388,alpha,11,alpha,alpha,human4
human4_lib3.final_cell_0408-3,-5.5340548,-30.501604,alpha,11,alpha,alpha,human4
human4_lib3.final_cell_0409-3,-43.782585,-70.89191,gamma,7,gamma,gamma,human4
human4_lib3.final_cell_0410-3,1.1955124,32.353836,delta,8,delta,delta,human4
human4_lib3.final_cell_0411-3,3.0473228,-48.865604,alpha,11,alpha,alpha,human4
human4_lib3.final_cell_0412-3,31.948122,35.619854,beta,12,beta,beta,human4
human4_lib3.final_cell_0413-3,-67.405174,4.737035,ductal,3,ductal,ductal,human4
human4_lib3.final_cell_0414-3,41.719322,13.015738,beta,12,beta,beta,human4
human4_lib3.final_cell_0415-3,31.62311,-4.933656,beta,12,beta,beta,human4
human4_lib3.final_cell_0416-3,-69.34011,-9.917509,ductal,3,ductal,ductal,human4
human4_lib3.final_cell_0417-3,34.5894,22.154057,beta,12,beta,beta,human4
human4_lib3.final_cell_0418-3,-74.91941,-10.325779,ductal,3,ductal,ductal,human4
human4_lib3.final_cell_0419-3,40.275307,68.491035,beta,12,beta,beta,human4
human4_lib3.final_cell_0420-3,32.047535,-3.7228842,beta,12,beta,beta,human4
human4_lib3.final_cell_0421-3,-79.45974,-17.612299,ductal,3,ductal,ductal,human4
human4_lib3.final_cell_0422-3,13.708466,-50.55558,alpha,11,alpha,alpha,human4
human4_lib3.final_cell_0423-3,-72.216255,-1.534924,ductal,3,ductal,ductal,human4
human4_lib3.final_cell_0424-3,-27.17739,51.589188,ductal,1,acinar,acinar,human4
human4_lib3.final_cell_0425-3,-45.10516,-67.37853,gamma,7,gamma,gamma,human4
human4_lib3.final_cell_0426-3,9.55287,-51.262257,alpha,11,alpha,alpha,human4
human4_lib3.final_cell_0427-3,-59.19345,30.002853,endothelial,0,endothelial,endothelial,human4
human4_lib3.final_cell_0428-3,-83.097755,-16.58279,ductal,3,ductal,ductal,human4
human4_lib3.final_cell_0429-3,54.645123,44.83283,beta,12,beta,beta,human4
human4_lib3.final_cell_0430-3,-43.217888,-65.54874,gamma,7,gamma,gamma,human4
human4_lib3.final_cell_0431-3,37.064648,-3.0377166,beta,12,beta,beta,human4
human4_lib3.final_cell_0432-3,-81.86952,-14.397053,ductal,3,ductal,ductal,human4
human4_lib3.final_cell_0433-3,12.065751,-60.50894,alpha,11,alpha,alpha,human4
human4_lib3.final_cell_0434-3,-27.391518,51.491524,ductal,1,acinar,acinar,human4
human4_lib3.final_cell_0435-3,-27.03329,-11.472114,activated_stellate,10,activated_stellate,activated_stellate,human4
human4_lib3.final_cell_0436-3,-40.298912,-70.07652,gamma,7,gamma,gamma,human4
human4_lib3.final_cell_0437-3,37.761215,54.989407,beta,12,beta,beta,human4
human4_lib3.final_cell_0438-3,22.548883,-62.065506,alpha,11,alpha,alpha,human4
human4_lib3.final_cell_0439-3,-82.77796,-14.296785,ductal,3,ductal,ductal,human4
human4_lib3.final_cell_0440-3,44.358727,-11.612946,beta,12,beta,beta,human4
human4_lib3.final_cell_0441-3,-80.4709,-16.779045,ductal,3,ductal,ductal,human4
human4_lib3.final_cell_0442-3,-26.980965,-6.4020004,activated_stellate,10,activated_stellate,activated_stellate,human4
human4_lib3.final_cell_0443-3,-42.72995,-68.62994,gamma,7,gamma,gamma,human4
human4_lib3.final_cell_0444-3,-41.44093,53.537746,ductal,1,acinar,acinar,human4
human4_lib3.final_cell_0445-3,3.0209117,-46.427147,alpha,11,alpha,alpha,human4
human4_lib3.final_cell_0446-3,35.269062,14.255448,beta,12,beta,beta,human4
human4_lib3.final_cell_0447-3,43.516403,67.09924,beta,12,beta,beta,human4
human4_lib3.final_cell_0448-3,-42.10052,51.886463,ductal,1,acinar,acinar,human4
human4_lib3.final_cell_0449-3,36.83507,50.515003,beta,12,beta,beta,human4
human4_lib3.final_cell_0450-3,48.603443,-16.112083,beta,12,beta,beta,human4
human4_lib3.final_cell_0451-3,0.6555126,29.529411,delta,8,delta,delta,human4
human4_lib3.final_cell_0452-3,-37.531837,-71.05294,gamma,7,gamma,gamma,human4
human4_lib3.final_cell_0453-3,-75.347595,-17.059938,ductal,3,ductal,ductal,human4
human4_lib3.final_cell_0454-3,30.14143,52.42269,beta,12,beta,beta,human4
human4_lib3.final_cell_0455-3,31.650711,6.7025104,beta,12,beta,beta,human4
human4_lib3.final_cell_0456-3,37.448692,35.529266,beta,12,beta,beta,human4
human4_lib3.final_cell_0457-3,35.044914,19.5924,beta,12,beta,beta,human4
human4_lib3.final_cell_0458-3,30.973864,-1.3287987,beta,12,beta,beta,human4
human4_lib3.final_cell_0459-3,-22.249882,-13.344757,activated_stellate,10,activated_stellate,activated_stellate,human4
human4_lib3.final_cell_0460-3,64.19116,-6.0246997,beta,12,beta,beta,human4
human4_lib3.final_cell_0461-3,0.043774966,-45.724792,alpha,11,alpha,alpha,human4
human4_lib3.final_cell_0462-3,-80.15478,-13.537683,ductal,3,ductal,ductal,human4
human4_lib3.final_cell_0463-3,36.516403,-6.6425676,beta,12,beta,beta,human4
human4_lib3.final_cell_0464-3,-45.12948,-65.091644,gamma,7,gamma,gamma,human4
human4_lib3.final_cell_0465-3,-61.179626,1.9426197,ductal,3,ductal,ductal,human4
human4_lib3.final_cell_0466-3,28.737339,2.6484518,beta,12,beta,beta,human4
human4_lib3.final_cell_0467-3,40.52857,66.20397,beta,12,beta,beta,human4
human4_lib3.final_cell_0468-3,8.224048,-52.780426,alpha,11,alpha,alpha,human4
human4_lib3.final_cell_0469-3,-27.127687,-5.248453,activated_stellate,10,activated_stellate,activated_stellate,human4
human4_lib3.final_cell_0470-3,50.426876,-10.780917,beta,12,beta,beta,human4
human4_lib3.final_cell_0471-3,2.4271157,-55.298706,alpha,11,alpha,alpha,human4
human4_lib3.final_cell_0472-3,46.768814,59.402958,beta,12,beta,beta,human4
human4_lib3.final_cell_0473-3,47.746227,46.05624,beta,12,beta,beta,human4
human4_lib3.final_cell_0474-3,-7.3971047,-60.37427,alpha,11,alpha,alpha,human4
human4_lib3.final_cell_0475-3,-79.82539,-6.7206564,ductal,3,ductal,ductal,human4
human4_lib3.final_cell_0476-3,43.30444,58.620773,beta,12,beta,beta,human4
human4_lib3.final_cell_0477-3,-2.8675184,-47.777588,alpha,11,alpha,alpha,human4
human4_lib3.final_cell_0478-3,48.48705,-10.902871,beta,12,beta,beta,human4
human4_lib3.final_cell_0479-3,-73.15071,-17.542671,ductal,3,ductal,ductal,human4
human4_lib3.final_cell_0480-3,44.650356,35.24842,beta,12,beta,beta,human4
human4_lib3.final_cell_0481-3,5.8426127,21.91437,delta,8,delta,delta,human4
human4_lib3.final_cell_0482-3,0.6443287,-60.003536,alpha,11,alpha,alpha,human4
human4_lib3.final_cell_0483-3,40.54782,28.220112,beta,12,beta,beta,human4
human4_lib3.final_cell_0484-3,8.310155,-52.37021,alpha,11,alpha,alpha,human4
human4_lib3.final_cell_0485-3,-2.7480943,-28.043762,alpha,11,alpha,alpha,human4
human4_lib3.final_cell_0486-3,-61.93016,-20.630562,ductal,3,ductal,ductal,human4
human4_lib3.final_cell_0487-3,32.68928,30.486944,beta,12,beta,beta,human4
human4_lib3.final_cell_0488-3,6.82922,-57.255077,alpha,11,alpha,alpha,human4
human4_lib3.final_cell_0489-3,31.307417,1.8121637,beta,12,beta,beta,human4
human4_lib3.final_cell_0490-3,38.67269,1.1183099,beta,12,beta,beta,human4
human4_lib3.final_cell_0491-3,37.477222,60.653805,beta,12,beta,beta,human4
human4_lib3.final_cell_0492-3,34.275017,59.77402,beta,12,beta,beta,human4
human4_lib3.final_cell_0493-3,32.891705,43.09405,beta,12,beta,beta,human4
human4_lib3.final_cell_0494-3,35.611393,58.751,beta,12,beta,beta,human4
human4_lib3.final_cell_0495-3,8.816257,-60.219154,alpha,11,alpha,alpha,human4
human4_lib3.final_cell_0496-3,-72.89731,-6.681073,ductal,3,ductal,ductal,human4
human4_lib3.final_cell_0497-3,-57.42155,23.92225,endothelial,0,endothelial,endothelial,human4
human4_lib3.final_cell_0498-3,6.5179987,-59.201324,alpha,11,alpha,alpha,human4
human4_lib3.final_cell_0499-3,-4.926044,29.36131,delta,8,delta,delta,human4
human4_lib3.final_cell_0500-3,31.875961,11.666322,beta,12,beta,beta,human4
human4_lib3.final_cell_0501-3,1.811625,-55.507126,alpha,11,alpha,alpha,human4
human4_lib3.final_cell_0502-3,33.41899,-5.877178,beta,12,beta,beta,human4
human4_lib3.final_cell_0503-3,40.867702,-13.149934,beta,12,beta,beta,human4
human4_lib3.final_cell_0504-3,-0.5332531,-60.33459,alpha,11,alpha,alpha,human4
human4_lib3.final_cell_0505-3,33.129124,-9.695892,beta,12,beta,beta,human4
human4_lib3.final_cell_0506-3,48.815536,36.114857,beta,12,beta,beta,human4
human4_lib3.final_cell_0507-3,-39.32973,53.464764,ductal,1,acinar,acinar,human4
human4_lib3.final_cell_0508-3,33.149757,-10.619694,beta,12,beta,beta,human4
human4_lib3.final_cell_0509-3,17.010328,-51.260548,alpha,11,alpha,alpha,human4
human4_lib3.final_cell_0510-3,-81.36244,-13.865853,ductal,3,ductal,ductal,human4
human4_lib3.final_cell_0511-3,38.34042,-17.520742,beta,12,beta,beta,human4
human4_lib3.final_cell_0512-3,54.037613,43.670235,beta,12,beta,beta,human4
human4_lib3.final_cell_0513-3,-49.645092,-63.87868,gamma,7,gamma,gamma,human4
human4_lib3.final_cell_0514-3,37.52244,2.1840637,beta,12,beta,beta,human4
human4_lib3.final_cell_0515-3,32.947197,21.346067,beta,12,beta,beta,human4
human4_lib3.final_cell_0516-3,-69.15334,-10.206356,ductal,3,ductal,ductal,human4
human4_lib3.final_cell_0517-3,-70.89597,42.260437,ductal,2,Unmatched_2,ductal,human4
human4_lib3.final_cell_0518-3,35.104156,62.27458,beta,12,beta,beta,human4
human4_lib3.final_cell_0519-3,47.665916,67.10328,beta,12,beta,beta,human4
human4_lib3.final_cell_0520-3,6.4527216,-49.80911,alpha,11,alpha,alpha,human4
human4_lib3.final_cell_0521-3,-6.74072,-18.318758,alpha,11,alpha,alpha,human4
human4_lib3.final_cell_0522-3,15.211711,-55.806847,alpha,11,alpha,alpha,human4
human4_lib3.final_cell_0523-3,-20.554678,-44.876965,alpha,11,alpha,alpha,human4
human4_lib3.final_cell_0524-3,-28.796741,-7.64344,activated_stellate,10,activated_stellate,activated_stellate,human4
human4_lib3.final_cell_0525-3,24.99284,-59.099236,alpha,11,alpha,alpha,human4
human4_lib3.final_cell_0526-3,-0.6101175,-65.10856,alpha,11,alpha,alpha,human4
human4_lib3.final_cell_0527-3,-3.2175176,-32.85001,alpha,11,alpha,alpha,human4
human4_lib3.final_cell_0528-3,2.6892376,-72.47425,alpha,11,alpha,alpha,human4
human4_lib3.final_cell_0529-3,-44.349888,-65.14724,gamma,7,gamma,gamma,human4
human4_lib3.final_cell_0530-3,-82.823296,-14.469681,ductal,3,ductal,ductal,human4
human4_lib3.final_cell_0531-3,29.123621,-71.27127,alpha,11,alpha,alpha,human4
human4_lib3.final_cell_0532-3,-10.436743,-59.336296,alpha,11,alpha,alpha,human4
human4_lib3.final_cell_0533-3,43.69627,60.53623,beta,12,beta,beta,human4
human4_lib3.final_cell_0534-3,34.227615,41.882633,beta,12,beta,beta,human4
human4_lib3.final_cell_0535-3,32.177864,37.000313,beta,12,beta,beta,human4
human4_lib3.final_cell_0536-3,-55.786716,1.7144454,ductal,3,ductal,ductal,human4
human4_lib3.final_cell_0537-3,5.253557,-51.244415,alpha,11,alpha,alpha,human4
human4_lib3.final_cell_0538-3,23.120214,-65.84387,alpha,11,alpha,alpha,human4
human4_lib3.final_cell_0539-3,75.301254,-3.495616,beta,12,beta,beta,human4
human4_lib3.final_cell_0540-3,-2.4716923,-49.510357,alpha,11,alpha,alpha,human4
human4_lib3.final_cell_0541-3,7.9230976,-59.13763,alpha,11,alpha,alpha,human4
human4_lib3.final_cell_0542-3,39.95956,-17.17856,beta,12,beta,beta,human4
human4_lib3.final_cell_0543-3,34.6554,10.965613,beta,12,beta,beta,human4
human4_lib3.final_cell_0544-3,4.2231326,29.869074,delta,8,delta,delta,human4
human4_lib3.final_cell_0545-3,-82.652916,-13.932694,ductal,3,ductal,ductal,human4
human4_lib3.final_cell_0546-3,-4.803435,-24.78395,alpha,11,alpha,alpha,human4
human4_lib3.final_cell_0547-3,27.138851,-2.1161747,beta,12,beta,beta,human4
human4_lib3.final_cell_0548-3,32.668972,21.039196,beta,12,beta,beta,human4
human4_lib3.final_cell_0549-3,-75.92309,41.802986,ductal,2,Unmatched_2,ductal,human4
human4_lib3.final_cell_0550-3,35.124317,22.227352,beta,12,beta,beta,human4
human4_lib3.final_cell_0551-3,39.478714,52.40884,beta,12,beta,beta,human4
human4_lib3.final_cell_0552-3,34.52488,18.999498,beta,12,beta,beta,human4
human4_lib3.final_cell_0553-3,2.914566,32.20592,beta,8,delta,delta,human4
human4_lib3.final_cell_0554-3,48.842262,-14.167014,beta,12,beta,beta,human4
human4_lib3.final_cell_0555-3,33.564198,45.429447,beta,12,beta,beta,human4
human4_lib3.final_cell_0556-3,-74.264114,-10.508482,ductal,3,ductal,ductal,human4
human4_lib3.final_cell_0557-3,54.530594,44.516502,beta,12,beta,beta,human4
human4_lib3.final_cell_0558-3,-2.2921135,-51.416626,alpha,11,alpha,alpha,human4
human4_lib3.final_cell_0559-3,10.745375,-67.53385,alpha,11,alpha,alpha,human4
human4_lib3.final_cell_0560-3,12.799114,-52.24941,alpha,11,alpha,alpha,human4
human4_lib3.final_cell_0561-3,-1.754084,-46.602436,alpha,11,alpha,alpha,human4
human4_lib3.final_cell_0562-3,30.645353,6.194255,beta,12,beta,beta,human4
human4_lib3.final_cell_0563-3,-3.0055048,-38.028976,alpha,11,alpha,alpha,human4
human4_lib3.final_cell_0564-3,26.270086,12.747337,beta,12,beta,beta,human4
human4_lib3.final_cell_0565-3,2.8794456,-55.514885,alpha,11,alpha,alpha,human4
human4_lib3.final_cell_0566-3,-37.688007,-67.89169,gamma,7,gamma,gamma,human4
human4_lib3.final_cell_0567-3,39.068382,60.087723,beta,12,beta,beta,human4
human4_lib3.final_cell_0568-3,-37.61187,-65.14722,gamma,7,gamma,gamma,human4
human4_lib3.final_cell_0569-3,59.370693,-5.259087,beta,12,beta,beta,human4
human4_lib3.final_cell_0570-3,-49.246624,-62.9985,gamma,7,gamma,gamma,human4
human4_lib3.final_cell_0571-3,31.831703,15.848135,beta,12,beta,beta,human4
human4_lib3.final_cell_0572-3,50.805534,42.136562,beta,12,beta,beta,human4
human4_lib3.final_cell_0573-3,0.6420979,-51.32662,alpha,11,alpha,alpha,human4
human4_lib3.final_cell_0574-3,-89.468346,14.348127,macrophage,6,macrophage,macrophage,human4
human4_lib3.final_cell_0575-3,-33.02238,51.08641,ductal,1,acinar,acinar,human4
human4_lib3.final_cell_0576-3,35.763847,-5.52743,beta,12,beta,beta,human4
human4_lib3.final_cell_0577-3,4.4647655,-27.867912,alpha,11,alpha,alpha,human4
human4_lib3.final_cell_0578-3,4.15639,-53.386097,alpha,11,alpha,alpha,human4
human4_lib3.final_cell_0579-3,43.33428,46.563316,beta,12,beta,beta,human4
human4_lib3.final_cell_0580-3,35.09222,42.143326,beta,12,beta,beta,human4
human4_lib3.final_cell_0581-3,-7.1001925,17.691277,delta,8,delta,delta,human4
human4_lib3.final_cell_0582-3,34.512745,46.32317,beta,12,beta,beta,human4
human4_lib3.final_cell_0583-3,35.155594,56.520008,beta,12,beta,beta,human4
human4_lib3.final_cell_0584-3,35.958614,51.064335,beta,12,beta,beta,human4
human4_lib3.final_cell_0585-3,34.84807,43.959515,beta,12,beta,beta,human4
human4_lib3.final_cell_0586-3,4.624433,-51.96088,alpha,11,alpha,alpha,human4
human4_lib3.final_cell_0587-3,-76.738075,-2.7145348,ductal,3,ductal,ductal,human4
human4_lib3.final_cell_0588-3,-3.4074395,-36.486645,alpha,11,alpha,alpha,human4
human4_lib3.final_cell_0589-3,-0.72538894,-48.03612,alpha,11,alpha,alpha,human4
human4_lib3.final_cell_0590-3,-24.77633,-8.452256,activated_stellate,10,activated_stellate,activated_stellate,human4
human4_lib3.final_cell_0591-3,-39.22486,-72.50472,gamma,7,gamma,gamma,human4
human4_lib3.final_cell_0592-3,27.192099,10.955249,beta,12,beta,beta,human4
human4_lib3.final_cell_0593-3,41.698788,27.589966,beta,12,beta,beta,human4
human4_lib3.final_cell_0594-3,-76.6725,-2.9067497,ductal,3,ductal,ductal,human4
human4_lib3.final_cell_0595-3,-39.344055,57.07876,ductal,1,acinar,acinar,human4
human4_lib3.final_cell_0596-3,7.9901323,-58.315556,alpha,11,alpha,alpha,human4
human4_lib3.final_cell_0597-3,53.587563,42.65817,beta,12,beta,beta,human4
human4_lib3.final_cell_0598-3,7.622891,-58.074047,alpha,11,alpha,alpha,human4
human4_lib3.final_cell_0599-3,-0.18240322,9.449266,delta,8,delta,delta,human4
human4_lib3.final_cell_0600-3,-27.903765,-3.1819203,activated_stellate,10,activated_stellate,activated_stellate,human4
human4_lib3.final_cell_0601-3,38.321835,61.551464,beta,12,beta,beta,human4
human4_lib3.final_cell_0602-3,-54.521683,-1.0679581,ductal,3,ductal,ductal,human4
human4_lib3.final_cell_0603-3,-5.6432796,-37.467815,alpha,11,alpha,alpha,human4
human4_lib3.final_cell_0604-3,-60.7062,27.76275,endothelial,0,endothelial,endothelial,human4
human4_lib3.final_cell_0605-3,24.443869,20.19094,beta,12,beta,beta,human4
human4_lib3.final_cell_0606-3,35.99058,4.2323346,beta,12,beta,beta,human4
human4_lib3.final_cell_0607-3,-41.11291,62.724262,ductal,1,acinar,acinar,human4
human4_lib3.final_cell_0608-3,-14.981625,-59.28611,alpha,11,alpha,alpha,human4
human4_lib3.final_cell_0609-3,32.01985,-2.562134,beta,12,beta,beta,human4
human4_lib3.final_cell_0610-3,44.921856,61.104626,beta,12,beta,beta,human4
human4_lib3.final_cell_0611-3,-28.404316,64.569084,ductal,1,acinar,acinar,human4
human4_lib3.final_cell_0612-3,26.574688,29.408163,beta,12,beta,beta,human4
human4_lib3.final_cell_0613-3,-76.33168,-5.121898,ductal,3,ductal,ductal,human4
human4_lib3.final_cell_0614-3,9.870424,-61.073532,alpha,11,alpha,alpha,human4
human4_lib3.final_cell_0615-3,4.5564513,-28.560162,alpha,11,alpha,alpha,human4
human4_lib3.final_cell_0616-3,-12.7398,-60.947926,alpha,11,alpha,alpha,human4
human4_lib3.final_cell_0617-3,-35.70986,-70.35246,gamma,7,gamma,gamma,human4
human4_lib3.final_cell_0618-3,34.116867,7.8143225,beta,12,beta,beta,human4
human4_lib3.final_cell_0619-3,49.444088,-16.57944,beta,12,beta,beta,human4
human4_lib3.final_cell_0620-3,2.1930566,-57.27096,alpha,11,alpha,alpha,human4
human4_lib3.final_cell_0621-3,39.71269,39.38663,beta,12,beta,beta,human4
human4_lib3.final_cell_0622-3,-47.84672,-65.79943,gamma,7,gamma,gamma,human4
human4_lib3.final_cell_0623-3,36.177868,38.393696,beta,12,beta,beta,human4
human4_lib3.final_cell_0624-3,41.13191,-1.5476631,beta,12,beta,beta,human4
human4_lib3.final_cell_0625-3,47.646313,67.14655,beta,12,beta,beta,human4
human4_lib3.final_cell_0626-3,56.59687,46.314693,beta,12,beta,beta,human4
human4_lib3.final_cell_0627-3,52.949867,45.431267,beta,12,beta,beta,human4
human4_lib3.final_cell_0628-3,-42.153828,-33.38593,ductal,15,epsilon,quiescent_stellate,human4
human4_lib3.final_cell_0629-3,-2.4560351,-39.941643,alpha,11,alpha,alpha,human4
human4_lib3.final_cell_0630-3,31.734692,46.99705,beta,12,beta,beta,human4
human4_lib3.final_cell_0631-3,30.666845,5.431394,beta,12,beta,beta,human4
human4_lib3.final_cell_0632-3,39.038357,62.018158,beta,12,beta,beta,human4
human4_lib3.final_cell_0633-3,30.749527,-5.2206354,beta,12,beta,beta,human4
human4_lib3.final_cell_0634-3,41.564102,6.2042017,beta,12,beta,beta,human4
human4_lib3.final_cell_0635-3,-3.565345,-21.222515,alpha,11,alpha,alpha,human4
human4_lib3.final_cell_0636-3,73.40506,-11.091472,beta,12,beta,beta,human4
human4_lib3.final_cell_0637-3,-41.916653,-72.805466,gamma,7,gamma,gamma,human4
human4_lib3.final_cell_0638-3,36.768738,70.30597,beta,12,beta,beta,human4
human4_lib3.final_cell_0639-3,-32.54653,58.152,ductal,1,acinar,acinar,human4
human4_lib3.final_cell_0640-3,5.986157,-49.304935,alpha,11,alpha,alpha,human4
human4_lib3.final_cell_0641-3,11.284444,-50.702816,alpha,11,alpha,alpha,human4
human4_lib3.final_cell_0642-3,-55.934826,5.1435714,ductal,3,ductal,ductal,human4
human4_lib3.final_cell_0643-3,-41.142483,-64.240326,gamma,7,gamma,gamma,human4
human4_lib3.final_cell_0644-3,-32.174484,-1.342644,activated_stellate,10,activated_stellate,activated_stellate,human4
human4_lib3.final_cell_0645-3,2.4623337,-63.27815,alpha,11,alpha,alpha,human4
human4_lib3.final_cell_0646-3,-4.4019136,-59.62937,alpha,11,alpha,alpha,human4
human4_lib3.final_cell_0647-3,7.2240114,-16.413603,alpha,11,alpha,alpha,human4
human4_lib3.final_cell_0648-3,-5.447833,-26.009443,alpha,11,alpha,alpha,human4
human4_lib3.final_cell_0649-3,-0.6010484,-26.521036,alpha,11,alpha,alpha,human4
human4_lib3.final_cell_0650-3,-82.371925,-12.17321,ductal,3,ductal,ductal,human4
human4_lib3.final_cell_0651-3,30.41997,25.388746,beta,12,beta,beta,human4
human4_lib3.final_cell_0652-3,6.094518,-56.94239,alpha,11,alpha,alpha,human4
human4_lib3.final_cell_0653-3,56.11651,47.424034,beta,12,beta,beta,human4
human4_lib3.final_cell_0654-3,-29.564953,-0.16326338,activated_stellate,10,activated_stellate,activated_stellate,human4
human4_lib3.final_cell_0655-3,10.72187,24.112469,delta,8,delta,delta,human4
human4_lib3.final_cell_0656-3,-72.3213,41.88502,ductal,2,Unmatched_2,ductal,human4
human4_lib3.final_cell_0657-3,41.282658,-1.7106447,beta,12,beta,beta,human4
human4_lib3.final_cell_0658-3,13.947359,-49.350998,alpha,11,alpha,alpha,human4
human4_lib3.final_cell_0659-3,-39.36371,-68.77752,gamma,7,gamma,gamma,human4
human4_lib3.final_cell_0660-3,17.398779,-48.74352,alpha,11,alpha,alpha,human4
human4_lib3.final_cell_0661-3,32.309963,-4.554609,beta,12,beta,beta,human4
human4_lib3.final_cell_0662-3,44.918514,-39.08166,mast,4,mast,mast,human4
human4_lib3.final_cell_0663-3,35.15635,30.591831,beta,12,beta,beta,human4
human4_lib3.final_cell_0664-3,-72.19739,-1.2089974,ductal,3,ductal,ductal,human4
human4_lib3.final_cell_0665-3,43.732887,27.06353,beta,12,beta,beta,human4
human4_lib3.final_cell_0666-3,-72.52142,-5.14826,ductal,3,ductal,ductal,human4
human4_lib3.final_cell_0667-3,40.238987,40.01553,beta,12,beta,beta,human4
human4_lib3.final_cell_0668-3,24.298063,20.21814,beta,12,beta,beta,human4
human4_lib3.final_cell_0669-3,38.890198,36.146263,beta,12,beta,beta,human4
human4_lib3.final_cell_0670-3,-26.707985,7.8862815,schwann,9,schwann,schwann,human4
human4_lib3.final_cell_0671-3,-1.5988133,-33.694653,alpha,11,alpha,alpha,human4
human4_lib3.final_cell_0672-3,-76.47742,40.847225,ductal,2,Unmatched_2,ductal,human4
human4_lib3.final_cell_0673-3,1.8998374,-34.169006,beta,11,alpha,alpha,human4
human4_lib3.final_cell_0674-3,30.597795,4.7737107,beta,12,beta,beta,human4
human4_lib3.final_cell_0675-3,47.161938,67.39931,beta,12,beta,beta,human4
human4_lib3.final_cell_0676-3,-80.310104,-8.343511,ductal,3,ductal,ductal,human4
human4_lib3.final_cell_0677-3,-31.897207,58.61399,ductal,1,acinar,acinar,human4
human4_lib3.final_cell_0678-3,43.36713,26.793915,beta,12,beta,beta,human4
human4_lib3.final_cell_0679-3,-75.33954,-6.496479,ductal,3,ductal,ductal,human4
human4_lib3.final_cell_0680-3,0.0548428,23.876255,delta,8,delta,delta,human4
human4_lib3.final_cell_0681-3,2.9310937,-46.39695,alpha,11,alpha,alpha,human4
human4_lib3.final_cell_0682-3,13.362823,-49.34365,alpha,11,alpha,alpha,human4
human4_lib3.final_cell_0683-3,-32.459496,22.546106,quiescent_stellate,13,quiescent_stellate,quiescent_stellate,human4
human4_lib3.final_cell_0684-3,28.789087,12.527344,beta,12,beta,beta,human4
human4_lib3.final_cell_0685-3,48.42918,45.562202,beta,12,beta,beta,human4
human4_lib3.final_cell_0686-3,-31.466036,-1.844898,activated_stellate,10,activated_stellate,activated_stellate,human4
human4_lib3.final_cell_0687-3,41.46828,30.03476,beta,12,beta,beta,human4
human4_lib3.final_cell_0688-3,39.475357,-5.463582,beta,12,beta,beta,human4
human4_lib3.final_cell_0689-3,-11.120074,-60.15504,alpha,11,alpha,alpha,human4
human4_lib3.final_cell_0690-3,40.348343,64.714935,beta,12,beta,beta,human4
human4_lib3.final_cell_0691-3,45.2159,71.37838,beta,12,beta,beta,human4
human4_lib3.final_cell_0692-3,55.786293,47.589146,beta,12,beta,beta,human4
human4_lib3.final_cell_0693-3,29.07447,-3.3562694,beta,12,beta,beta,human4
human4_lib3.final_cell_0694-3,16.372072,-50.44755,alpha,11,alpha,alpha,human4
human4_lib3.final_cell_0695-3,44.307934,29.607063,beta,12,beta,beta,human4
human4_lib3.final_cell_0696-3,29.678423,16.790304,beta,12,beta,beta,human4
human4_lib3.final_cell_0697-3,-22.738811,-10.004337,activated_stellate,10,activated_stellate,activated_stellate,human4
human4_lib3.final_cell_0698-3,18.202194,-55.02606,alpha,11,alpha,alpha,human4
human4_lib3.final_cell_0699-3,32.394,-3.7375262,beta,12,beta,beta,human4
human4_lib3.final_cell_0700-3,34.13176,-5.4902816,beta,12,beta,beta,human4
human4_lib3.final_cell_0701-3,-33.16474,59.124622,ductal,1,acinar,acinar,human4
