cell_index,cell_id,predicted_label,true_label,aligned_predicted_label,batch
0,human1_lib1.final_cell_0001-0,0,acinar,acinar,single_batch
1,human1_lib1.final_cell_0002-0,0,acinar,acinar,single_batch
2,human1_lib1.final_cell_0003-0,0,acinar,acinar,single_batch
3,human1_lib1.final_cell_0004-0,0,acinar,acinar,single_batch
4,human1_lib1.final_cell_0005-0,0,acinar,acinar,single_batch
5,human1_lib1.final_cell_0006-0,0,acinar,acinar,single_batch
6,human1_lib1.final_cell_0007-0,7,beta,beta,single_batch
7,human1_lib1.final_cell_0008-0,0,acinar,acinar,single_batch
8,human1_lib1.final_cell_0009-0,0,acinar,acinar,single_batch
9,human1_lib1.final_cell_0010-0,0,acinar,acinar,single_batch
10,human1_lib1.final_cell_0011-0,0,acinar,acinar,single_batch
11,human1_lib1.final_cell_0012-0,0,acinar,acinar,single_batch
12,human1_lib1.final_cell_0013-0,8,delta,delta,single_batch
13,human1_lib1.final_cell_0014-0,8,delta,delta,single_batch
14,human1_lib1.final_cell_0015-0,7,beta,beta,single_batch
15,human1_lib1.final_cell_0016-0,3,activated_stellate,activated_stellate,single_batch
16,human1_lib1.final_cell_0017-0,7,beta,beta,single_batch
17,human1_lib1.final_cell_0018-0,0,acinar,acinar,single_batch
18,human1_lib1.final_cell_0019-0,4,ductal,ductal,single_batch
19,human1_lib1.final_cell_0020-0,7,beta,beta,single_batch
20,human1_lib1.final_cell_0021-0,7,beta,beta,single_batch
21,human1_lib1.final_cell_0022-0,9,alpha,alpha,single_batch
22,human1_lib1.final_cell_0023-0,4,ductal,ductal,single_batch
23,human1_lib1.final_cell_0024-0,7,beta,beta,single_batch
24,human1_lib1.final_cell_0025-0,8,delta,delta,single_batch
25,human1_lib1.final_cell_0026-0,9,alpha,alpha,single_batch
26,human1_lib1.final_cell_0027-0,7,beta,beta,single_batch
27,human1_lib1.final_cell_0028-0,0,acinar,acinar,single_batch
28,human1_lib1.final_cell_0029-0,0,acinar,acinar,single_batch
29,human1_lib1.final_cell_0030-0,7,beta,beta,single_batch
30,human1_lib1.final_cell_0031-0,8,delta,delta,single_batch
31,human1_lib1.final_cell_0032-0,8,delta,delta,single_batch
32,human1_lib1.final_cell_0033-0,8,delta,delta,single_batch
33,human1_lib1.final_cell_0034-0,8,delta,delta,single_batch
34,human1_lib1.final_cell_0035-0,7,beta,beta,single_batch
35,human1_lib1.final_cell_0036-0,0,acinar,acinar,single_batch
36,human1_lib1.final_cell_0037-0,7,beta,beta,single_batch
37,human1_lib1.final_cell_0038-0,7,beta,beta,single_batch
38,human1_lib1.final_cell_0039-0,7,beta,beta,single_batch
39,human1_lib1.final_cell_0040-0,8,delta,delta,single_batch
40,human1_lib1.final_cell_0041-0,3,activated_stellate,activated_stellate,single_batch
41,human1_lib1.final_cell_0042-0,7,beta,beta,single_batch
42,human1_lib1.final_cell_0043-0,8,delta,delta,single_batch
43,human1_lib1.final_cell_0044-0,3,activated_stellate,activated_stellate,single_batch
44,human1_lib1.final_cell_0045-0,3,activated_stellate,activated_stellate,single_batch
45,human1_lib1.final_cell_0046-0,3,activated_stellate,activated_stellate,single_batch
46,human1_lib1.final_cell_0047-0,0,acinar,acinar,single_batch
47,human1_lib1.final_cell_0048-0,3,activated_stellate,activated_stellate,single_batch
48,human1_lib1.final_cell_0049-0,8,delta,delta,single_batch
49,human1_lib1.final_cell_0050-0,7,beta,beta,single_batch
50,human1_lib1.final_cell_0051-0,8,delta,delta,single_batch
51,human1_lib1.final_cell_0052-0,7,beta,beta,single_batch
52,human1_lib1.final_cell_0053-0,0,acinar,acinar,single_batch
53,human1_lib1.final_cell_0054-0,7,beta,beta,single_batch
54,human1_lib1.final_cell_0055-0,7,beta,beta,single_batch
55,human1_lib1.final_cell_0056-0,3,activated_stellate,activated_stellate,single_batch
56,human1_lib1.final_cell_0057-0,7,beta,beta,single_batch
57,human1_lib1.final_cell_0058-0,7,beta,beta,single_batch
58,human1_lib1.final_cell_0059-0,7,beta,beta,single_batch
59,human1_lib1.final_cell_0060-0,7,beta,beta,single_batch
60,human1_lib1.final_cell_0061-0,4,ductal,ductal,single_batch
61,human1_lib1.final_cell_0062-0,9,alpha,alpha,single_batch
62,human1_lib1.final_cell_0063-0,7,beta,beta,single_batch
63,human1_lib1.final_cell_0064-0,4,ductal,ductal,single_batch
64,human1_lib1.final_cell_0065-0,4,ductal,ductal,single_batch
65,human1_lib1.final_cell_0066-0,0,acinar,acinar,single_batch
66,human1_lib1.final_cell_0067-0,9,alpha,alpha,single_batch
67,human1_lib1.final_cell_0068-0,7,beta,beta,single_batch
68,human1_lib1.final_cell_0069-0,8,delta,delta,single_batch
69,human1_lib1.final_cell_0070-0,9,alpha,alpha,single_batch
70,human1_lib1.final_cell_0071-0,7,beta,beta,single_batch
71,human1_lib1.final_cell_0072-0,7,beta,beta,single_batch
72,human1_lib1.final_cell_0073-0,7,beta,beta,single_batch
73,human1_lib1.final_cell_0074-0,8,delta,delta,single_batch
74,human1_lib1.final_cell_0075-0,7,beta,beta,single_batch
75,human1_lib1.final_cell_0076-0,7,beta,beta,single_batch
76,human1_lib1.final_cell_0077-0,8,delta,delta,single_batch
77,human1_lib1.final_cell_0078-0,7,beta,beta,single_batch
78,human1_lib1.final_cell_0079-0,7,beta,beta,single_batch
79,human1_lib1.final_cell_0080-0,7,beta,beta,single_batch
80,human1_lib1.final_cell_0081-0,7,beta,beta,single_batch
81,human1_lib1.final_cell_0082-0,7,beta,beta,single_batch
82,human1_lib1.final_cell_0083-0,7,beta,beta,single_batch
83,human1_lib1.final_cell_0084-0,0,acinar,acinar,single_batch
84,human1_lib1.final_cell_0085-0,3,activated_stellate,activated_stellate,single_batch
85,human1_lib1.final_cell_0086-0,8,delta,delta,single_batch
86,human1_lib1.final_cell_0087-0,8,delta,delta,single_batch
87,human1_lib1.final_cell_0088-0,7,beta,beta,single_batch
88,human1_lib1.final_cell_0089-0,7,beta,beta,single_batch
89,human1_lib1.final_cell_0090-0,7,beta,beta,single_batch
90,human1_lib1.final_cell_0091-0,7,beta,beta,single_batch
91,human1_lib1.final_cell_0092-0,7,beta,beta,single_batch
92,human1_lib1.final_cell_0093-0,7,beta,beta,single_batch
93,human1_lib1.final_cell_0094-0,7,beta,beta,single_batch
94,human1_lib1.final_cell_0095-0,7,beta,beta,single_batch
95,human1_lib1.final_cell_0096-0,7,beta,beta,single_batch
96,human1_lib1.final_cell_0097-0,7,beta,beta,single_batch
97,human1_lib1.final_cell_0098-0,8,delta,delta,single_batch
98,human1_lib1.final_cell_0099-0,8,delta,delta,single_batch
99,human1_lib1.final_cell_0100-0,7,beta,beta,single_batch
100,human1_lib1.final_cell_0101-0,8,delta,delta,single_batch
101,human1_lib1.final_cell_0102-0,9,alpha,alpha,single_batch
102,human1_lib1.final_cell_0103-0,9,alpha,alpha,single_batch
103,human1_lib1.final_cell_0104-0,8,delta,delta,single_batch
104,human1_lib1.final_cell_0105-0,7,beta,beta,single_batch
105,human1_lib1.final_cell_0106-0,7,beta,beta,single_batch
106,human1_lib1.final_cell_0107-0,7,beta,beta,single_batch
107,human1_lib1.final_cell_0108-0,7,beta,beta,single_batch
108,human1_lib1.final_cell_0109-0,0,acinar,acinar,single_batch
109,human1_lib1.final_cell_0110-0,8,delta,delta,single_batch
110,human1_lib1.final_cell_0111-0,7,beta,beta,single_batch
111,human1_lib1.final_cell_0112-0,7,beta,beta,single_batch
112,human1_lib1.final_cell_0113-0,8,delta,delta,single_batch
113,human1_lib1.final_cell_0114-0,7,beta,beta,single_batch
114,human1_lib1.final_cell_0115-0,7,beta,beta,single_batch
115,human1_lib1.final_cell_0116-0,7,beta,beta,single_batch
116,human1_lib1.final_cell_0117-0,8,delta,delta,single_batch
117,human1_lib1.final_cell_0118-0,7,beta,beta,single_batch
118,human1_lib1.final_cell_0119-0,8,delta,delta,single_batch
119,human1_lib1.final_cell_0120-0,7,beta,beta,single_batch
120,human1_lib1.final_cell_0121-0,7,beta,beta,single_batch
121,human1_lib1.final_cell_0122-0,7,beta,beta,single_batch
122,human1_lib1.final_cell_0123-0,8,epsilon,delta,single_batch
123,human1_lib1.final_cell_0124-0,7,beta,beta,single_batch
124,human1_lib1.final_cell_0125-0,7,beta,beta,single_batch
125,human1_lib1.final_cell_0126-0,7,beta,beta,single_batch
126,human1_lib1.final_cell_0127-0,9,delta,alpha,single_batch
127,human1_lib1.final_cell_0128-0,7,beta,beta,single_batch
128,human1_lib1.final_cell_0129-0,8,delta,delta,single_batch
129,human1_lib1.final_cell_0130-0,7,beta,beta,single_batch
130,human1_lib1.final_cell_0131-0,9,alpha,alpha,single_batch
131,human1_lib1.final_cell_0132-0,9,alpha,alpha,single_batch
132,human1_lib1.final_cell_0133-0,7,beta,beta,single_batch
133,human1_lib1.final_cell_0134-0,0,acinar,acinar,single_batch
134,human1_lib1.final_cell_0135-0,9,alpha,alpha,single_batch
135,human1_lib1.final_cell_0136-0,7,beta,beta,single_batch
136,human1_lib1.final_cell_0137-0,7,beta,beta,single_batch
137,human1_lib1.final_cell_0138-0,9,alpha,alpha,single_batch
138,human1_lib1.final_cell_0139-0,7,beta,beta,single_batch
139,human1_lib1.final_cell_0140-0,8,delta,delta,single_batch
140,human1_lib1.final_cell_0141-0,7,beta,beta,single_batch
141,human1_lib1.final_cell_0142-0,7,beta,beta,single_batch
142,human1_lib1.final_cell_0143-0,7,beta,beta,single_batch
143,human1_lib1.final_cell_0144-0,7,beta,beta,single_batch
144,human1_lib1.final_cell_0145-0,7,beta,beta,single_batch
145,human1_lib1.final_cell_0146-0,8,delta,delta,single_batch
146,human1_lib1.final_cell_0147-0,7,beta,beta,single_batch
147,human1_lib1.final_cell_0148-0,4,ductal,ductal,single_batch
148,human1_lib1.final_cell_0149-0,4,ductal,ductal,single_batch
149,human1_lib1.final_cell_0150-0,7,beta,beta,single_batch
150,human1_lib1.final_cell_0151-0,7,beta,beta,single_batch
151,human1_lib1.final_cell_0152-0,7,beta,beta,single_batch
152,human1_lib1.final_cell_0153-0,7,beta,beta,single_batch
153,human1_lib1.final_cell_0154-0,8,delta,delta,single_batch
154,human1_lib1.final_cell_0155-0,7,beta,beta,single_batch
155,human1_lib1.final_cell_0156-0,3,activated_stellate,activated_stellate,single_batch
156,human1_lib1.final_cell_0157-0,7,beta,beta,single_batch
157,human1_lib1.final_cell_0158-0,7,beta,beta,single_batch
158,human1_lib1.final_cell_0159-0,9,alpha,alpha,single_batch
159,human1_lib1.final_cell_0160-0,7,beta,beta,single_batch
160,human1_lib1.final_cell_0161-0,9,alpha,alpha,single_batch
161,human1_lib1.final_cell_0162-0,7,beta,beta,single_batch
162,human1_lib1.final_cell_0163-0,8,gamma,delta,single_batch
163,human1_lib1.final_cell_0164-0,7,beta,beta,single_batch
164,human1_lib1.final_cell_0165-0,7,beta,beta,single_batch
165,human1_lib1.final_cell_0166-0,7,beta,beta,single_batch
166,human1_lib1.final_cell_0167-0,7,beta,beta,single_batch
167,human1_lib1.final_cell_0168-0,7,beta,beta,single_batch
168,human1_lib1.final_cell_0169-0,7,beta,beta,single_batch
169,human1_lib1.final_cell_0170-0,7,beta,beta,single_batch
170,human1_lib1.final_cell_0171-0,0,acinar,acinar,single_batch
171,human1_lib1.final_cell_0172-0,7,beta,beta,single_batch
172,human1_lib1.final_cell_0173-0,0,acinar,acinar,single_batch
173,human1_lib1.final_cell_0174-0,7,beta,beta,single_batch
174,human1_lib1.final_cell_0175-0,7,beta,beta,single_batch
175,human1_lib1.final_cell_0176-0,7,beta,beta,single_batch
176,human1_lib1.final_cell_0177-0,0,acinar,acinar,single_batch
177,human1_lib1.final_cell_0178-0,8,delta,delta,single_batch
178,human1_lib1.final_cell_0179-0,7,beta,beta,single_batch
179,human1_lib1.final_cell_0180-0,8,delta,delta,single_batch
180,human1_lib1.final_cell_0181-0,7,beta,beta,single_batch
181,human1_lib1.final_cell_0182-0,0,acinar,acinar,single_batch
182,human1_lib1.final_cell_0183-0,9,alpha,alpha,single_batch
183,human1_lib1.final_cell_0184-0,7,beta,beta,single_batch
184,human1_lib1.final_cell_0185-0,9,alpha,alpha,single_batch
185,human1_lib1.final_cell_0186-0,7,beta,beta,single_batch
186,human1_lib1.final_cell_0187-0,9,alpha,alpha,single_batch
187,human1_lib1.final_cell_0188-0,1,endothelial,endothelial,single_batch
188,human1_lib1.final_cell_0189-0,7,beta,beta,single_batch
189,human1_lib1.final_cell_0190-0,7,beta,beta,single_batch
190,human1_lib1.final_cell_0191-0,9,alpha,alpha,single_batch
191,human1_lib1.final_cell_0192-0,8,delta,delta,single_batch
192,human1_lib1.final_cell_0193-0,7,beta,beta,single_batch
193,human1_lib1.final_cell_0194-0,7,beta,beta,single_batch
194,human1_lib1.final_cell_0195-0,8,delta,delta,single_batch
195,human1_lib1.final_cell_0196-0,7,beta,beta,single_batch
196,human1_lib1.final_cell_0197-0,8,gamma,delta,single_batch
197,human1_lib1.final_cell_0198-0,9,alpha,alpha,single_batch
198,human1_lib1.final_cell_0199-0,7,beta,beta,single_batch
199,human1_lib1.final_cell_0200-0,7,beta,beta,single_batch
200,human1_lib1.final_cell_0201-0,8,delta,delta,single_batch
201,human1_lib1.final_cell_0202-0,9,alpha,alpha,single_batch
202,human1_lib1.final_cell_0203-0,4,ductal,ductal,single_batch
203,human1_lib1.final_cell_0204-0,7,beta,beta,single_batch
204,human1_lib1.final_cell_0205-0,9,alpha,alpha,single_batch
205,human1_lib1.final_cell_0206-0,7,beta,beta,single_batch
206,human1_lib1.final_cell_0207-0,4,ductal,ductal,single_batch
207,human1_lib1.final_cell_0208-0,9,alpha,alpha,single_batch
208,human1_lib1.final_cell_0209-0,4,ductal,ductal,single_batch
209,human1_lib1.final_cell_0210-0,7,beta,beta,single_batch
210,human1_lib1.final_cell_0211-0,7,beta,beta,single_batch
211,human1_lib1.final_cell_0212-0,9,alpha,alpha,single_batch
212,human1_lib1.final_cell_0213-0,8,beta,delta,single_batch
213,human1_lib1.final_cell_0214-0,7,beta,beta,single_batch
214,human1_lib1.final_cell_0215-0,6,quiescent_stellate,quiescent_stellate,single_batch
215,human1_lib1.final_cell_0216-0,4,ductal,ductal,single_batch
216,human1_lib1.final_cell_0217-0,4,ductal,ductal,single_batch
217,human1_lib1.final_cell_0218-0,6,endothelial,quiescent_stellate,single_batch
218,human1_lib1.final_cell_0219-0,3,activated_stellate,activated_stellate,single_batch
219,human1_lib1.final_cell_0220-0,7,beta,beta,single_batch
220,human1_lib1.final_cell_0221-0,8,delta,delta,single_batch
221,human1_lib1.final_cell_0222-0,8,gamma,delta,single_batch
222,human1_lib1.final_cell_0223-0,7,beta,beta,single_batch
223,human1_lib1.final_cell_0224-0,7,beta,beta,single_batch
224,human1_lib1.final_cell_0225-0,7,beta,beta,single_batch
225,human1_lib1.final_cell_0226-0,9,alpha,alpha,single_batch
226,human1_lib1.final_cell_0227-0,7,beta,beta,single_batch
227,human1_lib1.final_cell_0228-0,7,beta,beta,single_batch
228,human1_lib1.final_cell_0229-0,8,delta,delta,single_batch
229,human1_lib1.final_cell_0230-0,4,ductal,ductal,single_batch
230,human1_lib1.final_cell_0231-0,7,beta,beta,single_batch
231,human1_lib1.final_cell_0232-0,8,delta,delta,single_batch
232,human1_lib1.final_cell_0233-0,8,delta,delta,single_batch
233,human1_lib1.final_cell_0234-0,7,beta,beta,single_batch
234,human1_lib1.final_cell_0235-0,8,delta,delta,single_batch
235,human1_lib1.final_cell_0236-0,7,beta,beta,single_batch
236,human1_lib1.final_cell_0237-0,3,activated_stellate,activated_stellate,single_batch
237,human1_lib1.final_cell_0238-0,7,beta,beta,single_batch
238,human1_lib1.final_cell_0239-0,7,beta,beta,single_batch
239,human1_lib1.final_cell_0240-0,8,delta,delta,single_batch
240,human1_lib1.final_cell_0241-0,7,beta,beta,single_batch
241,human1_lib1.final_cell_0242-0,6,quiescent_stellate,quiescent_stellate,single_batch
242,human1_lib1.final_cell_0243-0,7,beta,beta,single_batch
243,human1_lib1.final_cell_0244-0,0,acinar,acinar,single_batch
244,human1_lib1.final_cell_0245-0,9,alpha,alpha,single_batch
245,human1_lib1.final_cell_0246-0,8,delta,delta,single_batch
246,human1_lib1.final_cell_0247-0,7,beta,beta,single_batch
247,human1_lib1.final_cell_0248-0,9,alpha,alpha,single_batch
248,human1_lib1.final_cell_0249-0,8,beta,delta,single_batch
249,human1_lib1.final_cell_0250-0,1,endothelial,endothelial,single_batch
250,human1_lib1.final_cell_0251-0,8,delta,delta,single_batch
251,human1_lib1.final_cell_0252-0,8,delta,delta,single_batch
252,human1_lib1.final_cell_0253-0,7,beta,beta,single_batch
253,human1_lib1.final_cell_0254-0,7,beta,beta,single_batch
254,human1_lib1.final_cell_0255-0,8,delta,delta,single_batch
255,human1_lib1.final_cell_0256-0,8,gamma,delta,single_batch
256,human1_lib1.final_cell_0257-0,9,alpha,alpha,single_batch
257,human1_lib1.final_cell_0258-0,7,beta,beta,single_batch
258,human1_lib1.final_cell_0259-0,7,beta,beta,single_batch
259,human1_lib1.final_cell_0260-0,7,beta,beta,single_batch
260,human1_lib1.final_cell_0261-0,4,ductal,ductal,single_batch
261,human1_lib1.final_cell_0262-0,8,delta,delta,single_batch
262,human1_lib1.final_cell_0263-0,9,alpha,alpha,single_batch
263,human1_lib1.final_cell_0264-0,7,beta,beta,single_batch
264,human1_lib1.final_cell_0265-0,8,gamma,delta,single_batch
265,human1_lib1.final_cell_0266-0,7,beta,beta,single_batch
266,human1_lib1.final_cell_0267-0,7,beta,beta,single_batch
267,human1_lib1.final_cell_0268-0,7,beta,beta,single_batch
268,human1_lib1.final_cell_0269-0,6,quiescent_stellate,quiescent_stellate,single_batch
269,human1_lib1.final_cell_0270-0,9,alpha,alpha,single_batch
270,human1_lib1.final_cell_0271-0,8,delta,delta,single_batch
271,human1_lib1.final_cell_0272-0,8,alpha,delta,single_batch
272,human1_lib1.final_cell_0273-0,1,endothelial,endothelial,single_batch
273,human1_lib1.final_cell_0274-0,9,alpha,alpha,single_batch
274,human1_lib1.final_cell_0275-0,8,delta,delta,single_batch
275,human1_lib1.final_cell_0276-0,7,beta,beta,single_batch
276,human1_lib1.final_cell_0277-0,8,gamma,delta,single_batch
277,human1_lib1.final_cell_0278-0,4,ductal,ductal,single_batch
278,human1_lib1.final_cell_0279-0,9,alpha,alpha,single_batch
279,human1_lib1.final_cell_0280-0,8,alpha,delta,single_batch
280,human1_lib1.final_cell_0281-0,8,delta,delta,single_batch
281,human1_lib1.final_cell_0282-0,7,beta,beta,single_batch
282,human1_lib1.final_cell_0283-0,7,beta,beta,single_batch
283,human1_lib1.final_cell_0284-0,4,ductal,ductal,single_batch
284,human1_lib1.final_cell_0285-0,9,alpha,alpha,single_batch
285,human1_lib1.final_cell_0286-0,7,beta,beta,single_batch
286,human1_lib1.final_cell_0287-0,8,delta,delta,single_batch
287,human1_lib1.final_cell_0288-0,2,macrophage,macrophage,single_batch
288,human1_lib1.final_cell_0289-0,1,endothelial,endothelial,single_batch
289,human1_lib1.final_cell_0290-0,7,beta,beta,single_batch
290,human1_lib1.final_cell_0291-0,7,beta,beta,single_batch
291,human1_lib1.final_cell_0292-0,7,beta,beta,single_batch
292,human1_lib1.final_cell_0293-0,7,beta,beta,single_batch
293,human1_lib1.final_cell_0294-0,7,beta,beta,single_batch
294,human1_lib1.final_cell_0295-0,7,beta,beta,single_batch
295,human1_lib1.final_cell_0296-0,7,beta,beta,single_batch
296,human1_lib1.final_cell_0297-0,7,beta,beta,single_batch
297,human1_lib1.final_cell_0298-0,7,beta,beta,single_batch
298,human1_lib1.final_cell_0299-0,7,beta,beta,single_batch
299,human1_lib1.final_cell_0300-0,7,beta,beta,single_batch
300,human1_lib1.final_cell_0301-0,8,gamma,delta,single_batch
301,human1_lib1.final_cell_0302-0,3,endothelial,activated_stellate,single_batch
302,human1_lib1.final_cell_0303-0,7,beta,beta,single_batch
303,human1_lib1.final_cell_0304-0,7,beta,beta,single_batch
304,human1_lib1.final_cell_0305-0,7,beta,beta,single_batch
305,human1_lib1.final_cell_0306-0,8,delta,delta,single_batch
306,human1_lib1.final_cell_0307-0,7,beta,beta,single_batch
307,human1_lib1.final_cell_0308-0,8,gamma,delta,single_batch
308,human1_lib1.final_cell_0309-0,8,epsilon,delta,single_batch
309,human1_lib1.final_cell_0310-0,8,delta,delta,single_batch
310,human1_lib1.final_cell_0311-0,7,beta,beta,single_batch
311,human1_lib1.final_cell_0312-0,7,beta,beta,single_batch
312,human1_lib1.final_cell_0313-0,8,gamma,delta,single_batch
313,human1_lib1.final_cell_0314-0,7,beta,beta,single_batch
314,human1_lib1.final_cell_0315-0,9,beta,alpha,single_batch
315,human1_lib1.final_cell_0316-0,7,beta,beta,single_batch
316,human1_lib1.final_cell_0317-0,7,beta,beta,single_batch
317,human1_lib1.final_cell_0318-0,7,beta,beta,single_batch
318,human1_lib1.final_cell_0319-0,1,endothelial,endothelial,single_batch
319,human1_lib1.final_cell_0320-0,7,beta,beta,single_batch
320,human1_lib1.final_cell_0321-0,8,delta,delta,single_batch
321,human1_lib1.final_cell_0322-0,9,alpha,alpha,single_batch
322,human1_lib1.final_cell_0323-0,8,epsilon,delta,single_batch
323,human1_lib1.final_cell_0324-0,9,alpha,alpha,single_batch
324,human1_lib1.final_cell_0325-0,6,quiescent_stellate,quiescent_stellate,single_batch
325,human1_lib1.final_cell_0326-0,8,alpha,delta,single_batch
326,human1_lib1.final_cell_0327-0,9,alpha,alpha,single_batch
327,human1_lib1.final_cell_0328-0,7,beta,beta,single_batch
328,human1_lib1.final_cell_0329-0,7,beta,beta,single_batch
329,human1_lib1.final_cell_0330-0,4,ductal,ductal,single_batch
330,human1_lib1.final_cell_0331-0,7,beta,beta,single_batch
331,human1_lib1.final_cell_0332-0,9,alpha,alpha,single_batch
332,human1_lib1.final_cell_0333-0,7,beta,beta,single_batch
333,human1_lib1.final_cell_0334-0,9,alpha,alpha,single_batch
334,human1_lib1.final_cell_0335-0,7,beta,beta,single_batch
335,human1_lib1.final_cell_0336-0,7,beta,beta,single_batch
336,human1_lib1.final_cell_0337-0,8,delta,delta,single_batch
337,human1_lib1.final_cell_0338-0,8,delta,delta,single_batch
338,human1_lib1.final_cell_0339-0,7,beta,beta,single_batch
339,human1_lib1.final_cell_0340-0,7,beta,beta,single_batch
340,human1_lib1.final_cell_0341-0,7,beta,beta,single_batch
341,human1_lib1.final_cell_0342-0,4,ductal,ductal,single_batch
342,human1_lib1.final_cell_0343-0,0,acinar,acinar,single_batch
343,human1_lib1.final_cell_0344-0,7,beta,beta,single_batch
344,human1_lib1.final_cell_0345-0,8,alpha,delta,single_batch
345,human1_lib1.final_cell_0346-0,7,beta,beta,single_batch
346,human1_lib1.final_cell_0347-0,7,beta,beta,single_batch
347,human1_lib1.final_cell_0348-0,9,alpha,alpha,single_batch
348,human1_lib1.final_cell_0349-0,7,beta,beta,single_batch
349,human1_lib1.final_cell_0350-0,6,quiescent_stellate,quiescent_stellate,single_batch
350,human1_lib1.final_cell_0351-0,7,beta,beta,single_batch
351,human1_lib1.final_cell_0352-0,8,gamma,delta,single_batch
352,human1_lib1.final_cell_0353-0,7,beta,beta,single_batch
353,human1_lib1.final_cell_0354-0,8,gamma,delta,single_batch
354,human1_lib1.final_cell_0355-0,1,endothelial,endothelial,single_batch
355,human1_lib1.final_cell_0356-0,7,beta,beta,single_batch
356,human1_lib1.final_cell_0357-0,9,alpha,alpha,single_batch
357,human1_lib1.final_cell_0358-0,3,schwann,activated_stellate,single_batch
358,human1_lib1.final_cell_0359-0,7,beta,beta,single_batch
359,human1_lib1.final_cell_0360-0,6,quiescent_stellate,quiescent_stellate,single_batch
360,human1_lib1.final_cell_0361-0,1,endothelial,endothelial,single_batch
361,human1_lib1.final_cell_0362-0,8,gamma,delta,single_batch
362,human1_lib1.final_cell_0363-0,7,beta,beta,single_batch
363,human1_lib1.final_cell_0364-0,7,beta,beta,single_batch
364,human1_lib1.final_cell_0365-0,9,alpha,alpha,single_batch
365,human1_lib1.final_cell_0366-0,9,alpha,alpha,single_batch
366,human1_lib1.final_cell_0367-0,8,gamma,delta,single_batch
367,human1_lib1.final_cell_0368-0,7,beta,beta,single_batch
368,human1_lib1.final_cell_0369-0,7,beta,beta,single_batch
369,human1_lib1.final_cell_0370-0,8,delta,delta,single_batch
370,human1_lib1.final_cell_0371-0,0,acinar,acinar,single_batch
371,human1_lib1.final_cell_0372-0,0,acinar,acinar,single_batch
372,human1_lib1.final_cell_0373-0,8,gamma,delta,single_batch
373,human1_lib1.final_cell_0374-0,4,ductal,ductal,single_batch
374,human1_lib1.final_cell_0375-0,4,ductal,ductal,single_batch
375,human1_lib1.final_cell_0376-0,1,endothelial,endothelial,single_batch
376,human1_lib1.final_cell_0377-0,8,delta,delta,single_batch
377,human1_lib1.final_cell_0378-0,7,beta,beta,single_batch
378,human1_lib1.final_cell_0379-0,7,beta,beta,single_batch
379,human1_lib1.final_cell_0380-0,1,endothelial,endothelial,single_batch
380,human1_lib1.final_cell_0381-0,9,alpha,alpha,single_batch
381,human1_lib1.final_cell_0382-0,0,acinar,acinar,single_batch
382,human1_lib1.final_cell_0383-0,1,endothelial,endothelial,single_batch
383,human1_lib1.final_cell_0384-0,1,endothelial,endothelial,single_batch
384,human1_lib1.final_cell_0385-0,9,alpha,alpha,single_batch
385,human1_lib1.final_cell_0386-0,7,beta,beta,single_batch
386,human1_lib1.final_cell_0387-0,7,beta,beta,single_batch
387,human1_lib1.final_cell_0388-0,8,gamma,delta,single_batch
388,human1_lib1.final_cell_0389-0,7,beta,beta,single_batch
389,human1_lib1.final_cell_0390-0,8,alpha,delta,single_batch
390,human1_lib1.final_cell_0391-0,7,beta,beta,single_batch
391,human1_lib1.final_cell_0392-0,7,beta,beta,single_batch
392,human1_lib1.final_cell_0393-0,7,beta,beta,single_batch
393,human1_lib1.final_cell_0394-0,7,beta,beta,single_batch
394,human1_lib1.final_cell_0395-0,7,beta,beta,single_batch
395,human1_lib1.final_cell_0396-0,8,delta,delta,single_batch
396,human1_lib1.final_cell_0397-0,7,beta,beta,single_batch
397,human1_lib1.final_cell_0398-0,6,quiescent_stellate,quiescent_stellate,single_batch
398,human1_lib1.final_cell_0399-0,3,activated_stellate,activated_stellate,single_batch
399,human1_lib1.final_cell_0400-0,7,beta,beta,single_batch
400,human1_lib1.final_cell_0401-0,10,alpha,epsilon,single_batch
401,human1_lib1.final_cell_0402-0,7,beta,beta,single_batch
402,human1_lib1.final_cell_0403-0,8,gamma,delta,single_batch
403,human1_lib1.final_cell_0404-0,6,quiescent_stellate,quiescent_stellate,single_batch
404,human1_lib1.final_cell_0405-0,7,beta,beta,single_batch
405,human1_lib1.final_cell_0406-0,9,alpha,alpha,single_batch
406,human1_lib1.final_cell_0407-0,6,quiescent_stellate,quiescent_stellate,single_batch
407,human1_lib1.final_cell_0408-0,1,endothelial,endothelial,single_batch
408,human1_lib1.final_cell_0409-0,7,beta,beta,single_batch
409,human1_lib1.final_cell_0410-0,4,ductal,ductal,single_batch
410,human1_lib1.final_cell_0411-0,1,endothelial,endothelial,single_batch
411,human1_lib1.final_cell_0412-0,4,ductal,ductal,single_batch
412,human1_lib1.final_cell_0413-0,0,acinar,acinar,single_batch
413,human1_lib1.final_cell_0414-0,9,alpha,alpha,single_batch
414,human1_lib1.final_cell_0415-0,8,delta,delta,single_batch
415,human1_lib1.final_cell_0416-0,8,beta,delta,single_batch
416,human1_lib1.final_cell_0417-0,2,macrophage,macrophage,single_batch
417,human1_lib1.final_cell_0418-0,4,ductal,ductal,single_batch
418,human1_lib1.final_cell_0419-0,1,endothelial,endothelial,single_batch
419,human1_lib1.final_cell_0420-0,1,endothelial,endothelial,single_batch
420,human1_lib1.final_cell_0421-0,8,gamma,delta,single_batch
421,human1_lib1.final_cell_0422-0,1,endothelial,endothelial,single_batch
422,human1_lib1.final_cell_0423-0,1,endothelial,endothelial,single_batch
423,human1_lib1.final_cell_0424-0,7,beta,beta,single_batch
424,human1_lib1.final_cell_0425-0,7,beta,beta,single_batch
425,human1_lib1.final_cell_0426-0,8,gamma,delta,single_batch
426,human1_lib1.final_cell_0427-0,8,beta,delta,single_batch
427,human1_lib1.final_cell_0428-0,5,mast,mast,single_batch
428,human1_lib1.final_cell_0429-0,7,beta,beta,single_batch
429,human1_lib1.final_cell_0430-0,1,endothelial,endothelial,single_batch
430,human1_lib1.final_cell_0431-0,8,gamma,delta,single_batch
431,human1_lib1.final_cell_0432-0,6,quiescent_stellate,quiescent_stellate,single_batch
432,human1_lib1.final_cell_0433-0,9,alpha,alpha,single_batch
433,human1_lib1.final_cell_0434-0,7,beta,beta,single_batch
434,human1_lib1.final_cell_0435-0,8,alpha,delta,single_batch
435,human1_lib1.final_cell_0436-0,0,acinar,acinar,single_batch
436,human1_lib1.final_cell_0437-0,4,ductal,ductal,single_batch
437,human1_lib1.final_cell_0438-0,7,beta,beta,single_batch
438,human1_lib1.final_cell_0439-0,7,beta,beta,single_batch
439,human1_lib1.final_cell_0440-0,4,ductal,ductal,single_batch
440,human1_lib1.final_cell_0441-0,7,beta,beta,single_batch
441,human1_lib1.final_cell_0442-0,7,beta,beta,single_batch
442,human1_lib1.final_cell_0443-0,4,ductal,ductal,single_batch
443,human1_lib1.final_cell_0444-0,0,acinar,acinar,single_batch
444,human1_lib1.final_cell_0445-0,1,endothelial,endothelial,single_batch
445,human1_lib1.final_cell_0446-0,7,beta,beta,single_batch
446,human1_lib1.final_cell_0447-0,8,beta,delta,single_batch
447,human1_lib1.final_cell_0448-0,7,beta,beta,single_batch
448,human1_lib1.final_cell_0449-0,4,ductal,ductal,single_batch
449,human1_lib1.final_cell_0450-0,3,activated_stellate,activated_stellate,single_batch
450,human1_lib1.final_cell_0451-0,7,beta,beta,single_batch
451,human1_lib1.final_cell_0452-0,6,quiescent_stellate,quiescent_stellate,single_batch
452,human1_lib1.final_cell_0453-0,0,acinar,acinar,single_batch
453,human1_lib1.final_cell_0454-0,8,gamma,delta,single_batch
454,human1_lib1.final_cell_0455-0,6,quiescent_stellate,quiescent_stellate,single_batch
455,human1_lib1.final_cell_0456-0,1,endothelial,endothelial,single_batch
456,human1_lib1.final_cell_0457-0,1,endothelial,endothelial,single_batch
457,human1_lib1.final_cell_0458-0,9,alpha,alpha,single_batch
458,human1_lib1.final_cell_0459-0,6,quiescent_stellate,quiescent_stellate,single_batch
459,human1_lib1.final_cell_0460-0,8,beta,delta,single_batch
460,human1_lib1.final_cell_0461-0,0,acinar,acinar,single_batch
461,human1_lib1.final_cell_0462-0,7,beta,beta,single_batch
462,human1_lib1.final_cell_0463-0,1,endothelial,endothelial,single_batch
463,human1_lib1.final_cell_0464-0,1,endothelial,endothelial,single_batch
464,human1_lib1.final_cell_0465-0,7,beta,beta,single_batch
465,human1_lib1.final_cell_0466-0,0,acinar,acinar,single_batch
466,human1_lib1.final_cell_0467-0,8,delta,delta,single_batch
467,human1_lib1.final_cell_0468-0,7,beta,beta,single_batch
468,human1_lib1.final_cell_0469-0,7,beta,beta,single_batch
469,human1_lib1.final_cell_0470-0,7,beta,beta,single_batch
470,human1_lib1.final_cell_0471-0,7,beta,beta,single_batch
471,human1_lib1.final_cell_0472-0,7,beta,beta,single_batch
472,human1_lib1.final_cell_0473-0,7,beta,beta,single_batch
473,human1_lib1.final_cell_0474-0,7,beta,beta,single_batch
474,human1_lib1.final_cell_0475-0,7,beta,beta,single_batch
475,human1_lib1.final_cell_0476-0,8,gamma,delta,single_batch
476,human1_lib1.final_cell_0477-0,4,ductal,ductal,single_batch
477,human1_lib1.final_cell_0478-0,7,beta,beta,single_batch
478,human1_lib1.final_cell_0479-0,8,gamma,delta,single_batch
479,human1_lib1.final_cell_0480-0,7,beta,beta,single_batch
480,human1_lib1.final_cell_0481-0,8,delta,delta,single_batch
481,human1_lib1.final_cell_0482-0,7,beta,beta,single_batch
482,human1_lib1.final_cell_0483-0,7,beta,beta,single_batch
483,human1_lib1.final_cell_0484-0,8,gamma,delta,single_batch
484,human1_lib1.final_cell_0485-0,6,quiescent_stellate,quiescent_stellate,single_batch
485,human1_lib1.final_cell_0486-0,8,delta,delta,single_batch
486,human1_lib1.final_cell_0487-0,7,beta,beta,single_batch
487,human1_lib1.final_cell_0488-0,8,delta,delta,single_batch
488,human1_lib1.final_cell_0489-0,6,quiescent_stellate,quiescent_stellate,single_batch
489,human1_lib1.final_cell_0490-0,8,delta,delta,single_batch
490,human1_lib1.final_cell_0491-0,7,beta,beta,single_batch
491,human1_lib1.final_cell_0492-0,8,alpha,delta,single_batch
492,human1_lib1.final_cell_0493-0,8,delta,delta,single_batch
493,human1_lib1.final_cell_0494-0,9,alpha,alpha,single_batch
494,human1_lib1.final_cell_0495-0,6,quiescent_stellate,quiescent_stellate,single_batch
495,human1_lib1.final_cell_0496-0,6,quiescent_stellate,quiescent_stellate,single_batch
496,human1_lib1.final_cell_0497-0,7,beta,beta,single_batch
497,human1_lib1.final_cell_0498-0,1,endothelial,endothelial,single_batch
498,human1_lib1.final_cell_0499-0,1,endothelial,endothelial,single_batch
499,human1_lib1.final_cell_0500-0,3,activated_stellate,activated_stellate,single_batch
500,human1_lib1.final_cell_0501-0,7,beta,beta,single_batch
501,human1_lib1.final_cell_0502-0,9,alpha,alpha,single_batch
502,human1_lib1.final_cell_0503-0,8,delta,delta,single_batch
503,human1_lib1.final_cell_0504-0,7,beta,beta,single_batch
504,human1_lib1.final_cell_0505-0,1,endothelial,endothelial,single_batch
505,human1_lib1.final_cell_0506-0,8,alpha,delta,single_batch
506,human1_lib1.final_cell_0507-0,6,quiescent_stellate,quiescent_stellate,single_batch
507,human1_lib1.final_cell_0508-0,8,beta,delta,single_batch
508,human1_lib1.final_cell_0509-0,1,endothelial,endothelial,single_batch
509,human1_lib1.final_cell_0510-0,3,activated_stellate,activated_stellate,single_batch
510,human1_lib1.final_cell_0511-0,8,gamma,delta,single_batch
511,human1_lib1.final_cell_0512-0,7,beta,beta,single_batch
512,human1_lib1.final_cell_0513-0,6,quiescent_stellate,quiescent_stellate,single_batch
513,human1_lib1.final_cell_0514-0,7,beta,beta,single_batch
514,human1_lib1.final_cell_0515-0,1,endothelial,endothelial,single_batch
515,human1_lib1.final_cell_0516-0,8,gamma,delta,single_batch
516,human1_lib1.final_cell_0517-0,7,beta,beta,single_batch
517,human1_lib1.final_cell_0518-0,7,beta,beta,single_batch
518,human1_lib1.final_cell_0519-0,8,alpha,delta,single_batch
519,human1_lib1.final_cell_0520-0,1,endothelial,endothelial,single_batch
520,human1_lib1.final_cell_0521-0,8,gamma,delta,single_batch
521,human1_lib1.final_cell_0522-0,7,beta,beta,single_batch
522,human1_lib1.final_cell_0523-0,7,beta,beta,single_batch
523,human1_lib1.final_cell_0524-0,7,beta,beta,single_batch
524,human1_lib1.final_cell_0525-0,8,beta,delta,single_batch
525,human1_lib1.final_cell_0526-0,1,endothelial,endothelial,single_batch
526,human1_lib1.final_cell_0527-0,5,mast,mast,single_batch
527,human1_lib1.final_cell_0528-0,7,beta,beta,single_batch
528,human1_lib1.final_cell_0529-0,7,beta,beta,single_batch
529,human1_lib1.final_cell_0530-0,1,endothelial,endothelial,single_batch
530,human1_lib1.final_cell_0531-0,7,beta,beta,single_batch
531,human1_lib1.final_cell_0532-0,1,endothelial,endothelial,single_batch
532,human1_lib1.final_cell_0533-0,7,beta,beta,single_batch
533,human1_lib1.final_cell_0534-0,1,endothelial,endothelial,single_batch
534,human1_lib1.final_cell_0535-0,7,beta,beta,single_batch
535,human1_lib1.final_cell_0536-0,6,quiescent_stellate,quiescent_stellate,single_batch
536,human1_lib1.final_cell_0537-0,1,endothelial,endothelial,single_batch
537,human1_lib1.final_cell_0538-0,1,endothelial,endothelial,single_batch
538,human1_lib1.final_cell_0539-0,7,beta,beta,single_batch
539,human1_lib1.final_cell_0540-0,1,endothelial,endothelial,single_batch
540,human1_lib1.final_cell_0541-0,6,quiescent_stellate,quiescent_stellate,single_batch
541,human1_lib1.final_cell_0542-0,7,beta,beta,single_batch
542,human1_lib1.final_cell_0543-0,9,alpha,alpha,single_batch
543,human1_lib1.final_cell_0544-0,4,ductal,ductal,single_batch
544,human1_lib1.final_cell_0545-0,1,endothelial,endothelial,single_batch
545,human1_lib1.final_cell_0546-0,7,beta,beta,single_batch
546,human1_lib1.final_cell_0547-0,7,beta,beta,single_batch
547,human1_lib1.final_cell_0548-0,1,endothelial,endothelial,single_batch
548,human1_lib1.final_cell_0549-0,7,beta,beta,single_batch
549,human1_lib1.final_cell_0550-0,7,beta,beta,single_batch
550,human1_lib1.final_cell_0551-0,7,beta,beta,single_batch
551,human1_lib1.final_cell_0552-0,1,endothelial,endothelial,single_batch
552,human1_lib1.final_cell_0553-0,2,macrophage,macrophage,single_batch
553,human1_lib1.final_cell_0554-0,1,endothelial,endothelial,single_batch
554,human1_lib1.final_cell_0555-0,4,ductal,ductal,single_batch
555,human1_lib1.final_cell_0556-0,7,beta,beta,single_batch
556,human1_lib1.final_cell_0557-0,4,ductal,ductal,single_batch
557,human1_lib1.final_cell_0558-0,1,endothelial,endothelial,single_batch
558,human1_lib1.final_cell_0559-0,6,quiescent_stellate,quiescent_stellate,single_batch
559,human1_lib1.final_cell_0560-0,7,beta,beta,single_batch
560,human1_lib1.final_cell_0561-0,1,endothelial,endothelial,single_batch
561,human1_lib1.final_cell_0562-0,1,endothelial,endothelial,single_batch
562,human1_lib1.final_cell_0563-0,7,beta,beta,single_batch
563,human1_lib1.final_cell_0564-0,1,endothelial,endothelial,single_batch
564,human1_lib1.final_cell_0565-0,1,endothelial,endothelial,single_batch
565,human1_lib1.final_cell_0566-0,9,alpha,alpha,single_batch
566,human1_lib1.final_cell_0567-0,4,ductal,ductal,single_batch
567,human1_lib1.final_cell_0568-0,7,beta,beta,single_batch
568,human1_lib2.final_cell_0001-0,0,delta,acinar,single_batch
569,human1_lib2.final_cell_0002-0,8,delta,delta,single_batch
570,human1_lib2.final_cell_0003-0,8,delta,delta,single_batch
571,human1_lib2.final_cell_0004-0,0,acinar,acinar,single_batch
572,human1_lib2.final_cell_0005-0,0,acinar,acinar,single_batch
573,human1_lib2.final_cell_0006-0,0,acinar,acinar,single_batch
574,human1_lib2.final_cell_0007-0,0,acinar,acinar,single_batch
575,human1_lib2.final_cell_0008-0,8,delta,delta,single_batch
576,human1_lib2.final_cell_0009-0,0,acinar,acinar,single_batch
577,human1_lib2.final_cell_0010-0,4,ductal,ductal,single_batch
578,human1_lib2.final_cell_0011-0,9,alpha,alpha,single_batch
579,human1_lib2.final_cell_0012-0,8,delta,delta,single_batch
580,human1_lib2.final_cell_0013-0,8,delta,delta,single_batch
581,human1_lib2.final_cell_0014-0,8,delta,delta,single_batch
582,human1_lib2.final_cell_0015-0,8,delta,delta,single_batch
583,human1_lib2.final_cell_0016-0,0,acinar,acinar,single_batch
584,human1_lib2.final_cell_0017-0,7,beta,beta,single_batch
585,human1_lib2.final_cell_0018-0,0,acinar,acinar,single_batch
586,human1_lib2.final_cell_0019-0,1,endothelial,endothelial,single_batch
587,human1_lib2.final_cell_0020-0,8,delta,delta,single_batch
588,human1_lib2.final_cell_0021-0,7,beta,beta,single_batch
589,human1_lib2.final_cell_0022-0,8,delta,delta,single_batch
590,human1_lib2.final_cell_0023-0,8,alpha,delta,single_batch
591,human1_lib2.final_cell_0024-0,4,ductal,ductal,single_batch
592,human1_lib2.final_cell_0025-0,8,delta,delta,single_batch
593,human1_lib2.final_cell_0026-0,8,delta,delta,single_batch
594,human1_lib2.final_cell_0027-0,7,beta,beta,single_batch
595,human1_lib2.final_cell_0028-0,8,delta,delta,single_batch
596,human1_lib2.final_cell_0029-0,7,beta,beta,single_batch
597,human1_lib2.final_cell_0030-0,7,beta,beta,single_batch
598,human1_lib2.final_cell_0031-0,8,delta,delta,single_batch
599,human1_lib2.final_cell_0032-0,8,gamma,delta,single_batch
600,human1_lib2.final_cell_0033-0,7,beta,beta,single_batch
601,human1_lib2.final_cell_0034-0,8,delta,delta,single_batch
602,human1_lib2.final_cell_0035-0,7,beta,beta,single_batch
603,human1_lib2.final_cell_0036-0,8,delta,delta,single_batch
604,human1_lib2.final_cell_0037-0,7,beta,beta,single_batch
605,human1_lib2.final_cell_0038-0,9,alpha,alpha,single_batch
606,human1_lib2.final_cell_0039-0,7,beta,beta,single_batch
607,human1_lib2.final_cell_0040-0,8,delta,delta,single_batch
608,human1_lib2.final_cell_0041-0,8,delta,delta,single_batch
609,human1_lib2.final_cell_0042-0,7,beta,beta,single_batch
610,human1_lib2.final_cell_0043-0,8,delta,delta,single_batch
611,human1_lib2.final_cell_0044-0,8,delta,delta,single_batch
612,human1_lib2.final_cell_0045-0,4,ductal,ductal,single_batch
613,human1_lib2.final_cell_0046-0,7,beta,beta,single_batch
614,human1_lib2.final_cell_0047-0,8,delta,delta,single_batch
615,human1_lib2.final_cell_0048-0,8,delta,delta,single_batch
616,human1_lib2.final_cell_0049-0,9,alpha,alpha,single_batch
617,human1_lib2.final_cell_0050-0,7,beta,beta,single_batch
618,human1_lib2.final_cell_0051-0,9,alpha,alpha,single_batch
619,human1_lib2.final_cell_0052-0,9,alpha,alpha,single_batch
620,human1_lib2.final_cell_0053-0,7,beta,beta,single_batch
621,human1_lib2.final_cell_0054-0,0,acinar,acinar,single_batch
622,human1_lib2.final_cell_0055-0,7,beta,beta,single_batch
623,human1_lib2.final_cell_0056-0,7,beta,beta,single_batch
624,human1_lib2.final_cell_0057-0,7,beta,beta,single_batch
625,human1_lib2.final_cell_0058-0,8,delta,delta,single_batch
626,human1_lib2.final_cell_0059-0,3,activated_stellate,activated_stellate,single_batch
627,human1_lib2.final_cell_0060-0,7,beta,beta,single_batch
628,human1_lib2.final_cell_0061-0,7,beta,beta,single_batch
629,human1_lib2.final_cell_0062-0,7,beta,beta,single_batch
630,human1_lib2.final_cell_0063-0,8,delta,delta,single_batch
631,human1_lib2.final_cell_0064-0,7,beta,beta,single_batch
632,human1_lib2.final_cell_0065-0,9,alpha,alpha,single_batch
633,human1_lib2.final_cell_0066-0,4,ductal,ductal,single_batch
634,human1_lib2.final_cell_0067-0,0,acinar,acinar,single_batch
635,human1_lib2.final_cell_0068-0,8,delta,delta,single_batch
636,human1_lib2.final_cell_0069-0,7,beta,beta,single_batch
637,human1_lib2.final_cell_0070-0,7,beta,beta,single_batch
638,human1_lib2.final_cell_0071-0,7,beta,beta,single_batch
639,human1_lib2.final_cell_0072-0,0,acinar,acinar,single_batch
640,human1_lib2.final_cell_0073-0,7,beta,beta,single_batch
641,human1_lib2.final_cell_0074-0,8,delta,delta,single_batch
642,human1_lib2.final_cell_0075-0,7,beta,beta,single_batch
643,human1_lib2.final_cell_0076-0,7,beta,beta,single_batch
644,human1_lib2.final_cell_0077-0,7,beta,beta,single_batch
645,human1_lib2.final_cell_0078-0,8,delta,delta,single_batch
646,human1_lib2.final_cell_0079-0,8,delta,delta,single_batch
647,human1_lib2.final_cell_0080-0,7,beta,beta,single_batch
648,human1_lib2.final_cell_0081-0,8,delta,delta,single_batch
649,human1_lib2.final_cell_0082-0,7,beta,beta,single_batch
650,human1_lib2.final_cell_0083-0,7,beta,beta,single_batch
651,human1_lib2.final_cell_0084-0,7,beta,beta,single_batch
652,human1_lib2.final_cell_0085-0,7,beta,beta,single_batch
653,human1_lib2.final_cell_0086-0,7,beta,beta,single_batch
654,human1_lib2.final_cell_0087-0,7,beta,beta,single_batch
655,human1_lib2.final_cell_0088-0,0,acinar,acinar,single_batch
656,human1_lib2.final_cell_0089-0,7,beta,beta,single_batch
657,human1_lib2.final_cell_0090-0,7,beta,beta,single_batch
658,human1_lib2.final_cell_0091-0,7,beta,beta,single_batch
659,human1_lib2.final_cell_0092-0,9,alpha,alpha,single_batch
660,human1_lib2.final_cell_0093-0,1,endothelial,endothelial,single_batch
661,human1_lib2.final_cell_0094-0,7,beta,beta,single_batch
662,human1_lib2.final_cell_0095-0,8,delta,delta,single_batch
663,human1_lib2.final_cell_0096-0,7,beta,beta,single_batch
664,human1_lib2.final_cell_0097-0,8,delta,delta,single_batch
665,human1_lib2.final_cell_0098-0,7,beta,beta,single_batch
666,human1_lib2.final_cell_0099-0,8,delta,delta,single_batch
667,human1_lib2.final_cell_0100-0,7,beta,beta,single_batch
668,human1_lib2.final_cell_0101-0,7,beta,beta,single_batch
669,human1_lib2.final_cell_0102-0,8,delta,delta,single_batch
670,human1_lib2.final_cell_0103-0,4,ductal,ductal,single_batch
671,human1_lib2.final_cell_0104-0,7,beta,beta,single_batch
672,human1_lib2.final_cell_0105-0,7,beta,beta,single_batch
673,human1_lib2.final_cell_0106-0,4,ductal,ductal,single_batch
674,human1_lib2.final_cell_0107-0,7,beta,beta,single_batch
675,human1_lib2.final_cell_0108-0,7,beta,beta,single_batch
676,human1_lib2.final_cell_0109-0,7,beta,beta,single_batch
677,human1_lib2.final_cell_0110-0,7,beta,beta,single_batch
678,human1_lib2.final_cell_0111-0,0,acinar,acinar,single_batch
679,human1_lib2.final_cell_0112-0,0,acinar,acinar,single_batch
680,human1_lib2.final_cell_0113-0,7,beta,beta,single_batch
681,human1_lib2.final_cell_0114-0,9,alpha,alpha,single_batch
682,human1_lib2.final_cell_0115-0,7,beta,beta,single_batch
683,human1_lib2.final_cell_0116-0,8,delta,delta,single_batch
684,human1_lib2.final_cell_0117-0,7,beta,beta,single_batch
685,human1_lib2.final_cell_0118-0,7,beta,beta,single_batch
686,human1_lib2.final_cell_0119-0,7,beta,beta,single_batch
687,human1_lib2.final_cell_0120-0,7,beta,beta,single_batch
688,human1_lib2.final_cell_0121-0,7,beta,beta,single_batch
689,human1_lib2.final_cell_0122-0,4,ductal,ductal,single_batch
690,human1_lib2.final_cell_0123-0,7,beta,beta,single_batch
691,human1_lib2.final_cell_0124-0,0,acinar,acinar,single_batch
692,human1_lib2.final_cell_0125-0,7,beta,beta,single_batch
693,human1_lib2.final_cell_0126-0,0,acinar,acinar,single_batch
694,human1_lib2.final_cell_0127-0,7,beta,beta,single_batch
695,human1_lib2.final_cell_0128-0,4,ductal,ductal,single_batch
696,human1_lib2.final_cell_0129-0,7,beta,beta,single_batch
697,human1_lib2.final_cell_0130-0,3,activated_stellate,activated_stellate,single_batch
698,human1_lib2.final_cell_0131-0,8,alpha,delta,single_batch
699,human1_lib2.final_cell_0132-0,7,beta,beta,single_batch
700,human1_lib2.final_cell_0133-0,8,delta,delta,single_batch
701,human1_lib2.final_cell_0134-0,8,delta,delta,single_batch
702,human1_lib2.final_cell_0135-0,7,beta,beta,single_batch
703,human1_lib2.final_cell_0136-0,7,beta,beta,single_batch
704,human1_lib2.final_cell_0137-0,7,beta,beta,single_batch
705,human1_lib2.final_cell_0138-0,7,beta,beta,single_batch
706,human1_lib2.final_cell_0139-0,0,acinar,acinar,single_batch
707,human1_lib2.final_cell_0140-0,7,beta,beta,single_batch
708,human1_lib2.final_cell_0141-0,7,beta,beta,single_batch
709,human1_lib2.final_cell_0142-0,7,beta,beta,single_batch
710,human1_lib2.final_cell_0143-0,8,delta,delta,single_batch
711,human1_lib2.final_cell_0144-0,7,beta,beta,single_batch
712,human1_lib2.final_cell_0145-0,4,ductal,ductal,single_batch
713,human1_lib2.final_cell_0146-0,7,beta,beta,single_batch
714,human1_lib2.final_cell_0147-0,7,beta,beta,single_batch
715,human1_lib2.final_cell_0148-0,4,ductal,ductal,single_batch
716,human1_lib2.final_cell_0149-0,2,macrophage,macrophage,single_batch
717,human1_lib2.final_cell_0150-0,7,beta,beta,single_batch
718,human1_lib2.final_cell_0151-0,8,delta,delta,single_batch
719,human1_lib2.final_cell_0152-0,7,beta,beta,single_batch
720,human1_lib2.final_cell_0153-0,7,beta,beta,single_batch
721,human1_lib2.final_cell_0154-0,7,beta,beta,single_batch
722,human1_lib2.final_cell_0155-0,7,beta,beta,single_batch
723,human1_lib2.final_cell_0156-0,7,beta,beta,single_batch
724,human1_lib2.final_cell_0157-0,3,activated_stellate,activated_stellate,single_batch
725,human1_lib2.final_cell_0158-0,7,beta,beta,single_batch
726,human1_lib2.final_cell_0159-0,7,beta,beta,single_batch
727,human1_lib2.final_cell_0160-0,4,ductal,ductal,single_batch
728,human1_lib2.final_cell_0161-0,7,beta,beta,single_batch
729,human1_lib2.final_cell_0162-0,7,beta,beta,single_batch
730,human1_lib2.final_cell_0163-0,7,beta,beta,single_batch
731,human1_lib2.final_cell_0164-0,7,beta,beta,single_batch
732,human1_lib2.final_cell_0165-0,7,beta,beta,single_batch
733,human1_lib2.final_cell_0166-0,8,delta,delta,single_batch
734,human1_lib2.final_cell_0167-0,7,beta,beta,single_batch
735,human1_lib2.final_cell_0168-0,7,beta,beta,single_batch
736,human1_lib2.final_cell_0169-0,8,delta,delta,single_batch
737,human1_lib2.final_cell_0170-0,7,beta,beta,single_batch
738,human1_lib2.final_cell_0171-0,7,beta,beta,single_batch
739,human1_lib2.final_cell_0172-0,7,beta,beta,single_batch
740,human1_lib2.final_cell_0173-0,7,beta,beta,single_batch
741,human1_lib2.final_cell_0174-0,9,alpha,alpha,single_batch
742,human1_lib2.final_cell_0175-0,7,beta,beta,single_batch
743,human1_lib2.final_cell_0176-0,7,beta,beta,single_batch
744,human1_lib2.final_cell_0177-0,0,acinar,acinar,single_batch
745,human1_lib2.final_cell_0178-0,7,beta,beta,single_batch
746,human1_lib2.final_cell_0179-0,7,beta,beta,single_batch
747,human1_lib2.final_cell_0180-0,7,beta,beta,single_batch
748,human1_lib2.final_cell_0181-0,7,beta,beta,single_batch
749,human1_lib2.final_cell_0182-0,4,ductal,ductal,single_batch
750,human1_lib2.final_cell_0183-0,7,beta,beta,single_batch
751,human1_lib2.final_cell_0184-0,8,delta,delta,single_batch
752,human1_lib2.final_cell_0185-0,7,beta,beta,single_batch
753,human1_lib2.final_cell_0186-0,9,alpha,alpha,single_batch
754,human1_lib2.final_cell_0187-0,7,beta,beta,single_batch
755,human1_lib2.final_cell_0188-0,7,beta,beta,single_batch
756,human1_lib2.final_cell_0189-0,7,beta,beta,single_batch
757,human1_lib2.final_cell_0190-0,7,beta,beta,single_batch
758,human1_lib2.final_cell_0191-0,8,delta,delta,single_batch
759,human1_lib2.final_cell_0192-0,7,beta,beta,single_batch
760,human1_lib2.final_cell_0193-0,7,beta,beta,single_batch
761,human1_lib2.final_cell_0194-0,8,delta,delta,single_batch
762,human1_lib2.final_cell_0195-0,7,beta,beta,single_batch
763,human1_lib2.final_cell_0196-0,7,beta,beta,single_batch
764,human1_lib2.final_cell_0197-0,7,beta,beta,single_batch
765,human1_lib2.final_cell_0198-0,7,beta,beta,single_batch
766,human1_lib2.final_cell_0199-0,7,beta,beta,single_batch
767,human1_lib2.final_cell_0200-0,7,beta,beta,single_batch
768,human1_lib2.final_cell_0201-0,7,beta,beta,single_batch
769,human1_lib2.final_cell_0202-0,8,gamma,delta,single_batch
770,human1_lib2.final_cell_0203-0,7,beta,beta,single_batch
771,human1_lib2.final_cell_0204-0,7,beta,beta,single_batch
772,human1_lib2.final_cell_0205-0,8,delta,delta,single_batch
773,human1_lib2.final_cell_0206-0,4,ductal,ductal,single_batch
774,human1_lib2.final_cell_0207-0,7,beta,beta,single_batch
775,human1_lib2.final_cell_0208-0,7,beta,beta,single_batch
776,human1_lib2.final_cell_0209-0,7,beta,beta,single_batch
777,human1_lib2.final_cell_0210-0,8,delta,delta,single_batch
778,human1_lib2.final_cell_0211-0,7,beta,beta,single_batch
779,human1_lib2.final_cell_0212-0,4,ductal,ductal,single_batch
780,human1_lib2.final_cell_0213-0,7,beta,beta,single_batch
781,human1_lib2.final_cell_0214-0,7,beta,beta,single_batch
782,human1_lib2.final_cell_0215-0,7,beta,beta,single_batch
783,human1_lib2.final_cell_0216-0,7,beta,beta,single_batch
784,human1_lib2.final_cell_0217-0,4,ductal,ductal,single_batch
785,human1_lib2.final_cell_0218-0,3,activated_stellate,activated_stellate,single_batch
786,human1_lib2.final_cell_0219-0,7,beta,beta,single_batch
787,human1_lib2.final_cell_0220-0,9,alpha,alpha,single_batch
788,human1_lib2.final_cell_0221-0,7,beta,beta,single_batch
789,human1_lib2.final_cell_0222-0,7,beta,beta,single_batch
790,human1_lib2.final_cell_0223-0,3,activated_stellate,activated_stellate,single_batch
791,human1_lib2.final_cell_0224-0,9,alpha,alpha,single_batch
792,human1_lib2.final_cell_0225-0,0,acinar,acinar,single_batch
793,human1_lib2.final_cell_0226-0,8,gamma,delta,single_batch
794,human1_lib2.final_cell_0227-0,7,beta,beta,single_batch
795,human1_lib2.final_cell_0228-0,7,beta,beta,single_batch
796,human1_lib2.final_cell_0229-0,7,beta,beta,single_batch
797,human1_lib2.final_cell_0230-0,8,delta,delta,single_batch
798,human1_lib2.final_cell_0231-0,9,alpha,alpha,single_batch
799,human1_lib2.final_cell_0232-0,1,endothelial,endothelial,single_batch
800,human1_lib2.final_cell_0233-0,8,gamma,delta,single_batch
801,human1_lib2.final_cell_0234-0,7,beta,beta,single_batch
802,human1_lib2.final_cell_0235-0,9,alpha,alpha,single_batch
803,human1_lib2.final_cell_0236-0,7,beta,beta,single_batch
804,human1_lib2.final_cell_0237-0,7,beta,beta,single_batch
805,human1_lib2.final_cell_0238-0,7,beta,beta,single_batch
806,human1_lib2.final_cell_0239-0,8,beta,delta,single_batch
807,human1_lib2.final_cell_0240-0,7,beta,beta,single_batch
808,human1_lib2.final_cell_0241-0,1,endothelial,endothelial,single_batch
809,human1_lib2.final_cell_0242-0,7,beta,beta,single_batch
810,human1_lib2.final_cell_0243-0,8,delta,delta,single_batch
811,human1_lib2.final_cell_0244-0,7,beta,beta,single_batch
812,human1_lib2.final_cell_0245-0,9,alpha,alpha,single_batch
813,human1_lib2.final_cell_0246-0,7,beta,beta,single_batch
814,human1_lib2.final_cell_0247-0,9,alpha,alpha,single_batch
815,human1_lib2.final_cell_0248-0,9,alpha,alpha,single_batch
816,human1_lib2.final_cell_0249-0,8,delta,delta,single_batch
817,human1_lib2.final_cell_0250-0,9,alpha,alpha,single_batch
818,human1_lib2.final_cell_0251-0,4,ductal,ductal,single_batch
819,human1_lib2.final_cell_0252-0,7,beta,beta,single_batch
820,human1_lib2.final_cell_0253-0,9,alpha,alpha,single_batch
821,human1_lib2.final_cell_0254-0,1,endothelial,endothelial,single_batch
822,human1_lib2.final_cell_0255-0,7,beta,beta,single_batch
823,human1_lib2.final_cell_0256-0,7,beta,beta,single_batch
824,human1_lib2.final_cell_0257-0,4,ductal,ductal,single_batch
825,human1_lib2.final_cell_0258-0,8,delta,delta,single_batch
826,human1_lib2.final_cell_0259-0,7,beta,beta,single_batch
827,human1_lib2.final_cell_0260-0,7,beta,beta,single_batch
828,human1_lib2.final_cell_0261-0,9,alpha,alpha,single_batch
829,human1_lib2.final_cell_0262-0,9,alpha,alpha,single_batch
830,human1_lib2.final_cell_0263-0,8,delta,delta,single_batch
831,human1_lib2.final_cell_0264-0,8,gamma,delta,single_batch
832,human1_lib2.final_cell_0265-0,9,alpha,alpha,single_batch
833,human1_lib2.final_cell_0266-0,7,beta,beta,single_batch
834,human1_lib2.final_cell_0267-0,9,alpha,alpha,single_batch
835,human1_lib2.final_cell_0268-0,4,ductal,ductal,single_batch
836,human1_lib2.final_cell_0269-0,7,beta,beta,single_batch
837,human1_lib2.final_cell_0270-0,8,gamma,delta,single_batch
838,human1_lib2.final_cell_0271-0,7,beta,beta,single_batch
839,human1_lib2.final_cell_0272-0,3,schwann,activated_stellate,single_batch
840,human1_lib2.final_cell_0273-0,8,delta,delta,single_batch
841,human1_lib2.final_cell_0274-0,7,beta,beta,single_batch
842,human1_lib2.final_cell_0275-0,9,alpha,alpha,single_batch
843,human1_lib2.final_cell_0276-0,8,delta,delta,single_batch
844,human1_lib2.final_cell_0277-0,7,beta,beta,single_batch
845,human1_lib2.final_cell_0278-0,0,acinar,acinar,single_batch
846,human1_lib2.final_cell_0279-0,7,beta,beta,single_batch
847,human1_lib2.final_cell_0280-0,7,beta,beta,single_batch
848,human1_lib2.final_cell_0281-0,7,beta,beta,single_batch
849,human1_lib2.final_cell_0282-0,7,beta,beta,single_batch
850,human1_lib2.final_cell_0283-0,7,beta,beta,single_batch
851,human1_lib2.final_cell_0284-0,9,alpha,alpha,single_batch
852,human1_lib2.final_cell_0285-0,7,beta,beta,single_batch
853,human1_lib2.final_cell_0286-0,7,beta,beta,single_batch
854,human1_lib2.final_cell_0287-0,2,macrophage,macrophage,single_batch
855,human1_lib2.final_cell_0288-0,8,gamma,delta,single_batch
856,human1_lib2.final_cell_0289-0,7,beta,beta,single_batch
857,human1_lib2.final_cell_0290-0,7,beta,beta,single_batch
858,human1_lib2.final_cell_0291-0,9,alpha,alpha,single_batch
859,human1_lib2.final_cell_0292-0,0,acinar,acinar,single_batch
860,human1_lib2.final_cell_0293-0,1,endothelial,endothelial,single_batch
861,human1_lib2.final_cell_0294-0,8,alpha,delta,single_batch
862,human1_lib2.final_cell_0295-0,7,beta,beta,single_batch
863,human1_lib2.final_cell_0296-0,9,alpha,alpha,single_batch
864,human1_lib2.final_cell_0297-0,9,alpha,alpha,single_batch
865,human1_lib2.final_cell_0298-0,8,alpha,delta,single_batch
866,human1_lib2.final_cell_0299-0,7,beta,beta,single_batch
867,human1_lib2.final_cell_0300-0,7,beta,beta,single_batch
868,human1_lib2.final_cell_0301-0,9,alpha,alpha,single_batch
869,human1_lib2.final_cell_0302-0,8,alpha,delta,single_batch
870,human1_lib2.final_cell_0303-0,2,macrophage,macrophage,single_batch
871,human1_lib2.final_cell_0304-0,8,alpha,delta,single_batch
872,human1_lib2.final_cell_0305-0,7,beta,beta,single_batch
873,human1_lib2.final_cell_0306-0,7,beta,beta,single_batch
874,human1_lib2.final_cell_0307-0,7,beta,beta,single_batch
875,human1_lib2.final_cell_0308-0,9,alpha,alpha,single_batch
876,human1_lib2.final_cell_0309-0,3,activated_stellate,activated_stellate,single_batch
877,human1_lib2.final_cell_0310-0,8,delta,delta,single_batch
878,human1_lib2.final_cell_0311-0,9,alpha,alpha,single_batch
879,human1_lib2.final_cell_0312-0,9,alpha,alpha,single_batch
880,human1_lib2.final_cell_0313-0,1,endothelial,endothelial,single_batch
881,human1_lib2.final_cell_0314-0,7,beta,beta,single_batch
882,human1_lib2.final_cell_0315-0,8,delta,delta,single_batch
883,human1_lib2.final_cell_0316-0,7,beta,beta,single_batch
884,human1_lib2.final_cell_0317-0,7,beta,beta,single_batch
885,human1_lib2.final_cell_0318-0,7,beta,beta,single_batch
886,human1_lib2.final_cell_0319-0,4,ductal,ductal,single_batch
887,human1_lib2.final_cell_0320-0,7,beta,beta,single_batch
888,human1_lib2.final_cell_0321-0,4,ductal,ductal,single_batch
889,human1_lib2.final_cell_0322-0,7,beta,beta,single_batch
890,human1_lib2.final_cell_0323-0,7,beta,beta,single_batch
891,human1_lib2.final_cell_0324-0,3,activated_stellate,activated_stellate,single_batch
892,human1_lib2.final_cell_0325-0,7,beta,beta,single_batch
893,human1_lib2.final_cell_0326-0,4,ductal,ductal,single_batch
894,human1_lib2.final_cell_0327-0,7,beta,beta,single_batch
895,human1_lib2.final_cell_0328-0,7,beta,beta,single_batch
896,human1_lib2.final_cell_0329-0,8,delta,delta,single_batch
897,human1_lib2.final_cell_0330-0,4,ductal,ductal,single_batch
898,human1_lib2.final_cell_0331-0,9,alpha,alpha,single_batch
899,human1_lib2.final_cell_0332-0,4,ductal,ductal,single_batch
900,human1_lib2.final_cell_0333-0,7,beta,beta,single_batch
901,human1_lib2.final_cell_0334-0,8,gamma,delta,single_batch
902,human1_lib2.final_cell_0335-0,4,ductal,ductal,single_batch
903,human1_lib2.final_cell_0336-0,7,beta,beta,single_batch
904,human1_lib2.final_cell_0337-0,8,gamma,delta,single_batch
905,human1_lib2.final_cell_0338-0,8,delta,delta,single_batch
906,human1_lib2.final_cell_0339-0,9,alpha,alpha,single_batch
907,human1_lib2.final_cell_0340-0,8,gamma,delta,single_batch
908,human1_lib2.final_cell_0341-0,9,alpha,alpha,single_batch
909,human1_lib2.final_cell_0342-0,7,beta,beta,single_batch
910,human1_lib2.final_cell_0343-0,2,macrophage,macrophage,single_batch
911,human1_lib2.final_cell_0344-0,7,beta,beta,single_batch
912,human1_lib2.final_cell_0345-0,7,beta,beta,single_batch
913,human1_lib2.final_cell_0346-0,6,quiescent_stellate,quiescent_stellate,single_batch
914,human1_lib2.final_cell_0347-0,8,delta,delta,single_batch
915,human1_lib2.final_cell_0348-0,7,beta,beta,single_batch
916,human1_lib2.final_cell_0349-0,9,alpha,alpha,single_batch
917,human1_lib2.final_cell_0350-0,7,beta,beta,single_batch
918,human1_lib2.final_cell_0351-0,9,alpha,alpha,single_batch
919,human1_lib2.final_cell_0352-0,7,beta,beta,single_batch
920,human1_lib2.final_cell_0353-0,7,beta,beta,single_batch
921,human1_lib2.final_cell_0354-0,8,gamma,delta,single_batch
922,human1_lib2.final_cell_0355-0,9,alpha,alpha,single_batch
923,human1_lib2.final_cell_0356-0,7,beta,beta,single_batch
924,human1_lib2.final_cell_0357-0,7,beta,beta,single_batch
925,human1_lib2.final_cell_0358-0,7,beta,beta,single_batch
926,human1_lib2.final_cell_0359-0,7,beta,beta,single_batch
927,human1_lib2.final_cell_0360-0,2,macrophage,macrophage,single_batch
928,human1_lib2.final_cell_0361-0,7,beta,beta,single_batch
929,human1_lib2.final_cell_0362-0,8,delta,delta,single_batch
930,human1_lib2.final_cell_0363-0,7,beta,beta,single_batch
931,human1_lib2.final_cell_0364-0,8,gamma,delta,single_batch
932,human1_lib2.final_cell_0365-0,9,epsilon,alpha,single_batch
933,human1_lib2.final_cell_0366-0,8,delta,delta,single_batch
934,human1_lib2.final_cell_0367-0,9,alpha,alpha,single_batch
935,human1_lib2.final_cell_0368-0,7,beta,beta,single_batch
936,human1_lib2.final_cell_0369-0,7,beta,beta,single_batch
937,human1_lib2.final_cell_0370-0,8,delta,delta,single_batch
938,human1_lib2.final_cell_0371-0,9,alpha,alpha,single_batch
939,human1_lib2.final_cell_0372-0,1,endothelial,endothelial,single_batch
940,human1_lib2.final_cell_0373-0,7,beta,beta,single_batch
941,human1_lib2.final_cell_0374-0,3,activated_stellate,activated_stellate,single_batch
942,human1_lib2.final_cell_0375-0,0,acinar,acinar,single_batch
943,human1_lib2.final_cell_0376-0,8,beta,delta,single_batch
944,human1_lib2.final_cell_0377-0,0,acinar,acinar,single_batch
945,human1_lib2.final_cell_0378-0,9,alpha,alpha,single_batch
946,human1_lib2.final_cell_0379-0,8,gamma,delta,single_batch
947,human1_lib2.final_cell_0380-0,2,macrophage,macrophage,single_batch
948,human1_lib2.final_cell_0381-0,7,beta,beta,single_batch
949,human1_lib2.final_cell_0382-0,7,beta,beta,single_batch
950,human1_lib2.final_cell_0383-0,0,acinar,acinar,single_batch
951,human1_lib2.final_cell_0384-0,7,beta,beta,single_batch
952,human1_lib2.final_cell_0385-0,7,beta,beta,single_batch
953,human1_lib2.final_cell_0386-0,9,alpha,alpha,single_batch
954,human1_lib2.final_cell_0387-0,8,delta,delta,single_batch
955,human1_lib2.final_cell_0388-0,7,beta,beta,single_batch
956,human1_lib2.final_cell_0389-0,4,ductal,ductal,single_batch
957,human1_lib2.final_cell_0390-0,9,alpha,alpha,single_batch
958,human1_lib2.final_cell_0391-0,7,beta,beta,single_batch
959,human1_lib2.final_cell_0392-0,8,delta,delta,single_batch
960,human1_lib2.final_cell_0393-0,7,beta,beta,single_batch
961,human1_lib2.final_cell_0394-0,7,beta,beta,single_batch
962,human1_lib2.final_cell_0395-0,0,acinar,acinar,single_batch
963,human1_lib2.final_cell_0396-0,7,beta,beta,single_batch
964,human1_lib2.final_cell_0397-0,7,beta,beta,single_batch
965,human1_lib2.final_cell_0398-0,7,beta,beta,single_batch
966,human1_lib2.final_cell_0399-0,9,alpha,alpha,single_batch
967,human1_lib2.final_cell_0400-0,9,alpha,alpha,single_batch
968,human1_lib2.final_cell_0401-0,9,alpha,alpha,single_batch
969,human1_lib2.final_cell_0402-0,4,ductal,ductal,single_batch
970,human1_lib2.final_cell_0403-0,9,alpha,alpha,single_batch
971,human1_lib2.final_cell_0404-0,0,acinar,acinar,single_batch
972,human1_lib2.final_cell_0405-0,0,acinar,acinar,single_batch
973,human1_lib2.final_cell_0406-0,7,beta,beta,single_batch
974,human1_lib2.final_cell_0407-0,8,delta,delta,single_batch
975,human1_lib2.final_cell_0408-0,6,quiescent_stellate,quiescent_stellate,single_batch
976,human1_lib2.final_cell_0409-0,9,alpha,alpha,single_batch
977,human1_lib2.final_cell_0410-0,8,delta,delta,single_batch
978,human1_lib2.final_cell_0411-0,7,beta,beta,single_batch
979,human1_lib2.final_cell_0412-0,4,ductal,ductal,single_batch
980,human1_lib2.final_cell_0413-0,7,beta,beta,single_batch
981,human1_lib2.final_cell_0414-0,7,beta,beta,single_batch
982,human1_lib2.final_cell_0415-0,7,beta,beta,single_batch
983,human1_lib2.final_cell_0416-0,7,beta,beta,single_batch
984,human1_lib2.final_cell_0417-0,6,quiescent_stellate,quiescent_stellate,single_batch
985,human1_lib2.final_cell_0418-0,1,endothelial,endothelial,single_batch
986,human1_lib2.final_cell_0419-0,0,acinar,acinar,single_batch
987,human1_lib2.final_cell_0420-0,3,activated_stellate,activated_stellate,single_batch
988,human1_lib2.final_cell_0421-0,8,delta,delta,single_batch
989,human1_lib2.final_cell_0422-0,7,beta,beta,single_batch
990,human1_lib2.final_cell_0423-0,8,alpha,delta,single_batch
991,human1_lib2.final_cell_0424-0,1,endothelial,endothelial,single_batch
992,human1_lib2.final_cell_0425-0,1,endothelial,endothelial,single_batch
993,human1_lib2.final_cell_0426-0,8,alpha,delta,single_batch
994,human1_lib2.final_cell_0427-0,7,beta,beta,single_batch
995,human1_lib2.final_cell_0428-0,8,gamma,delta,single_batch
996,human1_lib2.final_cell_0429-0,7,beta,beta,single_batch
997,human1_lib2.final_cell_0430-0,4,ductal,ductal,single_batch
998,human1_lib2.final_cell_0431-0,3,activated_stellate,activated_stellate,single_batch
999,human1_lib2.final_cell_0432-0,9,alpha,alpha,single_batch
1000,human1_lib2.final_cell_0433-0,7,beta,beta,single_batch
1001,human1_lib2.final_cell_0434-0,7,beta,beta,single_batch
1002,human1_lib2.final_cell_0435-0,9,alpha,alpha,single_batch
1003,human1_lib2.final_cell_0436-0,0,acinar,acinar,single_batch
1004,human1_lib2.final_cell_0437-0,6,quiescent_stellate,quiescent_stellate,single_batch
1005,human1_lib2.final_cell_0438-0,7,beta,beta,single_batch
1006,human1_lib2.final_cell_0439-0,9,alpha,alpha,single_batch
1007,human1_lib2.final_cell_0440-0,7,beta,beta,single_batch
1008,human1_lib2.final_cell_0441-0,4,ductal,ductal,single_batch
1009,human1_lib2.final_cell_0442-0,7,beta,beta,single_batch
1010,human1_lib2.final_cell_0443-0,8,delta,delta,single_batch
1011,human1_lib2.final_cell_0444-0,7,beta,beta,single_batch
1012,human1_lib2.final_cell_0445-0,7,beta,beta,single_batch
1013,human1_lib2.final_cell_0446-0,7,beta,beta,single_batch
1014,human1_lib2.final_cell_0447-0,7,beta,beta,single_batch
1015,human1_lib2.final_cell_0448-0,6,quiescent_stellate,quiescent_stellate,single_batch
1016,human1_lib2.final_cell_0449-0,7,beta,beta,single_batch
1017,human1_lib2.final_cell_0450-0,7,beta,beta,single_batch
1018,human1_lib2.final_cell_0451-0,3,schwann,activated_stellate,single_batch
1019,human1_lib2.final_cell_0452-0,1,endothelial,endothelial,single_batch
1020,human1_lib2.final_cell_0453-0,8,beta,delta,single_batch
1021,human1_lib2.final_cell_0454-0,7,beta,beta,single_batch
1022,human1_lib2.final_cell_0455-0,4,ductal,ductal,single_batch
1023,human1_lib2.final_cell_0456-0,8,gamma,delta,single_batch
1024,human1_lib2.final_cell_0457-0,9,alpha,alpha,single_batch
1025,human1_lib2.final_cell_0458-0,8,gamma,delta,single_batch
1026,human1_lib2.final_cell_0459-0,9,alpha,alpha,single_batch
1027,human1_lib2.final_cell_0460-0,3,quiescent_stellate,activated_stellate,single_batch
1028,human1_lib2.final_cell_0461-0,1,endothelial,endothelial,single_batch
1029,human1_lib2.final_cell_0462-0,6,quiescent_stellate,quiescent_stellate,single_batch
1030,human1_lib2.final_cell_0463-0,8,delta,delta,single_batch
1031,human1_lib2.final_cell_0464-0,7,beta,beta,single_batch
1032,human1_lib2.final_cell_0465-0,4,ductal,ductal,single_batch
1033,human1_lib2.final_cell_0466-0,1,endothelial,endothelial,single_batch
1034,human1_lib2.final_cell_0467-0,7,beta,beta,single_batch
1035,human1_lib2.final_cell_0468-0,8,delta,delta,single_batch
1036,human1_lib2.final_cell_0469-0,3,activated_stellate,activated_stellate,single_batch
1037,human1_lib2.final_cell_0470-0,1,endothelial,endothelial,single_batch
1038,human1_lib2.final_cell_0471-0,0,acinar,acinar,single_batch
1039,human1_lib2.final_cell_0472-0,1,endothelial,endothelial,single_batch
1040,human1_lib2.final_cell_0473-0,8,delta,delta,single_batch
1041,human1_lib2.final_cell_0474-0,8,gamma,delta,single_batch
1042,human1_lib2.final_cell_0475-0,3,activated_stellate,activated_stellate,single_batch
1043,human1_lib2.final_cell_0476-0,1,endothelial,endothelial,single_batch
1044,human1_lib2.final_cell_0477-0,7,beta,beta,single_batch
1045,human1_lib2.final_cell_0478-0,4,ductal,ductal,single_batch
1046,human1_lib2.final_cell_0479-0,7,beta,beta,single_batch
1047,human1_lib2.final_cell_0480-0,7,beta,beta,single_batch
1048,human1_lib2.final_cell_0481-0,8,alpha,delta,single_batch
1049,human1_lib2.final_cell_0482-0,8,alpha,delta,single_batch
1050,human1_lib2.final_cell_0483-0,7,beta,beta,single_batch
1051,human1_lib2.final_cell_0484-0,4,ductal,ductal,single_batch
1052,human1_lib2.final_cell_0485-0,7,beta,beta,single_batch
1053,human1_lib2.final_cell_0486-0,9,alpha,alpha,single_batch
1054,human1_lib2.final_cell_0487-0,1,endothelial,endothelial,single_batch
1055,human1_lib2.final_cell_0488-0,1,endothelial,endothelial,single_batch
1056,human1_lib2.final_cell_0489-0,7,beta,beta,single_batch
1057,human1_lib2.final_cell_0490-0,1,endothelial,endothelial,single_batch
1058,human1_lib2.final_cell_0491-0,1,endothelial,endothelial,single_batch
1059,human1_lib2.final_cell_0492-0,9,alpha,alpha,single_batch
1060,human1_lib2.final_cell_0493-0,6,quiescent_stellate,quiescent_stellate,single_batch
1061,human1_lib2.final_cell_0494-0,4,ductal,ductal,single_batch
1062,human1_lib2.final_cell_0495-0,7,beta,beta,single_batch
1063,human1_lib2.final_cell_0496-0,6,quiescent_stellate,quiescent_stellate,single_batch
1064,human1_lib2.final_cell_0497-0,8,epsilon,delta,single_batch
1065,human1_lib2.final_cell_0498-0,8,delta,delta,single_batch
1066,human1_lib2.final_cell_0499-0,2,macrophage,macrophage,single_batch
1067,human1_lib2.final_cell_0500-0,8,gamma,delta,single_batch
1068,human1_lib2.final_cell_0501-0,4,ductal,ductal,single_batch
1069,human1_lib2.final_cell_0502-0,8,alpha,delta,single_batch
1070,human1_lib2.final_cell_0503-0,7,beta,beta,single_batch
1071,human1_lib2.final_cell_0504-0,8,alpha,delta,single_batch
1072,human1_lib2.final_cell_0505-0,1,endothelial,endothelial,single_batch
1073,human1_lib2.final_cell_0506-0,7,beta,beta,single_batch
1074,human1_lib2.final_cell_0507-0,8,gamma,delta,single_batch
1075,human1_lib2.final_cell_0508-0,8,beta,delta,single_batch
1076,human1_lib2.final_cell_0509-0,7,beta,beta,single_batch
1077,human1_lib2.final_cell_0510-0,6,quiescent_stellate,quiescent_stellate,single_batch
1078,human1_lib2.final_cell_0511-0,9,alpha,alpha,single_batch
1079,human1_lib2.final_cell_0512-0,7,beta,beta,single_batch
1080,human1_lib2.final_cell_0513-0,7,gamma,beta,single_batch
1081,human1_lib2.final_cell_0514-0,8,alpha,delta,single_batch
1082,human1_lib2.final_cell_0515-0,9,alpha,alpha,single_batch
1083,human1_lib2.final_cell_0516-0,7,beta,beta,single_batch
1084,human1_lib2.final_cell_0517-0,1,endothelial,endothelial,single_batch
1085,human1_lib2.final_cell_0518-0,7,beta,beta,single_batch
1086,human1_lib2.final_cell_0519-0,6,quiescent_stellate,quiescent_stellate,single_batch
1087,human1_lib2.final_cell_0520-0,1,endothelial,endothelial,single_batch
1088,human1_lib2.final_cell_0521-0,7,beta,beta,single_batch
1089,human1_lib2.final_cell_0522-0,7,beta,beta,single_batch
1090,human1_lib2.final_cell_0523-0,7,beta,beta,single_batch
1091,human1_lib2.final_cell_0524-0,7,beta,beta,single_batch
1092,human1_lib2.final_cell_0525-0,4,ductal,ductal,single_batch
1093,human1_lib2.final_cell_0526-0,3,beta,activated_stellate,single_batch
1094,human1_lib2.final_cell_0527-0,9,alpha,alpha,single_batch
1095,human1_lib2.final_cell_0528-0,6,quiescent_stellate,quiescent_stellate,single_batch
1096,human1_lib2.final_cell_0529-0,7,beta,beta,single_batch
1097,human1_lib2.final_cell_0530-0,1,endothelial,endothelial,single_batch
1098,human1_lib2.final_cell_0531-0,7,beta,beta,single_batch
1099,human1_lib2.final_cell_0532-0,4,ductal,ductal,single_batch
1100,human1_lib2.final_cell_0533-0,4,ductal,ductal,single_batch
1101,human1_lib2.final_cell_0534-0,7,beta,beta,single_batch
1102,human1_lib2.final_cell_0535-0,3,activated_stellate,activated_stellate,single_batch
1103,human1_lib2.final_cell_0536-0,7,beta,beta,single_batch
1104,human1_lib2.final_cell_0537-0,4,ductal,ductal,single_batch
1105,human1_lib2.final_cell_0538-0,7,beta,beta,single_batch
1106,human1_lib2.final_cell_0539-0,1,endothelial,endothelial,single_batch
1107,human1_lib2.final_cell_0540-0,7,beta,beta,single_batch
1108,human1_lib2.final_cell_0541-0,7,beta,beta,single_batch
1109,human1_lib2.final_cell_0542-0,0,acinar,acinar,single_batch
1110,human1_lib2.final_cell_0543-0,9,alpha,alpha,single_batch
1111,human1_lib2.final_cell_0544-0,3,schwann,activated_stellate,single_batch
1112,human1_lib2.final_cell_0545-0,7,beta,beta,single_batch
1113,human1_lib2.final_cell_0546-0,7,beta,beta,single_batch
1114,human1_lib2.final_cell_0547-0,6,quiescent_stellate,quiescent_stellate,single_batch
1115,human1_lib2.final_cell_0548-0,7,beta,beta,single_batch
1116,human1_lib2.final_cell_0549-0,8,gamma,delta,single_batch
1117,human1_lib2.final_cell_0550-0,1,endothelial,endothelial,single_batch
1118,human1_lib2.final_cell_0551-0,7,beta,beta,single_batch
1119,human1_lib2.final_cell_0552-0,5,mast,mast,single_batch
1120,human1_lib2.final_cell_0553-0,7,beta,beta,single_batch
1121,human1_lib2.final_cell_0554-0,8,gamma,delta,single_batch
1122,human1_lib2.final_cell_0555-0,6,quiescent_stellate,quiescent_stellate,single_batch
1123,human1_lib2.final_cell_0556-0,7,beta,beta,single_batch
1124,human1_lib2.final_cell_0557-0,7,beta,beta,single_batch
1125,human1_lib2.final_cell_0558-0,7,beta,beta,single_batch
1126,human1_lib2.final_cell_0559-0,1,endothelial,endothelial,single_batch
1127,human1_lib2.final_cell_0560-0,7,beta,beta,single_batch
1128,human1_lib2.final_cell_0561-0,9,alpha,alpha,single_batch
1129,human1_lib2.final_cell_0562-0,6,quiescent_stellate,quiescent_stellate,single_batch
1130,human1_lib2.final_cell_0563-0,3,activated_stellate,activated_stellate,single_batch
1131,human1_lib2.final_cell_0564-0,7,beta,beta,single_batch
1132,human1_lib2.final_cell_0565-0,9,alpha,alpha,single_batch
1133,human1_lib2.final_cell_0566-0,1,endothelial,endothelial,single_batch
1134,human1_lib2.final_cell_0567-0,6,quiescent_stellate,quiescent_stellate,single_batch
1135,human1_lib2.final_cell_0568-0,1,endothelial,endothelial,single_batch
1136,human1_lib2.final_cell_0569-0,1,endothelial,endothelial,single_batch
1137,human1_lib2.final_cell_0570-0,1,endothelial,endothelial,single_batch
1138,human1_lib2.final_cell_0571-0,1,endothelial,endothelial,single_batch
1139,human1_lib2.final_cell_0572-0,4,ductal,ductal,single_batch
1140,human1_lib2.final_cell_0573-0,7,beta,beta,single_batch
1141,human1_lib2.final_cell_0574-0,4,ductal,ductal,single_batch
1142,human1_lib2.final_cell_0575-0,6,quiescent_stellate,quiescent_stellate,single_batch
1143,human1_lib2.final_cell_0576-0,7,beta,beta,single_batch
1144,human1_lib2.final_cell_0577-0,1,endothelial,endothelial,single_batch
1145,human1_lib2.final_cell_0578-0,1,endothelial,endothelial,single_batch
1146,human1_lib2.final_cell_0579-0,8,alpha,delta,single_batch
1147,human1_lib2.final_cell_0580-0,6,quiescent_stellate,quiescent_stellate,single_batch
1148,human1_lib2.final_cell_0581-0,8,alpha,delta,single_batch
1149,human1_lib2.final_cell_0582-0,0,acinar,acinar,single_batch
1150,human1_lib2.final_cell_0583-0,8,gamma,delta,single_batch
1151,human1_lib2.final_cell_0584-0,1,endothelial,endothelial,single_batch
1152,human1_lib2.final_cell_0585-0,7,beta,beta,single_batch
1153,human1_lib2.final_cell_0586-0,6,quiescent_stellate,quiescent_stellate,single_batch
1154,human1_lib2.final_cell_0587-0,3,activated_stellate,activated_stellate,single_batch
1155,human1_lib2.final_cell_0588-0,7,beta,beta,single_batch
1156,human1_lib2.final_cell_0589-0,7,beta,beta,single_batch
1157,human1_lib2.final_cell_0590-0,1,endothelial,endothelial,single_batch
1158,human1_lib2.final_cell_0591-0,9,alpha,alpha,single_batch
1159,human1_lib2.final_cell_0592-0,6,quiescent_stellate,quiescent_stellate,single_batch
1160,human1_lib2.final_cell_0593-0,6,quiescent_stellate,quiescent_stellate,single_batch
1161,human1_lib2.final_cell_0594-0,6,quiescent_stellate,quiescent_stellate,single_batch
1162,human1_lib2.final_cell_0595-0,6,quiescent_stellate,quiescent_stellate,single_batch
1163,human1_lib2.final_cell_0596-0,1,endothelial,endothelial,single_batch
1164,human1_lib2.final_cell_0597-0,7,beta,beta,single_batch
1165,human1_lib2.final_cell_0598-0,6,quiescent_stellate,quiescent_stellate,single_batch
1166,human1_lib2.final_cell_0599-0,7,beta,beta,single_batch
1167,human1_lib2.final_cell_0600-0,6,quiescent_stellate,quiescent_stellate,single_batch
1168,human1_lib2.final_cell_0601-0,6,quiescent_stellate,quiescent_stellate,single_batch
1169,human1_lib2.final_cell_0602-0,7,beta,beta,single_batch
1170,human1_lib2.final_cell_0603-0,7,beta,beta,single_batch
1171,human1_lib2.final_cell_0604-0,7,beta,beta,single_batch
1172,human1_lib2.final_cell_0605-0,7,beta,beta,single_batch
1173,human1_lib2.final_cell_0606-0,7,beta,beta,single_batch
1174,human1_lib2.final_cell_0607-0,1,endothelial,endothelial,single_batch
1175,human1_lib2.final_cell_0608-0,9,alpha,alpha,single_batch
1176,human1_lib2.final_cell_0609-0,7,beta,beta,single_batch
1177,human1_lib2.final_cell_0610-0,1,endothelial,endothelial,single_batch
1178,human1_lib2.final_cell_0611-0,1,endothelial,endothelial,single_batch
1179,human1_lib2.final_cell_0612-0,3,activated_stellate,activated_stellate,single_batch
1180,human1_lib2.final_cell_0613-0,8,alpha,delta,single_batch
1181,human1_lib2.final_cell_0614-0,7,beta,beta,single_batch
1182,human1_lib2.final_cell_0615-0,7,beta,beta,single_batch
1183,human1_lib2.final_cell_0616-0,0,acinar,acinar,single_batch
1184,human1_lib2.final_cell_0617-0,6,quiescent_stellate,quiescent_stellate,single_batch
1185,human1_lib2.final_cell_0618-0,1,endothelial,endothelial,single_batch
1186,human1_lib2.final_cell_0619-0,1,endothelial,endothelial,single_batch
1187,human1_lib2.final_cell_0620-0,1,endothelial,endothelial,single_batch
1188,human1_lib2.final_cell_0621-0,7,delta,beta,single_batch
1189,human1_lib2.final_cell_0622-0,1,endothelial,endothelial,single_batch
1190,human1_lib2.final_cell_0623-0,8,alpha,delta,single_batch
1191,human1_lib2.final_cell_0624-0,7,beta,beta,single_batch
1192,human1_lib2.final_cell_0625-0,6,quiescent_stellate,quiescent_stellate,single_batch
1193,human1_lib2.final_cell_0626-0,1,endothelial,endothelial,single_batch
1194,human1_lib2.final_cell_0627-0,6,quiescent_stellate,quiescent_stellate,single_batch
1195,human1_lib2.final_cell_0628-0,8,alpha,delta,single_batch
1196,human1_lib2.final_cell_0629-0,6,quiescent_stellate,quiescent_stellate,single_batch
1197,human1_lib3.final_cell_0001-0,0,acinar,acinar,single_batch
1198,human1_lib3.final_cell_0002-0,0,acinar,acinar,single_batch
1199,human1_lib3.final_cell_0003-0,8,delta,delta,single_batch
1200,human1_lib3.final_cell_0004-0,0,acinar,acinar,single_batch
1201,human1_lib3.final_cell_0005-0,3,activated_stellate,activated_stellate,single_batch
1202,human1_lib3.final_cell_0006-0,0,acinar,acinar,single_batch
1203,human1_lib3.final_cell_0007-0,0,acinar,acinar,single_batch
1204,human1_lib3.final_cell_0008-0,8,delta,delta,single_batch
1205,human1_lib3.final_cell_0009-0,8,delta,delta,single_batch
1206,human1_lib3.final_cell_0010-0,8,delta,delta,single_batch
1207,human1_lib3.final_cell_0011-0,0,acinar,acinar,single_batch
1208,human1_lib3.final_cell_0012-0,7,beta,beta,single_batch
1209,human1_lib3.final_cell_0013-0,3,activated_stellate,activated_stellate,single_batch
1210,human1_lib3.final_cell_0014-0,8,delta,delta,single_batch
1211,human1_lib3.final_cell_0015-0,8,delta,delta,single_batch
1212,human1_lib3.final_cell_0016-0,8,delta,delta,single_batch
1213,human1_lib3.final_cell_0017-0,8,delta,delta,single_batch
1214,human1_lib3.final_cell_0018-0,7,beta,beta,single_batch
1215,human1_lib3.final_cell_0019-0,8,delta,delta,single_batch
1216,human1_lib3.final_cell_0020-0,0,acinar,acinar,single_batch
1217,human1_lib3.final_cell_0021-0,3,activated_stellate,activated_stellate,single_batch
1218,human1_lib3.final_cell_0022-0,3,activated_stellate,activated_stellate,single_batch
1219,human1_lib3.final_cell_0023-0,8,delta,delta,single_batch
1220,human1_lib3.final_cell_0024-0,7,beta,beta,single_batch
1221,human1_lib3.final_cell_0025-0,0,acinar,acinar,single_batch
1222,human1_lib3.final_cell_0026-0,8,delta,delta,single_batch
1223,human1_lib3.final_cell_0027-0,7,beta,beta,single_batch
1224,human1_lib3.final_cell_0028-0,8,delta,delta,single_batch
1225,human1_lib3.final_cell_0029-0,0,ductal,acinar,single_batch
1226,human1_lib3.final_cell_0030-0,0,acinar,acinar,single_batch
1227,human1_lib3.final_cell_0031-0,0,acinar,acinar,single_batch
1228,human1_lib3.final_cell_0032-0,8,delta,delta,single_batch
1229,human1_lib3.final_cell_0033-0,7,beta,beta,single_batch
1230,human1_lib3.final_cell_0034-0,7,beta,beta,single_batch
1231,human1_lib3.final_cell_0035-0,7,beta,beta,single_batch
1232,human1_lib3.final_cell_0036-0,8,delta,delta,single_batch
1233,human1_lib3.final_cell_0037-0,7,beta,beta,single_batch
1234,human1_lib3.final_cell_0038-0,7,beta,beta,single_batch
1235,human1_lib3.final_cell_0039-0,7,beta,beta,single_batch
1236,human1_lib3.final_cell_0040-0,8,delta,delta,single_batch
1237,human1_lib3.final_cell_0041-0,8,delta,delta,single_batch
1238,human1_lib3.final_cell_0042-0,8,delta,delta,single_batch
1239,human1_lib3.final_cell_0043-0,0,acinar,acinar,single_batch
1240,human1_lib3.final_cell_0044-0,4,ductal,ductal,single_batch
1241,human1_lib3.final_cell_0045-0,8,delta,delta,single_batch
1242,human1_lib3.final_cell_0046-0,3,activated_stellate,activated_stellate,single_batch
1243,human1_lib3.final_cell_0047-0,7,beta,beta,single_batch
1244,human1_lib3.final_cell_0048-0,3,activated_stellate,activated_stellate,single_batch
1245,human1_lib3.final_cell_0049-0,9,alpha,alpha,single_batch
1246,human1_lib3.final_cell_0050-0,8,delta,delta,single_batch
1247,human1_lib3.final_cell_0051-0,7,beta,beta,single_batch
1248,human1_lib3.final_cell_0052-0,7,beta,beta,single_batch
1249,human1_lib3.final_cell_0053-0,7,beta,beta,single_batch
1250,human1_lib3.final_cell_0054-0,0,acinar,acinar,single_batch
1251,human1_lib3.final_cell_0055-0,8,delta,delta,single_batch
1252,human1_lib3.final_cell_0056-0,4,ductal,ductal,single_batch
1253,human1_lib3.final_cell_0057-0,2,macrophage,macrophage,single_batch
1254,human1_lib3.final_cell_0058-0,8,delta,delta,single_batch
1255,human1_lib3.final_cell_0059-0,7,beta,beta,single_batch
1256,human1_lib3.final_cell_0060-0,7,beta,beta,single_batch
1257,human1_lib3.final_cell_0061-0,8,delta,delta,single_batch
1258,human1_lib3.final_cell_0062-0,8,delta,delta,single_batch
1259,human1_lib3.final_cell_0063-0,7,beta,beta,single_batch
1260,human1_lib3.final_cell_0064-0,8,delta,delta,single_batch
1261,human1_lib3.final_cell_0065-0,7,beta,beta,single_batch
1262,human1_lib3.final_cell_0066-0,8,delta,delta,single_batch
1263,human1_lib3.final_cell_0067-0,0,acinar,acinar,single_batch
1264,human1_lib3.final_cell_0068-0,8,delta,delta,single_batch
1265,human1_lib3.final_cell_0069-0,7,beta,beta,single_batch
1266,human1_lib3.final_cell_0070-0,0,acinar,acinar,single_batch
1267,human1_lib3.final_cell_0071-0,7,beta,beta,single_batch
1268,human1_lib3.final_cell_0072-0,7,beta,beta,single_batch
1269,human1_lib3.final_cell_0073-0,4,ductal,ductal,single_batch
1270,human1_lib3.final_cell_0074-0,8,delta,delta,single_batch
1271,human1_lib3.final_cell_0075-0,8,delta,delta,single_batch
1272,human1_lib3.final_cell_0076-0,7,beta,beta,single_batch
1273,human1_lib3.final_cell_0077-0,8,delta,delta,single_batch
1274,human1_lib3.final_cell_0078-0,8,delta,delta,single_batch
1275,human1_lib3.final_cell_0079-0,7,beta,beta,single_batch
1276,human1_lib3.final_cell_0080-0,9,alpha,alpha,single_batch
1277,human1_lib3.final_cell_0081-0,7,beta,beta,single_batch
1278,human1_lib3.final_cell_0082-0,0,acinar,acinar,single_batch
1279,human1_lib3.final_cell_0083-0,9,alpha,alpha,single_batch
1280,human1_lib3.final_cell_0084-0,9,alpha,alpha,single_batch
1281,human1_lib3.final_cell_0085-0,7,beta,beta,single_batch
1282,human1_lib3.final_cell_0086-0,7,beta,beta,single_batch
1283,human1_lib3.final_cell_0087-0,7,beta,beta,single_batch
1284,human1_lib3.final_cell_0088-0,7,beta,beta,single_batch
1285,human1_lib3.final_cell_0089-0,7,beta,beta,single_batch
1286,human1_lib3.final_cell_0090-0,7,beta,beta,single_batch
1287,human1_lib3.final_cell_0091-0,7,beta,beta,single_batch
1288,human1_lib3.final_cell_0092-0,7,beta,beta,single_batch
1289,human1_lib3.final_cell_0093-0,8,delta,delta,single_batch
1290,human1_lib3.final_cell_0094-0,7,beta,beta,single_batch
1291,human1_lib3.final_cell_0095-0,7,beta,beta,single_batch
1292,human1_lib3.final_cell_0096-0,8,delta,delta,single_batch
1293,human1_lib3.final_cell_0097-0,7,beta,beta,single_batch
1294,human1_lib3.final_cell_0098-0,7,beta,beta,single_batch
1295,human1_lib3.final_cell_0099-0,7,beta,beta,single_batch
1296,human1_lib3.final_cell_0100-0,9,alpha,alpha,single_batch
1297,human1_lib3.final_cell_0101-0,8,delta,delta,single_batch
1298,human1_lib3.final_cell_0102-0,9,alpha,alpha,single_batch
1299,human1_lib3.final_cell_0103-0,7,beta,beta,single_batch
1300,human1_lib3.final_cell_0104-0,8,delta,delta,single_batch
1301,human1_lib3.final_cell_0105-0,7,beta,beta,single_batch
1302,human1_lib3.final_cell_0106-0,3,activated_stellate,activated_stellate,single_batch
1303,human1_lib3.final_cell_0107-0,7,beta,beta,single_batch
1304,human1_lib3.final_cell_0108-0,7,beta,beta,single_batch
1305,human1_lib3.final_cell_0109-0,8,delta,delta,single_batch
1306,human1_lib3.final_cell_0110-0,8,delta,delta,single_batch
1307,human1_lib3.final_cell_0111-0,4,ductal,ductal,single_batch
1308,human1_lib3.final_cell_0112-0,0,acinar,acinar,single_batch
1309,human1_lib3.final_cell_0113-0,0,acinar,acinar,single_batch
1310,human1_lib3.final_cell_0114-0,8,delta,delta,single_batch
1311,human1_lib3.final_cell_0115-0,4,ductal,ductal,single_batch
1312,human1_lib3.final_cell_0116-0,8,delta,delta,single_batch
1313,human1_lib3.final_cell_0117-0,7,beta,beta,single_batch
1314,human1_lib3.final_cell_0118-0,4,ductal,ductal,single_batch
1315,human1_lib3.final_cell_0119-0,7,beta,beta,single_batch
1316,human1_lib3.final_cell_0120-0,7,beta,beta,single_batch
1317,human1_lib3.final_cell_0121-0,7,beta,beta,single_batch
1318,human1_lib3.final_cell_0122-0,7,beta,beta,single_batch
1319,human1_lib3.final_cell_0123-0,9,alpha,alpha,single_batch
1320,human1_lib3.final_cell_0124-0,7,beta,beta,single_batch
1321,human1_lib3.final_cell_0125-0,7,beta,beta,single_batch
1322,human1_lib3.final_cell_0126-0,7,beta,beta,single_batch
1323,human1_lib3.final_cell_0127-0,7,beta,beta,single_batch
1324,human1_lib3.final_cell_0128-0,7,beta,beta,single_batch
1325,human1_lib3.final_cell_0129-0,9,alpha,alpha,single_batch
1326,human1_lib3.final_cell_0130-0,0,acinar,acinar,single_batch
1327,human1_lib3.final_cell_0131-0,7,beta,beta,single_batch
1328,human1_lib3.final_cell_0132-0,7,beta,beta,single_batch
1329,human1_lib3.final_cell_0133-0,7,beta,beta,single_batch
1330,human1_lib3.final_cell_0134-0,7,beta,beta,single_batch
1331,human1_lib3.final_cell_0135-0,8,delta,delta,single_batch
1332,human1_lib3.final_cell_0136-0,7,beta,beta,single_batch
1333,human1_lib3.final_cell_0137-0,7,beta,beta,single_batch
1334,human1_lib3.final_cell_0138-0,7,beta,beta,single_batch
1335,human1_lib3.final_cell_0139-0,3,activated_stellate,activated_stellate,single_batch
1336,human1_lib3.final_cell_0140-0,7,beta,beta,single_batch
1337,human1_lib3.final_cell_0141-0,8,delta,delta,single_batch
1338,human1_lib3.final_cell_0142-0,7,beta,beta,single_batch
1339,human1_lib3.final_cell_0143-0,0,acinar,acinar,single_batch
1340,human1_lib3.final_cell_0144-0,7,beta,beta,single_batch
1341,human1_lib3.final_cell_0145-0,7,beta,beta,single_batch
1342,human1_lib3.final_cell_0146-0,3,activated_stellate,activated_stellate,single_batch
1343,human1_lib3.final_cell_0147-0,9,alpha,alpha,single_batch
1344,human1_lib3.final_cell_0148-0,7,beta,beta,single_batch
1345,human1_lib3.final_cell_0149-0,7,beta,beta,single_batch
1346,human1_lib3.final_cell_0150-0,4,quiescent_stellate,ductal,single_batch
1347,human1_lib3.final_cell_0151-0,3,activated_stellate,activated_stellate,single_batch
1348,human1_lib3.final_cell_0152-0,0,acinar,acinar,single_batch
1349,human1_lib3.final_cell_0153-0,7,beta,beta,single_batch
1350,human1_lib3.final_cell_0154-0,9,alpha,alpha,single_batch
1351,human1_lib3.final_cell_0155-0,8,delta,delta,single_batch
1352,human1_lib3.final_cell_0156-0,0,acinar,acinar,single_batch
1353,human1_lib3.final_cell_0157-0,7,beta,beta,single_batch
1354,human1_lib3.final_cell_0158-0,7,beta,beta,single_batch
1355,human1_lib3.final_cell_0159-0,7,beta,beta,single_batch
1356,human1_lib3.final_cell_0160-0,7,beta,beta,single_batch
1357,human1_lib3.final_cell_0161-0,4,ductal,ductal,single_batch
1358,human1_lib3.final_cell_0162-0,7,beta,beta,single_batch
1359,human1_lib3.final_cell_0163-0,0,acinar,acinar,single_batch
1360,human1_lib3.final_cell_0164-0,7,beta,beta,single_batch
1361,human1_lib3.final_cell_0165-0,7,beta,beta,single_batch
1362,human1_lib3.final_cell_0166-0,7,beta,beta,single_batch
1363,human1_lib3.final_cell_0167-0,7,beta,beta,single_batch
1364,human1_lib3.final_cell_0168-0,7,beta,beta,single_batch
1365,human1_lib3.final_cell_0169-0,7,beta,beta,single_batch
1366,human1_lib3.final_cell_0170-0,9,alpha,alpha,single_batch
1367,human1_lib3.final_cell_0171-0,0,acinar,acinar,single_batch
1368,human1_lib3.final_cell_0172-0,7,beta,beta,single_batch
1369,human1_lib3.final_cell_0173-0,7,beta,beta,single_batch
1370,human1_lib3.final_cell_0174-0,9,alpha,alpha,single_batch
1371,human1_lib3.final_cell_0175-0,7,beta,beta,single_batch
1372,human1_lib3.final_cell_0176-0,7,beta,beta,single_batch
1373,human1_lib3.final_cell_0177-0,8,gamma,delta,single_batch
1374,human1_lib3.final_cell_0178-0,8,delta,delta,single_batch
1375,human1_lib3.final_cell_0179-0,2,macrophage,macrophage,single_batch
1376,human1_lib3.final_cell_0180-0,9,alpha,alpha,single_batch
1377,human1_lib3.final_cell_0181-0,8,delta,delta,single_batch
1378,human1_lib3.final_cell_0182-0,7,beta,beta,single_batch
1379,human1_lib3.final_cell_0183-0,4,ductal,ductal,single_batch
1380,human1_lib3.final_cell_0184-0,4,ductal,ductal,single_batch
1381,human1_lib3.final_cell_0185-0,9,alpha,alpha,single_batch
1382,human1_lib3.final_cell_0186-0,7,beta,beta,single_batch
1383,human1_lib3.final_cell_0187-0,7,beta,beta,single_batch
1384,human1_lib3.final_cell_0188-0,0,acinar,acinar,single_batch
1385,human1_lib3.final_cell_0189-0,1,endothelial,endothelial,single_batch
1386,human1_lib3.final_cell_0190-0,9,alpha,alpha,single_batch
1387,human1_lib3.final_cell_0191-0,8,gamma,delta,single_batch
1388,human1_lib3.final_cell_0192-0,7,beta,beta,single_batch
1389,human1_lib3.final_cell_0193-0,6,quiescent_stellate,quiescent_stellate,single_batch
1390,human1_lib3.final_cell_0194-0,7,beta,beta,single_batch
1391,human1_lib3.final_cell_0195-0,8,delta,delta,single_batch
1392,human1_lib3.final_cell_0196-0,7,beta,beta,single_batch
1393,human1_lib3.final_cell_0197-0,4,ductal,ductal,single_batch
1394,human1_lib3.final_cell_0198-0,7,beta,beta,single_batch
1395,human1_lib3.final_cell_0199-0,9,alpha,alpha,single_batch
1396,human1_lib3.final_cell_0200-0,7,beta,beta,single_batch
1397,human1_lib3.final_cell_0201-0,8,delta,delta,single_batch
1398,human1_lib3.final_cell_0202-0,7,beta,beta,single_batch
1399,human1_lib3.final_cell_0203-0,9,alpha,alpha,single_batch
1400,human1_lib3.final_cell_0204-0,6,quiescent_stellate,quiescent_stellate,single_batch
1401,human1_lib3.final_cell_0205-0,4,ductal,ductal,single_batch
1402,human1_lib3.final_cell_0206-0,8,delta,delta,single_batch
1403,human1_lib3.final_cell_0207-0,7,beta,beta,single_batch
1404,human1_lib3.final_cell_0208-0,7,beta,beta,single_batch
1405,human1_lib3.final_cell_0209-0,8,delta,delta,single_batch
1406,human1_lib3.final_cell_0210-0,9,alpha,alpha,single_batch
1407,human1_lib3.final_cell_0211-0,7,beta,beta,single_batch
1408,human1_lib3.final_cell_0212-0,7,beta,beta,single_batch
1409,human1_lib3.final_cell_0213-0,8,delta,delta,single_batch
1410,human1_lib3.final_cell_0214-0,7,beta,beta,single_batch
1411,human1_lib3.final_cell_0215-0,7,beta,beta,single_batch
1412,human1_lib3.final_cell_0216-0,8,delta,delta,single_batch
1413,human1_lib3.final_cell_0217-0,4,ductal,ductal,single_batch
1414,human1_lib3.final_cell_0218-0,4,ductal,ductal,single_batch
1415,human1_lib3.final_cell_0219-0,7,beta,beta,single_batch
1416,human1_lib3.final_cell_0220-0,7,beta,beta,single_batch
1417,human1_lib3.final_cell_0221-0,7,beta,beta,single_batch
1418,human1_lib3.final_cell_0222-0,7,beta,beta,single_batch
1419,human1_lib3.final_cell_0223-0,1,endothelial,endothelial,single_batch
1420,human1_lib3.final_cell_0224-0,7,beta,beta,single_batch
1421,human1_lib3.final_cell_0225-0,7,beta,beta,single_batch
1422,human1_lib3.final_cell_0226-0,9,alpha,alpha,single_batch
1423,human1_lib3.final_cell_0227-0,7,beta,beta,single_batch
1424,human1_lib3.final_cell_0228-0,7,beta,beta,single_batch
1425,human1_lib3.final_cell_0229-0,9,alpha,alpha,single_batch
1426,human1_lib3.final_cell_0230-0,7,beta,beta,single_batch
1427,human1_lib3.final_cell_0231-0,0,acinar,acinar,single_batch
1428,human1_lib3.final_cell_0232-0,8,delta,delta,single_batch
1429,human1_lib3.final_cell_0233-0,7,beta,beta,single_batch
1430,human1_lib3.final_cell_0234-0,7,beta,beta,single_batch
1431,human1_lib3.final_cell_0235-0,4,ductal,ductal,single_batch
1432,human1_lib3.final_cell_0236-0,4,ductal,ductal,single_batch
1433,human1_lib3.final_cell_0237-0,7,beta,beta,single_batch
1434,human1_lib3.final_cell_0238-0,9,alpha,alpha,single_batch
1435,human1_lib3.final_cell_0239-0,7,beta,beta,single_batch
1436,human1_lib3.final_cell_0240-0,7,beta,beta,single_batch
1437,human1_lib3.final_cell_0241-0,4,ductal,ductal,single_batch
1438,human1_lib3.final_cell_0242-0,9,alpha,alpha,single_batch
1439,human1_lib3.final_cell_0243-0,3,activated_stellate,activated_stellate,single_batch
1440,human1_lib3.final_cell_0244-0,7,beta,beta,single_batch
1441,human1_lib3.final_cell_0245-0,9,alpha,alpha,single_batch
1442,human1_lib3.final_cell_0246-0,4,ductal,ductal,single_batch
1443,human1_lib3.final_cell_0247-0,8,delta,delta,single_batch
1444,human1_lib3.final_cell_0248-0,9,alpha,alpha,single_batch
1445,human1_lib3.final_cell_0249-0,8,gamma,delta,single_batch
1446,human1_lib3.final_cell_0250-0,7,beta,beta,single_batch
1447,human1_lib3.final_cell_0251-0,3,activated_stellate,activated_stellate,single_batch
1448,human1_lib3.final_cell_0252-0,4,ductal,ductal,single_batch
1449,human1_lib3.final_cell_0253-0,8,beta,delta,single_batch
1450,human1_lib3.final_cell_0254-0,7,beta,beta,single_batch
1451,human1_lib3.final_cell_0255-0,3,activated_stellate,activated_stellate,single_batch
1452,human1_lib3.final_cell_0256-0,7,beta,beta,single_batch
1453,human1_lib3.final_cell_0257-0,8,delta,delta,single_batch
1454,human1_lib3.final_cell_0258-0,3,activated_stellate,activated_stellate,single_batch
1455,human1_lib3.final_cell_0259-0,7,beta,beta,single_batch
1456,human1_lib3.final_cell_0260-0,8,gamma,delta,single_batch
1457,human1_lib3.final_cell_0261-0,7,beta,beta,single_batch
1458,human1_lib3.final_cell_0262-0,7,beta,beta,single_batch
1459,human1_lib3.final_cell_0263-0,7,beta,beta,single_batch
1460,human1_lib3.final_cell_0264-0,8,delta,delta,single_batch
1461,human1_lib3.final_cell_0265-0,7,beta,beta,single_batch
1462,human1_lib3.final_cell_0266-0,7,beta,beta,single_batch
1463,human1_lib3.final_cell_0267-0,9,alpha,alpha,single_batch
1464,human1_lib3.final_cell_0268-0,7,beta,beta,single_batch
1465,human1_lib3.final_cell_0269-0,9,alpha,alpha,single_batch
1466,human1_lib3.final_cell_0270-0,8,epsilon,delta,single_batch
1467,human1_lib3.final_cell_0271-0,3,activated_stellate,activated_stellate,single_batch
1468,human1_lib3.final_cell_0272-0,7,beta,beta,single_batch
1469,human1_lib3.final_cell_0273-0,9,alpha,alpha,single_batch
1470,human1_lib3.final_cell_0274-0,4,ductal,ductal,single_batch
1471,human1_lib3.final_cell_0275-0,9,alpha,alpha,single_batch
1472,human1_lib3.final_cell_0276-0,7,beta,beta,single_batch
1473,human1_lib3.final_cell_0277-0,7,beta,beta,single_batch
1474,human1_lib3.final_cell_0278-0,8,delta,delta,single_batch
1475,human1_lib3.final_cell_0279-0,4,ductal,ductal,single_batch
1476,human1_lib3.final_cell_0280-0,7,beta,beta,single_batch
1477,human1_lib3.final_cell_0281-0,9,alpha,alpha,single_batch
1478,human1_lib3.final_cell_0282-0,8,delta,delta,single_batch
1479,human1_lib3.final_cell_0283-0,7,beta,beta,single_batch
1480,human1_lib3.final_cell_0284-0,7,beta,beta,single_batch
1481,human1_lib3.final_cell_0285-0,7,beta,beta,single_batch
1482,human1_lib3.final_cell_0286-0,7,beta,beta,single_batch
1483,human1_lib3.final_cell_0287-0,7,beta,beta,single_batch
1484,human1_lib3.final_cell_0288-0,3,activated_stellate,activated_stellate,single_batch
1485,human1_lib3.final_cell_0289-0,9,alpha,alpha,single_batch
1486,human1_lib3.final_cell_0290-0,7,beta,beta,single_batch
1487,human1_lib3.final_cell_0291-0,4,ductal,ductal,single_batch
1488,human1_lib3.final_cell_0292-0,8,delta,delta,single_batch
1489,human1_lib3.final_cell_0293-0,9,alpha,alpha,single_batch
1490,human1_lib3.final_cell_0294-0,9,alpha,alpha,single_batch
1491,human1_lib3.final_cell_0295-0,7,beta,beta,single_batch
1492,human1_lib3.final_cell_0296-0,7,beta,beta,single_batch
1493,human1_lib3.final_cell_0297-0,7,beta,beta,single_batch
1494,human1_lib3.final_cell_0298-0,8,delta,delta,single_batch
1495,human1_lib3.final_cell_0299-0,9,alpha,alpha,single_batch
1496,human1_lib3.final_cell_0300-0,7,beta,beta,single_batch
1497,human1_lib3.final_cell_0301-0,7,beta,beta,single_batch
1498,human1_lib3.final_cell_0302-0,7,beta,beta,single_batch
1499,human1_lib3.final_cell_0303-0,7,beta,beta,single_batch
1500,human1_lib3.final_cell_0304-0,7,beta,beta,single_batch
1501,human1_lib3.final_cell_0305-0,8,delta,delta,single_batch
1502,human1_lib3.final_cell_0306-0,7,beta,beta,single_batch
1503,human1_lib3.final_cell_0307-0,7,beta,beta,single_batch
1504,human1_lib3.final_cell_0308-0,7,beta,beta,single_batch
1505,human1_lib3.final_cell_0309-0,9,alpha,alpha,single_batch
1506,human1_lib3.final_cell_0310-0,7,beta,beta,single_batch
1507,human1_lib3.final_cell_0311-0,8,gamma,delta,single_batch
1508,human1_lib3.final_cell_0312-0,7,beta,beta,single_batch
1509,human1_lib3.final_cell_0313-0,3,activated_stellate,activated_stellate,single_batch
1510,human1_lib3.final_cell_0314-0,7,beta,beta,single_batch
1511,human1_lib3.final_cell_0315-0,9,alpha,alpha,single_batch
1512,human1_lib3.final_cell_0316-0,9,alpha,alpha,single_batch
1513,human1_lib3.final_cell_0317-0,7,beta,beta,single_batch
1514,human1_lib3.final_cell_0318-0,7,beta,beta,single_batch
1515,human1_lib3.final_cell_0319-0,8,delta,delta,single_batch
1516,human1_lib3.final_cell_0320-0,7,beta,beta,single_batch
1517,human1_lib3.final_cell_0321-0,7,beta,beta,single_batch
1518,human1_lib3.final_cell_0322-0,7,beta,beta,single_batch
1519,human1_lib3.final_cell_0323-0,7,beta,beta,single_batch
1520,human1_lib3.final_cell_0324-0,7,beta,beta,single_batch
1521,human1_lib3.final_cell_0325-0,7,beta,beta,single_batch
1522,human1_lib3.final_cell_0326-0,6,quiescent_stellate,quiescent_stellate,single_batch
1523,human1_lib3.final_cell_0327-0,4,ductal,ductal,single_batch
1524,human1_lib3.final_cell_0328-0,4,ductal,ductal,single_batch
1525,human1_lib3.final_cell_0329-0,8,delta,delta,single_batch
1526,human1_lib3.final_cell_0330-0,8,alpha,delta,single_batch
1527,human1_lib3.final_cell_0331-0,7,beta,beta,single_batch
1528,human1_lib3.final_cell_0332-0,7,beta,beta,single_batch
1529,human1_lib3.final_cell_0333-0,7,beta,beta,single_batch
1530,human1_lib3.final_cell_0334-0,7,beta,beta,single_batch
1531,human1_lib3.final_cell_0335-0,7,beta,beta,single_batch
1532,human1_lib3.final_cell_0336-0,7,beta,beta,single_batch
1533,human1_lib3.final_cell_0337-0,8,gamma,delta,single_batch
1534,human1_lib3.final_cell_0338-0,7,beta,beta,single_batch
1535,human1_lib3.final_cell_0339-0,7,beta,beta,single_batch
1536,human1_lib3.final_cell_0340-0,8,gamma,delta,single_batch
1537,human1_lib3.final_cell_0341-0,8,alpha,delta,single_batch
1538,human1_lib3.final_cell_0342-0,7,beta,beta,single_batch
1539,human1_lib3.final_cell_0343-0,9,alpha,alpha,single_batch
1540,human1_lib3.final_cell_0344-0,9,alpha,alpha,single_batch
1541,human1_lib3.final_cell_0345-0,7,beta,beta,single_batch
1542,human1_lib3.final_cell_0346-0,8,delta,delta,single_batch
1543,human1_lib3.final_cell_0347-0,7,beta,beta,single_batch
1544,human1_lib3.final_cell_0348-0,7,beta,beta,single_batch
1545,human1_lib3.final_cell_0349-0,7,beta,beta,single_batch
1546,human1_lib3.final_cell_0350-0,7,beta,beta,single_batch
1547,human1_lib3.final_cell_0351-0,1,endothelial,endothelial,single_batch
1548,human1_lib3.final_cell_0352-0,7,beta,beta,single_batch
1549,human1_lib3.final_cell_0353-0,6,quiescent_stellate,quiescent_stellate,single_batch
1550,human1_lib3.final_cell_0354-0,7,beta,beta,single_batch
1551,human1_lib3.final_cell_0355-0,7,beta,beta,single_batch
1552,human1_lib3.final_cell_0356-0,9,alpha,alpha,single_batch
1553,human1_lib3.final_cell_0357-0,4,ductal,ductal,single_batch
1554,human1_lib3.final_cell_0358-0,7,beta,beta,single_batch
1555,human1_lib3.final_cell_0359-0,7,beta,beta,single_batch
1556,human1_lib3.final_cell_0360-0,8,gamma,delta,single_batch
1557,human1_lib3.final_cell_0361-0,9,alpha,alpha,single_batch
1558,human1_lib3.final_cell_0362-0,8,gamma,delta,single_batch
1559,human1_lib3.final_cell_0363-0,7,beta,beta,single_batch
1560,human1_lib3.final_cell_0364-0,7,beta,beta,single_batch
1561,human1_lib3.final_cell_0365-0,9,alpha,alpha,single_batch
1562,human1_lib3.final_cell_0366-0,4,alpha,ductal,single_batch
1563,human1_lib3.final_cell_0367-0,4,ductal,ductal,single_batch
1564,human1_lib3.final_cell_0368-0,7,beta,beta,single_batch
1565,human1_lib3.final_cell_0369-0,9,alpha,alpha,single_batch
1566,human1_lib3.final_cell_0370-0,7,beta,beta,single_batch
1567,human1_lib3.final_cell_0371-0,8,delta,delta,single_batch
1568,human1_lib3.final_cell_0372-0,4,ductal,ductal,single_batch
1569,human1_lib3.final_cell_0373-0,7,beta,beta,single_batch
1570,human1_lib3.final_cell_0374-0,7,beta,beta,single_batch
1571,human1_lib3.final_cell_0375-0,7,beta,beta,single_batch
1572,human1_lib3.final_cell_0376-0,7,beta,beta,single_batch
1573,human1_lib3.final_cell_0377-0,7,beta,beta,single_batch
1574,human1_lib3.final_cell_0378-0,7,beta,beta,single_batch
1575,human1_lib3.final_cell_0379-0,4,ductal,ductal,single_batch
1576,human1_lib3.final_cell_0380-0,7,beta,beta,single_batch
1577,human1_lib3.final_cell_0381-0,8,alpha,delta,single_batch
1578,human1_lib3.final_cell_0382-0,7,beta,beta,single_batch
1579,human1_lib3.final_cell_0383-0,7,beta,beta,single_batch
1580,human1_lib3.final_cell_0384-0,9,alpha,alpha,single_batch
1581,human1_lib3.final_cell_0385-0,0,acinar,acinar,single_batch
1582,human1_lib3.final_cell_0386-0,0,acinar,acinar,single_batch
1583,human1_lib3.final_cell_0387-0,7,beta,beta,single_batch
1584,human1_lib3.final_cell_0388-0,7,beta,beta,single_batch
1585,human1_lib3.final_cell_0389-0,7,beta,beta,single_batch
1586,human1_lib3.final_cell_0390-0,9,alpha,alpha,single_batch
1587,human1_lib3.final_cell_0391-0,9,alpha,alpha,single_batch
1588,human1_lib3.final_cell_0392-0,9,alpha,alpha,single_batch
1589,human1_lib3.final_cell_0393-0,9,alpha,alpha,single_batch
1590,human1_lib3.final_cell_0394-0,7,beta,beta,single_batch
1591,human1_lib3.final_cell_0395-0,9,alpha,alpha,single_batch
1592,human1_lib3.final_cell_0396-0,7,beta,beta,single_batch
1593,human1_lib3.final_cell_0397-0,9,alpha,alpha,single_batch
1594,human1_lib3.final_cell_0398-0,7,beta,beta,single_batch
1595,human1_lib3.final_cell_0399-0,7,beta,beta,single_batch
1596,human1_lib3.final_cell_0400-0,7,beta,beta,single_batch
1597,human1_lib3.final_cell_0401-0,9,alpha,alpha,single_batch
1598,human1_lib3.final_cell_0402-0,8,delta,delta,single_batch
1599,human1_lib3.final_cell_0403-0,9,alpha,alpha,single_batch
1600,human1_lib3.final_cell_0404-0,7,beta,beta,single_batch
1601,human1_lib3.final_cell_0405-0,7,beta,beta,single_batch
1602,human1_lib3.final_cell_0406-0,7,beta,beta,single_batch
1603,human1_lib3.final_cell_0407-0,9,alpha,alpha,single_batch
1604,human1_lib3.final_cell_0408-0,8,gamma,delta,single_batch
1605,human1_lib3.final_cell_0409-0,0,acinar,acinar,single_batch
1606,human1_lib3.final_cell_0410-0,7,beta,beta,single_batch
1607,human1_lib3.final_cell_0411-0,4,ductal,ductal,single_batch
1608,human1_lib3.final_cell_0412-0,8,delta,delta,single_batch
1609,human1_lib3.final_cell_0413-0,7,beta,beta,single_batch
1610,human1_lib3.final_cell_0414-0,4,ductal,ductal,single_batch
1611,human1_lib3.final_cell_0415-0,8,gamma,delta,single_batch
1612,human1_lib3.final_cell_0416-0,7,beta,beta,single_batch
1613,human1_lib3.final_cell_0417-0,6,quiescent_stellate,quiescent_stellate,single_batch
1614,human1_lib3.final_cell_0418-0,4,ductal,ductal,single_batch
1615,human1_lib3.final_cell_0419-0,8,delta,delta,single_batch
1616,human1_lib3.final_cell_0420-0,8,gamma,delta,single_batch
1617,human1_lib3.final_cell_0421-0,7,beta,beta,single_batch
1618,human1_lib3.final_cell_0422-0,7,beta,beta,single_batch
1619,human1_lib3.final_cell_0423-0,7,beta,beta,single_batch
1620,human1_lib3.final_cell_0424-0,8,gamma,delta,single_batch
1621,human1_lib3.final_cell_0425-0,4,ductal,ductal,single_batch
1622,human1_lib3.final_cell_0426-0,9,alpha,alpha,single_batch
1623,human1_lib3.final_cell_0427-0,0,acinar,acinar,single_batch
1624,human1_lib3.final_cell_0428-0,4,ductal,ductal,single_batch
1625,human1_lib3.final_cell_0429-0,1,endothelial,endothelial,single_batch
1626,human1_lib3.final_cell_0430-0,9,alpha,alpha,single_batch
1627,human1_lib3.final_cell_0431-0,1,endothelial,endothelial,single_batch
1628,human1_lib3.final_cell_0432-0,7,beta,beta,single_batch
1629,human1_lib3.final_cell_0433-0,7,beta,beta,single_batch
1630,human1_lib3.final_cell_0434-0,7,beta,beta,single_batch
1631,human1_lib3.final_cell_0435-0,7,beta,beta,single_batch
1632,human1_lib3.final_cell_0436-0,9,alpha,alpha,single_batch
1633,human1_lib3.final_cell_0437-0,7,beta,beta,single_batch
1634,human1_lib3.final_cell_0438-0,4,ductal,ductal,single_batch
1635,human1_lib3.final_cell_0439-0,4,ductal,ductal,single_batch
1636,human1_lib3.final_cell_0440-0,7,beta,beta,single_batch
1637,human1_lib3.final_cell_0441-0,7,beta,beta,single_batch
1638,human1_lib3.final_cell_0442-0,8,gamma,delta,single_batch
1639,human1_lib3.final_cell_0443-0,7,beta,beta,single_batch
1640,human1_lib3.final_cell_0444-0,6,quiescent_stellate,quiescent_stellate,single_batch
1641,human1_lib3.final_cell_0445-0,4,ductal,ductal,single_batch
1642,human1_lib3.final_cell_0446-0,7,beta,beta,single_batch
1643,human1_lib3.final_cell_0447-0,0,acinar,acinar,single_batch
1644,human1_lib3.final_cell_0448-0,4,ductal,ductal,single_batch
1645,human1_lib3.final_cell_0449-0,1,endothelial,endothelial,single_batch
1646,human1_lib3.final_cell_0450-0,0,acinar,acinar,single_batch
1647,human1_lib3.final_cell_0451-0,9,gamma,alpha,single_batch
1648,human1_lib3.final_cell_0452-0,7,beta,beta,single_batch
1649,human1_lib3.final_cell_0453-0,7,beta,beta,single_batch
1650,human1_lib3.final_cell_0454-0,6,quiescent_stellate,quiescent_stellate,single_batch
1651,human1_lib3.final_cell_0455-0,7,beta,beta,single_batch
1652,human1_lib3.final_cell_0456-0,7,beta,beta,single_batch
1653,human1_lib3.final_cell_0457-0,8,epsilon,delta,single_batch
1654,human1_lib3.final_cell_0458-0,7,beta,beta,single_batch
1655,human1_lib3.final_cell_0459-0,9,alpha,alpha,single_batch
1656,human1_lib3.final_cell_0460-0,9,alpha,alpha,single_batch
1657,human1_lib3.final_cell_0461-0,8,delta,delta,single_batch
1658,human1_lib3.final_cell_0462-0,7,beta,beta,single_batch
1659,human1_lib3.final_cell_0463-0,8,epsilon,delta,single_batch
1660,human1_lib3.final_cell_0464-0,7,beta,beta,single_batch
1661,human1_lib3.final_cell_0465-0,9,alpha,alpha,single_batch
1662,human1_lib3.final_cell_0466-0,7,beta,beta,single_batch
1663,human1_lib3.final_cell_0467-0,7,beta,beta,single_batch
1664,human1_lib3.final_cell_0468-0,8,gamma,delta,single_batch
1665,human1_lib3.final_cell_0469-0,4,acinar,ductal,single_batch
1666,human1_lib3.final_cell_0470-0,7,beta,beta,single_batch
1667,human1_lib3.final_cell_0471-0,8,alpha,delta,single_batch
1668,human1_lib3.final_cell_0472-0,7,beta,beta,single_batch
1669,human1_lib3.final_cell_0473-0,9,alpha,alpha,single_batch
1670,human1_lib3.final_cell_0474-0,4,ductal,ductal,single_batch
1671,human1_lib3.final_cell_0475-0,9,alpha,alpha,single_batch
1672,human1_lib3.final_cell_0476-0,7,beta,beta,single_batch
1673,human1_lib3.final_cell_0477-0,7,beta,beta,single_batch
1674,human1_lib3.final_cell_0478-0,8,gamma,delta,single_batch
1675,human1_lib3.final_cell_0479-0,7,beta,beta,single_batch
1676,human1_lib3.final_cell_0480-0,7,beta,beta,single_batch
1677,human1_lib3.final_cell_0481-0,8,delta,delta,single_batch
1678,human1_lib3.final_cell_0482-0,8,delta,delta,single_batch
1679,human1_lib3.final_cell_0483-0,8,delta,delta,single_batch
1680,human1_lib3.final_cell_0484-0,6,quiescent_stellate,quiescent_stellate,single_batch
1681,human1_lib3.final_cell_0485-0,7,beta,beta,single_batch
1682,human1_lib3.final_cell_0486-0,7,beta,beta,single_batch
1683,human1_lib3.final_cell_0487-0,9,alpha,alpha,single_batch
1684,human1_lib3.final_cell_0488-0,7,beta,beta,single_batch
1685,human1_lib3.final_cell_0489-0,9,alpha,alpha,single_batch
1686,human1_lib3.final_cell_0490-0,9,alpha,alpha,single_batch
1687,human1_lib3.final_cell_0491-0,7,beta,beta,single_batch
1688,human1_lib3.final_cell_0492-0,7,beta,beta,single_batch
1689,human1_lib3.final_cell_0493-0,7,beta,beta,single_batch
1690,human1_lib3.final_cell_0494-0,9,alpha,alpha,single_batch
1691,human1_lib3.final_cell_0495-0,7,beta,beta,single_batch
1692,human1_lib3.final_cell_0496-0,7,beta,beta,single_batch
1693,human1_lib3.final_cell_0497-0,6,quiescent_stellate,quiescent_stellate,single_batch
1694,human1_lib3.final_cell_0498-0,9,alpha,alpha,single_batch
1695,human1_lib3.final_cell_0499-0,1,endothelial,endothelial,single_batch
1696,human1_lib3.final_cell_0500-0,8,gamma,delta,single_batch
1697,human1_lib3.final_cell_0501-0,7,beta,beta,single_batch
1698,human1_lib3.final_cell_0502-0,7,beta,beta,single_batch
1699,human1_lib3.final_cell_0503-0,6,quiescent_stellate,quiescent_stellate,single_batch
1700,human1_lib3.final_cell_0504-0,7,beta,beta,single_batch
1701,human1_lib3.final_cell_0505-0,9,alpha,alpha,single_batch
1702,human1_lib3.final_cell_0506-0,8,delta,delta,single_batch
1703,human1_lib3.final_cell_0507-0,7,beta,beta,single_batch
1704,human1_lib3.final_cell_0508-0,0,acinar,acinar,single_batch
1705,human1_lib3.final_cell_0509-0,7,beta,beta,single_batch
1706,human1_lib3.final_cell_0510-0,1,endothelial,endothelial,single_batch
1707,human1_lib3.final_cell_0511-0,1,endothelial,endothelial,single_batch
1708,human1_lib3.final_cell_0512-0,7,beta,beta,single_batch
1709,human1_lib3.final_cell_0513-0,7,beta,beta,single_batch
1710,human1_lib3.final_cell_0514-0,8,alpha,delta,single_batch
1711,human1_lib3.final_cell_0515-0,7,beta,beta,single_batch
1712,human1_lib3.final_cell_0516-0,5,mast,mast,single_batch
1713,human1_lib3.final_cell_0517-0,7,beta,beta,single_batch
1714,human1_lib3.final_cell_0518-0,9,alpha,alpha,single_batch
1715,human1_lib3.final_cell_0519-0,1,endothelial,endothelial,single_batch
1716,human1_lib3.final_cell_0520-0,8,beta,delta,single_batch
1717,human1_lib3.final_cell_0521-0,7,beta,beta,single_batch
1718,human1_lib3.final_cell_0522-0,7,beta,beta,single_batch
1719,human1_lib3.final_cell_0523-0,1,endothelial,endothelial,single_batch
1720,human1_lib3.final_cell_0524-0,8,alpha,delta,single_batch
1721,human1_lib3.final_cell_0525-0,7,beta,beta,single_batch
1722,human1_lib3.final_cell_0526-0,7,beta,beta,single_batch
1723,human1_lib3.final_cell_0527-0,7,beta,beta,single_batch
1724,human1_lib3.final_cell_0528-0,7,beta,beta,single_batch
1725,human1_lib3.final_cell_0529-0,9,alpha,alpha,single_batch
1726,human1_lib3.final_cell_0530-0,5,mast,mast,single_batch
1727,human1_lib3.final_cell_0531-0,8,beta,delta,single_batch
1728,human1_lib3.final_cell_0532-0,8,epsilon,delta,single_batch
1729,human1_lib3.final_cell_0533-0,1,endothelial,endothelial,single_batch
1730,human1_lib3.final_cell_0534-0,6,quiescent_stellate,quiescent_stellate,single_batch
1731,human1_lib3.final_cell_0535-0,9,alpha,alpha,single_batch
1732,human1_lib3.final_cell_0536-0,8,alpha,delta,single_batch
1733,human1_lib3.final_cell_0537-0,8,beta,delta,single_batch
1734,human1_lib3.final_cell_0538-0,7,beta,beta,single_batch
1735,human1_lib3.final_cell_0539-0,0,acinar,acinar,single_batch
1736,human1_lib3.final_cell_0540-0,8,delta,delta,single_batch
1737,human1_lib3.final_cell_0541-0,0,acinar,acinar,single_batch
1738,human1_lib3.final_cell_0542-0,7,beta,beta,single_batch
1739,human1_lib3.final_cell_0543-0,7,beta,beta,single_batch
1740,human1_lib3.final_cell_0544-0,1,endothelial,endothelial,single_batch
1741,human1_lib3.final_cell_0545-0,7,beta,beta,single_batch
1742,human1_lib3.final_cell_0546-0,2,macrophage,macrophage,single_batch
1743,human1_lib3.final_cell_0547-0,0,acinar,acinar,single_batch
1744,human1_lib3.final_cell_0548-0,6,quiescent_stellate,quiescent_stellate,single_batch
1745,human1_lib3.final_cell_0549-0,7,beta,beta,single_batch
1746,human1_lib3.final_cell_0550-0,7,beta,beta,single_batch
1747,human1_lib3.final_cell_0551-0,7,beta,beta,single_batch
1748,human1_lib3.final_cell_0552-0,1,endothelial,endothelial,single_batch
1749,human1_lib3.final_cell_0553-0,7,beta,beta,single_batch
1750,human1_lib3.final_cell_0554-0,7,beta,beta,single_batch
1751,human1_lib3.final_cell_0555-0,4,ductal,ductal,single_batch
1752,human1_lib3.final_cell_0556-0,7,beta,beta,single_batch
1753,human1_lib3.final_cell_0557-0,7,beta,beta,single_batch
1754,human1_lib3.final_cell_0558-0,6,quiescent_stellate,quiescent_stellate,single_batch
1755,human1_lib3.final_cell_0559-0,7,beta,beta,single_batch
1756,human1_lib3.final_cell_0560-0,0,acinar,acinar,single_batch
1757,human1_lib3.final_cell_0561-0,7,beta,beta,single_batch
1758,human1_lib3.final_cell_0562-0,8,delta,delta,single_batch
1759,human1_lib3.final_cell_0563-0,7,beta,beta,single_batch
1760,human1_lib3.final_cell_0564-0,7,beta,beta,single_batch
1761,human1_lib3.final_cell_0565-0,7,beta,beta,single_batch
1762,human1_lib3.final_cell_0566-0,7,beta,beta,single_batch
1763,human1_lib3.final_cell_0567-0,6,quiescent_stellate,quiescent_stellate,single_batch
1764,human1_lib3.final_cell_0568-0,8,alpha,delta,single_batch
1765,human1_lib3.final_cell_0569-0,1,endothelial,endothelial,single_batch
1766,human1_lib3.final_cell_0570-0,7,beta,beta,single_batch
1767,human1_lib3.final_cell_0571-0,8,delta,delta,single_batch
1768,human1_lib3.final_cell_0572-0,8,gamma,delta,single_batch
1769,human1_lib3.final_cell_0573-0,7,beta,beta,single_batch
1770,human1_lib3.final_cell_0574-0,6,quiescent_stellate,quiescent_stellate,single_batch
1771,human1_lib3.final_cell_0575-0,1,endothelial,endothelial,single_batch
1772,human1_lib3.final_cell_0576-0,9,alpha,alpha,single_batch
1773,human1_lib3.final_cell_0577-0,7,beta,beta,single_batch
1774,human1_lib3.final_cell_0578-0,4,ductal,ductal,single_batch
1775,human1_lib3.final_cell_0579-0,7,beta,beta,single_batch
1776,human1_lib3.final_cell_0580-0,7,beta,beta,single_batch
1777,human1_lib3.final_cell_0581-0,7,beta,beta,single_batch
1778,human1_lib3.final_cell_0582-0,6,quiescent_stellate,quiescent_stellate,single_batch
1779,human1_lib3.final_cell_0583-0,7,beta,beta,single_batch
1780,human1_lib3.final_cell_0584-0,8,epsilon,delta,single_batch
1781,human1_lib3.final_cell_0585-0,8,beta,delta,single_batch
1782,human1_lib3.final_cell_0586-0,7,beta,beta,single_batch
1783,human1_lib3.final_cell_0587-0,8,alpha,delta,single_batch
1784,human1_lib3.final_cell_0588-0,7,beta,beta,single_batch
1785,human1_lib3.final_cell_0589-0,1,endothelial,endothelial,single_batch
1786,human1_lib3.final_cell_0590-0,1,endothelial,endothelial,single_batch
1787,human1_lib3.final_cell_0591-0,6,quiescent_stellate,quiescent_stellate,single_batch
1788,human1_lib3.final_cell_0592-0,8,beta,delta,single_batch
1789,human1_lib3.final_cell_0593-0,7,beta,beta,single_batch
1790,human1_lib3.final_cell_0594-0,8,epsilon,delta,single_batch
1791,human1_lib3.final_cell_0595-0,6,quiescent_stellate,quiescent_stellate,single_batch
1792,human1_lib3.final_cell_0596-0,7,beta,beta,single_batch
1793,human1_lib3.final_cell_0597-0,5,mast,mast,single_batch
1794,human1_lib3.final_cell_0598-0,4,ductal,ductal,single_batch
1795,human1_lib3.final_cell_0599-0,8,alpha,delta,single_batch
1796,human1_lib3.final_cell_0600-0,0,acinar,acinar,single_batch
1797,human1_lib3.final_cell_0601-0,0,acinar,acinar,single_batch
1798,human1_lib3.final_cell_0602-0,1,endothelial,endothelial,single_batch
1799,human1_lib3.final_cell_0603-0,4,ductal,ductal,single_batch
1800,human1_lib3.final_cell_0604-0,3,endothelial,activated_stellate,single_batch
1801,human1_lib3.final_cell_0605-0,9,alpha,alpha,single_batch
1802,human1_lib3.final_cell_0606-0,8,delta,delta,single_batch
1803,human1_lib3.final_cell_0607-0,7,beta,beta,single_batch
1804,human1_lib3.final_cell_0608-0,7,beta,beta,single_batch
1805,human1_lib3.final_cell_0609-0,7,beta,beta,single_batch
1806,human1_lib3.final_cell_0610-0,4,ductal,ductal,single_batch
1807,human1_lib3.final_cell_0611-0,6,quiescent_stellate,quiescent_stellate,single_batch
1808,human1_lib3.final_cell_0612-0,7,beta,beta,single_batch
1809,human1_lib3.final_cell_0613-0,2,macrophage,macrophage,single_batch
1810,human1_lib3.final_cell_0614-0,8,delta,delta,single_batch
1811,human1_lib3.final_cell_0615-0,1,endothelial,endothelial,single_batch
1812,human1_lib3.final_cell_0616-0,9,alpha,alpha,single_batch
1813,human1_lib3.final_cell_0617-0,7,beta,beta,single_batch
1814,human1_lib3.final_cell_0618-0,1,endothelial,endothelial,single_batch
1815,human1_lib3.final_cell_0619-0,7,beta,beta,single_batch
1816,human1_lib3.final_cell_0620-0,7,beta,beta,single_batch
1817,human1_lib3.final_cell_0621-0,1,endothelial,endothelial,single_batch
1818,human1_lib3.final_cell_0622-0,8,delta,delta,single_batch
1819,human1_lib3.final_cell_0623-0,4,acinar,ductal,single_batch
1820,human1_lib3.final_cell_0624-0,0,acinar,acinar,single_batch
1821,human1_lib3.final_cell_0625-0,1,endothelial,endothelial,single_batch
1822,human1_lib3.final_cell_0626-0,7,beta,beta,single_batch
1823,human1_lib3.final_cell_0627-0,1,endothelial,endothelial,single_batch
1824,human1_lib3.final_cell_0628-0,0,acinar,acinar,single_batch
1825,human1_lib3.final_cell_0629-0,7,beta,beta,single_batch
1826,human1_lib3.final_cell_0630-0,8,delta,delta,single_batch
1827,human1_lib3.final_cell_0631-0,6,quiescent_stellate,quiescent_stellate,single_batch
1828,human1_lib3.final_cell_0632-0,6,quiescent_stellate,quiescent_stellate,single_batch
1829,human1_lib3.final_cell_0633-0,7,beta,beta,single_batch
1830,human1_lib3.final_cell_0634-0,7,beta,beta,single_batch
1831,human1_lib3.final_cell_0635-0,6,quiescent_stellate,quiescent_stellate,single_batch
1832,human1_lib3.final_cell_0636-0,8,alpha,delta,single_batch
1833,human1_lib3.final_cell_0637-0,6,quiescent_stellate,quiescent_stellate,single_batch
1834,human1_lib3.final_cell_0638-0,6,quiescent_stellate,quiescent_stellate,single_batch
1835,human1_lib3.final_cell_0639-0,7,beta,beta,single_batch
1836,human1_lib3.final_cell_0640-0,6,quiescent_stellate,quiescent_stellate,single_batch
1837,human1_lib3.final_cell_0641-0,3,schwann,activated_stellate,single_batch
1838,human1_lib3.final_cell_0642-0,7,beta,beta,single_batch
1839,human1_lib3.final_cell_0643-0,7,beta,beta,single_batch
1840,human1_lib3.final_cell_0644-0,7,beta,beta,single_batch
1841,human1_lib3.final_cell_0645-0,7,beta,beta,single_batch
1842,human1_lib3.final_cell_0646-0,7,beta,beta,single_batch
1843,human1_lib3.final_cell_0647-0,7,beta,beta,single_batch
1844,human1_lib3.final_cell_0648-0,7,beta,beta,single_batch
1845,human1_lib3.final_cell_0649-0,1,endothelial,endothelial,single_batch
1846,human1_lib3.final_cell_0650-0,4,ductal,ductal,single_batch
1847,human1_lib3.final_cell_0651-0,7,beta,beta,single_batch
1848,human1_lib3.final_cell_0652-0,7,beta,beta,single_batch
1849,human1_lib3.final_cell_0653-0,7,beta,beta,single_batch
1850,human1_lib3.final_cell_0654-0,7,beta,beta,single_batch
1851,human1_lib3.final_cell_0655-0,9,alpha,alpha,single_batch
1852,human1_lib3.final_cell_0656-0,6,quiescent_stellate,quiescent_stellate,single_batch
1853,human1_lib3.final_cell_0657-0,6,quiescent_stellate,quiescent_stellate,single_batch
1854,human1_lib3.final_cell_0658-0,7,beta,beta,single_batch
1855,human1_lib3.final_cell_0659-0,7,beta,beta,single_batch
1856,human1_lib3.final_cell_0660-0,9,alpha,alpha,single_batch
1857,human1_lib3.final_cell_0661-0,4,ductal,ductal,single_batch
1858,human1_lib3.final_cell_0662-0,6,quiescent_stellate,quiescent_stellate,single_batch
1859,human1_lib3.final_cell_0663-0,7,beta,beta,single_batch
1860,human1_lib3.final_cell_0664-0,1,endothelial,endothelial,single_batch
1861,human1_lib3.final_cell_0665-0,8,delta,delta,single_batch
1862,human1_lib3.final_cell_0666-0,7,beta,beta,single_batch
1863,human1_lib3.final_cell_0667-0,7,beta,beta,single_batch
1864,human1_lib3.final_cell_0668-0,8,alpha,delta,single_batch
1865,human1_lib3.final_cell_0669-0,7,beta,beta,single_batch
1866,human1_lib3.final_cell_0670-0,7,beta,beta,single_batch
1867,human1_lib3.final_cell_0671-0,1,endothelial,endothelial,single_batch
1868,human1_lib3.final_cell_0672-0,7,beta,beta,single_batch
1869,human1_lib3.final_cell_0673-0,1,endothelial,endothelial,single_batch
1870,human1_lib3.final_cell_0674-0,9,alpha,alpha,single_batch
1871,human1_lib3.final_cell_0675-0,6,quiescent_stellate,quiescent_stellate,single_batch
1872,human1_lib3.final_cell_0676-0,1,endothelial,endothelial,single_batch
1873,human1_lib3.final_cell_0677-0,9,alpha,alpha,single_batch
1874,human1_lib3.final_cell_0678-0,8,alpha,delta,single_batch
1875,human1_lib3.final_cell_0679-0,4,ductal,ductal,single_batch
1876,human1_lib3.final_cell_0680-0,6,quiescent_stellate,quiescent_stellate,single_batch
1877,human1_lib3.final_cell_0681-0,1,endothelial,endothelial,single_batch
1878,human1_lib3.final_cell_0682-0,7,beta,beta,single_batch
1879,human1_lib3.final_cell_0683-0,8,gamma,delta,single_batch
1880,human1_lib3.final_cell_0684-0,8,epsilon,delta,single_batch
1881,human1_lib3.final_cell_0685-0,3,activated_stellate,activated_stellate,single_batch
1882,human1_lib3.final_cell_0686-0,9,alpha,alpha,single_batch
1883,human1_lib3.final_cell_0687-0,3,activated_stellate,activated_stellate,single_batch
1884,human1_lib3.final_cell_0688-0,7,beta,beta,single_batch
1885,human1_lib3.final_cell_0689-0,7,beta,beta,single_batch
1886,human1_lib3.final_cell_0690-0,5,mast,mast,single_batch
1887,human1_lib3.final_cell_0691-0,3,activated_stellate,activated_stellate,single_batch
1888,human1_lib3.final_cell_0692-0,8,epsilon,delta,single_batch
1889,human1_lib3.final_cell_0693-0,6,quiescent_stellate,quiescent_stellate,single_batch
1890,human1_lib3.final_cell_0694-0,1,endothelial,endothelial,single_batch
1891,human1_lib3.final_cell_0695-0,8,gamma,delta,single_batch
1892,human1_lib3.final_cell_0696-0,7,beta,beta,single_batch
1893,human1_lib3.final_cell_0697-0,6,quiescent_stellate,quiescent_stellate,single_batch
1894,human1_lib3.final_cell_0698-0,6,quiescent_stellate,quiescent_stellate,single_batch
1895,human1_lib3.final_cell_0699-0,8,alpha,delta,single_batch
1896,human1_lib3.final_cell_0700-0,7,beta,beta,single_batch
1897,human1_lib3.final_cell_0701-0,7,beta,beta,single_batch
1898,human1_lib3.final_cell_0702-0,7,beta,beta,single_batch
1899,human1_lib3.final_cell_0703-0,7,beta,beta,single_batch
1900,human1_lib3.final_cell_0704-0,5,t_cell,mast,single_batch
1901,human1_lib3.final_cell_0705-0,7,beta,beta,single_batch
1902,human1_lib3.final_cell_0706-0,7,beta,beta,single_batch
1903,human1_lib3.final_cell_0707-0,7,beta,beta,single_batch
1904,human1_lib3.final_cell_0708-0,8,alpha,delta,single_batch
1905,human1_lib3.final_cell_0709-0,7,beta,beta,single_batch
1906,human1_lib3.final_cell_0710-0,1,endothelial,endothelial,single_batch
1907,human1_lib3.final_cell_0711-0,1,endothelial,endothelial,single_batch
1908,human1_lib3.final_cell_0712-0,5,mast,mast,single_batch
1909,human1_lib3.final_cell_0713-0,7,beta,beta,single_batch
1910,human1_lib3.final_cell_0714-0,6,quiescent_stellate,quiescent_stellate,single_batch
1911,human1_lib3.final_cell_0715-0,7,beta,beta,single_batch
1912,human1_lib3.final_cell_0716-0,7,beta,beta,single_batch
1913,human1_lib3.final_cell_0717-0,7,beta,beta,single_batch
1914,human1_lib3.final_cell_0718-0,7,beta,beta,single_batch
1915,human1_lib3.final_cell_0719-0,7,beta,beta,single_batch
1916,human1_lib3.final_cell_0720-0,1,endothelial,endothelial,single_batch
1917,human1_lib3.final_cell_0721-0,5,t_cell,mast,single_batch
1918,human1_lib3.final_cell_0722-0,4,ductal,ductal,single_batch
1919,human1_lib3.final_cell_0723-0,3,quiescent_stellate,activated_stellate,single_batch
1920,human1_lib3.final_cell_0724-0,7,beta,beta,single_batch
1921,human1_lib3.final_cell_0725-0,7,beta,beta,single_batch
1922,human1_lib3.final_cell_0726-0,6,quiescent_stellate,quiescent_stellate,single_batch
1923,human1_lib3.final_cell_0727-0,6,quiescent_stellate,quiescent_stellate,single_batch
1924,human1_lib3.final_cell_0728-0,6,quiescent_stellate,quiescent_stellate,single_batch
1925,human1_lib3.final_cell_0729-0,7,beta,beta,single_batch
1926,human1_lib3.final_cell_0730-0,7,beta,beta,single_batch
1927,human1_lib3.final_cell_0731-0,8,alpha,delta,single_batch
1928,human1_lib3.final_cell_0732-0,7,beta,beta,single_batch
1929,human1_lib3.final_cell_0733-0,7,beta,beta,single_batch
1930,human1_lib3.final_cell_0734-0,7,beta,beta,single_batch
1931,human1_lib3.final_cell_0735-0,9,alpha,alpha,single_batch
1932,human1_lib3.final_cell_0736-0,1,endothelial,endothelial,single_batch
1933,human1_lib3.final_cell_0737-0,7,beta,beta,single_batch
1934,human1_lib3.final_cell_0738-0,1,endothelial,endothelial,single_batch
1935,human1_lib3.final_cell_0739-0,7,beta,beta,single_batch
1936,human1_lib3.final_cell_0740-0,6,quiescent_stellate,quiescent_stellate,single_batch
