cell_index,scraw_reconstruction_weight,cell_id
0,1.541144609451294,human1_lib1.final_cell_0001-0
1,1.6175894737243652,human1_lib1.final_cell_0002-0
2,1.3858532905578613,human1_lib1.final_cell_0003-0
3,1.835459589958191,human1_lib1.final_cell_0004-0
4,1.8627475500106812,human1_lib1.final_cell_0005-0
5,1.3333086967468262,human1_lib1.final_cell_0006-0
6,0.5024577379226685,human1_lib1.final_cell_0007-0
7,1.3421249389648438,human1_lib1.final_cell_0008-0
8,1.9556325674057007,human1_lib1.final_cell_0009-0
9,1.31895112991333,human1_lib1.final_cell_0010-0
10,1.4297797679901123,human1_lib1.final_cell_0011-0
11,1.3173978328704834,human1_lib1.final_cell_0012-0
12,0.5404046177864075,human1_lib1.final_cell_0013-0
13,0.49053865671157837,human1_lib1.final_cell_0014-0
14,0.4412235915660858,human1_lib1.final_cell_0015-0
15,2.728938341140747,human1_lib1.final_cell_0016-0
16,0.4232386350631714,human1_lib1.final_cell_0017-0
17,1.5566143989562988,human1_lib1.final_cell_0018-0
18,2.0901315212249756,human1_lib1.final_cell_0019-0
19,0.41672760248184204,human1_lib1.final_cell_0020-0
20,0.3845422863960266,human1_lib1.final_cell_0021-0
21,0.6116410493850708,human1_lib1.final_cell_0022-0
22,1.9002656936645508,human1_lib1.final_cell_0023-0
23,0.39164847135543823,human1_lib1.final_cell_0024-0
24,0.5913106203079224,human1_lib1.final_cell_0025-0
25,0.5865452289581299,human1_lib1.final_cell_0026-0
26,0.3845422863960266,human1_lib1.final_cell_0027-0
27,2.4253878593444824,human1_lib1.final_cell_0028-0
28,2.003734588623047,human1_lib1.final_cell_0029-0
29,0.3845422863960266,human1_lib1.final_cell_0030-0
30,0.7875916361808777,human1_lib1.final_cell_0031-0
31,0.5785980224609375,human1_lib1.final_cell_0032-0
32,0.7046263217926025,human1_lib1.final_cell_0033-0
33,1.0422754287719727,human1_lib1.final_cell_0034-0
34,0.38561737537384033,human1_lib1.final_cell_0035-0
35,1.6635750532150269,human1_lib1.final_cell_0036-0
36,0.38501423597335815,human1_lib1.final_cell_0037-0
37,0.3845422863960266,human1_lib1.final_cell_0038-0
38,0.4512825608253479,human1_lib1.final_cell_0039-0
39,0.5967558026313782,human1_lib1.final_cell_0040-0
40,2.187718629837036,human1_lib1.final_cell_0041-0
41,0.3845422863960266,human1_lib1.final_cell_0042-0
42,0.5885795950889587,human1_lib1.final_cell_0043-0
43,2.728938341140747,human1_lib1.final_cell_0044-0
44,2.728938341140747,human1_lib1.final_cell_0045-0
45,2.5773792266845703,human1_lib1.final_cell_0046-0
46,1.25654935836792,human1_lib1.final_cell_0047-0
47,2.5546066761016846,human1_lib1.final_cell_0048-0
48,0.5125263929367065,human1_lib1.final_cell_0049-0
49,0.3845422863960266,human1_lib1.final_cell_0050-0
50,0.4803943932056427,human1_lib1.final_cell_0051-0
51,0.5552680492401123,human1_lib1.final_cell_0052-0
52,1.3746358156204224,human1_lib1.final_cell_0053-0
53,0.3845422863960266,human1_lib1.final_cell_0054-0
54,0.3845422863960266,human1_lib1.final_cell_0055-0
55,2.534712314605713,human1_lib1.final_cell_0056-0
56,0.4440416991710663,human1_lib1.final_cell_0057-0
57,0.3845422863960266,human1_lib1.final_cell_0058-0
58,0.38843539357185364,human1_lib1.final_cell_0059-0
59,0.5209532380104065,human1_lib1.final_cell_0060-0
60,1.4419597387313843,human1_lib1.final_cell_0061-0
61,0.5153125524520874,human1_lib1.final_cell_0062-0
62,0.575056791305542,human1_lib1.final_cell_0063-0
63,2.288738965988159,human1_lib1.final_cell_0064-0
64,2.288738965988159,human1_lib1.final_cell_0065-0
65,1.3687623739242554,human1_lib1.final_cell_0066-0
66,0.43561065196990967,human1_lib1.final_cell_0067-0
67,0.3845422863960266,human1_lib1.final_cell_0068-0
68,0.4525778293609619,human1_lib1.final_cell_0069-0
69,0.49565446376800537,human1_lib1.final_cell_0070-0
70,0.7424759268760681,human1_lib1.final_cell_0071-0
71,0.5597758293151855,human1_lib1.final_cell_0072-0
72,0.4169059097766876,human1_lib1.final_cell_0073-0
73,0.9865509867668152,human1_lib1.final_cell_0074-0
74,0.408006876707077,human1_lib1.final_cell_0075-0
75,0.3845422863960266,human1_lib1.final_cell_0076-0
76,0.5982011556625366,human1_lib1.final_cell_0077-0
77,0.5751919746398926,human1_lib1.final_cell_0078-0
78,0.3845422863960266,human1_lib1.final_cell_0079-0
79,0.7601382732391357,human1_lib1.final_cell_0080-0
80,0.3845422863960266,human1_lib1.final_cell_0081-0
81,0.3845422863960266,human1_lib1.final_cell_0082-0
82,0.3845422863960266,human1_lib1.final_cell_0083-0
83,1.2606205940246582,human1_lib1.final_cell_0084-0
84,2.4487242698669434,human1_lib1.final_cell_0085-0
85,0.46332356333732605,human1_lib1.final_cell_0086-0
86,0.5914660692214966,human1_lib1.final_cell_0087-0
87,0.38994336128234863,human1_lib1.final_cell_0088-0
88,0.41053885221481323,human1_lib1.final_cell_0089-0
89,0.3845422863960266,human1_lib1.final_cell_0090-0
90,0.5302124619483948,human1_lib1.final_cell_0091-0
91,0.3845422863960266,human1_lib1.final_cell_0092-0
92,0.3845422863960266,human1_lib1.final_cell_0093-0
93,0.9217130541801453,human1_lib1.final_cell_0094-0
94,0.3845422863960266,human1_lib1.final_cell_0095-0
95,1.1564944982528687,human1_lib1.final_cell_0096-0
96,0.4761064052581787,human1_lib1.final_cell_0097-0
97,0.7846770882606506,human1_lib1.final_cell_0098-0
98,0.8365808129310608,human1_lib1.final_cell_0099-0
99,0.3845422863960266,human1_lib1.final_cell_0100-0
100,0.5906943678855896,human1_lib1.final_cell_0101-0
101,0.5935646295547485,human1_lib1.final_cell_0102-0
102,0.8859085440635681,human1_lib1.final_cell_0103-0
103,0.5927250981330872,human1_lib1.final_cell_0104-0
104,0.40814435482025146,human1_lib1.final_cell_0105-0
105,0.4361228048801422,human1_lib1.final_cell_0106-0
106,0.5765274167060852,human1_lib1.final_cell_0107-0
107,0.40253040194511414,human1_lib1.final_cell_0108-0
108,1.8834549188613892,human1_lib1.final_cell_0109-0
109,0.6978471279144287,human1_lib1.final_cell_0110-0
110,0.3845422863960266,human1_lib1.final_cell_0111-0
111,0.42677292227745056,human1_lib1.final_cell_0112-0
112,0.7382709980010986,human1_lib1.final_cell_0113-0
113,0.42940428853034973,human1_lib1.final_cell_0114-0
114,0.3845422863960266,human1_lib1.final_cell_0115-0
115,0.3845422863960266,human1_lib1.final_cell_0116-0
116,0.5726290941238403,human1_lib1.final_cell_0117-0
117,0.4333781898021698,human1_lib1.final_cell_0118-0
118,0.5966582894325256,human1_lib1.final_cell_0119-0
119,0.3845422863960266,human1_lib1.final_cell_0120-0
120,0.44873636960983276,human1_lib1.final_cell_0121-0
121,0.4134293496608734,human1_lib1.final_cell_0122-0
122,0.8786511421203613,human1_lib1.final_cell_0123-0
123,0.3845422863960266,human1_lib1.final_cell_0124-0
124,0.3845422863960266,human1_lib1.final_cell_0125-0
125,0.518746554851532,human1_lib1.final_cell_0126-0
126,0.9253135323524475,human1_lib1.final_cell_0127-0
127,0.3949114680290222,human1_lib1.final_cell_0128-0
128,0.718805730342865,human1_lib1.final_cell_0129-0
129,0.3845422863960266,human1_lib1.final_cell_0130-0
130,0.9550041556358337,human1_lib1.final_cell_0131-0
131,0.6957435011863708,human1_lib1.final_cell_0132-0
132,0.3961702287197113,human1_lib1.final_cell_0133-0
133,1.5295275449752808,human1_lib1.final_cell_0134-0
134,0.4978797435760498,human1_lib1.final_cell_0135-0
135,0.3845422863960266,human1_lib1.final_cell_0136-0
136,0.3845422863960266,human1_lib1.final_cell_0137-0
137,0.48769450187683105,human1_lib1.final_cell_0138-0
138,0.43846938014030457,human1_lib1.final_cell_0139-0
139,0.887620747089386,human1_lib1.final_cell_0140-0
140,0.6160356402397156,human1_lib1.final_cell_0141-0
141,0.3845422863960266,human1_lib1.final_cell_0142-0
142,0.5060822367668152,human1_lib1.final_cell_0143-0
143,0.9935681819915771,human1_lib1.final_cell_0144-0
144,0.3845422863960266,human1_lib1.final_cell_0145-0
145,0.9145780801773071,human1_lib1.final_cell_0146-0
146,0.72162264585495,human1_lib1.final_cell_0147-0
147,1.6179380416870117,human1_lib1.final_cell_0148-0
148,1.7262948751449585,human1_lib1.final_cell_0149-0
149,0.3845422863960266,human1_lib1.final_cell_0150-0
150,0.3845422863960266,human1_lib1.final_cell_0151-0
151,0.43680375814437866,human1_lib1.final_cell_0152-0
152,0.3845422863960266,human1_lib1.final_cell_0153-0
153,0.4604824185371399,human1_lib1.final_cell_0154-0
154,0.43834641575813293,human1_lib1.final_cell_0155-0
155,2.105855941772461,human1_lib1.final_cell_0156-0
156,0.41084375977516174,human1_lib1.final_cell_0157-0
157,0.500450611114502,human1_lib1.final_cell_0158-0
158,1.2490922212600708,human1_lib1.final_cell_0159-0
159,0.4085724949836731,human1_lib1.final_cell_0160-0
160,0.575668215751648,human1_lib1.final_cell_0161-0
161,0.3845422863960266,human1_lib1.final_cell_0162-0
162,0.7984451651573181,human1_lib1.final_cell_0163-0
163,0.3845422863960266,human1_lib1.final_cell_0164-0
164,0.5196155309677124,human1_lib1.final_cell_0165-0
165,0.3845422863960266,human1_lib1.final_cell_0166-0
166,0.4179469048976898,human1_lib1.final_cell_0167-0
167,0.39275693893432617,human1_lib1.final_cell_0168-0
168,0.3845422863960266,human1_lib1.final_cell_0169-0
169,0.3845422863960266,human1_lib1.final_cell_0170-0
170,1.3651360273361206,human1_lib1.final_cell_0171-0
171,0.6228296160697937,human1_lib1.final_cell_0172-0
172,1.1895637512207031,human1_lib1.final_cell_0173-0
173,0.5254673361778259,human1_lib1.final_cell_0174-0
174,0.3845422863960266,human1_lib1.final_cell_0175-0
175,0.3845422863960266,human1_lib1.final_cell_0176-0
176,1.4226582050323486,human1_lib1.final_cell_0177-0
177,0.5756062269210815,human1_lib1.final_cell_0178-0
178,0.3845422863960266,human1_lib1.final_cell_0179-0
179,0.9402936697006226,human1_lib1.final_cell_0180-0
180,0.396619588136673,human1_lib1.final_cell_0181-0
181,1.4658676385879517,human1_lib1.final_cell_0182-0
182,0.6221880912780762,human1_lib1.final_cell_0183-0
183,0.3845422863960266,human1_lib1.final_cell_0184-0
184,0.6293928027153015,human1_lib1.final_cell_0185-0
185,0.385148823261261,human1_lib1.final_cell_0186-0
186,0.5028949975967407,human1_lib1.final_cell_0187-0
187,2.356671094894409,human1_lib1.final_cell_0188-0
188,0.4698973596096039,human1_lib1.final_cell_0189-0
189,0.3845422863960266,human1_lib1.final_cell_0190-0
190,0.9132767915725708,human1_lib1.final_cell_0191-0
191,0.5951804518699646,human1_lib1.final_cell_0192-0
192,0.3845422863960266,human1_lib1.final_cell_0193-0
193,0.3845422863960266,human1_lib1.final_cell_0194-0
194,0.5249544978141785,human1_lib1.final_cell_0195-0
195,0.3845422863960266,human1_lib1.final_cell_0196-0
196,0.9216369390487671,human1_lib1.final_cell_0197-0
197,0.6628365516662598,human1_lib1.final_cell_0198-0
198,0.3845422863960266,human1_lib1.final_cell_0199-0
199,0.39185288548469543,human1_lib1.final_cell_0200-0
200,0.644620418548584,human1_lib1.final_cell_0201-0
201,0.5402969717979431,human1_lib1.final_cell_0202-0
202,1.5527008771896362,human1_lib1.final_cell_0203-0
203,0.4518098831176758,human1_lib1.final_cell_0204-0
204,0.5628271102905273,human1_lib1.final_cell_0205-0
205,1.2291418313980103,human1_lib1.final_cell_0206-0
206,1.7060660123825073,human1_lib1.final_cell_0207-0
207,1.0574473142623901,human1_lib1.final_cell_0208-0
208,1.5897878408432007,human1_lib1.final_cell_0209-0
209,0.4881307780742645,human1_lib1.final_cell_0210-0
210,0.3845422863960266,human1_lib1.final_cell_0211-0
211,0.7078631520271301,human1_lib1.final_cell_0212-0
212,1.6818734407424927,human1_lib1.final_cell_0213-0
213,0.4960070252418518,human1_lib1.final_cell_0214-0
214,2.5141983032226562,human1_lib1.final_cell_0215-0
215,1.5812015533447266,human1_lib1.final_cell_0216-0
216,1.8957997560501099,human1_lib1.final_cell_0217-0
217,2.5247082710266113,human1_lib1.final_cell_0218-0
218,2.305290699005127,human1_lib1.final_cell_0219-0
219,0.3845422863960266,human1_lib1.final_cell_0220-0
220,0.49793151021003723,human1_lib1.final_cell_0221-0
221,1.3225191831588745,human1_lib1.final_cell_0222-0
222,0.3845422863960266,human1_lib1.final_cell_0223-0
223,0.3845422863960266,human1_lib1.final_cell_0224-0
224,0.3845422863960266,human1_lib1.final_cell_0225-0
225,0.6475264430046082,human1_lib1.final_cell_0226-0
226,0.3845422863960266,human1_lib1.final_cell_0227-0
227,0.4204597771167755,human1_lib1.final_cell_0228-0
228,0.7090510129928589,human1_lib1.final_cell_0229-0
229,1.5013785362243652,human1_lib1.final_cell_0230-0
230,0.6923235058784485,human1_lib1.final_cell_0231-0
231,0.555250346660614,human1_lib1.final_cell_0232-0
232,0.4789590835571289,human1_lib1.final_cell_0233-0
233,0.38964927196502686,human1_lib1.final_cell_0234-0
234,0.4693901836872101,human1_lib1.final_cell_0235-0
235,0.7170461416244507,human1_lib1.final_cell_0236-0
236,2.1371448040008545,human1_lib1.final_cell_0237-0
237,0.5689957737922668,human1_lib1.final_cell_0238-0
238,0.3845422863960266,human1_lib1.final_cell_0239-0
239,0.642480194568634,human1_lib1.final_cell_0240-0
240,0.3845422863960266,human1_lib1.final_cell_0241-0
241,2.2491555213928223,human1_lib1.final_cell_0242-0
242,0.39451494812965393,human1_lib1.final_cell_0243-0
243,1.5612913370132446,human1_lib1.final_cell_0244-0
244,0.49408426880836487,human1_lib1.final_cell_0245-0
245,0.4781947433948517,human1_lib1.final_cell_0246-0
246,0.38608768582344055,human1_lib1.final_cell_0247-0
247,0.7510948777198792,human1_lib1.final_cell_0248-0
248,1.9226360321044922,human1_lib1.final_cell_0249-0
249,2.356671094894409,human1_lib1.final_cell_0250-0
250,0.542291522026062,human1_lib1.final_cell_0251-0
251,0.6633935570716858,human1_lib1.final_cell_0252-0
252,0.3845422863960266,human1_lib1.final_cell_0253-0
253,0.6006247997283936,human1_lib1.final_cell_0254-0
254,1.0049562454223633,human1_lib1.final_cell_0255-0
255,0.7643076777458191,human1_lib1.final_cell_0256-0
256,0.7573224306106567,human1_lib1.final_cell_0257-0
257,0.4472961723804474,human1_lib1.final_cell_0258-0
258,0.3845422863960266,human1_lib1.final_cell_0259-0
259,0.3845422863960266,human1_lib1.final_cell_0260-0
260,1.6465277671813965,human1_lib1.final_cell_0261-0
261,1.4450218677520752,human1_lib1.final_cell_0262-0
262,0.47755196690559387,human1_lib1.final_cell_0263-0
263,0.3845422863960266,human1_lib1.final_cell_0264-0
264,0.7187296748161316,human1_lib1.final_cell_0265-0
265,0.3845422863960266,human1_lib1.final_cell_0266-0
266,0.3875264823436737,human1_lib1.final_cell_0267-0
267,0.4056825637817383,human1_lib1.final_cell_0268-0
268,2.261606216430664,human1_lib1.final_cell_0269-0
269,0.661308765411377,human1_lib1.final_cell_0270-0
270,0.739458441734314,human1_lib1.final_cell_0271-0
271,1.008804440498352,human1_lib1.final_cell_0272-0
272,2.356671094894409,human1_lib1.final_cell_0273-0
273,0.7629322409629822,human1_lib1.final_cell_0274-0
274,0.5440848469734192,human1_lib1.final_cell_0275-0
275,0.3845422863960266,human1_lib1.final_cell_0276-0
276,0.8606237173080444,human1_lib1.final_cell_0277-0
277,2.2642223834991455,human1_lib1.final_cell_0278-0
278,0.5798875093460083,human1_lib1.final_cell_0279-0
279,1.8678804636001587,human1_lib1.final_cell_0280-0
280,0.5122920274734497,human1_lib1.final_cell_0281-0
281,0.790899932384491,human1_lib1.final_cell_0282-0
282,0.5094499588012695,human1_lib1.final_cell_0283-0
283,2.0776474475860596,human1_lib1.final_cell_0284-0
284,1.0432319641113281,human1_lib1.final_cell_0285-0
285,0.7490919232368469,human1_lib1.final_cell_0286-0
286,0.5494628548622131,human1_lib1.final_cell_0287-0
287,2.288738965988159,human1_lib1.final_cell_0288-0
288,2.356671094894409,human1_lib1.final_cell_0289-0
289,0.4061030149459839,human1_lib1.final_cell_0290-0
290,0.3845422863960266,human1_lib1.final_cell_0291-0
291,0.4990640878677368,human1_lib1.final_cell_0292-0
292,0.41888710856437683,human1_lib1.final_cell_0293-0
293,0.3845422863960266,human1_lib1.final_cell_0294-0
294,0.3845422863960266,human1_lib1.final_cell_0295-0
295,0.3845422863960266,human1_lib1.final_cell_0296-0
296,0.4178602695465088,human1_lib1.final_cell_0297-0
297,0.40582364797592163,human1_lib1.final_cell_0298-0
298,0.3845422863960266,human1_lib1.final_cell_0299-0
299,0.9798562526702881,human1_lib1.final_cell_0300-0
300,0.9242713451385498,human1_lib1.final_cell_0301-0
301,2.728938341140747,human1_lib1.final_cell_0302-0
302,0.3845422863960266,human1_lib1.final_cell_0303-0
303,0.4030386209487915,human1_lib1.final_cell_0304-0
304,0.40601181983947754,human1_lib1.final_cell_0305-0
305,0.440473735332489,human1_lib1.final_cell_0306-0
306,0.4054412245750427,human1_lib1.final_cell_0307-0
307,0.8950543999671936,human1_lib1.final_cell_0308-0
308,1.5405362844467163,human1_lib1.final_cell_0309-0
309,0.5327149629592896,human1_lib1.final_cell_0310-0
310,0.3953729569911957,human1_lib1.final_cell_0311-0
311,0.40434715151786804,human1_lib1.final_cell_0312-0
312,0.859043300151825,human1_lib1.final_cell_0313-0
313,0.4501066505908966,human1_lib1.final_cell_0314-0
314,1.5149683952331543,human1_lib1.final_cell_0315-0
315,0.3845422863960266,human1_lib1.final_cell_0316-0
316,0.3845422863960266,human1_lib1.final_cell_0317-0
317,0.39716967940330505,human1_lib1.final_cell_0318-0
318,2.0785608291625977,human1_lib1.final_cell_0319-0
319,0.3845422863960266,human1_lib1.final_cell_0320-0
320,0.5206572413444519,human1_lib1.final_cell_0321-0
321,0.48852550983428955,human1_lib1.final_cell_0322-0
322,1.2675960063934326,human1_lib1.final_cell_0323-0
323,0.5383815169334412,human1_lib1.final_cell_0324-0
324,1.965977430343628,human1_lib1.final_cell_0325-0
325,1.032568335533142,human1_lib1.final_cell_0326-0
326,0.8248721957206726,human1_lib1.final_cell_0327-0
327,0.3855229616165161,human1_lib1.final_cell_0328-0
328,0.7009158134460449,human1_lib1.final_cell_0329-0
329,1.6569256782531738,human1_lib1.final_cell_0330-0
330,0.41807642579078674,human1_lib1.final_cell_0331-0
331,0.728924572467804,human1_lib1.final_cell_0332-0
332,0.4212278425693512,human1_lib1.final_cell_0333-0
333,0.6207641959190369,human1_lib1.final_cell_0334-0
334,0.5977937579154968,human1_lib1.final_cell_0335-0
335,0.41616585850715637,human1_lib1.final_cell_0336-0
336,0.5831186175346375,human1_lib1.final_cell_0337-0
337,0.5332198739051819,human1_lib1.final_cell_0338-0
338,0.39875009655952454,human1_lib1.final_cell_0339-0
339,0.3845422863960266,human1_lib1.final_cell_0340-0
340,0.3845422863960266,human1_lib1.final_cell_0341-0
341,1.6977535486221313,human1_lib1.final_cell_0342-0
342,1.4255417585372925,human1_lib1.final_cell_0343-0
343,0.3899660110473633,human1_lib1.final_cell_0344-0
344,1.2687733173370361,human1_lib1.final_cell_0345-0
345,0.3924618363380432,human1_lib1.final_cell_0346-0
346,0.3845422863960266,human1_lib1.final_cell_0347-0
347,0.6356710195541382,human1_lib1.final_cell_0348-0
348,0.5085812211036682,human1_lib1.final_cell_0349-0
349,2.2235255241394043,human1_lib1.final_cell_0350-0
350,0.3944862186908722,human1_lib1.final_cell_0351-0
351,1.0569089651107788,human1_lib1.final_cell_0352-0
352,0.3845422863960266,human1_lib1.final_cell_0353-0
353,0.9478685259819031,human1_lib1.final_cell_0354-0
354,2.3518598079681396,human1_lib1.final_cell_0355-0
355,0.3845422863960266,human1_lib1.final_cell_0356-0
356,0.4748398959636688,human1_lib1.final_cell_0357-0
357,2.728938341140747,human1_lib1.final_cell_0358-0
358,0.3845422863960266,human1_lib1.final_cell_0359-0
359,1.9946458339691162,human1_lib1.final_cell_0360-0
360,2.027900457382202,human1_lib1.final_cell_0361-0
361,0.7997738122940063,human1_lib1.final_cell_0362-0
362,0.4025852382183075,human1_lib1.final_cell_0363-0
363,0.3845422863960266,human1_lib1.final_cell_0364-0
364,0.5873177647590637,human1_lib1.final_cell_0365-0
365,0.6937901377677917,human1_lib1.final_cell_0366-0
366,0.737214207649231,human1_lib1.final_cell_0367-0
367,0.44516900181770325,human1_lib1.final_cell_0368-0
368,0.566469669342041,human1_lib1.final_cell_0369-0
369,0.47050902247428894,human1_lib1.final_cell_0370-0
370,1.6788002252578735,human1_lib1.final_cell_0371-0
371,1.5955857038497925,human1_lib1.final_cell_0372-0
372,0.8361689448356628,human1_lib1.final_cell_0373-0
373,1.6171132326126099,human1_lib1.final_cell_0374-0
374,1.7269139289855957,human1_lib1.final_cell_0375-0
375,2.356671094894409,human1_lib1.final_cell_0376-0
376,0.9948768615722656,human1_lib1.final_cell_0377-0
377,0.44598937034606934,human1_lib1.final_cell_0378-0
378,0.3845422863960266,human1_lib1.final_cell_0379-0
379,2.2448904514312744,human1_lib1.final_cell_0380-0
380,0.524618923664093,human1_lib1.final_cell_0381-0
381,1.4379723072052002,human1_lib1.final_cell_0382-0
382,1.8476221561431885,human1_lib1.final_cell_0383-0
383,2.356671094894409,human1_lib1.final_cell_0384-0
384,0.6772083640098572,human1_lib1.final_cell_0385-0
385,0.4277906119823456,human1_lib1.final_cell_0386-0
386,0.3845422863960266,human1_lib1.final_cell_0387-0
387,0.8810096383094788,human1_lib1.final_cell_0388-0
388,0.3845422863960266,human1_lib1.final_cell_0389-0
389,1.1129608154296875,human1_lib1.final_cell_0390-0
390,0.39566028118133545,human1_lib1.final_cell_0391-0
391,0.3845422863960266,human1_lib1.final_cell_0392-0
392,0.3845422863960266,human1_lib1.final_cell_0393-0
393,0.5447210669517517,human1_lib1.final_cell_0394-0
394,0.39044466614723206,human1_lib1.final_cell_0395-0
395,0.6479624509811401,human1_lib1.final_cell_0396-0
396,0.3845422863960266,human1_lib1.final_cell_0397-0
397,2.4609620571136475,human1_lib1.final_cell_0398-0
398,2.728938341140747,human1_lib1.final_cell_0399-0
399,0.3845422863960266,human1_lib1.final_cell_0400-0
400,2.09104323387146,human1_lib1.final_cell_0401-0
401,0.8851836323738098,human1_lib1.final_cell_0402-0
402,1.103316307067871,human1_lib1.final_cell_0403-0
403,1.8497681617736816,human1_lib1.final_cell_0404-0
404,0.3845422863960266,human1_lib1.final_cell_0405-0
405,0.530123770236969,human1_lib1.final_cell_0406-0
406,2.1901893615722656,human1_lib1.final_cell_0407-0
407,2.1673035621643066,human1_lib1.final_cell_0408-0
408,0.4488321840763092,human1_lib1.final_cell_0409-0
409,2.227405548095703,human1_lib1.final_cell_0410-0
410,1.8345389366149902,human1_lib1.final_cell_0411-0
411,2.1435177326202393,human1_lib1.final_cell_0412-0
412,1.6756911277770996,human1_lib1.final_cell_0413-0
413,0.708118736743927,human1_lib1.final_cell_0414-0
414,0.7788704037666321,human1_lib1.final_cell_0415-0
415,0.7790310978889465,human1_lib1.final_cell_0416-0
416,2.288738965988159,human1_lib1.final_cell_0417-0
417,2.288738965988159,human1_lib1.final_cell_0418-0
418,2.1946921348571777,human1_lib1.final_cell_0419-0
419,2.356671094894409,human1_lib1.final_cell_0420-0
420,0.7689027190208435,human1_lib1.final_cell_0421-0
421,2.336257219314575,human1_lib1.final_cell_0422-0
422,1.9896103143692017,human1_lib1.final_cell_0423-0
423,0.40302231907844543,human1_lib1.final_cell_0424-0
424,0.3887556493282318,human1_lib1.final_cell_0425-0
425,0.8975923657417297,human1_lib1.final_cell_0426-0
426,1.239375114440918,human1_lib1.final_cell_0427-0
427,2.288738965988159,human1_lib1.final_cell_0428-0
428,0.5725243091583252,human1_lib1.final_cell_0429-0
429,1.9323762655258179,human1_lib1.final_cell_0430-0
430,0.7291164994239807,human1_lib1.final_cell_0431-0
431,1.8770209550857544,human1_lib1.final_cell_0432-0
432,0.8116058707237244,human1_lib1.final_cell_0433-0
433,0.4290849566459656,human1_lib1.final_cell_0434-0
434,0.8815145492553711,human1_lib1.final_cell_0435-0
435,2.1557953357696533,human1_lib1.final_cell_0436-0
436,1.7819488048553467,human1_lib1.final_cell_0437-0
437,0.41081202030181885,human1_lib1.final_cell_0438-0
438,0.40290993452072144,human1_lib1.final_cell_0439-0
439,1.7801270484924316,human1_lib1.final_cell_0440-0
440,0.3845422863960266,human1_lib1.final_cell_0441-0
441,0.3993450701236725,human1_lib1.final_cell_0442-0
442,1.622981309890747,human1_lib1.final_cell_0443-0
443,1.6929714679718018,human1_lib1.final_cell_0444-0
444,2.356671094894409,human1_lib1.final_cell_0445-0
445,0.5845168232917786,human1_lib1.final_cell_0446-0
446,1.171449899673462,human1_lib1.final_cell_0447-0
447,0.39066797494888306,human1_lib1.final_cell_0448-0
448,1.739741325378418,human1_lib1.final_cell_0449-0
449,2.6078498363494873,human1_lib1.final_cell_0450-0
450,0.43689191341400146,human1_lib1.final_cell_0451-0
451,2.254159688949585,human1_lib1.final_cell_0452-0
452,1.387967824935913,human1_lib1.final_cell_0453-0
453,0.6770299077033997,human1_lib1.final_cell_0454-0
454,1.935848593711853,human1_lib1.final_cell_0455-0
455,2.27336049079895,human1_lib1.final_cell_0456-0
456,1.9994032382965088,human1_lib1.final_cell_0457-0
457,1.0566171407699585,human1_lib1.final_cell_0458-0
458,2.1119706630706787,human1_lib1.final_cell_0459-0
459,1.1052939891815186,human1_lib1.final_cell_0460-0
460,2.3362185955047607,human1_lib1.final_cell_0461-0
461,0.4504360854625702,human1_lib1.final_cell_0462-0
462,2.0972542762756348,human1_lib1.final_cell_0463-0
463,2.2818679809570312,human1_lib1.final_cell_0464-0
464,0.3845422863960266,human1_lib1.final_cell_0465-0
465,1.2348393201828003,human1_lib1.final_cell_0466-0
466,0.7787213921546936,human1_lib1.final_cell_0467-0
467,0.4837633967399597,human1_lib1.final_cell_0468-0
468,0.5350195169448853,human1_lib1.final_cell_0469-0
469,0.3940880596637726,human1_lib1.final_cell_0470-0
470,1.3684879541397095,human1_lib1.final_cell_0471-0
471,0.46975868940353394,human1_lib1.final_cell_0472-0
472,0.4212813973426819,human1_lib1.final_cell_0473-0
473,0.47012460231781006,human1_lib1.final_cell_0474-0
474,0.4027180075645447,human1_lib1.final_cell_0475-0
475,0.7108418941497803,human1_lib1.final_cell_0476-0
476,1.6193710565567017,human1_lib1.final_cell_0477-0
477,0.4249582290649414,human1_lib1.final_cell_0478-0
478,0.7617896199226379,human1_lib1.final_cell_0479-0
479,0.4437623620033264,human1_lib1.final_cell_0480-0
480,0.7281150221824646,human1_lib1.final_cell_0481-0
481,0.3845422863960266,human1_lib1.final_cell_0482-0
482,0.3845422863960266,human1_lib1.final_cell_0483-0
483,0.5790056586265564,human1_lib1.final_cell_0484-0
484,1.7523326873779297,human1_lib1.final_cell_0485-0
485,0.6888706684112549,human1_lib1.final_cell_0486-0
486,0.5243340134620667,human1_lib1.final_cell_0487-0
487,0.920044481754303,human1_lib1.final_cell_0488-0
488,2.4273223876953125,human1_lib1.final_cell_0489-0
489,1.0437259674072266,human1_lib1.final_cell_0490-0
490,0.7268439531326294,human1_lib1.final_cell_0491-0
491,0.9765976071357727,human1_lib1.final_cell_0492-0
492,0.6278409957885742,human1_lib1.final_cell_0493-0
493,0.5031948089599609,human1_lib1.final_cell_0494-0
494,2.2646944522857666,human1_lib1.final_cell_0495-0
495,2.037614107131958,human1_lib1.final_cell_0496-0
496,0.48101815581321716,human1_lib1.final_cell_0497-0
497,2.356671094894409,human1_lib1.final_cell_0498-0
498,2.2492117881774902,human1_lib1.final_cell_0499-0
499,2.728938341140747,human1_lib1.final_cell_0500-0
500,0.3845422863960266,human1_lib1.final_cell_0501-0
501,0.610375165939331,human1_lib1.final_cell_0502-0
502,0.9807966947555542,human1_lib1.final_cell_0503-0
503,0.3845422863960266,human1_lib1.final_cell_0504-0
504,2.3039586544036865,human1_lib1.final_cell_0505-0
505,0.9449353218078613,human1_lib1.final_cell_0506-0
506,1.7872142791748047,human1_lib1.final_cell_0507-0
507,1.188713550567627,human1_lib1.final_cell_0508-0
508,2.356671094894409,human1_lib1.final_cell_0509-0
509,2.728938341140747,human1_lib1.final_cell_0510-0
510,0.8679617643356323,human1_lib1.final_cell_0511-0
511,0.4487200677394867,human1_lib1.final_cell_0512-0
512,2.0093581676483154,human1_lib1.final_cell_0513-0
513,0.39494559168815613,human1_lib1.final_cell_0514-0
514,2.352267265319824,human1_lib1.final_cell_0515-0
515,0.9453725814819336,human1_lib1.final_cell_0516-0
516,1.0286734104156494,human1_lib1.final_cell_0517-0
517,0.3845422863960266,human1_lib1.final_cell_0518-0
518,0.6893696784973145,human1_lib1.final_cell_0519-0
519,1.8896030187606812,human1_lib1.final_cell_0520-0
520,1.2766082286834717,human1_lib1.final_cell_0521-0
521,0.3855636417865753,human1_lib1.final_cell_0522-0
522,0.40567511320114136,human1_lib1.final_cell_0523-0
523,0.488521546125412,human1_lib1.final_cell_0524-0
524,1.2596564292907715,human1_lib1.final_cell_0525-0
525,1.9317318201065063,human1_lib1.final_cell_0526-0
526,2.288738965988159,human1_lib1.final_cell_0527-0
527,0.3845422863960266,human1_lib1.final_cell_0528-0
528,0.3845422863960266,human1_lib1.final_cell_0529-0
529,2.356671094894409,human1_lib1.final_cell_0530-0
530,0.3845422863960266,human1_lib1.final_cell_0531-0
531,1.9912086725234985,human1_lib1.final_cell_0532-0
532,0.4356182813644409,human1_lib1.final_cell_0533-0
533,2.1197099685668945,human1_lib1.final_cell_0534-0
534,0.3933648467063904,human1_lib1.final_cell_0535-0
535,2.2948110103607178,human1_lib1.final_cell_0536-0
536,1.8800286054611206,human1_lib1.final_cell_0537-0
537,2.2493228912353516,human1_lib1.final_cell_0538-0
538,0.5437759757041931,human1_lib1.final_cell_0539-0
539,2.356671094894409,human1_lib1.final_cell_0540-0
540,2.5247082710266113,human1_lib1.final_cell_0541-0
541,0.4537389874458313,human1_lib1.final_cell_0542-0
542,0.6643185019493103,human1_lib1.final_cell_0543-0
543,2.288738965988159,human1_lib1.final_cell_0544-0
544,2.356671094894409,human1_lib1.final_cell_0545-0
545,1.174941897392273,human1_lib1.final_cell_0546-0
546,0.39638620615005493,human1_lib1.final_cell_0547-0
547,2.356671094894409,human1_lib1.final_cell_0548-0
548,0.6688644289970398,human1_lib1.final_cell_0549-0
549,0.4204978048801422,human1_lib1.final_cell_0550-0
550,0.38943052291870117,human1_lib1.final_cell_0551-0
551,2.268815517425537,human1_lib1.final_cell_0552-0
552,2.288738965988159,human1_lib1.final_cell_0553-0
553,2.356671094894409,human1_lib1.final_cell_0554-0
554,2.2431156635284424,human1_lib1.final_cell_0555-0
555,0.3845422863960266,human1_lib1.final_cell_0556-0
556,1.6355350017547607,human1_lib1.final_cell_0557-0
557,2.356671094894409,human1_lib1.final_cell_0558-0
558,1.9967148303985596,human1_lib1.final_cell_0559-0
559,0.4430896043777466,human1_lib1.final_cell_0560-0
560,2.356671094894409,human1_lib1.final_cell_0561-0
561,2.356671094894409,human1_lib1.final_cell_0562-0
562,0.3845422863960266,human1_lib1.final_cell_0563-0
563,2.172346353530884,human1_lib1.final_cell_0564-0
564,2.356671094894409,human1_lib1.final_cell_0565-0
565,0.9801202416419983,human1_lib1.final_cell_0566-0
566,2.2332770824432373,human1_lib1.final_cell_0567-0
567,0.45605385303497314,human1_lib1.final_cell_0568-0
568,2.4253878593444824,human1_lib2.final_cell_0001-0
569,0.5718320608139038,human1_lib2.final_cell_0002-0
570,0.5743090510368347,human1_lib2.final_cell_0003-0
571,2.4253878593444824,human1_lib2.final_cell_0004-0
572,1.3137563467025757,human1_lib2.final_cell_0005-0
573,1.3633757829666138,human1_lib2.final_cell_0006-0
574,1.3166522979736328,human1_lib2.final_cell_0007-0
575,1.3637791872024536,human1_lib2.final_cell_0008-0
576,1.21466863155365,human1_lib2.final_cell_0009-0
577,2.288738965988159,human1_lib2.final_cell_0010-0
578,0.5623188018798828,human1_lib2.final_cell_0011-0
579,0.5237600803375244,human1_lib2.final_cell_0012-0
580,0.5728437304496765,human1_lib2.final_cell_0013-0
581,0.48205944895744324,human1_lib2.final_cell_0014-0
582,0.5532507300376892,human1_lib2.final_cell_0015-0
583,1.4041533470153809,human1_lib2.final_cell_0016-0
584,0.4270174503326416,human1_lib2.final_cell_0017-0
585,1.4080545902252197,human1_lib2.final_cell_0018-0
586,2.356671094894409,human1_lib2.final_cell_0019-0
587,0.7552084922790527,human1_lib2.final_cell_0020-0
588,0.3845422863960266,human1_lib2.final_cell_0021-0
589,0.8470516800880432,human1_lib2.final_cell_0022-0
590,1.281273365020752,human1_lib2.final_cell_0023-0
591,1.8369792699813843,human1_lib2.final_cell_0024-0
592,0.710298478603363,human1_lib2.final_cell_0025-0
593,0.5190863609313965,human1_lib2.final_cell_0026-0
594,0.3845422863960266,human1_lib2.final_cell_0027-0
595,0.5419541597366333,human1_lib2.final_cell_0028-0
596,0.3845422863960266,human1_lib2.final_cell_0029-0
597,0.4567882716655731,human1_lib2.final_cell_0030-0
598,1.9226360321044922,human1_lib2.final_cell_0031-0
599,1.253523349761963,human1_lib2.final_cell_0032-0
600,0.3845422863960266,human1_lib2.final_cell_0033-0
601,0.5006066560745239,human1_lib2.final_cell_0034-0
602,0.4535534679889679,human1_lib2.final_cell_0035-0
603,0.5074223875999451,human1_lib2.final_cell_0036-0
604,0.44542354345321655,human1_lib2.final_cell_0037-0
605,0.5112898349761963,human1_lib2.final_cell_0038-0
606,0.4514820873737335,human1_lib2.final_cell_0039-0
607,0.49617770314216614,human1_lib2.final_cell_0040-0
608,0.5054140686988831,human1_lib2.final_cell_0041-0
609,0.39013320207595825,human1_lib2.final_cell_0042-0
610,0.5021340847015381,human1_lib2.final_cell_0043-0
611,0.5299373865127563,human1_lib2.final_cell_0044-0
612,1.6749838590621948,human1_lib2.final_cell_0045-0
613,1.1482524871826172,human1_lib2.final_cell_0046-0
614,0.6198473572731018,human1_lib2.final_cell_0047-0
615,0.8409082889556885,human1_lib2.final_cell_0048-0
616,0.5205409526824951,human1_lib2.final_cell_0049-0
617,0.3845422863960266,human1_lib2.final_cell_0050-0
618,0.6491914391517639,human1_lib2.final_cell_0051-0
619,0.7786381244659424,human1_lib2.final_cell_0052-0
620,0.3854406774044037,human1_lib2.final_cell_0053-0
621,1.8792153596878052,human1_lib2.final_cell_0054-0
622,0.4227004647254944,human1_lib2.final_cell_0055-0
623,0.5760558247566223,human1_lib2.final_cell_0056-0
624,0.44862890243530273,human1_lib2.final_cell_0057-0
625,0.5478677153587341,human1_lib2.final_cell_0058-0
626,2.4029674530029297,human1_lib2.final_cell_0059-0
627,0.6550455689430237,human1_lib2.final_cell_0060-0
628,0.3845422863960266,human1_lib2.final_cell_0061-0
629,0.44141340255737305,human1_lib2.final_cell_0062-0
630,0.7888323664665222,human1_lib2.final_cell_0063-0
631,0.3983252942562103,human1_lib2.final_cell_0064-0
632,0.47946345806121826,human1_lib2.final_cell_0065-0
633,2.1223583221435547,human1_lib2.final_cell_0066-0
634,1.7081499099731445,human1_lib2.final_cell_0067-0
635,0.5063700079917908,human1_lib2.final_cell_0068-0
636,0.49733561277389526,human1_lib2.final_cell_0069-0
637,0.46386927366256714,human1_lib2.final_cell_0070-0
638,0.393234521150589,human1_lib2.final_cell_0071-0
639,1.3688682317733765,human1_lib2.final_cell_0072-0
640,0.3845422863960266,human1_lib2.final_cell_0073-0
641,0.599864661693573,human1_lib2.final_cell_0074-0
642,0.3845422863960266,human1_lib2.final_cell_0075-0
643,0.41476622223854065,human1_lib2.final_cell_0076-0
644,0.48913875222206116,human1_lib2.final_cell_0077-0
645,0.5073738098144531,human1_lib2.final_cell_0078-0
646,0.994953453540802,human1_lib2.final_cell_0079-0
647,0.41259410977363586,human1_lib2.final_cell_0080-0
648,0.506203293800354,human1_lib2.final_cell_0081-0
649,0.407515287399292,human1_lib2.final_cell_0082-0
650,0.3997049927711487,human1_lib2.final_cell_0083-0
651,0.38995659351348877,human1_lib2.final_cell_0084-0
652,0.3845422863960266,human1_lib2.final_cell_0085-0
653,0.419682115316391,human1_lib2.final_cell_0086-0
654,0.3845422863960266,human1_lib2.final_cell_0087-0
655,2.4253878593444824,human1_lib2.final_cell_0088-0
656,0.3845422863960266,human1_lib2.final_cell_0089-0
657,0.5339810848236084,human1_lib2.final_cell_0090-0
658,0.3845422863960266,human1_lib2.final_cell_0091-0
659,0.711955726146698,human1_lib2.final_cell_0092-0
660,2.356671094894409,human1_lib2.final_cell_0093-0
661,0.5168576836585999,human1_lib2.final_cell_0094-0
662,0.6113492250442505,human1_lib2.final_cell_0095-0
663,0.3845422863960266,human1_lib2.final_cell_0096-0
664,0.4588982164859772,human1_lib2.final_cell_0097-0
665,0.43087437748908997,human1_lib2.final_cell_0098-0
666,1.9226360321044922,human1_lib2.final_cell_0099-0
667,0.43086639046669006,human1_lib2.final_cell_0100-0
668,0.3845422863960266,human1_lib2.final_cell_0101-0
669,0.4820250868797302,human1_lib2.final_cell_0102-0
670,1.4592163562774658,human1_lib2.final_cell_0103-0
671,0.3862394690513611,human1_lib2.final_cell_0104-0
672,0.3853761553764343,human1_lib2.final_cell_0105-0
673,1.7590841054916382,human1_lib2.final_cell_0106-0
674,0.448289155960083,human1_lib2.final_cell_0107-0
675,0.38944458961486816,human1_lib2.final_cell_0108-0
676,0.3845422863960266,human1_lib2.final_cell_0109-0
677,0.3845422863960266,human1_lib2.final_cell_0110-0
678,1.3850492238998413,human1_lib2.final_cell_0111-0
679,1.1265970468521118,human1_lib2.final_cell_0112-0
680,0.5104034543037415,human1_lib2.final_cell_0113-0
681,0.5820735096931458,human1_lib2.final_cell_0114-0
682,0.3845422863960266,human1_lib2.final_cell_0115-0
683,1.0426499843597412,human1_lib2.final_cell_0116-0
684,0.5217747092247009,human1_lib2.final_cell_0117-0
685,0.3845422863960266,human1_lib2.final_cell_0118-0
686,0.5207381248474121,human1_lib2.final_cell_0119-0
687,0.3845422863960266,human1_lib2.final_cell_0120-0
688,0.4490137994289398,human1_lib2.final_cell_0121-0
689,1.5834474563598633,human1_lib2.final_cell_0122-0
690,0.5077118873596191,human1_lib2.final_cell_0123-0
691,1.734728217124939,human1_lib2.final_cell_0124-0
692,0.4197383224964142,human1_lib2.final_cell_0125-0
693,1.7715336084365845,human1_lib2.final_cell_0126-0
694,0.3845422863960266,human1_lib2.final_cell_0127-0
695,2.2014997005462646,human1_lib2.final_cell_0128-0
696,0.3845422863960266,human1_lib2.final_cell_0129-0
697,2.39792537689209,human1_lib2.final_cell_0130-0
698,1.0373669862747192,human1_lib2.final_cell_0131-0
699,0.4047327935695648,human1_lib2.final_cell_0132-0
700,0.5686408877372742,human1_lib2.final_cell_0133-0
701,0.6869439482688904,human1_lib2.final_cell_0134-0
702,0.3845422863960266,human1_lib2.final_cell_0135-0
703,0.49237462878227234,human1_lib2.final_cell_0136-0
704,0.41722428798675537,human1_lib2.final_cell_0137-0
705,0.41250351071357727,human1_lib2.final_cell_0138-0
706,1.5372734069824219,human1_lib2.final_cell_0139-0
707,0.6121314764022827,human1_lib2.final_cell_0140-0
708,0.4429388642311096,human1_lib2.final_cell_0141-0
709,0.3845422863960266,human1_lib2.final_cell_0142-0
710,0.7306909561157227,human1_lib2.final_cell_0143-0
711,0.39757227897644043,human1_lib2.final_cell_0144-0
712,1.509138822555542,human1_lib2.final_cell_0145-0
713,0.4262528419494629,human1_lib2.final_cell_0146-0
714,0.4307142198085785,human1_lib2.final_cell_0147-0
715,2.262319326400757,human1_lib2.final_cell_0148-0
716,2.288738965988159,human1_lib2.final_cell_0149-0
717,0.5167590975761414,human1_lib2.final_cell_0150-0
718,0.6612295508384705,human1_lib2.final_cell_0151-0
719,0.3877620995044708,human1_lib2.final_cell_0152-0
720,0.4516534209251404,human1_lib2.final_cell_0153-0
721,0.4018557369709015,human1_lib2.final_cell_0154-0
722,0.3845422863960266,human1_lib2.final_cell_0155-0
723,0.3845422863960266,human1_lib2.final_cell_0156-0
724,2.6656429767608643,human1_lib2.final_cell_0157-0
725,0.45125654339790344,human1_lib2.final_cell_0158-0
726,0.4124590754508972,human1_lib2.final_cell_0159-0
727,2.111588954925537,human1_lib2.final_cell_0160-0
728,0.3845422863960266,human1_lib2.final_cell_0161-0
729,0.3845422863960266,human1_lib2.final_cell_0162-0
730,0.3845422863960266,human1_lib2.final_cell_0163-0
731,0.5188500881195068,human1_lib2.final_cell_0164-0
732,0.44787049293518066,human1_lib2.final_cell_0165-0
733,0.7768414616584778,human1_lib2.final_cell_0166-0
734,0.3845422863960266,human1_lib2.final_cell_0167-0
735,0.41220176219940186,human1_lib2.final_cell_0168-0
736,0.6170482039451599,human1_lib2.final_cell_0169-0
737,0.3930369019508362,human1_lib2.final_cell_0170-0
738,0.4517337381839752,human1_lib2.final_cell_0171-0
739,0.610673725605011,human1_lib2.final_cell_0172-0
740,0.3845422863960266,human1_lib2.final_cell_0173-0
741,0.5139052271842957,human1_lib2.final_cell_0174-0
742,0.4505017399787903,human1_lib2.final_cell_0175-0
743,0.39728355407714844,human1_lib2.final_cell_0176-0
744,1.6774388551712036,human1_lib2.final_cell_0177-0
745,0.6169384717941284,human1_lib2.final_cell_0178-0
746,0.47966912388801575,human1_lib2.final_cell_0179-0
747,0.4928444027900696,human1_lib2.final_cell_0180-0
748,0.41491809487342834,human1_lib2.final_cell_0181-0
749,2.241163730621338,human1_lib2.final_cell_0182-0
750,0.399413138628006,human1_lib2.final_cell_0183-0
751,0.6506490111351013,human1_lib2.final_cell_0184-0
752,0.4663722515106201,human1_lib2.final_cell_0185-0
753,0.9956424236297607,human1_lib2.final_cell_0186-0
754,0.4322489798069,human1_lib2.final_cell_0187-0
755,0.3845422863960266,human1_lib2.final_cell_0188-0
756,0.3845422863960266,human1_lib2.final_cell_0189-0
757,0.850402295589447,human1_lib2.final_cell_0190-0
758,0.5191759467124939,human1_lib2.final_cell_0191-0
759,0.4201750159263611,human1_lib2.final_cell_0192-0
760,0.49294301867485046,human1_lib2.final_cell_0193-0
761,0.9829537868499756,human1_lib2.final_cell_0194-0
762,0.3845422863960266,human1_lib2.final_cell_0195-0
763,0.4460890293121338,human1_lib2.final_cell_0196-0
764,0.3845422863960266,human1_lib2.final_cell_0197-0
765,0.3845422863960266,human1_lib2.final_cell_0198-0
766,0.3845422863960266,human1_lib2.final_cell_0199-0
767,0.3845422863960266,human1_lib2.final_cell_0200-0
768,0.3845422863960266,human1_lib2.final_cell_0201-0
769,0.7713399529457092,human1_lib2.final_cell_0202-0
770,0.40752315521240234,human1_lib2.final_cell_0203-0
771,0.3845422863960266,human1_lib2.final_cell_0204-0
772,0.8958722352981567,human1_lib2.final_cell_0205-0
773,1.7656620740890503,human1_lib2.final_cell_0206-0
774,0.5896031856536865,human1_lib2.final_cell_0207-0
775,0.3952258825302124,human1_lib2.final_cell_0208-0
776,0.5450201630592346,human1_lib2.final_cell_0209-0
777,0.596337080001831,human1_lib2.final_cell_0210-0
778,0.4748181998729706,human1_lib2.final_cell_0211-0
779,2.288738965988159,human1_lib2.final_cell_0212-0
780,0.4897150695323944,human1_lib2.final_cell_0213-0
781,0.40313979983329773,human1_lib2.final_cell_0214-0
782,0.39678990840911865,human1_lib2.final_cell_0215-0
783,0.3845422863960266,human1_lib2.final_cell_0216-0
784,2.197218894958496,human1_lib2.final_cell_0217-0
785,2.556194543838501,human1_lib2.final_cell_0218-0
786,0.5659162402153015,human1_lib2.final_cell_0219-0
787,0.5496010780334473,human1_lib2.final_cell_0220-0
788,0.3845422863960266,human1_lib2.final_cell_0221-0
789,0.3845422863960266,human1_lib2.final_cell_0222-0
790,2.728938341140747,human1_lib2.final_cell_0223-0
791,0.8094908595085144,human1_lib2.final_cell_0224-0
792,1.2709137201309204,human1_lib2.final_cell_0225-0
793,1.1654047966003418,human1_lib2.final_cell_0226-0
794,0.3845422863960266,human1_lib2.final_cell_0227-0
795,0.3845422863960266,human1_lib2.final_cell_0228-0
796,0.44865790009498596,human1_lib2.final_cell_0229-0
797,0.4820008873939514,human1_lib2.final_cell_0230-0
798,0.5248381495475769,human1_lib2.final_cell_0231-0
799,2.356671094894409,human1_lib2.final_cell_0232-0
800,0.6961439251899719,human1_lib2.final_cell_0233-0
801,0.3845422863960266,human1_lib2.final_cell_0234-0
802,1.4331691265106201,human1_lib2.final_cell_0235-0
803,0.4079166054725647,human1_lib2.final_cell_0236-0
804,0.4242660701274872,human1_lib2.final_cell_0237-0
805,0.42573124170303345,human1_lib2.final_cell_0238-0
806,1.0418936014175415,human1_lib2.final_cell_0239-0
807,0.4949427843093872,human1_lib2.final_cell_0240-0
808,2.356671094894409,human1_lib2.final_cell_0241-0
809,0.3845422863960266,human1_lib2.final_cell_0242-0
810,0.5277312994003296,human1_lib2.final_cell_0243-0
811,0.4043428599834442,human1_lib2.final_cell_0244-0
812,1.1237599849700928,human1_lib2.final_cell_0245-0
813,0.7304075956344604,human1_lib2.final_cell_0246-0
814,0.7880470752716064,human1_lib2.final_cell_0247-0
815,0.4972609877586365,human1_lib2.final_cell_0248-0
816,0.9663711190223694,human1_lib2.final_cell_0249-0
817,0.686461329460144,human1_lib2.final_cell_0250-0
818,1.4782925844192505,human1_lib2.final_cell_0251-0
819,0.6369306445121765,human1_lib2.final_cell_0252-0
820,0.7376371026039124,human1_lib2.final_cell_0253-0
821,2.356671094894409,human1_lib2.final_cell_0254-0
822,0.4735995829105377,human1_lib2.final_cell_0255-0
823,0.4308181703090668,human1_lib2.final_cell_0256-0
824,1.7006646394729614,human1_lib2.final_cell_0257-0
825,0.595126748085022,human1_lib2.final_cell_0258-0
826,0.461252897977829,human1_lib2.final_cell_0259-0
827,0.3845422863960266,human1_lib2.final_cell_0260-0
828,0.66949462890625,human1_lib2.final_cell_0261-0
829,0.6091225147247314,human1_lib2.final_cell_0262-0
830,0.5456631779670715,human1_lib2.final_cell_0263-0
831,0.7844347357749939,human1_lib2.final_cell_0264-0
832,0.4753985106945038,human1_lib2.final_cell_0265-0
833,0.4469134211540222,human1_lib2.final_cell_0266-0
834,0.723445475101471,human1_lib2.final_cell_0267-0
835,1.620197057723999,human1_lib2.final_cell_0268-0
836,0.40855416655540466,human1_lib2.final_cell_0269-0
837,0.8101310729980469,human1_lib2.final_cell_0270-0
838,0.49133434891700745,human1_lib2.final_cell_0271-0
839,2.728938341140747,human1_lib2.final_cell_0272-0
840,0.777062714099884,human1_lib2.final_cell_0273-0
841,0.43979158997535706,human1_lib2.final_cell_0274-0
842,0.6525791883468628,human1_lib2.final_cell_0275-0
843,0.5719584226608276,human1_lib2.final_cell_0276-0
844,0.3847980201244354,human1_lib2.final_cell_0277-0
845,1.5284738540649414,human1_lib2.final_cell_0278-0
846,0.41344308853149414,human1_lib2.final_cell_0279-0
847,0.38705188035964966,human1_lib2.final_cell_0280-0
848,0.41044798493385315,human1_lib2.final_cell_0281-0
849,0.3845422863960266,human1_lib2.final_cell_0282-0
850,0.6019678115844727,human1_lib2.final_cell_0283-0
851,0.7707561254501343,human1_lib2.final_cell_0284-0
852,0.38787269592285156,human1_lib2.final_cell_0285-0
853,0.42506903409957886,human1_lib2.final_cell_0286-0
854,2.288738965988159,human1_lib2.final_cell_0287-0
855,0.7156595587730408,human1_lib2.final_cell_0288-0
856,0.4062842130661011,human1_lib2.final_cell_0289-0
857,0.40228593349456787,human1_lib2.final_cell_0290-0
858,0.5465154647827148,human1_lib2.final_cell_0291-0
859,2.0257210731506348,human1_lib2.final_cell_0292-0
860,2.356671094894409,human1_lib2.final_cell_0293-0
861,0.8358597159385681,human1_lib2.final_cell_0294-0
862,0.4497070610523224,human1_lib2.final_cell_0295-0
863,0.6525399684906006,human1_lib2.final_cell_0296-0
864,0.6887825131416321,human1_lib2.final_cell_0297-0
865,1.3511388301849365,human1_lib2.final_cell_0298-0
866,0.424953430891037,human1_lib2.final_cell_0299-0
867,0.4510260820388794,human1_lib2.final_cell_0300-0
868,0.9363113641738892,human1_lib2.final_cell_0301-0
869,0.8983022570610046,human1_lib2.final_cell_0302-0
870,2.288738965988159,human1_lib2.final_cell_0303-0
871,0.8667360544204712,human1_lib2.final_cell_0304-0
872,0.40074753761291504,human1_lib2.final_cell_0305-0
873,0.3845422863960266,human1_lib2.final_cell_0306-0
874,1.0464706420898438,human1_lib2.final_cell_0307-0
875,0.6223062872886658,human1_lib2.final_cell_0308-0
876,2.688945770263672,human1_lib2.final_cell_0309-0
877,0.6204538941383362,human1_lib2.final_cell_0310-0
878,0.5150014162063599,human1_lib2.final_cell_0311-0
879,0.5992380976676941,human1_lib2.final_cell_0312-0
880,2.356671094894409,human1_lib2.final_cell_0313-0
881,0.3845422863960266,human1_lib2.final_cell_0314-0
882,1.862849235534668,human1_lib2.final_cell_0315-0
883,0.4096932113170624,human1_lib2.final_cell_0316-0
884,0.3845422863960266,human1_lib2.final_cell_0317-0
885,1.0037338733673096,human1_lib2.final_cell_0318-0
886,1.6445767879486084,human1_lib2.final_cell_0319-0
887,0.3845422863960266,human1_lib2.final_cell_0320-0
888,1.5810598134994507,human1_lib2.final_cell_0321-0
889,0.3845422863960266,human1_lib2.final_cell_0322-0
890,0.41614654660224915,human1_lib2.final_cell_0323-0
891,2.728938341140747,human1_lib2.final_cell_0324-0
892,0.6595807671546936,human1_lib2.final_cell_0325-0
893,1.5865713357925415,human1_lib2.final_cell_0326-0
894,0.3845422863960266,human1_lib2.final_cell_0327-0
895,0.3845422863960266,human1_lib2.final_cell_0328-0
896,0.6593526005744934,human1_lib2.final_cell_0329-0
897,2.0757861137390137,human1_lib2.final_cell_0330-0
898,1.116715908050537,human1_lib2.final_cell_0331-0
899,1.633328914642334,human1_lib2.final_cell_0332-0
900,0.3845422863960266,human1_lib2.final_cell_0333-0
901,0.7591891288757324,human1_lib2.final_cell_0334-0
902,2.1789236068725586,human1_lib2.final_cell_0335-0
903,0.3845422863960266,human1_lib2.final_cell_0336-0
904,1.1538317203521729,human1_lib2.final_cell_0337-0
905,0.7466280460357666,human1_lib2.final_cell_0338-0
906,0.8049863576889038,human1_lib2.final_cell_0339-0
907,0.9959059357643127,human1_lib2.final_cell_0340-0
908,0.6186004877090454,human1_lib2.final_cell_0341-0
909,0.40970122814178467,human1_lib2.final_cell_0342-0
910,2.288738965988159,human1_lib2.final_cell_0343-0
911,0.8482885360717773,human1_lib2.final_cell_0344-0
912,0.3845422863960266,human1_lib2.final_cell_0345-0
913,2.3856518268585205,human1_lib2.final_cell_0346-0
914,0.47023314237594604,human1_lib2.final_cell_0347-0
915,0.3845422863960266,human1_lib2.final_cell_0348-0
916,0.548337996006012,human1_lib2.final_cell_0349-0
917,0.9039019346237183,human1_lib2.final_cell_0350-0
918,0.5736649632453918,human1_lib2.final_cell_0351-0
919,0.3845422863960266,human1_lib2.final_cell_0352-0
920,0.7123913764953613,human1_lib2.final_cell_0353-0
921,1.21932852268219,human1_lib2.final_cell_0354-0
922,0.7260042428970337,human1_lib2.final_cell_0355-0
923,0.3845422863960266,human1_lib2.final_cell_0356-0
924,0.46727246046066284,human1_lib2.final_cell_0357-0
925,0.4062884449958801,human1_lib2.final_cell_0358-0
926,0.3992539942264557,human1_lib2.final_cell_0359-0
927,2.288738965988159,human1_lib2.final_cell_0360-0
928,0.3845422863960266,human1_lib2.final_cell_0361-0
929,0.8843242526054382,human1_lib2.final_cell_0362-0
930,0.3889179229736328,human1_lib2.final_cell_0363-0
931,0.9032177925109863,human1_lib2.final_cell_0364-0
932,1.163381576538086,human1_lib2.final_cell_0365-0
933,0.6280944347381592,human1_lib2.final_cell_0366-0
934,0.5320916771888733,human1_lib2.final_cell_0367-0
935,0.5351288914680481,human1_lib2.final_cell_0368-0
936,0.3845422863960266,human1_lib2.final_cell_0369-0
937,1.160793423652649,human1_lib2.final_cell_0370-0
938,0.7488698959350586,human1_lib2.final_cell_0371-0
939,2.289818525314331,human1_lib2.final_cell_0372-0
940,0.417250394821167,human1_lib2.final_cell_0373-0
941,2.728938341140747,human1_lib2.final_cell_0374-0
942,1.3416680097579956,human1_lib2.final_cell_0375-0
943,1.9226360321044922,human1_lib2.final_cell_0376-0
944,1.382148265838623,human1_lib2.final_cell_0377-0
945,0.46354466676712036,human1_lib2.final_cell_0378-0
946,0.900486946105957,human1_lib2.final_cell_0379-0
947,2.288738965988159,human1_lib2.final_cell_0380-0
948,0.3845422863960266,human1_lib2.final_cell_0381-0
949,0.3845422863960266,human1_lib2.final_cell_0382-0
950,1.3234293460845947,human1_lib2.final_cell_0383-0
951,0.5020462870597839,human1_lib2.final_cell_0384-0
952,0.4472670555114746,human1_lib2.final_cell_0385-0
953,0.8597131371498108,human1_lib2.final_cell_0386-0
954,0.5090838074684143,human1_lib2.final_cell_0387-0
955,0.39567306637763977,human1_lib2.final_cell_0388-0
956,1.801994800567627,human1_lib2.final_cell_0389-0
957,0.7085042595863342,human1_lib2.final_cell_0390-0
958,0.39330220222473145,human1_lib2.final_cell_0391-0
959,0.8194118142127991,human1_lib2.final_cell_0392-0
960,0.514327883720398,human1_lib2.final_cell_0393-0
961,0.41151708364486694,human1_lib2.final_cell_0394-0
962,1.4666844606399536,human1_lib2.final_cell_0395-0
963,0.3845422863960266,human1_lib2.final_cell_0396-0
964,0.3867572247982025,human1_lib2.final_cell_0397-0
965,0.3845422863960266,human1_lib2.final_cell_0398-0
966,0.7539476752281189,human1_lib2.final_cell_0399-0
967,0.8097459673881531,human1_lib2.final_cell_0400-0
968,0.8703944683074951,human1_lib2.final_cell_0401-0
969,1.7218917608261108,human1_lib2.final_cell_0402-0
970,0.6656915545463562,human1_lib2.final_cell_0403-0
971,1.2205805778503418,human1_lib2.final_cell_0404-0
972,1.8593538999557495,human1_lib2.final_cell_0405-0
973,0.3845422863960266,human1_lib2.final_cell_0406-0
974,0.6188024878501892,human1_lib2.final_cell_0407-0
975,1.9414299726486206,human1_lib2.final_cell_0408-0
976,0.5436235666275024,human1_lib2.final_cell_0409-0
977,0.5229879021644592,human1_lib2.final_cell_0410-0
978,0.3845422863960266,human1_lib2.final_cell_0411-0
979,1.7254626750946045,human1_lib2.final_cell_0412-0
980,0.41131502389907837,human1_lib2.final_cell_0413-0
981,0.4182865619659424,human1_lib2.final_cell_0414-0
982,0.7911468744277954,human1_lib2.final_cell_0415-0
983,0.3845422863960266,human1_lib2.final_cell_0416-0
984,1.7520476579666138,human1_lib2.final_cell_0417-0
985,2.322174072265625,human1_lib2.final_cell_0418-0
986,1.2200216054916382,human1_lib2.final_cell_0419-0
987,2.3904199600219727,human1_lib2.final_cell_0420-0
988,0.621132493019104,human1_lib2.final_cell_0421-0
989,1.5637644529342651,human1_lib2.final_cell_0422-0
990,1.0472828149795532,human1_lib2.final_cell_0423-0
991,2.356671094894409,human1_lib2.final_cell_0424-0
992,2.162782669067383,human1_lib2.final_cell_0425-0
993,1.1228108406066895,human1_lib2.final_cell_0426-0
994,0.3845422863960266,human1_lib2.final_cell_0427-0
995,0.81509929895401,human1_lib2.final_cell_0428-0
996,0.389196515083313,human1_lib2.final_cell_0429-0
997,1.9069443941116333,human1_lib2.final_cell_0430-0
998,2.728938341140747,human1_lib2.final_cell_0431-0
999,0.6749417781829834,human1_lib2.final_cell_0432-0
1000,0.3912235200405121,human1_lib2.final_cell_0433-0
1001,0.49448665976524353,human1_lib2.final_cell_0434-0
1002,0.6667838096618652,human1_lib2.final_cell_0435-0
1003,1.4949965476989746,human1_lib2.final_cell_0436-0
1004,2.09270977973938,human1_lib2.final_cell_0437-0
1005,0.3845422863960266,human1_lib2.final_cell_0438-0
1006,0.6648895144462585,human1_lib2.final_cell_0439-0
1007,0.4906817078590393,human1_lib2.final_cell_0440-0
1008,1.8509612083435059,human1_lib2.final_cell_0441-0
1009,0.384832501411438,human1_lib2.final_cell_0442-0
1010,1.6639894247055054,human1_lib2.final_cell_0443-0
1011,0.3845422863960266,human1_lib2.final_cell_0444-0
1012,0.4034116864204407,human1_lib2.final_cell_0445-0
1013,0.830176591873169,human1_lib2.final_cell_0446-0
1014,0.4064675569534302,human1_lib2.final_cell_0447-0
1015,1.7976490259170532,human1_lib2.final_cell_0448-0
1016,0.3845422863960266,human1_lib2.final_cell_0449-0
1017,0.3845422863960266,human1_lib2.final_cell_0450-0
1018,2.728938341140747,human1_lib2.final_cell_0451-0
1019,2.28413724899292,human1_lib2.final_cell_0452-0
1020,1.0790146589279175,human1_lib2.final_cell_0453-0
1021,0.464759886264801,human1_lib2.final_cell_0454-0
1022,1.935397744178772,human1_lib2.final_cell_0455-0
1023,0.9688903093338013,human1_lib2.final_cell_0456-0
1024,0.5177991986274719,human1_lib2.final_cell_0457-0
1025,0.9988800287246704,human1_lib2.final_cell_0458-0
1026,0.5231779217720032,human1_lib2.final_cell_0459-0
1027,2.728938341140747,human1_lib2.final_cell_0460-0
1028,2.318702220916748,human1_lib2.final_cell_0461-0
1029,2.205923080444336,human1_lib2.final_cell_0462-0
1030,0.7920020222663879,human1_lib2.final_cell_0463-0
1031,0.4698481559753418,human1_lib2.final_cell_0464-0
1032,2.288738965988159,human1_lib2.final_cell_0465-0
1033,2.1987431049346924,human1_lib2.final_cell_0466-0
1034,0.4448097348213196,human1_lib2.final_cell_0467-0
1035,1.2183036804199219,human1_lib2.final_cell_0468-0
1036,2.728938341140747,human1_lib2.final_cell_0469-0
1037,1.9476603269577026,human1_lib2.final_cell_0470-0
1038,1.8198068141937256,human1_lib2.final_cell_0471-0
1039,1.9479615688323975,human1_lib2.final_cell_0472-0
1040,0.6903349757194519,human1_lib2.final_cell_0473-0
1041,0.7645325064659119,human1_lib2.final_cell_0474-0
1042,2.214228391647339,human1_lib2.final_cell_0475-0
1043,2.142566680908203,human1_lib2.final_cell_0476-0
1044,0.3845422863960266,human1_lib2.final_cell_0477-0
1045,2.2838659286499023,human1_lib2.final_cell_0478-0
1046,0.38575631380081177,human1_lib2.final_cell_0479-0
1047,0.3845422863960266,human1_lib2.final_cell_0480-0
1048,0.9369180202484131,human1_lib2.final_cell_0481-0
1049,1.0821744203567505,human1_lib2.final_cell_0482-0
1050,0.4320155382156372,human1_lib2.final_cell_0483-0
1051,1.9144879579544067,human1_lib2.final_cell_0484-0
1052,0.5159713625907898,human1_lib2.final_cell_0485-0
1053,0.7676588296890259,human1_lib2.final_cell_0486-0
1054,2.243389368057251,human1_lib2.final_cell_0487-0
1055,1.910252571105957,human1_lib2.final_cell_0488-0
1056,0.4618595242500305,human1_lib2.final_cell_0489-0
1057,2.356671094894409,human1_lib2.final_cell_0490-0
1058,2.272242546081543,human1_lib2.final_cell_0491-0
1059,0.5299239754676819,human1_lib2.final_cell_0492-0
1060,2.1006429195404053,human1_lib2.final_cell_0493-0
1061,1.590736746788025,human1_lib2.final_cell_0494-0
1062,0.38494062423706055,human1_lib2.final_cell_0495-0
1063,2.0730020999908447,human1_lib2.final_cell_0496-0
1064,0.8811593055725098,human1_lib2.final_cell_0497-0
1065,0.5339974164962769,human1_lib2.final_cell_0498-0
1066,2.288738965988159,human1_lib2.final_cell_0499-0
1067,1.2058972120285034,human1_lib2.final_cell_0500-0
1068,1.6308835744857788,human1_lib2.final_cell_0501-0
1069,1.2942390441894531,human1_lib2.final_cell_0502-0
1070,0.3845422863960266,human1_lib2.final_cell_0503-0
1071,1.2258565425872803,human1_lib2.final_cell_0504-0
1072,2.2820966243743896,human1_lib2.final_cell_0505-0
1073,0.3845422863960266,human1_lib2.final_cell_0506-0
1074,0.7283546328544617,human1_lib2.final_cell_0507-0
1075,1.9226360321044922,human1_lib2.final_cell_0508-0
1076,0.4293902516365051,human1_lib2.final_cell_0509-0
1077,2.5247082710266113,human1_lib2.final_cell_0510-0
1078,1.113507628440857,human1_lib2.final_cell_0511-0
1079,0.4512411057949066,human1_lib2.final_cell_0512-0
1080,1.3367356061935425,human1_lib2.final_cell_0513-0
1081,1.3531358242034912,human1_lib2.final_cell_0514-0
1082,0.9115501046180725,human1_lib2.final_cell_0515-0
1083,0.3845422863960266,human1_lib2.final_cell_0516-0
1084,1.996546983718872,human1_lib2.final_cell_0517-0
1085,1.6098971366882324,human1_lib2.final_cell_0518-0
1086,2.393693208694458,human1_lib2.final_cell_0519-0
1087,1.9995497465133667,human1_lib2.final_cell_0520-0
1088,0.5495563745498657,human1_lib2.final_cell_0521-0
1089,0.49664896726608276,human1_lib2.final_cell_0522-0
1090,0.4421849250793457,human1_lib2.final_cell_0523-0
1091,0.3845422863960266,human1_lib2.final_cell_0524-0
1092,1.8670580387115479,human1_lib2.final_cell_0525-0
1093,2.728938341140747,human1_lib2.final_cell_0526-0
1094,0.7958412170410156,human1_lib2.final_cell_0527-0
1095,2.228729486465454,human1_lib2.final_cell_0528-0
1096,0.3898243010044098,human1_lib2.final_cell_0529-0
1097,2.356671094894409,human1_lib2.final_cell_0530-0
1098,0.4829036295413971,human1_lib2.final_cell_0531-0
1099,1.7926408052444458,human1_lib2.final_cell_0532-0
1100,1.552348017692566,human1_lib2.final_cell_0533-0
1101,0.6244269013404846,human1_lib2.final_cell_0534-0
1102,2.728938341140747,human1_lib2.final_cell_0535-0
1103,0.39659589529037476,human1_lib2.final_cell_0536-0
1104,1.548776626586914,human1_lib2.final_cell_0537-0
1105,0.3845422863960266,human1_lib2.final_cell_0538-0
1106,2.356671094894409,human1_lib2.final_cell_0539-0
1107,0.3845422863960266,human1_lib2.final_cell_0540-0
1108,0.5504473447799683,human1_lib2.final_cell_0541-0
1109,1.950292944908142,human1_lib2.final_cell_0542-0
1110,0.6442404389381409,human1_lib2.final_cell_0543-0
1111,2.728938341140747,human1_lib2.final_cell_0544-0
1112,0.4479711949825287,human1_lib2.final_cell_0545-0
1113,0.4174051284790039,human1_lib2.final_cell_0546-0
1114,2.3896067142486572,human1_lib2.final_cell_0547-0
1115,0.7724418044090271,human1_lib2.final_cell_0548-0
1116,0.6788330674171448,human1_lib2.final_cell_0549-0
1117,2.133495330810547,human1_lib2.final_cell_0550-0
1118,0.3845422863960266,human1_lib2.final_cell_0551-0
1119,2.288738965988159,human1_lib2.final_cell_0552-0
1120,0.3845422863960266,human1_lib2.final_cell_0553-0
1121,0.7361319065093994,human1_lib2.final_cell_0554-0
1122,2.5247082710266113,human1_lib2.final_cell_0555-0
1123,0.3845422863960266,human1_lib2.final_cell_0556-0
1124,0.8264184594154358,human1_lib2.final_cell_0557-0
1125,0.4195915460586548,human1_lib2.final_cell_0558-0
1126,2.234931230545044,human1_lib2.final_cell_0559-0
1127,0.38576292991638184,human1_lib2.final_cell_0560-0
1128,0.6770358681678772,human1_lib2.final_cell_0561-0
1129,2.5247082710266113,human1_lib2.final_cell_0562-0
1130,2.728938341140747,human1_lib2.final_cell_0563-0
1131,0.3845422863960266,human1_lib2.final_cell_0564-0
1132,0.936652660369873,human1_lib2.final_cell_0565-0
1133,1.9872311353683472,human1_lib2.final_cell_0566-0
1134,1.8930915594100952,human1_lib2.final_cell_0567-0
1135,2.356671094894409,human1_lib2.final_cell_0568-0
1136,2.174166679382324,human1_lib2.final_cell_0569-0
1137,2.0182619094848633,human1_lib2.final_cell_0570-0
1138,1.995646595954895,human1_lib2.final_cell_0571-0
1139,1.7051283121109009,human1_lib2.final_cell_0572-0
1140,0.5158097147941589,human1_lib2.final_cell_0573-0
1141,1.9320427179336548,human1_lib2.final_cell_0574-0
1142,2.0350277423858643,human1_lib2.final_cell_0575-0
1143,0.4002021551132202,human1_lib2.final_cell_0576-0
1144,2.356671094894409,human1_lib2.final_cell_0577-0
1145,2.1293742656707764,human1_lib2.final_cell_0578-0
1146,0.9575806260108948,human1_lib2.final_cell_0579-0
1147,2.3384017944335938,human1_lib2.final_cell_0580-0
1148,0.8741459250450134,human1_lib2.final_cell_0581-0
1149,2.4253878593444824,human1_lib2.final_cell_0582-0
1150,1.1221208572387695,human1_lib2.final_cell_0583-0
1151,2.356671094894409,human1_lib2.final_cell_0584-0
1152,0.490561306476593,human1_lib2.final_cell_0585-0
1153,2.5247082710266113,human1_lib2.final_cell_0586-0
1154,2.728938341140747,human1_lib2.final_cell_0587-0
1155,0.3845422863960266,human1_lib2.final_cell_0588-0
1156,0.4736379086971283,human1_lib2.final_cell_0589-0
1157,2.3350934982299805,human1_lib2.final_cell_0590-0
1158,0.7302688956260681,human1_lib2.final_cell_0591-0
1159,2.5247082710266113,human1_lib2.final_cell_0592-0
1160,2.489638566970825,human1_lib2.final_cell_0593-0
1161,2.149354934692383,human1_lib2.final_cell_0594-0
1162,2.0541298389434814,human1_lib2.final_cell_0595-0
1163,2.356671094894409,human1_lib2.final_cell_0596-0
1164,0.3998998999595642,human1_lib2.final_cell_0597-0
1165,1.6733707189559937,human1_lib2.final_cell_0598-0
1166,1.0174884796142578,human1_lib2.final_cell_0599-0
1167,2.2636046409606934,human1_lib2.final_cell_0600-0
1168,1.8824384212493896,human1_lib2.final_cell_0601-0
1169,0.5621008276939392,human1_lib2.final_cell_0602-0
1170,0.7258033156394958,human1_lib2.final_cell_0603-0
1171,0.8412465453147888,human1_lib2.final_cell_0604-0
1172,0.3871760368347168,human1_lib2.final_cell_0605-0
1173,0.3845422863960266,human1_lib2.final_cell_0606-0
1174,2.0297141075134277,human1_lib2.final_cell_0607-0
1175,0.7013818025588989,human1_lib2.final_cell_0608-0
1176,0.5113639831542969,human1_lib2.final_cell_0609-0
1177,2.356671094894409,human1_lib2.final_cell_0610-0
1178,2.356671094894409,human1_lib2.final_cell_0611-0
1179,2.728938341140747,human1_lib2.final_cell_0612-0
1180,0.9667572379112244,human1_lib2.final_cell_0613-0
1181,0.5450266003608704,human1_lib2.final_cell_0614-0
1182,0.3845422863960266,human1_lib2.final_cell_0615-0
1183,2.4253878593444824,human1_lib2.final_cell_0616-0
1184,2.5247082710266113,human1_lib2.final_cell_0617-0
1185,2.356671094894409,human1_lib2.final_cell_0618-0
1186,2.356671094894409,human1_lib2.final_cell_0619-0
1187,2.356671094894409,human1_lib2.final_cell_0620-0
1188,0.7314639687538147,human1_lib2.final_cell_0621-0
1189,2.0880136489868164,human1_lib2.final_cell_0622-0
1190,0.8150236010551453,human1_lib2.final_cell_0623-0
1191,0.39082297682762146,human1_lib2.final_cell_0624-0
1192,2.487278699874878,human1_lib2.final_cell_0625-0
1193,2.356671094894409,human1_lib2.final_cell_0626-0
1194,1.8460348844528198,human1_lib2.final_cell_0627-0
1195,1.0240440368652344,human1_lib2.final_cell_0628-0
1196,2.4663844108581543,human1_lib2.final_cell_0629-0
1197,1.2556308507919312,human1_lib3.final_cell_0001-0
1198,2.4253878593444824,human1_lib3.final_cell_0002-0
1199,0.6240883469581604,human1_lib3.final_cell_0003-0
1200,1.2681922912597656,human1_lib3.final_cell_0004-0
1201,2.728938341140747,human1_lib3.final_cell_0005-0
1202,1.778592824935913,human1_lib3.final_cell_0006-0
1203,1.483516812324524,human1_lib3.final_cell_0007-0
1204,0.7676701545715332,human1_lib3.final_cell_0008-0
1205,0.7075133323669434,human1_lib3.final_cell_0009-0
1206,0.7692354321479797,human1_lib3.final_cell_0010-0
1207,1.8559274673461914,human1_lib3.final_cell_0011-0
1208,0.3845422863960266,human1_lib3.final_cell_0012-0
1209,2.515864849090576,human1_lib3.final_cell_0013-0
1210,0.7203193306922913,human1_lib3.final_cell_0014-0
1211,0.776594340801239,human1_lib3.final_cell_0015-0
1212,1.6866493225097656,human1_lib3.final_cell_0016-0
1213,0.5398112535476685,human1_lib3.final_cell_0017-0
1214,0.39331716299057007,human1_lib3.final_cell_0018-0
1215,0.8209317326545715,human1_lib3.final_cell_0019-0
1216,1.3691612482070923,human1_lib3.final_cell_0020-0
1217,2.514583110809326,human1_lib3.final_cell_0021-0
1218,2.448531150817871,human1_lib3.final_cell_0022-0
1219,0.859853982925415,human1_lib3.final_cell_0023-0
1220,0.7905734777450562,human1_lib3.final_cell_0024-0
1221,1.3191499710083008,human1_lib3.final_cell_0025-0
1222,1.6046836376190186,human1_lib3.final_cell_0026-0
1223,0.3845422863960266,human1_lib3.final_cell_0027-0
1224,0.9390865564346313,human1_lib3.final_cell_0028-0
1225,2.4253878593444824,human1_lib3.final_cell_0029-0
1226,1.8358889818191528,human1_lib3.final_cell_0030-0
1227,1.3456165790557861,human1_lib3.final_cell_0031-0
1228,0.6312054991722107,human1_lib3.final_cell_0032-0
1229,0.4509391486644745,human1_lib3.final_cell_0033-0
1230,0.3845422863960266,human1_lib3.final_cell_0034-0
1231,1.3854987621307373,human1_lib3.final_cell_0035-0
1232,1.2354391813278198,human1_lib3.final_cell_0036-0
1233,0.389151006937027,human1_lib3.final_cell_0037-0
1234,0.3845422863960266,human1_lib3.final_cell_0038-0
1235,0.3845422863960266,human1_lib3.final_cell_0039-0
1236,0.6097939610481262,human1_lib3.final_cell_0040-0
1237,0.5644472241401672,human1_lib3.final_cell_0041-0
1238,0.8065675497055054,human1_lib3.final_cell_0042-0
1239,2.0376243591308594,human1_lib3.final_cell_0043-0
1240,2.288738965988159,human1_lib3.final_cell_0044-0
1241,0.4935263991355896,human1_lib3.final_cell_0045-0
1242,2.728938341140747,human1_lib3.final_cell_0046-0
1243,0.42481306195259094,human1_lib3.final_cell_0047-0
1244,2.728938341140747,human1_lib3.final_cell_0048-0
1245,0.5561090111732483,human1_lib3.final_cell_0049-0
1246,0.7014960646629333,human1_lib3.final_cell_0050-0
1247,0.5362644791603088,human1_lib3.final_cell_0051-0
1248,0.3845422863960266,human1_lib3.final_cell_0052-0
1249,0.40005823969841003,human1_lib3.final_cell_0053-0
1250,1.7947700023651123,human1_lib3.final_cell_0054-0
1251,0.5249424576759338,human1_lib3.final_cell_0055-0
1252,1.6479822397232056,human1_lib3.final_cell_0056-0
1253,2.288738965988159,human1_lib3.final_cell_0057-0
1254,0.4883492887020111,human1_lib3.final_cell_0058-0
1255,0.4045960009098053,human1_lib3.final_cell_0059-0
1256,0.3845422863960266,human1_lib3.final_cell_0060-0
1257,0.5948438048362732,human1_lib3.final_cell_0061-0
1258,0.7894759178161621,human1_lib3.final_cell_0062-0
1259,0.40148064494132996,human1_lib3.final_cell_0063-0
1260,0.4915202856063843,human1_lib3.final_cell_0064-0
1261,0.4027531147003174,human1_lib3.final_cell_0065-0
1262,0.626209557056427,human1_lib3.final_cell_0066-0
1263,1.7495388984680176,human1_lib3.final_cell_0067-0
1264,0.7561334371566772,human1_lib3.final_cell_0068-0
1265,0.3845422863960266,human1_lib3.final_cell_0069-0
1266,1.6287130117416382,human1_lib3.final_cell_0070-0
1267,0.4583287835121155,human1_lib3.final_cell_0071-0
1268,0.4218730330467224,human1_lib3.final_cell_0072-0
1269,1.7853950262069702,human1_lib3.final_cell_0073-0
1270,0.49374738335609436,human1_lib3.final_cell_0074-0
1271,0.5587649345397949,human1_lib3.final_cell_0075-0
1272,0.3845422863960266,human1_lib3.final_cell_0076-0
1273,0.5090637803077698,human1_lib3.final_cell_0077-0
1274,0.6267919540405273,human1_lib3.final_cell_0078-0
1275,0.3878004550933838,human1_lib3.final_cell_0079-0
1276,0.580402135848999,human1_lib3.final_cell_0080-0
1277,0.3845422863960266,human1_lib3.final_cell_0081-0
1278,2.294253349304199,human1_lib3.final_cell_0082-0
1279,0.8562192916870117,human1_lib3.final_cell_0083-0
1280,0.4827565550804138,human1_lib3.final_cell_0084-0
1281,0.3845422863960266,human1_lib3.final_cell_0085-0
1282,0.398206889629364,human1_lib3.final_cell_0086-0
1283,0.3845422863960266,human1_lib3.final_cell_0087-0
1284,0.4964093267917633,human1_lib3.final_cell_0088-0
1285,0.3845422863960266,human1_lib3.final_cell_0089-0
1286,0.5588926076889038,human1_lib3.final_cell_0090-0
1287,0.6942374110221863,human1_lib3.final_cell_0091-0
1288,0.3845422863960266,human1_lib3.final_cell_0092-0
1289,0.549285888671875,human1_lib3.final_cell_0093-0
1290,0.3845422863960266,human1_lib3.final_cell_0094-0
1291,0.3845422863960266,human1_lib3.final_cell_0095-0
1292,0.628526508808136,human1_lib3.final_cell_0096-0
1293,0.39378103613853455,human1_lib3.final_cell_0097-0
1294,0.3845422863960266,human1_lib3.final_cell_0098-0
1295,0.3845422863960266,human1_lib3.final_cell_0099-0
1296,0.6095172762870789,human1_lib3.final_cell_0100-0
1297,0.6591776013374329,human1_lib3.final_cell_0101-0
1298,0.7501453757286072,human1_lib3.final_cell_0102-0
1299,1.4960240125656128,human1_lib3.final_cell_0103-0
1300,0.5516272187232971,human1_lib3.final_cell_0104-0
1301,0.41094863414764404,human1_lib3.final_cell_0105-0
1302,2.7054214477539062,human1_lib3.final_cell_0106-0
1303,0.6493248343467712,human1_lib3.final_cell_0107-0
1304,0.3981911838054657,human1_lib3.final_cell_0108-0
1305,0.6182408332824707,human1_lib3.final_cell_0109-0
1306,1.570647954940796,human1_lib3.final_cell_0110-0
1307,2.288738965988159,human1_lib3.final_cell_0111-0
1308,2.4253878593444824,human1_lib3.final_cell_0112-0
1309,1.205349087715149,human1_lib3.final_cell_0113-0
1310,1.1199729442596436,human1_lib3.final_cell_0114-0
1311,2.037928342819214,human1_lib3.final_cell_0115-0
1312,1.0768260955810547,human1_lib3.final_cell_0116-0
1313,0.4094513952732086,human1_lib3.final_cell_0117-0
1314,2.100109577178955,human1_lib3.final_cell_0118-0
1315,0.3992966115474701,human1_lib3.final_cell_0119-0
1316,0.3845422863960266,human1_lib3.final_cell_0120-0
1317,0.3845422863960266,human1_lib3.final_cell_0121-0
1318,0.3845422863960266,human1_lib3.final_cell_0122-0
1319,0.9173398017883301,human1_lib3.final_cell_0123-0
1320,0.4907205402851105,human1_lib3.final_cell_0124-0
1321,0.3845422863960266,human1_lib3.final_cell_0125-0
1322,0.5676798820495605,human1_lib3.final_cell_0126-0
1323,0.3845422863960266,human1_lib3.final_cell_0127-0
1324,0.3845422863960266,human1_lib3.final_cell_0128-0
1325,0.49777355790138245,human1_lib3.final_cell_0129-0
1326,1.4187662601470947,human1_lib3.final_cell_0130-0
1327,0.3845422863960266,human1_lib3.final_cell_0131-0
1328,0.38550469279289246,human1_lib3.final_cell_0132-0
1329,0.9960923790931702,human1_lib3.final_cell_0133-0
1330,0.3845422863960266,human1_lib3.final_cell_0134-0
1331,0.7972171306610107,human1_lib3.final_cell_0135-0
1332,0.40252918004989624,human1_lib3.final_cell_0136-0
1333,0.38848164677619934,human1_lib3.final_cell_0137-0
1334,0.3845422863960266,human1_lib3.final_cell_0138-0
1335,2.728938341140747,human1_lib3.final_cell_0139-0
1336,0.4237380623817444,human1_lib3.final_cell_0140-0
1337,1.6188302040100098,human1_lib3.final_cell_0141-0
1338,0.4393687844276428,human1_lib3.final_cell_0142-0
1339,1.8320326805114746,human1_lib3.final_cell_0143-0
1340,0.4168652296066284,human1_lib3.final_cell_0144-0
1341,0.38654759526252747,human1_lib3.final_cell_0145-0
1342,2.2027931213378906,human1_lib3.final_cell_0146-0
1343,0.7363389134407043,human1_lib3.final_cell_0147-0
1344,0.3845422863960266,human1_lib3.final_cell_0148-0
1345,0.3845422863960266,human1_lib3.final_cell_0149-0
1346,2.288738965988159,human1_lib3.final_cell_0150-0
1347,2.4232823848724365,human1_lib3.final_cell_0151-0
1348,1.972945213317871,human1_lib3.final_cell_0152-0
1349,0.3936115503311157,human1_lib3.final_cell_0153-0
1350,0.6439292430877686,human1_lib3.final_cell_0154-0
1351,0.6870867013931274,human1_lib3.final_cell_0155-0
1352,1.4470769166946411,human1_lib3.final_cell_0156-0
1353,0.48873090744018555,human1_lib3.final_cell_0157-0
1354,0.3845422863960266,human1_lib3.final_cell_0158-0
1355,0.41959843039512634,human1_lib3.final_cell_0159-0
1356,0.4478609263896942,human1_lib3.final_cell_0160-0
1357,1.6326385736465454,human1_lib3.final_cell_0161-0
1358,0.5949779748916626,human1_lib3.final_cell_0162-0
1359,1.4557111263275146,human1_lib3.final_cell_0163-0
1360,0.3845422863960266,human1_lib3.final_cell_0164-0
1361,0.8146315813064575,human1_lib3.final_cell_0165-0
1362,0.3845422863960266,human1_lib3.final_cell_0166-0
1363,0.4632798731327057,human1_lib3.final_cell_0167-0
1364,0.4751274287700653,human1_lib3.final_cell_0168-0
1365,0.3845422863960266,human1_lib3.final_cell_0169-0
1366,0.6423029899597168,human1_lib3.final_cell_0170-0
1367,2.29211688041687,human1_lib3.final_cell_0171-0
1368,0.3845422863960266,human1_lib3.final_cell_0172-0
1369,0.5446934700012207,human1_lib3.final_cell_0173-0
1370,0.6537633538246155,human1_lib3.final_cell_0174-0
1371,0.5938740968704224,human1_lib3.final_cell_0175-0
1372,0.8402096033096313,human1_lib3.final_cell_0176-0
1373,0.8668343424797058,human1_lib3.final_cell_0177-0
1374,0.5823507308959961,human1_lib3.final_cell_0178-0
1375,2.288738965988159,human1_lib3.final_cell_0179-0
1376,0.6563295125961304,human1_lib3.final_cell_0180-0
1377,0.5336107015609741,human1_lib3.final_cell_0181-0
1378,0.5432628989219666,human1_lib3.final_cell_0182-0
1379,1.6674325466156006,human1_lib3.final_cell_0183-0
1380,1.7751264572143555,human1_lib3.final_cell_0184-0
1381,0.4802258610725403,human1_lib3.final_cell_0185-0
1382,0.3845422863960266,human1_lib3.final_cell_0186-0
1383,0.5052250027656555,human1_lib3.final_cell_0187-0
1384,1.3988803625106812,human1_lib3.final_cell_0188-0
1385,2.356671094894409,human1_lib3.final_cell_0189-0
1386,0.8203689455986023,human1_lib3.final_cell_0190-0
1387,0.7948803901672363,human1_lib3.final_cell_0191-0
1388,0.3845422863960266,human1_lib3.final_cell_0192-0
1389,2.5231611728668213,human1_lib3.final_cell_0193-0
1390,0.3845422863960266,human1_lib3.final_cell_0194-0
1391,0.6947215795516968,human1_lib3.final_cell_0195-0
1392,0.47333014011383057,human1_lib3.final_cell_0196-0
1393,1.627996802330017,human1_lib3.final_cell_0197-0
1394,0.3845422863960266,human1_lib3.final_cell_0198-0
1395,0.7172353267669678,human1_lib3.final_cell_0199-0
1396,0.5626234412193298,human1_lib3.final_cell_0200-0
1397,0.90724778175354,human1_lib3.final_cell_0201-0
1398,0.5838760733604431,human1_lib3.final_cell_0202-0
1399,0.5738732218742371,human1_lib3.final_cell_0203-0
1400,2.5247082710266113,human1_lib3.final_cell_0204-0
1401,1.653153896331787,human1_lib3.final_cell_0205-0
1402,0.8681946992874146,human1_lib3.final_cell_0206-0
1403,0.3845422863960266,human1_lib3.final_cell_0207-0
1404,0.3845422863960266,human1_lib3.final_cell_0208-0
1405,0.7263297438621521,human1_lib3.final_cell_0209-0
1406,0.7227661609649658,human1_lib3.final_cell_0210-0
1407,0.3845422863960266,human1_lib3.final_cell_0211-0
1408,0.3845422863960266,human1_lib3.final_cell_0212-0
1409,0.6278948783874512,human1_lib3.final_cell_0213-0
1410,0.3845422863960266,human1_lib3.final_cell_0214-0
1411,0.3845422863960266,human1_lib3.final_cell_0215-0
1412,0.687412440776825,human1_lib3.final_cell_0216-0
1413,1.672465443611145,human1_lib3.final_cell_0217-0
1414,1.5119074583053589,human1_lib3.final_cell_0218-0
1415,0.5292729735374451,human1_lib3.final_cell_0219-0
1416,0.3845422863960266,human1_lib3.final_cell_0220-0
1417,0.3845422863960266,human1_lib3.final_cell_0221-0
1418,0.384919673204422,human1_lib3.final_cell_0222-0
1419,2.356671094894409,human1_lib3.final_cell_0223-0
1420,0.4535713493824005,human1_lib3.final_cell_0224-0
1421,0.3845422863960266,human1_lib3.final_cell_0225-0
1422,0.48878002166748047,human1_lib3.final_cell_0226-0
1423,0.5179587602615356,human1_lib3.final_cell_0227-0
1424,0.3845422863960266,human1_lib3.final_cell_0228-0
1425,0.7201535105705261,human1_lib3.final_cell_0229-0
1426,0.3845422863960266,human1_lib3.final_cell_0230-0
1427,1.289032220840454,human1_lib3.final_cell_0231-0
1428,1.0574077367782593,human1_lib3.final_cell_0232-0
1429,0.3845422863960266,human1_lib3.final_cell_0233-0
1430,0.3845422863960266,human1_lib3.final_cell_0234-0
1431,1.5291354656219482,human1_lib3.final_cell_0235-0
1432,2.288738965988159,human1_lib3.final_cell_0236-0
1433,0.5296626687049866,human1_lib3.final_cell_0237-0
1434,1.4038468599319458,human1_lib3.final_cell_0238-0
1435,0.3845422863960266,human1_lib3.final_cell_0239-0
1436,0.415458083152771,human1_lib3.final_cell_0240-0
1437,2.1656816005706787,human1_lib3.final_cell_0241-0
1438,0.6450015902519226,human1_lib3.final_cell_0242-0
1439,2.1751251220703125,human1_lib3.final_cell_0243-0
1440,0.3972477614879608,human1_lib3.final_cell_0244-0
1441,0.7312427163124084,human1_lib3.final_cell_0245-0
1442,1.62832772731781,human1_lib3.final_cell_0246-0
1443,0.4903516471385956,human1_lib3.final_cell_0247-0
1444,0.5206447839736938,human1_lib3.final_cell_0248-0
1445,0.9150152802467346,human1_lib3.final_cell_0249-0
1446,0.3895767033100128,human1_lib3.final_cell_0250-0
1447,2.728938341140747,human1_lib3.final_cell_0251-0
1448,1.997965931892395,human1_lib3.final_cell_0252-0
1449,1.2637706995010376,human1_lib3.final_cell_0253-0
1450,0.3845422863960266,human1_lib3.final_cell_0254-0
1451,2.70786190032959,human1_lib3.final_cell_0255-0
1452,0.3845422863960266,human1_lib3.final_cell_0256-0
1453,0.5095824003219604,human1_lib3.final_cell_0257-0
1454,2.728938341140747,human1_lib3.final_cell_0258-0
1455,0.9780651330947876,human1_lib3.final_cell_0259-0
1456,0.7590112090110779,human1_lib3.final_cell_0260-0
1457,0.3845422863960266,human1_lib3.final_cell_0261-0
1458,0.4870395064353943,human1_lib3.final_cell_0262-0
1459,0.49244025349617004,human1_lib3.final_cell_0263-0
1460,0.49830442667007446,human1_lib3.final_cell_0264-0
1461,0.4046347737312317,human1_lib3.final_cell_0265-0
1462,0.3845422863960266,human1_lib3.final_cell_0266-0
1463,0.6135147213935852,human1_lib3.final_cell_0267-0
1464,0.4087509214878082,human1_lib3.final_cell_0268-0
1465,0.46654775738716125,human1_lib3.final_cell_0269-0
1466,0.9524009823799133,human1_lib3.final_cell_0270-0
1467,2.728938341140747,human1_lib3.final_cell_0271-0
1468,1.3089617490768433,human1_lib3.final_cell_0272-0
1469,0.49610966444015503,human1_lib3.final_cell_0273-0
1470,1.5730538368225098,human1_lib3.final_cell_0274-0
1471,0.44828417897224426,human1_lib3.final_cell_0275-0
1472,0.3845422863960266,human1_lib3.final_cell_0276-0
1473,0.3845422863960266,human1_lib3.final_cell_0277-0
1474,1.0130352973937988,human1_lib3.final_cell_0278-0
1475,2.2076284885406494,human1_lib3.final_cell_0279-0
1476,0.40025952458381653,human1_lib3.final_cell_0280-0
1477,0.6652554869651794,human1_lib3.final_cell_0281-0
1478,0.7116260528564453,human1_lib3.final_cell_0282-0
1479,0.3845422863960266,human1_lib3.final_cell_0283-0
1480,0.3845422863960266,human1_lib3.final_cell_0284-0
1481,0.3845422863960266,human1_lib3.final_cell_0285-0
1482,0.3845422863960266,human1_lib3.final_cell_0286-0
1483,0.7170568704605103,human1_lib3.final_cell_0287-0
1484,2.728938341140747,human1_lib3.final_cell_0288-0
1485,0.6634976267814636,human1_lib3.final_cell_0289-0
1486,0.43014559149742126,human1_lib3.final_cell_0290-0
1487,1.4886744022369385,human1_lib3.final_cell_0291-0
1488,0.5002874135971069,human1_lib3.final_cell_0292-0
1489,0.48359909653663635,human1_lib3.final_cell_0293-0
1490,0.7797088027000427,human1_lib3.final_cell_0294-0
1491,0.3944377601146698,human1_lib3.final_cell_0295-0
1492,0.48212558031082153,human1_lib3.final_cell_0296-0
1493,1.1723287105560303,human1_lib3.final_cell_0297-0
1494,0.4793098270893097,human1_lib3.final_cell_0298-0
1495,1.441591501235962,human1_lib3.final_cell_0299-0
1496,0.408932626247406,human1_lib3.final_cell_0300-0
1497,0.44291457533836365,human1_lib3.final_cell_0301-0
1498,0.3845422863960266,human1_lib3.final_cell_0302-0
1499,0.3845422863960266,human1_lib3.final_cell_0303-0
1500,0.519022524356842,human1_lib3.final_cell_0304-0
1501,0.5176653861999512,human1_lib3.final_cell_0305-0
1502,0.40946441888809204,human1_lib3.final_cell_0306-0
1503,0.3941637873649597,human1_lib3.final_cell_0307-0
1504,0.3845422863960266,human1_lib3.final_cell_0308-0
1505,0.49945229291915894,human1_lib3.final_cell_0309-0
1506,0.45804429054260254,human1_lib3.final_cell_0310-0
1507,1.0142033100128174,human1_lib3.final_cell_0311-0
1508,0.3845422863960266,human1_lib3.final_cell_0312-0
1509,2.728938341140747,human1_lib3.final_cell_0313-0
1510,0.41350674629211426,human1_lib3.final_cell_0314-0
1511,0.5872942209243774,human1_lib3.final_cell_0315-0
1512,1.1641204357147217,human1_lib3.final_cell_0316-0
1513,0.492372065782547,human1_lib3.final_cell_0317-0
1514,0.4254904091358185,human1_lib3.final_cell_0318-0
1515,0.7242807745933533,human1_lib3.final_cell_0319-0
1516,0.3845422863960266,human1_lib3.final_cell_0320-0
1517,0.4551392197608948,human1_lib3.final_cell_0321-0
1518,0.45210111141204834,human1_lib3.final_cell_0322-0
1519,0.41361701488494873,human1_lib3.final_cell_0323-0
1520,0.3845422863960266,human1_lib3.final_cell_0324-0
1521,0.40429794788360596,human1_lib3.final_cell_0325-0
1522,2.5247082710266113,human1_lib3.final_cell_0326-0
1523,1.467227816581726,human1_lib3.final_cell_0327-0
1524,1.617872953414917,human1_lib3.final_cell_0328-0
1525,0.9087175726890564,human1_lib3.final_cell_0329-0
1526,1.3616042137145996,human1_lib3.final_cell_0330-0
1527,0.6924005746841431,human1_lib3.final_cell_0331-0
1528,0.4153600335121155,human1_lib3.final_cell_0332-0
1529,0.3845422863960266,human1_lib3.final_cell_0333-0
1530,0.3877435028553009,human1_lib3.final_cell_0334-0
1531,0.6807912588119507,human1_lib3.final_cell_0335-0
1532,0.3845422863960266,human1_lib3.final_cell_0336-0
1533,0.8024330735206604,human1_lib3.final_cell_0337-0
1534,0.3845422863960266,human1_lib3.final_cell_0338-0
1535,0.7552607655525208,human1_lib3.final_cell_0339-0
1536,1.057665228843689,human1_lib3.final_cell_0340-0
1537,0.9484251737594604,human1_lib3.final_cell_0341-0
1538,0.411342054605484,human1_lib3.final_cell_0342-0
1539,0.5915729999542236,human1_lib3.final_cell_0343-0
1540,0.6655535697937012,human1_lib3.final_cell_0344-0
1541,0.45512017607688904,human1_lib3.final_cell_0345-0
1542,0.7822738885879517,human1_lib3.final_cell_0346-0
1543,0.3845422863960266,human1_lib3.final_cell_0347-0
1544,0.5183849334716797,human1_lib3.final_cell_0348-0
1545,0.5071336030960083,human1_lib3.final_cell_0349-0
1546,0.3845422863960266,human1_lib3.final_cell_0350-0
1547,2.356671094894409,human1_lib3.final_cell_0351-0
1548,0.40419426560401917,human1_lib3.final_cell_0352-0
1549,2.5177102088928223,human1_lib3.final_cell_0353-0
1550,0.41689082980155945,human1_lib3.final_cell_0354-0
1551,0.8035420775413513,human1_lib3.final_cell_0355-0
1552,0.7025313973426819,human1_lib3.final_cell_0356-0
1553,1.6491512060165405,human1_lib3.final_cell_0357-0
1554,0.48874449729919434,human1_lib3.final_cell_0358-0
1555,0.4414209723472595,human1_lib3.final_cell_0359-0
1556,0.8767078518867493,human1_lib3.final_cell_0360-0
1557,0.5837063193321228,human1_lib3.final_cell_0361-0
1558,1.008947730064392,human1_lib3.final_cell_0362-0
1559,0.6322565078735352,human1_lib3.final_cell_0363-0
1560,0.41720396280288696,human1_lib3.final_cell_0364-0
1561,0.6960839033126831,human1_lib3.final_cell_0365-0
1562,2.288738965988159,human1_lib3.final_cell_0366-0
1563,2.288738965988159,human1_lib3.final_cell_0367-0
1564,0.45532989501953125,human1_lib3.final_cell_0368-0
1565,0.7427310943603516,human1_lib3.final_cell_0369-0
1566,0.3863493800163269,human1_lib3.final_cell_0370-0
1567,1.0655698776245117,human1_lib3.final_cell_0371-0
1568,1.7264480590820312,human1_lib3.final_cell_0372-0
1569,0.4817524552345276,human1_lib3.final_cell_0373-0
1570,0.3845422863960266,human1_lib3.final_cell_0374-0
1571,0.4112008213996887,human1_lib3.final_cell_0375-0
1572,0.42474400997161865,human1_lib3.final_cell_0376-0
1573,0.3845422863960266,human1_lib3.final_cell_0377-0
1574,0.42351603507995605,human1_lib3.final_cell_0378-0
1575,1.7182928323745728,human1_lib3.final_cell_0379-0
1576,0.4695720374584198,human1_lib3.final_cell_0380-0
1577,1.0408718585968018,human1_lib3.final_cell_0381-0
1578,0.5691151022911072,human1_lib3.final_cell_0382-0
1579,0.5655969381332397,human1_lib3.final_cell_0383-0
1580,0.5449017286300659,human1_lib3.final_cell_0384-0
1581,1.6366082429885864,human1_lib3.final_cell_0385-0
1582,1.2529798746109009,human1_lib3.final_cell_0386-0
1583,0.5180721282958984,human1_lib3.final_cell_0387-0
1584,0.3845422863960266,human1_lib3.final_cell_0388-0
1585,0.4853834807872772,human1_lib3.final_cell_0389-0
1586,0.5840432047843933,human1_lib3.final_cell_0390-0
1587,0.8046171069145203,human1_lib3.final_cell_0391-0
1588,0.5872225165367126,human1_lib3.final_cell_0392-0
1589,0.5190662145614624,human1_lib3.final_cell_0393-0
1590,0.44027984142303467,human1_lib3.final_cell_0394-0
1591,0.6826804280281067,human1_lib3.final_cell_0395-0
1592,0.47183510661125183,human1_lib3.final_cell_0396-0
1593,0.5968856811523438,human1_lib3.final_cell_0397-0
1594,0.3845422863960266,human1_lib3.final_cell_0398-0
1595,0.4461551010608673,human1_lib3.final_cell_0399-0
1596,0.5363906621932983,human1_lib3.final_cell_0400-0
1597,0.8489969968795776,human1_lib3.final_cell_0401-0
1598,0.47969087958335876,human1_lib3.final_cell_0402-0
1599,0.49705827236175537,human1_lib3.final_cell_0403-0
1600,0.3845422863960266,human1_lib3.final_cell_0404-0
1601,0.4211030900478363,human1_lib3.final_cell_0405-0
1602,0.45670995116233826,human1_lib3.final_cell_0406-0
1603,1.4339113235473633,human1_lib3.final_cell_0407-0
1604,0.9702048897743225,human1_lib3.final_cell_0408-0
1605,1.653385877609253,human1_lib3.final_cell_0409-0
1606,0.3845422863960266,human1_lib3.final_cell_0410-0
1607,1.6833387613296509,human1_lib3.final_cell_0411-0
1608,0.5517184138298035,human1_lib3.final_cell_0412-0
1609,0.4708849787712097,human1_lib3.final_cell_0413-0
1610,1.585108995437622,human1_lib3.final_cell_0414-0
1611,1.5597903728485107,human1_lib3.final_cell_0415-0
1612,0.7810826301574707,human1_lib3.final_cell_0416-0
1613,2.5247082710266113,human1_lib3.final_cell_0417-0
1614,2.133517026901245,human1_lib3.final_cell_0418-0
1615,0.5724149346351624,human1_lib3.final_cell_0419-0
1616,0.7140886783599854,human1_lib3.final_cell_0420-0
1617,0.8786376714706421,human1_lib3.final_cell_0421-0
1618,0.3845422863960266,human1_lib3.final_cell_0422-0
1619,0.3981289267539978,human1_lib3.final_cell_0423-0
1620,0.9571537971496582,human1_lib3.final_cell_0424-0
1621,1.7101142406463623,human1_lib3.final_cell_0425-0
1622,0.5142600536346436,human1_lib3.final_cell_0426-0
1623,2.3385965824127197,human1_lib3.final_cell_0427-0
1624,1.4439315795898438,human1_lib3.final_cell_0428-0
1625,1.971008539199829,human1_lib3.final_cell_0429-0
1626,0.6605343818664551,human1_lib3.final_cell_0430-0
1627,2.356671094894409,human1_lib3.final_cell_0431-0
1628,0.38481375575065613,human1_lib3.final_cell_0432-0
1629,0.3845422863960266,human1_lib3.final_cell_0433-0
1630,0.4386177361011505,human1_lib3.final_cell_0434-0
1631,0.3845422863960266,human1_lib3.final_cell_0435-0
1632,0.5042964220046997,human1_lib3.final_cell_0436-0
1633,0.6041244864463806,human1_lib3.final_cell_0437-0
1634,2.0707411766052246,human1_lib3.final_cell_0438-0
1635,1.7930418252944946,human1_lib3.final_cell_0439-0
1636,0.3845422863960266,human1_lib3.final_cell_0440-0
1637,0.3845422863960266,human1_lib3.final_cell_0441-0
1638,0.938581645488739,human1_lib3.final_cell_0442-0
1639,0.5435304045677185,human1_lib3.final_cell_0443-0
1640,2.03670334815979,human1_lib3.final_cell_0444-0
1641,1.7062597274780273,human1_lib3.final_cell_0445-0
1642,0.6767033934593201,human1_lib3.final_cell_0446-0
1643,1.4510736465454102,human1_lib3.final_cell_0447-0
1644,1.6872787475585938,human1_lib3.final_cell_0448-0
1645,2.356671094894409,human1_lib3.final_cell_0449-0
1646,1.6489392518997192,human1_lib3.final_cell_0450-0
1647,0.9719047546386719,human1_lib3.final_cell_0451-0
1648,0.3845422863960266,human1_lib3.final_cell_0452-0
1649,0.7188385128974915,human1_lib3.final_cell_0453-0
1650,2.5247082710266113,human1_lib3.final_cell_0454-0
1651,0.3845422863960266,human1_lib3.final_cell_0455-0
1652,0.5122005343437195,human1_lib3.final_cell_0456-0
1653,1.6654826402664185,human1_lib3.final_cell_0457-0
1654,0.42772719264030457,human1_lib3.final_cell_0458-0
1655,0.5220305919647217,human1_lib3.final_cell_0459-0
1656,0.6476056575775146,human1_lib3.final_cell_0460-0
1657,0.7210054397583008,human1_lib3.final_cell_0461-0
1658,0.5478756427764893,human1_lib3.final_cell_0462-0
1659,1.126417875289917,human1_lib3.final_cell_0463-0
1660,0.3845422863960266,human1_lib3.final_cell_0464-0
1661,0.4805159568786621,human1_lib3.final_cell_0465-0
1662,0.40373215079307556,human1_lib3.final_cell_0466-0
1663,0.5715781450271606,human1_lib3.final_cell_0467-0
1664,0.6779133677482605,human1_lib3.final_cell_0468-0
1665,2.288738965988159,human1_lib3.final_cell_0469-0
1666,0.3845422863960266,human1_lib3.final_cell_0470-0
1667,0.9960423707962036,human1_lib3.final_cell_0471-0
1668,0.5581122636795044,human1_lib3.final_cell_0472-0
1669,1.9586464166641235,human1_lib3.final_cell_0473-0
1670,1.7325445413589478,human1_lib3.final_cell_0474-0
1671,0.7272222638130188,human1_lib3.final_cell_0475-0
1672,0.6288559436798096,human1_lib3.final_cell_0476-0
1673,0.573778510093689,human1_lib3.final_cell_0477-0
1674,0.840578019618988,human1_lib3.final_cell_0478-0
1675,0.40788131952285767,human1_lib3.final_cell_0479-0
1676,0.3845422863960266,human1_lib3.final_cell_0480-0
1677,1.1002665758132935,human1_lib3.final_cell_0481-0
1678,0.6459553241729736,human1_lib3.final_cell_0482-0
1679,1.0496610403060913,human1_lib3.final_cell_0483-0
1680,1.759260654449463,human1_lib3.final_cell_0484-0
1681,0.3882807791233063,human1_lib3.final_cell_0485-0
1682,0.48176077008247375,human1_lib3.final_cell_0486-0
1683,0.9135141968727112,human1_lib3.final_cell_0487-0
1684,0.3845422863960266,human1_lib3.final_cell_0488-0
1685,0.48026424646377563,human1_lib3.final_cell_0489-0
1686,0.9571664929389954,human1_lib3.final_cell_0490-0
1687,0.3845422863960266,human1_lib3.final_cell_0491-0
1688,0.3845422863960266,human1_lib3.final_cell_0492-0
1689,0.4019308090209961,human1_lib3.final_cell_0493-0
1690,0.5762476921081543,human1_lib3.final_cell_0494-0
1691,0.47972333431243896,human1_lib3.final_cell_0495-0
1692,0.42715099453926086,human1_lib3.final_cell_0496-0
1693,2.072067975997925,human1_lib3.final_cell_0497-0
1694,0.9580787420272827,human1_lib3.final_cell_0498-0
1695,2.227118968963623,human1_lib3.final_cell_0499-0
1696,0.8337815999984741,human1_lib3.final_cell_0500-0
1697,0.3845422863960266,human1_lib3.final_cell_0501-0
1698,0.3845422863960266,human1_lib3.final_cell_0502-0
1699,1.662272572517395,human1_lib3.final_cell_0503-0
1700,0.47679588198661804,human1_lib3.final_cell_0504-0
1701,0.6233197450637817,human1_lib3.final_cell_0505-0
1702,0.6324223279953003,human1_lib3.final_cell_0506-0
1703,1.1250340938568115,human1_lib3.final_cell_0507-0
1704,1.4056373834609985,human1_lib3.final_cell_0508-0
1705,0.3845422863960266,human1_lib3.final_cell_0509-0
1706,2.356671094894409,human1_lib3.final_cell_0510-0
1707,2.356671094894409,human1_lib3.final_cell_0511-0
1708,0.3845422863960266,human1_lib3.final_cell_0512-0
1709,0.3895549476146698,human1_lib3.final_cell_0513-0
1710,0.8668580651283264,human1_lib3.final_cell_0514-0
1711,0.3845422863960266,human1_lib3.final_cell_0515-0
1712,2.288738965988159,human1_lib3.final_cell_0516-0
1713,0.3845422863960266,human1_lib3.final_cell_0517-0
1714,0.563643753528595,human1_lib3.final_cell_0518-0
1715,2.356671094894409,human1_lib3.final_cell_0519-0
1716,1.21719491481781,human1_lib3.final_cell_0520-0
1717,0.3845422863960266,human1_lib3.final_cell_0521-0
1718,0.3845422863960266,human1_lib3.final_cell_0522-0
1719,2.356671094894409,human1_lib3.final_cell_0523-0
1720,0.731794536113739,human1_lib3.final_cell_0524-0
1721,0.41792917251586914,human1_lib3.final_cell_0525-0
1722,0.3845422863960266,human1_lib3.final_cell_0526-0
1723,0.47095122933387756,human1_lib3.final_cell_0527-0
1724,0.6555503010749817,human1_lib3.final_cell_0528-0
1725,1.4684829711914062,human1_lib3.final_cell_0529-0
1726,2.288738965988159,human1_lib3.final_cell_0530-0
1727,1.5043331384658813,human1_lib3.final_cell_0531-0
1728,1.2815349102020264,human1_lib3.final_cell_0532-0
1729,2.356671094894409,human1_lib3.final_cell_0533-0
1730,2.5247082710266113,human1_lib3.final_cell_0534-0
1731,1.1721165180206299,human1_lib3.final_cell_0535-0
1732,1.9226360321044922,human1_lib3.final_cell_0536-0
1733,0.9049738645553589,human1_lib3.final_cell_0537-0
1734,0.3845422863960266,human1_lib3.final_cell_0538-0
1735,1.6925009489059448,human1_lib3.final_cell_0539-0
1736,0.9317004084587097,human1_lib3.final_cell_0540-0
1737,1.866110920906067,human1_lib3.final_cell_0541-0
1738,0.44922053813934326,human1_lib3.final_cell_0542-0
1739,0.3845422863960266,human1_lib3.final_cell_0543-0
1740,2.356671094894409,human1_lib3.final_cell_0544-0
1741,0.3845422863960266,human1_lib3.final_cell_0545-0
1742,2.288738965988159,human1_lib3.final_cell_0546-0
1743,1.3211863040924072,human1_lib3.final_cell_0547-0
1744,2.475914716720581,human1_lib3.final_cell_0548-0
1745,0.5148314237594604,human1_lib3.final_cell_0549-0
1746,0.44260498881340027,human1_lib3.final_cell_0550-0
1747,0.3845422863960266,human1_lib3.final_cell_0551-0
1748,2.0402753353118896,human1_lib3.final_cell_0552-0
1749,0.471436470746994,human1_lib3.final_cell_0553-0
1750,0.3845422863960266,human1_lib3.final_cell_0554-0
1751,1.6526296138763428,human1_lib3.final_cell_0555-0
1752,0.4078010618686676,human1_lib3.final_cell_0556-0
1753,0.3845422863960266,human1_lib3.final_cell_0557-0
1754,1.6992006301879883,human1_lib3.final_cell_0558-0
1755,0.3845422863960266,human1_lib3.final_cell_0559-0
1756,1.2758020162582397,human1_lib3.final_cell_0560-0
1757,0.7811805009841919,human1_lib3.final_cell_0561-0
1758,0.8714706301689148,human1_lib3.final_cell_0562-0
1759,0.5639225244522095,human1_lib3.final_cell_0563-0
1760,0.3845422863960266,human1_lib3.final_cell_0564-0
1761,0.4565620720386505,human1_lib3.final_cell_0565-0
1762,0.5104234218597412,human1_lib3.final_cell_0566-0
1763,1.9471694231033325,human1_lib3.final_cell_0567-0
1764,0.9523624777793884,human1_lib3.final_cell_0568-0
1765,2.356671094894409,human1_lib3.final_cell_0569-0
1766,0.5430184602737427,human1_lib3.final_cell_0570-0
1767,1.1652661561965942,human1_lib3.final_cell_0571-0
1768,0.8580796718597412,human1_lib3.final_cell_0572-0
1769,0.772348940372467,human1_lib3.final_cell_0573-0
1770,1.9701403379440308,human1_lib3.final_cell_0574-0
1771,2.3400325775146484,human1_lib3.final_cell_0575-0
1772,0.5087293982505798,human1_lib3.final_cell_0576-0
1773,0.3845422863960266,human1_lib3.final_cell_0577-0
1774,2.1243741512298584,human1_lib3.final_cell_0578-0
1775,0.3845422863960266,human1_lib3.final_cell_0579-0
1776,0.4016391932964325,human1_lib3.final_cell_0580-0
1777,1.1910550594329834,human1_lib3.final_cell_0581-0
1778,2.455955982208252,human1_lib3.final_cell_0582-0
1779,0.49531593918800354,human1_lib3.final_cell_0583-0
1780,1.079465389251709,human1_lib3.final_cell_0584-0
1781,0.9243201613426208,human1_lib3.final_cell_0585-0
1782,1.5969693660736084,human1_lib3.final_cell_0586-0
1783,1.0052207708358765,human1_lib3.final_cell_0587-0
1784,0.3845422863960266,human1_lib3.final_cell_0588-0
1785,2.356671094894409,human1_lib3.final_cell_0589-0
1786,2.356671094894409,human1_lib3.final_cell_0590-0
1787,2.429452657699585,human1_lib3.final_cell_0591-0
1788,1.0217981338500977,human1_lib3.final_cell_0592-0
1789,0.4454621970653534,human1_lib3.final_cell_0593-0
1790,1.0205835103988647,human1_lib3.final_cell_0594-0
1791,1.828957200050354,human1_lib3.final_cell_0595-0
1792,0.4881493151187897,human1_lib3.final_cell_0596-0
1793,2.288738965988159,human1_lib3.final_cell_0597-0
1794,1.859361171722412,human1_lib3.final_cell_0598-0
1795,1.1084562540054321,human1_lib3.final_cell_0599-0
1796,1.7880628108978271,human1_lib3.final_cell_0600-0
1797,1.7959978580474854,human1_lib3.final_cell_0601-0
1798,1.9885791540145874,human1_lib3.final_cell_0602-0
1799,1.542061686515808,human1_lib3.final_cell_0603-0
1800,2.728938341140747,human1_lib3.final_cell_0604-0
1801,0.528131902217865,human1_lib3.final_cell_0605-0
1802,0.7531658411026001,human1_lib3.final_cell_0606-0
1803,1.0953961610794067,human1_lib3.final_cell_0607-0
1804,0.403491348028183,human1_lib3.final_cell_0608-0
1805,0.393392413854599,human1_lib3.final_cell_0609-0
1806,2.288738965988159,human1_lib3.final_cell_0610-0
1807,2.2943084239959717,human1_lib3.final_cell_0611-0
1808,0.43860870599746704,human1_lib3.final_cell_0612-0
1809,2.288738965988159,human1_lib3.final_cell_0613-0
1810,1.4744352102279663,human1_lib3.final_cell_0614-0
1811,2.2952358722686768,human1_lib3.final_cell_0615-0
1812,0.6188704967498779,human1_lib3.final_cell_0616-0
1813,0.3845422863960266,human1_lib3.final_cell_0617-0
1814,2.1971025466918945,human1_lib3.final_cell_0618-0
1815,0.4412844479084015,human1_lib3.final_cell_0619-0
1816,0.7967405915260315,human1_lib3.final_cell_0620-0
1817,1.9888312816619873,human1_lib3.final_cell_0621-0
1818,0.9478846788406372,human1_lib3.final_cell_0622-0
1819,2.288738965988159,human1_lib3.final_cell_0623-0
1820,1.9973989725112915,human1_lib3.final_cell_0624-0
1821,1.9932702779769897,human1_lib3.final_cell_0625-0
1822,0.4051831364631653,human1_lib3.final_cell_0626-0
1823,2.104351043701172,human1_lib3.final_cell_0627-0
1824,2.044771909713745,human1_lib3.final_cell_0628-0
1825,0.3845422863960266,human1_lib3.final_cell_0629-0
1826,0.5232541561126709,human1_lib3.final_cell_0630-0
1827,1.739691138267517,human1_lib3.final_cell_0631-0
1828,1.7816933393478394,human1_lib3.final_cell_0632-0
1829,0.3845422863960266,human1_lib3.final_cell_0633-0
1830,0.39098450541496277,human1_lib3.final_cell_0634-0
1831,1.6885260343551636,human1_lib3.final_cell_0635-0
1832,1.3329381942749023,human1_lib3.final_cell_0636-0
1833,1.775634527206421,human1_lib3.final_cell_0637-0
1834,1.855080485343933,human1_lib3.final_cell_0638-0
1835,0.5422054529190063,human1_lib3.final_cell_0639-0
1836,1.993393063545227,human1_lib3.final_cell_0640-0
1837,2.728938341140747,human1_lib3.final_cell_0641-0
1838,0.452901691198349,human1_lib3.final_cell_0642-0
1839,0.5290867686271667,human1_lib3.final_cell_0643-0
1840,0.4285455048084259,human1_lib3.final_cell_0644-0
1841,0.3845422863960266,human1_lib3.final_cell_0645-0
1842,0.4318588972091675,human1_lib3.final_cell_0646-0
1843,0.44672104716300964,human1_lib3.final_cell_0647-0
1844,0.518193244934082,human1_lib3.final_cell_0648-0
1845,2.356671094894409,human1_lib3.final_cell_0649-0
1846,2.288738965988159,human1_lib3.final_cell_0650-0
1847,0.3913362920284271,human1_lib3.final_cell_0651-0
1848,0.4279068410396576,human1_lib3.final_cell_0652-0
1849,0.41680529713630676,human1_lib3.final_cell_0653-0
1850,0.5631957054138184,human1_lib3.final_cell_0654-0
1851,0.7874731421470642,human1_lib3.final_cell_0655-0
1852,1.8040210008621216,human1_lib3.final_cell_0656-0
1853,1.732433795928955,human1_lib3.final_cell_0657-0
1854,0.3845422863960266,human1_lib3.final_cell_0658-0
1855,0.47984614968299866,human1_lib3.final_cell_0659-0
1856,0.9712440371513367,human1_lib3.final_cell_0660-0
1857,1.8547425270080566,human1_lib3.final_cell_0661-0
1858,1.6852325201034546,human1_lib3.final_cell_0662-0
1859,0.5293527841567993,human1_lib3.final_cell_0663-0
1860,1.9067426919937134,human1_lib3.final_cell_0664-0
1861,1.0071712732315063,human1_lib3.final_cell_0665-0
1862,0.3845422863960266,human1_lib3.final_cell_0666-0
1863,0.486526757478714,human1_lib3.final_cell_0667-0
1864,1.0305981636047363,human1_lib3.final_cell_0668-0
1865,0.41035157442092896,human1_lib3.final_cell_0669-0
1866,0.6568805575370789,human1_lib3.final_cell_0670-0
1867,2.3433823585510254,human1_lib3.final_cell_0671-0
1868,0.7854747772216797,human1_lib3.final_cell_0672-0
1869,2.1394965648651123,human1_lib3.final_cell_0673-0
1870,0.5932203531265259,human1_lib3.final_cell_0674-0
1871,1.7563300132751465,human1_lib3.final_cell_0675-0
1872,2.151250123977661,human1_lib3.final_cell_0676-0
1873,0.7883235216140747,human1_lib3.final_cell_0677-0
1874,0.7848764061927795,human1_lib3.final_cell_0678-0
1875,1.8028730154037476,human1_lib3.final_cell_0679-0
1876,1.8732948303222656,human1_lib3.final_cell_0680-0
1877,2.1600754261016846,human1_lib3.final_cell_0681-0
1878,0.4765203595161438,human1_lib3.final_cell_0682-0
1879,0.7587131857872009,human1_lib3.final_cell_0683-0
1880,1.2349034547805786,human1_lib3.final_cell_0684-0
1881,2.6957778930664062,human1_lib3.final_cell_0685-0
1882,0.7359099388122559,human1_lib3.final_cell_0686-0
1883,2.728938341140747,human1_lib3.final_cell_0687-0
1884,0.3845422863960266,human1_lib3.final_cell_0688-0
1885,0.3845422863960266,human1_lib3.final_cell_0689-0
1886,2.288738965988159,human1_lib3.final_cell_0690-0
1887,2.728938341140747,human1_lib3.final_cell_0691-0
1888,1.4028631448745728,human1_lib3.final_cell_0692-0
1889,1.8157563209533691,human1_lib3.final_cell_0693-0
1890,2.356671094894409,human1_lib3.final_cell_0694-0
1891,0.7383384704589844,human1_lib3.final_cell_0695-0
1892,0.5784000754356384,human1_lib3.final_cell_0696-0
1893,2.487562894821167,human1_lib3.final_cell_0697-0
1894,2.251174211502075,human1_lib3.final_cell_0698-0
1895,1.145904541015625,human1_lib3.final_cell_0699-0
1896,0.4231172204017639,human1_lib3.final_cell_0700-0
1897,0.8569722175598145,human1_lib3.final_cell_0701-0
1898,0.41742613911628723,human1_lib3.final_cell_0702-0
1899,0.3845422863960266,human1_lib3.final_cell_0703-0
1900,2.288738965988159,human1_lib3.final_cell_0704-0
1901,0.3845422863960266,human1_lib3.final_cell_0705-0
1902,0.7237489819526672,human1_lib3.final_cell_0706-0
1903,0.5544613599777222,human1_lib3.final_cell_0707-0
1904,1.0508180856704712,human1_lib3.final_cell_0708-0
1905,0.44265875220298767,human1_lib3.final_cell_0709-0
1906,2.097414970397949,human1_lib3.final_cell_0710-0
1907,2.356671094894409,human1_lib3.final_cell_0711-0
1908,2.288738965988159,human1_lib3.final_cell_0712-0
1909,0.3845422863960266,human1_lib3.final_cell_0713-0
1910,2.5139551162719727,human1_lib3.final_cell_0714-0
1911,0.6699870824813843,human1_lib3.final_cell_0715-0
1912,0.460456520318985,human1_lib3.final_cell_0716-0
1913,0.38739681243896484,human1_lib3.final_cell_0717-0
1914,0.38681915402412415,human1_lib3.final_cell_0718-0
1915,0.44477948546409607,human1_lib3.final_cell_0719-0
1916,2.356671094894409,human1_lib3.final_cell_0720-0
1917,2.288738965988159,human1_lib3.final_cell_0721-0
1918,1.895990252494812,human1_lib3.final_cell_0722-0
1919,2.728938341140747,human1_lib3.final_cell_0723-0
1920,0.6574010848999023,human1_lib3.final_cell_0724-0
1921,0.4660993218421936,human1_lib3.final_cell_0725-0
1922,1.7625980377197266,human1_lib3.final_cell_0726-0
1923,1.9056543111801147,human1_lib3.final_cell_0727-0
1924,1.8747191429138184,human1_lib3.final_cell_0728-0
1925,0.46648505330085754,human1_lib3.final_cell_0729-0
1926,0.42190319299697876,human1_lib3.final_cell_0730-0
1927,1.361195683479309,human1_lib3.final_cell_0731-0
1928,0.5835005044937134,human1_lib3.final_cell_0732-0
1929,0.39125174283981323,human1_lib3.final_cell_0733-0
1930,0.7976185083389282,human1_lib3.final_cell_0734-0
1931,0.6491991877555847,human1_lib3.final_cell_0735-0
1932,2.356671094894409,human1_lib3.final_cell_0736-0
1933,0.4165668189525604,human1_lib3.final_cell_0737-0
1934,2.356671094894409,human1_lib3.final_cell_0738-0
1935,0.6809361577033997,human1_lib3.final_cell_0739-0
1936,2.501854658126831,human1_lib3.final_cell_0740-0
