cell_index,cell_id,predicted_label,true_label,aligned_predicted_label,batch
0,W31105,0,7MEP,7MEP,single_batch
1,W31106,3,15Mo,14Mo,single_batch
2,W31107,2,3Ery,3Ery,single_batch
3,W31108,4,15Mo,16Neu,single_batch
4,W31109,2,3Ery,3Ery,single_batch
5,W31110,4,15Mo,16Neu,single_batch
6,W31111,2,4Ery,3Ery,single_batch
7,W31113,0,2Ery,7MEP,single_batch
8,W31114,2,3Ery,3Ery,single_batch
9,W31115,5,2Ery,5Ery,single_batch
10,W31116,5,2Ery,5Ery,single_batch
11,W31117,1,17Neu,10GMP,single_batch
12,W31118,3,14Mo,14Mo,single_batch
13,W31119,1,13Baso,10GMP,single_batch
14,W31120,5,3Ery,5Ery,single_batch
15,W31121,0,7MEP,7MEP,single_batch
16,W31122,2,3Ery,3Ery,single_batch
17,W31123,5,3Ery,5Ery,single_batch
18,W31124,6,2Ery,2Ery,single_batch
19,W31125,0,8Mk,7MEP,single_batch
20,W31126,5,3Ery,5Ery,single_batch
21,W31127,1,9GMP,10GMP,single_batch
22,W31128,0,8Mk,7MEP,single_batch
23,W31129,1,10GMP,10GMP,single_batch
24,W31130,1,15Mo,10GMP,single_batch
25,W31131,4,16Neu,16Neu,single_batch
26,W31132,5,4Ery,5Ery,single_batch
27,W31133,1,13Baso,10GMP,single_batch
28,W31134,1,17Neu,10GMP,single_batch
29,W31136,2,3Ery,3Ery,single_batch
30,W31137,5,2Ery,5Ery,single_batch
31,W31138,2,3Ery,3Ery,single_batch
32,W31139,5,5Ery,5Ery,single_batch
33,W31140,5,3Ery,5Ery,single_batch
34,W31141,1,13Baso,10GMP,single_batch
35,W31142,6,1Ery,2Ery,single_batch
36,W31143,2,3Ery,3Ery,single_batch
37,W31144,2,6Ery,3Ery,single_batch
38,W31145,1,15Mo,10GMP,single_batch
39,W31146,5,3Ery,5Ery,single_batch
40,W31147,5,3Ery,5Ery,single_batch
41,W31148,3,14Mo,14Mo,single_batch
42,W31149,7,19Lymph,19Lymph,single_batch
43,W31150,1,12Baso,10GMP,single_batch
44,W31151,2,3Ery,3Ery,single_batch
45,W31152,3,14Mo,14Mo,single_batch
46,W31153,5,6Ery,5Ery,single_batch
47,W31154,2,4Ery,3Ery,single_batch
48,W31155,0,7MEP,7MEP,single_batch
49,W31156,6,2Ery,2Ery,single_batch
50,W31157,1,13Baso,10GMP,single_batch
51,W31158,4,14Mo,16Neu,single_batch
52,W31159,5,6Ery,5Ery,single_batch
53,W31160,1,18Eos,10GMP,single_batch
54,W31161,5,4Ery,5Ery,single_batch
55,W31162,5,3Ery,5Ery,single_batch
56,W31163,5,3Ery,5Ery,single_batch
57,W31164,3,14Mo,14Mo,single_batch
58,W31165,6,2Ery,2Ery,single_batch
59,W31166,3,13Baso,14Mo,single_batch
60,W31167,6,2Ery,2Ery,single_batch
61,W31168,3,13Baso,14Mo,single_batch
62,W31169,1,13Baso,10GMP,single_batch
63,W31170,3,14Mo,14Mo,single_batch
64,W31171,0,7MEP,7MEP,single_batch
65,W31172,2,7MEP,3Ery,single_batch
66,W31173,0,7MEP,7MEP,single_batch
67,W31174,1,10GMP,10GMP,single_batch
68,W31175,1,12Baso,10GMP,single_batch
69,W31176,5,6Ery,5Ery,single_batch
70,W31177,5,5Ery,5Ery,single_batch
71,W31178,5,5Ery,5Ery,single_batch
72,W31179,4,14Mo,16Neu,single_batch
73,W31180,5,4Ery,5Ery,single_batch
74,W31181,4,16Neu,16Neu,single_batch
75,W31182,4,16Neu,16Neu,single_batch
76,W31183,2,3Ery,3Ery,single_batch
77,W31184,5,2Ery,5Ery,single_batch
78,W31185,5,6Ery,5Ery,single_batch
79,W31186,1,13Baso,10GMP,single_batch
80,W31187,1,13Baso,10GMP,single_batch
81,W31188,1,10GMP,10GMP,single_batch
82,W31189,4,14Mo,16Neu,single_batch
83,W31190,5,5Ery,5Ery,single_batch
84,W31191,0,7MEP,7MEP,single_batch
85,W31192,0,7MEP,7MEP,single_batch
86,W31193,5,5Ery,5Ery,single_batch
87,W31194,5,6Ery,5Ery,single_batch
88,W31195,6,2Ery,2Ery,single_batch
89,W31196,1,10GMP,10GMP,single_batch
90,W31197,1,10GMP,10GMP,single_batch
91,W31198,5,2Ery,5Ery,single_batch
92,W31199,0,7MEP,7MEP,single_batch
93,W31200,5,6Ery,5Ery,single_batch
94,W31201,0,7MEP,7MEP,single_batch
95,W31202,3,14Mo,14Mo,single_batch
96,W31203,3,16Neu,14Mo,single_batch
97,W31204,1,10GMP,10GMP,single_batch
98,W31205,5,3Ery,5Ery,single_batch
99,W31206,2,3Ery,3Ery,single_batch
100,W31207,3,13Baso,14Mo,single_batch
101,W31209,6,1Ery,2Ery,single_batch
102,W31210,3,14Mo,14Mo,single_batch
103,W31211,3,15Mo,14Mo,single_batch
104,W31212,5,2Ery,5Ery,single_batch
105,W31213,5,5Ery,5Ery,single_batch
106,W31214,6,2Ery,2Ery,single_batch
107,W31215,5,5Ery,5Ery,single_batch
108,W31217,2,3Ery,3Ery,single_batch
109,W31218,3,14Mo,14Mo,single_batch
110,W31219,1,10GMP,10GMP,single_batch
111,W31220,6,2Ery,2Ery,single_batch
112,W31221,0,7MEP,7MEP,single_batch
113,W31222,5,4Ery,5Ery,single_batch
114,W31223,1,9GMP,10GMP,single_batch
115,W31224,0,7MEP,7MEP,single_batch
116,W31225,6,3Ery,2Ery,single_batch
117,W31226,4,16Neu,16Neu,single_batch
118,W31227,8,11DC,11DC,single_batch
119,W31228,7,10GMP,19Lymph,single_batch
120,W31229,2,6Ery,3Ery,single_batch
121,W31230,5,3Ery,5Ery,single_batch
122,W31231,6,2Ery,2Ery,single_batch
123,W31232,5,5Ery,5Ery,single_batch
124,W31233,6,2Ery,2Ery,single_batch
125,W31234,5,2Ery,5Ery,single_batch
126,W31236,5,5Ery,5Ery,single_batch
127,W31237,3,14Mo,14Mo,single_batch
128,W31238,5,5Ery,5Ery,single_batch
129,W31239,3,14Mo,14Mo,single_batch
130,W31240,2,3Ery,3Ery,single_batch
131,W31241,5,2Ery,5Ery,single_batch
132,W31242,4,16Neu,16Neu,single_batch
133,W31243,6,2Ery,2Ery,single_batch
134,W31244,1,13Baso,10GMP,single_batch
135,W31245,1,16Neu,10GMP,single_batch
136,W31246,6,2Ery,2Ery,single_batch
137,W31247,2,3Ery,3Ery,single_batch
138,W31248,5,3Ery,5Ery,single_batch
139,W31249,3,14Mo,14Mo,single_batch
140,W31250,5,5Ery,5Ery,single_batch
141,W31251,4,16Neu,16Neu,single_batch
142,W31252,3,14Mo,14Mo,single_batch
143,W31253,1,14Mo,10GMP,single_batch
144,W31254,3,13Baso,14Mo,single_batch
145,W31255,5,3Ery,5Ery,single_batch
146,W31256,1,14Mo,10GMP,single_batch
147,W31257,0,7MEP,7MEP,single_batch
148,W31259,1,14Mo,10GMP,single_batch
149,W31260,1,10GMP,10GMP,single_batch
150,W31262,0,2Ery,7MEP,single_batch
151,W31263,1,14Mo,10GMP,single_batch
152,W31264,1,15Mo,10GMP,single_batch
153,W31265,3,14Mo,14Mo,single_batch
154,W31266,4,16Neu,16Neu,single_batch
155,W31267,7,10GMP,19Lymph,single_batch
156,W31268,0,7MEP,7MEP,single_batch
157,W31269,5,5Ery,5Ery,single_batch
158,W31270,1,16Neu,10GMP,single_batch
159,W31271,6,2Ery,2Ery,single_batch
160,W31272,1,16Neu,10GMP,single_batch
161,W31273,1,14Mo,10GMP,single_batch
162,W31274,1,10GMP,10GMP,single_batch
163,W31275,4,16Neu,16Neu,single_batch
164,W31276,0,8Mk,7MEP,single_batch
165,W31277,0,7MEP,7MEP,single_batch
166,W31278,3,14Mo,14Mo,single_batch
167,W31279,1,7MEP,10GMP,single_batch
168,W31280,5,2Ery,5Ery,single_batch
169,W31281,3,14Mo,14Mo,single_batch
170,W31282,1,14Mo,10GMP,single_batch
171,W31283,5,4Ery,5Ery,single_batch
172,W31284,5,5Ery,5Ery,single_batch
173,W31285,1,14Mo,10GMP,single_batch
174,W31286,1,14Mo,10GMP,single_batch
175,W31287,0,10GMP,7MEP,single_batch
176,W31288,0,6Ery,7MEP,single_batch
177,W31289,5,5Ery,5Ery,single_batch
178,W31290,1,14Mo,10GMP,single_batch
179,W31291,2,3Ery,3Ery,single_batch
180,W31292,5,5Ery,5Ery,single_batch
181,W31293,4,15Mo,16Neu,single_batch
182,W31294,5,5Ery,5Ery,single_batch
183,W31295,3,14Mo,14Mo,single_batch
184,W31296,3,16Neu,14Mo,single_batch
185,W31297,1,8Mk,10GMP,single_batch
186,W31298,2,3Ery,3Ery,single_batch
187,W31299,3,14Mo,14Mo,single_batch
188,W31300,1,12Baso,10GMP,single_batch
189,W31301,4,14Mo,16Neu,single_batch
190,W31302,2,3Ery,3Ery,single_batch
191,W31303,5,5Ery,5Ery,single_batch
192,W31305,1,16Neu,10GMP,single_batch
193,W31306,4,15Mo,16Neu,single_batch
194,W31307,3,13Baso,14Mo,single_batch
195,W31309,5,5Ery,5Ery,single_batch
196,W31310,2,3Ery,3Ery,single_batch
197,W31311,1,13Baso,10GMP,single_batch
198,W31312,1,12Baso,10GMP,single_batch
199,W31313,0,8Mk,7MEP,single_batch
200,W31314,0,7MEP,7MEP,single_batch
201,W31315,5,6Ery,5Ery,single_batch
202,W31316,5,2Ery,5Ery,single_batch
203,W31317,2,3Ery,3Ery,single_batch
204,W31318,5,3Ery,5Ery,single_batch
205,W31319,3,15Mo,14Mo,single_batch
206,W31321,2,3Ery,3Ery,single_batch
207,W31322,5,3Ery,5Ery,single_batch
208,W31323,2,3Ery,3Ery,single_batch
209,W31324,0,8Mk,7MEP,single_batch
210,W31325,5,2Ery,5Ery,single_batch
211,W31326,5,2Ery,5Ery,single_batch
212,W31327,3,14Mo,14Mo,single_batch
213,W31328,2,3Ery,3Ery,single_batch
214,W31329,3,15Mo,14Mo,single_batch
215,W31330,3,14Mo,14Mo,single_batch
216,W31331,0,7MEP,7MEP,single_batch
217,W31332,1,15Mo,10GMP,single_batch
218,W31333,5,3Ery,5Ery,single_batch
219,W31334,5,3Ery,5Ery,single_batch
220,W31335,1,13Baso,10GMP,single_batch
221,W31336,3,15Mo,14Mo,single_batch
222,W31337,5,3Ery,5Ery,single_batch
223,W31338,3,15Mo,14Mo,single_batch
224,W31339,3,13Baso,14Mo,single_batch
225,W31340,5,3Ery,5Ery,single_batch
226,W31341,4,15Mo,16Neu,single_batch
227,W31342,4,15Mo,16Neu,single_batch
228,W31343,3,13Baso,14Mo,single_batch
229,W31344,9,19Lymph,6Ery,single_batch
230,W31345,5,4Ery,5Ery,single_batch
231,W31346,5,3Ery,5Ery,single_batch
232,W31347,3,14Mo,14Mo,single_batch
233,W31348,5,4Ery,5Ery,single_batch
234,W31349,0,6Ery,7MEP,single_batch
235,W31350,4,16Neu,16Neu,single_batch
236,W31351,3,14Mo,14Mo,single_batch
237,W31353,6,3Ery,2Ery,single_batch
238,W31354,0,17Neu,7MEP,single_batch
239,W31355,3,15Mo,14Mo,single_batch
240,W31356,5,4Ery,5Ery,single_batch
241,W31357,2,3Ery,3Ery,single_batch
242,W31358,5,6Ery,5Ery,single_batch
243,W31359,3,14Mo,14Mo,single_batch
244,W31360,2,3Ery,3Ery,single_batch
245,W31361,1,16Neu,10GMP,single_batch
246,W31362,3,14Mo,14Mo,single_batch
247,W31363,3,15Mo,14Mo,single_batch
248,W31364,0,7MEP,7MEP,single_batch
249,W31365,1,13Baso,10GMP,single_batch
250,W31366,4,15Mo,16Neu,single_batch
251,W31367,3,14Mo,14Mo,single_batch
252,W31368,2,3Ery,3Ery,single_batch
253,W31369,6,2Ery,2Ery,single_batch
254,W31370,5,2Ery,5Ery,single_batch
255,W31371,3,14Mo,14Mo,single_batch
256,W31372,6,2Ery,2Ery,single_batch
257,W31373,4,13Baso,16Neu,single_batch
258,W31374,5,2Ery,5Ery,single_batch
259,W31375,2,3Ery,3Ery,single_batch
260,W31376,1,13Baso,10GMP,single_batch
261,W31377,1,12Baso,10GMP,single_batch
262,W31378,6,2Ery,2Ery,single_batch
263,W31379,1,10GMP,10GMP,single_batch
264,W31380,5,5Ery,5Ery,single_batch
265,W31381,3,13Baso,14Mo,single_batch
266,W31382,2,3Ery,3Ery,single_batch
267,W31383,1,9GMP,10GMP,single_batch
268,W31386,4,15Mo,16Neu,single_batch
269,W31387,5,2Ery,5Ery,single_batch
270,W31388,1,10GMP,10GMP,single_batch
271,W31389,5,5Ery,5Ery,single_batch
272,W31390,5,5Ery,5Ery,single_batch
273,W31391,6,2Ery,2Ery,single_batch
274,W31392,1,14Mo,10GMP,single_batch
275,W31393,1,13Baso,10GMP,single_batch
276,W31394,6,2Ery,2Ery,single_batch
277,W31395,3,14Mo,14Mo,single_batch
278,W31396,4,16Neu,16Neu,single_batch
279,W31397,1,12Baso,10GMP,single_batch
280,W31398,3,14Mo,14Mo,single_batch
281,W31399,1,14Mo,10GMP,single_batch
282,W31401,5,3Ery,5Ery,single_batch
283,W31402,1,14Mo,10GMP,single_batch
284,W31403,1,13Baso,10GMP,single_batch
285,W31405,1,12Baso,10GMP,single_batch
286,W31406,5,5Ery,5Ery,single_batch
287,W31407,1,10GMP,10GMP,single_batch
288,W31409,1,14Mo,10GMP,single_batch
289,W31410,5,4Ery,5Ery,single_batch
290,W31411,3,15Mo,14Mo,single_batch
291,W31412,8,11DC,11DC,single_batch
292,W31413,2,3Ery,3Ery,single_batch
293,W31414,5,4Ery,5Ery,single_batch
294,W31415,5,4Ery,5Ery,single_batch
295,W31416,5,4Ery,5Ery,single_batch
296,W31418,5,4Ery,5Ery,single_batch
297,W31419,5,5Ery,5Ery,single_batch
298,W31420,6,1Ery,2Ery,single_batch
299,W31421,4,16Neu,16Neu,single_batch
300,W31422,3,14Mo,14Mo,single_batch
301,W31423,6,2Ery,2Ery,single_batch
302,W31424,5,5Ery,5Ery,single_batch
303,W31425,1,15Mo,10GMP,single_batch
304,W31426,5,5Ery,5Ery,single_batch
305,W31427,5,2Ery,5Ery,single_batch
306,W31428,5,5Ery,5Ery,single_batch
307,W31429,6,1Ery,2Ery,single_batch
308,W31430,0,7MEP,7MEP,single_batch
309,W31431,5,2Ery,5Ery,single_batch
310,W31432,1,14Mo,10GMP,single_batch
311,W31433,0,10GMP,7MEP,single_batch
312,W31434,5,2Ery,5Ery,single_batch
313,W31436,3,14Mo,14Mo,single_batch
314,W31437,0,6Ery,7MEP,single_batch
315,W31439,0,9GMP,7MEP,single_batch
316,W31440,2,3Ery,3Ery,single_batch
317,W31441,5,2Ery,5Ery,single_batch
318,W31442,5,3Ery,5Ery,single_batch
319,W31443,0,12Baso,7MEP,single_batch
320,W31444,5,2Ery,5Ery,single_batch
321,W31445,1,18Eos,10GMP,single_batch
322,W31446,5,5Ery,5Ery,single_batch
323,W31447,5,3Ery,5Ery,single_batch
324,W31448,3,15Mo,14Mo,single_batch
325,W31451,1,14Mo,10GMP,single_batch
326,W31452,6,2Ery,2Ery,single_batch
327,W31453,5,6Ery,5Ery,single_batch
328,W31454,1,14Mo,10GMP,single_batch
329,W31455,6,2Ery,2Ery,single_batch
330,W31456,5,5Ery,5Ery,single_batch
331,W31457,1,12Baso,10GMP,single_batch
332,W31458,0,7MEP,7MEP,single_batch
333,W31459,1,17Neu,10GMP,single_batch
334,W31460,3,14Mo,14Mo,single_batch
335,W31461,5,2Ery,5Ery,single_batch
336,W31462,5,5Ery,5Ery,single_batch
337,W31463,6,2Ery,2Ery,single_batch
338,W31464,3,14Mo,14Mo,single_batch
339,W31465,1,13Baso,10GMP,single_batch
340,W31466,3,15Mo,14Mo,single_batch
341,W31467,5,2Ery,5Ery,single_batch
342,W31468,1,13Baso,10GMP,single_batch
343,W31469,4,16Neu,16Neu,single_batch
344,W31470,5,5Ery,5Ery,single_batch
345,W31471,3,14Mo,14Mo,single_batch
346,W31472,1,16Neu,10GMP,single_batch
347,W31473,3,14Mo,14Mo,single_batch
348,W31474,4,16Neu,16Neu,single_batch
349,W31475,3,14Mo,14Mo,single_batch
350,W31476,0,8Mk,7MEP,single_batch
351,W31477,1,10GMP,10GMP,single_batch
352,W31478,1,14Mo,10GMP,single_batch
353,W31479,5,5Ery,5Ery,single_batch
354,W31480,0,7MEP,7MEP,single_batch
355,W31481,6,2Ery,2Ery,single_batch
356,W31483,1,14Mo,10GMP,single_batch
357,W31484,3,13Baso,14Mo,single_batch
358,W31485,5,2Ery,5Ery,single_batch
359,W31486,5,5Ery,5Ery,single_batch
360,W31487,3,14Mo,14Mo,single_batch
361,W31489,3,14Mo,14Mo,single_batch
362,W31491,1,9GMP,10GMP,single_batch
363,W31492,5,4Ery,5Ery,single_batch
364,W31493,1,10GMP,10GMP,single_batch
365,W31494,3,13Baso,14Mo,single_batch
366,W31495,1,10GMP,10GMP,single_batch
367,W31497,0,7MEP,7MEP,single_batch
368,W31498,1,10GMP,10GMP,single_batch
369,W31499,2,3Ery,3Ery,single_batch
370,W31500,2,2Ery,3Ery,single_batch
371,W31501,3,14Mo,14Mo,single_batch
372,W31502,1,10GMP,10GMP,single_batch
373,W31503,1,15Mo,10GMP,single_batch
374,W31504,3,13Baso,14Mo,single_batch
375,W31505,0,7MEP,7MEP,single_batch
376,W31506,0,6Ery,7MEP,single_batch
377,W31507,0,7MEP,7MEP,single_batch
378,W31508,5,5Ery,5Ery,single_batch
379,W31509,3,14Mo,14Mo,single_batch
380,W31510,3,13Baso,14Mo,single_batch
381,W31511,1,10GMP,10GMP,single_batch
382,W31512,0,7MEP,7MEP,single_batch
383,W31513,2,3Ery,3Ery,single_batch
384,W31514,0,7MEP,7MEP,single_batch
385,W31515,1,13Baso,10GMP,single_batch
386,W31516,6,1Ery,2Ery,single_batch
387,W31517,1,14Mo,10GMP,single_batch
388,W31518,3,13Baso,14Mo,single_batch
389,W31519,1,10GMP,10GMP,single_batch
390,W31520,1,9GMP,10GMP,single_batch
391,W31521,2,3Ery,3Ery,single_batch
392,W31522,3,13Baso,14Mo,single_batch
393,W31523,6,2Ery,2Ery,single_batch
394,W31524,1,13Baso,10GMP,single_batch
395,W31525,5,2Ery,5Ery,single_batch
396,W31526,0,6Ery,7MEP,single_batch
397,W31527,0,6Ery,7MEP,single_batch
398,W31528,1,13Baso,10GMP,single_batch
399,W31529,2,3Ery,3Ery,single_batch
400,W31530,1,13Baso,10GMP,single_batch
401,W31531,8,11DC,11DC,single_batch
402,W31532,1,14Mo,10GMP,single_batch
403,W31533,1,10GMP,10GMP,single_batch
404,W31534,0,8Mk,7MEP,single_batch
405,W31535,1,9GMP,10GMP,single_batch
406,W31536,5,2Ery,5Ery,single_batch
407,W31537,1,13Baso,10GMP,single_batch
408,W31538,3,14Mo,14Mo,single_batch
409,W31539,1,13Baso,10GMP,single_batch
410,W31540,3,14Mo,14Mo,single_batch
411,W31541,5,5Ery,5Ery,single_batch
412,W31542,1,14Mo,10GMP,single_batch
413,W31543,5,5Ery,5Ery,single_batch
414,W31544,3,13Baso,14Mo,single_batch
415,W31545,1,12Baso,10GMP,single_batch
416,W31546,4,16Neu,16Neu,single_batch
417,W31547,8,11DC,11DC,single_batch
418,W31548,1,13Baso,10GMP,single_batch
419,W31549,3,13Baso,14Mo,single_batch
420,W31550,6,2Ery,2Ery,single_batch
421,W31551,5,2Ery,5Ery,single_batch
422,W31552,1,14Mo,10GMP,single_batch
423,W31553,0,7MEP,7MEP,single_batch
424,W31554,5,4Ery,5Ery,single_batch
425,W31555,5,6Ery,5Ery,single_batch
426,W31556,1,13Baso,10GMP,single_batch
427,W31558,1,14Mo,10GMP,single_batch
428,W31559,3,14Mo,14Mo,single_batch
429,W31560,0,6Ery,7MEP,single_batch
430,W31562,1,12Baso,10GMP,single_batch
431,W31563,5,6Ery,5Ery,single_batch
432,W31564,1,14Mo,10GMP,single_batch
433,W31565,5,2Ery,5Ery,single_batch
434,W31566,1,13Baso,10GMP,single_batch
435,W31567,3,13Baso,14Mo,single_batch
436,W31568,1,14Mo,10GMP,single_batch
437,W31569,0,7MEP,7MEP,single_batch
438,W31570,0,7MEP,7MEP,single_batch
439,W31571,4,15Mo,16Neu,single_batch
440,W31572,5,5Ery,5Ery,single_batch
441,W31573,5,5Ery,5Ery,single_batch
442,W31575,5,5Ery,5Ery,single_batch
443,W31576,5,5Ery,5Ery,single_batch
444,W31577,4,15Mo,16Neu,single_batch
445,W31578,6,1Ery,2Ery,single_batch
446,W31580,1,13Baso,10GMP,single_batch
447,W31581,1,10GMP,10GMP,single_batch
448,W31583,1,12Baso,10GMP,single_batch
449,W31586,2,4Ery,3Ery,single_batch
450,W31587,0,7MEP,7MEP,single_batch
451,W31588,4,15Mo,16Neu,single_batch
452,W31589,7,19Lymph,19Lymph,single_batch
453,W31590,3,13Baso,14Mo,single_batch
454,W31591,3,13Baso,14Mo,single_batch
455,W31593,2,3Ery,3Ery,single_batch
456,W31594,5,3Ery,5Ery,single_batch
457,W31595,1,15Mo,10GMP,single_batch
458,W31596,4,16Neu,16Neu,single_batch
459,W31597,3,13Baso,14Mo,single_batch
460,W31598,5,2Ery,5Ery,single_batch
461,W31599,4,15Mo,16Neu,single_batch
462,W31600,1,17Neu,10GMP,single_batch
463,W31601,4,15Mo,16Neu,single_batch
464,W31602,1,13Baso,10GMP,single_batch
465,W31603,1,16Neu,10GMP,single_batch
466,W31604,0,6Ery,7MEP,single_batch
467,W31605,2,5Ery,3Ery,single_batch
468,W31606,3,15Mo,14Mo,single_batch
469,W31607,1,9GMP,10GMP,single_batch
470,W31608,3,13Baso,14Mo,single_batch
471,W31609,4,15Mo,16Neu,single_batch
472,W31611,3,13Baso,14Mo,single_batch
473,W31613,1,6Ery,10GMP,single_batch
474,W31614,0,7MEP,7MEP,single_batch
475,W31615,1,12Baso,10GMP,single_batch
476,W31617,4,15Mo,16Neu,single_batch
477,W31618,6,2Ery,2Ery,single_batch
478,W31620,1,13Baso,10GMP,single_batch
479,W31621,1,10GMP,10GMP,single_batch
480,W31622,1,14Mo,10GMP,single_batch
481,W31623,3,14Mo,14Mo,single_batch
482,W31624,1,14Mo,10GMP,single_batch
483,W31625,4,15Mo,16Neu,single_batch
484,W31626,5,5Ery,5Ery,single_batch
485,W31628,4,16Neu,16Neu,single_batch
486,W31629,5,5Ery,5Ery,single_batch
487,W31630,3,14Mo,14Mo,single_batch
488,W31631,3,13Baso,14Mo,single_batch
489,W31632,4,15Mo,16Neu,single_batch
490,W31634,6,2Ery,2Ery,single_batch
491,W31635,6,2Ery,2Ery,single_batch
492,W31636,6,2Ery,2Ery,single_batch
493,W31638,1,13Baso,10GMP,single_batch
494,W31639,1,13Baso,10GMP,single_batch
495,W31640,5,5Ery,5Ery,single_batch
496,W31641,5,5Ery,5Ery,single_batch
497,W31642,1,9GMP,10GMP,single_batch
498,W31644,3,14Mo,14Mo,single_batch
499,W31645,0,7MEP,7MEP,single_batch
500,W31646,1,14Mo,10GMP,single_batch
501,W31647,8,11DC,11DC,single_batch
502,W31648,4,16Neu,16Neu,single_batch
503,W31649,6,2Ery,2Ery,single_batch
504,W31650,5,2Ery,5Ery,single_batch
505,W31651,1,10GMP,10GMP,single_batch
506,W31652,0,8Mk,7MEP,single_batch
507,W31653,6,2Ery,2Ery,single_batch
508,W31654,5,5Ery,5Ery,single_batch
509,W31655,3,13Baso,14Mo,single_batch
510,W31656,3,13Baso,14Mo,single_batch
511,W31657,1,12Baso,10GMP,single_batch
512,W31658,0,7MEP,7MEP,single_batch
513,W31659,0,7MEP,7MEP,single_batch
514,W31660,3,13Baso,14Mo,single_batch
515,W31661,0,6Ery,7MEP,single_batch
516,W31662,5,5Ery,5Ery,single_batch
517,W31663,4,16Neu,16Neu,single_batch
518,W31664,3,14Mo,14Mo,single_batch
519,W31665,3,13Baso,14Mo,single_batch
520,W31666,5,2Ery,5Ery,single_batch
521,W31667,1,14Mo,10GMP,single_batch
522,W31668,5,5Ery,5Ery,single_batch
523,W31669,0,7MEP,7MEP,single_batch
524,W31670,1,10GMP,10GMP,single_batch
525,W31671,7,19Lymph,19Lymph,single_batch
526,W31674,1,14Mo,10GMP,single_batch
527,W31676,5,4Ery,5Ery,single_batch
528,W31678,4,14Mo,16Neu,single_batch
529,W31681,1,12Baso,10GMP,single_batch
530,W31682,1,9GMP,10GMP,single_batch
531,W31683,4,15Mo,16Neu,single_batch
532,W31684,1,17Neu,10GMP,single_batch
533,W31685,0,7MEP,7MEP,single_batch
534,W31686,4,16Neu,16Neu,single_batch
535,W31687,3,13Baso,14Mo,single_batch
536,W31689,2,3Ery,3Ery,single_batch
537,W31690,4,15Mo,16Neu,single_batch
538,W31691,5,3Ery,5Ery,single_batch
539,W31692,0,7MEP,7MEP,single_batch
540,W31693,0,8Mk,7MEP,single_batch
541,W31694,7,19Lymph,19Lymph,single_batch
542,W31695,5,3Ery,5Ery,single_batch
543,W31696,3,13Baso,14Mo,single_batch
544,W31697,1,9GMP,10GMP,single_batch
545,W31698,2,3Ery,3Ery,single_batch
546,W31699,5,3Ery,5Ery,single_batch
547,W31700,6,2Ery,2Ery,single_batch
548,W31701,4,16Neu,16Neu,single_batch
549,W31702,3,14Mo,14Mo,single_batch
550,W31703,4,16Neu,16Neu,single_batch
551,W31704,9,6Ery,6Ery,single_batch
552,W31705,3,14Mo,14Mo,single_batch
553,W31706,5,5Ery,5Ery,single_batch
554,W31707,3,14Mo,14Mo,single_batch
555,W31708,4,14Mo,16Neu,single_batch
556,W31709,0,19Lymph,7MEP,single_batch
557,W31711,1,15Mo,10GMP,single_batch
558,W31712,1,13Baso,10GMP,single_batch
559,W31713,4,14Mo,16Neu,single_batch
560,W31714,1,13Baso,10GMP,single_batch
561,W31715,1,17Neu,10GMP,single_batch
562,W31716,1,14Mo,10GMP,single_batch
563,W31717,6,1Ery,2Ery,single_batch
564,W31718,5,2Ery,5Ery,single_batch
565,W31719,5,5Ery,5Ery,single_batch
566,W31720,0,6Ery,7MEP,single_batch
567,W31721,4,15Mo,16Neu,single_batch
568,W31722,1,10GMP,10GMP,single_batch
569,W31723,0,6Ery,7MEP,single_batch
570,W31724,1,10GMP,10GMP,single_batch
571,W31725,0,7MEP,7MEP,single_batch
572,W31726,3,14Mo,14Mo,single_batch
573,W31727,1,13Baso,10GMP,single_batch
574,W31728,5,2Ery,5Ery,single_batch
575,W31729,4,14Mo,16Neu,single_batch
576,W31730,3,14Mo,14Mo,single_batch
577,W31731,0,6Ery,7MEP,single_batch
578,W31732,1,13Baso,10GMP,single_batch
579,W31733,3,14Mo,14Mo,single_batch
580,W31734,1,14Mo,10GMP,single_batch
581,W31735,5,2Ery,5Ery,single_batch
582,W31736,5,6Ery,5Ery,single_batch
583,W31737,1,13Baso,10GMP,single_batch
584,W31738,1,10GMP,10GMP,single_batch
585,W31739,1,15Mo,10GMP,single_batch
586,W31740,4,16Neu,16Neu,single_batch
587,W31741,1,10GMP,10GMP,single_batch
588,W31742,6,1Ery,2Ery,single_batch
589,W31743,3,14Mo,14Mo,single_batch
590,W31744,1,12Baso,10GMP,single_batch
591,W31745,1,10GMP,10GMP,single_batch
592,W31746,1,12Baso,10GMP,single_batch
593,W31748,4,16Neu,16Neu,single_batch
594,W31749,1,10GMP,10GMP,single_batch
595,W31750,3,13Baso,14Mo,single_batch
596,W31751,4,16Neu,16Neu,single_batch
597,W31752,0,6Ery,7MEP,single_batch
598,W31755,0,5Ery,7MEP,single_batch
599,W31756,1,10GMP,10GMP,single_batch
600,W31758,1,13Baso,10GMP,single_batch
601,W31759,7,19Lymph,19Lymph,single_batch
602,W31760,1,14Mo,10GMP,single_batch
603,W31761,5,5Ery,5Ery,single_batch
604,W31762,1,13Baso,10GMP,single_batch
605,W31764,3,13Baso,14Mo,single_batch
606,W31765,3,13Baso,14Mo,single_batch
607,W31766,7,19Lymph,19Lymph,single_batch
608,W31767,1,13Baso,10GMP,single_batch
609,W31768,2,4Ery,3Ery,single_batch
610,W31771,1,12Baso,10GMP,single_batch
611,W31773,1,10GMP,10GMP,single_batch
612,W31774,8,11DC,11DC,single_batch
613,W31775,6,1Ery,2Ery,single_batch
614,W31776,7,19Lymph,19Lymph,single_batch
615,W31777,5,3Ery,5Ery,single_batch
616,W31778,0,6Ery,7MEP,single_batch
617,W31779,0,6Ery,7MEP,single_batch
618,W31780,5,2Ery,5Ery,single_batch
619,W31781,6,2Ery,2Ery,single_batch
620,W31782,1,13Baso,10GMP,single_batch
621,W31783,5,3Ery,5Ery,single_batch
622,W31785,4,15Mo,16Neu,single_batch
623,W31786,5,2Ery,5Ery,single_batch
624,W31787,1,10GMP,10GMP,single_batch
625,W31788,5,5Ery,5Ery,single_batch
626,W31789,1,13Baso,10GMP,single_batch
627,W31791,1,9GMP,10GMP,single_batch
628,W31792,1,9GMP,10GMP,single_batch
629,W31793,1,12Baso,10GMP,single_batch
630,W31794,1,17Neu,10GMP,single_batch
631,W31795,0,6Ery,7MEP,single_batch
632,W31796,0,7MEP,7MEP,single_batch
633,W31797,5,6Ery,5Ery,single_batch
634,W31798,3,14Mo,14Mo,single_batch
635,W31799,1,14Mo,10GMP,single_batch
636,W31800,7,19Lymph,19Lymph,single_batch
637,W31801,3,13Baso,14Mo,single_batch
638,W31802,3,13Baso,14Mo,single_batch
639,W31803,5,2Ery,5Ery,single_batch
640,W31804,1,13Baso,10GMP,single_batch
641,W31805,1,7MEP,10GMP,single_batch
642,W31806,5,3Ery,5Ery,single_batch
643,W31807,1,13Baso,10GMP,single_batch
644,W31808,4,15Mo,16Neu,single_batch
645,W31809,9,13Baso,6Ery,single_batch
646,W31810,8,11DC,11DC,single_batch
647,W31811,1,17Neu,10GMP,single_batch
648,W31812,1,13Baso,10GMP,single_batch
649,W31813,1,14Mo,10GMP,single_batch
650,W31814,5,2Ery,5Ery,single_batch
651,W31815,8,11DC,11DC,single_batch
652,W31816,1,13Baso,10GMP,single_batch
653,W31817,1,13Baso,10GMP,single_batch
654,W31818,5,2Ery,5Ery,single_batch
655,W31819,6,2Ery,2Ery,single_batch
656,W31820,4,16Neu,16Neu,single_batch
657,W31821,1,14Mo,10GMP,single_batch
658,W31822,1,10GMP,10GMP,single_batch
659,W31823,4,16Neu,16Neu,single_batch
660,W31824,3,13Baso,14Mo,single_batch
661,W31825,1,10GMP,10GMP,single_batch
662,W31826,4,16Neu,16Neu,single_batch
663,W31827,0,2Ery,7MEP,single_batch
664,W31828,3,14Mo,14Mo,single_batch
665,W31829,1,12Baso,10GMP,single_batch
666,W31830,1,9GMP,10GMP,single_batch
667,W31831,5,2Ery,5Ery,single_batch
668,W31832,2,2Ery,3Ery,single_batch
669,W31834,6,2Ery,2Ery,single_batch
670,W31835,5,6Ery,5Ery,single_batch
671,W31836,3,13Baso,14Mo,single_batch
672,W31837,1,14Mo,10GMP,single_batch
673,W31838,5,2Ery,5Ery,single_batch
674,W31839,5,5Ery,5Ery,single_batch
675,W31840,4,16Neu,16Neu,single_batch
676,W31841,0,6Ery,7MEP,single_batch
677,W31842,1,13Baso,10GMP,single_batch
678,W31845,3,14Mo,14Mo,single_batch
679,W31846,5,5Ery,5Ery,single_batch
680,W31847,5,5Ery,5Ery,single_batch
681,W31849,6,2Ery,2Ery,single_batch
682,W31850,2,4Ery,3Ery,single_batch
683,W31851,6,2Ery,2Ery,single_batch
684,W31854,1,10GMP,10GMP,single_batch
685,W31855,5,5Ery,5Ery,single_batch
686,W31856,1,13Baso,10GMP,single_batch
687,W31857,3,13Baso,14Mo,single_batch
688,W31858,5,2Ery,5Ery,single_batch
689,W31859,1,12Baso,10GMP,single_batch
690,W31860,1,12Baso,10GMP,single_batch
691,W31861,1,15Mo,10GMP,single_batch
692,W31864,3,13Baso,14Mo,single_batch
693,W31865,3,13Baso,14Mo,single_batch
694,W31866,3,13Baso,14Mo,single_batch
695,W31868,1,13Baso,10GMP,single_batch
696,W31870,1,10GMP,10GMP,single_batch
697,W31871,1,14Mo,10GMP,single_batch
698,W31872,3,13Baso,14Mo,single_batch
699,W36865,0,7MEP,7MEP,single_batch
700,W36866,1,13Baso,10GMP,single_batch
701,W36867,0,9GMP,7MEP,single_batch
702,W36868,3,14Mo,14Mo,single_batch
703,W36869,6,1Ery,2Ery,single_batch
704,W36871,2,3Ery,3Ery,single_batch
705,W36873,3,13Baso,14Mo,single_batch
706,W36874,3,13Baso,14Mo,single_batch
707,W36875,4,15Mo,16Neu,single_batch
708,W36876,6,2Ery,2Ery,single_batch
709,W36877,3,13Baso,14Mo,single_batch
710,W36878,2,5Ery,3Ery,single_batch
711,W36879,3,14Mo,14Mo,single_batch
712,W36881,5,3Ery,5Ery,single_batch
713,W36882,5,6Ery,5Ery,single_batch
714,W36883,2,2Ery,3Ery,single_batch
715,W36884,7,19Lymph,19Lymph,single_batch
716,W36885,4,15Mo,16Neu,single_batch
717,W36886,1,12Baso,10GMP,single_batch
718,W36887,0,7MEP,7MEP,single_batch
719,W36889,6,2Ery,2Ery,single_batch
720,W36890,0,8Mk,7MEP,single_batch
721,W36891,3,14Mo,14Mo,single_batch
722,W36892,3,14Mo,14Mo,single_batch
723,W36893,1,8Mk,10GMP,single_batch
724,W36894,5,5Ery,5Ery,single_batch
725,W36895,1,14Mo,10GMP,single_batch
726,W36897,6,2Ery,2Ery,single_batch
727,W36898,2,3Ery,3Ery,single_batch
728,W36899,1,9GMP,10GMP,single_batch
729,W36900,5,5Ery,5Ery,single_batch
730,W36901,5,3Ery,5Ery,single_batch
731,W36902,5,5Ery,5Ery,single_batch
732,W36903,3,14Mo,14Mo,single_batch
733,W36905,2,2Ery,3Ery,single_batch
734,W36906,2,2Ery,3Ery,single_batch
735,W36907,1,14Mo,10GMP,single_batch
736,W36908,4,16Neu,16Neu,single_batch
737,W36909,0,9GMP,7MEP,single_batch
738,W36910,4,16Neu,16Neu,single_batch
739,W36911,4,15Mo,16Neu,single_batch
740,W36912,1,10GMP,10GMP,single_batch
741,W36913,2,3Ery,3Ery,single_batch
742,W36914,3,14Mo,14Mo,single_batch
743,W36915,0,8Mk,7MEP,single_batch
744,W36916,1,14Mo,10GMP,single_batch
745,W36917,3,15Mo,14Mo,single_batch
746,W36918,4,16Neu,16Neu,single_batch
747,W36919,5,5Ery,5Ery,single_batch
748,W36920,3,14Mo,14Mo,single_batch
749,W36921,1,16Neu,10GMP,single_batch
750,W36922,5,4Ery,5Ery,single_batch
751,W36923,6,2Ery,2Ery,single_batch
752,W36924,3,13Baso,14Mo,single_batch
753,W36925,3,14Mo,14Mo,single_batch
754,W36926,1,13Baso,10GMP,single_batch
755,W36927,5,5Ery,5Ery,single_batch
756,W36928,1,13Baso,10GMP,single_batch
757,W36929,0,7MEP,7MEP,single_batch
758,W36930,4,15Mo,16Neu,single_batch
759,W36931,0,6Ery,7MEP,single_batch
760,W36932,4,16Neu,16Neu,single_batch
761,W36933,4,15Mo,16Neu,single_batch
762,W36934,1,12Baso,10GMP,single_batch
763,W36935,0,6Ery,7MEP,single_batch
764,W36936,3,13Baso,14Mo,single_batch
765,W36939,4,14Mo,16Neu,single_batch
766,W36940,4,16Neu,16Neu,single_batch
767,W36941,3,14Mo,14Mo,single_batch
768,W36942,3,14Mo,14Mo,single_batch
769,W36943,6,2Ery,2Ery,single_batch
770,W36944,0,6Ery,7MEP,single_batch
771,W36945,0,6Ery,7MEP,single_batch
772,W36946,1,13Baso,10GMP,single_batch
773,W36947,3,14Mo,14Mo,single_batch
774,W36948,4,16Neu,16Neu,single_batch
775,W36949,2,2Ery,3Ery,single_batch
776,W36950,6,2Ery,2Ery,single_batch
777,W36951,5,5Ery,5Ery,single_batch
778,W36952,5,2Ery,5Ery,single_batch
779,W36953,5,5Ery,5Ery,single_batch
780,W36954,6,1Ery,2Ery,single_batch
781,W36955,1,13Baso,10GMP,single_batch
782,W36956,3,14Mo,14Mo,single_batch
783,W36957,3,14Mo,14Mo,single_batch
784,W36958,4,16Neu,16Neu,single_batch
785,W36959,6,1Ery,2Ery,single_batch
786,W36960,2,6Ery,3Ery,single_batch
787,W36961,4,14Mo,16Neu,single_batch
788,W36962,3,14Mo,14Mo,single_batch
789,W36963,4,15Mo,16Neu,single_batch
790,W36964,3,13Baso,14Mo,single_batch
791,W36966,4,15Mo,16Neu,single_batch
792,W36967,6,1Ery,2Ery,single_batch
793,W36969,0,8Mk,7MEP,single_batch
794,W36970,4,15Mo,16Neu,single_batch
795,W36971,3,14Mo,14Mo,single_batch
796,W36972,1,10GMP,10GMP,single_batch
797,W36973,1,9GMP,10GMP,single_batch
798,W36974,5,4Ery,5Ery,single_batch
799,W36975,3,15Mo,14Mo,single_batch
800,W36976,0,4Ery,7MEP,single_batch
801,W36977,8,11DC,11DC,single_batch
802,W36978,6,2Ery,2Ery,single_batch
803,W36979,3,14Mo,14Mo,single_batch
804,W36980,1,14Mo,10GMP,single_batch
805,W36981,0,8Mk,7MEP,single_batch
806,W36982,3,13Baso,14Mo,single_batch
807,W36983,5,6Ery,5Ery,single_batch
808,W36984,1,13Baso,10GMP,single_batch
809,W36985,5,4Ery,5Ery,single_batch
810,W36987,1,13Baso,10GMP,single_batch
811,W36990,3,15Mo,14Mo,single_batch
812,W36991,1,13Baso,10GMP,single_batch
813,W36992,2,4Ery,3Ery,single_batch
814,W36993,6,2Ery,2Ery,single_batch
815,W36994,4,16Neu,16Neu,single_batch
816,W36995,6,2Ery,2Ery,single_batch
817,W36996,5,5Ery,5Ery,single_batch
818,W36997,6,2Ery,2Ery,single_batch
819,W36998,5,5Ery,5Ery,single_batch
820,W36999,1,10GMP,10GMP,single_batch
821,W37000,3,13Baso,14Mo,single_batch
822,W37001,1,13Baso,10GMP,single_batch
823,W37003,0,8Mk,7MEP,single_batch
824,W37004,4,16Neu,16Neu,single_batch
825,W37005,1,13Baso,10GMP,single_batch
826,W37006,0,7MEP,7MEP,single_batch
827,W37008,5,4Ery,5Ery,single_batch
828,W37009,3,13Baso,14Mo,single_batch
829,W37010,0,6Ery,7MEP,single_batch
830,W37011,5,2Ery,5Ery,single_batch
831,W37012,1,14Mo,10GMP,single_batch
832,W37013,4,16Neu,16Neu,single_batch
833,W37014,5,2Ery,5Ery,single_batch
834,W37015,1,13Baso,10GMP,single_batch
835,W37016,1,14Mo,10GMP,single_batch
836,W37017,5,6Ery,5Ery,single_batch
837,W37018,6,2Ery,2Ery,single_batch
838,W37019,5,2Ery,5Ery,single_batch
839,W37020,6,2Ery,2Ery,single_batch
840,W37022,1,8Mk,10GMP,single_batch
841,W37023,5,2Ery,5Ery,single_batch
842,W37024,5,4Ery,5Ery,single_batch
843,W37025,3,14Mo,14Mo,single_batch
844,W37026,1,17Neu,10GMP,single_batch
845,W37027,5,5Ery,5Ery,single_batch
846,W37028,3,13Baso,14Mo,single_batch
847,W37029,0,7MEP,7MEP,single_batch
848,W37030,2,3Ery,3Ery,single_batch
849,W37031,2,5Ery,3Ery,single_batch
850,W37032,3,13Baso,14Mo,single_batch
851,W37034,0,8Mk,7MEP,single_batch
852,W37035,0,6Ery,7MEP,single_batch
853,W37036,5,5Ery,5Ery,single_batch
854,W37037,5,5Ery,5Ery,single_batch
855,W37038,8,11DC,11DC,single_batch
856,W37039,5,5Ery,5Ery,single_batch
857,W37040,1,15Mo,10GMP,single_batch
858,W37041,5,2Ery,5Ery,single_batch
859,W37042,5,2Ery,5Ery,single_batch
860,W37043,4,15Mo,16Neu,single_batch
861,W37044,4,15Mo,16Neu,single_batch
862,W37045,3,13Baso,14Mo,single_batch
863,W37046,3,14Mo,14Mo,single_batch
864,W37047,3,14Mo,14Mo,single_batch
865,W37048,3,14Mo,14Mo,single_batch
866,W37049,5,5Ery,5Ery,single_batch
867,W37050,0,7MEP,7MEP,single_batch
868,W37051,5,3Ery,5Ery,single_batch
869,W37052,5,2Ery,5Ery,single_batch
870,W37053,0,7MEP,7MEP,single_batch
871,W37054,6,1Ery,2Ery,single_batch
872,W37055,3,14Mo,14Mo,single_batch
873,W37056,5,2Ery,5Ery,single_batch
874,W37057,4,15Mo,16Neu,single_batch
875,W37058,3,13Baso,14Mo,single_batch
876,W37059,5,4Ery,5Ery,single_batch
877,W37060,3,13Baso,14Mo,single_batch
878,W37061,5,6Ery,5Ery,single_batch
879,W37063,1,9GMP,10GMP,single_batch
880,W37065,2,3Ery,3Ery,single_batch
881,W37066,5,6Ery,5Ery,single_batch
882,W37067,6,1Ery,2Ery,single_batch
883,W37068,2,4Ery,3Ery,single_batch
884,W37069,3,13Baso,14Mo,single_batch
885,W37070,1,9GMP,10GMP,single_batch
886,W37072,0,7MEP,7MEP,single_batch
887,W37073,3,14Mo,14Mo,single_batch
888,W37074,4,13Baso,16Neu,single_batch
889,W37075,3,13Baso,14Mo,single_batch
890,W37076,7,19Lymph,19Lymph,single_batch
891,W37077,1,10GMP,10GMP,single_batch
892,W37078,1,9GMP,10GMP,single_batch
893,W37079,5,5Ery,5Ery,single_batch
894,W37080,4,16Neu,16Neu,single_batch
895,W37081,3,14Mo,14Mo,single_batch
896,W37082,4,15Mo,16Neu,single_batch
897,W37083,5,2Ery,5Ery,single_batch
898,W37084,5,3Ery,5Ery,single_batch
899,W37085,4,13Baso,16Neu,single_batch
900,W37086,5,6Ery,5Ery,single_batch
901,W37087,5,4Ery,5Ery,single_batch
902,W37088,2,3Ery,3Ery,single_batch
903,W37089,4,16Neu,16Neu,single_batch
904,W37090,1,9GMP,10GMP,single_batch
905,W37091,1,9GMP,10GMP,single_batch
906,W37092,0,12Baso,7MEP,single_batch
907,W37093,0,7MEP,7MEP,single_batch
908,W37094,4,16Neu,16Neu,single_batch
909,W37095,5,6Ery,5Ery,single_batch
910,W37096,3,13Baso,14Mo,single_batch
911,W37097,1,17Neu,10GMP,single_batch
912,W37098,3,14Mo,14Mo,single_batch
913,W37099,2,3Ery,3Ery,single_batch
914,W37100,4,16Neu,16Neu,single_batch
915,W37101,3,13Baso,14Mo,single_batch
916,W37102,3,14Mo,14Mo,single_batch
917,W37103,2,3Ery,3Ery,single_batch
918,W37104,1,14Mo,10GMP,single_batch
919,W37105,4,16Neu,16Neu,single_batch
920,W37106,2,2Ery,3Ery,single_batch
921,W37107,1,18Eos,10GMP,single_batch
922,W37108,0,7MEP,7MEP,single_batch
923,W37109,0,7MEP,7MEP,single_batch
924,W37110,5,5Ery,5Ery,single_batch
925,W37111,3,16Neu,14Mo,single_batch
926,W37112,5,2Ery,5Ery,single_batch
927,W37113,5,5Ery,5Ery,single_batch
928,W37114,3,13Baso,14Mo,single_batch
929,W37115,0,6Ery,7MEP,single_batch
930,W37116,3,14Mo,14Mo,single_batch
931,W37117,1,12Baso,10GMP,single_batch
932,W37118,1,13Baso,10GMP,single_batch
933,W37119,5,5Ery,5Ery,single_batch
934,W37120,5,2Ery,5Ery,single_batch
935,W37121,2,2Ery,3Ery,single_batch
936,W37122,3,14Mo,14Mo,single_batch
937,W37123,4,16Neu,16Neu,single_batch
938,W37124,1,14Mo,10GMP,single_batch
939,W37125,6,1Ery,2Ery,single_batch
940,W37126,8,11DC,11DC,single_batch
941,W37127,6,1Ery,2Ery,single_batch
942,W37128,1,13Baso,10GMP,single_batch
943,W37130,5,3Ery,5Ery,single_batch
944,W37131,5,5Ery,5Ery,single_batch
945,W37132,4,16Neu,16Neu,single_batch
946,W37133,4,16Neu,16Neu,single_batch
947,W37134,5,6Ery,5Ery,single_batch
948,W37135,6,1Ery,2Ery,single_batch
949,W37137,3,14Mo,14Mo,single_batch
950,W37138,4,16Neu,16Neu,single_batch
951,W37139,2,2Ery,3Ery,single_batch
952,W37140,1,10GMP,10GMP,single_batch
953,W37141,5,5Ery,5Ery,single_batch
954,W37142,3,14Mo,14Mo,single_batch
955,W37143,6,2Ery,2Ery,single_batch
956,W37144,5,6Ery,5Ery,single_batch
957,W37145,2,5Ery,3Ery,single_batch
958,W37146,6,1Ery,2Ery,single_batch
959,W37147,0,5Ery,7MEP,single_batch
960,W37148,4,15Mo,16Neu,single_batch
961,W37149,7,19Lymph,19Lymph,single_batch
962,W37150,1,10GMP,10GMP,single_batch
963,W37151,5,2Ery,5Ery,single_batch
964,W37152,5,5Ery,5Ery,single_batch
965,W37153,0,7MEP,7MEP,single_batch
966,W37154,2,6Ery,3Ery,single_batch
967,W37155,8,11DC,11DC,single_batch
968,W37156,2,4Ery,3Ery,single_batch
969,W37157,3,15Mo,14Mo,single_batch
970,W37158,2,3Ery,3Ery,single_batch
971,W37159,6,2Ery,2Ery,single_batch
972,W37161,0,7MEP,7MEP,single_batch
973,W37162,6,1Ery,2Ery,single_batch
974,W37163,0,7MEP,7MEP,single_batch
975,W37164,5,5Ery,5Ery,single_batch
976,W37165,2,3Ery,3Ery,single_batch
977,W37166,5,3Ery,5Ery,single_batch
978,W37167,3,13Baso,14Mo,single_batch
979,W37168,2,3Ery,3Ery,single_batch
980,W37169,4,15Mo,16Neu,single_batch
981,W37170,3,15Mo,14Mo,single_batch
982,W37171,5,4Ery,5Ery,single_batch
983,W37172,3,14Mo,14Mo,single_batch
984,W37173,5,2Ery,5Ery,single_batch
985,W37174,5,2Ery,5Ery,single_batch
986,W37175,4,16Neu,16Neu,single_batch
987,W37176,3,13Baso,14Mo,single_batch
988,W37177,3,14Mo,14Mo,single_batch
989,W37178,5,5Ery,5Ery,single_batch
990,W37179,4,16Neu,16Neu,single_batch
991,W37180,3,14Mo,14Mo,single_batch
992,W37181,4,16Neu,16Neu,single_batch
993,W37182,0,8Mk,7MEP,single_batch
994,W37183,0,7MEP,7MEP,single_batch
995,W37184,0,8Mk,7MEP,single_batch
996,W37185,3,14Mo,14Mo,single_batch
997,W37186,1,10GMP,10GMP,single_batch
998,W37187,5,5Ery,5Ery,single_batch
999,W37188,0,10GMP,7MEP,single_batch
1000,W37190,5,3Ery,5Ery,single_batch
1001,W37191,3,13Baso,14Mo,single_batch
1002,W37192,1,14Mo,10GMP,single_batch
1003,W37193,5,3Ery,5Ery,single_batch
1004,W37194,5,2Ery,5Ery,single_batch
1005,W37195,6,2Ery,2Ery,single_batch
1006,W37196,1,14Mo,10GMP,single_batch
1007,W37197,5,2Ery,5Ery,single_batch
1008,W37198,5,6Ery,5Ery,single_batch
1009,W37199,2,4Ery,3Ery,single_batch
1010,W37200,4,15Mo,16Neu,single_batch
1011,W37201,1,13Baso,10GMP,single_batch
1012,W37202,5,6Ery,5Ery,single_batch
1013,W37203,1,12Baso,10GMP,single_batch
1014,W37204,4,16Neu,16Neu,single_batch
1015,W37205,3,14Mo,14Mo,single_batch
1016,W37206,4,15Mo,16Neu,single_batch
1017,W37207,3,13Baso,14Mo,single_batch
1018,W37208,5,2Ery,5Ery,single_batch
1019,W37209,1,14Mo,10GMP,single_batch
1020,W37210,1,14Mo,10GMP,single_batch
1021,W37211,1,12Baso,10GMP,single_batch
1022,W37212,1,10GMP,10GMP,single_batch
1023,W37213,0,7MEP,7MEP,single_batch
1024,W37215,5,2Ery,5Ery,single_batch
1025,W37216,5,4Ery,5Ery,single_batch
1026,W37217,5,3Ery,5Ery,single_batch
1027,W37218,1,16Neu,10GMP,single_batch
1028,W37219,5,5Ery,5Ery,single_batch
1029,W37220,6,2Ery,2Ery,single_batch
1030,W37221,5,3Ery,5Ery,single_batch
1031,W37223,6,2Ery,2Ery,single_batch
1032,W37224,1,14Mo,10GMP,single_batch
1033,W37225,3,14Mo,14Mo,single_batch
1034,W37226,0,8Mk,7MEP,single_batch
1035,W37227,5,5Ery,5Ery,single_batch
1036,W37228,0,7MEP,7MEP,single_batch
1037,W37229,0,7MEP,7MEP,single_batch
1038,W37230,4,16Neu,16Neu,single_batch
1039,W37231,5,2Ery,5Ery,single_batch
1040,W37232,1,13Baso,10GMP,single_batch
1041,W37233,5,5Ery,5Ery,single_batch
1042,W37234,5,5Ery,5Ery,single_batch
1043,W37235,4,14Mo,16Neu,single_batch
1044,W37236,0,6Ery,7MEP,single_batch
1045,W37237,3,14Mo,14Mo,single_batch
1046,W37238,0,7MEP,7MEP,single_batch
1047,W37239,6,2Ery,2Ery,single_batch
1048,W37240,1,13Baso,10GMP,single_batch
1049,W37241,6,2Ery,2Ery,single_batch
1050,W37242,1,14Mo,10GMP,single_batch
1051,W37243,5,2Ery,5Ery,single_batch
1052,W37244,4,15Mo,16Neu,single_batch
1053,W37245,5,3Ery,5Ery,single_batch
1054,W37246,5,5Ery,5Ery,single_batch
1055,W37247,0,10GMP,7MEP,single_batch
1056,W37248,5,6Ery,5Ery,single_batch
1057,W37249,1,15Mo,10GMP,single_batch
1058,W37250,2,1Ery,3Ery,single_batch
1059,W37251,2,4Ery,3Ery,single_batch
1060,W37252,0,12Baso,7MEP,single_batch
1061,W37253,5,4Ery,5Ery,single_batch
1062,W37258,3,13Baso,14Mo,single_batch
1063,W37259,2,6Ery,3Ery,single_batch
1064,W37260,0,3Ery,7MEP,single_batch
1065,W37261,2,8Mk,3Ery,single_batch
1066,W37262,2,6Ery,3Ery,single_batch
1067,W37264,5,3Ery,5Ery,single_batch
1068,W37265,2,3Ery,3Ery,single_batch
1069,W37266,2,4Ery,3Ery,single_batch
1070,W37267,4,16Neu,16Neu,single_batch
1071,W37268,0,7MEP,7MEP,single_batch
1072,W37269,2,3Ery,3Ery,single_batch
1073,W37270,4,15Mo,16Neu,single_batch
1074,W37273,1,10GMP,10GMP,single_batch
1075,W37274,1,12Baso,10GMP,single_batch
1076,W37275,2,3Ery,3Ery,single_batch
1077,W37276,2,3Ery,3Ery,single_batch
1078,W37277,3,14Mo,14Mo,single_batch
1079,W37278,1,9GMP,10GMP,single_batch
1080,W37279,1,12Baso,10GMP,single_batch
1081,W37280,4,15Mo,16Neu,single_batch
1082,W37281,4,15Mo,16Neu,single_batch
1083,W37282,2,2Ery,3Ery,single_batch
1084,W37283,3,14Mo,14Mo,single_batch
1085,W37284,5,4Ery,5Ery,single_batch
1086,W37285,2,3Ery,3Ery,single_batch
1087,W37286,3,14Mo,14Mo,single_batch
1088,W37288,3,14Mo,14Mo,single_batch
1089,W37289,0,8Mk,7MEP,single_batch
1090,W37290,4,16Neu,16Neu,single_batch
1091,W37291,1,10GMP,10GMP,single_batch
1092,W37292,5,2Ery,5Ery,single_batch
1093,W37293,5,2Ery,5Ery,single_batch
1094,W37294,2,3Ery,3Ery,single_batch
1095,W37295,0,9GMP,7MEP,single_batch
1096,W37296,4,15Mo,16Neu,single_batch
1097,W37297,3,14Mo,14Mo,single_batch
1098,W37298,5,5Ery,5Ery,single_batch
1099,W37300,1,14Mo,10GMP,single_batch
1100,W37301,5,2Ery,5Ery,single_batch
1101,W37302,3,13Baso,14Mo,single_batch
1102,W37303,3,14Mo,14Mo,single_batch
1103,W37304,3,14Mo,14Mo,single_batch
1104,W37305,4,14Mo,16Neu,single_batch
1105,W37306,2,2Ery,3Ery,single_batch
1106,W37307,5,2Ery,5Ery,single_batch
1107,W37308,3,13Baso,14Mo,single_batch
1108,W37309,5,6Ery,5Ery,single_batch
1109,W37310,0,7MEP,7MEP,single_batch
1110,W37311,0,7MEP,7MEP,single_batch
1111,W37312,3,13Baso,14Mo,single_batch
1112,W37313,2,3Ery,3Ery,single_batch
1113,W37314,5,3Ery,5Ery,single_batch
1114,W37315,1,14Mo,10GMP,single_batch
1115,W37317,0,2Ery,7MEP,single_batch
1116,W37318,6,2Ery,2Ery,single_batch
1117,W37319,0,8Mk,7MEP,single_batch
1118,W37320,0,7MEP,7MEP,single_batch
1119,W37322,4,16Neu,16Neu,single_batch
1120,W37323,5,5Ery,5Ery,single_batch
1121,W37324,3,14Mo,14Mo,single_batch
1122,W37325,5,2Ery,5Ery,single_batch
1123,W37326,3,14Mo,14Mo,single_batch
1124,W37327,0,8Mk,7MEP,single_batch
1125,W37328,0,7MEP,7MEP,single_batch
1126,W37329,7,19Lymph,19Lymph,single_batch
1127,W37330,4,14Mo,16Neu,single_batch
1128,W37331,0,12Baso,7MEP,single_batch
1129,W37332,1,13Baso,10GMP,single_batch
1130,W37334,0,12Baso,7MEP,single_batch
1131,W37335,3,13Baso,14Mo,single_batch
1132,W37336,2,4Ery,3Ery,single_batch
1133,W37337,3,14Mo,14Mo,single_batch
1134,W37338,2,2Ery,3Ery,single_batch
1135,W37339,5,5Ery,5Ery,single_batch
1136,W37340,8,11DC,11DC,single_batch
1137,W37341,4,16Neu,16Neu,single_batch
1138,W37342,2,3Ery,3Ery,single_batch
1139,W37343,8,11DC,11DC,single_batch
1140,W37344,2,3Ery,3Ery,single_batch
1141,W37345,2,4Ery,3Ery,single_batch
1142,W37346,2,3Ery,3Ery,single_batch
1143,W37347,0,6Ery,7MEP,single_batch
1144,W37348,4,15Mo,16Neu,single_batch
1145,W37349,1,17Neu,10GMP,single_batch
1146,W37350,3,14Mo,14Mo,single_batch
1147,W37353,2,4Ery,3Ery,single_batch
1148,W37354,1,9GMP,10GMP,single_batch
1149,W37355,0,7MEP,7MEP,single_batch
1150,W37356,0,7MEP,7MEP,single_batch
1151,W37357,3,14Mo,14Mo,single_batch
1152,W37358,3,13Baso,14Mo,single_batch
1153,W37361,2,4Ery,3Ery,single_batch
1154,W37362,1,13Baso,10GMP,single_batch
1155,W37363,3,14Mo,14Mo,single_batch
1156,W37364,5,3Ery,5Ery,single_batch
1157,W37365,6,2Ery,2Ery,single_batch
1158,W37366,2,3Ery,3Ery,single_batch
1159,W37367,3,14Mo,14Mo,single_batch
1160,W37369,2,6Ery,3Ery,single_batch
1161,W37371,6,2Ery,2Ery,single_batch
1162,W37372,1,10GMP,10GMP,single_batch
1163,W37373,3,13Baso,14Mo,single_batch
1164,W37374,5,5Ery,5Ery,single_batch
1165,W37375,0,7MEP,7MEP,single_batch
1166,W37376,3,13Baso,14Mo,single_batch
1167,W37377,2,3Ery,3Ery,single_batch
1168,W37378,5,2Ery,5Ery,single_batch
1169,W37379,3,14Mo,14Mo,single_batch
1170,W37380,5,3Ery,5Ery,single_batch
1171,W37381,5,2Ery,5Ery,single_batch
1172,W37382,0,10GMP,7MEP,single_batch
1173,W37384,3,13Baso,14Mo,single_batch
1174,W37385,3,14Mo,14Mo,single_batch
1175,W37386,2,4Ery,3Ery,single_batch
1176,W37387,5,5Ery,5Ery,single_batch
1177,W37388,1,18Eos,10GMP,single_batch
1178,W37389,6,2Ery,2Ery,single_batch
1179,W37390,4,14Mo,16Neu,single_batch
1180,W37391,2,3Ery,3Ery,single_batch
1181,W37392,1,13Baso,10GMP,single_batch
1182,W37393,2,5Ery,3Ery,single_batch
1183,W37394,1,12Baso,10GMP,single_batch
1184,W37395,5,5Ery,5Ery,single_batch
1185,W37396,2,2Ery,3Ery,single_batch
1186,W37397,0,7MEP,7MEP,single_batch
1187,W37398,0,5Ery,7MEP,single_batch
1188,W37399,4,16Neu,16Neu,single_batch
1189,W37401,4,15Mo,16Neu,single_batch
1190,W37402,1,14Mo,10GMP,single_batch
1191,W37403,5,5Ery,5Ery,single_batch
1192,W37405,4,16Neu,16Neu,single_batch
1193,W37406,5,2Ery,5Ery,single_batch
1194,W37407,5,2Ery,5Ery,single_batch
1195,W37409,2,6Ery,3Ery,single_batch
1196,W37410,5,2Ery,5Ery,single_batch
1197,W37411,5,5Ery,5Ery,single_batch
1198,W37412,1,14Mo,10GMP,single_batch
1199,W37413,2,2Ery,3Ery,single_batch
1200,W37414,2,3Ery,3Ery,single_batch
1201,W37415,2,5Ery,3Ery,single_batch
1202,W37417,4,16Neu,16Neu,single_batch
1203,W37418,1,10GMP,10GMP,single_batch
1204,W37419,3,14Mo,14Mo,single_batch
1205,W37420,6,1Ery,2Ery,single_batch
1206,W37421,6,2Ery,2Ery,single_batch
1207,W37422,2,3Ery,3Ery,single_batch
1208,W37424,4,15Mo,16Neu,single_batch
1209,W37425,0,7MEP,7MEP,single_batch
1210,W37426,5,4Ery,5Ery,single_batch
1211,W37427,0,7MEP,7MEP,single_batch
1212,W37428,5,5Ery,5Ery,single_batch
1213,W37429,5,2Ery,5Ery,single_batch
1214,W37430,1,13Baso,10GMP,single_batch
1215,W37431,3,14Mo,14Mo,single_batch
1216,W37432,3,15Mo,14Mo,single_batch
1217,W37433,2,2Ery,3Ery,single_batch
1218,W37434,1,14Mo,10GMP,single_batch
1219,W37435,5,6Ery,5Ery,single_batch
1220,W37436,4,12Baso,16Neu,single_batch
1221,W37437,5,2Ery,5Ery,single_batch
1222,W37439,7,19Lymph,19Lymph,single_batch
1223,W37442,2,6Ery,3Ery,single_batch
1224,W37443,3,14Mo,14Mo,single_batch
1225,W37446,0,6Ery,7MEP,single_batch
1226,W37449,1,17Neu,10GMP,single_batch
1227,W37450,2,6Ery,3Ery,single_batch
1228,W37451,0,6Ery,7MEP,single_batch
1229,W37452,1,9GMP,10GMP,single_batch
1230,W37453,2,3Ery,3Ery,single_batch
1231,W37454,3,14Mo,14Mo,single_batch
1232,W37455,2,6Ery,3Ery,single_batch
1233,W37456,4,15Mo,16Neu,single_batch
1234,W37457,3,15Mo,14Mo,single_batch
1235,W37458,3,13Baso,14Mo,single_batch
1236,W37459,5,3Ery,5Ery,single_batch
1237,W37460,4,16Neu,16Neu,single_batch
1238,W37461,0,7MEP,7MEP,single_batch
1239,W37462,2,3Ery,3Ery,single_batch
1240,W37463,3,13Baso,14Mo,single_batch
1241,W37465,2,3Ery,3Ery,single_batch
1242,W37466,3,14Mo,14Mo,single_batch
1243,W37467,3,14Mo,14Mo,single_batch
1244,W37468,0,8Mk,7MEP,single_batch
1245,W37469,4,16Neu,16Neu,single_batch
1246,W37470,1,14Mo,10GMP,single_batch
1247,W37471,1,17Neu,10GMP,single_batch
1248,W37473,2,3Ery,3Ery,single_batch
1249,W37474,5,5Ery,5Ery,single_batch
1250,W37475,1,10GMP,10GMP,single_batch
1251,W37476,4,16Neu,16Neu,single_batch
1252,W37477,5,2Ery,5Ery,single_batch
1253,W37478,1,14Mo,10GMP,single_batch
1254,W37479,5,6Ery,5Ery,single_batch
1255,W37480,3,14Mo,14Mo,single_batch
1256,W37481,3,13Baso,14Mo,single_batch
1257,W37482,5,5Ery,5Ery,single_batch
1258,W37483,1,10GMP,10GMP,single_batch
1259,W37484,0,7MEP,7MEP,single_batch
1260,W37485,5,2Ery,5Ery,single_batch
1261,W37486,5,2Ery,5Ery,single_batch
1262,W37487,5,2Ery,5Ery,single_batch
1263,W37488,3,14Mo,14Mo,single_batch
1264,W37489,0,7MEP,7MEP,single_batch
1265,W37490,0,8Mk,7MEP,single_batch
1266,W37491,3,14Mo,14Mo,single_batch
1267,W37492,5,2Ery,5Ery,single_batch
1268,W37493,5,2Ery,5Ery,single_batch
1269,W37494,1,14Mo,10GMP,single_batch
1270,W37496,3,13Baso,14Mo,single_batch
1271,W37497,0,7MEP,7MEP,single_batch
1272,W37498,2,4Ery,3Ery,single_batch
1273,W37499,3,13Baso,14Mo,single_batch
1274,W37500,3,13Baso,14Mo,single_batch
1275,W37501,5,5Ery,5Ery,single_batch
1276,W37502,6,2Ery,2Ery,single_batch
1277,W37503,1,18Eos,10GMP,single_batch
1278,W37504,4,15Mo,16Neu,single_batch
1279,W37505,2,5Ery,3Ery,single_batch
1280,W37506,0,7MEP,7MEP,single_batch
1281,W37507,6,2Ery,2Ery,single_batch
1282,W37508,3,13Baso,14Mo,single_batch
1283,W37509,3,14Mo,14Mo,single_batch
1284,W37510,0,6Ery,7MEP,single_batch
1285,W37511,5,5Ery,5Ery,single_batch
1286,W37512,2,4Ery,3Ery,single_batch
1287,W37514,3,13Baso,14Mo,single_batch
1288,W37515,0,7MEP,7MEP,single_batch
1289,W37516,5,5Ery,5Ery,single_batch
1290,W37517,5,5Ery,5Ery,single_batch
1291,W37518,1,10GMP,10GMP,single_batch
1292,W37519,4,16Neu,16Neu,single_batch
1293,W37520,2,2Ery,3Ery,single_batch
1294,W37521,4,14Mo,16Neu,single_batch
1295,W37522,2,3Ery,3Ery,single_batch
1296,W37523,5,2Ery,5Ery,single_batch
1297,W37524,1,10GMP,10GMP,single_batch
1298,W37525,4,16Neu,16Neu,single_batch
1299,W37526,0,8Mk,7MEP,single_batch
1300,W37527,5,6Ery,5Ery,single_batch
1301,W37528,3,15Mo,14Mo,single_batch
1302,W37529,2,5Ery,3Ery,single_batch
1303,W37530,1,10GMP,10GMP,single_batch
1304,W37531,0,7MEP,7MEP,single_batch
1305,W37532,3,14Mo,14Mo,single_batch
1306,W37533,7,19Lymph,19Lymph,single_batch
1307,W37534,2,2Ery,3Ery,single_batch
1308,W37535,4,15Mo,16Neu,single_batch
1309,W37537,2,3Ery,3Ery,single_batch
1310,W37538,5,6Ery,5Ery,single_batch
1311,W37539,6,1Ery,2Ery,single_batch
1312,W37540,2,2Ery,3Ery,single_batch
1313,W37541,2,3Ery,3Ery,single_batch
1314,W37542,2,4Ery,3Ery,single_batch
1315,W37545,2,6Ery,3Ery,single_batch
1316,W37546,3,13Baso,14Mo,single_batch
1317,W37548,2,3Ery,3Ery,single_batch
1318,W37549,5,5Ery,5Ery,single_batch
1319,W37551,1,14Mo,10GMP,single_batch
1320,W37552,3,13Baso,14Mo,single_batch
1321,W37553,3,13Baso,14Mo,single_batch
1322,W37554,2,3Ery,3Ery,single_batch
1323,W37555,2,4Ery,3Ery,single_batch
1324,W37557,0,7MEP,7MEP,single_batch
1325,W37558,1,10GMP,10GMP,single_batch
1326,W37559,8,11DC,11DC,single_batch
1327,W37561,2,3Ery,3Ery,single_batch
1328,W37562,1,13Baso,10GMP,single_batch
1329,W37563,5,2Ery,5Ery,single_batch
1330,W37564,1,13Baso,10GMP,single_batch
1331,W37565,2,2Ery,3Ery,single_batch
1332,W37566,2,4Ery,3Ery,single_batch
1333,W37567,1,10GMP,10GMP,single_batch
1334,W37568,4,16Neu,16Neu,single_batch
1335,W37569,1,14Mo,10GMP,single_batch
1336,W37570,4,16Neu,16Neu,single_batch
1337,W37572,1,10GMP,10GMP,single_batch
1338,W37573,5,2Ery,5Ery,single_batch
1339,W37574,5,2Ery,5Ery,single_batch
1340,W37575,5,6Ery,5Ery,single_batch
1341,W37577,2,3Ery,3Ery,single_batch
1342,W37578,3,14Mo,14Mo,single_batch
1343,W37579,1,14Mo,10GMP,single_batch
1344,W37580,4,15Mo,16Neu,single_batch
1345,W37581,4,10GMP,16Neu,single_batch
1346,W37582,3,13Baso,14Mo,single_batch
1347,W37583,2,3Ery,3Ery,single_batch
1348,W37584,0,7MEP,7MEP,single_batch
1349,W37585,3,13Baso,14Mo,single_batch
1350,W37586,6,2Ery,2Ery,single_batch
1351,W37587,3,14Mo,14Mo,single_batch
1352,W37588,3,14Mo,14Mo,single_batch
1353,W37589,3,15Mo,14Mo,single_batch
1354,W37591,5,4Ery,5Ery,single_batch
1355,W37593,4,15Mo,16Neu,single_batch
1356,W37594,3,14Mo,14Mo,single_batch
1357,W37595,1,10GMP,10GMP,single_batch
1358,W37596,1,13Baso,10GMP,single_batch
1359,W37597,4,16Neu,16Neu,single_batch
1360,W37599,0,8Mk,7MEP,single_batch
1361,W37601,3,13Baso,14Mo,single_batch
1362,W37602,5,5Ery,5Ery,single_batch
1363,W37603,5,6Ery,5Ery,single_batch
1364,W37604,3,14Mo,14Mo,single_batch
1365,W37605,5,2Ery,5Ery,single_batch
1366,W37606,5,6Ery,5Ery,single_batch
1367,W37607,2,3Ery,3Ery,single_batch
1368,W37608,1,14Mo,10GMP,single_batch
1369,W37609,5,7MEP,5Ery,single_batch
1370,W37610,0,7MEP,7MEP,single_batch
1371,W37611,3,14Mo,14Mo,single_batch
1372,W37612,5,5Ery,5Ery,single_batch
1373,W37613,3,13Baso,14Mo,single_batch
1374,W37614,6,2Ery,2Ery,single_batch
1375,W37615,4,16Neu,16Neu,single_batch
1376,W37617,0,12Baso,7MEP,single_batch
1377,W37618,4,14Mo,16Neu,single_batch
1378,W37619,0,8Mk,7MEP,single_batch
1379,W37620,5,4Ery,5Ery,single_batch
1380,W37621,2,3Ery,3Ery,single_batch
1381,W37622,2,2Ery,3Ery,single_batch
1382,W37624,3,14Mo,14Mo,single_batch
1383,W37625,1,7MEP,10GMP,single_batch
1384,W37626,7,19Lymph,19Lymph,single_batch
1385,W37627,0,7MEP,7MEP,single_batch
1386,W37628,1,10GMP,10GMP,single_batch
1387,W37629,3,13Baso,14Mo,single_batch
1388,W37630,6,2Ery,2Ery,single_batch
1389,W37631,5,2Ery,5Ery,single_batch
1390,W37633,2,3Ery,3Ery,single_batch
1391,W37634,2,3Ery,3Ery,single_batch
1392,W37635,0,6Ery,7MEP,single_batch
1393,W37642,0,7MEP,7MEP,single_batch
1394,W37644,1,8Mk,10GMP,single_batch
1395,W37650,0,2Ery,7MEP,single_batch
1396,W37651,6,1Ery,2Ery,single_batch
1397,W37653,1,9GMP,10GMP,single_batch
1398,W37654,3,13Baso,14Mo,single_batch
1399,W37657,1,15Mo,10GMP,single_batch
1400,W37658,0,6Ery,7MEP,single_batch
1401,W37660,3,13Baso,14Mo,single_batch
1402,W37661,2,3Ery,3Ery,single_batch
1403,W37663,4,16Neu,16Neu,single_batch
1404,W37664,3,14Mo,14Mo,single_batch
1405,W37665,5,5Ery,5Ery,single_batch
1406,W37666,0,7MEP,7MEP,single_batch
1407,W37667,3,13Baso,14Mo,single_batch
1408,W37668,2,4Ery,3Ery,single_batch
1409,W37669,3,13Baso,14Mo,single_batch
1410,W37670,2,2Ery,3Ery,single_batch
1411,W37673,4,15Mo,16Neu,single_batch
1412,W37674,0,7MEP,7MEP,single_batch
1413,W37675,2,3Ery,3Ery,single_batch
1414,W37676,1,10GMP,10GMP,single_batch
1415,W37680,3,13Baso,14Mo,single_batch
1416,W37682,5,3Ery,5Ery,single_batch
1417,W37683,5,1Ery,5Ery,single_batch
1418,W37684,4,13Baso,16Neu,single_batch
1419,W37685,1,13Baso,10GMP,single_batch
1420,W37686,0,7MEP,7MEP,single_batch
1421,W37687,3,16Neu,14Mo,single_batch
1422,W37689,3,14Mo,14Mo,single_batch
1423,W37691,2,3Ery,3Ery,single_batch
1424,W37692,5,2Ery,5Ery,single_batch
1425,W37693,5,1Ery,5Ery,single_batch
1426,W37694,3,13Baso,14Mo,single_batch
1427,W37696,4,15Mo,16Neu,single_batch
1428,W37698,0,8Mk,7MEP,single_batch
1429,W37699,2,2Ery,3Ery,single_batch
1430,W37700,3,14Mo,14Mo,single_batch
1431,W37701,3,14Mo,14Mo,single_batch
1432,W37702,1,14Mo,10GMP,single_batch
1433,W37704,1,9GMP,10GMP,single_batch
1434,W37706,3,14Mo,14Mo,single_batch
1435,W37707,1,14Mo,10GMP,single_batch
1436,W37708,5,2Ery,5Ery,single_batch
1437,W37709,0,7MEP,7MEP,single_batch
1438,W37710,2,2Ery,3Ery,single_batch
1439,W37711,4,16Neu,16Neu,single_batch
1440,W37712,1,10GMP,10GMP,single_batch
1441,W37713,5,6Ery,5Ery,single_batch
1442,W37714,5,2Ery,5Ery,single_batch
1443,W37715,3,15Mo,14Mo,single_batch
1444,W37716,1,14Mo,10GMP,single_batch
1445,W37717,4,15Mo,16Neu,single_batch
1446,W37718,5,3Ery,5Ery,single_batch
1447,W37719,1,12Baso,10GMP,single_batch
1448,W37720,2,2Ery,3Ery,single_batch
1449,W37721,3,13Baso,14Mo,single_batch
1450,W37722,3,13Baso,14Mo,single_batch
1451,W37723,0,7MEP,7MEP,single_batch
1452,W37724,5,6Ery,5Ery,single_batch
1453,W37725,2,5Ery,3Ery,single_batch
1454,W37726,6,2Ery,2Ery,single_batch
1455,W37727,7,19Lymph,19Lymph,single_batch
1456,W37728,3,14Mo,14Mo,single_batch
1457,W37729,0,12Baso,7MEP,single_batch
1458,W37730,5,2Ery,5Ery,single_batch
1459,W37731,4,16Neu,16Neu,single_batch
1460,W37737,2,4Ery,3Ery,single_batch
1461,W37738,5,6Ery,5Ery,single_batch
1462,W37739,3,13Baso,14Mo,single_batch
1463,W37745,5,4Ery,5Ery,single_batch
1464,W37746,5,2Ery,5Ery,single_batch
1465,W37747,5,4Ery,5Ery,single_batch
1466,W37748,1,15Mo,10GMP,single_batch
1467,W37753,6,1Ery,2Ery,single_batch
1468,W37754,4,15Mo,16Neu,single_batch
1469,W37756,1,13Baso,10GMP,single_batch
1470,W37758,1,15Mo,10GMP,single_batch
1471,W37759,6,3Ery,2Ery,single_batch
1472,W37761,5,6Ery,5Ery,single_batch
1473,W37762,1,12Baso,10GMP,single_batch
1474,W37763,1,12Baso,10GMP,single_batch
1475,W37764,1,13Baso,10GMP,single_batch
1476,W37765,5,5Ery,5Ery,single_batch
1477,W37766,1,16Neu,10GMP,single_batch
1478,W37769,5,6Ery,5Ery,single_batch
1479,W37770,3,13Baso,14Mo,single_batch
1480,W37771,2,2Ery,3Ery,single_batch
1481,W37772,3,14Mo,14Mo,single_batch
1482,W37776,0,3Ery,7MEP,single_batch
1483,W37777,3,14Mo,14Mo,single_batch
1484,W37778,0,8Mk,7MEP,single_batch
1485,W37779,6,2Ery,2Ery,single_batch
1486,W37780,1,9GMP,10GMP,single_batch
1487,W37781,2,4Ery,3Ery,single_batch
1488,W37782,2,3Ery,3Ery,single_batch
1489,W37786,5,3Ery,5Ery,single_batch
1490,W37788,3,14Mo,14Mo,single_batch
1491,W37790,5,2Ery,5Ery,single_batch
1492,W37793,1,10GMP,10GMP,single_batch
1493,W37794,4,16Neu,16Neu,single_batch
1494,W37795,5,6Ery,5Ery,single_batch
1495,W37796,3,14Mo,14Mo,single_batch
1496,W37797,4,16Neu,16Neu,single_batch
1497,W37798,2,5Ery,3Ery,single_batch
1498,W37799,1,10GMP,10GMP,single_batch
1499,W37800,3,16Neu,14Mo,single_batch
1500,W37801,1,12Baso,10GMP,single_batch
1501,W37802,8,11DC,11DC,single_batch
1502,W37803,4,15Mo,16Neu,single_batch
1503,W37804,5,2Ery,5Ery,single_batch
1504,W37805,3,13Baso,14Mo,single_batch
1505,W37806,0,7MEP,7MEP,single_batch
1506,W37807,3,13Baso,14Mo,single_batch
1507,W37809,3,13Baso,14Mo,single_batch
1508,W37811,6,2Ery,2Ery,single_batch
1509,W37812,2,6Ery,3Ery,single_batch
1510,W37813,3,14Mo,14Mo,single_batch
1511,W37817,5,5Ery,5Ery,single_batch
1512,W37818,4,16Neu,16Neu,single_batch
1513,W37819,5,5Ery,5Ery,single_batch
1514,W37820,5,6Ery,5Ery,single_batch
1515,W37821,1,18Eos,10GMP,single_batch
1516,W37822,3,14Mo,14Mo,single_batch
1517,W37825,3,14Mo,14Mo,single_batch
1518,W37826,3,13Baso,14Mo,single_batch
1519,W37828,4,15Mo,16Neu,single_batch
1520,W37830,0,2Ery,7MEP,single_batch
1521,W37833,2,2Ery,3Ery,single_batch
1522,W37835,1,13Baso,10GMP,single_batch
1523,W37838,0,3Ery,7MEP,single_batch
1524,W37841,6,2Ery,2Ery,single_batch
1525,W37842,3,15Mo,14Mo,single_batch
1526,W37843,1,12Baso,10GMP,single_batch
1527,W37844,0,7MEP,7MEP,single_batch
1528,W37847,0,3Ery,7MEP,single_batch
1529,W37848,0,4Ery,7MEP,single_batch
1530,W37849,4,15Mo,16Neu,single_batch
1531,W37850,3,14Mo,14Mo,single_batch
1532,W37851,2,4Ery,3Ery,single_batch
1533,W37852,5,4Ery,5Ery,single_batch
1534,W37853,1,13Baso,10GMP,single_batch
1535,W37854,1,9GMP,10GMP,single_batch
1536,W37857,1,12Baso,10GMP,single_batch
1537,W37858,5,2Ery,5Ery,single_batch
1538,W37859,2,4Ery,3Ery,single_batch
1539,W37860,0,9GMP,7MEP,single_batch
1540,W37861,4,16Neu,16Neu,single_batch
1541,W37863,1,16Neu,10GMP,single_batch
1542,W37864,5,2Ery,5Ery,single_batch
1543,W37865,5,2Ery,5Ery,single_batch
1544,W37866,4,16Neu,16Neu,single_batch
1545,W37867,0,7MEP,7MEP,single_batch
1546,W37868,1,14Mo,10GMP,single_batch
1547,W37870,1,14Mo,10GMP,single_batch
1548,W37872,4,14Mo,16Neu,single_batch
1549,W37873,5,5Ery,5Ery,single_batch
1550,W37874,5,5Ery,5Ery,single_batch
1551,W37875,5,3Ery,5Ery,single_batch
1552,W37876,2,3Ery,3Ery,single_batch
1553,W37878,6,2Ery,2Ery,single_batch
1554,W37879,1,18Eos,10GMP,single_batch
1555,W37880,3,14Mo,14Mo,single_batch
1556,W37881,2,3Ery,3Ery,single_batch
1557,W37882,3,14Mo,14Mo,single_batch
1558,W37883,1,14Mo,10GMP,single_batch
1559,W37885,7,12Baso,19Lymph,single_batch
1560,W37886,3,14Mo,14Mo,single_batch
1561,W37887,2,4Ery,3Ery,single_batch
1562,W37888,2,3Ery,3Ery,single_batch
1563,W37889,3,14Mo,14Mo,single_batch
1564,W37890,0,7MEP,7MEP,single_batch
1565,W37891,0,5Ery,7MEP,single_batch
1566,W37892,1,12Baso,10GMP,single_batch
1567,W37893,2,2Ery,3Ery,single_batch
1568,W37894,1,15Mo,10GMP,single_batch
1569,W37895,4,14Mo,16Neu,single_batch
1570,W37896,2,3Ery,3Ery,single_batch
1571,W37898,3,14Mo,14Mo,single_batch
1572,W37899,6,2Ery,2Ery,single_batch
1573,W37900,2,3Ery,3Ery,single_batch
1574,W37901,6,2Ery,2Ery,single_batch
1575,W37902,4,16Neu,16Neu,single_batch
1576,W37903,0,7MEP,7MEP,single_batch
1577,W37904,5,2Ery,5Ery,single_batch
1578,W37906,1,10GMP,10GMP,single_batch
1579,W37907,1,7MEP,10GMP,single_batch
1580,W37908,0,5Ery,7MEP,single_batch
1581,W37909,0,5Ery,7MEP,single_batch
1582,W37910,1,13Baso,10GMP,single_batch
1583,W37913,0,6Ery,7MEP,single_batch
1584,W37914,0,7MEP,7MEP,single_batch
1585,W37915,2,3Ery,3Ery,single_batch
1586,W37916,0,10GMP,7MEP,single_batch
1587,W37917,5,5Ery,5Ery,single_batch
1588,W37918,5,5Ery,5Ery,single_batch
1589,W37919,6,1Ery,2Ery,single_batch
1590,W37921,3,13Baso,14Mo,single_batch
1591,W37922,3,15Mo,14Mo,single_batch
1592,W37923,5,3Ery,5Ery,single_batch
1593,W37924,0,6Ery,7MEP,single_batch
1594,W37929,3,14Mo,14Mo,single_batch
1595,W37930,8,11DC,11DC,single_batch
1596,W37935,5,3Ery,5Ery,single_batch
1597,W37937,2,3Ery,3Ery,single_batch
1598,W37938,2,3Ery,3Ery,single_batch
1599,W37939,4,16Neu,16Neu,single_batch
1600,W37940,5,3Ery,5Ery,single_batch
1601,W37941,1,9GMP,10GMP,single_batch
1602,W37942,1,14Mo,10GMP,single_batch
1603,W37943,1,12Baso,10GMP,single_batch
1604,W37945,1,9GMP,10GMP,single_batch
1605,W37946,3,14Mo,14Mo,single_batch
1606,W37948,3,14Mo,14Mo,single_batch
1607,W37951,0,8Mk,7MEP,single_batch
1608,W37952,0,5Ery,7MEP,single_batch
1609,W37953,1,15Mo,10GMP,single_batch
1610,W37954,3,15Mo,14Mo,single_batch
1611,W37955,2,3Ery,3Ery,single_batch
1612,W37956,4,16Neu,16Neu,single_batch
1613,W37957,1,15Mo,10GMP,single_batch
1614,W37959,5,4Ery,5Ery,single_batch
1615,W37960,5,3Ery,5Ery,single_batch
1616,W37961,0,8Mk,7MEP,single_batch
1617,W37962,3,15Mo,14Mo,single_batch
1618,W37963,4,14Mo,16Neu,single_batch
1619,W37964,5,5Ery,5Ery,single_batch
1620,W37965,5,3Ery,5Ery,single_batch
1621,W37967,0,4Ery,7MEP,single_batch
1622,W37969,5,2Ery,5Ery,single_batch
1623,W37970,1,8Mk,10GMP,single_batch
1624,W37971,0,7MEP,7MEP,single_batch
1625,W37972,1,10GMP,10GMP,single_batch
1626,W37974,4,15Mo,16Neu,single_batch
1627,W37975,3,14Mo,14Mo,single_batch
1628,W37977,1,13Baso,10GMP,single_batch
1629,W37978,2,3Ery,3Ery,single_batch
1630,W37979,0,7MEP,7MEP,single_batch
1631,W37980,6,2Ery,2Ery,single_batch
1632,W37982,3,13Baso,14Mo,single_batch
1633,W37983,0,2Ery,7MEP,single_batch
1634,W37984,1,10GMP,10GMP,single_batch
1635,W37985,6,2Ery,2Ery,single_batch
1636,W37986,5,2Ery,5Ery,single_batch
1637,W37988,6,2Ery,2Ery,single_batch
1638,W37989,1,12Baso,10GMP,single_batch
1639,W37990,3,14Mo,14Mo,single_batch
1640,W37991,6,1Ery,2Ery,single_batch
1641,W37992,9,14Mo,6Ery,single_batch
1642,W37993,1,14Mo,10GMP,single_batch
1643,W37994,6,2Ery,2Ery,single_batch
1644,W37995,4,14Mo,16Neu,single_batch
1645,W37996,4,16Neu,16Neu,single_batch
1646,W37997,3,14Mo,14Mo,single_batch
1647,W38000,0,8Mk,7MEP,single_batch
1648,W38001,3,16Neu,14Mo,single_batch
1649,W38002,4,16Neu,16Neu,single_batch
1650,W38003,6,2Ery,2Ery,single_batch
1651,W38004,0,8Mk,7MEP,single_batch
1652,W38005,2,5Ery,3Ery,single_batch
1653,W38006,5,6Ery,5Ery,single_batch
1654,W38007,7,19Lymph,19Lymph,single_batch
1655,W38008,1,15Mo,10GMP,single_batch
1656,W38009,1,13Baso,10GMP,single_batch
1657,W38010,5,5Ery,5Ery,single_batch
1658,W38011,3,14Mo,14Mo,single_batch
1659,W38012,5,5Ery,5Ery,single_batch
1660,W38013,5,6Ery,5Ery,single_batch
1661,W38014,4,16Neu,16Neu,single_batch
1662,W38017,2,3Ery,3Ery,single_batch
1663,W38018,4,15Mo,16Neu,single_batch
1664,W38019,0,7MEP,7MEP,single_batch
1665,W38020,0,7MEP,7MEP,single_batch
1666,W38021,3,10GMP,14Mo,single_batch
1667,W38022,3,14Mo,14Mo,single_batch
1668,W38023,2,3Ery,3Ery,single_batch
1669,W38025,2,4Ery,3Ery,single_batch
1670,W38026,3,13Baso,14Mo,single_batch
1671,W38027,3,15Mo,14Mo,single_batch
1672,W38028,8,11DC,11DC,single_batch
1673,W38030,1,17Neu,10GMP,single_batch
1674,W38031,5,4Ery,5Ery,single_batch
1675,W38032,5,6Ery,5Ery,single_batch
1676,W38033,2,3Ery,3Ery,single_batch
1677,W38034,2,3Ery,3Ery,single_batch
1678,W38035,0,7MEP,7MEP,single_batch
1679,W38036,0,8Mk,7MEP,single_batch
1680,W38037,5,6Ery,5Ery,single_batch
1681,W38038,9,11DC,6Ery,single_batch
1682,W38039,4,16Neu,16Neu,single_batch
1683,W38040,2,3Ery,3Ery,single_batch
1684,W38041,3,14Mo,14Mo,single_batch
1685,W38042,2,4Ery,3Ery,single_batch
1686,W38043,2,4Ery,3Ery,single_batch
1687,W38044,8,11DC,11DC,single_batch
1688,W38045,5,3Ery,5Ery,single_batch
1689,W38046,3,14Mo,14Mo,single_batch
1690,W38047,3,15Mo,14Mo,single_batch
1691,W38048,2,3Ery,3Ery,single_batch
1692,W38049,1,10GMP,10GMP,single_batch
1693,W38050,2,6Ery,3Ery,single_batch
1694,W38051,5,2Ery,5Ery,single_batch
1695,W38052,4,16Neu,16Neu,single_batch
1696,W38053,4,15Mo,16Neu,single_batch
1697,W38054,0,7MEP,7MEP,single_batch
1698,W38055,2,3Ery,3Ery,single_batch
1699,W38056,4,10GMP,16Neu,single_batch
1700,W38057,2,3Ery,3Ery,single_batch
1701,W38058,3,14Mo,14Mo,single_batch
1702,W38059,0,7MEP,7MEP,single_batch
1703,W38060,5,6Ery,5Ery,single_batch
1704,W38061,1,10GMP,10GMP,single_batch
1705,W38062,1,10GMP,10GMP,single_batch
1706,W38063,2,3Ery,3Ery,single_batch
1707,W38064,0,7MEP,7MEP,single_batch
1708,W38065,2,2Ery,3Ery,single_batch
1709,W38066,2,4Ery,3Ery,single_batch
1710,W38067,0,7MEP,7MEP,single_batch
1711,W38068,1,13Baso,10GMP,single_batch
1712,W38069,5,6Ery,5Ery,single_batch
1713,W38070,4,15Mo,16Neu,single_batch
1714,W38071,0,8Mk,7MEP,single_batch
1715,W38072,1,10GMP,10GMP,single_batch
1716,W38073,2,4Ery,3Ery,single_batch
1717,W38074,2,4Ery,3Ery,single_batch
1718,W38075,2,3Ery,3Ery,single_batch
1719,W38076,5,7MEP,5Ery,single_batch
1720,W38077,5,2Ery,5Ery,single_batch
1721,W38078,4,16Neu,16Neu,single_batch
1722,W38079,5,3Ery,5Ery,single_batch
1723,W38080,2,3Ery,3Ery,single_batch
1724,W38081,2,6Ery,3Ery,single_batch
1725,W38082,5,6Ery,5Ery,single_batch
1726,W38083,0,7MEP,7MEP,single_batch
1727,W38084,2,4Ery,3Ery,single_batch
1728,W38085,4,16Neu,16Neu,single_batch
1729,W38086,5,2Ery,5Ery,single_batch
1730,W38087,1,13Baso,10GMP,single_batch
1731,W38088,1,10GMP,10GMP,single_batch
1732,W38090,2,3Ery,3Ery,single_batch
1733,W38091,2,3Ery,3Ery,single_batch
1734,W38092,1,10GMP,10GMP,single_batch
1735,W38093,0,6Ery,7MEP,single_batch
1736,W38094,4,14Mo,16Neu,single_batch
1737,W38095,4,15Mo,16Neu,single_batch
1738,W38096,0,7MEP,7MEP,single_batch
1739,W38097,8,13Baso,11DC,single_batch
1740,W38098,3,14Mo,14Mo,single_batch
1741,W38100,3,14Mo,14Mo,single_batch
1742,W38101,3,14Mo,14Mo,single_batch
1743,W38102,5,2Ery,5Ery,single_batch
1744,W38103,4,16Neu,16Neu,single_batch
1745,W38104,0,7MEP,7MEP,single_batch
1746,W38105,3,14Mo,14Mo,single_batch
1747,W38106,1,10GMP,10GMP,single_batch
1748,W38107,3,14Mo,14Mo,single_batch
1749,W38108,5,6Ery,5Ery,single_batch
1750,W38109,3,14Mo,14Mo,single_batch
1751,W38110,4,16Neu,16Neu,single_batch
1752,W38111,2,2Ery,3Ery,single_batch
1753,W38112,1,10GMP,10GMP,single_batch
1754,W38113,4,16Neu,16Neu,single_batch
1755,W38114,1,14Mo,10GMP,single_batch
1756,W38115,3,14Mo,14Mo,single_batch
1757,W38116,5,5Ery,5Ery,single_batch
1758,W38117,1,12Baso,10GMP,single_batch
1759,W38118,2,4Ery,3Ery,single_batch
1760,W38119,2,3Ery,3Ery,single_batch
1761,W38121,1,13Baso,10GMP,single_batch
1762,W38123,2,2Ery,3Ery,single_batch
1763,W38124,5,4Ery,5Ery,single_batch
1764,W38125,5,4Ery,5Ery,single_batch
1765,W38126,5,3Ery,5Ery,single_batch
1766,W38127,5,3Ery,5Ery,single_batch
1767,W38128,1,13Baso,10GMP,single_batch
1768,W38129,0,12Baso,7MEP,single_batch
1769,W38130,3,14Mo,14Mo,single_batch
1770,W38131,4,16Neu,16Neu,single_batch
1771,W38132,5,3Ery,5Ery,single_batch
1772,W38133,5,5Ery,5Ery,single_batch
1773,W38134,0,6Ery,7MEP,single_batch
1774,W38135,0,7MEP,7MEP,single_batch
1775,W38136,2,4Ery,3Ery,single_batch
1776,W38137,5,4Ery,5Ery,single_batch
1777,W38138,5,5Ery,5Ery,single_batch
1778,W38140,3,14Mo,14Mo,single_batch
1779,W38141,1,14Mo,10GMP,single_batch
1780,W38142,5,2Ery,5Ery,single_batch
1781,W38143,0,12Baso,7MEP,single_batch
1782,W38144,2,3Ery,3Ery,single_batch
1783,W38145,5,5Ery,5Ery,single_batch
1784,W38146,5,2Ery,5Ery,single_batch
1785,W38147,6,2Ery,2Ery,single_batch
1786,W38148,4,16Neu,16Neu,single_batch
1787,W38149,0,7MEP,7MEP,single_batch
1788,W38150,5,5Ery,5Ery,single_batch
1789,W38151,6,2Ery,2Ery,single_batch
1790,W38152,0,7MEP,7MEP,single_batch
1791,W38153,2,3Ery,3Ery,single_batch
1792,W38154,5,4Ery,5Ery,single_batch
1793,W38155,5,2Ery,5Ery,single_batch
1794,W38156,5,5Ery,5Ery,single_batch
1795,W38157,1,10GMP,10GMP,single_batch
1796,W38158,6,1Ery,2Ery,single_batch
1797,W38159,1,10GMP,10GMP,single_batch
1798,W38160,8,11DC,11DC,single_batch
1799,W38161,3,16Neu,14Mo,single_batch
1800,W38162,5,2Ery,5Ery,single_batch
1801,W38163,5,2Ery,5Ery,single_batch
1802,W38164,6,2Ery,2Ery,single_batch
1803,W38165,5,5Ery,5Ery,single_batch
1804,W38166,5,5Ery,5Ery,single_batch
1805,W38167,3,14Mo,14Mo,single_batch
1806,W38168,3,14Mo,14Mo,single_batch
1807,W38169,4,16Neu,16Neu,single_batch
1808,W38170,0,10GMP,7MEP,single_batch
1809,W38171,3,14Mo,14Mo,single_batch
1810,W38172,3,14Mo,14Mo,single_batch
1811,W38173,5,4Ery,5Ery,single_batch
1812,W38175,5,2Ery,5Ery,single_batch
1813,W38176,2,6Ery,3Ery,single_batch
1814,W38177,5,2Ery,5Ery,single_batch
1815,W38178,7,19Lymph,19Lymph,single_batch
1816,W38180,4,16Neu,16Neu,single_batch
1817,W38181,6,1Ery,2Ery,single_batch
1818,W38182,1,13Baso,10GMP,single_batch
1819,W38183,2,3Ery,3Ery,single_batch
1820,W38184,3,15Mo,14Mo,single_batch
1821,W38185,5,3Ery,5Ery,single_batch
1822,W38186,5,5Ery,5Ery,single_batch
1823,W38187,5,2Ery,5Ery,single_batch
1824,W38188,6,2Ery,2Ery,single_batch
1825,W38189,4,16Neu,16Neu,single_batch
1826,W38190,5,4Ery,5Ery,single_batch
1827,W38191,1,12Baso,10GMP,single_batch
1828,W38192,5,3Ery,5Ery,single_batch
1829,W38193,1,12Baso,10GMP,single_batch
1830,W38194,3,14Mo,14Mo,single_batch
1831,W38195,4,15Mo,16Neu,single_batch
1832,W38196,3,14Mo,14Mo,single_batch
1833,W38197,1,10GMP,10GMP,single_batch
1834,W38198,5,6Ery,5Ery,single_batch
1835,W38199,1,12Baso,10GMP,single_batch
1836,W38200,2,2Ery,3Ery,single_batch
1837,W38201,2,3Ery,3Ery,single_batch
1838,W38202,5,4Ery,5Ery,single_batch
1839,W38203,0,7MEP,7MEP,single_batch
1840,W38204,5,4Ery,5Ery,single_batch
1841,W38205,3,15Mo,14Mo,single_batch
1842,W38206,2,2Ery,3Ery,single_batch
1843,W38207,7,7MEP,19Lymph,single_batch
1844,W38208,4,14Mo,16Neu,single_batch
1845,W38209,2,3Ery,3Ery,single_batch
1846,W38210,3,13Baso,14Mo,single_batch
1847,W38211,2,3Ery,3Ery,single_batch
1848,W38212,4,15Mo,16Neu,single_batch
1849,W38213,4,15Mo,16Neu,single_batch
1850,W38214,3,13Baso,14Mo,single_batch
1851,W38215,3,14Mo,14Mo,single_batch
1852,W38217,2,4Ery,3Ery,single_batch
1853,W38218,3,14Mo,14Mo,single_batch
1854,W38219,5,6Ery,5Ery,single_batch
1855,W38220,2,3Ery,3Ery,single_batch
1856,W38221,3,14Mo,14Mo,single_batch
1857,W38222,0,8Mk,7MEP,single_batch
1858,W38223,0,8Mk,7MEP,single_batch
1859,W38224,0,7MEP,7MEP,single_batch
1860,W38225,4,15Mo,16Neu,single_batch
1861,W38226,4,15Mo,16Neu,single_batch
1862,W38227,1,13Baso,10GMP,single_batch
1863,W38228,4,16Neu,16Neu,single_batch
1864,W38229,0,6Ery,7MEP,single_batch
1865,W38230,2,3Ery,3Ery,single_batch
1866,W38231,5,2Ery,5Ery,single_batch
1867,W38232,3,13Baso,14Mo,single_batch
1868,W38233,2,3Ery,3Ery,single_batch
1869,W38234,2,3Ery,3Ery,single_batch
1870,W38235,3,13Baso,14Mo,single_batch
1871,W38236,8,11DC,11DC,single_batch
1872,W38237,1,10GMP,10GMP,single_batch
1873,W38238,2,4Ery,3Ery,single_batch
1874,W38239,6,2Ery,2Ery,single_batch
1875,W38240,0,7MEP,7MEP,single_batch
1876,W38241,0,7MEP,7MEP,single_batch
1877,W38242,5,6Ery,5Ery,single_batch
1878,W38243,5,3Ery,5Ery,single_batch
1879,W38244,4,16Neu,16Neu,single_batch
1880,W38245,0,7MEP,7MEP,single_batch
1881,W38246,3,14Mo,14Mo,single_batch
1882,W38247,2,3Ery,3Ery,single_batch
1883,W38248,5,6Ery,5Ery,single_batch
1884,W38249,1,9GMP,10GMP,single_batch
1885,W38250,1,12Baso,10GMP,single_batch
1886,W38251,2,3Ery,3Ery,single_batch
1887,W38252,3,14Mo,14Mo,single_batch
1888,W38253,1,10GMP,10GMP,single_batch
1889,W38254,5,4Ery,5Ery,single_batch
1890,W38255,0,7MEP,7MEP,single_batch
1891,W38256,5,6Ery,5Ery,single_batch
1892,W38257,3,14Mo,14Mo,single_batch
1893,W38258,3,14Mo,14Mo,single_batch
1894,W38259,5,4Ery,5Ery,single_batch
1895,W38260,2,3Ery,3Ery,single_batch
1896,W38261,5,3Ery,5Ery,single_batch
1897,W38262,5,2Ery,5Ery,single_batch
1898,W38263,4,16Neu,16Neu,single_batch
1899,W38264,2,3Ery,3Ery,single_batch
1900,W38266,0,7MEP,7MEP,single_batch
1901,W38267,1,18Eos,10GMP,single_batch
1902,W38268,5,6Ery,5Ery,single_batch
1903,W38269,3,13Baso,14Mo,single_batch
1904,W38270,5,4Ery,5Ery,single_batch
1905,W38271,1,10GMP,10GMP,single_batch
1906,W38272,2,6Ery,3Ery,single_batch
1907,W38273,5,2Ery,5Ery,single_batch
1908,W38274,0,12Baso,7MEP,single_batch
1909,W38275,6,1Ery,2Ery,single_batch
1910,W38276,5,4Ery,5Ery,single_batch
1911,W38277,1,13Baso,10GMP,single_batch
1912,W38278,3,14Mo,14Mo,single_batch
1913,W38279,4,14Mo,16Neu,single_batch
1914,W38280,1,13Baso,10GMP,single_batch
1915,W38282,2,3Ery,3Ery,single_batch
1916,W38283,5,3Ery,5Ery,single_batch
1917,W38284,4,16Neu,16Neu,single_batch
1918,W38285,4,15Mo,16Neu,single_batch
1919,W38286,1,14Mo,10GMP,single_batch
1920,W38287,2,3Ery,3Ery,single_batch
1921,W38288,5,6Ery,5Ery,single_batch
1922,W38289,5,2Ery,5Ery,single_batch
1923,W38290,1,10GMP,10GMP,single_batch
1924,W38291,4,14Mo,16Neu,single_batch
1925,W38292,5,5Ery,5Ery,single_batch
1926,W38293,5,4Ery,5Ery,single_batch
1927,W38294,3,15Mo,14Mo,single_batch
1928,W38295,3,13Baso,14Mo,single_batch
1929,W38296,3,15Mo,14Mo,single_batch
1930,W38297,1,13Baso,10GMP,single_batch
1931,W38298,3,14Mo,14Mo,single_batch
1932,W38299,1,12Baso,10GMP,single_batch
1933,W38300,4,16Neu,16Neu,single_batch
1934,W38301,1,13Baso,10GMP,single_batch
1935,W38302,5,6Ery,5Ery,single_batch
1936,W38303,4,15Mo,16Neu,single_batch
1937,W38304,5,4Ery,5Ery,single_batch
1938,W38305,4,14Mo,16Neu,single_batch
1939,W38306,1,13Baso,10GMP,single_batch
1940,W38307,4,15Mo,16Neu,single_batch
1941,W38308,5,3Ery,5Ery,single_batch
1942,W38309,1,10GMP,10GMP,single_batch
1943,W38310,1,13Baso,10GMP,single_batch
1944,W38311,5,4Ery,5Ery,single_batch
1945,W38313,0,8Mk,7MEP,single_batch
1946,W38314,5,3Ery,5Ery,single_batch
1947,W38315,3,14Mo,14Mo,single_batch
1948,W38316,3,15Mo,14Mo,single_batch
1949,W38318,1,16Neu,10GMP,single_batch
1950,W38319,4,15Mo,16Neu,single_batch
1951,W38320,1,9GMP,10GMP,single_batch
1952,W38321,4,16Neu,16Neu,single_batch
1953,W38322,1,12Baso,10GMP,single_batch
1954,W38323,1,10GMP,10GMP,single_batch
1955,W38324,1,14Mo,10GMP,single_batch
1956,W38326,3,14Mo,14Mo,single_batch
1957,W38327,3,14Mo,14Mo,single_batch
1958,W38328,5,7MEP,5Ery,single_batch
1959,W38329,3,15Mo,14Mo,single_batch
1960,W38330,1,17Neu,10GMP,single_batch
1961,W38331,2,2Ery,3Ery,single_batch
1962,W38332,4,14Mo,16Neu,single_batch
1963,W38333,1,14Mo,10GMP,single_batch
1964,W38334,2,4Ery,3Ery,single_batch
1965,W38335,5,6Ery,5Ery,single_batch
1966,W38336,4,15Mo,16Neu,single_batch
1967,W38337,5,2Ery,5Ery,single_batch
1968,W38338,2,2Ery,3Ery,single_batch
1969,W38339,5,5Ery,5Ery,single_batch
1970,W38340,5,2Ery,5Ery,single_batch
1971,W38341,5,2Ery,5Ery,single_batch
1972,W38342,3,14Mo,14Mo,single_batch
1973,W38343,5,2Ery,5Ery,single_batch
1974,W38344,3,14Mo,14Mo,single_batch
1975,W38345,3,15Mo,14Mo,single_batch
1976,W38346,5,5Ery,5Ery,single_batch
1977,W38347,5,6Ery,5Ery,single_batch
1978,W38348,1,13Baso,10GMP,single_batch
1979,W38349,0,6Ery,7MEP,single_batch
1980,W38350,1,13Baso,10GMP,single_batch
1981,W38351,5,5Ery,5Ery,single_batch
1982,W38352,3,15Mo,14Mo,single_batch
1983,W38353,5,3Ery,5Ery,single_batch
1984,W38354,1,10GMP,10GMP,single_batch
1985,W38355,5,2Ery,5Ery,single_batch
1986,W38356,3,14Mo,14Mo,single_batch
1987,W38357,5,2Ery,5Ery,single_batch
1988,W38358,1,14Mo,10GMP,single_batch
1989,W38359,5,2Ery,5Ery,single_batch
1990,W38360,2,2Ery,3Ery,single_batch
1991,W38361,5,2Ery,5Ery,single_batch
1992,W38362,5,5Ery,5Ery,single_batch
1993,W38363,3,14Mo,14Mo,single_batch
1994,W38364,6,1Ery,2Ery,single_batch
1995,W38365,5,5Ery,5Ery,single_batch
1996,W38366,5,4Ery,5Ery,single_batch
1997,W38367,5,2Ery,5Ery,single_batch
1998,W38368,1,10GMP,10GMP,single_batch
1999,W38369,5,2Ery,5Ery,single_batch
2000,W38370,5,2Ery,5Ery,single_batch
2001,W38372,0,7MEP,7MEP,single_batch
2002,W38373,6,2Ery,2Ery,single_batch
2003,W38374,0,7MEP,7MEP,single_batch
2004,W38375,6,1Ery,2Ery,single_batch
2005,W38376,0,7MEP,7MEP,single_batch
2006,W38377,1,9GMP,10GMP,single_batch
2007,W38379,5,2Ery,5Ery,single_batch
2008,W38380,1,17Neu,10GMP,single_batch
2009,W38381,3,14Mo,14Mo,single_batch
2010,W38382,3,14Mo,14Mo,single_batch
2011,W38383,3,13Baso,14Mo,single_batch
2012,W38384,0,7MEP,7MEP,single_batch
2013,W38385,4,16Neu,16Neu,single_batch
2014,W38386,5,2Ery,5Ery,single_batch
2015,W38387,5,2Ery,5Ery,single_batch
2016,W38388,0,7MEP,7MEP,single_batch
2017,W38389,1,6Ery,10GMP,single_batch
2018,W38390,3,14Mo,14Mo,single_batch
2019,W38391,2,4Ery,3Ery,single_batch
2020,W38392,9,6Ery,6Ery,single_batch
2021,W38393,2,2Ery,3Ery,single_batch
2022,W38394,5,4Ery,5Ery,single_batch
2023,W38395,2,1Ery,3Ery,single_batch
2024,W38396,5,5Ery,5Ery,single_batch
2025,W38397,7,19Lymph,19Lymph,single_batch
2026,W38398,1,8Mk,10GMP,single_batch
2027,W38399,5,4Ery,5Ery,single_batch
2028,W38400,0,6Ery,7MEP,single_batch
2029,W38401,3,13Baso,14Mo,single_batch
2030,W38402,2,6Ery,3Ery,single_batch
2031,W38403,3,13Baso,14Mo,single_batch
2032,W38404,0,7MEP,7MEP,single_batch
2033,W38405,2,3Ery,3Ery,single_batch
2034,W38406,2,3Ery,3Ery,single_batch
2035,W38407,3,13Baso,14Mo,single_batch
2036,W38409,2,3Ery,3Ery,single_batch
2037,W38410,4,15Mo,16Neu,single_batch
2038,W38411,3,14Mo,14Mo,single_batch
2039,W38412,5,6Ery,5Ery,single_batch
2040,W38413,1,10GMP,10GMP,single_batch
2041,W38414,4,16Neu,16Neu,single_batch
2042,W38415,2,4Ery,3Ery,single_batch
2043,W38416,3,14Mo,14Mo,single_batch
2044,W38417,3,14Mo,14Mo,single_batch
2045,W38418,1,10GMP,10GMP,single_batch
2046,W38419,5,3Ery,5Ery,single_batch
2047,W38420,1,10GMP,10GMP,single_batch
2048,W38421,4,14Mo,16Neu,single_batch
2049,W38422,2,3Ery,3Ery,single_batch
2050,W38423,2,4Ery,3Ery,single_batch
2051,W38424,7,19Lymph,19Lymph,single_batch
2052,W38425,1,14Mo,10GMP,single_batch
2053,W38426,5,3Ery,5Ery,single_batch
2054,W38427,4,15Mo,16Neu,single_batch
2055,W38428,4,15Mo,16Neu,single_batch
2056,W38429,1,10GMP,10GMP,single_batch
2057,W38430,4,15Mo,16Neu,single_batch
2058,W38431,1,15Mo,10GMP,single_batch
2059,W38433,3,14Mo,14Mo,single_batch
2060,W38434,3,13Baso,14Mo,single_batch
2061,W38435,4,16Neu,16Neu,single_batch
2062,W38436,1,14Mo,10GMP,single_batch
2063,W38437,2,4Ery,3Ery,single_batch
2064,W38438,1,14Mo,10GMP,single_batch
2065,W38439,1,9GMP,10GMP,single_batch
2066,W38440,2,3Ery,3Ery,single_batch
2067,W38441,3,14Mo,14Mo,single_batch
2068,W38443,2,3Ery,3Ery,single_batch
2069,W38444,1,10GMP,10GMP,single_batch
2070,W38445,1,16Neu,10GMP,single_batch
2071,W38446,4,16Neu,16Neu,single_batch
2072,W38447,3,13Baso,14Mo,single_batch
2073,W38448,2,1Ery,3Ery,single_batch
2074,W38449,0,6Ery,7MEP,single_batch
2075,W38450,5,2Ery,5Ery,single_batch
2076,W38451,1,14Mo,10GMP,single_batch
2077,W38452,5,2Ery,5Ery,single_batch
2078,W38453,1,14Mo,10GMP,single_batch
2079,W38454,5,5Ery,5Ery,single_batch
2080,W38455,5,2Ery,5Ery,single_batch
2081,W38456,1,9GMP,10GMP,single_batch
2082,W38457,3,13Baso,14Mo,single_batch
2083,W38458,5,2Ery,5Ery,single_batch
2084,W38459,5,3Ery,5Ery,single_batch
2085,W38460,4,16Neu,16Neu,single_batch
2086,W38461,1,13Baso,10GMP,single_batch
2087,W38462,3,14Mo,14Mo,single_batch
2088,W38463,5,4Ery,5Ery,single_batch
2089,W38464,2,3Ery,3Ery,single_batch
2090,W38465,2,6Ery,3Ery,single_batch
2091,W38466,0,7MEP,7MEP,single_batch
2092,W38467,1,10GMP,10GMP,single_batch
2093,W38468,5,4Ery,5Ery,single_batch
2094,W38469,5,2Ery,5Ery,single_batch
2095,W38470,4,16Neu,16Neu,single_batch
2096,W38471,1,12Baso,10GMP,single_batch
2097,W38472,7,19Lymph,19Lymph,single_batch
2098,W38474,0,7MEP,7MEP,single_batch
2099,W38475,3,13Baso,14Mo,single_batch
2100,W38477,5,4Ery,5Ery,single_batch
2101,W38478,0,7MEP,7MEP,single_batch
2102,W38480,2,4Ery,3Ery,single_batch
2103,W38481,1,12Baso,10GMP,single_batch
2104,W38482,5,5Ery,5Ery,single_batch
2105,W38483,5,2Ery,5Ery,single_batch
2106,W38484,6,2Ery,2Ery,single_batch
2107,W38485,1,9GMP,10GMP,single_batch
2108,W38486,6,1Ery,2Ery,single_batch
2109,W38487,8,11DC,11DC,single_batch
2110,W38488,2,3Ery,3Ery,single_batch
2111,W38489,1,14Mo,10GMP,single_batch
2112,W38491,3,16Neu,14Mo,single_batch
2113,W38492,6,2Ery,2Ery,single_batch
2114,W38493,5,5Ery,5Ery,single_batch
2115,W38494,3,14Mo,14Mo,single_batch
2116,W38495,3,15Mo,14Mo,single_batch
2117,W38496,1,9GMP,10GMP,single_batch
2118,W38497,1,9GMP,10GMP,single_batch
2119,W38498,3,14Mo,14Mo,single_batch
2120,W38500,6,2Ery,2Ery,single_batch
2121,W38501,2,4Ery,3Ery,single_batch
2122,W38502,5,5Ery,5Ery,single_batch
2123,W38503,5,4Ery,5Ery,single_batch
2124,W38505,2,3Ery,3Ery,single_batch
2125,W38506,4,16Neu,16Neu,single_batch
2126,W38507,6,2Ery,2Ery,single_batch
2127,W38509,4,16Neu,16Neu,single_batch
2128,W38510,6,2Ery,2Ery,single_batch
2129,W38512,1,13Baso,10GMP,single_batch
2130,W38515,5,2Ery,5Ery,single_batch
2131,W38516,5,6Ery,5Ery,single_batch
2132,W38517,5,6Ery,5Ery,single_batch
2133,W38519,1,14Mo,10GMP,single_batch
2134,W38521,5,2Ery,5Ery,single_batch
2135,W38522,5,2Ery,5Ery,single_batch
2136,W38523,1,8Mk,10GMP,single_batch
2137,W38524,1,8Mk,10GMP,single_batch
2138,W38525,1,14Mo,10GMP,single_batch
2139,W38526,3,14Mo,14Mo,single_batch
2140,W38527,6,1Ery,2Ery,single_batch
2141,W38528,2,4Ery,3Ery,single_batch
2142,W38529,0,7MEP,7MEP,single_batch
2143,W38530,4,16Neu,16Neu,single_batch
2144,W38531,1,16Neu,10GMP,single_batch
2145,W38532,1,14Mo,10GMP,single_batch
2146,W38533,5,3Ery,5Ery,single_batch
2147,W38534,5,2Ery,5Ery,single_batch
2148,W38535,3,16Neu,14Mo,single_batch
2149,W38536,1,17Neu,10GMP,single_batch
2150,W38537,5,6Ery,5Ery,single_batch
2151,W38538,5,2Ery,5Ery,single_batch
2152,W38539,1,14Mo,10GMP,single_batch
2153,W38540,1,16Neu,10GMP,single_batch
2154,W38541,0,7MEP,7MEP,single_batch
2155,W38543,5,2Ery,5Ery,single_batch
2156,W38544,2,3Ery,3Ery,single_batch
2157,W38545,5,2Ery,5Ery,single_batch
2158,W38546,0,6Ery,7MEP,single_batch
2159,W38547,0,6Ery,7MEP,single_batch
2160,W38548,0,6Ery,7MEP,single_batch
2161,W38549,1,10GMP,10GMP,single_batch
2162,W38550,1,12Baso,10GMP,single_batch
2163,W38551,1,12Baso,10GMP,single_batch
2164,W38552,2,4Ery,3Ery,single_batch
2165,W38553,5,2Ery,5Ery,single_batch
2166,W38554,5,4Ery,5Ery,single_batch
2167,W38555,5,2Ery,5Ery,single_batch
2168,W38556,3,14Mo,14Mo,single_batch
2169,W38558,5,3Ery,5Ery,single_batch
2170,W38559,0,6Ery,7MEP,single_batch
2171,W38560,2,3Ery,3Ery,single_batch
2172,W38561,1,10GMP,10GMP,single_batch
2173,W38563,5,2Ery,5Ery,single_batch
2174,W38564,1,14Mo,10GMP,single_batch
2175,W38565,4,16Neu,16Neu,single_batch
2176,W38567,1,18Eos,10GMP,single_batch
2177,W38568,3,13Baso,14Mo,single_batch
2178,W38569,5,6Ery,5Ery,single_batch
2179,W38570,3,14Mo,14Mo,single_batch
2180,W38571,1,13Baso,10GMP,single_batch
2181,W38572,5,2Ery,5Ery,single_batch
2182,W38573,5,2Ery,5Ery,single_batch
2183,W38575,5,5Ery,5Ery,single_batch
2184,W38576,1,10GMP,10GMP,single_batch
2185,W38577,5,5Ery,5Ery,single_batch
2186,W38578,1,14Mo,10GMP,single_batch
2187,W38579,1,13Baso,10GMP,single_batch
2188,W38580,1,14Mo,10GMP,single_batch
2189,W38581,4,16Neu,16Neu,single_batch
2190,W38582,5,2Ery,5Ery,single_batch
2191,W38583,0,10GMP,7MEP,single_batch
2192,W38584,5,4Ery,5Ery,single_batch
2193,W38585,4,16Neu,16Neu,single_batch
2194,W38586,5,6Ery,5Ery,single_batch
2195,W38587,4,15Mo,16Neu,single_batch
2196,W38588,4,14Mo,16Neu,single_batch
2197,W38589,1,12Baso,10GMP,single_batch
2198,W38590,0,7MEP,7MEP,single_batch
2199,W38591,1,10GMP,10GMP,single_batch
2200,W38592,3,15Mo,14Mo,single_batch
2201,W38593,2,3Ery,3Ery,single_batch
2202,W38594,4,15Mo,16Neu,single_batch
2203,W38595,2,3Ery,3Ery,single_batch
2204,W38596,1,9GMP,10GMP,single_batch
2205,W38597,5,2Ery,5Ery,single_batch
2206,W38598,0,7MEP,7MEP,single_batch
2207,W38599,5,3Ery,5Ery,single_batch
2208,W38601,3,13Baso,14Mo,single_batch
2209,W38602,4,16Neu,16Neu,single_batch
2210,W38603,1,13Baso,10GMP,single_batch
2211,W38604,2,2Ery,3Ery,single_batch
2212,W38605,4,15Mo,16Neu,single_batch
2213,W38606,0,7MEP,7MEP,single_batch
2214,W38607,5,6Ery,5Ery,single_batch
2215,W38608,5,5Ery,5Ery,single_batch
2216,W38609,3,13Baso,14Mo,single_batch
2217,W38610,1,10GMP,10GMP,single_batch
2218,W38611,1,9GMP,10GMP,single_batch
2219,W38612,1,13Baso,10GMP,single_batch
2220,W38613,1,13Baso,10GMP,single_batch
2221,W38614,7,12Baso,19Lymph,single_batch
2222,W38615,5,5Ery,5Ery,single_batch
2223,W38616,1,13Baso,10GMP,single_batch
2224,W38617,4,15Mo,16Neu,single_batch
2225,W38618,3,14Mo,14Mo,single_batch
2226,W38619,1,10GMP,10GMP,single_batch
2227,W38620,3,15Mo,14Mo,single_batch
2228,W38622,5,4Ery,5Ery,single_batch
2229,W38623,5,5Ery,5Ery,single_batch
2230,W38624,0,8Mk,7MEP,single_batch
2231,W38625,3,13Baso,14Mo,single_batch
2232,W38626,0,7MEP,7MEP,single_batch
2233,W38627,3,14Mo,14Mo,single_batch
2234,W38628,3,14Mo,14Mo,single_batch
2235,W38629,6,2Ery,2Ery,single_batch
2236,W38630,0,6Ery,7MEP,single_batch
2237,W38631,5,2Ery,5Ery,single_batch
2238,W38632,1,13Baso,10GMP,single_batch
2239,W38633,0,7MEP,7MEP,single_batch
2240,W38634,4,16Neu,16Neu,single_batch
2241,W38636,3,14Mo,14Mo,single_batch
2242,W38637,5,3Ery,5Ery,single_batch
2243,W38638,4,16Neu,16Neu,single_batch
2244,W38639,7,19Lymph,19Lymph,single_batch
2245,W38640,1,10GMP,10GMP,single_batch
2246,W38643,1,12Baso,10GMP,single_batch
2247,W38644,1,10GMP,10GMP,single_batch
2248,W38645,1,13Baso,10GMP,single_batch
2249,W38646,6,1Ery,2Ery,single_batch
2250,W38647,1,16Neu,10GMP,single_batch
2251,W38648,0,6Ery,7MEP,single_batch
2252,W38649,3,14Mo,14Mo,single_batch
2253,W38650,6,2Ery,2Ery,single_batch
2254,W38651,1,14Mo,10GMP,single_batch
2255,W38652,1,10GMP,10GMP,single_batch
2256,W38653,1,14Mo,10GMP,single_batch
2257,W38654,1,16Neu,10GMP,single_batch
2258,W38655,1,9GMP,10GMP,single_batch
2259,W38656,5,3Ery,5Ery,single_batch
2260,W38657,2,3Ery,3Ery,single_batch
2261,W38659,1,14Mo,10GMP,single_batch
2262,W38660,5,2Ery,5Ery,single_batch
2263,W38662,1,12Baso,10GMP,single_batch
2264,W38663,1,9GMP,10GMP,single_batch
2265,W38664,6,1Ery,2Ery,single_batch
2266,W38666,5,3Ery,5Ery,single_batch
2267,W38668,5,5Ery,5Ery,single_batch
2268,W38669,5,2Ery,5Ery,single_batch
2269,W38670,0,8Mk,7MEP,single_batch
2270,W38672,2,2Ery,3Ery,single_batch
2271,W38673,4,16Neu,16Neu,single_batch
2272,W38674,5,5Ery,5Ery,single_batch
2273,W38675,1,10GMP,10GMP,single_batch
2274,W38676,3,13Baso,14Mo,single_batch
2275,W38677,4,16Neu,16Neu,single_batch
2276,W38678,3,14Mo,14Mo,single_batch
2277,W38679,5,2Ery,5Ery,single_batch
2278,W38680,5,5Ery,5Ery,single_batch
2279,W38681,3,15Mo,14Mo,single_batch
2280,W38682,0,7MEP,7MEP,single_batch
2281,W38683,4,15Mo,16Neu,single_batch
2282,W38684,5,5Ery,5Ery,single_batch
2283,W38685,5,6Ery,5Ery,single_batch
2284,W38686,5,5Ery,5Ery,single_batch
2285,W38687,5,2Ery,5Ery,single_batch
2286,W38688,5,3Ery,5Ery,single_batch
2287,W38689,4,15Mo,16Neu,single_batch
2288,W38690,0,7MEP,7MEP,single_batch
2289,W38691,2,3Ery,3Ery,single_batch
2290,W38692,3,15Mo,14Mo,single_batch
2291,W38693,4,16Neu,16Neu,single_batch
2292,W38694,5,6Ery,5Ery,single_batch
2293,W38695,0,7MEP,7MEP,single_batch
2294,W38697,5,6Ery,5Ery,single_batch
2295,W38698,5,6Ery,5Ery,single_batch
2296,W38699,1,10GMP,10GMP,single_batch
2297,W38700,5,4Ery,5Ery,single_batch
2298,W38701,3,13Baso,14Mo,single_batch
2299,W38702,4,14Mo,16Neu,single_batch
2300,W38703,3,13Baso,14Mo,single_batch
2301,W38704,2,3Ery,3Ery,single_batch
2302,W38705,5,6Ery,5Ery,single_batch
2303,W38707,1,8Mk,10GMP,single_batch
2304,W38709,3,14Mo,14Mo,single_batch
2305,W38710,6,2Ery,2Ery,single_batch
2306,W38711,1,9GMP,10GMP,single_batch
2307,W38712,5,6Ery,5Ery,single_batch
2308,W38713,4,15Mo,16Neu,single_batch
2309,W38714,1,13Baso,10GMP,single_batch
2310,W38715,5,3Ery,5Ery,single_batch
2311,W38716,4,16Neu,16Neu,single_batch
2312,W38717,6,2Ery,2Ery,single_batch
2313,W38718,1,9GMP,10GMP,single_batch
2314,W38719,4,14Mo,16Neu,single_batch
2315,W38720,2,3Ery,3Ery,single_batch
2316,W38721,3,14Mo,14Mo,single_batch
2317,W38722,3,14Mo,14Mo,single_batch
2318,W38723,3,16Neu,14Mo,single_batch
2319,W38724,3,14Mo,14Mo,single_batch
2320,W38726,1,9GMP,10GMP,single_batch
2321,W38727,5,3Ery,5Ery,single_batch
2322,W38728,3,13Baso,14Mo,single_batch
2323,W38729,0,10GMP,7MEP,single_batch
2324,W38730,1,14Mo,10GMP,single_batch
2325,W38732,0,3Ery,7MEP,single_batch
2326,W38733,5,6Ery,5Ery,single_batch
2327,W38734,3,14Mo,14Mo,single_batch
2328,W38735,5,4Ery,5Ery,single_batch
2329,W38736,2,3Ery,3Ery,single_batch
2330,W38737,5,2Ery,5Ery,single_batch
2331,W38738,5,2Ery,5Ery,single_batch
2332,W38739,1,14Mo,10GMP,single_batch
2333,W38740,5,2Ery,5Ery,single_batch
2334,W38741,0,8Mk,7MEP,single_batch
2335,W38742,1,10GMP,10GMP,single_batch
2336,W38744,1,10GMP,10GMP,single_batch
2337,W38745,1,14Mo,10GMP,single_batch
2338,W38747,1,10GMP,10GMP,single_batch
2339,W38748,1,16Neu,10GMP,single_batch
2340,W38750,1,10GMP,10GMP,single_batch
2341,W38751,1,10GMP,10GMP,single_batch
2342,W38752,3,13Baso,14Mo,single_batch
2343,W38753,4,16Neu,16Neu,single_batch
2344,W38754,5,2Ery,5Ery,single_batch
2345,W38755,3,16Neu,14Mo,single_batch
2346,W38756,6,2Ery,2Ery,single_batch
2347,W38757,3,14Mo,14Mo,single_batch
2348,W38758,8,11DC,11DC,single_batch
2349,W38759,1,14Mo,10GMP,single_batch
2350,W38760,8,11DC,11DC,single_batch
2351,W38761,1,14Mo,10GMP,single_batch
2352,W38765,3,13Baso,14Mo,single_batch
2353,W38767,5,2Ery,5Ery,single_batch
2354,W38768,2,2Ery,3Ery,single_batch
2355,W38769,4,16Neu,16Neu,single_batch
2356,W38770,5,2Ery,5Ery,single_batch
2357,W38771,5,2Ery,5Ery,single_batch
2358,W38772,3,14Mo,14Mo,single_batch
2359,W38773,5,5Ery,5Ery,single_batch
2360,W38774,5,2Ery,5Ery,single_batch
2361,W38775,0,7MEP,7MEP,single_batch
2362,W38776,1,9GMP,10GMP,single_batch
2363,W38777,5,2Ery,5Ery,single_batch
2364,W38778,1,10GMP,10GMP,single_batch
2365,W38779,0,7MEP,7MEP,single_batch
2366,W38781,5,6Ery,5Ery,single_batch
2367,W38782,3,15Mo,14Mo,single_batch
2368,W38783,5,5Ery,5Ery,single_batch
2369,W38784,5,5Ery,5Ery,single_batch
2370,W38785,4,15Mo,16Neu,single_batch
2371,W38786,1,14Mo,10GMP,single_batch
2372,W38788,0,8Mk,7MEP,single_batch
2373,W38789,3,14Mo,14Mo,single_batch
2374,W38790,4,15Mo,16Neu,single_batch
2375,W38791,0,4Ery,7MEP,single_batch
2376,W38793,3,14Mo,14Mo,single_batch
2377,W38794,1,13Baso,10GMP,single_batch
2378,W38795,0,6Ery,7MEP,single_batch
2379,W38796,2,4Ery,3Ery,single_batch
2380,W38797,3,13Baso,14Mo,single_batch
2381,W38798,5,4Ery,5Ery,single_batch
2382,W38799,1,9GMP,10GMP,single_batch
2383,W38800,2,3Ery,3Ery,single_batch
2384,W38801,0,8Mk,7MEP,single_batch
2385,W38802,0,8Mk,7MEP,single_batch
2386,W38803,4,15Mo,16Neu,single_batch
2387,W38804,6,2Ery,2Ery,single_batch
2388,W38805,1,12Baso,10GMP,single_batch
2389,W38806,2,3Ery,3Ery,single_batch
2390,W38807,4,15Mo,16Neu,single_batch
2391,W38808,4,15Mo,16Neu,single_batch
2392,W38809,1,9GMP,10GMP,single_batch
2393,W38810,2,3Ery,3Ery,single_batch
2394,W38811,1,10GMP,10GMP,single_batch
2395,W38812,4,15Mo,16Neu,single_batch
2396,W38813,4,16Neu,16Neu,single_batch
2397,W38814,2,4Ery,3Ery,single_batch
2398,W38815,2,3Ery,3Ery,single_batch
2399,W38816,3,14Mo,14Mo,single_batch
2400,W38818,2,3Ery,3Ery,single_batch
2401,W38819,4,16Neu,16Neu,single_batch
2402,W38820,5,6Ery,5Ery,single_batch
2403,W38821,5,5Ery,5Ery,single_batch
2404,W38822,3,13Baso,14Mo,single_batch
2405,W38823,3,13Baso,14Mo,single_batch
2406,W38824,8,11DC,11DC,single_batch
2407,W38825,3,13Baso,14Mo,single_batch
2408,W38826,0,8Mk,7MEP,single_batch
2409,W38827,5,2Ery,5Ery,single_batch
2410,W38828,3,13Baso,14Mo,single_batch
2411,W38829,3,13Baso,14Mo,single_batch
2412,W38830,0,8Mk,7MEP,single_batch
2413,W38831,0,8Mk,7MEP,single_batch
2414,W38832,4,15Mo,16Neu,single_batch
2415,W38833,3,14Mo,14Mo,single_batch
2416,W38834,1,14Mo,10GMP,single_batch
2417,W38835,7,19Lymph,19Lymph,single_batch
2418,W38836,0,6Ery,7MEP,single_batch
2419,W38837,5,5Ery,5Ery,single_batch
2420,W38838,4,15Mo,16Neu,single_batch
2421,W38839,0,7MEP,7MEP,single_batch
2422,W38840,4,15Mo,16Neu,single_batch
2423,W38841,4,15Mo,16Neu,single_batch
2424,W38843,5,6Ery,5Ery,single_batch
2425,W38845,1,12Baso,10GMP,single_batch
2426,W38846,6,2Ery,2Ery,single_batch
2427,W38847,3,13Baso,14Mo,single_batch
2428,W38848,0,3Ery,7MEP,single_batch
2429,W38849,2,4Ery,3Ery,single_batch
2430,W38850,1,14Mo,10GMP,single_batch
2431,W38851,1,10GMP,10GMP,single_batch
2432,W38852,4,16Neu,16Neu,single_batch
2433,W38853,4,15Mo,16Neu,single_batch
2434,W38854,0,6Ery,7MEP,single_batch
2435,W38855,3,13Baso,14Mo,single_batch
2436,W38856,7,19Lymph,19Lymph,single_batch
2437,W38858,4,15Mo,16Neu,single_batch
2438,W38859,0,6Ery,7MEP,single_batch
2439,W38860,6,2Ery,2Ery,single_batch
2440,W38861,4,15Mo,16Neu,single_batch
2441,W38862,2,3Ery,3Ery,single_batch
2442,W38863,1,13Baso,10GMP,single_batch
2443,W38864,0,6Ery,7MEP,single_batch
2444,W38865,3,13Baso,14Mo,single_batch
2445,W38866,1,9GMP,10GMP,single_batch
2446,W38867,1,10GMP,10GMP,single_batch
2447,W38868,1,10GMP,10GMP,single_batch
2448,W38869,3,14Mo,14Mo,single_batch
2449,W38870,5,2Ery,5Ery,single_batch
2450,W38871,0,6Ery,7MEP,single_batch
2451,W38872,1,10GMP,10GMP,single_batch
2452,W38873,0,7MEP,7MEP,single_batch
2453,W38874,0,6Ery,7MEP,single_batch
2454,W38875,1,14Mo,10GMP,single_batch
2455,W38876,5,2Ery,5Ery,single_batch
2456,W38877,5,2Ery,5Ery,single_batch
2457,W38878,0,7MEP,7MEP,single_batch
2458,W38879,5,5Ery,5Ery,single_batch
2459,W38880,3,13Baso,14Mo,single_batch
2460,W38881,3,13Baso,14Mo,single_batch
2461,W38882,1,14Mo,10GMP,single_batch
2462,W38883,2,3Ery,3Ery,single_batch
2463,W38884,3,13Baso,14Mo,single_batch
2464,W38886,2,4Ery,3Ery,single_batch
2465,W38887,2,3Ery,3Ery,single_batch
2466,W38889,6,2Ery,2Ery,single_batch
2467,W38890,1,15Mo,10GMP,single_batch
2468,W38891,0,7MEP,7MEP,single_batch
2469,W38892,6,1Ery,2Ery,single_batch
2470,W38893,4,15Mo,16Neu,single_batch
2471,W38894,5,2Ery,5Ery,single_batch
2472,W38895,1,13Baso,10GMP,single_batch
2473,W38896,0,8Mk,7MEP,single_batch
2474,W38897,1,9GMP,10GMP,single_batch
2475,W38898,7,19Lymph,19Lymph,single_batch
2476,W38899,8,11DC,11DC,single_batch
2477,W38900,0,8Mk,7MEP,single_batch
2478,W38901,1,17Neu,10GMP,single_batch
2479,W38902,1,13Baso,10GMP,single_batch
2480,W38903,3,13Baso,14Mo,single_batch
2481,W38904,1,13Baso,10GMP,single_batch
2482,W38905,2,3Ery,3Ery,single_batch
2483,W38906,0,12Baso,7MEP,single_batch
2484,W38907,4,16Neu,16Neu,single_batch
2485,W38908,1,10GMP,10GMP,single_batch
2486,W38909,4,15Mo,16Neu,single_batch
2487,W38910,0,7MEP,7MEP,single_batch
2488,W38911,4,13Baso,16Neu,single_batch
2489,W38912,3,13Baso,14Mo,single_batch
2490,W38913,4,14Mo,16Neu,single_batch
2491,W38914,4,16Neu,16Neu,single_batch
2492,W38915,2,3Ery,3Ery,single_batch
2493,W38916,0,7MEP,7MEP,single_batch
2494,W38917,3,13Baso,14Mo,single_batch
2495,W38918,3,13Baso,14Mo,single_batch
2496,W38919,5,3Ery,5Ery,single_batch
2497,W38920,2,1Ery,3Ery,single_batch
2498,W38921,3,14Mo,14Mo,single_batch
2499,W38922,4,15Mo,16Neu,single_batch
2500,W38923,1,10GMP,10GMP,single_batch
2501,W38924,3,15Mo,14Mo,single_batch
2502,W38925,2,4Ery,3Ery,single_batch
2503,W38926,1,9GMP,10GMP,single_batch
2504,W38927,3,14Mo,14Mo,single_batch
2505,W38928,1,9GMP,10GMP,single_batch
2506,W38929,1,13Baso,10GMP,single_batch
2507,W38930,1,10GMP,10GMP,single_batch
2508,W38931,1,9GMP,10GMP,single_batch
2509,W38932,5,5Ery,5Ery,single_batch
2510,W38933,5,2Ery,5Ery,single_batch
2511,W38934,0,7MEP,7MEP,single_batch
2512,W38935,3,13Baso,14Mo,single_batch
2513,W38937,5,6Ery,5Ery,single_batch
2514,W38938,0,7MEP,7MEP,single_batch
2515,W38939,1,10GMP,10GMP,single_batch
2516,W38940,0,7MEP,7MEP,single_batch
2517,W38941,1,10GMP,10GMP,single_batch
2518,W38942,5,3Ery,5Ery,single_batch
2519,W38943,2,5Ery,3Ery,single_batch
2520,W38944,1,10GMP,10GMP,single_batch
2521,W38945,0,6Ery,7MEP,single_batch
2522,W38946,7,19Lymph,19Lymph,single_batch
2523,W38947,0,8Mk,7MEP,single_batch
2524,W38948,5,4Ery,5Ery,single_batch
2525,W38949,3,14Mo,14Mo,single_batch
2526,W38950,4,16Neu,16Neu,single_batch
2527,W38951,3,14Mo,14Mo,single_batch
2528,W38952,1,10GMP,10GMP,single_batch
2529,W38953,1,10GMP,10GMP,single_batch
2530,W38954,3,13Baso,14Mo,single_batch
2531,W38955,0,7MEP,7MEP,single_batch
2532,W38956,3,15Mo,14Mo,single_batch
2533,W38957,1,10GMP,10GMP,single_batch
2534,W38958,4,15Mo,16Neu,single_batch
2535,W38959,4,15Mo,16Neu,single_batch
2536,W38960,4,14Mo,16Neu,single_batch
2537,W38961,5,5Ery,5Ery,single_batch
2538,W38962,3,13Baso,14Mo,single_batch
2539,W38963,1,9GMP,10GMP,single_batch
2540,W38964,0,7MEP,7MEP,single_batch
2541,W38965,4,14Mo,16Neu,single_batch
2542,W38966,5,6Ery,5Ery,single_batch
2543,W38967,6,2Ery,2Ery,single_batch
2544,W38968,0,8Mk,7MEP,single_batch
2545,W38969,0,7MEP,7MEP,single_batch
2546,W38970,5,5Ery,5Ery,single_batch
2547,W38971,0,7MEP,7MEP,single_batch
2548,W38972,3,13Baso,14Mo,single_batch
2549,W38973,0,7MEP,7MEP,single_batch
2550,W38974,5,5Ery,5Ery,single_batch
2551,W38975,0,8Mk,7MEP,single_batch
2552,W38976,6,2Ery,2Ery,single_batch
2553,W38977,2,2Ery,3Ery,single_batch
2554,W38978,2,4Ery,3Ery,single_batch
2555,W38979,3,14Mo,14Mo,single_batch
2556,W38980,4,15Mo,16Neu,single_batch
2557,W38981,1,13Baso,10GMP,single_batch
2558,W38982,2,3Ery,3Ery,single_batch
2559,W38983,2,2Ery,3Ery,single_batch
2560,W38985,5,5Ery,5Ery,single_batch
2561,W38987,1,13Baso,10GMP,single_batch
2562,W38989,2,3Ery,3Ery,single_batch
2563,W38990,0,6Ery,7MEP,single_batch
2564,W38991,0,8Mk,7MEP,single_batch
2565,W38992,1,6Ery,10GMP,single_batch
2566,W38993,4,15Mo,16Neu,single_batch
2567,W38994,5,2Ery,5Ery,single_batch
2568,W38996,5,5Ery,5Ery,single_batch
2569,W38997,1,6Ery,10GMP,single_batch
2570,W38998,1,9GMP,10GMP,single_batch
2571,W38999,0,8Mk,7MEP,single_batch
2572,W39000,4,15Mo,16Neu,single_batch
2573,W39001,3,13Baso,14Mo,single_batch
2574,W39002,1,10GMP,10GMP,single_batch
2575,W39003,4,15Mo,16Neu,single_batch
2576,W39004,4,15Mo,16Neu,single_batch
2577,W39005,6,2Ery,2Ery,single_batch
2578,W39006,3,13Baso,14Mo,single_batch
2579,W39007,3,14Mo,14Mo,single_batch
2580,W39008,1,9GMP,10GMP,single_batch
2581,W39009,2,2Ery,3Ery,single_batch
2582,W39010,2,3Ery,3Ery,single_batch
2583,W39011,1,17Neu,10GMP,single_batch
2584,W39012,4,16Neu,16Neu,single_batch
2585,W39013,3,13Baso,14Mo,single_batch
2586,W39015,5,6Ery,5Ery,single_batch
2587,W39017,3,13Baso,14Mo,single_batch
2588,W39018,1,10GMP,10GMP,single_batch
2589,W39019,3,13Baso,14Mo,single_batch
2590,W39020,3,13Baso,14Mo,single_batch
2591,W39021,5,2Ery,5Ery,single_batch
2592,W39022,0,6Ery,7MEP,single_batch
2593,W39023,4,15Mo,16Neu,single_batch
2594,W39024,4,14Mo,16Neu,single_batch
2595,W39025,3,14Mo,14Mo,single_batch
2596,W39026,1,13Baso,10GMP,single_batch
2597,W39027,1,14Mo,10GMP,single_batch
2598,W39028,5,6Ery,5Ery,single_batch
2599,W39029,3,13Baso,14Mo,single_batch
2600,W39030,1,17Neu,10GMP,single_batch
2601,W39031,5,2Ery,5Ery,single_batch
2602,W39032,0,6Ery,7MEP,single_batch
2603,W39033,0,7MEP,7MEP,single_batch
2604,W39034,1,10GMP,10GMP,single_batch
2605,W39035,1,10GMP,10GMP,single_batch
2606,W39036,5,6Ery,5Ery,single_batch
2607,W39037,4,15Mo,16Neu,single_batch
2608,W39038,4,15Mo,16Neu,single_batch
2609,W39039,0,6Ery,7MEP,single_batch
2610,W39040,2,4Ery,3Ery,single_batch
2611,W39041,0,8Mk,7MEP,single_batch
2612,W39042,0,6Ery,7MEP,single_batch
2613,W39043,1,13Baso,10GMP,single_batch
2614,W39044,1,13Baso,10GMP,single_batch
2615,W39045,5,5Ery,5Ery,single_batch
2616,W39047,1,10GMP,10GMP,single_batch
2617,W39048,1,10GMP,10GMP,single_batch
2618,W39050,1,10GMP,10GMP,single_batch
2619,W39051,5,2Ery,5Ery,single_batch
2620,W39052,8,11DC,11DC,single_batch
2621,W39053,4,16Neu,16Neu,single_batch
2622,W39054,4,14Mo,16Neu,single_batch
2623,W39055,5,5Ery,5Ery,single_batch
2624,W39056,1,10GMP,10GMP,single_batch
2625,W39057,5,6Ery,5Ery,single_batch
2626,W39058,2,2Ery,3Ery,single_batch
2627,W39059,1,10GMP,10GMP,single_batch
2628,W39060,4,15Mo,16Neu,single_batch
2629,W39061,4,16Neu,16Neu,single_batch
2630,W39062,0,6Ery,7MEP,single_batch
2631,W39063,7,19Lymph,19Lymph,single_batch
2632,W39064,1,10GMP,10GMP,single_batch
2633,W39065,4,15Mo,16Neu,single_batch
2634,W39066,3,13Baso,14Mo,single_batch
2635,W39067,5,5Ery,5Ery,single_batch
2636,W39068,0,7MEP,7MEP,single_batch
2637,W39069,2,4Ery,3Ery,single_batch
2638,W39070,0,7MEP,7MEP,single_batch
2639,W39071,2,3Ery,3Ery,single_batch
2640,W39072,7,19Lymph,19Lymph,single_batch
2641,W39073,4,13Baso,16Neu,single_batch
2642,W39074,3,13Baso,14Mo,single_batch
2643,W39075,3,13Baso,14Mo,single_batch
2644,W39076,2,3Ery,3Ery,single_batch
2645,W39077,6,1Ery,2Ery,single_batch
2646,W39078,4,15Mo,16Neu,single_batch
2647,W39079,0,8Mk,7MEP,single_batch
2648,W39081,0,7MEP,7MEP,single_batch
2649,W39082,0,7MEP,7MEP,single_batch
2650,W39083,1,13Baso,10GMP,single_batch
2651,W39084,1,13Baso,10GMP,single_batch
2652,W39085,5,5Ery,5Ery,single_batch
2653,W39087,0,6Ery,7MEP,single_batch
2654,W39088,4,15Mo,16Neu,single_batch
2655,W39089,3,13Baso,14Mo,single_batch
2656,W39090,3,14Mo,14Mo,single_batch
2657,W39091,0,10GMP,7MEP,single_batch
2658,W39092,1,13Baso,10GMP,single_batch
2659,W39093,0,7MEP,7MEP,single_batch
2660,W39094,4,15Mo,16Neu,single_batch
2661,W39095,0,8Mk,7MEP,single_batch
2662,W39096,1,9GMP,10GMP,single_batch
2663,W39097,5,4Ery,5Ery,single_batch
2664,W39098,1,17Neu,10GMP,single_batch
2665,W39099,5,2Ery,5Ery,single_batch
2666,W39100,3,14Mo,14Mo,single_batch
2667,W39101,4,15Mo,16Neu,single_batch
2668,W39103,4,14Mo,16Neu,single_batch
2669,W39104,2,6Ery,3Ery,single_batch
2670,W39105,0,6Ery,7MEP,single_batch
2671,W39106,1,10GMP,10GMP,single_batch
2672,W39107,0,6Ery,7MEP,single_batch
2673,W39109,1,13Baso,10GMP,single_batch
2674,W39110,0,6Ery,7MEP,single_batch
2675,W39111,1,12Baso,10GMP,single_batch
2676,W39112,2,3Ery,3Ery,single_batch
2677,W39113,1,13Baso,10GMP,single_batch
2678,W39114,3,13Baso,14Mo,single_batch
2679,W39115,4,16Neu,16Neu,single_batch
2680,W39116,1,10GMP,10GMP,single_batch
2681,W39117,4,16Neu,16Neu,single_batch
2682,W39118,1,13Baso,10GMP,single_batch
2683,W39119,5,5Ery,5Ery,single_batch
2684,W39120,2,2Ery,3Ery,single_batch
2685,W39121,1,9GMP,10GMP,single_batch
2686,W39122,4,16Neu,16Neu,single_batch
2687,W39123,1,8Mk,10GMP,single_batch
2688,W39124,8,11DC,11DC,single_batch
2689,W39125,1,13Baso,10GMP,single_batch
2690,W39126,1,10GMP,10GMP,single_batch
2691,W39127,5,5Ery,5Ery,single_batch
2692,W39128,3,15Mo,14Mo,single_batch
2693,W39129,3,13Baso,14Mo,single_batch
2694,W39130,1,9GMP,10GMP,single_batch
2695,W39131,1,14Mo,10GMP,single_batch
2696,W39134,1,13Baso,10GMP,single_batch
2697,W39135,3,14Mo,14Mo,single_batch
2698,W39137,1,15Mo,10GMP,single_batch
2699,W39138,4,15Mo,16Neu,single_batch
2700,W39139,1,10GMP,10GMP,single_batch
2701,W39140,4,15Mo,16Neu,single_batch
2702,W39141,4,16Neu,16Neu,single_batch
2703,W39142,5,6Ery,5Ery,single_batch
2704,W39143,2,2Ery,3Ery,single_batch
2705,W39144,3,13Baso,14Mo,single_batch
2706,W39145,0,5Ery,7MEP,single_batch
2707,W39146,0,7MEP,7MEP,single_batch
2708,W39147,7,19Lymph,19Lymph,single_batch
2709,W39148,0,6Ery,7MEP,single_batch
2710,W39149,3,13Baso,14Mo,single_batch
2711,W39150,5,2Ery,5Ery,single_batch
2712,W39151,8,11DC,11DC,single_batch
2713,W39152,0,7MEP,7MEP,single_batch
2714,W39153,1,13Baso,10GMP,single_batch
2715,W39154,5,2Ery,5Ery,single_batch
2716,W39155,3,14Mo,14Mo,single_batch
2717,W39156,3,13Baso,14Mo,single_batch
2718,W39157,0,8Mk,7MEP,single_batch
2719,W39158,4,13Baso,16Neu,single_batch
2720,W39159,0,7MEP,7MEP,single_batch
2721,W39160,1,10GMP,10GMP,single_batch
2722,W39161,1,10GMP,10GMP,single_batch
2723,W39162,4,14Mo,16Neu,single_batch
2724,W39163,4,16Neu,16Neu,single_batch
2725,W39164,2,2Ery,3Ery,single_batch
2726,W39165,3,13Baso,14Mo,single_batch
2727,W39166,0,7MEP,7MEP,single_batch
2728,W39167,4,15Mo,16Neu,single_batch
2729,W39168,2,3Ery,3Ery,single_batch
