cell_index,umap_1,umap_2,predicted_label,cell_id,true_label,aligned_predicted_label,batch,scraw_reconstruction_weight
0,6.136706352233887,14.948023796081543,12,D28-1_1,alpha,alpha,celseq2,0.6494241952896118
1,15.301593780517578,-10.977949142456055,2,D28-1_2,endothelial,endothelial,celseq2,3.003685235977173
2,-5.6277055740356445,16.971046447753906,13,D28-1_3,delta,delta,celseq2,0.5298840403556824
3,-9.094893455505371,0.29436352849006653,4,D28-1_4,beta,beta,celseq2,0.6620426177978516
4,7.124037265777588,-4.041347026824951,9,D28-1_5,ductal,ductal,celseq2,1.6824908256530762
5,6.769449234008789,-1.9606820344924927,9,D28-1_13,ductal,ductal,celseq2,1.2725534439086914
6,6.808966159820557,13.036599159240723,12,D28-1_15,alpha,alpha,celseq2,0.39545971155166626
7,5.781848430633545,14.160972595214844,12,D28-1_17,alpha,alpha,celseq2,0.4566443860530853
8,15.213127136230469,-10.899031639099121,2,D28-1_26,endothelial,endothelial,celseq2,3.1751623153686523
9,6.6475653648376465,13.194554328918457,12,D28-1_29,alpha,alpha,celseq2,0.514042317867279
10,6.622964859008789,13.604949951171875,12,D28-1_30,alpha,alpha,celseq2,0.4074995517730713
11,17.63981819152832,8.943528175354004,7,D28-1_37,acinar,acinar,celseq2,0.7272436022758484
12,17.687488555908203,9.651336669921875,7,D28-1_38,acinar,acinar,celseq2,2.0057294368743896
13,7.045788288116455,12.994399070739746,14,D28-1_39,alpha,epsilon,celseq2,1.3995367288589478
14,7.367927074432373,15.582148551940918,12,D28-1_40,alpha,alpha,celseq2,0.43841928243637085
15,6.804687023162842,13.038020133972168,12,D28-1_41,alpha,alpha,celseq2,0.5226076245307922
16,-9.190347671508789,-0.07863596826791763,4,D28-1_43,beta,beta,celseq2,0.8658207058906555
17,8.638014793395996,-3.67905330657959,9,D28-1_49,ductal,ductal,celseq2,1.1808364391326904
18,17.809720993041992,8.85814094543457,7,D28-1_50,acinar,acinar,celseq2,0.7802754044532776
19,8.952540397644043,14.59402847290039,12,D28-1_51,alpha,alpha,celseq2,0.49204447865486145
20,8.082830429077148,-3.7035536766052246,9,D28-1_52,ductal,ductal,celseq2,1.2164303064346313
21,17.240690231323242,8.184303283691406,7,D28-1_55,acinar,acinar,celseq2,0.8145917654037476
22,-5.461771011352539,16.783063888549805,13,D28-1_61,delta,delta,celseq2,0.5729418992996216
23,17.78668975830078,8.254977226257324,7,D28-1_62,acinar,acinar,celseq2,0.7094916105270386
24,4.438307285308838,12.864567756652832,12,D28-1_63,alpha,alpha,celseq2,0.6299980282783508
25,6.966192245483398,3.8720827102661133,6,D28-1_64,mast,mast,celseq2,3.993431806564331
26,-8.15805721282959,-1.3583850860595703,4,D28-1_65,alpha,beta,celseq2,1.060258388519287
27,8.69843578338623,-3.37858510017395,9,D28-1_66,ductal,ductal,celseq2,1.09060537815094
28,17.329849243164062,9.068860054016113,7,D28-1_67,acinar,acinar,celseq2,1.0012229681015015
29,17.85219383239746,8.212264060974121,7,D28-1_68,acinar,acinar,celseq2,0.908564031124115
30,6.931066989898682,-4.152538299560547,14,D28-1_73,ductal,epsilon,celseq2,2.0734949111938477
31,-2.3831257820129395,16.903675079345703,13,D28-1_74,gamma,delta,celseq2,1.179995059967041
32,7.751497745513916,14.438100814819336,12,D28-1_75,alpha,alpha,celseq2,0.5351074934005737
33,-3.057295799255371,17.21855354309082,13,D28-1_76,gamma,delta,celseq2,1.327330231666565
34,8.680842399597168,-3.818694591522217,9,D28-1_77,ductal,ductal,celseq2,1.1410020589828491
35,8.320097923278809,-4.556183338165283,9,D28-1_80,ductal,ductal,celseq2,1.7229208946228027
36,-5.413914680480957,17.502878189086914,14,D28-1_85,gamma,epsilon,celseq2,1.991258144378662
37,17.515316009521484,9.217801094055176,7,D28-1_86,acinar,acinar,celseq2,0.7984583377838135
38,15.998552322387695,6.452875137329102,7,D28-1_87,acinar,acinar,celseq2,1.2323262691497803
39,5.704185962677002,13.769737243652344,12,D28-1_88,alpha,alpha,celseq2,0.4558131694793701
40,-5.054900646209717,16.04569435119629,13,D28-1_89,delta,delta,celseq2,0.5241708755493164
41,7.798444747924805,-2.9240527153015137,9,D28-1_90,ductal,ductal,celseq2,0.7589362859725952
42,9.256584167480469,-4.608579158782959,9,D28-1_91,ductal,ductal,celseq2,1.3670551776885986
43,17.312503814697266,7.487412929534912,7,D28-2_1,acinar,acinar,celseq2,0.6976556181907654
44,6.929287910461426,14.344313621520996,12,D28-2_2,alpha,alpha,celseq2,0.4379565119743347
45,17.689346313476562,7.752392292022705,7,D28-2_4,acinar,acinar,celseq2,0.8923299908638
46,7.111359596252441,12.914785385131836,12,D28-2_5,alpha,alpha,celseq2,0.582045316696167
47,6.4797444343566895,-2.615445852279663,9,D28-2_13,ductal,ductal,celseq2,1.132805585861206
48,17.31414031982422,7.3616509437561035,7,D28-2_15,acinar,acinar,celseq2,0.6171340942382812
49,7.234923362731934,-2.3379056453704834,9,D28-2_16,ductal,ductal,celseq2,1.2933390140533447
50,8.38774585723877,-3.234727144241333,9,D28-2_17,ductal,ductal,celseq2,1.1076862812042236
51,15.67138957977295,6.243831634521484,7,D28-2_18,acinar,acinar,celseq2,1.1412413120269775
52,7.516301155090332,-2.7198572158813477,9,D28-2_26,ductal,ductal,celseq2,0.9787805080413818
53,9.180119514465332,14.065271377563477,12,D28-2_28,alpha,alpha,celseq2,0.9836061000823975
54,6.60929536819458,-2.506524085998535,9,D28-2_29,ductal,ductal,celseq2,0.8657603859901428
55,-2.9381096363067627,17.130043029785156,13,D28-2_37,gamma,delta,celseq2,1.1666796207427979
56,-10.16795539855957,1.0138078927993774,4,D28-2_38,beta,beta,celseq2,1.1742897033691406
57,16.37508773803711,6.597252368927002,7,D28-2_39,acinar,acinar,celseq2,0.8916170597076416
58,7.690194129943848,-2.5559048652648926,9,D28-2_40,ductal,ductal,celseq2,1.0120471715927124
59,-0.9817887544631958,-7.2333149909973145,0,D28-2_41,activated_stellate,activated_stellate,celseq2,1.231868028640747
60,16.832181930541992,7.033084869384766,7,D28-2_42,acinar,acinar,celseq2,0.6907815933227539
61,6.802635669708252,13.367069244384766,12,D28-2_43,alpha,alpha,celseq2,0.527856171131134
62,17.213632583618164,9.482654571533203,7,D28-2_49,acinar,acinar,celseq2,1.2808200120925903
63,7.347525596618652,13.015804290771484,12,D28-2_51,alpha,alpha,celseq2,0.5683750510215759
64,7.169310569763184,13.075520515441895,12,D28-2_52,alpha,alpha,celseq2,0.5884627103805542
65,17.15046501159668,9.581036567687988,7,D28-2_53,acinar,acinar,celseq2,1.2090904712677002
66,17.78957176208496,7.682938098907471,7,D28-2_61,acinar,acinar,celseq2,0.9387568831443787
67,-5.244620323181152,16.69434928894043,13,D28-2_63,gamma,delta,celseq2,0.667307436466217
68,6.6122331619262695,-3.551004648208618,9,D28-2_64,ductal,ductal,celseq2,1.679763674736023
69,7.017642021179199,13.05824089050293,12,D28-2_65,alpha,alpha,celseq2,0.9936423301696777
70,6.985039710998535,3.8559229373931885,6,D28-2_66,mast,mast,celseq2,3.993431806564331
71,5.573017597198486,14.242897987365723,14,D28-2_68,alpha,epsilon,celseq2,1.6938098669052124
72,-9.612841606140137,2.5657057762145996,4,D28-2_73,beta,beta,celseq2,0.9584957957267761
73,17.828445434570312,8.85888385772705,7,D28-2_74,acinar,acinar,celseq2,0.865852952003479
74,17.193693161010742,9.730409622192383,7,D28-2_75,acinar,acinar,celseq2,1.7272653579711914
75,15.292471885681152,-10.969281196594238,2,D28-2_76,endothelial,endothelial,celseq2,3.018002986907959
76,17.29254722595215,9.475255966186523,7,D28-2_78,acinar,acinar,celseq2,1.0080835819244385
77,6.49202823638916,4.214932918548584,5,D28-2_79,macrophage,macrophage,celseq2,3.993431806564331
78,6.983174800872803,13.165068626403809,12,D28-2_85,alpha,alpha,celseq2,1.1263378858566284
79,16.655492782592773,6.771703720092773,7,D28-2_86,acinar,acinar,celseq2,0.884218692779541
80,17.719297409057617,8.6034517288208,7,D28-2_87,acinar,acinar,celseq2,0.7002886533737183
81,16.44900131225586,6.606573581695557,7,D28-2_89,acinar,acinar,celseq2,0.9904348254203796
82,4.860784530639648,14.35840129852295,14,D28-2_90,alpha,epsilon,celseq2,1.2052561044692993
83,-5.253182888031006,17.682138442993164,13,D28-2_91,gamma,delta,celseq2,0.7904506921768188
84,-1.68122398853302,-6.454117774963379,0,D28-3_1,quiescent_stellate,activated_stellate,celseq2,2.8589842319488525
85,6.599764823913574,13.065157890319824,12,D28-3_3,alpha,alpha,celseq2,0.4042208790779114
86,17.232275009155273,9.486729621887207,7,D28-3_4,acinar,acinar,celseq2,1.022578477859497
87,7.017763614654541,14.076042175292969,12,D28-3_5,alpha,alpha,celseq2,0.7529022097587585
88,-9.620960235595703,2.253469705581665,4,D28-3_6,beta,beta,celseq2,0.6368964314460754
89,5.660701751708984,13.858884811401367,12,D28-3_7,alpha,alpha,celseq2,0.48370158672332764
90,6.447782516479492,12.654194831848145,12,D28-3_8,alpha,alpha,celseq2,0.47683122754096985
91,9.230464935302734,14.367533683776855,12,D28-3_13,alpha,alpha,celseq2,0.9716026186943054
92,-5.358304977416992,16.662473678588867,13,D28-3_14,gamma,delta,celseq2,0.5047333836555481
93,5.930793762207031,13.229084014892578,12,D28-3_15,alpha,alpha,celseq2,0.43195903301239014
94,-4.936639785766602,17.184812545776367,13,D28-3_16,delta,delta,celseq2,0.47842538356781006
95,6.978622913360596,3.862468957901001,6,D28-3_17,mast,mast,celseq2,3.993431806564331
96,-5.2709856033325195,16.223758697509766,13,D28-3_18,gamma,delta,celseq2,0.5466118454933167
97,17.41189956665039,7.148800849914551,7,D28-3_25,acinar,acinar,celseq2,0.7885388135910034
98,17.39969253540039,8.032013893127441,7,D28-3_26,acinar,acinar,celseq2,0.8162773847579956
99,-9.710458755493164,0.8289785981178284,4,D28-3_27,beta,beta,celseq2,0.9153740406036377
100,17.268810272216797,8.312582015991211,7,D28-3_28,acinar,acinar,celseq2,0.806203305721283
101,7.132156848907471,-3.435250759124756,9,D28-3_29,ductal,ductal,celseq2,1.1761640310287476
102,-9.578811645507812,1.0129308700561523,4,D28-3_30,beta,beta,celseq2,0.4461597800254822
103,15.268994331359863,6.115596294403076,7,D28-3_31,acinar,acinar,celseq2,1.2583805322647095
104,-9.24266529083252,-0.8425628542900085,4,D28-3_37,beta,beta,celseq2,0.9095407128334045
105,6.5959062576293945,14.454575538635254,12,D28-3_38,alpha,alpha,celseq2,0.4269067645072937
106,17.597660064697266,8.575023651123047,7,D28-3_40,alpha,acinar,celseq2,0.8543188571929932
107,-9.614561080932617,1.3437925577163696,4,D28-3_41,beta,beta,celseq2,1.273827075958252
108,6.550870895385742,13.7535400390625,12,D28-3_42,alpha,alpha,celseq2,0.40589645504951477
109,15.12807559967041,-10.82296085357666,2,D28-3_43,endothelial,endothelial,celseq2,3.626828193664551
110,16.94300079345703,7.050723075866699,7,D28-3_44,acinar,acinar,celseq2,0.8343684077262878
111,6.683781623840332,-3.6956586837768555,9,D28-3_49,ductal,ductal,celseq2,1.5942940711975098
112,15.837660789489746,6.313482761383057,7,D28-3_50,alpha,acinar,celseq2,1.5738917589187622
113,17.66087532043457,8.377357482910156,7,D28-3_51,acinar,acinar,celseq2,0.854316771030426
114,17.450368881225586,9.2288179397583,7,D28-3_52,acinar,acinar,celseq2,0.9065003991127014
115,8.00514030456543,-3.6237823963165283,9,D28-3_53,ductal,ductal,celseq2,0.8513139486312866
116,6.977180480957031,-2.569242000579834,9,D28-3_54,ductal,ductal,celseq2,0.7520138621330261
117,5.586921215057373,14.235928535461426,12,D28-3_55,alpha,alpha,celseq2,0.8743242621421814
118,-4.784689426422119,17.869739532470703,13,D28-3_61,delta,delta,celseq2,1.330216646194458
119,17.598255157470703,9.845675468444824,7,D28-3_62,acinar,acinar,celseq2,1.5851263999938965
120,6.66016960144043,-3.604430913925171,9,D28-3_63,ductal,ductal,celseq2,1.6610254049301147
121,8.689303398132324,13.925976753234863,12,D28-3_64,alpha,alpha,celseq2,0.46461308002471924
122,17.747629165649414,8.168264389038086,7,D28-3_65,acinar,acinar,celseq2,0.8551514744758606
123,7.098888397216797,14.259469985961914,12,D28-3_68,alpha,alpha,celseq2,0.4505446255207062
124,6.739453315734863,13.367734909057617,12,D28-3_69,alpha,alpha,celseq2,0.5468481183052063
125,8.250312805175781,-3.11336612701416,9,D28-3_73,ductal,ductal,celseq2,1.2294797897338867
126,17.798263549804688,9.026901245117188,7,D28-3_75,acinar,acinar,celseq2,0.7819110751152039
127,6.749296188354492,13.096087455749512,12,D28-3_76,alpha,alpha,celseq2,0.46278947591781616
128,15.783443450927734,6.277177810668945,7,D28-3_77,acinar,acinar,celseq2,1.0550090074539185
129,-5.1572465896606445,17.70068359375,13,D28-3_78,delta,delta,celseq2,1.3345900774002075
130,8.576704978942871,15.535574913024902,12,D28-3_79,alpha,alpha,celseq2,0.4742104709148407
131,17.35494613647461,7.488990306854248,7,D28-3_85,acinar,acinar,celseq2,0.655656099319458
132,6.892673969268799,-1.8996164798736572,9,D28-3_86,ductal,ductal,celseq2,1.3045024871826172
133,6.448904037475586,4.252131462097168,5,D28-3_88,macrophage,macrophage,celseq2,3.993431806564331
134,-9.268714904785156,0.1533767133951187,4,D28-3_89,beta,beta,celseq2,0.9349203705787659
135,16.199377059936523,6.47855281829834,7,D28-3_90,acinar,acinar,celseq2,0.9951809644699097
136,17.767847061157227,7.845791339874268,7,D28-3_91,acinar,acinar,celseq2,0.7680612802505493
137,7.360426902770996,14.363152503967285,12,D28-3_92,alpha,alpha,celseq2,0.4471101462841034
138,6.488624095916748,4.218049049377441,5,D28-4_1,macrophage,macrophage,celseq2,3.993431806564331
139,-4.841830253601074,17.25786590576172,13,D28-4_3,delta,delta,celseq2,0.6823744177818298
140,17.693750381469727,9.710161209106445,7,D28-4_4,acinar,acinar,celseq2,2.1846868991851807
141,7.727978229522705,13.001134872436523,12,D28-4_13,alpha,alpha,celseq2,0.4236949384212494
142,-1.619600772857666,-6.430854320526123,0,D28-4_14,quiescent_stellate,activated_stellate,celseq2,2.8589842319488525
143,7.725505352020264,12.825746536254883,12,D28-4_15,alpha,alpha,celseq2,0.3845422863960266
144,17.33097267150879,7.599720478057861,7,D28-4_17,acinar,acinar,celseq2,0.8751651644706726
145,6.4006829261779785,-2.4024901390075684,9,D28-4_22,ductal,ductal,celseq2,0.8908776044845581
146,-5.597541809082031,17.515432357788086,13,D28-4_26,gamma,delta,celseq2,0.9360313415527344
147,6.670859336853027,13.584708213806152,12,D28-4_27,alpha,alpha,celseq2,0.5341950058937073
148,7.00639533996582,-4.1473388671875,9,D28-4_28,acinar,ductal,celseq2,2.0897915363311768
149,7.057957649230957,13.062873840332031,12,D28-4_29,alpha,alpha,celseq2,0.5414954423904419
150,6.30672550201416,13.878684043884277,12,D28-4_30,alpha,alpha,celseq2,0.45347803831100464
151,-10.070816993713379,0.26730450987815857,4,D28-4_31,beta,beta,celseq2,0.7047199606895447
152,7.808842658996582,13.793981552124023,12,D28-4_37,alpha,alpha,celseq2,0.6046167612075806
153,-5.333995342254639,16.867830276489258,13,D28-4_38,gamma,delta,celseq2,0.5901920795440674
154,8.604999542236328,14.042402267456055,12,D28-4_39,alpha,alpha,celseq2,0.5573323369026184
155,17.588335037231445,9.817123413085938,7,D28-4_40,acinar,acinar,celseq2,1.4523590803146362
156,5.376943111419678,13.838479042053223,12,D28-4_41,alpha,alpha,celseq2,0.6619052886962891
157,6.68328857421875,-2.3840296268463135,9,D28-4_43,ductal,ductal,celseq2,0.8284453749656677
158,17.691123962402344,9.511258125305176,7,D28-4_49,acinar,acinar,celseq2,0.9636549353599548
159,8.895258903503418,-3.460771083831787,9,D28-4_50,ductal,ductal,celseq2,1.1851780414581299
160,17.976821899414062,8.638778686523438,7,D28-4_51,acinar,acinar,celseq2,0.9934158325195312
161,7.050578594207764,-3.485466241836548,9,D28-4_52,ductal,ductal,celseq2,1.3416469097137451
162,17.352121353149414,8.66831111907959,7,D28-4_53,acinar,acinar,celseq2,1.0098785161972046
163,17.604785919189453,7.986566543579102,7,D28-4_54,acinar,acinar,celseq2,0.965825080871582
164,7.1301798820495605,-2.03682017326355,9,D28-4_55,ductal,ductal,celseq2,1.6000275611877441
165,7.321632385253906,12.72940444946289,12,D28-4_56,alpha,alpha,celseq2,0.6138510704040527
166,17.586299896240234,8.01155948638916,7,D28-4_61,acinar,acinar,celseq2,0.887016236782074
167,7.119900226593018,13.032637596130371,12,D28-4_62,alpha,alpha,celseq2,0.7563823461532593
168,15.495074272155762,6.204463005065918,7,D28-4_63,acinar,acinar,celseq2,1.1703821420669556
169,7.000805854797363,13.173663139343262,12,D28-4_65,alpha,alpha,celseq2,1.4548425674438477
170,17.763965606689453,9.35636043548584,7,D28-4_67,acinar,acinar,celseq2,1.4881267547607422
171,6.63461446762085,-3.526778221130371,9,D28-4_73,ductal,ductal,celseq2,1.523874282836914
172,6.912980079650879,-2.175837993621826,9,D28-4_74,ductal,ductal,celseq2,1.1807276010513306
173,17.60284423828125,9.47144889831543,7,D28-4_75,acinar,acinar,celseq2,0.9215933084487915
174,5.9384660720825195,13.543410301208496,12,D28-4_76,alpha,alpha,celseq2,0.43169453740119934
175,-9.63402271270752,2.3474173545837402,4,D28-4_77,beta,beta,celseq2,0.6021429896354675
176,8.968453407287598,-3.624903440475464,9,D28-4_78,ductal,ductal,celseq2,1.0756759643554688
177,15.641876220703125,6.259372234344482,7,D28-4_85,acinar,acinar,celseq2,1.2342736721038818
178,16.74227523803711,6.983349323272705,7,D28-4_86,acinar,acinar,celseq2,0.8184228539466858
179,5.903872489929199,13.394598960876465,12,D28-4_87,alpha,alpha,celseq2,0.4858883321285248
180,-9.587363243103027,1.26811945438385,4,D28-4_88,beta,beta,celseq2,0.9711090922355652
181,17.569948196411133,9.417893409729004,7,D28-4_89,acinar,acinar,celseq2,0.8674268126487732
182,-5.351467132568359,17.667091369628906,13,D28-4_90,gamma,delta,celseq2,0.7892951965332031
183,6.553799152374268,-2.3857369422912598,9,D28-4_91,ductal,ductal,celseq2,0.8564225435256958
184,-9.013054847717285,0.7251028418540955,4,D28-5_1,beta,beta,celseq2,0.5490861535072327
185,-5.581105709075928,16.991641998291016,13,D28-5_2,gamma,delta,celseq2,0.5776573419570923
186,17.695781707763672,9.496219635009766,7,D28-5_3,acinar,acinar,celseq2,0.7560808658599854
187,7.440594673156738,-2.9425742626190186,9,D28-5_4,ductal,ductal,celseq2,1.1982752084732056
188,-9.564275741577148,2.3800673484802246,4,D28-5_5,beta,beta,celseq2,0.7258666753768921
189,6.702652931213379,15.776180267333984,12,D28-5_13,alpha,alpha,celseq2,0.6575335264205933
190,9.272421836853027,15.678462982177734,12,D28-5_14,alpha,alpha,celseq2,0.7019667625427246
191,6.2021355628967285,13.314593315124512,12,D28-5_15,alpha,alpha,celseq2,0.49090898036956787
192,8.831181526184082,-3.5448436737060547,9,D28-5_16,ductal,ductal,celseq2,1.2193666696548462
193,17.67280387878418,7.79793119430542,7,D28-5_17,acinar,acinar,celseq2,0.8081074953079224
194,-1.869986653327942,-6.9669036865234375,0,D28-5_25,activated_stellate,activated_stellate,celseq2,2.8589842319488525
195,6.686407089233398,-4.0202484130859375,9,D28-5_26,ductal,ductal,celseq2,1.7546197175979614
196,17.169677734375,7.015549182891846,7,D28-5_27,acinar,acinar,celseq2,1.1757690906524658
197,-1.1528215408325195,-6.9039154052734375,0,D28-5_28,activated_stellate,activated_stellate,celseq2,1.6360632181167603
198,15.720928192138672,6.248783588409424,7,D28-5_29,acinar,acinar,celseq2,1.9723248481750488
199,6.923964500427246,-4.1139726638793945,9,D28-5_30,ductal,ductal,celseq2,2.033616065979004
200,15.687331199645996,6.228359222412109,7,D28-5_31,acinar,acinar,celseq2,2.00931715965271
201,16.719736099243164,6.9447340965271,7,D28-5_37,acinar,acinar,celseq2,0.8833204507827759
202,17.550891876220703,9.209553718566895,7,D28-5_38,acinar,acinar,celseq2,0.941344678401947
203,-0.4308180510997772,-7.461897373199463,0,D28-5_39,activated_stellate,activated_stellate,celseq2,2.3133280277252197
204,8.446900367736816,14.435933113098145,12,D28-5_40,alpha,alpha,celseq2,0.40875932574272156
205,7.304478168487549,15.51696491241455,12,D28-5_41,alpha,alpha,celseq2,0.8539926409721375
206,17.26106071472168,8.363534927368164,7,D28-5_42,acinar,acinar,celseq2,1.0904113054275513
207,-5.644009590148926,16.675376892089844,13,D28-5_49,delta,delta,celseq2,0.7183187007904053
208,7.03706693649292,15.314350128173828,12,D28-5_50,alpha,alpha,celseq2,0.539844810962677
209,-0.9008275270462036,-7.423720359802246,0,D28-5_51,activated_stellate,activated_stellate,celseq2,1.7588938474655151
210,7.025696754455566,14.126054763793945,12,D28-5_52,alpha,alpha,celseq2,0.4030736982822418
211,-1.1282721757888794,-7.3050103187561035,0,D28-5_53,activated_stellate,activated_stellate,celseq2,1.4534488916397095
212,17.538169860839844,8.271049499511719,7,D28-5_54,acinar,acinar,celseq2,0.9167826175689697
213,-0.8516511917114258,-7.389122009277344,0,D28-5_56,activated_stellate,activated_stellate,celseq2,1.495467185974121
214,7.511950969696045,-2.713613748550415,9,D28-5_61,ductal,ductal,celseq2,0.9014519453048706
215,17.40497589111328,8.710747718811035,7,D28-5_62,acinar,acinar,celseq2,0.8040081858634949
216,17.348217010498047,8.610620498657227,7,D28-5_63,acinar,acinar,celseq2,1.019091248512268
217,8.685198783874512,15.836984634399414,12,D28-5_64,alpha,alpha,celseq2,0.9409387111663818
218,9.150994300842285,15.776129722595215,12,D28-5_65,alpha,alpha,celseq2,0.5234063863754272
219,6.424928188323975,-2.4854750633239746,9,D28-5_66,ductal,ductal,celseq2,0.9438443183898926
220,-10.058022499084473,0.8879648447036743,4,D28-5_73,beta,beta,celseq2,0.45825624465942383
221,8.003948211669922,13.379742622375488,12,D28-5_74,alpha,alpha,celseq2,0.5603342056274414
222,8.262432098388672,-3.1786043643951416,9,D28-5_75,ductal,ductal,celseq2,1.17388117313385
223,-7.991034507751465,-0.53693687915802,4,D28-5_76,delta,beta,celseq2,1.1339296102523804
224,17.426855087280273,8.089513778686523,7,D28-5_77,acinar,acinar,celseq2,0.8290300369262695
225,17.576812744140625,9.843363761901855,7,D28-5_78,acinar,acinar,celseq2,1.4345608949661255
226,8.52177906036377,13.510955810546875,12,D28-5_86,alpha,alpha,celseq2,0.4443235397338867
227,9.054545402526855,14.869373321533203,12,D28-5_87,alpha,alpha,celseq2,0.6644260287284851
228,-1.1808362007141113,-6.77665901184082,0,D28-5_88,quiescent_stellate,activated_stellate,celseq2,2.304546594619751
229,-1.1619166135787964,-6.650067329406738,0,D28-5_89,quiescent_stellate,activated_stellate,celseq2,2.5689778327941895
230,-1.8617058992385864,-6.878434181213379,0,D28-6_1,quiescent_stellate,activated_stellate,celseq2,2.8589842319488525
231,17.927515029907227,7.626738548278809,7,D28-6_2,acinar,acinar,celseq2,0.9177853465080261
232,-9.950727462768555,1.7357312440872192,4,D28-6_3,beta,beta,celseq2,0.5251228213310242
233,17.4649658203125,8.885761260986328,7,D28-6_4,acinar,acinar,celseq2,0.8637474179267883
234,6.552475452423096,12.813009262084961,12,D28-6_13,alpha,alpha,celseq2,0.5367430448532104
235,17.501636505126953,9.909728050231934,7,D28-6_14,acinar,acinar,celseq2,1.4967211484909058
236,6.510119915008545,4.202849388122559,5,D28-6_15,macrophage,macrophage,celseq2,3.993431806564331
237,9.620793342590332,-4.288524627685547,9,D28-6_16,ductal,ductal,celseq2,1.1985236406326294
238,6.817070484161377,-2.733873128890991,9,D28-6_17,ductal,ductal,celseq2,1.0056484937667847
239,17.887367248535156,8.285475730895996,7,D28-6_19,acinar,acinar,celseq2,0.9112623929977417
240,-4.685301303863525,17.304527282714844,13,D28-6_26,delta,delta,celseq2,0.6144585609436035
241,-8.154021263122559,0.24477073550224304,4,D28-6_29,alpha,beta,celseq2,1.1703664064407349
242,7.766507148742676,14.58399772644043,12,D28-6_37,alpha,alpha,celseq2,0.5092427134513855
243,17.419347763061523,8.80117416381836,7,D28-6_38,acinar,acinar,celseq2,0.793934166431427
244,7.396137237548828,-2.6674656867980957,9,D28-6_39,ductal,ductal,celseq2,0.813161313533783
245,-1.7211716175079346,-6.5135345458984375,0,D28-6_40,quiescent_stellate,activated_stellate,celseq2,2.8589842319488525
246,17.4742488861084,9.720778465270996,7,D28-6_41,acinar,acinar,celseq2,0.9938393831253052
247,17.365930557250977,7.6000237464904785,7,D28-6_42,acinar,acinar,celseq2,0.7578977942466736
248,-1.6956160068511963,-6.4901838302612305,0,D28-6_43,quiescent_stellate,activated_stellate,celseq2,2.8589842319488525
249,-0.9257395267486572,-7.349326133728027,0,D28-6_49,activated_stellate,activated_stellate,celseq2,1.5486912727355957
250,17.7852725982666,8.21126937866211,7,D28-6_50,acinar,acinar,celseq2,0.8128262758255005
251,17.345064163208008,9.474078178405762,7,D28-6_51,acinar,acinar,celseq2,1.4886947870254517
252,9.134149551391602,15.74234390258789,12,D28-6_52,alpha,alpha,celseq2,0.5090568661689758
253,-9.389233589172363,2.4401662349700928,4,D28-6_53,beta,beta,celseq2,0.4914751648902893
254,15.021285057067871,5.975558280944824,7,D28-6_61,acinar,acinar,celseq2,1.558575987815857
255,17.45574951171875,9.937750816345215,7,D28-6_62,acinar,acinar,celseq2,1.4041563272476196
256,17.847742080688477,7.580643653869629,7,D28-6_63,acinar,acinar,celseq2,0.8867475390434265
257,-1.1549705266952515,-6.911858558654785,0,D28-6_64,activated_stellate,activated_stellate,celseq2,1.6213066577911377
258,7.189725399017334,13.275911331176758,12,D28-6_65,alpha,alpha,celseq2,0.4469490349292755
259,17.987163543701172,8.244956970214844,7,D28-6_66,acinar,acinar,celseq2,1.562429666519165
260,17.78848648071289,8.506543159484863,7,D28-6_73,acinar,acinar,celseq2,0.8562633395195007
261,17.425920486450195,7.801674842834473,7,D28-6_74,acinar,acinar,celseq2,0.7797672748565674
262,8.916037559509277,-3.488049030303955,9,D28-6_75,ductal,ductal,celseq2,1.0706721544265747
263,16.082094192504883,6.380631923675537,7,D28-6_76,acinar,acinar,celseq2,0.9684844017028809
264,6.4139556884765625,12.799590110778809,12,D28-6_77,alpha,alpha,celseq2,0.4868461787700653
265,-7.82781457901001,4.041506290435791,4,D28-6_86,beta,beta,celseq2,1.198507308959961
266,-9.471623420715332,1.9074015617370605,4,D28-6_87,beta,beta,celseq2,1.1677261590957642
267,8.083980560302734,14.703853607177734,12,D28-6_88,alpha,alpha,celseq2,0.7239936590194702
268,17.634532928466797,8.940589904785156,7,D28-6_89,acinar,acinar,celseq2,0.7754842042922974
269,17.470308303833008,9.312189102172852,7,D28-7_1,acinar,acinar,celseq2,0.7946308851242065
270,7.62410306930542,14.508808135986328,12,D28-7_3,alpha,alpha,celseq2,0.44753801822662354
271,-5.486081600189209,16.29593849182129,13,D28-7_4,gamma,delta,celseq2,0.7982283234596252
272,7.997852325439453,14.43587875366211,12,D28-7_5,alpha,alpha,celseq2,0.6077814102172852
273,8.626220703125,14.427895545959473,12,D28-7_7,alpha,alpha,celseq2,0.43954160809516907
274,8.939480781555176,14.5482177734375,12,D28-7_13,alpha,alpha,celseq2,0.4060269296169281
275,6.9363274574279785,-2.1673266887664795,9,D28-7_15,ductal,ductal,celseq2,1.2767949104309082
276,7.116914749145508,14.203619003295898,12,D28-7_16,alpha,alpha,celseq2,0.44291773438453674
277,6.828029632568359,-3.5875134468078613,9,D28-7_18,ductal,ductal,celseq2,1.291318416595459
278,7.683117389678955,14.884584426879883,12,D28-7_19,alpha,alpha,celseq2,0.437881201505661
279,17.79991912841797,8.175641059875488,7,D28-7_37,acinar,acinar,celseq2,0.8213643431663513
280,-4.400139808654785,18.321252822875977,13,D28-7_38,delta,delta,celseq2,0.9085461497306824
281,17.779279708862305,7.5439887046813965,7,D28-7_39,acinar,acinar,celseq2,0.7215567827224731
282,-7.536832809448242,4.459939002990723,4,D28-7_40,beta,beta,celseq2,2.7749249935150146
283,16.259925842285156,6.5121307373046875,7,D28-7_41,acinar,acinar,celseq2,1.0724282264709473
284,9.033652305603027,-3.385282516479492,9,D28-7_42,ductal,ductal,celseq2,1.3499219417572021
285,-5.247975826263428,7.804236888885498,11,D28-7_49,alpha,Unmatched_11,celseq2,3.0518181324005127
286,9.027012825012207,-5.064033031463623,9,D28-7_50,ductal,ductal,celseq2,2.0897915363311768
287,17.954090118408203,8.079866409301758,7,D28-7_51,acinar,acinar,celseq2,1.286573886871338
288,17.31181526184082,9.470582008361816,7,D28-7_52,acinar,acinar,celseq2,1.3914192914962769
289,6.8522868156433105,13.442855834960938,12,D28-7_53,alpha,alpha,celseq2,0.5318728089332581
290,8.987042427062988,16.159788131713867,12,D28-7_61,alpha,alpha,celseq2,0.713710367679596
291,17.49884796142578,9.238073348999023,7,D28-7_62,acinar,acinar,celseq2,0.8052183389663696
292,9.081613540649414,14.522335052490234,12,D28-7_63,alpha,alpha,celseq2,0.6634434461593628
293,17.385852813720703,8.634990692138672,7,D28-7_64,acinar,acinar,celseq2,1.0697236061096191
294,-8.216282844543457,0.31928563117980957,4,D28-7_65,alpha,beta,celseq2,1.0243195295333862
295,6.090255260467529,13.885038375854492,12,D28-7_66,alpha,alpha,celseq2,0.5784829258918762
296,-1.780884861946106,-7.02979040145874,0,D28-7_68,activated_stellate,activated_stellate,celseq2,2.284149408340454
297,-5.50786828994751,16.4560604095459,13,D28-7_73,delta,delta,celseq2,0.8100586533546448
298,-1.084322452545166,-6.799571514129639,0,D28-7_74,activated_stellate,activated_stellate,celseq2,1.8155455589294434
299,17.776233673095703,9.404366493225098,7,D28-7_75,acinar,acinar,celseq2,1.3130967617034912
300,9.369647026062012,-4.418541431427002,9,D28-7_76,ductal,ductal,celseq2,1.2429596185684204
301,8.932933807373047,13.624072074890137,12,D28-7_77,alpha,alpha,celseq2,0.4615582227706909
302,16.072763442993164,6.500713348388672,7,D28-7_78,acinar,acinar,celseq2,1.2262814044952393
303,9.369831085205078,-4.297667980194092,9,D28-7_85,ductal,ductal,celseq2,1.2905546426773071
304,15.261798858642578,-10.941903114318848,2,D28-7_86,endothelial,endothelial,celseq2,3.042006731033325
305,7.01375150680542,-2.1097819805145264,9,D28-7_87,ductal,ductal,celseq2,1.507293939590454
306,-0.42810437083244324,-7.4055914878845215,0,D28-7_88,activated_stellate,activated_stellate,celseq2,2.268601655960083
307,8.81745433807373,-3.3974671363830566,9,D28-7_89,ductal,ductal,celseq2,1.0725740194320679
308,9.096915245056152,-4.430285453796387,9,D28-8_1,ductal,ductal,celseq2,1.1343783140182495
309,8.554347038269043,14.4746675491333,12,D28-8_2,alpha,alpha,celseq2,0.5178143382072449
310,16.900346755981445,7.419459342956543,14,D28-8_4,beta,epsilon,celseq2,2.2282769680023193
311,7.861224174499512,14.252788543701172,12,D28-8_5,alpha,alpha,celseq2,0.5036222338676453
312,17.725841522216797,8.079577445983887,7,D28-8_6,acinar,acinar,celseq2,0.7265176177024841
313,8.544540405273438,15.116119384765625,12,D28-8_14,alpha,alpha,celseq2,0.49259039759635925
314,9.145166397094727,15.321732521057129,12,D28-8_15,alpha,alpha,celseq2,0.9962596297264099
315,-1.1493186950683594,-7.281796932220459,0,D28-8_16,activated_stellate,activated_stellate,celseq2,1.6533750295639038
316,8.26511287689209,13.12979793548584,12,D28-8_18,alpha,alpha,celseq2,0.44398045539855957
317,7.0777907371521,14.515344619750977,12,D28-8_25,alpha,alpha,celseq2,0.625542163848877
318,-5.532354354858398,16.9135684967041,13,D28-8_26,delta,delta,celseq2,0.8088515996932983
319,8.843035697937012,14.058182716369629,12,D28-8_27,alpha,alpha,celseq2,0.42483142018318176
320,6.954792499542236,-2.16560435295105,9,D28-8_28,ductal,ductal,celseq2,1.3338418006896973
321,-10.047091484069824,0.6496367454528809,4,D28-8_29,beta,beta,celseq2,0.4238487184047699
322,7.339707374572754,-2.766810894012451,9,D28-8_31,ductal,ductal,celseq2,1.0263217687606812
323,7.021701335906982,-4.172445774078369,14,D28-8_37,ductal,epsilon,celseq2,2.0897915363311768
324,-5.685640335083008,17.37412452697754,13,D28-8_38,gamma,delta,celseq2,0.7041787505149841
325,17.684608459472656,7.999730110168457,7,D28-8_39,acinar,acinar,celseq2,0.6967076063156128
326,6.958670616149902,12.112855911254883,12,D28-8_41,alpha,alpha,celseq2,1.3971328735351562
327,6.470185279846191,4.2342963218688965,5,D28-8_42,macrophage,macrophage,celseq2,3.993431806564331
328,15.820208549499512,6.389317035675049,7,D28-8_49,acinar,acinar,celseq2,1.0880458354949951
329,6.410229206085205,4.286392688751221,5,D28-8_50,macrophage,macrophage,celseq2,3.993431806564331
330,18.17020034790039,7.9395318031311035,7,D28-8_51,ductal,acinar,celseq2,1.7308425903320312
331,-1.2701588869094849,-6.556157112121582,0,D28-8_52,quiescent_stellate,activated_stellate,celseq2,2.8589842319488525
332,17.602109909057617,9.179241180419922,7,D28-8_53,acinar,acinar,celseq2,0.7760587334632874
333,7.438328742980957,-2.6635024547576904,9,D28-8_55,ductal,ductal,celseq2,0.8640996813774109
334,-5.541636943817139,17.018423080444336,13,D28-8_61,delta,delta,celseq2,1.0783846378326416
335,17.474014282226562,9.955079078674316,7,D28-8_62,ductal,acinar,celseq2,2.0450713634490967
336,17.19191551208496,7.017078399658203,7,D28-8_63,acinar,acinar,celseq2,0.72968590259552
337,-1.0700695514678955,-7.131514072418213,0,D28-8_65,activated_stellate,activated_stellate,celseq2,1.1638147830963135
338,-1.1221243143081665,-7.2949538230896,0,D28-8_66,activated_stellate,activated_stellate,celseq2,1.2639918327331543
339,-0.8067886829376221,-7.3347601890563965,0,D28-8_73,activated_stellate,activated_stellate,celseq2,1.3797426223754883
340,8.855573654174805,14.871175765991211,12,D28-8_74,alpha,alpha,celseq2,0.9409632682800293
341,17.680604934692383,9.235713005065918,7,D28-8_75,acinar,acinar,celseq2,0.9238758683204651
342,17.87580108642578,9.171344757080078,7,D28-8_77,acinar,acinar,celseq2,1.172706127166748
343,8.872675895690918,-3.4484665393829346,9,D28-8_78,ductal,ductal,celseq2,1.0578975677490234
344,-9.613383293151855,2.619628429412842,4,D28-8_85,beta,beta,celseq2,0.6998763084411621
345,-7.842508792877197,1.3083393573760986,4,D28-8_86,alpha,beta,celseq2,1.291230320930481
346,6.8311872482299805,-2.0765559673309326,9,D28-8_87,ductal,ductal,celseq2,1.1593406200408936
347,-8.246902465820312,1.035581111907959,4,D28-8_88,beta,beta,celseq2,0.9131485223770142
348,6.768794536590576,-3.908038377761841,14,D28-8_90,ductal,epsilon,celseq2,2.0897915363311768
349,7.459547519683838,12.457974433898926,12,D29-1_1,alpha,alpha,celseq2,0.4802291691303253
350,15.31246566772461,-10.987921714782715,2,D29-1_2,endothelial,endothelial,celseq2,3.077108860015869
351,-3.9979240894317627,17.202470779418945,13,D29-1_3,delta,delta,celseq2,0.5664854049682617
352,6.144937038421631,12.49571418762207,12,D29-1_4,alpha,alpha,celseq2,0.4613685607910156
353,7.112668037414551,13.279802322387695,12,D29-1_6,alpha,alpha,celseq2,0.4070137143135071
354,5.550677299499512,14.091272354125977,12,D29-1_7,alpha,alpha,celseq2,0.6917808055877686
355,-8.374335289001465,-1.6052061319351196,4,D29-1_8,beta,beta,celseq2,0.7664459347724915
356,7.942891597747803,14.708405494689941,12,D29-1_11,alpha,alpha,celseq2,0.3845422863960266
357,-3.5956690311431885,16.622175216674805,13,D29-1_12,gamma,delta,celseq2,0.5373050570487976
358,8.60864543914795,14.599397659301758,12,D29-1_13,alpha,alpha,celseq2,0.4310310184955597
359,-3.0801167488098145,16.851131439208984,13,D29-1_15,gamma,delta,celseq2,0.8550392389297485
360,-5.217175483703613,16.486225128173828,13,D29-1_16,delta,delta,celseq2,0.5026494860649109
361,7.418209552764893,12.748522758483887,12,D29-1_17,alpha,alpha,celseq2,0.3918497562408447
362,7.553415775299072,14.527376174926758,12,D29-1_18,alpha,alpha,celseq2,0.41946762800216675
363,9.204144477844238,13.94262981414795,12,D29-1_19,alpha,alpha,celseq2,0.541991114616394
364,9.187422752380371,15.40441608428955,12,D29-1_20,alpha,alpha,celseq2,1.013546109199524
365,-7.9642863273620605,-0.5888887643814087,4,D29-1_21,beta,beta,celseq2,0.7844173908233643
366,-8.69888687133789,-1.6527159214019775,4,D29-1_24,beta,beta,celseq2,0.6191702485084534
367,7.604907035827637,15.523114204406738,12,D29-1_26,alpha,alpha,celseq2,0.5021260976791382
368,6.483628273010254,15.621230125427246,12,D29-1_27,alpha,alpha,celseq2,0.7494162321090698
369,7.93893575668335,14.646988868713379,12,D29-1_29,alpha,alpha,celseq2,0.41728803515434265
370,-2.6249823570251465,16.794313430786133,13,D29-1_30,gamma,delta,celseq2,0.8629643321037292
371,7.2287397384643555,12.932693481445312,12,D29-1_32,alpha,alpha,celseq2,0.384642094373703
372,-4.2248005867004395,16.49618148803711,13,D29-1_33,delta,delta,celseq2,0.5400492548942566
373,5.938092231750488,14.352442741394043,12,D29-1_34,alpha,alpha,celseq2,0.4569045305252075
374,-5.428563117980957,18.121047973632812,13,D29-1_35,gamma,delta,celseq2,0.9200771450996399
375,-7.998127460479736,-0.7031837701797485,4,D29-1_36,beta,beta,celseq2,0.7538570165634155
376,6.613224506378174,15.50029182434082,12,D29-1_37,alpha,alpha,celseq2,0.519227147102356
377,8.920780181884766,14.040987014770508,12,D29-1_38,alpha,alpha,celseq2,0.3983037769794464
378,-8.116827011108398,-0.9718084931373596,4,D29-1_39,beta,beta,celseq2,1.077829360961914
379,-8.511696815490723,-1.5197741985321045,4,D29-1_40,beta,beta,celseq2,0.6266477108001709
380,8.919623374938965,14.009072303771973,12,D29-1_41,alpha,alpha,celseq2,0.4480728209018707
381,-5.030350685119629,17.2561092376709,13,D29-1_42,delta,delta,celseq2,0.5429409146308899
382,6.956984519958496,14.226865768432617,12,D29-1_44,alpha,alpha,celseq2,0.44493621587753296
383,-2.9278736114501953,16.756574630737305,13,D29-1_45,delta,delta,celseq2,0.7280415296554565
384,7.446730613708496,12.567956924438477,12,D29-1_46,alpha,alpha,celseq2,0.4689484238624573
385,7.420318126678467,13.150032043457031,12,D29-1_47,alpha,alpha,celseq2,0.45051130652427673
386,-9.448846817016602,1.1510860919952393,4,D29-1_48,beta,beta,celseq2,0.5914075374603271
387,-4.491733551025391,16.050453186035156,13,D29-1_49,delta,delta,celseq2,0.5331869721412659
388,6.343526840209961,13.858550071716309,12,D29-1_50,alpha,alpha,celseq2,0.40737754106521606
389,7.555875301361084,13.528070449829102,12,D29-1_51,alpha,alpha,celseq2,0.48981422185897827
390,-9.604949951171875,2.164745330810547,4,D29-1_52,beta,beta,celseq2,0.5905041098594666
391,-9.21221923828125,-0.02801118604838848,4,D29-1_53,beta,beta,celseq2,0.4727751910686493
392,7.151696681976318,-3.3450968265533447,9,D29-1_54,ductal,ductal,celseq2,1.2427476644515991
393,7.134636402130127,15.347269058227539,12,D29-1_55,alpha,alpha,celseq2,0.4882436990737915
394,-5.160218715667725,16.478321075439453,13,D29-1_56,delta,delta,celseq2,0.534162700176239
395,-5.159402847290039,17.47420883178711,13,D29-1_57,delta,delta,celseq2,0.6543911695480347
396,-3.7744481563568115,16.52964210510254,13,D29-1_58,gamma,delta,celseq2,0.5794451236724854
397,6.754444122314453,14.37047290802002,12,D29-1_59,alpha,alpha,celseq2,0.40290480852127075
398,5.400464057922363,14.19235897064209,12,D29-1_60,alpha,alpha,celseq2,0.8820441961288452
399,-1.4635201692581177,-6.617673873901367,0,D29-1_61,activated_stellate,activated_stellate,celseq2,2.740417003631592
400,8.41683578491211,13.727315902709961,12,D29-1_62,alpha,alpha,celseq2,0.3845422863960266
401,8.872292518615723,-3.675302028656006,9,D29-1_65,ductal,ductal,celseq2,1.2534422874450684
402,-4.35584020614624,16.777982711791992,13,D29-1_66,gamma,delta,celseq2,0.47665587067604065
403,-3.5925073623657227,16.482744216918945,13,D29-1_67,gamma,delta,celseq2,0.5188849568367004
404,16.504459381103516,6.621653079986572,7,D29-1_68,acinar,acinar,celseq2,0.99365234375
405,7.145514488220215,14.362785339355469,12,D29-1_69,alpha,alpha,celseq2,0.40938758850097656
406,-9.695287704467773,0.45272883772850037,4,D29-1_70,beta,beta,celseq2,0.4043644666671753
407,-3.258366823196411,16.605606079101562,13,D29-1_71,gamma,delta,celseq2,0.8776514530181885
408,-4.882187843322754,16.831382751464844,13,D29-1_72,gamma,delta,celseq2,0.5395678877830505
409,-5.4713287353515625,17.941986083984375,13,D29-1_73,gamma,delta,celseq2,0.7197527885437012
410,-5.2653489112854,16.24295997619629,13,D29-1_74,delta,delta,celseq2,0.5183172225952148
411,-8.654593467712402,-1.5884073972702026,4,D29-1_75,beta,beta,celseq2,0.5965601801872253
412,9.178791046142578,13.902106285095215,12,D29-1_76,alpha,alpha,celseq2,0.49818935990333557
413,-10.013671875,0.16490329802036285,4,D29-1_77,beta,beta,celseq2,0.48991644382476807
414,-9.333687782287598,2.819624185562134,4,D29-1_78,beta,beta,celseq2,0.6945120692253113
415,-8.15898609161377,-1.37876296043396,4,D29-1_79,beta,beta,celseq2,1.1589081287384033
416,8.23045825958252,14.160942077636719,12,D29-1_80,alpha,alpha,celseq2,0.4006020426750183
417,-9.460370063781738,-0.45058608055114746,4,D29-1_81,beta,beta,celseq2,0.4145072400569916
418,-9.09848690032959,-1.6669292449951172,4,D29-1_82,beta,beta,celseq2,0.5448184609413147
419,-4.872939586639404,16.59510040283203,13,D29-1_83,delta,delta,celseq2,0.6175188422203064
420,-9.100011825561523,-1.1430996656417847,4,D29-1_84,beta,beta,celseq2,0.5048137307167053
421,-3.908339500427246,16.358774185180664,13,D29-1_86,gamma,delta,celseq2,0.9045745730400085
422,7.631465911865234,12.856197357177734,12,D29-1_87,alpha,alpha,celseq2,0.4128076136112213
423,-9.28799057006836,-0.2476864606142044,4,D29-1_88,beta,beta,celseq2,0.41208335757255554
424,9.185412406921387,13.852696418762207,12,D29-1_89,alpha,alpha,celseq2,0.45486584305763245
425,-4.946217060089111,18.010282516479492,13,D29-1_90,gamma,delta,celseq2,0.7810415625572205
426,-9.485103607177734,2.2188613414764404,4,D29-1_92,beta,beta,celseq2,0.7359189987182617
427,-5.251471042633057,16.289602279663086,13,D29-1_93,delta,delta,celseq2,0.45404428243637085
428,-9.38659954071045,-1.2407317161560059,4,D29-1_94,beta,beta,celseq2,0.4495514929294586
429,-1.0615688562393188,-6.908502578735352,0,D29-2_1,activated_stellate,activated_stellate,celseq2,1.4360374212265015
430,5.411687850952148,13.733010292053223,12,D29-2_3,alpha,alpha,celseq2,0.535923421382904
431,-4.676527500152588,16.493051528930664,13,D29-2_4,delta,delta,celseq2,0.45363008975982666
432,-8.685447692871094,-0.5480449795722961,4,D29-2_5,beta,beta,celseq2,0.4908127784729004
433,5.822803020477295,12.927552223205566,12,D29-2_6,alpha,alpha,celseq2,0.460137277841568
434,9.024807929992676,-4.466554641723633,9,D29-2_7,ductal,ductal,celseq2,1.070373773574829
435,8.377046585083008,14.520563125610352,12,D29-2_8,alpha,alpha,celseq2,0.438603013753891
436,-4.551811218261719,17.44858169555664,13,D29-2_9,delta,delta,celseq2,0.6092151403427124
437,-4.538040637969971,16.489967346191406,13,D29-2_10,delta,delta,celseq2,0.4595372676849365
438,-8.72890567779541,-0.533377468585968,4,D29-2_11,beta,beta,celseq2,0.6320527195930481
439,7.812686920166016,-3.140209674835205,9,D29-2_12,ductal,ductal,celseq2,0.8898517489433289
440,6.977502346038818,15.177781105041504,12,D29-2_13,alpha,alpha,celseq2,0.39951539039611816
441,7.726344108581543,14.249570846557617,12,D29-2_15,alpha,alpha,celseq2,0.40132540464401245
442,-5.087115287780762,16.626317977905273,13,D29-2_16,delta,delta,celseq2,0.4627724587917328
443,-8.95279598236084,0.7129009962081909,4,D29-2_18,beta,beta,celseq2,0.5034038424491882
444,-5.351062297821045,17.43628692626953,13,D29-2_19,gamma,delta,celseq2,0.5732884407043457
445,-10.089343070983887,1.2959800958633423,4,D29-2_20,beta,beta,celseq2,0.5280537605285645
446,6.102057933807373,14.921825408935547,12,D29-2_22,alpha,alpha,celseq2,0.5675289630889893
447,-9.31533145904541,-0.7474530935287476,4,D29-2_24,beta,beta,celseq2,0.5201843976974487
448,6.997995376586914,14.210176467895508,12,D29-2_25,alpha,alpha,celseq2,0.40750324726104736
449,-9.778956413269043,0.2684447467327118,4,D29-2_26,beta,beta,celseq2,0.4952072203159332
450,-9.7938232421875,0.19455234706401825,4,D29-2_27,beta,beta,celseq2,0.40773913264274597
451,5.667067527770996,14.640512466430664,12,D29-2_28,alpha,alpha,celseq2,0.6631654500961304
452,-8.284931182861328,-1.3599038124084473,4,D29-2_30,beta,beta,celseq2,0.6988575458526611
453,5.844234943389893,13.189844131469727,12,D29-2_31,alpha,alpha,celseq2,0.45285263657569885
454,6.789290904998779,14.441401481628418,12,D29-2_33,alpha,alpha,celseq2,0.3995898962020874
455,-5.514620304107666,16.349374771118164,13,D29-2_34,delta,delta,celseq2,0.6825048923492432
456,8.888736724853516,14.176133155822754,12,D29-2_35,alpha,alpha,celseq2,0.4426666796207428
457,7.8040032386779785,13.034453392028809,12,D29-2_37,alpha,alpha,celseq2,0.3845422863960266
458,8.102753639221191,14.305648803710938,12,D29-2_38,alpha,alpha,celseq2,0.387122243642807
459,7.71818733215332,15.234562873840332,12,D29-2_39,alpha,alpha,celseq2,0.4001680314540863
460,7.370825290679932,12.953509330749512,12,D29-2_41,alpha,alpha,celseq2,0.4041680097579956
461,-3.92444109916687,16.37213897705078,13,D29-2_42,gamma,delta,celseq2,0.5608440637588501
462,-2.7844715118408203,16.73671531677246,13,D29-2_43,gamma,delta,celseq2,0.8760849833488464
463,7.580057621002197,14.18685245513916,12,D29-2_45,alpha,alpha,celseq2,0.3916148841381073
464,-5.699271202087402,16.86699104309082,13,D29-2_46,delta,delta,celseq2,0.6881062388420105
465,-2.89813232421875,16.761089324951172,13,D29-2_47,gamma,delta,celseq2,0.6161388158798218
466,5.55238151550293,13.678205490112305,12,D29-2_48,alpha,alpha,celseq2,0.518101155757904
467,6.575760364532471,4.145780563354492,5,D29-2_49,macrophage,macrophage,celseq2,3.993431806564331
468,-9.570525169372559,1.217577576637268,4,D29-2_50,beta,beta,celseq2,0.5019394159317017
469,7.966886520385742,14.024430274963379,12,D29-2_51,alpha,alpha,celseq2,0.46409517526626587
470,6.08860445022583,14.418790817260742,12,D29-2_52,alpha,alpha,celseq2,0.45941421389579773
471,-9.465958595275879,-0.44176146388053894,4,D29-2_53,beta,beta,celseq2,0.40044406056404114
472,-8.036972045898438,-0.5837388634681702,4,D29-2_54,beta,beta,celseq2,0.961933434009552
473,6.9657793045043945,3.8732223510742188,6,D29-2_55,mast,mast,celseq2,3.993431806564331
474,-9.73173713684082,0.3655291199684143,4,D29-2_56,beta,beta,celseq2,0.41323477029800415
475,9.147161483764648,-4.520097255706787,9,D29-2_57,ductal,ductal,celseq2,1.1505472660064697
476,-5.441229820251465,17.586313247680664,13,D29-2_58,gamma,delta,celseq2,0.6790332198143005
477,-4.821802139282227,16.20237922668457,13,D29-2_59,gamma,delta,celseq2,0.5910344123840332
478,-9.244573593139648,-1.4984195232391357,4,D29-2_60,beta,beta,celseq2,0.5096620321273804
479,7.364834308624268,-2.751122236251831,9,D29-2_61,ductal,ductal,celseq2,0.9431225061416626
480,-8.916183471679688,-0.9516120553016663,4,D29-2_62,beta,beta,celseq2,0.46035778522491455
481,9.057209014892578,-4.542799949645996,9,D29-2_63,ductal,ductal,celseq2,1.110770344734192
482,-4.636386394500732,16.08503532409668,13,D29-2_64,gamma,delta,celseq2,0.664294421672821
483,8.98755168914795,-3.738102674484253,9,D29-2_65,ductal,ductal,celseq2,1.4713937044143677
484,-9.220518112182617,-0.7130489349365234,4,D29-2_66,beta,beta,celseq2,0.49633029103279114
485,7.143632888793945,12.41883659362793,12,D29-2_67,alpha,alpha,celseq2,0.4238448441028595
486,-4.549847602844238,15.973544120788574,13,D29-2_68,gamma,delta,celseq2,0.5173159241676331
487,6.3869428634643555,13.084245681762695,12,D29-2_69,alpha,alpha,celseq2,0.39881306886672974
488,-8.304542541503906,3.4149577617645264,4,D29-2_70,beta,beta,celseq2,0.7054957151412964
489,7.41328239440918,12.962311744689941,12,D29-2_71,alpha,alpha,celseq2,0.504352867603302
490,-9.87285041809082,0.32905086874961853,4,D29-2_72,beta,beta,celseq2,0.4280514121055603
491,8.565101623535156,13.715039253234863,12,D29-2_74,alpha,alpha,celseq2,0.3949236571788788
492,8.038679122924805,13.981802940368652,12,D29-2_75,alpha,alpha,celseq2,0.4616371989250183
493,6.582253456115723,15.519245147705078,12,D29-2_76,alpha,alpha,celseq2,0.6941196322441101
494,-5.6104583740234375,17.515785217285156,13,D29-2_78,gamma,delta,celseq2,0.7230772376060486
495,-9.45515251159668,0.9465941786766052,4,D29-2_79,beta,beta,celseq2,0.5028728246688843
496,-9.426824569702148,2.4808506965637207,4,D29-2_80,beta,beta,celseq2,0.489136666059494
497,-9.917506217956543,1.19504714012146,4,D29-2_81,beta,beta,celseq2,0.46191200613975525
498,-4.994976043701172,16.810546875,13,D29-2_82,delta,delta,celseq2,0.5045445561408997
499,6.285805702209473,14.620641708374023,12,D29-2_84,alpha,alpha,celseq2,0.4560050666332245
500,-5.03612756729126,16.13893699645996,13,D29-2_87,gamma,delta,celseq2,0.6652023196220398
501,8.135711669921875,-3.789731025695801,9,D29-2_88,ductal,ductal,celseq2,1.2033302783966064
502,-9.423190116882324,-0.42614343762397766,4,D29-2_89,beta,beta,celseq2,0.42485854029655457
503,7.692783355712891,13.719736099243164,12,D29-2_90,alpha,alpha,celseq2,0.5847342610359192
504,7.654664516448975,13.645110130310059,12,D29-2_91,alpha,alpha,celseq2,0.5056939721107483
505,-3.4459497928619385,16.255142211914062,13,D29-2_92,gamma,delta,celseq2,0.634297251701355
506,6.607743740081787,12.669820785522461,12,D29-2_93,alpha,alpha,celseq2,0.4590379595756531
507,8.767977714538574,15.971659660339355,12,D29-2_94,alpha,alpha,celseq2,0.7248654961585999
508,6.792447090148926,15.807315826416016,14,D29-3_1,gamma,epsilon,celseq2,1.4612853527069092
509,6.599839210510254,14.501005172729492,12,D29-3_3,alpha,alpha,celseq2,0.4116963744163513
510,-10.139437675476074,0.7084348797798157,4,D29-3_5,beta,beta,celseq2,0.7369687557220459
511,15.878192901611328,6.312264919281006,7,D29-3_6,acinar,acinar,celseq2,1.2729337215423584
512,-9.375082015991211,0.4275476336479187,4,D29-3_7,beta,beta,celseq2,0.40932390093803406
513,-5.182048320770264,16.100887298583984,13,D29-3_8,delta,delta,celseq2,0.5757277607917786
514,-4.84855842590332,15.96704387664795,13,D29-3_9,delta,delta,celseq2,0.5235422253608704
515,-4.458138465881348,16.532222747802734,13,D29-3_11,delta,delta,celseq2,0.45802709460258484
516,8.186625480651855,-4.539217472076416,9,D29-3_12,ductal,ductal,celseq2,1.3120801448822021
517,-4.498161792755127,16.26960563659668,13,D29-3_13,delta,delta,celseq2,0.4765253961086273
518,-3.698411703109741,16.67316246032715,13,D29-3_15,gamma,delta,celseq2,0.5835392475128174
519,-2.409881830215454,16.903766632080078,13,D29-3_16,gamma,delta,celseq2,0.9956268668174744
520,8.283256530761719,-4.0130720138549805,9,D29-3_17,ductal,ductal,celseq2,0.9008559584617615
521,6.259642124176025,13.440505981445312,12,D29-3_18,alpha,alpha,celseq2,0.3845422863960266
522,-9.448143005371094,-1.0626717805862427,4,D29-3_21,beta,beta,celseq2,0.38880935311317444
523,6.769101619720459,15.769462585449219,12,D29-3_22,alpha,alpha,celseq2,0.7461886405944824
524,-8.286957740783691,-0.8230897188186646,4,D29-3_23,beta,beta,celseq2,0.6726572513580322
525,-8.967615127563477,0.2704818546772003,4,D29-3_24,beta,beta,celseq2,0.5804653167724609
526,7.085068702697754,14.737625122070312,12,D29-3_25,alpha,alpha,celseq2,0.4224624037742615
527,-8.347379684448242,-1.3916198015213013,4,D29-3_28,beta,beta,celseq2,0.597895085811615
528,8.503044128417969,14.456486701965332,12,D29-3_29,alpha,alpha,celseq2,0.3882106840610504
529,6.72141170501709,14.204099655151367,12,D29-3_30,alpha,alpha,celseq2,0.3845422863960266
530,6.713365077972412,13.579556465148926,12,D29-3_31,alpha,alpha,celseq2,0.40191003680229187
531,-5.3995819091796875,18.1094913482666,13,D29-3_32,gamma,delta,celseq2,0.7524985074996948
532,6.664294242858887,13.992731094360352,12,D29-3_33,alpha,alpha,celseq2,0.38715994358062744
533,7.624748706817627,14.577132225036621,12,D29-3_34,alpha,alpha,celseq2,0.39414873719215393
534,-7.90012788772583,-0.6635562777519226,4,D29-3_36,beta,beta,celseq2,1.0488530397415161
535,-9.98293399810791,0.5372823476791382,4,D29-3_37,beta,beta,celseq2,0.4220522940158844
536,6.990537166595459,14.66341781616211,12,D29-3_38,alpha,alpha,celseq2,0.3924119770526886
537,-9.448460578918457,-0.5164703726768494,4,D29-3_39,beta,beta,celseq2,0.40061262249946594
538,7.051341533660889,14.656414031982422,12,D29-3_40,alpha,alpha,celseq2,0.3845422863960266
539,5.946415901184082,14.346434593200684,12,D29-3_42,alpha,alpha,celseq2,0.4936762750148773
540,-4.482029438018799,17.971832275390625,13,D29-3_43,delta,delta,celseq2,0.5677043199539185
541,-2.7175872325897217,16.718347549438477,13,D29-3_44,gamma,delta,celseq2,0.8188899755477905
542,-4.698326587677002,17.31175994873047,13,D29-3_45,delta,delta,celseq2,0.4769192337989807
543,7.938682556152344,12.915253639221191,12,D29-3_47,alpha,alpha,celseq2,0.38509413599967957
544,-9.265410423278809,-1.4064013957977295,4,D29-3_48,beta,beta,celseq2,0.46078652143478394
545,8.891173362731934,13.629533767700195,12,D29-3_49,alpha,alpha,celseq2,0.5480403900146484
546,7.083930015563965,-4.159409523010254,9,D29-3_50,ductal,ductal,celseq2,1.9815666675567627
547,-10.010188102722168,1.419685959815979,4,D29-3_51,beta,beta,celseq2,0.6357966661453247
548,-8.822793960571289,-0.9048035144805908,4,D29-3_52,beta,beta,celseq2,0.5604993104934692
549,7.431859970092773,13.665116310119629,12,D29-3_53,alpha,alpha,celseq2,0.40553009510040283
550,6.5075364112854,12.600990295410156,12,D29-3_54,alpha,alpha,celseq2,0.4593963623046875
551,7.257282733917236,12.696444511413574,12,D29-3_56,alpha,alpha,celseq2,0.3985404968261719
552,-4.944036960601807,16.029298782348633,13,D29-3_57,delta,delta,celseq2,0.49331167340278625
553,-4.303365230560303,17.87664031982422,13,D29-3_58,delta,delta,celseq2,0.8082181215286255
554,-9.461386680603027,-0.5671838521957397,4,D29-3_59,beta,beta,celseq2,0.4003150165081024
555,7.110663414001465,14.346907615661621,12,D29-3_60,alpha,alpha,celseq2,0.3845422863960266
556,-8.96273136138916,-0.8118107914924622,4,D29-3_61,beta,beta,celseq2,0.4349006116390228
557,-9.121444702148438,-1.0026406049728394,4,D29-3_64,beta,beta,celseq2,0.5213585495948792
558,7.172268867492676,14.674684524536133,12,D29-3_66,alpha,alpha,celseq2,0.40052330493927
559,-7.916720390319824,0.18394805490970612,4,D29-3_68,beta,beta,celseq2,1.1722222566604614
560,-4.434228897094727,16.822738647460938,13,D29-3_69,delta,delta,celseq2,0.5487580895423889
561,-3.1965034008026123,16.622270584106445,13,D29-3_71,gamma,delta,celseq2,0.5583931803703308
562,7.189248085021973,14.218772888183594,12,D29-3_72,alpha,alpha,celseq2,0.3965371251106262
563,-1.6586854457855225,-6.4910430908203125,0,D29-3_73,quiescent_stellate,activated_stellate,celseq2,2.8589842319488525
564,5.566988468170166,14.390277862548828,12,D29-3_74,alpha,alpha,celseq2,0.6184306144714355
565,8.966073036193848,15.688350677490234,12,D29-3_76,alpha,alpha,celseq2,0.48868873715400696
566,6.194456577301025,15.058541297912598,12,D29-3_77,alpha,alpha,celseq2,0.5348834991455078
567,-10.071521759033203,0.6382348537445068,4,D29-3_78,beta,beta,celseq2,0.3973194658756256
568,6.772708415985107,15.336993217468262,12,D29-3_79,alpha,alpha,celseq2,0.44830936193466187
569,7.172910213470459,13.219839096069336,12,D29-3_81,alpha,alpha,celseq2,0.4199220836162567
570,-4.322181701660156,16.248926162719727,13,D29-3_82,delta,delta,celseq2,0.6539421677589417
571,-8.341902732849121,-1.5769617557525635,4,D29-3_83,beta,beta,celseq2,0.9778306484222412
572,8.126869201660156,13.899479866027832,12,D29-3_84,alpha,alpha,celseq2,0.417316734790802
573,-3.7069849967956543,16.130945205688477,13,D29-3_85,delta,delta,celseq2,0.5488364100456238
574,-9.018918991088867,-1.0837616920471191,4,D29-3_86,beta,beta,celseq2,0.3867289125919342
575,-8.689072608947754,-1.6274757385253906,4,D29-3_87,beta,beta,celseq2,0.5839614868164062
576,6.775972366333008,13.035150527954102,12,D29-3_92,alpha,alpha,celseq2,0.4280252158641815
577,6.844157695770264,12.41047191619873,12,D29-3_93,alpha,alpha,celseq2,0.5045047402381897
578,-8.791170120239258,-1.6735378503799438,4,D29-3_94,beta,beta,celseq2,0.48466330766677856
579,7.922337055206299,14.211504936218262,12,D29-4_2,alpha,alpha,celseq2,0.3845422863960266
580,-2.954881191253662,16.752103805541992,13,D29-4_3,gamma,delta,celseq2,0.8469291925430298
581,-4.102222919464111,16.455886840820312,13,D29-4_4,gamma,delta,celseq2,0.46674615144729614
582,6.582794189453125,15.430733680725098,12,D29-4_5,alpha,alpha,celseq2,0.603388786315918
583,-5.443752288818359,18.138456344604492,13,D29-4_6,gamma,delta,celseq2,0.8372230529785156
584,-1.2807430028915405,-6.925307273864746,0,D29-4_8,alpha,activated_stellate,celseq2,1.7380732297897339
585,7.7016282081604,12.592085838317871,12,D29-4_9,alpha,alpha,celseq2,0.42748215794563293
586,7.562991142272949,15.32011890411377,12,D29-4_12,alpha,alpha,celseq2,0.4038538336753845
587,6.903956413269043,13.254988670349121,12,D29-4_13,alpha,alpha,celseq2,0.44265106320381165
588,8.137385368347168,13.583887100219727,12,D29-4_15,alpha,alpha,celseq2,0.3845422863960266
589,7.03775691986084,15.070267677307129,12,D29-4_16,alpha,alpha,celseq2,0.44855788350105286
590,-4.99566650390625,16.102516174316406,13,D29-4_17,delta,delta,celseq2,0.5564466714859009
591,8.267184257507324,15.019012451171875,12,D29-4_18,alpha,alpha,celseq2,0.4230448603630066
592,-8.720802307128906,-1.1789097785949707,4,D29-4_19,beta,beta,celseq2,0.4658351540565491
593,-2.875215530395508,16.722089767456055,13,D29-4_20,gamma,delta,celseq2,0.8641515970230103
594,7.724772930145264,15.523662567138672,12,D29-4_22,alpha,alpha,celseq2,0.47881683707237244
595,-8.615729331970215,-1.471787929534912,4,D29-4_23,beta,beta,celseq2,0.485882967710495
596,6.538719654083252,15.070666313171387,12,D29-4_25,alpha,alpha,celseq2,0.4779081344604492
597,8.141387939453125,15.082066535949707,12,D29-4_26,alpha,alpha,celseq2,0.3914887607097626
598,-9.904491424560547,0.17660720646381378,4,D29-4_27,beta,beta,celseq2,0.4359051287174225
599,6.801480293273926,14.288647651672363,12,D29-4_28,alpha,alpha,celseq2,0.38774430751800537
600,7.648960590362549,15.211230278015137,12,D29-4_29,alpha,alpha,celseq2,0.4575696885585785
601,8.190762519836426,12.965246200561523,12,D29-4_30,alpha,alpha,celseq2,0.45515111088752747
602,-9.808969497680664,0.3592151403427124,4,D29-4_31,beta,beta,celseq2,0.4840587377548218
603,8.229145050048828,13.605708122253418,12,D29-4_33,alpha,alpha,celseq2,0.43477097153663635
604,8.636682510375977,13.444620132446289,12,D29-4_34,alpha,alpha,celseq2,0.41846174001693726
605,5.235467910766602,12.525891304016113,12,D29-4_35,alpha,alpha,celseq2,0.41921570897102356
606,7.095078468322754,15.194770812988281,12,D29-4_38,alpha,alpha,celseq2,0.4005735516548157
607,-9.481623649597168,-1.1003103256225586,4,D29-4_39,beta,beta,celseq2,0.5427303910255432
608,-4.081234455108643,16.248401641845703,13,D29-4_41,delta,delta,celseq2,0.5056949853897095
609,-10.11328411102295,0.785452127456665,4,D29-4_42,beta,beta,celseq2,0.44258904457092285
610,-4.609683036804199,16.496475219726562,13,D29-4_43,delta,delta,celseq2,0.5288528203964233
611,-9.503175735473633,-1.0146923065185547,4,D29-4_44,beta,beta,celseq2,0.4615553021430969
612,8.039191246032715,-3.479552984237671,9,D29-4_45,ductal,ductal,celseq2,0.8002786040306091
613,8.035441398620605,13.261149406433105,12,D29-4_46,alpha,alpha,celseq2,0.3865322470664978
614,6.462657451629639,-2.5331785678863525,9,D29-4_47,ductal,ductal,celseq2,1.0412849187850952
615,-3.1292054653167725,16.61091423034668,13,D29-4_48,gamma,delta,celseq2,0.5501940250396729
616,5.471014499664307,13.683051109313965,12,D29-4_49,alpha,alpha,celseq2,0.4439477026462555
617,9.008975982666016,15.553122520446777,12,D29-4_50,alpha,alpha,celseq2,0.46124571561813354
618,8.955392837524414,13.8468599319458,12,D29-4_51,alpha,alpha,celseq2,0.41304728388786316
619,-9.500284194946289,0.4805719256401062,4,D29-4_52,beta,beta,celseq2,0.44395530223846436
620,7.587475299835205,15.48366928100586,12,D29-4_53,alpha,alpha,celseq2,0.4768182933330536
621,7.35213041305542,14.529397964477539,12,D29-4_55,alpha,alpha,celseq2,0.40305575728416443
622,5.760019302368164,14.101564407348633,12,D29-4_56,alpha,alpha,celseq2,0.4472781717777252
623,6.378637313842773,12.683732032775879,12,D29-4_57,alpha,alpha,celseq2,0.4493776261806488
624,7.5962300300598145,12.756200790405273,12,D29-4_58,alpha,alpha,celseq2,0.3930324614048004
625,-8.343168258666992,-0.2514512538909912,4,D29-4_59,beta,beta,celseq2,0.5610805749893188
626,7.022127628326416,14.61259651184082,12,D29-4_60,alpha,alpha,celseq2,0.3845422863960266
627,7.5903706550598145,12.77865219116211,12,D29-4_61,alpha,alpha,celseq2,0.4058517813682556
628,6.367149353027344,13.887389183044434,12,D29-4_62,alpha,alpha,celseq2,0.39759787917137146
629,-7.918496131896973,-0.8826497197151184,4,D29-4_63,beta,beta,celseq2,1.3941508531570435
630,-4.478527545928955,16.849266052246094,13,D29-4_64,delta,delta,celseq2,0.5312935709953308
631,8.332036972045898,13.070979118347168,12,D29-4_65,alpha,alpha,celseq2,0.41518551111221313
632,8.778489112854004,15.214805603027344,12,D29-4_66,alpha,alpha,celseq2,0.47193443775177
633,-8.733264923095703,-0.9690739512443542,4,D29-4_67,beta,beta,celseq2,0.4608650505542755
634,8.691718101501465,15.17379379272461,12,D29-4_68,alpha,alpha,celseq2,0.4634527862071991
635,6.9807448387146,13.265682220458984,12,D29-4_70,alpha,alpha,celseq2,0.3917508125305176
636,7.718866348266602,12.987613677978516,12,D29-4_72,alpha,alpha,celseq2,0.3845422863960266
637,-8.019332885742188,-0.5592948198318481,4,D29-4_73,beta,beta,celseq2,0.6656321287155151
638,8.595324516296387,14.646791458129883,12,D29-4_74,alpha,alpha,celseq2,0.5100945234298706
639,9.179910659790039,13.798951148986816,12,D29-4_75,alpha,alpha,celseq2,0.6619653701782227
640,7.707596302032471,12.848163604736328,12,D29-4_77,alpha,alpha,celseq2,0.3845422863960266
641,-9.511001586914062,-0.5427016019821167,4,D29-4_79,beta,beta,celseq2,0.46384185552597046
642,8.039746284484863,15.400639533996582,12,D29-4_80,alpha,alpha,celseq2,0.4172109067440033
643,-5.445223808288574,17.431041717529297,13,D29-4_81,delta,delta,celseq2,0.6678805351257324
644,-1.0478209257125854,-6.838069915771484,0,D29-4_82,alpha,activated_stellate,celseq2,2.0800418853759766
645,-4.443933963775635,16.786727905273438,13,D29-4_83,delta,delta,celseq2,0.4850953221321106
646,-4.568721771240234,16.206531524658203,13,D29-4_84,epsilon,delta,celseq2,1.2471598386764526
647,7.172130107879639,14.42715072631836,12,D29-4_85,alpha,alpha,celseq2,0.3845422863960266
648,-3.9290621280670166,16.343278884887695,13,D29-4_86,gamma,delta,celseq2,0.5591527819633484
649,-9.394780158996582,-0.5453436970710754,4,D29-4_88,beta,beta,celseq2,0.40700337290763855
650,-4.479706287384033,16.771570205688477,13,D29-4_90,delta,delta,celseq2,0.5654736161231995
651,-9.800915718078613,0.3299963176250458,4,D29-4_92,beta,beta,celseq2,0.39416179060935974
652,7.54706335067749,14.77497673034668,12,D29-4_93,alpha,alpha,celseq2,0.3845422863960266
653,-9.89672565460205,0.7892252802848816,4,D29-4_94,beta,beta,celseq2,0.6097118258476257
654,7.003992080688477,15.158426284790039,12,D29-5_3,alpha,alpha,celseq2,0.40246304869651794
655,7.023674488067627,13.379483222961426,12,D29-5_5,alpha,alpha,celseq2,0.638744056224823
656,-4.8790998458862305,16.117433547973633,13,D29-5_6,gamma,delta,celseq2,0.5470566749572754
657,8.139850616455078,13.55545425415039,12,D29-5_7,alpha,alpha,celseq2,0.3845422863960266
658,8.076207160949707,13.038617134094238,12,D29-5_8,alpha,alpha,celseq2,0.3845422863960266
659,-10.13791561126709,1.0716032981872559,4,D29-5_10,beta,beta,celseq2,0.6192334294319153
660,5.000762939453125,11.562067985534668,12,D29-5_11,alpha,alpha,celseq2,0.5306752920150757
661,-9.842061042785645,2.02178692817688,4,D29-5_12,beta,beta,celseq2,0.6167353391647339
662,-9.334251403808594,0.6108571290969849,4,D29-5_14,beta,beta,celseq2,0.4781946837902069
663,7.179309368133545,15.369513511657715,12,D29-5_17,alpha,alpha,celseq2,0.6789710521697998
664,6.5911712646484375,13.748584747314453,12,D29-5_18,alpha,alpha,celseq2,0.42407023906707764
665,6.216714859008789,13.442959785461426,12,D29-5_19,alpha,alpha,celseq2,0.406416118144989
666,-9.408831596374512,-0.1086040586233139,4,D29-5_20,beta,beta,celseq2,0.481707364320755
667,-10.015453338623047,0.2957419157028198,4,D29-5_21,beta,beta,celseq2,0.46415814757347107
668,-10.055693626403809,0.33034422993659973,4,D29-5_22,beta,beta,celseq2,0.527039110660553
669,-9.560310363769531,2.370485305786133,4,D29-5_23,beta,beta,celseq2,0.45415687561035156
670,9.322810173034668,16.12712860107422,12,D29-5_24,alpha,alpha,celseq2,0.6464113593101501
671,-9.975990295410156,0.515195369720459,4,D29-5_30,beta,beta,celseq2,0.47038546204566956
672,7.633408546447754,14.621685981750488,12,D29-5_31,alpha,alpha,celseq2,0.41397401690483093
673,-4.351581573486328,17.63846778869629,13,D29-5_32,delta,delta,celseq2,0.517826497554779
674,8.244867324829102,12.999343872070312,12,D29-5_33,alpha,alpha,celseq2,0.4290575683116913
675,-9.129995346069336,-0.09384717792272568,4,D29-5_34,beta,beta,celseq2,0.45025667548179626
676,7.079531669616699,14.132619857788086,12,D29-5_35,alpha,alpha,celseq2,0.40433451533317566
677,-5.533860683441162,17.699045181274414,13,D29-5_36,delta,delta,celseq2,0.7438480854034424
678,-8.87861442565918,-1.1194874048233032,4,D29-5_37,beta,beta,celseq2,0.4663794934749603
679,8.180047035217285,13.53825855255127,12,D29-5_39,alpha,alpha,celseq2,0.3845422863960266
680,-8.672240257263184,-1.5898385047912598,4,D29-5_40,beta,beta,celseq2,0.5931360721588135
681,7.705480098724365,13.857438087463379,12,D29-5_43,alpha,alpha,celseq2,0.5377453565597534
682,6.862185955047607,15.281774520874023,12,D29-5_44,alpha,alpha,celseq2,0.4955785274505615
683,7.663947105407715,14.512492179870605,12,D29-5_46,alpha,alpha,celseq2,0.4330882132053375
684,-5.34612512588501,17.153722763061523,13,D29-5_47,delta,delta,celseq2,0.6935526728630066
685,-9.418846130371094,2.4977550506591797,4,D29-5_48,beta,beta,celseq2,0.5835294127464294
686,6.915308475494385,13.357403755187988,12,D29-5_49,alpha,alpha,celseq2,0.48421600461006165
687,4.799557685852051,14.502774238586426,13,D29-5_51,gamma,delta,celseq2,1.1363509893417358
688,-9.251714706420898,-0.775306224822998,4,D29-5_52,beta,beta,celseq2,0.6122028231620789
689,-10.120979309082031,0.5561097860336304,4,D29-5_53,beta,beta,celseq2,0.7414498925209045
690,6.7981181144714355,13.11475944519043,12,D29-5_54,alpha,alpha,celseq2,0.3845422863960266
691,-10.038084030151367,1.2882201671600342,4,D29-5_55,beta,beta,celseq2,0.5211939811706543
692,6.472862243652344,12.881941795349121,12,D29-5_56,alpha,alpha,celseq2,0.6162142157554626
693,8.070340156555176,13.98874568939209,12,D29-5_57,alpha,alpha,celseq2,0.3960130512714386
694,-8.336969375610352,-0.8213132619857788,4,D29-5_58,beta,beta,celseq2,0.5253210067749023
695,5.3307952880859375,14.520081520080566,12,D29-5_59,alpha,alpha,celseq2,0.940992534160614
696,-9.297856330871582,-0.21369612216949463,4,D29-5_60,beta,beta,celseq2,0.4093116521835327
697,-9.345916748046875,-0.2011663317680359,4,D29-5_61,beta,beta,celseq2,0.5016292929649353
698,-9.759347915649414,2.2986629009246826,4,D29-5_62,beta,beta,celseq2,0.6852643489837646
699,-8.991279602050781,-1.0718358755111694,4,D29-5_63,beta,beta,celseq2,0.39501598477363586
700,8.796239852905273,-4.731655597686768,9,D29-5_64,ductal,ductal,celseq2,1.3986537456512451
701,9.088529586791992,14.640713691711426,12,D29-5_65,alpha,alpha,celseq2,0.6718407273292542
702,-3.8263649940490723,17.18067741394043,13,D29-5_66,delta,delta,celseq2,0.5888112783432007
703,9.260385513305664,14.910954475402832,14,D29-5_67,alpha,epsilon,celseq2,1.9237329959869385
704,7.824406623840332,13.993306159973145,12,D29-5_68,alpha,alpha,celseq2,0.4841203987598419
705,-10.038955688476562,0.7721384763717651,4,D29-5_69,beta,beta,celseq2,0.422695130109787
706,-9.915624618530273,0.9026919603347778,4,D29-5_70,beta,beta,celseq2,0.5309746861457825
707,5.971926689147949,14.806631088256836,12,D29-5_71,alpha,alpha,celseq2,0.5244396328926086
708,16.080833435058594,6.4708967208862305,7,D29-5_73,acinar,acinar,celseq2,1.0241256952285767
709,7.895986557006836,14.118732452392578,12,D29-5_75,alpha,alpha,celseq2,0.4957693815231323
710,-5.097024917602539,18.117582321166992,13,D29-5_76,delta,delta,celseq2,1.1700843572616577
711,-4.989900588989258,16.075313568115234,13,D29-5_77,delta,delta,celseq2,0.5180100202560425
712,15.754611015319824,6.314140319824219,7,D29-5_78,acinar,acinar,celseq2,1.3788225650787354
713,-3.84930419921875,16.355464935302734,13,D29-5_79,gamma,delta,celseq2,0.6808996796607971
714,6.4841628074646,12.731095314025879,12,D29-5_82,alpha,alpha,celseq2,0.4969900846481323
715,-4.282650470733643,16.52766227722168,13,D29-5_83,delta,delta,celseq2,0.511262834072113
716,-10.081340789794922,0.572798490524292,4,D29-5_86,beta,beta,celseq2,0.5764654874801636
717,6.681692600250244,14.32155990600586,12,D29-5_87,alpha,alpha,celseq2,0.4826321005821228
718,9.480037689208984,-4.369707107543945,9,D29-5_89,ductal,ductal,celseq2,1.243556022644043
719,-9.393810272216797,0.3699570894241333,4,D29-5_91,beta,beta,celseq2,0.4773188531398773
720,7.4951324462890625,13.440221786499023,12,D29-5_92,alpha,alpha,celseq2,0.39020007848739624
721,7.350053787231445,15.462201118469238,12,D29-6_1,alpha,alpha,celseq2,0.5335450768470764
722,-9.337151527404785,0.7565258145332336,4,D29-6_3,beta,beta,celseq2,0.4034956395626068
723,-5.467185974121094,16.94549560546875,13,D29-6_4,gamma,delta,celseq2,0.5382089018821716
724,-3.2442870140075684,17.330650329589844,13,D29-6_6,gamma,delta,celseq2,0.8136789202690125
725,8.210671424865723,12.971558570861816,12,D29-6_8,alpha,alpha,celseq2,0.44569864869117737
726,-3.94864559173584,16.695850372314453,13,D29-6_9,gamma,delta,celseq2,0.6032540202140808
727,-4.481498718261719,16.669586181640625,13,D29-6_10,delta,delta,celseq2,0.476262629032135
728,-4.332851886749268,16.36653709411621,13,D29-6_11,gamma,delta,celseq2,0.5658148527145386
729,-9.507823944091797,0.47419407963752747,4,D29-6_16,beta,beta,celseq2,0.4198334217071533
730,7.6213459968566895,14.69384765625,12,D29-6_17,alpha,alpha,celseq2,0.3871268332004547
731,6.822689533233643,12.453435897827148,12,D29-6_19,alpha,alpha,celseq2,0.5397292375564575
732,6.365417957305908,14.552035331726074,12,D29-6_21,alpha,alpha,celseq2,0.5095222592353821
733,-5.601445198059082,17.341716766357422,13,D29-6_22,delta,delta,celseq2,0.5678079724311829
734,5.72656774520874,13.614990234375,12,D29-6_24,alpha,alpha,celseq2,0.4766709804534912
735,6.91349458694458,12.387869834899902,12,D29-6_26,alpha,alpha,celseq2,0.5243945121765137
736,8.546802520751953,15.036510467529297,12,D29-6_27,alpha,alpha,celseq2,0.44688117504119873
737,-8.023397445678711,-0.6057111024856567,4,D29-6_28,beta,beta,celseq2,0.6078640222549438
738,6.086363315582275,14.929200172424316,12,D29-6_29,alpha,alpha,celseq2,0.5749943256378174
739,-5.5659942626953125,18.129018783569336,13,D29-6_30,delta,delta,celseq2,1.2003743648529053
740,-9.32873249053955,0.061380282044410706,4,D29-6_32,beta,beta,celseq2,0.4039897620677948
741,-2.421238899230957,16.884180068969727,13,D29-6_33,gamma,delta,celseq2,1.0933756828308105
742,7.056594371795654,14.650355339050293,12,D29-6_34,alpha,alpha,celseq2,0.3845422863960266
743,7.384100437164307,15.387454986572266,12,D29-6_38,alpha,alpha,celseq2,0.4380618631839752
744,-9.49114990234375,-0.381437212228775,4,D29-6_39,beta,beta,celseq2,0.40335702896118164
745,7.174151420593262,15.28328800201416,12,D29-6_40,alpha,alpha,celseq2,0.4302079677581787
746,5.880828857421875,14.820347785949707,12,D29-6_41,alpha,alpha,celseq2,0.5558106899261475
747,6.265671253204346,15.710097312927246,12,D29-6_42,alpha,alpha,celseq2,1.3197298049926758
748,-9.890840530395508,1.9896539449691772,4,D29-6_43,beta,beta,celseq2,0.4502664804458618
749,-4.681662559509277,16.215656280517578,13,D29-6_44,delta,delta,celseq2,0.6016291975975037
750,-4.313548564910889,16.542037963867188,13,D29-6_46,delta,delta,celseq2,0.6996303796768188
751,7.63213586807251,13.509204864501953,12,D29-6_48,alpha,alpha,celseq2,0.46406862139701843
752,-8.623373985290527,-0.27821001410484314,4,D29-6_50,beta,beta,celseq2,0.43212342262268066
753,7.456180572509766,15.69589900970459,12,D29-6_51,alpha,alpha,celseq2,0.5286673903465271
754,7.742353916168213,13.996601104736328,12,D29-6_52,alpha,alpha,celseq2,0.8061501383781433
755,4.515275478363037,11.209455490112305,12,D29-6_53,alpha,alpha,celseq2,0.5875075459480286
756,7.058846473693848,15.094341278076172,12,D29-6_54,alpha,alpha,celseq2,0.40615716576576233
757,-5.481908321380615,17.29991912841797,13,D29-6_55,gamma,delta,celseq2,0.6867469549179077
758,-10.087136268615723,1.2053393125534058,4,D29-6_56,beta,beta,celseq2,0.5770455598831177
759,7.07810115814209,13.07075023651123,12,D29-6_57,alpha,alpha,celseq2,0.5073736906051636
760,5.785770416259766,14.800485610961914,12,D29-6_58,alpha,alpha,celseq2,0.7828450798988342
761,-9.42882251739502,0.6645072102546692,4,D29-6_59,beta,beta,celseq2,0.44078466296195984
762,5.939993381500244,14.857237815856934,12,D29-6_60,alpha,alpha,celseq2,0.6056401133537292
763,-9.64309310913086,-1.0609349012374878,4,D29-6_62,beta,beta,celseq2,0.6634583473205566
764,-5.114111423492432,16.07686996459961,13,D29-6_63,delta,delta,celseq2,0.5730531215667725
765,7.304875373840332,13.006158828735352,12,D29-6_64,alpha,alpha,celseq2,0.5646520853042603
766,7.640865802764893,13.995369911193848,12,D29-6_65,alpha,alpha,celseq2,0.5271186828613281
767,-5.554594039916992,16.92708969116211,13,D29-6_66,delta,delta,celseq2,0.574004590511322
768,-8.238542556762695,3.5080790519714355,4,D29-6_67,beta,beta,celseq2,0.8877711296081543
769,6.386805057525635,14.123321533203125,12,D29-6_69,alpha,alpha,celseq2,0.42038339376449585
770,-10.15090560913086,1.006697177886963,4,D29-6_70,beta,beta,celseq2,0.5006046295166016
771,-9.460261344909668,0.0991421565413475,4,D29-6_72,beta,beta,celseq2,0.5444933772087097
772,-10.052886962890625,1.5061769485473633,4,D29-6_77,beta,beta,celseq2,0.5145946741104126
773,6.919438362121582,13.412128448486328,12,D29-6_78,alpha,alpha,celseq2,0.5659373998641968
774,-9.621463775634766,2.5126593112945557,4,D29-6_79,beta,beta,celseq2,0.7773229479789734
775,-10.068706512451172,0.8277300596237183,4,D29-6_80,beta,beta,celseq2,0.4343930780887604
776,7.961815357208252,14.08627986907959,12,D29-6_82,alpha,alpha,celseq2,0.433315247297287
777,6.738431930541992,15.272466659545898,12,D29-6_83,alpha,alpha,celseq2,0.4275812804698944
778,9.170226097106934,13.9366455078125,12,D29-6_84,alpha,alpha,celseq2,0.6735512614250183
779,6.958105564117432,15.300932884216309,12,D29-6_86,alpha,alpha,celseq2,0.6365906596183777
780,-4.31337833404541,16.81304931640625,13,D29-6_87,delta,delta,celseq2,0.5721521377563477
781,-5.202250003814697,16.779056549072266,13,D29-6_88,gamma,delta,celseq2,0.6001874208450317
782,5.182711601257324,12.79079818725586,12,D29-6_89,alpha,alpha,celseq2,0.45672038197517395
783,8.736406326293945,14.035564422607422,12,D29-6_90,alpha,alpha,celseq2,0.4069739282131195
784,6.702239036560059,14.205443382263184,12,D29-6_91,alpha,alpha,celseq2,0.42051082849502563
785,9.073923110961914,15.297782897949219,12,D29-6_94,alpha,alpha,celseq2,0.6004475355148315
786,6.2005181312561035,13.747743606567383,12,D29-7_1,alpha,alpha,celseq2,0.4146421253681183
787,-10.101521492004395,0.7320035099983215,4,D29-7_2,beta,beta,celseq2,0.4464530050754547
788,-9.02432918548584,-0.01742805913090706,4,D29-7_3,beta,beta,celseq2,0.4984368681907654
789,-4.101258277893066,15.887380599975586,13,D29-7_4,delta,delta,celseq2,0.7688299417495728
790,15.918088912963867,6.504092216491699,7,D29-7_5,acinar,acinar,celseq2,1.2458940744400024
791,8.261610984802246,14.4502534866333,12,D29-7_6,alpha,alpha,celseq2,0.6137422919273376
792,-2.536050796508789,16.824251174926758,13,D29-7_8,gamma,delta,celseq2,1.0413154363632202
793,-9.526683807373047,2.4348080158233643,4,D29-7_12,beta,beta,celseq2,0.6077176928520203
794,-9.66171932220459,1.1291391849517822,4,D29-7_14,beta,beta,celseq2,0.4871448576450348
795,-8.971394538879395,0.7386628985404968,4,D29-7_17,beta,beta,celseq2,0.5318199992179871
796,14.899374008178711,-10.624865531921387,2,D29-7_18,endothelial,endothelial,celseq2,3.748051643371582
797,-4.204762935638428,17.808385848999023,13,D29-7_19,delta,delta,celseq2,0.8155397772789001
798,7.584371566772461,-3.354444980621338,9,D29-7_20,ductal,ductal,celseq2,0.9383983016014099
799,-5.169089317321777,16.288434982299805,13,D29-7_21,delta,delta,celseq2,0.495665967464447
800,16.896974563598633,6.923430919647217,14,D29-7_23,gamma,epsilon,celseq2,2.2282769680023193
801,8.096269607543945,12.90595531463623,12,D29-7_25,alpha,alpha,celseq2,0.3845422863960266
802,-4.26119327545166,16.85847282409668,13,D29-7_28,delta,delta,celseq2,0.5309131145477295
803,-3.509643793106079,17.4376220703125,13,D29-7_30,gamma,delta,celseq2,0.573611855506897
804,-8.758208274841309,-0.23889778554439545,4,D29-7_31,beta,beta,celseq2,0.5637696981430054
805,7.524382591247559,15.099069595336914,12,D29-7_32,alpha,alpha,celseq2,0.3845422863960266
806,7.1211934089660645,15.01468563079834,12,D29-7_33,alpha,alpha,celseq2,0.3845422863960266
807,-3.2664976119995117,16.802520751953125,13,D29-7_34,gamma,delta,celseq2,0.6220560073852539
808,-3.18597674369812,16.6136474609375,13,D29-7_35,gamma,delta,celseq2,0.5902642607688904
809,-4.2374653816223145,16.377309799194336,13,D29-7_36,gamma,delta,celseq2,0.5208272933959961
810,-9.915959358215332,2.0078492164611816,4,D29-7_37,beta,beta,celseq2,0.551232099533081
811,7.787296295166016,14.036161422729492,12,D29-7_38,alpha,alpha,celseq2,0.6024861931800842
812,-8.99944019317627,-1.0571856498718262,4,D29-7_39,beta,beta,celseq2,0.422274649143219
813,-3.3813748359680176,17.28650665283203,13,D29-7_40,gamma,delta,celseq2,0.9438567161560059
814,-9.143799781799316,-0.6429226994514465,4,D29-7_41,beta,beta,celseq2,0.5405104756355286
815,-8.94268798828125,-1.1028631925582886,4,D29-7_42,beta,beta,celseq2,0.42676955461502075
816,8.769074440002441,15.56756591796875,12,D29-7_43,alpha,alpha,celseq2,0.5794155597686768
817,6.9263105392456055,14.290018081665039,12,D29-7_44,alpha,alpha,celseq2,0.3845422863960266
818,-9.247611045837402,2.5318729877471924,4,D29-7_45,beta,beta,celseq2,0.6476515531539917
819,7.670945644378662,12.684167861938477,12,D29-7_46,alpha,alpha,celseq2,0.4281976819038391
820,8.253003120422363,13.574860572814941,12,D29-7_47,alpha,alpha,celseq2,0.3845422863960266
821,-9.813626289367676,1.1503891944885254,4,D29-7_48,beta,beta,celseq2,0.48365333676338196
822,17.068445205688477,7.311617851257324,7,D29-7_49,acinar,acinar,celseq2,0.7535228133201599
823,7.82209587097168,14.118630409240723,12,D29-7_50,alpha,alpha,celseq2,0.44538748264312744
824,7.501821041107178,13.189360618591309,12,D29-7_51,alpha,alpha,celseq2,0.4299193024635315
825,-9.34718132019043,0.5914427042007446,4,D29-7_52,beta,beta,celseq2,0.39944157004356384
826,-5.0662994384765625,17.502023696899414,13,D29-7_54,delta,delta,celseq2,0.880001425743103
827,6.627882480621338,13.804118156433105,12,D29-7_55,alpha,alpha,celseq2,0.5064349174499512
828,6.058974266052246,14.046813011169434,12,D29-7_56,alpha,alpha,celseq2,0.48659732937812805
829,7.705745697021484,14.297773361206055,12,D29-7_57,alpha,alpha,celseq2,0.38546714186668396
830,-10.080208778381348,1.2467483282089233,4,D29-7_58,beta,beta,celseq2,0.5234639644622803
831,8.19343376159668,13.48427963256836,12,D29-7_59,alpha,alpha,celseq2,0.3845422863960266
832,-5.025295734405518,17.273862838745117,13,D29-7_60,gamma,delta,celseq2,0.5667852759361267
833,-4.849091053009033,15.977697372436523,13,D29-7_61,gamma,delta,celseq2,0.674728274345398
834,-7.77623176574707,1.2201262712478638,4,D29-7_62,beta,beta,celseq2,1.1798008680343628
835,-4.422037124633789,17.79636001586914,13,D29-7_63,delta,delta,celseq2,0.7659006118774414
836,7.038626670837402,14.87795352935791,12,D29-7_64,alpha,alpha,celseq2,0.3877897560596466
837,6.167418003082275,15.106878280639648,12,D29-7_65,alpha,alpha,celseq2,0.7343026399612427
838,-9.951326370239258,1.958303451538086,4,D29-7_68,beta,beta,celseq2,0.5623149871826172
839,-9.545113563537598,1.7986944913864136,4,D29-7_69,beta,beta,celseq2,0.6092647314071655
840,7.390223503112793,14.561925888061523,12,D29-7_70,alpha,alpha,celseq2,0.3845893144607544
841,-5.227043151855469,16.877771377563477,13,D29-7_71,epsilon,delta,celseq2,0.6150174140930176
842,5.763576984405518,13.534789085388184,12,D29-7_72,alpha,alpha,celseq2,0.43278950452804565
843,6.380171775817871,12.872370719909668,12,D29-7_73,alpha,alpha,celseq2,0.41179490089416504
844,-9.624345779418945,-1.068857192993164,4,D29-7_74,beta,beta,celseq2,0.6785351634025574
845,-9.413396835327148,0.98774254322052,4,D29-7_75,beta,beta,celseq2,0.4208355247974396
846,5.941045761108398,14.130702018737793,12,D29-7_76,alpha,alpha,celseq2,0.6826357841491699
847,-4.274930477142334,16.318836212158203,13,D29-7_77,gamma,delta,celseq2,0.6063424348831177
848,-5.2846269607543945,17.527896881103516,13,D29-7_78,delta,delta,celseq2,0.6904074549674988
849,-5.153135776519775,16.150604248046875,13,D29-7_79,delta,delta,celseq2,0.45559272170066833
850,7.4687652587890625,13.125418663024902,12,D29-7_80,alpha,alpha,celseq2,0.49739497900009155
851,-5.048834800720215,17.634550094604492,13,D29-7_81,delta,delta,celseq2,0.950208842754364
852,5.920794486999512,13.572192192077637,12,D29-7_82,alpha,alpha,celseq2,0.4352095425128937
853,9.096102714538574,13.939010620117188,12,D29-7_84,alpha,alpha,celseq2,0.6685038805007935
854,5.345536231994629,14.517295837402344,14,D29-7_85,alpha,epsilon,celseq2,1.485490322113037
855,-9.73476505279541,2.138186454772949,4,D29-7_86,beta,beta,celseq2,0.4961002767086029
856,-9.9607515335083,1.869983196258545,4,D29-7_87,beta,beta,celseq2,0.47571223974227905
857,-5.634012699127197,17.433382034301758,13,D29-7_89,gamma,delta,celseq2,1.4284210205078125
858,6.033226013183594,14.960289001464844,12,D29-7_90,alpha,alpha,celseq2,0.7189897298812866
859,6.055873394012451,14.694008827209473,12,D29-7_92,alpha,alpha,celseq2,0.48952946066856384
860,-4.770232200622559,17.204801559448242,13,D29-7_93,gamma,delta,celseq2,0.6162843108177185
861,-3.290797710418701,16.461833953857422,13,D29-7_94,gamma,delta,celseq2,0.5678689479827881
862,7.255090236663818,14.187705993652344,12,D29-8_2,alpha,alpha,celseq2,0.3845422863960266
863,-1.3936362266540527,-7.392819404602051,0,D29-8_4,activated_stellate,activated_stellate,celseq2,1.0932698249816895
864,7.319256782531738,12.692915916442871,12,D29-8_7,alpha,alpha,celseq2,0.4160146117210388
865,-9.323787689208984,-0.038853682577610016,4,D29-8_8,beta,beta,celseq2,0.5716729164123535
866,-5.294951438903809,17.404741287231445,13,D29-8_10,delta,delta,celseq2,0.519698977470398
867,-9.095390319824219,0.7808831930160522,4,D29-8_11,beta,beta,celseq2,0.4706366956233978
868,-9.257209777832031,-1.3877047300338745,4,D29-8_12,beta,beta,celseq2,0.4166375398635864
869,-3.177855968475342,16.674800872802734,13,D29-8_13,delta,delta,celseq2,0.578197717666626
870,7.317427635192871,13.503467559814453,12,D29-8_14,alpha,alpha,celseq2,0.3845422863960266
871,-5.752395153045654,17.688215255737305,14,D29-8_15,alpha,epsilon,celseq2,1.9066377878189087
872,8.153953552246094,12.938279151916504,12,D29-8_18,alpha,alpha,celseq2,0.47247326374053955
873,-5.150257587432861,16.31948471069336,13,D29-8_19,gamma,delta,celseq2,0.4993022382259369
874,7.566577434539795,14.896346092224121,12,D29-8_20,alpha,alpha,celseq2,0.3845422863960266
875,-10.018665313720703,0.43857118487358093,4,D29-8_23,beta,beta,celseq2,0.42985495924949646
876,7.913225173950195,14.421746253967285,12,D29-8_24,alpha,alpha,celseq2,0.4529559314250946
877,15.754671096801758,6.258257865905762,14,D29-8_25,alpha,epsilon,celseq2,2.2282769680023193
878,7.800019264221191,13.109637260437012,12,D29-8_27,alpha,alpha,celseq2,0.3845422863960266
879,7.331784248352051,14.336538314819336,12,D29-8_29,alpha,alpha,celseq2,0.419206440448761
880,8.599963188171387,14.038278579711914,12,D29-8_30,alpha,alpha,celseq2,0.3845422863960266
881,7.820016860961914,14.451639175415039,12,D29-8_32,alpha,alpha,celseq2,0.4104411005973816
882,8.993642807006836,14.555967330932617,12,D29-8_33,alpha,alpha,celseq2,0.42507556080818176
883,-9.365765571594238,-0.5457269549369812,4,D29-8_34,beta,beta,celseq2,0.44405606389045715
884,7.388642311096191,15.701566696166992,12,D29-8_35,alpha,alpha,celseq2,0.557548999786377
885,8.750887870788574,13.983203887939453,12,D29-8_37,alpha,alpha,celseq2,0.43364110589027405
886,7.172064781188965,12.716608047485352,12,D29-8_39,alpha,alpha,celseq2,0.38513264060020447
887,6.5956950187683105,15.508977890014648,12,D29-8_40,alpha,alpha,celseq2,0.6646941900253296
888,-3.3405449390411377,16.555654525756836,13,D29-8_43,gamma,delta,celseq2,0.5627328157424927
889,6.202910900115967,12.656026840209961,12,D29-8_45,alpha,alpha,celseq2,0.3973669409751892
890,-4.543817043304443,16.048234939575195,13,D29-8_46,delta,delta,celseq2,0.48503056168556213
891,-3.5604238510131836,16.13439178466797,13,D29-8_48,gamma,delta,celseq2,0.6897719502449036
892,-8.728615760803223,-0.25728839635849,4,D29-8_49,beta,beta,celseq2,0.51148921251297
893,-9.932961463928223,-0.16077037155628204,4,D29-8_50,beta,beta,celseq2,0.6407557129859924
894,7.841512680053711,12.98241138458252,12,D29-8_51,alpha,alpha,celseq2,0.3845422863960266
895,-1.6807010173797607,-6.4231390953063965,0,D29-8_52,quiescent_stellate,activated_stellate,celseq2,2.8589842319488525
896,-4.958891868591309,16.660717010498047,13,D29-8_54,delta,delta,celseq2,0.44895854592323303
897,7.156863212585449,12.322904586791992,12,D29-8_55,alpha,alpha,celseq2,0.4362594485282898
898,4.686615467071533,11.854206085205078,12,D29-8_56,alpha,alpha,celseq2,0.5201918482780457
899,6.700347423553467,13.038392066955566,12,D29-8_59,alpha,alpha,celseq2,0.41407495737075806
900,7.567424297332764,14.608240127563477,12,D29-8_60,alpha,alpha,celseq2,0.46177801489830017
901,-5.183722972869873,17.249752044677734,13,D29-8_62,delta,delta,celseq2,0.5571950674057007
902,9.60915470123291,-4.372166156768799,9,D29-8_63,ductal,ductal,celseq2,1.2533563375473022
903,8.251052856445312,13.659829139709473,12,D29-8_64,alpha,alpha,celseq2,0.3845422863960266
904,8.506131172180176,13.406770706176758,12,D29-8_65,alpha,alpha,celseq2,0.3845422863960266
905,7.589984893798828,12.748865127563477,12,D29-8_66,alpha,alpha,celseq2,0.4223942160606384
906,6.501404285430908,4.2079620361328125,5,D29-8_67,macrophage,macrophage,celseq2,3.993431806564331
907,-4.6712327003479,16.15018653869629,13,D29-8_68,delta,delta,celseq2,0.5224887728691101
908,-3.9943909645080566,16.159791946411133,13,D29-8_72,delta,delta,celseq2,0.5358686447143555
909,-4.81053352355957,15.96400260925293,13,D29-8_73,delta,delta,celseq2,0.5098767280578613
910,-9.119587898254395,0.2179865539073944,4,D29-8_74,beta,beta,celseq2,0.5268937349319458
911,7.638128280639648,-3.344355583190918,9,D29-8_75,ductal,ductal,celseq2,0.9159293174743652
912,6.334721565246582,13.7770357131958,12,D29-8_76,alpha,alpha,celseq2,0.38650354743003845
913,6.349104881286621,12.941011428833008,12,D29-8_77,alpha,alpha,celseq2,0.4297492206096649
914,-5.05258321762085,16.103710174560547,13,D29-8_79,delta,delta,celseq2,0.5154985189437866
915,-4.446257591247559,16.518686294555664,13,D29-8_80,delta,delta,celseq2,0.5305590033531189
916,-5.074253559112549,16.12582015991211,13,D29-8_81,delta,delta,celseq2,0.5340059995651245
917,6.984622478485107,14.422919273376465,12,D29-8_82,alpha,alpha,celseq2,0.40631744265556335
918,-3.883401870727539,16.869606018066406,13,D29-8_83,delta,delta,celseq2,0.5743678212165833
919,7.683910369873047,14.148719787597656,12,D29-8_84,alpha,alpha,celseq2,0.5677728056907654
920,4.934648513793945,14.335660934448242,12,D29-8_86,alpha,alpha,celseq2,1.100149154663086
921,-9.503549575805664,-0.523461639881134,4,D29-8_87,beta,beta,celseq2,0.4491153657436371
922,9.71080493927002,-4.265575885772705,9,D29-8_88,ductal,ductal,celseq2,1.262610912322998
923,-9.733181953430176,2.195286750793457,4,D29-8_90,beta,beta,celseq2,0.5442321300506592
924,-8.483603477478027,-1.6029860973358154,4,D29-8_91,beta,beta,celseq2,0.621478796005249
925,-8.23668384552002,0.9044682383537292,4,D29-8_94,beta,beta,celseq2,0.6686736941337585
926,-8.31804370880127,-1.5866138935089111,4,D31-1_1,beta,beta,celseq2,1.108159065246582
927,6.614013671875,15.431978225708008,12,D31-1_2,alpha,alpha,celseq2,0.5884521007537842
928,6.295431137084961,13.941064834594727,12,D31-1_4,alpha,alpha,celseq2,0.4599247872829437
929,17.57515525817871,8.825401306152344,7,D31-1_5,acinar,acinar,celseq2,0.7417487502098083
930,-5.517676830291748,16.331491470336914,13,D31-1_6,delta,delta,celseq2,0.5722787380218506
931,17.70979118347168,8.17581844329834,7,D31-1_7,acinar,acinar,celseq2,0.6804771423339844
932,7.289732456207275,12.757718086242676,12,D31-1_8,alpha,alpha,celseq2,0.5921773314476013
933,17.4825382232666,9.266286849975586,7,D31-1_9,acinar,acinar,celseq2,0.7678549289703369
934,-8.0559663772583,-0.9421830773353577,4,D31-1_10,beta,beta,celseq2,0.9242896437644958
935,17.590545654296875,9.502229690551758,7,D31-1_11,acinar,acinar,celseq2,1.3117036819458008
936,6.7718095779418945,-2.2751078605651855,9,D31-1_12,ductal,ductal,celseq2,0.9993963241577148
937,-9.43142318725586,-0.4366212785243988,4,D31-1_14,beta,beta,celseq2,0.44234347343444824
938,-3.90458083152771,16.96773910522461,13,D31-1_15,delta,delta,celseq2,0.5423426032066345
939,8.06338882446289,-4.08045768737793,9,D31-1_16,ductal,ductal,celseq2,0.9469713568687439
940,7.081335544586182,14.88270092010498,12,D31-1_17,alpha,alpha,celseq2,0.3845422863960266
941,17.734638214111328,7.348617076873779,7,D31-1_19,acinar,acinar,celseq2,0.9318334460258484
942,-8.727578163146973,-1.0462995767593384,4,D31-1_20,beta,beta,celseq2,0.6000864505767822
943,17.628740310668945,8.003812789916992,7,D31-1_21,acinar,acinar,celseq2,0.8391076922416687
944,17.783241271972656,8.136970520019531,7,D31-1_22,acinar,acinar,celseq2,0.7598889470100403
945,-0.8823686242103577,-7.116746425628662,0,D31-1_23,activated_stellate,activated_stellate,celseq2,1.4432681798934937
946,8.946434020996094,14.398462295532227,12,D31-1_24,alpha,alpha,celseq2,0.43969035148620605
947,17.644046783447266,8.913064002990723,7,D31-1_25,acinar,acinar,celseq2,0.6864235997200012
948,-10.098356246948242,0.7122935652732849,4,D31-1_26,beta,beta,celseq2,0.5072118639945984
949,16.63022804260254,6.977976322174072,7,D31-1_27,acinar,acinar,celseq2,1.108268141746521
950,-8.681404113769531,-1.627186894416809,4,D31-1_28,beta,beta,celseq2,0.6587764024734497
951,-9.385523796081543,-0.13922476768493652,4,D31-1_29,beta,beta,celseq2,0.8390050530433655
952,6.991418361663818,13.06383991241455,12,D31-1_31,alpha,alpha,celseq2,0.6253712177276611
953,6.332292079925537,12.865049362182617,12,D31-1_32,alpha,alpha,celseq2,0.42064446210861206
954,-5.713250160217285,17.549367904663086,13,D31-1_33,delta,delta,celseq2,0.9198359251022339
955,-8.392301559448242,-1.548452615737915,4,D31-1_34,beta,beta,celseq2,0.761495053768158
956,6.154289245605469,15.100930213928223,12,D31-1_35,alpha,alpha,celseq2,0.6137998700141907
957,-1.0811384916305542,-6.822495460510254,0,D31-1_36,alpha,activated_stellate,celseq2,1.8306677341461182
958,-4.279010772705078,18.45684814453125,13,D31-1_38,delta,delta,celseq2,1.1956639289855957
959,-8.000754356384277,-0.6611242890357971,4,D31-1_39,beta,beta,celseq2,0.7802218794822693
960,7.869843482971191,15.467635154724121,12,D31-1_40,alpha,alpha,celseq2,0.4469771087169647
961,15.328779220581055,-11.003470420837402,2,D31-1_41,endothelial,endothelial,celseq2,3.137862205505371
962,7.950417995452881,14.770695686340332,12,D31-1_42,alpha,alpha,celseq2,0.423478901386261
963,7.064228534698486,12.94813346862793,12,D31-1_43,alpha,alpha,celseq2,0.9639069437980652
964,17.571426391601562,7.279232501983643,7,D31-1_44,acinar,acinar,celseq2,0.6204530596733093
965,17.081966400146484,7.234713554382324,7,D31-1_45,acinar,acinar,celseq2,0.7765218615531921
966,6.236414909362793,15.712387084960938,14,D31-1_46,alpha,epsilon,celseq2,1.1818015575408936
967,-9.274832725524902,-1.3552491664886475,4,D31-1_47,beta,beta,celseq2,0.40227827429771423
968,17.525638580322266,9.011314392089844,7,D31-1_48,acinar,acinar,celseq2,0.7378863096237183
969,6.6743316650390625,13.597362518310547,12,D31-1_49,alpha,alpha,celseq2,0.6926984786987305
970,8.012027740478516,-3.826749086380005,9,D31-1_50,ductal,ductal,celseq2,0.9672316312789917
971,17.4936466217041,9.703301429748535,7,D31-1_51,acinar,acinar,celseq2,1.3338364362716675
972,6.008349418640137,15.027082443237305,12,D31-1_52,alpha,alpha,celseq2,0.6668149828910828
973,-10.023828506469727,0.8227482438087463,4,D31-1_53,beta,beta,celseq2,0.45258912444114685
974,-9.807366371154785,1.0320712327957153,4,D31-1_54,beta,beta,celseq2,0.38811227679252625
975,9.025404930114746,-4.316359996795654,9,D31-1_55,ductal,ductal,celseq2,1.1403610706329346
976,-7.889028072357178,-0.2363939732313156,4,D31-1_56,beta,beta,celseq2,1.2529455423355103
977,15.922871589660645,6.541753768920898,7,D31-1_58,acinar,acinar,celseq2,1.247989535331726
978,4.427703380584717,11.000699996948242,12,D31-1_59,alpha,alpha,celseq2,0.6978786587715149
979,8.710312843322754,14.553426742553711,12,D31-1_60,alpha,alpha,celseq2,0.4845135509967804
980,8.821280479431152,14.342245101928711,12,D31-1_61,alpha,alpha,celseq2,0.38895896077156067
981,8.278364181518555,-3.7547364234924316,9,D31-1_62,ductal,ductal,celseq2,0.7815207839012146
982,-9.182215690612793,-0.9256026148796082,4,D31-1_63,beta,beta,celseq2,0.4847661852836609
983,6.214493274688721,14.488914489746094,12,D31-1_64,alpha,alpha,celseq2,0.4445328414440155
984,-2.8038268089294434,16.7014217376709,13,D31-1_65,gamma,delta,celseq2,0.7143275737762451
985,-5.235203266143799,7.791080474853516,11,D31-1_66,alpha,Unmatched_11,celseq2,2.918844223022461
986,6.688376426696777,14.17873477935791,12,D31-1_67,alpha,alpha,celseq2,0.41257280111312866
987,-10.115479469299316,0.9878334999084473,4,D31-1_68,beta,beta,celseq2,0.48296213150024414
988,5.4111809730529785,14.06488037109375,12,D31-1_69,alpha,alpha,celseq2,0.752373993396759
989,15.19362735748291,6.070419788360596,7,D31-1_70,acinar,acinar,celseq2,1.3193376064300537
990,7.0991644859313965,-3.3094704151153564,9,D31-1_72,ductal,ductal,celseq2,1.3450911045074463
991,-9.418522834777832,0.9535446763038635,4,D31-1_73,beta,beta,celseq2,0.4585036635398865
992,-8.339913368225098,-1.5435138940811157,4,D31-1_74,beta,beta,celseq2,0.8286972641944885
993,6.790012836456299,13.133312225341797,12,D31-1_75,alpha,alpha,celseq2,0.3995803892612457
994,9.292886734008789,-4.218503475189209,9,D31-1_76,ductal,ductal,celseq2,1.256663203239441
995,9.023826599121094,-3.437865734100342,9,D31-1_77,ductal,ductal,celseq2,1.3585480451583862
996,8.733319282531738,14.606682777404785,12,D31-1_78,alpha,alpha,celseq2,0.4324832260608673
997,-3.4589428901672363,17.667421340942383,13,D31-1_79,gamma,delta,celseq2,0.7955087423324585
998,-4.072793960571289,16.862628936767578,13,D31-1_80,gamma,delta,celseq2,0.5567724704742432
999,-2.874877452850342,16.772869110107422,13,D31-1_81,gamma,delta,celseq2,0.8218708634376526
1000,8.410201072692871,-3.644756317138672,9,D31-1_82,ductal,ductal,celseq2,1.1144964694976807
1001,6.638698577880859,-2.521937847137451,9,D31-1_83,ductal,ductal,celseq2,0.8356072306632996
1002,6.626826763153076,-2.448793649673462,9,D31-1_84,ductal,ductal,celseq2,0.7729278802871704
1003,6.908145427703857,14.23159122467041,12,D31-1_85,alpha,alpha,celseq2,0.6738249063491821
1004,-9.295467376708984,-1.0076431035995483,4,D31-1_86,beta,beta,celseq2,0.4394248127937317
1005,5.135082244873047,12.44194221496582,12,D31-1_87,alpha,alpha,celseq2,0.451089471578598
1006,15.857887268066406,6.362094879150391,7,D31-1_88,acinar,acinar,celseq2,1.3238025903701782
1007,7.271036624908447,12.335336685180664,12,D31-1_89,alpha,alpha,celseq2,0.43942755460739136
1008,7.4163970947265625,-2.5891525745391846,9,D31-1_90,ductal,ductal,celseq2,0.8540875315666199
1009,5.181930065155029,13.769026756286621,12,D31-1_91,alpha,alpha,celseq2,0.5598814487457275
1010,8.100727081298828,15.505958557128906,12,D31-1_92,alpha,alpha,celseq2,0.4520932137966156
1011,7.535067558288574,-2.6230690479278564,9,D31-1_93,ductal,ductal,celseq2,0.9161379933357239
1012,-8.129007339477539,-0.7431943416595459,4,D31-2_1,beta,beta,celseq2,0.5791314840316772
1013,6.652255535125732,15.445903778076172,12,D31-2_2,alpha,alpha,celseq2,0.580527126789093
1014,-8.332179069519043,-1.3824602365493774,4,D31-2_3,beta,beta,celseq2,0.73444664478302
1015,-1.8554792404174805,-6.0062575340271,0,D31-2_4,schwann,activated_stellate,celseq2,2.8589842319488525
1016,-5.594338417053223,16.645544052124023,13,D31-2_5,delta,delta,celseq2,0.517391562461853
1017,17.166704177856445,7.823822021484375,7,D31-2_6,acinar,acinar,celseq2,0.79454505443573
1018,8.141475677490234,14.809837341308594,12,D31-2_7,alpha,alpha,celseq2,0.4396989345550537
1019,7.233660697937012,15.306320190429688,12,D31-2_9,alpha,alpha,celseq2,0.44178637862205505
1020,9.304662704467773,-4.642539978027344,9,D31-2_10,ductal,ductal,celseq2,1.2908222675323486
1021,8.850700378417969,13.577983856201172,12,D31-2_11,alpha,alpha,celseq2,0.5839134454727173
1022,-5.599739074707031,16.52812385559082,13,D31-2_12,delta,delta,celseq2,0.6584880352020264
1023,6.551142692565918,14.220623970031738,12,D31-2_13,alpha,alpha,celseq2,0.4821290373802185
1024,7.197903633117676,13.812438011169434,12,D31-2_14,alpha,alpha,celseq2,0.6643879413604736
1025,15.57339096069336,6.295622825622559,7,D31-2_15,acinar,acinar,celseq2,1.2046728134155273
1026,8.637478828430176,-3.9092063903808594,9,D31-2_17,ductal,ductal,celseq2,1.0399426221847534
1027,15.182220458984375,6.065974235534668,7,D31-2_18,acinar,acinar,celseq2,1.2322503328323364
1028,-1.761710524559021,-6.92312479019165,0,D31-2_19,activated_stellate,activated_stellate,celseq2,2.203732490539551
1029,7.783938884735107,-3.5043938159942627,9,D31-2_20,ductal,ductal,celseq2,0.943501889705658
1030,6.793543815612793,-2.7408411502838135,9,D31-2_21,ductal,ductal,celseq2,0.8891938924789429
1031,7.644320964813232,12.973612785339355,12,D31-2_22,alpha,alpha,celseq2,0.3845422863960266
1032,-9.079105377197266,-0.01609782502055168,4,D31-2_23,beta,beta,celseq2,0.6609121561050415
1033,-1.2674154043197632,-7.403602123260498,0,D31-2_24,activated_stellate,activated_stellate,celseq2,1.4790228605270386
1034,15.055404663085938,5.985859394073486,7,D31-2_26,acinar,acinar,celseq2,1.2849225997924805
1035,-10.100573539733887,0.6070566773414612,4,D31-2_27,beta,beta,celseq2,0.6327760219573975
1036,-8.248096466064453,-1.4261431694030762,4,D31-2_28,beta,beta,celseq2,0.8095554709434509
1037,-3.891826868057251,17.22186279296875,13,D31-2_29,delta,delta,celseq2,0.6193621158599854
1038,17.044002532958984,7.334974765777588,7,D31-2_30,acinar,acinar,celseq2,0.6480289697647095
1039,5.61723518371582,14.68968391418457,12,D31-2_31,alpha,alpha,celseq2,0.7185785174369812
1040,7.348026275634766,12.704891204833984,12,D31-2_32,alpha,alpha,celseq2,0.3845422863960266
1041,8.927629470825195,15.587255477905273,12,D31-2_33,alpha,alpha,celseq2,0.5361650586128235
1042,-9.518280029296875,-0.5351470708847046,4,D31-2_34,beta,beta,celseq2,0.5368676781654358
1043,8.309394836425781,-3.3697445392608643,9,D31-2_35,ductal,ductal,celseq2,0.9993934631347656
1044,-5.200808048248291,17.018465042114258,13,D31-2_36,delta,delta,celseq2,0.5244942307472229
1045,8.915335655212402,-3.524524688720703,9,D31-2_37,ductal,ductal,celseq2,1.1468234062194824
1046,18.004480361938477,8.549917221069336,7,D31-2_38,acinar,acinar,celseq2,0.9287107586860657
1047,7.045179843902588,15.21219539642334,12,D31-2_39,alpha,alpha,celseq2,0.4611518681049347
1048,7.282876491546631,-2.8705406188964844,9,D31-2_40,ductal,ductal,celseq2,1.208562970161438
1049,8.955498695373535,-3.447875738143921,9,D31-2_41,ductal,ductal,celseq2,1.1253632307052612
1050,-9.655547142028809,1.6188627481460571,4,D31-2_43,beta,beta,celseq2,0.6941461563110352
1051,7.733246326446533,14.623452186584473,12,D31-2_44,alpha,alpha,celseq2,0.41195204854011536
1052,6.32956075668335,13.332812309265137,12,D31-2_45,alpha,alpha,celseq2,0.3845422863960266
1053,-9.587228775024414,2.3294830322265625,4,D31-2_46,beta,beta,celseq2,1.0411174297332764
1054,-8.25361442565918,-1.4540464878082275,4,D31-2_47,beta,beta,celseq2,1.0811352729797363
1055,-9.26289176940918,-1.4417095184326172,4,D31-2_48,beta,beta,celseq2,0.42946821451187134
1056,-7.724228858947754,1.6886084079742432,4,D31-2_49,beta,beta,celseq2,1.7876882553100586
1057,5.708114147186279,13.96507453918457,12,D31-2_50,alpha,alpha,celseq2,0.47475773096084595
1058,-9.636113166809082,1.2190043926239014,4,D31-2_52,beta,beta,celseq2,0.5381492972373962
1059,18.038393020629883,8.455111503601074,7,D31-2_53,acinar,acinar,celseq2,1.1650962829589844
1060,8.549280166625977,-3.741236448287964,9,D31-2_54,ductal,ductal,celseq2,1.0155060291290283
1061,-5.6958723068237305,18.109037399291992,13,D31-2_55,gamma,delta,celseq2,0.8179660439491272
1062,7.0877604484558105,15.172932624816895,12,D31-2_56,alpha,alpha,celseq2,0.4177837073802948
1063,5.411004066467285,14.06804370880127,12,D31-2_57,alpha,alpha,celseq2,0.6651471853256226
1064,-9.42680835723877,-1.270805835723877,4,D31-2_58,beta,beta,celseq2,0.4552532434463501
1065,6.7626633644104,-2.728750228881836,9,D31-2_59,ductal,ductal,celseq2,0.8172703385353088
1066,-2.851933002471924,16.826566696166992,13,D31-2_60,gamma,delta,celseq2,0.8745479583740234
1067,17.530344009399414,7.700940132141113,7,D31-2_61,acinar,acinar,celseq2,1.0307830572128296
1068,9.323105812072754,-4.706833362579346,9,D31-2_62,ductal,ductal,celseq2,1.4515464305877686
1069,5.8877034187316895,13.696319580078125,12,D31-2_63,alpha,alpha,celseq2,0.4562576711177826
1070,6.133004665374756,13.141008377075195,12,D31-2_64,alpha,alpha,celseq2,0.5870466828346252
1071,-8.412750244140625,-1.1811314821243286,4,D31-2_65,beta,beta,celseq2,0.5970622897148132
1072,-9.536019325256348,2.4273111820220947,4,D31-2_66,beta,beta,celseq2,0.6582265496253967
1073,6.890589714050293,14.44284439086914,12,D31-2_67,alpha,alpha,celseq2,0.4158410131931305
1074,8.564188003540039,-3.730562448501587,9,D31-2_68,ductal,ductal,celseq2,1.0193721055984497
1075,16.989295959472656,7.133748531341553,7,D31-2_69,acinar,acinar,celseq2,0.682497501373291
1076,-4.644322872161865,17.359216690063477,13,D31-2_70,delta,delta,celseq2,0.5989112854003906
1077,-9.284486770629883,-0.5082489848136902,4,D31-2_71,beta,beta,celseq2,0.4092189371585846
1078,-8.524792671203613,-1.5407350063323975,4,D31-2_72,beta,beta,celseq2,0.5781657695770264
1079,9.112215042114258,-4.534791469573975,9,D31-2_73,ductal,ductal,celseq2,1.130236268043518
1080,6.4340739250183105,14.248125076293945,12,D31-2_74,alpha,alpha,celseq2,0.4525732398033142
1081,16.53653907775879,6.678279876708984,7,D31-2_75,acinar,acinar,celseq2,1.0068989992141724
1082,7.513052463531494,-3.1580450534820557,9,D31-2_76,ductal,ductal,celseq2,0.8854380249977112
1083,7.374063968658447,-3.2569596767425537,9,D31-2_77,ductal,ductal,celseq2,0.809216320514679
1084,9.453550338745117,-4.08085298538208,9,D31-2_78,ductal,ductal,celseq2,1.228765845298767
1085,-5.6954264640808105,16.888723373413086,13,D31-2_79,delta,delta,celseq2,0.6520857810974121
1086,-1.0445342063903809,-7.2466816902160645,0,D31-2_80,activated_stellate,activated_stellate,celseq2,1.33319091796875
1087,8.121723175048828,13.044534683227539,12,D31-2_81,alpha,alpha,celseq2,0.40970250964164734
1088,6.702620506286621,13.503741264343262,12,D31-2_82,alpha,alpha,celseq2,0.4219430983066559
1089,15.025053024291992,5.969972133636475,7,D31-2_83,acinar,acinar,celseq2,1.439749836921692
1090,6.928296089172363,-2.866878032684326,9,D31-2_84,ductal,ductal,celseq2,0.7659252882003784
1091,-0.9452365636825562,-7.233939170837402,0,D31-2_85,activated_stellate,activated_stellate,celseq2,1.477437973022461
1092,15.01756477355957,5.9750871658325195,7,D31-2_86,acinar,acinar,celseq2,1.3058000802993774
1093,17.656654357910156,9.795777320861816,7,D31-2_87,acinar,acinar,celseq2,1.4487855434417725
1094,8.365387916564941,13.674253463745117,12,D31-2_89,alpha,alpha,celseq2,0.41081538796424866
1095,-0.506990909576416,-7.318911075592041,0,D31-2_91,activated_stellate,activated_stellate,celseq2,2.0909364223480225
1096,-9.586743354797363,-0.28490108251571655,4,D31-2_92,beta,beta,celseq2,0.4421764612197876
1097,6.8899006843566895,12.969279289245605,12,D31-2_93,alpha,alpha,celseq2,0.9730516672134399
1098,7.015004634857178,-2.431058883666992,9,D31-2_94,ductal,ductal,celseq2,1.1042606830596924
1099,17.450180053710938,9.248383522033691,7,D31-3_1,acinar,acinar,celseq2,0.8110852241516113
1100,7.672068119049072,13.393240928649902,12,D31-3_2,alpha,alpha,celseq2,0.3845422863960266
1101,5.037158966064453,13.701969146728516,12,D31-3_3,alpha,alpha,celseq2,0.5737576484680176
1102,-8.978584289550781,-1.0846792459487915,4,D31-3_4,beta,beta,celseq2,0.4278581440448761
1103,8.023161888122559,12.731043815612793,12,D31-3_5,alpha,alpha,celseq2,0.4666847884654999
1104,-8.333967208862305,-1.5214896202087402,4,D31-3_10,beta,beta,celseq2,0.830572247505188
1105,8.143348693847656,-3.192746639251709,9,D31-3_12,ductal,ductal,celseq2,0.946287989616394
1106,7.737799167633057,13.264729499816895,12,D31-3_13,alpha,alpha,celseq2,0.3845422863960266
1107,17.564010620117188,9.023515701293945,7,D31-3_14,acinar,acinar,celseq2,0.6573523879051208
1108,-0.9694305062294006,-6.927383899688721,0,D31-3_15,activated_stellate,activated_stellate,celseq2,1.7729333639144897
1109,-5.370466709136963,16.71636962890625,13,D31-3_16,delta,delta,celseq2,0.4892864525318146
1110,-8.428840637207031,-0.33311811089515686,4,D31-3_17,beta,beta,celseq2,0.5735534429550171
1111,7.471923351287842,14.296944618225098,12,D31-3_18,alpha,alpha,celseq2,0.45748400688171387
1112,6.332911968231201,15.101768493652344,12,D31-3_19,alpha,alpha,celseq2,0.5497474670410156
1113,9.03424072265625,-4.53619384765625,9,D31-3_21,ductal,ductal,celseq2,1.0812106132507324
1114,-7.9490647315979,-0.5790364146232605,4,D31-3_22,delta,beta,celseq2,1.041227102279663
1115,17.54428482055664,9.793349266052246,7,D31-3_23,acinar,acinar,celseq2,1.236929178237915
1116,7.255892753601074,15.168512344360352,12,D31-3_24,alpha,alpha,celseq2,0.4222009778022766
1117,17.240203857421875,8.039530754089355,7,D31-3_25,acinar,acinar,celseq2,0.8955928683280945
1118,17.983428955078125,8.203794479370117,7,D31-3_26,acinar,acinar,celseq2,1.009526252746582
1119,6.913997173309326,14.32034683227539,12,D31-3_27,alpha,alpha,celseq2,0.390727162361145
1120,9.316915512084961,15.797674179077148,12,D31-3_28,alpha,alpha,celseq2,0.637085497379303
1121,8.042656898498535,13.362884521484375,12,D31-3_29,alpha,alpha,celseq2,0.43859124183654785
1122,-4.935075283050537,17.5584774017334,13,D31-3_30,gamma,delta,celseq2,0.7107961773872375
1123,-7.898588180541992,-0.5922554731369019,4,D31-3_31,beta,beta,celseq2,1.2879382371902466
1124,8.089354515075684,13.296516418457031,12,D31-3_32,alpha,alpha,celseq2,0.40101659297943115
1125,-9.160407066345215,-0.08550160378217697,4,D31-3_33,beta,beta,celseq2,0.5910676121711731
1126,7.014822483062744,12.52685260772705,12,D31-3_35,alpha,alpha,celseq2,0.38468214869499207
1127,17.06288719177246,7.292222499847412,7,D31-3_36,acinar,acinar,celseq2,0.8454264998435974
1128,8.684517860412598,-3.914950132369995,9,D31-3_37,ductal,ductal,celseq2,1.1865330934524536
1129,6.738295078277588,13.071405410766602,12,D31-3_38,alpha,alpha,celseq2,0.7080512642860413
1130,8.217907905578613,13.542349815368652,12,D31-3_39,alpha,alpha,celseq2,0.38975760340690613
1131,17.224672317504883,8.24733829498291,7,D31-3_40,acinar,acinar,celseq2,0.8453690409660339
1132,-4.968435764312744,16.84064483642578,13,D31-3_41,delta,delta,celseq2,0.48253628611564636
1133,-4.571315288543701,17.52217674255371,13,D31-3_42,delta,delta,celseq2,0.7067083716392517
1134,-9.086913108825684,0.07355345040559769,4,D31-3_43,beta,beta,celseq2,0.7045432925224304
1135,6.224236011505127,13.693594932556152,12,D31-3_45,alpha,alpha,celseq2,0.39406049251556396
1136,7.169283390045166,15.418619155883789,12,D31-3_46,alpha,alpha,celseq2,0.4885900914669037
1137,17.460302352905273,9.072999954223633,7,D31-3_47,acinar,acinar,celseq2,0.8172139525413513
1138,17.831758499145508,7.519700527191162,7,D31-3_48,acinar,acinar,celseq2,0.7748823761940002
1139,-9.454827308654785,-1.052787184715271,4,D31-3_50,beta,beta,celseq2,0.41535988450050354
1140,-5.024104595184326,17.270658493041992,13,D31-3_51,gamma,delta,celseq2,0.5419889092445374
1141,7.14406156539917,12.424182891845703,12,D31-3_52,alpha,alpha,celseq2,0.44271332025527954
1142,17.302825927734375,8.345746994018555,7,D31-3_53,acinar,acinar,celseq2,1.038993000984192
1143,-3.193601369857788,16.696542739868164,13,D31-3_54,gamma,delta,celseq2,0.5858843326568604
1144,6.251036643981934,13.280287742614746,12,D31-3_55,alpha,alpha,celseq2,0.3907665014266968
1145,-2.446324110031128,16.885223388671875,13,D31-3_56,gamma,delta,celseq2,0.9523452520370483
1146,8.543052673339844,14.37584400177002,12,D31-3_57,alpha,alpha,celseq2,0.38829177618026733
1147,-1.1804955005645752,-6.624680042266846,0,D31-3_59,activated_stellate,activated_stellate,celseq2,2.8227767944335938
1148,16.093402862548828,6.440284729003906,7,D31-3_60,acinar,acinar,celseq2,1.0358164310455322
1149,-5.3811140060424805,17.881624221801758,13,D31-3_61,gamma,delta,celseq2,0.6907058358192444
1150,-4.4559125900268555,17.81177520751953,13,D31-3_62,delta,delta,celseq2,0.5406787991523743
1151,17.613967895507812,8.129874229431152,7,D31-3_63,acinar,acinar,celseq2,0.7750793695449829
1152,16.448793411254883,6.582241058349609,7,D31-3_64,acinar,acinar,celseq2,1.055539846420288
1153,6.629645824432373,-2.1740355491638184,9,D31-3_65,ductal,ductal,celseq2,1.075679898262024
1154,-9.657404899597168,-0.22020995616912842,4,D31-3_66,beta,beta,celseq2,0.4010637402534485
1155,-4.0545973777771,16.59090232849121,13,D31-3_67,delta,delta,celseq2,0.6807849407196045
1156,-9.088546752929688,-1.2033871412277222,4,D31-3_68,beta,beta,celseq2,0.3920106291770935
1157,16.38458251953125,6.585522174835205,7,D31-3_69,acinar,acinar,celseq2,0.8221136331558228
1158,6.519549369812012,15.339213371276855,12,D31-3_70,alpha,alpha,celseq2,0.5124792456626892
1159,15.031957626342773,-10.739002227783203,2,D31-3_71,endothelial,endothelial,celseq2,3.715390682220459
1160,-5.533531665802002,17.133573532104492,13,D31-3_72,gamma,delta,celseq2,0.5021160840988159
1161,17.235403060913086,6.9951066970825195,7,D31-3_73,acinar,acinar,celseq2,0.9299324750900269
1162,-9.47289752960205,-0.510245144367218,4,D31-3_75,beta,beta,celseq2,0.5147885084152222
1163,6.704589366912842,15.39549446105957,12,D31-3_76,alpha,alpha,celseq2,0.46442708373069763
1164,-4.284783840179443,18.448888778686523,13,D31-3_77,gamma,delta,celseq2,0.9232890009880066
1165,17.329833984375,9.463415145874023,7,D31-3_78,acinar,acinar,celseq2,1.2995615005493164
1166,7.770599842071533,13.004382133483887,12,D31-3_79,alpha,alpha,celseq2,0.4235917925834656
1167,-7.819944381713867,1.1759141683578491,4,D31-3_80,beta,beta,celseq2,1.1709043979644775
1168,7.373034954071045,-2.6612708568573,9,D31-3_81,ductal,ductal,celseq2,1.022679090499878
1169,8.83070182800293,-3.467250347137451,9,D31-3_82,ductal,ductal,celseq2,1.1327383518218994
1170,-9.783836364746094,-0.5240430235862732,4,D31-3_83,beta,beta,celseq2,0.570347011089325
1171,6.618018627166748,13.439647674560547,12,D31-3_84,alpha,alpha,celseq2,1.1644330024719238
1172,7.86836576461792,12.974190711975098,12,D31-3_85,alpha,alpha,celseq2,0.4509117305278778
1173,16.988628387451172,7.035712242126465,7,D31-3_86,acinar,acinar,celseq2,0.7408964037895203
1174,-9.48611068725586,-0.5231475234031677,4,D31-3_87,beta,beta,celseq2,0.5156028866767883
1175,-4.734436511993408,18.00152015686035,13,D31-3_88,delta,delta,celseq2,0.6935724020004272
1176,17.993953704833984,8.320671081542969,7,D31-3_89,acinar,acinar,celseq2,0.9298664927482605
1177,7.995379447937012,12.744245529174805,12,D31-3_90,alpha,alpha,celseq2,0.4607081115245819
1178,-8.019641876220703,1.6733955144882202,4,D31-3_91,alpha,beta,celseq2,1.4567314386367798
1179,-9.41112995147705,-0.6495077610015869,4,D31-3_92,beta,beta,celseq2,0.6939573884010315
1180,6.7306718826293945,15.373261451721191,12,D31-3_94,alpha,alpha,celseq2,0.46549931168556213
1181,6.935598850250244,13.328059196472168,12,D31-4_1,alpha,alpha,celseq2,0.4336721897125244
1182,-3.8460371494293213,17.326257705688477,13,D31-4_2,delta,delta,celseq2,0.6646811366081238
1183,-5.1042890548706055,16.024333953857422,13,D31-4_4,gamma,delta,celseq2,0.83641517162323
1184,8.987061500549316,14.403100967407227,12,D31-4_5,alpha,alpha,celseq2,0.506312370300293
1185,9.283244132995605,13.922883033752441,14,D31-4_6,alpha,epsilon,celseq2,1.526723027229309
1186,6.701125621795654,15.371126174926758,12,D31-4_7,alpha,alpha,celseq2,0.45165887475013733
1187,-4.655457019805908,16.87649917602539,13,D31-4_8,delta,delta,celseq2,0.7611114978790283
1188,16.74995994567871,7.047760486602783,7,D31-4_9,acinar,acinar,celseq2,0.8686217665672302
1189,-9.1007661819458,0.06428741663694382,4,D31-4_10,beta,beta,celseq2,0.5967409610748291
1190,6.965104103088379,13.363429069519043,14,D31-4_11,alpha,epsilon,celseq2,1.5167237520217896
1191,-8.75596809387207,1.7731724977493286,4,D31-4_12,beta,beta,celseq2,0.5607765316963196
1192,17.77041244506836,7.4546027183532715,7,D31-4_13,acinar,acinar,celseq2,0.7639179229736328
1193,16.271509170532227,6.5977959632873535,7,D31-4_14,acinar,acinar,celseq2,0.9862553477287292
1194,-4.459333896636963,16.89444351196289,13,D31-4_15,gamma,delta,celseq2,0.5337473154067993
1195,-1.345835566520691,-6.524299144744873,0,D31-4_16,quiescent_stellate,activated_stellate,celseq2,2.8589842319488525
1196,-9.546952247619629,1.1113007068634033,4,D31-4_17,beta,beta,celseq2,0.4357324242591858
1197,8.997663497924805,15.795513153076172,12,D31-4_18,alpha,alpha,celseq2,0.49118849635124207
1198,-8.393500328063965,-1.2435318231582642,4,D31-4_19,beta,beta,celseq2,0.5152056813240051
1199,6.424887657165527,14.310831069946289,12,D31-4_20,alpha,alpha,celseq2,0.40541884303092957
1200,-9.408409118652344,-0.554142415523529,4,D31-4_21,beta,beta,celseq2,0.4429689347743988
1201,6.417507648468018,13.805705070495605,12,D31-4_22,alpha,alpha,celseq2,0.4256725609302521
1202,6.158607482910156,15.143168449401855,12,D31-4_23,alpha,alpha,celseq2,0.7181671261787415
1203,8.16236400604248,13.376838684082031,12,D31-4_24,alpha,alpha,celseq2,0.3845422863960266
1204,-9.740948677062988,0.06388292461633682,4,D31-4_25,beta,beta,celseq2,0.4713808000087738
1205,6.621365547180176,14.296270370483398,12,D31-4_26,alpha,alpha,celseq2,0.4279787242412567
1206,6.170567512512207,13.737638473510742,12,D31-4_27,alpha,alpha,celseq2,0.8478332757949829
1207,-5.417991638183594,16.931320190429688,13,D31-4_28,delta,delta,celseq2,1.5620598793029785
1208,6.7071967124938965,13.015265464782715,12,D31-4_29,alpha,alpha,celseq2,0.3845422863960266
1209,8.589266777038574,14.151782035827637,12,D31-4_30,alpha,alpha,celseq2,0.5156809091567993
1210,5.979556560516357,14.84835147857666,12,D31-4_31,alpha,alpha,celseq2,0.5011323690414429
1211,6.025339126586914,13.46353816986084,12,D31-4_32,alpha,alpha,celseq2,0.4089662432670593
1212,7.2671098709106445,-2.4714086055755615,9,D31-4_33,ductal,ductal,celseq2,1.0801944732666016
1213,-9.783103942871094,-0.5424345135688782,4,D31-4_34,beta,beta,celseq2,0.5169563889503479
1214,7.502938270568848,-2.6319236755371094,9,D31-4_35,ductal,ductal,celseq2,0.7353708148002625
1215,17.5538272857666,9.417933464050293,7,D31-4_36,acinar,acinar,celseq2,0.802540123462677
1216,-2.390133857727051,16.901777267456055,13,D31-4_37,gamma,delta,celseq2,1.0941967964172363
1217,8.433978080749512,-3.6981327533721924,9,D31-4_38,ductal,ductal,celseq2,0.9051849842071533
1218,-8.457924842834473,-1.1844993829727173,4,D31-4_39,beta,beta,celseq2,0.7415782809257507
1219,-3.3911945819854736,16.219858169555664,13,D31-4_40,gamma,delta,celseq2,0.8418896794319153
1220,16.154033660888672,6.507810592651367,7,D31-4_41,acinar,acinar,celseq2,1.2183821201324463
1221,6.225546836853027,13.122917175292969,12,D31-4_42,alpha,alpha,celseq2,0.5133147239685059
1222,15.205397605895996,6.080441474914551,7,D31-4_43,acinar,acinar,celseq2,1.3971248865127563
1223,-8.60618782043457,0.501936674118042,4,D31-4_44,beta,beta,celseq2,0.773113489151001
1224,-9.244058609008789,-1.1845180988311768,4,D31-4_45,beta,beta,celseq2,0.42945656180381775
1225,-5.637959003448486,16.849153518676758,13,D31-4_46,delta,delta,celseq2,0.5148155093193054
1226,8.433894157409668,14.537153244018555,12,D31-4_47,alpha,alpha,celseq2,0.4402419626712799
1227,17.029006958007812,7.364617347717285,7,D31-4_48,acinar,acinar,celseq2,1.0252151489257812
1228,-9.655768394470215,-0.08579007536172867,4,D31-4_49,beta,beta,celseq2,0.4140016734600067
1229,8.377232551574707,15.08757495880127,12,D31-4_50,alpha,alpha,celseq2,0.43572330474853516
1230,-8.877355575561523,0.07097489386796951,4,D31-4_51,beta,beta,celseq2,1.4040147066116333
1231,7.24269962310791,13.85783863067627,12,D31-4_52,alpha,alpha,celseq2,0.5902790427207947
1232,6.141180992126465,14.62684154510498,12,D31-4_53,alpha,alpha,celseq2,0.5910629630088806
1233,8.157145500183105,13.030146598815918,12,D31-4_54,alpha,alpha,celseq2,0.3845422863960266
1234,17.473934173583984,9.024984359741211,7,D31-4_55,acinar,acinar,celseq2,0.7481576204299927
1235,7.152098178863525,-3.217148542404175,9,D31-4_56,ductal,ductal,celseq2,0.9293930530548096
1236,6.543528079986572,-2.3301303386688232,9,D31-4_57,ductal,ductal,celseq2,1.0003119707107544
1237,-8.986489295959473,-0.9982765913009644,4,D31-4_58,beta,beta,celseq2,0.49583929777145386
1238,9.307673454284668,13.918465614318848,12,D31-4_59,alpha,alpha,celseq2,0.7999458312988281
1239,-5.340458393096924,16.54612922668457,13,D31-4_60,delta,delta,celseq2,0.5098729729652405
1240,7.0991597175598145,12.4558744430542,12,D31-4_61,alpha,alpha,celseq2,0.38888487219810486
1241,-4.462116718292236,17.13999366760254,13,D31-4_62,delta,delta,celseq2,0.7388264536857605
1242,-9.849743843078613,1.0658531188964844,4,D31-4_63,beta,beta,celseq2,0.5789730548858643
1243,-9.967314720153809,0.4543243944644928,4,D31-4_64,beta,beta,celseq2,0.4048764705657959
1244,-8.50340747833252,-1.2068384885787964,4,D31-4_65,beta,beta,celseq2,0.6302621364593506
1245,-9.751106262207031,-0.0011990237981081009,4,D31-4_66,beta,beta,celseq2,0.4169696867465973
1246,-1.2815930843353271,-6.82084321975708,0,D31-4_67,activated_stellate,activated_stellate,celseq2,1.7207731008529663
1247,8.412842750549316,-3.7710747718811035,9,D31-4_68,ductal,ductal,celseq2,0.8745607733726501
1248,8.120899200439453,-3.5831563472747803,9,D31-4_69,ductal,ductal,celseq2,0.7706209421157837
1249,17.73438835144043,7.793128490447998,7,D31-4_70,acinar,acinar,celseq2,0.7533344030380249
1250,6.847540378570557,-2.8015596866607666,9,D31-4_71,ductal,ductal,celseq2,0.8562029004096985
1251,15.648340225219727,6.302664756774902,7,D31-4_72,acinar,acinar,celseq2,1.1635857820510864
1252,8.857129096984863,-4.337521076202393,9,D31-4_73,ductal,ductal,celseq2,1.0815867185592651
1253,-8.620780944824219,-0.9379227161407471,4,D31-4_74,beta,beta,celseq2,0.703596293926239
1254,-8.379061698913574,-0.29854604601860046,4,D31-4_75,beta,beta,celseq2,0.5245711803436279
1255,8.48238468170166,-4.3490986824035645,9,D31-4_76,ductal,ductal,celseq2,1.1460564136505127
1256,9.326922416687012,-4.4972333908081055,9,D31-4_77,ductal,ductal,celseq2,1.1748722791671753
1257,-4.749892711639404,16.30998992919922,13,D31-4_78,delta,delta,celseq2,0.5152155756950378
1258,15.006775856018066,5.982570648193359,7,D31-4_79,acinar,acinar,celseq2,1.2332710027694702
1259,6.724525451660156,13.46546459197998,12,D31-4_80,alpha,alpha,celseq2,0.44914883375167847
1260,9.074739456176758,13.90386962890625,12,D31-4_81,alpha,alpha,celseq2,0.7534301280975342
1261,-8.05693531036377,-0.6379847526550293,4,D31-4_82,beta,beta,celseq2,0.616963803768158
1262,-9.507061958312988,0.822974681854248,4,D31-4_83,beta,beta,celseq2,0.3994741141796112
1263,8.747208595275879,13.51164722442627,12,D31-4_84,alpha,alpha,celseq2,0.4579829275608063
1264,-9.647454261779785,-1.0298309326171875,4,D31-4_85,beta,beta,celseq2,0.5366241335868835
1265,7.89222526550293,13.003477096557617,12,D31-4_87,alpha,alpha,celseq2,0.392240971326828
1266,7.549628257751465,13.499428749084473,12,D31-4_89,alpha,alpha,celseq2,0.3845422863960266
1267,17.472566604614258,9.943717956542969,7,D31-4_90,acinar,acinar,celseq2,1.6818842887878418
1268,16.080856323242188,6.381515979766846,7,D31-4_91,acinar,acinar,celseq2,1.0259815454483032
1269,-8.789973258972168,-1.0045520067214966,4,D31-4_92,beta,beta,celseq2,0.47070595622062683
1270,17.064401626586914,7.100295066833496,7,D31-4_93,acinar,acinar,celseq2,0.6344422698020935
1271,-8.429959297180176,-0.44184836745262146,4,D31-4_94,beta,beta,celseq2,0.5549723505973816
1272,17.400278091430664,7.626091480255127,7,D31-5_1,acinar,acinar,celseq2,0.9875819087028503
1273,7.16267728805542,12.932733535766602,12,D31-5_2,alpha,alpha,celseq2,0.6381944417953491
1274,-8.533622741699219,-1.118975281715393,4,D31-5_3,beta,beta,celseq2,0.7319392561912537
1275,17.08553123474121,7.875497817993164,7,D31-5_4,acinar,acinar,celseq2,1.1117651462554932
1276,-9.494290351867676,-1.0723576545715332,4,D31-5_5,beta,beta,celseq2,0.42214658856391907
1277,6.174598217010498,15.044766426086426,12,D31-5_8,alpha,alpha,celseq2,0.6145955920219421
1278,-9.67183780670166,-0.817244291305542,4,D31-5_9,beta,beta,celseq2,0.4287745952606201
1279,6.119014263153076,12.841644287109375,12,D31-5_10,alpha,alpha,celseq2,0.4438324272632599
1280,6.240467071533203,12.763677597045898,12,D31-5_11,alpha,alpha,celseq2,0.6212449073791504
1281,8.93978214263916,13.63271713256836,12,D31-5_12,alpha,alpha,celseq2,0.42769426107406616
1282,7.835073471069336,-3.4485931396484375,9,D31-5_13,ductal,ductal,celseq2,0.7703976035118103
1283,6.40270471572876,-2.421722173690796,9,D31-5_14,ductal,ductal,celseq2,1.0671499967575073
1284,-8.913360595703125,-1.0076267719268799,4,D31-5_15,beta,beta,celseq2,0.4269387722015381
1285,17.582820892333984,7.274195671081543,7,D31-5_16,acinar,acinar,celseq2,0.6968188881874084
1286,7.077544689178467,12.5120210647583,12,D31-5_17,alpha,alpha,celseq2,0.40965619683265686
1287,-5.074592590332031,17.27446746826172,13,D31-5_18,delta,delta,celseq2,0.4811425805091858
1288,7.022758483886719,-3.5204367637634277,9,D31-5_19,ductal,ductal,celseq2,1.2657183408737183
1289,7.930342197418213,14.92297077178955,12,D31-5_20,alpha,alpha,celseq2,0.3938452899456024
1290,6.968820095062256,13.878091812133789,14,D31-5_21,alpha,epsilon,celseq2,1.5983396768569946
1291,-9.853740692138672,-0.4147343933582306,4,D31-5_22,beta,beta,celseq2,0.4877488911151886
1292,-5.045022964477539,16.003305435180664,13,D31-5_23,delta,delta,celseq2,0.9285203218460083
1293,6.216504096984863,13.290891647338867,12,D31-5_24,alpha,alpha,celseq2,0.3845422863960266
1294,7.070719242095947,14.217652320861816,12,D31-5_25,alpha,alpha,celseq2,0.45069950819015503
1295,-8.724969863891602,-1.012678623199463,4,D31-5_26,beta,beta,celseq2,0.44886577129364014
1296,-8.587039947509766,-1.1929510831832886,4,D31-5_27,beta,beta,celseq2,0.5710312128067017
1297,-8.359938621520996,-1.6093026399612427,4,D31-5_29,beta,beta,celseq2,0.8702737092971802
1298,-8.282161712646484,-1.5463358163833618,4,D31-5_30,beta,beta,celseq2,1.3955514430999756
1299,-8.95311164855957,-1.6904983520507812,4,D31-5_32,beta,beta,celseq2,0.8030493259429932
1300,8.632694244384766,14.09194564819336,12,D31-5_33,alpha,alpha,celseq2,0.4792625606060028
1301,15.447733879089355,6.195204734802246,7,D31-5_34,acinar,acinar,celseq2,1.1806385517120361
1302,6.6670660972595215,13.577651977539062,12,D31-5_35,alpha,alpha,celseq2,0.5499517321586609
1303,6.980606555938721,15.584823608398438,12,D31-5_36,alpha,alpha,celseq2,0.5356730818748474
1304,9.377193450927734,-4.530320644378662,9,D31-5_37,ductal,ductal,celseq2,1.3313661813735962
1305,-9.19904899597168,-1.5228880643844604,4,D31-5_38,beta,beta,celseq2,0.46893754601478577
1306,16.996553421020508,7.148177623748779,7,D31-5_39,acinar,acinar,celseq2,0.6286063194274902
1307,7.887486934661865,-3.5553462505340576,9,D31-5_41,ductal,ductal,celseq2,0.9379262924194336
1308,-4.789200305938721,17.20334815979004,13,D31-5_42,delta,delta,celseq2,0.5055047869682312
1309,6.062441825866699,15.358597755432129,14,D31-5_44,alpha,epsilon,celseq2,1.244160532951355
1310,17.66178321838379,8.786029815673828,7,D31-5_45,acinar,acinar,celseq2,0.7011258602142334
1311,-4.612042427062988,17.783283233642578,13,D31-5_46,delta,delta,celseq2,0.7852354645729065
1312,-1.8717204332351685,-5.984179496765137,0,D31-5_47,schwann,activated_stellate,celseq2,2.8589842319488525
1313,15.978845596313477,6.494077682495117,7,D31-5_48,acinar,acinar,celseq2,1.043346643447876
1314,7.488935947418213,15.3488130569458,12,D31-5_49,alpha,alpha,celseq2,0.43489840626716614
1315,7.809654235839844,13.000395774841309,12,D31-5_50,alpha,alpha,celseq2,0.39385196566581726
1316,8.047311782836914,-3.3841726779937744,9,D31-5_51,ductal,ductal,celseq2,0.8442434072494507
1317,-8.375049591064453,-1.6199719905853271,4,D31-5_52,beta,beta,celseq2,0.6897728443145752
1318,8.788835525512695,14.020002365112305,12,D31-5_53,alpha,alpha,celseq2,0.42092305421829224
1319,7.223302364349365,12.400238037109375,12,D31-5_54,alpha,alpha,celseq2,0.39698463678359985
1320,-5.098740577697754,16.611862182617188,13,D31-5_55,delta,delta,celseq2,0.4586108326911926
1321,7.454146862030029,14.319199562072754,12,D31-5_56,alpha,alpha,celseq2,0.46306800842285156
1322,15.229628562927246,6.091025352478027,7,D31-5_57,acinar,acinar,celseq2,1.2751065492630005
1323,6.460794925689697,15.464391708374023,12,D31-5_58,alpha,alpha,celseq2,0.6195746660232544
1324,7.344334602355957,13.816482543945312,12,D31-5_59,alpha,alpha,celseq2,0.385394424200058
1325,16.378002166748047,6.5660786628723145,7,D31-5_60,acinar,acinar,celseq2,0.9390472769737244
1326,-9.194695472717285,-1.3694902658462524,4,D31-5_61,beta,beta,celseq2,0.4368029832839966
1327,7.723550796508789,12.995558738708496,12,D31-5_62,alpha,alpha,celseq2,0.3851490616798401
1328,7.9861907958984375,14.887310028076172,12,D31-5_63,alpha,alpha,celseq2,0.4407428205013275
1329,8.127060890197754,-4.617722034454346,9,D31-5_64,ductal,ductal,celseq2,1.4950698614120483
1330,7.350108623504639,-2.6041078567504883,9,D31-5_65,ductal,ductal,celseq2,0.9645411372184753
1331,8.890679359436035,15.609097480773926,12,D31-5_66,alpha,alpha,celseq2,0.4773060083389282
1332,6.753836631774902,14.704601287841797,12,D31-5_67,alpha,alpha,celseq2,0.4845149517059326
1333,6.701164245605469,13.222001075744629,12,D31-5_68,alpha,alpha,celseq2,0.38508957624435425
1334,17.517602920532227,9.722734451293945,7,D31-5_69,acinar,acinar,celseq2,1.3174740076065063
1335,16.37374496459961,6.56626033782959,7,D31-5_70,acinar,acinar,celseq2,0.9276465177536011
1336,-5.3283281326293945,17.030977249145508,13,D31-5_71,delta,delta,celseq2,0.5046952366828918
1337,6.628796100616455,4.102685451507568,5,D31-5_72,macrophage,macrophage,celseq2,3.993431806564331
1338,6.704158306121826,-2.5712013244628906,9,D31-5_73,ductal,ductal,celseq2,0.8178244233131409
1339,-9.112298965454102,0.9981886744499207,4,D31-5_74,beta,beta,celseq2,0.4857042729854584
1340,17.72679328918457,9.596538543701172,7,D31-5_75,acinar,acinar,celseq2,1.0697778463363647
1341,7.6620988845825195,12.954410552978516,12,D31-5_76,alpha,alpha,celseq2,0.42520296573638916
1342,-1.6673959493637085,-7.147850036621094,0,D31-5_77,activated_stellate,activated_stellate,celseq2,1.8023924827575684
1343,-0.8744416832923889,-7.161534786224365,0,D31-5_78,activated_stellate,activated_stellate,celseq2,1.7166106700897217
1344,15.050586700439453,5.995411396026611,7,D31-5_79,acinar,acinar,celseq2,1.389793038368225
1345,-9.042012214660645,1.9486358165740967,4,D31-5_80,beta,beta,celseq2,0.49631941318511963
1346,7.815369129180908,-3.255791425704956,9,D31-5_81,ductal,ductal,celseq2,0.9611387848854065
1347,-1.2675461769104004,-6.758434295654297,0,D31-5_82,activated_stellate,activated_stellate,celseq2,2.048429489135742
1348,-0.9998586177825928,-7.4855451583862305,0,D31-5_83,activated_stellate,activated_stellate,celseq2,1.8244071006774902
1349,-5.374843597412109,16.397523880004883,13,D31-5_84,delta,delta,celseq2,0.5320313572883606
1350,-8.139829635620117,-1.3541219234466553,4,D31-5_85,beta,beta,celseq2,1.0600392818450928
1351,9.047529220581055,15.250499725341797,12,D31-5_86,alpha,alpha,celseq2,0.4630142152309418
1352,5.953546047210693,15.019879341125488,12,D31-5_87,alpha,alpha,celseq2,0.8023362755775452
1353,6.245399475097656,15.265605926513672,12,D31-5_88,alpha,alpha,celseq2,0.629750669002533
1354,17.69109535217285,9.001114845275879,7,D31-5_89,acinar,acinar,celseq2,0.7790924906730652
1355,8.751099586486816,13.425393104553223,12,D31-5_90,alpha,alpha,celseq2,0.4743709862232208
1356,7.283745288848877,-2.563047170639038,9,D31-5_91,ductal,ductal,celseq2,0.856164276599884
1357,17.564592361450195,9.35201644897461,7,D31-5_92,acinar,acinar,celseq2,1.1323175430297852
1358,9.081605911254883,14.871027946472168,12,D31-5_93,alpha,alpha,celseq2,0.5259928107261658
1359,-8.414426803588867,-1.2844164371490479,4,D31-5_94,beta,beta,celseq2,0.5262782573699951
1360,-1.1939738988876343,-6.892202854156494,0,D31-6_1,activated_stellate,activated_stellate,celseq2,1.433655858039856
1361,8.52861499786377,14.436437606811523,12,D31-6_2,alpha,alpha,celseq2,0.3884798586368561
1362,7.308719158172607,-3.34675931930542,9,D31-6_4,ductal,ductal,celseq2,0.9456207752227783
1363,-2.993779420852661,17.285804748535156,13,D31-6_5,gamma,delta,celseq2,0.925558865070343
1364,15.318184852600098,-10.991323471069336,2,D31-6_6,endothelial,endothelial,celseq2,3.0468742847442627
1365,-8.130396842956543,-1.3438844680786133,4,D31-6_7,delta,beta,celseq2,1.500289797782898
1366,17.692264556884766,9.404379844665527,7,D31-6_9,acinar,acinar,celseq2,1.2647141218185425
1367,5.50493049621582,13.717521667480469,12,D31-6_10,alpha,alpha,celseq2,0.4771907329559326
1368,17.686769485473633,8.500357627868652,7,D31-6_11,acinar,acinar,celseq2,0.7559386491775513
1369,-5.495079040527344,16.922683715820312,13,D31-6_12,delta,delta,celseq2,0.5490397810935974
1370,17.79736328125,8.011614799499512,7,D31-6_13,acinar,acinar,celseq2,0.8838402628898621
1371,-8.738588333129883,-1.3998051881790161,4,D31-6_15,beta,beta,celseq2,0.45842650532722473
1372,-8.634448051452637,-1.1280460357666016,4,D31-6_16,beta,beta,celseq2,0.6811898350715637
1373,6.341360092163086,12.567110061645508,12,D31-6_18,alpha,alpha,celseq2,0.40324723720550537
1374,-8.926030158996582,-0.9129564166069031,4,D31-6_19,beta,beta,celseq2,0.4669566750526428
1375,-9.425639152526855,-0.3752293288707733,4,D31-6_20,beta,beta,celseq2,0.5025297999382019
1376,15.466097831726074,6.220822811126709,7,D31-6_21,acinar,acinar,celseq2,1.2386842966079712
1377,-8.93712329864502,-0.9714314937591553,4,D31-6_22,beta,beta,celseq2,0.430140882730484
1378,-1.8527406454086304,-6.0120744705200195,0,D31-6_23,schwann,activated_stellate,celseq2,2.8589842319488525
1379,17.86094093322754,8.6141996383667,7,D31-6_24,acinar,acinar,celseq2,0.9499746561050415
1380,-3.6183090209960938,16.317825317382812,13,D31-6_25,epsilon,delta,celseq2,1.6766643524169922
1381,7.906179428100586,-2.919461250305176,9,D31-6_27,ductal,ductal,celseq2,1.2665296792984009
1382,7.992584705352783,-3.0281691551208496,9,D31-6_28,ductal,ductal,celseq2,1.1516839265823364
1383,17.239431381225586,8.194052696228027,7,D31-6_29,acinar,acinar,celseq2,0.8836479783058167
1384,6.898269176483154,13.752747535705566,12,D31-6_30,alpha,alpha,celseq2,0.4497429430484772
1385,-8.715331077575684,-0.698245108127594,4,D31-6_31,beta,beta,celseq2,0.4714372158050537
1386,-4.118399620056152,15.86776351928711,13,D31-6_32,gamma,delta,celseq2,0.7279412150382996
1387,17.59249496459961,9.252472877502441,7,D31-6_33,acinar,acinar,celseq2,0.9785774946212769
1388,7.427126407623291,-2.6157925128936768,9,D31-6_34,ductal,ductal,celseq2,0.7862294912338257
1389,8.633848190307617,14.0418119430542,12,D31-6_35,alpha,alpha,celseq2,0.4324191212654114
1390,6.663332462310791,13.13051986694336,12,D31-6_36,alpha,alpha,celseq2,0.3863210380077362
1391,7.96712589263916,-3.5395100116729736,9,D31-6_37,ductal,ductal,celseq2,0.7883550524711609
1392,-4.539971828460693,16.96415901184082,13,D31-6_38,delta,delta,celseq2,0.6970070004463196
1393,16.05742073059082,6.43209981918335,7,D31-6_39,acinar,acinar,celseq2,1.1634905338287354
1394,17.57172203063965,7.272030353546143,7,D31-6_40,acinar,acinar,celseq2,0.8745471835136414
1395,8.516647338867188,-3.7316300868988037,9,D31-6_41,ductal,ductal,celseq2,0.9314439296722412
1396,-8.158509254455566,-1.3882949352264404,4,D31-6_42,beta,beta,celseq2,1.1273131370544434
1397,17.808687210083008,8.57789134979248,7,D31-6_43,acinar,acinar,celseq2,0.8195471167564392
1398,8.535820960998535,-3.679100513458252,9,D31-6_44,ductal,ductal,celseq2,1.2236895561218262
1399,7.539683818817139,14.732438087463379,12,D31-6_45,alpha,alpha,celseq2,0.3845422863960266
1400,-4.975073337554932,16.016897201538086,13,D31-6_46,delta,delta,celseq2,0.5459543466567993
1401,-9.047924995422363,-1.6243237257003784,4,D31-6_47,beta,beta,celseq2,0.6190619468688965
1402,6.145084857940674,15.01850700378418,12,D31-6_48,alpha,alpha,celseq2,0.7433450222015381
1403,-9.372386932373047,-0.6286101341247559,4,D31-6_49,beta,beta,celseq2,0.4045116901397705
1404,8.423686981201172,-3.729457139968872,9,D31-6_50,ductal,ductal,celseq2,0.8089926838874817
1405,8.845369338989258,-4.705807209014893,9,D31-6_51,ductal,ductal,celseq2,1.2479712963104248
1406,15.647727966308594,6.280498027801514,7,D31-6_52,acinar,acinar,celseq2,1.3548139333724976
1407,17.76154327392578,9.087834358215332,7,D31-6_53,acinar,acinar,celseq2,0.8131845593452454
1408,7.666488170623779,14.422203063964844,12,D31-6_54,alpha,alpha,celseq2,0.47146308422088623
1409,8.682195663452148,14.583104133605957,12,D31-6_55,alpha,alpha,celseq2,0.4765050411224365
1410,7.754831314086914,12.951045036315918,12,D31-6_56,alpha,alpha,celseq2,0.4214211404323578
1411,6.5459747314453125,4.171274662017822,5,D31-6_57,macrophage,macrophage,celseq2,3.993431806564331
1412,-9.313626289367676,-0.8234967589378357,4,D31-6_58,beta,beta,celseq2,0.4933788776397705
1413,7.486210823059082,13.914949417114258,12,D31-6_59,alpha,alpha,celseq2,0.7280239462852478
1414,-8.244410514831543,-1.4081073999404907,4,D31-6_60,beta,beta,celseq2,0.6974142789840698
1415,17.05230140686035,7.271432399749756,7,D31-6_61,acinar,acinar,celseq2,0.6063262224197388
1416,17.283048629760742,8.215108871459961,7,D31-6_62,acinar,acinar,celseq2,0.8540167212486267
1417,7.074123382568359,15.232612609863281,12,D31-6_63,alpha,alpha,celseq2,0.42258039116859436
1418,8.615604400634766,14.536945343017578,12,D31-6_64,alpha,alpha,celseq2,0.46298062801361084
1419,-9.795352935791016,0.15124009549617767,4,D31-6_65,beta,beta,celseq2,0.4518367052078247
1420,16.080419540405273,6.544525623321533,7,D31-6_66,acinar,acinar,celseq2,0.974949300289154
1421,-9.689441680908203,2.2979397773742676,4,D31-6_67,beta,beta,celseq2,0.5343892574310303
1422,9.0613374710083,-3.410412073135376,9,D31-6_68,ductal,ductal,celseq2,1.505551815032959
1423,17.25249481201172,7.386565208435059,7,D31-6_69,acinar,acinar,celseq2,0.6584137082099915
1424,15.215734481811523,-10.901663780212402,2,D31-6_70,endothelial,endothelial,celseq2,3.380215883255005
1425,-3.192204475402832,16.76743507385254,13,D31-6_71,gamma,delta,celseq2,0.6617093682289124
1426,9.310790061950684,-3.957533836364746,9,D31-6_72,ductal,ductal,celseq2,1.2122745513916016
1427,15.21546745300293,-10.901241302490234,2,D31-6_73,endothelial,endothelial,celseq2,3.165870428085327
1428,7.608203887939453,15.20844841003418,12,D31-6_74,alpha,alpha,celseq2,0.4085536003112793
1429,17.479583740234375,7.848402500152588,7,D31-6_75,acinar,acinar,celseq2,0.9857048392295837
1430,-9.560492515563965,1.071384310722351,4,D31-6_76,beta,beta,celseq2,0.4980936348438263
1431,9.032917022705078,15.667301177978516,12,D31-6_77,alpha,alpha,celseq2,0.5375851988792419
1432,7.022814750671387,-1.8821885585784912,9,D31-6_79,ductal,ductal,celseq2,1.6403472423553467
1433,-8.262566566467285,-1.3788886070251465,4,D31-6_80,beta,beta,celseq2,0.6985506415367126
1434,17.472333908081055,9.248224258422852,7,D31-6_81,acinar,acinar,celseq2,0.7678716778755188
1435,7.405276298522949,-2.638594627380371,9,D31-6_82,ductal,ductal,celseq2,0.7698224186897278
1436,6.427834510803223,12.792177200317383,12,D31-6_83,alpha,alpha,celseq2,0.5186697244644165
1437,-1.1954011917114258,-6.8409199714660645,0,D31-6_84,activated_stellate,activated_stellate,celseq2,1.9876766204833984
1438,-9.603116035461426,-0.7745314240455627,4,D31-6_85,beta,beta,celseq2,0.40420088171958923
1439,17.89832305908203,7.676338195800781,7,D31-6_86,acinar,acinar,celseq2,0.8490121364593506
1440,-9.628268241882324,1.2098400592803955,4,D31-6_87,beta,beta,celseq2,0.4578195810317993
1441,8.66551399230957,14.273783683776855,12,D31-6_88,alpha,alpha,celseq2,0.42116954922676086
1442,7.384652137756348,14.276185989379883,12,D31-6_89,alpha,alpha,celseq2,0.39999207854270935
1443,5.290429592132568,12.860203742980957,12,D31-6_90,alpha,alpha,celseq2,1.0266807079315186
1444,9.043017387390137,13.706499099731445,12,D31-6_91,alpha,alpha,celseq2,0.6219102144241333
1445,-8.520878791809082,-1.305884599685669,4,D31-6_92,beta,beta,celseq2,0.601352334022522
1446,7.563053131103516,-2.6126344203948975,9,D31-6_93,ductal,ductal,celseq2,0.9284733533859253
1447,6.937403202056885,15.085604667663574,12,D31-6_94,alpha,alpha,celseq2,0.39090830087661743
1448,-10.106078147888184,0.6318196654319763,4,D31-7_1,beta,beta,celseq2,0.5139658451080322
1449,6.393731594085693,14.556357383728027,12,D31-7_2,alpha,alpha,celseq2,0.42623960971832275
1450,-8.852594375610352,-1.0473448038101196,4,D31-7_3,beta,beta,celseq2,0.4501924514770508
1451,15.187171936035156,-10.876012802124023,2,D31-7_4,endothelial,endothelial,celseq2,3.6816108226776123
1452,7.084461688995361,14.711942672729492,12,D31-7_6,alpha,alpha,celseq2,0.3938618004322052
1453,7.512440204620361,15.358943939208984,12,D31-7_8,alpha,alpha,celseq2,0.4856884181499481
1454,17.704315185546875,8.989599227905273,7,D31-7_9,acinar,acinar,celseq2,0.8205462694168091
1455,6.949887275695801,-3.4401865005493164,9,D31-7_10,ductal,ductal,celseq2,1.1411391496658325
1456,17.099159240722656,7.218677520751953,7,D31-7_11,acinar,acinar,celseq2,0.7865889668464661
1457,6.275440692901611,15.5449857711792,14,D31-7_12,alpha,epsilon,celseq2,1.609742522239685
1458,7.046381950378418,14.591901779174805,12,D31-7_14,alpha,alpha,celseq2,0.4017314016819
1459,-3.2455239295959473,16.28913116455078,13,D31-7_15,gamma,delta,celseq2,0.9827102422714233
1460,8.871085166931152,-4.326480388641357,9,D31-7_16,ductal,ductal,celseq2,1.176578402519226
1461,7.763876438140869,15.21768856048584,12,D31-7_17,alpha,alpha,celseq2,0.39547282457351685
1462,8.306046485900879,-4.475132465362549,9,D31-7_18,ductal,ductal,celseq2,1.0786539316177368
1463,7.7155303955078125,14.958174705505371,12,D31-7_19,alpha,alpha,celseq2,0.38496020436286926
1464,-1.6837701797485352,-6.450827598571777,0,D31-7_20,activated_stellate,activated_stellate,celseq2,2.8589842319488525
1465,15.134414672851562,6.109144687652588,7,D31-7_21,acinar,acinar,celseq2,1.3203821182250977
1466,-9.11851978302002,-1.4822489023208618,4,D31-7_22,beta,beta,celseq2,0.449525386095047
1467,6.585514545440674,-2.21498966217041,9,D31-7_23,ductal,ductal,celseq2,0.9793977737426758
1468,6.196054458618164,14.942148208618164,12,D31-7_25,alpha,alpha,celseq2,0.5122727155685425
1469,7.99954891204834,-4.108486652374268,9,D31-7_26,ductal,ductal,celseq2,1.1307963132858276
1470,6.715002059936523,12.917585372924805,12,D31-7_28,alpha,alpha,celseq2,0.38754886388778687
1471,7.258576393127441,-2.0467193126678467,9,D31-7_29,ductal,ductal,celseq2,1.55702805519104
1472,6.3691229820251465,13.752472877502441,12,D31-7_30,alpha,alpha,celseq2,0.4223719835281372
1473,15.196091651916504,-10.88368034362793,2,D31-7_32,endothelial,endothelial,celseq2,3.5219337940216064
1474,6.519053936004639,14.030720710754395,12,D31-7_33,alpha,alpha,celseq2,0.4166664183139801
1475,-8.218060493469238,-1.2799257040023804,4,D31-7_34,beta,beta,celseq2,1.1344976425170898
1476,9.000125885009766,15.697305679321289,12,D31-7_35,alpha,alpha,celseq2,0.559110701084137
1477,6.414290904998779,15.325090408325195,12,D31-7_36,alpha,alpha,celseq2,0.6239104866981506
1478,6.733095645904541,15.699165344238281,12,D31-7_37,alpha,alpha,celseq2,0.6304659247398376
1479,17.037466049194336,7.551442623138428,7,D31-7_38,acinar,acinar,celseq2,1.1130975484848022
1480,-9.667006492614746,2.3046257495880127,4,D31-7_39,beta,beta,celseq2,0.5640390515327454
1481,-8.66810131072998,-1.2374969720840454,4,D31-7_40,beta,beta,celseq2,0.5981225371360779
1482,6.603350639343262,13.6004638671875,12,D31-7_41,alpha,alpha,celseq2,0.5739539265632629
1483,8.64688491821289,-4.845340251922607,9,D31-7_42,ductal,ductal,celseq2,1.7238779067993164
1484,6.563574314117432,4.155980110168457,5,D31-7_43,ductal,macrophage,celseq2,3.993431806564331
1485,7.0568132400512695,15.427425384521484,12,D31-7_44,alpha,alpha,celseq2,0.5066384077072144
1486,-9.208781242370605,-1.5113242864608765,4,D31-7_45,beta,beta,celseq2,0.4677283763885498
1487,-8.794652938842773,-1.6769003868103027,4,D31-7_46,beta,beta,celseq2,0.5247644186019897
1488,-8.744321823120117,-0.31366950273513794,4,D31-7_47,beta,beta,celseq2,0.43776950240135193
1489,-1.2199922800064087,-6.946625232696533,0,D31-7_48,activated_stellate,activated_stellate,celseq2,1.5921947956085205
1490,8.678190231323242,15.354951858520508,12,D31-7_49,alpha,alpha,celseq2,0.48754221200942993
1491,7.245674133300781,12.276839256286621,12,D31-7_50,alpha,alpha,celseq2,0.4695533812046051
1492,7.691810131072998,14.568480491638184,12,D31-7_51,alpha,alpha,celseq2,0.39154157042503357
1493,-8.546041488647461,-1.2394275665283203,4,D31-7_53,beta,beta,celseq2,0.8633201122283936
1494,7.908581733703613,14.365205764770508,12,D31-7_54,alpha,alpha,celseq2,0.3845422863960266
1495,-8.647890090942383,-1.6016228199005127,4,D31-7_55,beta,beta,celseq2,0.4623655676841736
1496,9.244430541992188,-4.367252826690674,9,D31-7_56,ductal,ductal,celseq2,1.1127814054489136
1497,8.317376136779785,-3.1612555980682373,9,D31-7_57,ductal,ductal,celseq2,1.080422282218933
1498,17.731273651123047,8.297832489013672,7,D31-7_58,acinar,acinar,celseq2,0.8063262104988098
1499,-9.134346008300781,-1.0802446603775024,4,D31-7_59,beta,beta,celseq2,0.4564252495765686
1500,-8.780864715576172,-1.5695408582687378,4,D31-7_60,beta,beta,celseq2,0.5191921591758728
1501,9.016375541687012,15.264294624328613,12,D31-7_61,alpha,alpha,celseq2,0.48230597376823425
1502,6.8298516273498535,15.440536499023438,12,D31-7_62,alpha,alpha,celseq2,0.5426278114318848
1503,17.39777374267578,7.788522243499756,7,D31-7_63,acinar,acinar,celseq2,0.772317111492157
1504,9.132037162780762,15.314824104309082,12,D31-7_64,alpha,alpha,celseq2,0.5409654378890991
1505,6.187553405761719,15.371175765991211,12,D31-7_65,alpha,alpha,celseq2,0.8966275453567505
1506,-5.359111309051514,16.690927505493164,13,D31-7_66,delta,delta,celseq2,0.5688958168029785
1507,-9.04442310333252,-1.0006004571914673,4,D31-7_67,beta,beta,celseq2,0.48037219047546387
1508,5.541882514953613,14.427650451660156,14,D31-7_68,alpha,epsilon,celseq2,1.3951388597488403
1509,-9.465232849121094,-0.5413265228271484,4,D31-7_69,beta,beta,celseq2,0.39134228229522705
1510,17.159515380859375,7.506372451782227,7,D31-7_70,acinar,acinar,celseq2,0.8892348408699036
1511,7.313148021697998,15.593613624572754,12,D31-7_71,alpha,alpha,celseq2,0.4812362790107727
1512,-8.688321113586426,-0.23596864938735962,4,D31-7_72,beta,beta,celseq2,0.5418505668640137
1513,7.679731845855713,-2.739628553390503,9,D31-7_73,ductal,ductal,celseq2,0.8661383986473083
1514,-4.342503547668457,18.39573097229004,13,D31-7_74,delta,delta,celseq2,1.1817100048065186
1515,9.117165565490723,15.128459930419922,12,D31-7_75,alpha,alpha,celseq2,0.5734781622886658
1516,-9.597564697265625,1.1648929119110107,4,D31-7_76,beta,beta,celseq2,0.4335712194442749
1517,17.47845458984375,7.112303733825684,7,D31-7_77,acinar,acinar,celseq2,0.8204231858253479
1518,-3.12673282623291,16.658832550048828,13,D31-7_79,gamma,delta,celseq2,0.607215404510498
1519,6.53800630569458,13.925752639770508,12,D31-7_80,alpha,alpha,celseq2,0.40406534075737
1520,-4.25898551940918,16.462862014770508,13,D31-7_81,delta,delta,celseq2,0.5701785683631897
1521,-9.931254386901855,1.1103883981704712,4,D31-7_84,beta,beta,celseq2,0.455244779586792
1522,-8.646360397338867,-1.6136716604232788,4,D31-7_85,beta,beta,celseq2,0.4727833569049835
1523,-10.18376636505127,1.0144884586334229,4,D31-7_87,beta,beta,celseq2,0.7354966998100281
1524,9.181414604187012,-4.3220648765563965,9,D31-7_89,ductal,ductal,celseq2,1.1981245279312134
1525,8.949867248535156,16.153179168701172,12,D31-7_90,alpha,alpha,celseq2,0.7735810279846191
1526,-9.420472145080566,1.1684494018554688,4,D31-7_91,beta,beta,celseq2,0.5308218002319336
1527,-3.972478151321411,17.637866973876953,13,D31-7_92,gamma,delta,celseq2,0.5319448709487915
1528,6.751547336578369,13.523233413696289,12,D31-7_93,alpha,alpha,celseq2,0.40669679641723633
1529,-9.388381004333496,-1.283762812614441,4,D31-7_94,beta,beta,celseq2,0.4639438986778259
1530,-4.966348171234131,16.975814819335938,13,D31-8_1,delta,delta,celseq2,0.5147209763526917
1531,6.183082103729248,14.210001945495605,12,D31-8_2,alpha,alpha,celseq2,0.45091748237609863
1532,-9.626167297363281,-0.9233779907226562,4,D31-8_3,beta,beta,celseq2,0.4320708215236664
1533,17.63939666748047,8.963656425476074,7,D31-8_4,acinar,acinar,celseq2,0.7990772724151611
1534,6.704939842224121,13.169537544250488,12,D31-8_5,alpha,alpha,celseq2,0.41772347688674927
1535,7.039684772491455,15.423645973205566,12,D31-8_6,alpha,alpha,celseq2,0.4846905767917633
1536,17.05282974243164,7.715901851654053,7,D31-8_7,acinar,acinar,celseq2,0.9617317914962769
1537,-9.270197868347168,-1.4635651111602783,4,D31-8_8,beta,beta,celseq2,0.46413230895996094
1538,6.105648517608643,12.57830810546875,12,D31-8_9,alpha,alpha,celseq2,0.4115036129951477
1539,-3.005817174911499,16.7305965423584,13,D31-8_10,gamma,delta,celseq2,0.6250779628753662
1540,17.963153839111328,8.606206893920898,7,D31-8_11,acinar,acinar,celseq2,0.7578449845314026
1541,8.804813385009766,13.493916511535645,12,D31-8_12,alpha,alpha,celseq2,0.4509343206882477
1542,-8.445266723632812,-1.3214056491851807,4,D31-8_13,beta,beta,celseq2,0.7179372906684875
1543,6.381642818450928,15.057561874389648,12,D31-8_14,alpha,alpha,celseq2,0.5014902949333191
1544,-2.7043778896331787,16.738374710083008,13,D31-8_15,gamma,delta,celseq2,0.7830637693405151
1545,-2.8551971912384033,16.72833824157715,13,D31-8_16,gamma,delta,celseq2,0.866795539855957
1546,-5.174104690551758,16.124300003051758,13,D31-8_17,delta,delta,celseq2,0.6202194690704346
1547,-0.9941454529762268,-7.197555065155029,0,D31-8_18,activated_stellate,activated_stellate,celseq2,1.1779941320419312
1548,7.756208419799805,-3.902998208999634,9,D31-8_19,ductal,ductal,celseq2,1.3235939741134644
1549,7.28220796585083,-3.1726486682891846,9,D31-8_20,ductal,ductal,celseq2,0.8836488127708435
1550,-9.418686866760254,-0.3528518080711365,4,D31-8_21,beta,beta,celseq2,0.5428254008293152
1551,8.235925674438477,-3.5381999015808105,9,D31-8_23,ductal,ductal,celseq2,0.8808624744415283
1552,6.004173755645752,14.525177001953125,12,D31-8_24,alpha,alpha,celseq2,0.5697835087776184
1553,-5.39470100402832,18.20035743713379,13,D31-8_25,gamma,delta,celseq2,1.0798429250717163
1554,-3.0237739086151123,17.261337280273438,13,D31-8_26,gamma,delta,celseq2,0.7283546924591064
1555,17.79262351989746,8.499475479125977,7,D31-8_27,acinar,acinar,celseq2,0.7566727995872498
1556,-5.574601173400879,16.399572372436523,13,D31-8_28,delta,delta,celseq2,0.5340980887413025
1557,-7.9119648933410645,-0.7214524745941162,4,D31-8_29,beta,beta,celseq2,1.0406886339187622
1558,8.296720504760742,-3.6212267875671387,9,D31-8_30,ductal,ductal,celseq2,1.0241862535476685
1559,-9.605902671813965,1.0921173095703125,4,D31-8_31,beta,beta,celseq2,0.47584155201911926
1560,7.600476264953613,13.343259811401367,12,D31-8_33,alpha,alpha,celseq2,0.39313796162605286
1561,-5.2556538581848145,16.134037017822266,13,D31-8_34,delta,delta,celseq2,0.7298556566238403
1562,-3.41088604927063,16.741966247558594,13,D31-8_36,gamma,delta,celseq2,0.5000351071357727
1563,7.43792200088501,-2.668879985809326,9,D31-8_37,ductal,ductal,celseq2,0.7908975481987
1564,8.7908296585083,15.341686248779297,12,D31-8_38,alpha,alpha,celseq2,0.5032380223274231
1565,15.324028968811035,-10.999306678771973,2,D31-8_39,endothelial,endothelial,celseq2,3.398757219314575
1566,17.703039169311523,7.980893135070801,7,D31-8_40,acinar,acinar,celseq2,0.7299870848655701
1567,-8.450406074523926,-1.5702096223831177,4,D31-8_41,beta,beta,celseq2,0.5571181774139404
1568,-4.284543514251709,18.42728042602539,13,D31-8_42,beta,delta,celseq2,0.8704137206077576
1569,-8.762138366699219,-1.698133945465088,4,D31-8_43,beta,beta,celseq2,0.4859068989753723
1570,6.284750461578369,14.889911651611328,12,D31-8_44,alpha,alpha,celseq2,0.4519197940826416
1571,6.6817545890808105,-2.426192045211792,9,D31-8_45,ductal,ductal,celseq2,0.7447522878646851
1572,6.074134826660156,13.373805046081543,12,D31-8_46,alpha,alpha,celseq2,0.4044972360134125
1573,-1.2664551734924316,-6.574090957641602,0,D31-8_47,quiescent_stellate,activated_stellate,celseq2,2.836780548095703
1574,-9.781025886535645,1.2747957706451416,4,D31-8_48,beta,beta,celseq2,0.49411097168922424
1575,-9.653589248657227,-1.054884672164917,4,D31-8_49,beta,beta,celseq2,0.5464351773262024
1576,-8.46383285522461,-1.324837327003479,4,D31-8_50,beta,beta,celseq2,0.6222316026687622
1577,6.809262275695801,12.856489181518555,12,D31-8_52,alpha,alpha,celseq2,0.3845422863960266
1578,17.621915817260742,7.779850006103516,7,D31-8_53,acinar,acinar,celseq2,0.8582139015197754
1579,-0.7639731764793396,-7.160800457000732,0,D31-8_56,activated_stellate,activated_stellate,celseq2,1.6920788288116455
1580,4.766515731811523,13.541372299194336,12,D31-8_57,alpha,alpha,celseq2,0.5483108162879944
1581,7.397982120513916,-2.6206138134002686,9,D31-8_58,ductal,ductal,celseq2,0.9604346752166748
1582,-9.705046653747559,0.07285601645708084,4,D31-8_60,beta,beta,celseq2,0.5210784673690796
1583,5.875946521759033,14.837522506713867,12,D31-8_61,alpha,alpha,celseq2,0.5674191117286682
1584,6.095077037811279,13.61108112335205,12,D31-8_62,alpha,alpha,celseq2,0.43032193183898926
1585,17.545963287353516,9.166723251342773,7,D31-8_63,acinar,acinar,celseq2,0.7451406121253967
1586,-9.69313907623291,-0.0013103975215926766,4,D31-8_64,beta,beta,celseq2,0.48042047023773193
1587,8.12022876739502,12.879047393798828,12,D31-8_65,alpha,alpha,celseq2,0.3850974142551422
1588,-5.575675964355469,16.44704246520996,13,D31-8_66,delta,delta,celseq2,0.4923655390739441
1589,-4.113216400146484,16.344932556152344,13,D31-8_67,gamma,delta,celseq2,0.6879976391792297
1590,-5.440486431121826,16.717092514038086,13,D31-8_69,delta,delta,celseq2,0.5639009475708008
1591,-5.123716354370117,16.467308044433594,13,D31-8_70,gamma,delta,celseq2,0.6041151285171509
1592,-4.896061420440674,16.913307189941406,13,D31-8_71,delta,delta,celseq2,0.45383283495903015
1593,-9.402069091796875,-0.677054762840271,4,D31-8_73,beta,beta,celseq2,0.4470229744911194
1594,-8.147894859313965,0.02223360538482666,4,D31-8_74,beta,beta,celseq2,0.6725857853889465
1595,8.408429145812988,-3.7843587398529053,9,D31-8_75,ductal,ductal,celseq2,0.8971352577209473
1596,-5.037275314331055,17.617738723754883,13,D31-8_76,delta,delta,celseq2,0.6328825354576111
1597,9.034412384033203,-3.68332576751709,9,D31-8_77,ductal,ductal,celseq2,1.1515003442764282
1598,-9.087679862976074,0.166619673371315,4,D31-8_78,beta,beta,celseq2,0.517445981502533
1599,8.608186721801758,-3.837596893310547,9,D31-8_80,ductal,ductal,celseq2,1.2740379571914673
1600,17.321828842163086,8.601765632629395,7,D31-8_81,acinar,acinar,celseq2,1.0141260623931885
1601,8.385346412658691,14.427452087402344,12,D31-8_82,alpha,alpha,celseq2,0.4398784041404724
1602,-8.932833671569824,-0.9966560006141663,4,D31-8_83,beta,beta,celseq2,0.43752002716064453
1603,-9.404654502868652,-0.7315114140510559,4,D31-8_84,beta,beta,celseq2,0.4495827555656433
1604,8.161537170410156,-3.3265950679779053,9,D31-8_85,ductal,ductal,celseq2,0.9821748733520508
1605,8.122496604919434,13.971173286437988,12,D31-8_86,alpha,alpha,celseq2,0.4008675515651703
1606,-4.899684906005859,17.280078887939453,13,D31-8_87,gamma,delta,celseq2,0.5784022808074951
1607,-9.463337898254395,0.6429804563522339,4,D31-8_88,beta,beta,celseq2,0.38570356369018555
1608,17.971508026123047,8.29770565032959,7,D31-8_89,acinar,acinar,celseq2,0.9649351239204407
1609,8.247305870056152,-4.673078536987305,9,D31-8_90,ductal,ductal,celseq2,1.6329013109207153
1610,17.351940155029297,9.471460342407227,7,D31-8_91,acinar,acinar,celseq2,0.9725287556648254
1611,-1.3894213438034058,-6.914241790771484,0,D31-8_92,activated_stellate,activated_stellate,celseq2,1.5711528062820435
1612,6.0267014503479,14.340999603271484,12,D31-8_93,alpha,alpha,celseq2,0.4712885320186615
1613,8.150482177734375,-3.5672659873962402,9,D31-8_94,ductal,ductal,celseq2,0.8639731407165527
1614,17.652793884277344,9.675264358520508,7,D30-1_1,acinar,acinar,celseq2,0.8692660927772522
1615,-8.152131080627441,0.01473004836589098,4,D30-1_4,alpha,beta,celseq2,0.9541321396827698
1616,-4.8053693771362305,16.05198860168457,13,D30-1_5,delta,delta,celseq2,0.5158433318138123
1617,-5.19737434387207,16.174169540405273,13,D30-1_6,delta,delta,celseq2,0.5085233449935913
1618,7.281440734863281,14.23697566986084,12,D30-1_7,alpha,alpha,celseq2,0.44722628593444824
1619,8.655338287353516,15.164462089538574,12,D30-1_9,alpha,alpha,celseq2,0.4473034143447876
1620,8.117311477661133,12.999942779541016,12,D30-1_10,alpha,alpha,celseq2,0.39540615677833557
1621,6.721489906311035,-2.397862195968628,9,D30-1_13,ductal,ductal,celseq2,0.866509735584259
1622,-8.644006729125977,-1.2296174764633179,4,D30-1_14,beta,beta,celseq2,0.5617378354072571
1623,8.22923469543457,13.03313159942627,12,D30-1_15,alpha,alpha,celseq2,0.3924259543418884
1624,7.106590747833252,12.409421920776367,12,D30-1_16,alpha,alpha,celseq2,0.40743595361709595
1625,6.730680465698242,13.670502662658691,12,D30-1_17,alpha,alpha,celseq2,0.3863978981971741
1626,17.45598030090332,9.108529090881348,7,D30-1_19,acinar,acinar,celseq2,0.7374507188796997
1627,-4.173517227172852,17.859148025512695,13,D30-1_20,beta,delta,celseq2,1.08419668674469
1628,8.921971321105957,14.626435279846191,12,D30-1_21,alpha,alpha,celseq2,0.4034702479839325
1629,-1.8725035190582275,-6.966219902038574,0,D30-1_22,activated_stellate,activated_stellate,celseq2,2.8589842319488525
1630,3.284395456314087,10.907196044921875,12,D30-1_23,alpha,alpha,celseq2,1.1929175853729248
1631,5.580350399017334,12.918034553527832,12,D30-1_24,alpha,alpha,celseq2,0.4591391980648041
1632,-1.762282133102417,-6.953635215759277,0,D30-1_25,activated_stellate,activated_stellate,celseq2,2.422699451446533
1633,-8.45401382446289,-1.3455513715744019,4,D30-1_26,beta,beta,celseq2,0.6963275074958801
1634,8.908404350280762,14.564910888671875,12,D30-1_27,alpha,alpha,celseq2,0.4058842062950134
1635,8.625844955444336,15.216553688049316,12,D30-1_28,alpha,alpha,celseq2,0.4282700717449188
1636,17.587366104125977,9.236953735351562,7,D30-1_29,acinar,acinar,celseq2,0.7372370958328247
1637,17.391555786132812,8.953829765319824,7,D30-1_30,acinar,acinar,celseq2,0.8652205467224121
1638,7.980466365814209,-3.3601438999176025,9,D30-1_31,ductal,ductal,celseq2,0.8587161898612976
1639,-9.086080551147461,-1.6268328428268433,4,D30-1_32,beta,beta,celseq2,0.7210447192192078
1640,-9.057897567749023,-1.6365612745285034,4,D30-1_33,beta,beta,celseq2,0.5894913673400879
1641,6.066709995269775,12.72472858428955,12,D30-1_35,alpha,alpha,celseq2,0.43797919154167175
1642,8.931838989257812,-5.019134998321533,9,D30-1_36,acinar,ductal,celseq2,2.0897915363311768
1643,8.306544303894043,14.529267311096191,12,D30-1_37,alpha,alpha,celseq2,0.5127219557762146
1644,9.00071907043457,15.550209999084473,12,D30-1_38,alpha,alpha,celseq2,0.4408847689628601
1645,-8.34994125366211,-1.6092181205749512,4,D30-1_39,beta,beta,celseq2,1.1991535425186157
1646,9.018553733825684,14.755960464477539,12,D30-1_40,alpha,alpha,celseq2,0.4220030605792999
1647,-10.076059341430664,0.6785760521888733,4,D30-1_41,beta,beta,celseq2,0.4309804439544678
1648,6.730417728424072,-2.7119393348693848,9,D30-1_42,ductal,ductal,celseq2,0.8422351479530334
1649,6.79732608795166,-2.7507212162017822,9,D30-1_43,ductal,ductal,celseq2,1.0030457973480225
1650,15.21351432800293,-10.900733947753906,2,D30-1_44,endothelial,endothelial,celseq2,3.255143404006958
1651,-9.551532745361328,-1.1811224222183228,4,D30-1_45,beta,beta,celseq2,0.7802003026008606
1652,7.456487655639648,-3.2621099948883057,9,D30-1_46,ductal,ductal,celseq2,0.8666474223136902
1653,3.615125894546509,12.801531791687012,12,D30-1_47,alpha,alpha,celseq2,0.6411772966384888
1654,9.106386184692383,14.4754056930542,12,D30-1_49,alpha,alpha,celseq2,0.4356588125228882
1655,-9.208346366882324,-1.5168744325637817,4,D30-1_51,beta,beta,celseq2,0.4058156907558441
1656,-8.175514221191406,-1.3641459941864014,4,D30-1_52,alpha,beta,celseq2,1.051591396331787
1657,-9.976175308227539,0.7163735628128052,4,D30-1_53,beta,beta,celseq2,0.4626094400882721
1658,8.451010704040527,14.441849708557129,14,D30-1_54,alpha,epsilon,celseq2,1.5329370498657227
1659,17.672216415405273,9.741206169128418,7,D30-1_55,acinar,acinar,celseq2,1.589762806892395
1660,7.6604838371276855,14.497084617614746,12,D30-1_56,alpha,alpha,celseq2,0.3845422863960266
1661,-9.831001281738281,1.089751124382019,4,D30-1_57,beta,beta,celseq2,0.4417937099933624
1662,8.948241233825684,14.505148887634277,12,D30-1_58,alpha,alpha,celseq2,0.3917512893676758
1663,7.516767978668213,15.644796371459961,12,D30-1_59,alpha,alpha,celseq2,0.5016989707946777
1664,8.529989242553711,14.42275333404541,12,D30-1_60,alpha,alpha,celseq2,0.41867682337760925
1665,17.867355346679688,8.1779146194458,7,D30-1_61,acinar,acinar,celseq2,0.761073112487793
1666,17.557981491088867,9.821757316589355,7,D30-1_63,acinar,acinar,celseq2,1.0790774822235107
1667,-2.7688145637512207,16.81572914123535,13,D30-1_64,delta,delta,celseq2,0.7763777375221252
1668,-9.040372848510742,-1.6083569526672363,4,D30-1_65,beta,beta,celseq2,0.5540111660957336
1669,-8.016646385192871,-0.4715452790260315,4,D30-1_66,delta,beta,celseq2,0.7634251117706299
1670,-9.369242668151855,-1.2923064231872559,4,D30-1_67,beta,beta,celseq2,0.4201943874359131
1671,-4.293626308441162,18.455310821533203,14,D30-1_69,beta,epsilon,celseq2,1.6835081577301025
1672,-1.2490055561065674,-7.363621711730957,0,D30-1_70,activated_stellate,activated_stellate,celseq2,1.3189148902893066
1673,8.482027053833008,13.98729133605957,12,D30-1_71,alpha,alpha,celseq2,0.3867231607437134
1674,17.229442596435547,7.208937168121338,7,D30-1_72,acinar,acinar,celseq2,0.9221742153167725
1675,8.983894348144531,15.690536499023438,12,D30-1_73,alpha,alpha,celseq2,0.48740294575691223
1676,-9.370081901550293,-1.229682445526123,4,D30-1_74,beta,beta,celseq2,0.4854501783847809
1677,-5.234984874725342,7.791286945343018,11,D30-1_75,alpha,Unmatched_11,celseq2,2.2786879539489746
1678,14.953377723693848,-10.673279762268066,2,D30-1_77,endothelial,endothelial,celseq2,3.76180362701416
1679,8.191186904907227,-3.5124542713165283,9,D30-1_78,ductal,ductal,celseq2,1.0240970849990845
1680,-1.8410392999649048,-6.986436367034912,0,D30-1_79,activated_stellate,activated_stellate,celseq2,2.6635255813598633
1681,9.211291313171387,15.770254135131836,12,D30-1_81,alpha,alpha,celseq2,0.5887196660041809
1682,7.632359027862549,12.8135404586792,12,D30-1_82,alpha,alpha,celseq2,0.3887631595134735
1683,-4.286628246307373,17.77540397644043,13,D30-1_83,delta,delta,celseq2,0.7657355070114136
1684,8.076698303222656,12.783737182617188,12,D30-1_84,alpha,alpha,celseq2,0.47076350450515747
1685,-8.702749252319336,-1.684406042098999,4,D30-1_85,beta,beta,celseq2,0.6440602540969849
1686,8.808389663696289,15.5029878616333,12,D30-1_86,alpha,alpha,celseq2,0.4966152310371399
1687,8.487642288208008,14.514486312866211,12,D30-1_87,alpha,alpha,celseq2,0.39446479082107544
1688,6.68524169921875,-2.344449043273926,9,D30-1_88,ductal,ductal,celseq2,0.8838890790939331
1689,-9.908824920654297,1.9974026679992676,4,D30-1_89,beta,beta,celseq2,0.49369046092033386
1690,6.597954273223877,13.94241714477539,12,D30-1_90,alpha,alpha,celseq2,0.39267995953559875
1691,17.896093368530273,8.013936996459961,7,D30-1_91,acinar,acinar,celseq2,1.086608648300171
1692,-9.278907775878906,-1.3625675439834595,4,D30-1_93,beta,beta,celseq2,0.3981107473373413
1693,-10.118033409118652,0.8083773851394653,4,D30-1_94,beta,beta,celseq2,0.3999674916267395
1694,6.69289493560791,4.067502975463867,14,D30-2_1,acinar,epsilon,celseq2,3.993431806564331
1695,9.198320388793945,13.922112464904785,12,D30-2_2,alpha,alpha,celseq2,0.5085490942001343
1696,-5.452956199645996,16.646583557128906,13,D30-2_3,delta,delta,celseq2,0.5947379469871521
1697,6.93625020980835,-2.1694746017456055,9,D30-2_4,ductal,ductal,celseq2,1.230743408203125
1698,4.9864726066589355,14.2620210647583,14,D30-2_5,alpha,epsilon,celseq2,1.693037748336792
1699,-1.3454844951629639,-7.398144721984863,0,D30-2_6,activated_stellate,activated_stellate,celseq2,1.1880242824554443
1700,-8.499185562133789,3.554546594619751,4,D30-2_7,beta,beta,celseq2,1.252387285232544
1701,-4.808142185211182,16.3861026763916,13,D30-2_8,gamma,delta,celseq2,0.5183643698692322
1702,8.7919282913208,-4.155597686767578,9,D30-2_9,ductal,ductal,celseq2,1.2153000831604004
1703,6.7173871994018555,14.401691436767578,12,D30-2_10,alpha,alpha,celseq2,0.4611394703388214
1704,17.66425895690918,9.711173057556152,7,D30-2_11,acinar,acinar,celseq2,1.362661600112915
1705,9.250426292419434,14.107276916503906,12,D30-2_12,alpha,alpha,celseq2,0.7685668468475342
1706,8.729921340942383,15.666434288024902,12,D30-2_13,alpha,alpha,celseq2,0.6872232556343079
1707,7.793531894683838,14.005327224731445,12,D30-2_14,alpha,alpha,celseq2,0.72632896900177
1708,6.781678199768066,12.246865272521973,12,D30-2_15,alpha,alpha,celseq2,0.5747702121734619
1709,7.241854190826416,12.957521438598633,12,D30-2_16,alpha,alpha,celseq2,0.6908860802650452
1710,17.510501861572266,9.913802146911621,7,D30-2_17,acinar,acinar,celseq2,1.5538344383239746
1711,9.031789779663086,14.63540267944336,12,D30-2_18,alpha,alpha,celseq2,0.42812326550483704
1712,8.255121231079102,13.14441204071045,12,D30-2_19,alpha,alpha,celseq2,0.46492183208465576
1713,-5.271481513977051,16.81857681274414,13,D30-2_20,delta,delta,celseq2,0.47682246565818787
1714,8.069762229919434,12.84324836730957,12,D30-2_21,alpha,alpha,celseq2,0.39368537068367004
1715,-5.216976642608643,17.28247833251953,13,D30-2_22,delta,delta,celseq2,0.5182846188545227
1716,7.785419940948486,12.965335845947266,12,D30-2_23,alpha,alpha,celseq2,0.3845422863960266
1717,7.1960883140563965,13.049288749694824,12,D30-2_24,alpha,alpha,celseq2,0.7676277756690979
1718,8.007096290588379,14.745560646057129,12,D30-2_25,alpha,alpha,celseq2,0.41376993060112
1719,-5.305374622344971,16.93022918701172,13,D30-2_26,delta,delta,celseq2,0.5436765551567078
1720,16.138935089111328,6.438541889190674,7,D30-2_27,acinar,acinar,celseq2,1.145686149597168
1721,8.45318603515625,14.39804458618164,12,D30-2_28,alpha,alpha,celseq2,0.38744354248046875
1722,-1.5092027187347412,-7.368607997894287,0,D30-2_29,activated_stellate,activated_stellate,celseq2,1.627225399017334
1723,-9.184653282165527,0.2876628339290619,4,D30-2_30,beta,beta,celseq2,0.4960390627384186
1724,-4.4635138511657715,17.210447311401367,13,D30-2_31,alpha,delta,celseq2,1.4300333261489868
1725,-9.572333335876465,-0.4555184841156006,4,D30-2_32,beta,beta,celseq2,0.5613817572593689
1726,-9.727036476135254,1.4602209329605103,4,D30-2_33,beta,beta,celseq2,0.4285520017147064
1727,9.058820724487305,15.943077087402344,12,D30-2_34,alpha,alpha,celseq2,0.5427294373512268
1728,7.234506130218506,-2.3363280296325684,9,D30-2_35,ductal,ductal,celseq2,1.2484650611877441
1729,6.774477958679199,15.097540855407715,12,D30-2_37,alpha,alpha,celseq2,0.42790526151657104
1730,6.483306407928467,4.223271369934082,5,D30-2_38,macrophage,macrophage,celseq2,3.993431806564331
1731,-5.248701095581055,17.38835906982422,13,D30-2_39,delta,delta,celseq2,0.8035461902618408
1732,8.363123893737793,-4.517605781555176,9,D30-2_40,ductal,ductal,celseq2,1.2030322551727295
1733,16.161357879638672,6.4102559089660645,7,D30-2_41,acinar,acinar,celseq2,1.0388360023498535
1734,17.493221282958984,9.912690162658691,7,D30-2_42,acinar,acinar,celseq2,1.046966552734375
1735,17.99787139892578,8.486804962158203,7,D30-2_43,acinar,acinar,celseq2,0.9421777129173279
1736,-9.5116605758667,0.8084433078765869,4,D30-2_44,beta,beta,celseq2,0.49114182591438293
1737,17.483318328857422,9.264660835266113,7,D30-2_45,acinar,acinar,celseq2,0.8645457029342651
1738,-9.67489242553711,-0.5084134340286255,4,D30-2_46,beta,beta,celseq2,0.6122109293937683
1739,6.982996940612793,13.554974555969238,12,D30-2_47,alpha,alpha,celseq2,0.528191089630127
1740,-8.358360290527344,3.6620500087738037,4,D30-2_48,beta,beta,celseq2,1.597953200340271
1741,-4.435917377471924,18.209901809692383,13,D30-2_49,delta,delta,celseq2,0.8311562538146973
1742,7.479770660400391,-2.8902268409729004,9,D30-2_50,ductal,ductal,celseq2,0.9159286022186279
1743,18.013151168823242,8.093713760375977,7,D30-2_51,acinar,acinar,celseq2,1.2970054149627686
1744,-5.357026100158691,16.743040084838867,13,D30-2_52,delta,delta,celseq2,0.5269174575805664
1745,17.490001678466797,9.91100788116455,7,D30-2_53,acinar,acinar,celseq2,1.3816438913345337
1746,-4.456476211547852,18.037874221801758,13,D30-2_54,delta,delta,celseq2,0.6678575873374939
1747,-8.258149147033691,0.8544310331344604,4,D30-2_55,delta,beta,celseq2,1.2189642190933228
1748,17.872539520263672,8.236721992492676,7,D30-2_56,acinar,acinar,celseq2,0.8877180218696594
1749,-9.654329299926758,1.1526968479156494,4,D30-2_57,beta,beta,celseq2,0.7355996966362
1750,8.839925765991211,-4.3826680183410645,9,D30-2_58,ductal,ductal,celseq2,1.143198013305664
1751,-0.8342869877815247,-7.260061264038086,0,D30-2_59,activated_stellate,activated_stellate,celseq2,1.4768940210342407
1752,17.716501235961914,9.708243370056152,7,D30-2_60,alpha,acinar,celseq2,1.7193268537521362
1753,-9.534669876098633,2.4074320793151855,4,D30-2_61,beta,beta,celseq2,0.5484437346458435
1754,-8.187809944152832,0.28011322021484375,4,D30-2_62,alpha,beta,celseq2,1.4876645803451538
1755,9.265351295471191,15.733695983886719,12,D30-2_65,alpha,alpha,celseq2,0.6911755204200745
1756,6.186881065368652,15.346179962158203,12,D30-2_67,alpha,alpha,celseq2,0.9331264495849609
1757,8.98505687713623,14.005712509155273,12,D30-2_68,alpha,alpha,celseq2,0.4060164988040924
1758,7.816371440887451,14.027509689331055,12,D30-2_70,alpha,alpha,celseq2,0.4803769886493683
1759,-9.683771133422852,2.173389196395874,4,D30-2_71,beta,beta,celseq2,0.8045945763587952
1760,6.718851089477539,14.3292236328125,12,D30-2_72,alpha,alpha,celseq2,0.4016059339046478
1761,6.689599514007568,14.558988571166992,12,D30-2_73,alpha,alpha,celseq2,0.40371909737586975
1762,7.760894775390625,-4.088038921356201,14,D30-2_74,delta,epsilon,celseq2,2.0897915363311768
1763,-3.529825448989868,17.385623931884766,13,D30-2_75,delta,delta,celseq2,0.6399499773979187
1764,17.233592987060547,8.27263355255127,7,D30-2_76,acinar,acinar,celseq2,0.7832262516021729
1765,-1.038455843925476,-7.162491321563721,0,D30-2_77,activated_stellate,activated_stellate,celseq2,1.3024885654449463
1766,8.53067398071289,13.540631294250488,12,D30-2_78,alpha,alpha,celseq2,0.3978719711303711
1767,6.4203782081604,4.277881145477295,5,D30-2_79,macrophage,macrophage,celseq2,3.993431806564331
1768,8.673733711242676,15.035152435302734,12,D30-2_80,alpha,alpha,celseq2,0.4648521840572357
1769,8.745574951171875,13.805521011352539,12,D30-2_81,alpha,alpha,celseq2,0.38923272490501404
1770,-5.190207004547119,17.563709259033203,13,D30-2_82,delta,delta,celseq2,0.7355280518531799
1771,-8.996647834777832,-1.1958914995193481,4,D30-2_83,beta,beta,celseq2,0.6120886206626892
1772,-1.8708339929580688,-6.95098876953125,0,D30-2_84,activated_stellate,activated_stellate,celseq2,2.8589842319488525
1773,8.785003662109375,14.09146499633789,12,D30-2_85,alpha,alpha,celseq2,0.42251458764076233
1774,8.735803604125977,14.011006355285645,12,D30-2_86,alpha,alpha,celseq2,0.43689942359924316
1775,-9.968242645263672,1.2617206573486328,4,D30-2_87,beta,beta,celseq2,0.4259176254272461
1776,7.124030113220215,12.979486465454102,12,D30-2_88,alpha,alpha,celseq2,0.6364786624908447
1777,-4.788480758666992,17.55713653564453,13,D30-2_89,delta,delta,celseq2,0.6186923980712891
1778,-7.918030261993408,-0.3274744749069214,4,D30-2_90,delta,beta,celseq2,1.9378844499588013
1779,7.861348628997803,14.780170440673828,12,D30-2_91,alpha,alpha,celseq2,0.4750159680843353
1780,-1.5484929084777832,-7.310786724090576,0,D30-2_92,activated_stellate,activated_stellate,celseq2,1.2886463403701782
1781,-0.49125635623931885,-7.506465435028076,0,D30-2_93,activated_stellate,activated_stellate,celseq2,2.0366008281707764
1782,9.111042022705078,15.890944480895996,12,D30-2_94,alpha,alpha,celseq2,0.574500322341919
1783,7.5351338386535645,14.634942054748535,12,D30-3_1,alpha,alpha,celseq2,0.41118595004081726
1784,17.295339584350586,9.481691360473633,7,D30-3_2,acinar,acinar,celseq2,0.8771543502807617
1785,-9.486750602722168,-0.2609576880931854,4,D30-3_3,beta,beta,celseq2,0.430568128824234
1786,6.66095495223999,13.266844749450684,12,D30-3_4,alpha,alpha,celseq2,0.4139651954174042
1787,8.318015098571777,13.03960132598877,12,D30-3_5,alpha,alpha,celseq2,0.534934937953949
1788,-0.8400198817253113,-7.232926845550537,0,D30-3_6,activated_stellate,activated_stellate,celseq2,1.4443248510360718
1789,-0.5267660617828369,-7.323820114135742,0,D30-3_7,alpha,activated_stellate,celseq2,2.8589842319488525
1790,7.097770690917969,-3.2307827472686768,9,D30-3_8,ductal,ductal,celseq2,0.8752132058143616
1791,-9.447664260864258,-1.2771326303482056,4,D30-3_9,beta,beta,celseq2,0.5779790282249451
1792,-9.752763748168945,0.05920609459280968,4,D30-3_10,beta,beta,celseq2,0.5115958452224731
1793,7.762403964996338,13.130158424377441,12,D30-3_11,alpha,alpha,celseq2,0.4193967282772064
1794,7.291369438171387,-3.57295560836792,9,D30-3_12,ductal,ductal,celseq2,1.5681294202804565
1795,-10.05183219909668,0.6325599551200867,4,D30-3_13,beta,beta,celseq2,0.5226677060127258
1796,-9.119339942932129,-0.657306432723999,4,D30-3_14,beta,beta,celseq2,0.44828012585639954
1797,-4.1827545166015625,16.537199020385742,13,D30-3_15,gamma,delta,celseq2,0.4823361337184906
1798,9.152880668640137,13.950589179992676,12,D30-3_16,alpha,alpha,celseq2,0.49641212821006775
1799,6.8919572830200195,-2.686521291732788,9,D30-3_17,ductal,ductal,celseq2,0.7803629636764526
1800,-4.619585037231445,17.563928604125977,13,D30-3_18,delta,delta,celseq2,0.504318356513977
1801,8.369649887084961,14.209396362304688,12,D30-3_19,alpha,alpha,celseq2,0.38829177618026733
1802,8.657134056091309,13.953531265258789,12,D30-3_20,alpha,alpha,celseq2,0.4164320230484009
1803,-2.7349915504455566,16.717885971069336,13,D30-3_21,gamma,delta,celseq2,0.7621872425079346
1804,-4.997743606567383,16.174530029296875,13,D30-3_22,delta,delta,celseq2,0.6494918465614319
1805,-4.88591194152832,16.295373916625977,13,D30-3_23,delta,delta,celseq2,0.4660770297050476
1806,7.673689365386963,-4.468369007110596,14,D30-3_24,ductal,epsilon,celseq2,2.07556414604187
1807,6.8450236320495605,14.361428260803223,12,D30-3_25,alpha,alpha,celseq2,0.39142224192619324
1808,8.59123420715332,15.535470008850098,12,D30-3_26,alpha,alpha,celseq2,0.5515220165252686
1809,6.810854911804199,14.437378883361816,12,D30-3_27,alpha,alpha,celseq2,0.4476563036441803
1810,8.29478931427002,15.135567665100098,12,D30-3_28,alpha,alpha,celseq2,0.4301066994667053
1811,6.466843605041504,13.770259857177734,12,D30-3_29,alpha,alpha,celseq2,0.3845422863960266
1812,7.005814552307129,13.386921882629395,12,D30-3_30,alpha,alpha,celseq2,0.3845422863960266
1813,7.2699127197265625,14.491778373718262,12,D30-3_31,alpha,alpha,celseq2,0.41183775663375854
1814,7.025354385375977,-2.4216079711914062,9,D30-3_32,ductal,ductal,celseq2,0.9861374497413635
1815,6.7980804443359375,14.438840866088867,12,D30-3_33,alpha,alpha,celseq2,0.38470593094825745
1816,8.57618236541748,14.510478973388672,12,D30-3_34,alpha,alpha,celseq2,0.4324864149093628
1817,9.192535400390625,13.830977439880371,12,D30-3_35,alpha,alpha,celseq2,0.5769426822662354
1818,-9.73282241821289,2.397167682647705,4,D30-3_36,beta,beta,celseq2,0.8753760457038879
1819,6.895749568939209,13.535758018493652,12,D30-3_37,alpha,alpha,celseq2,0.3845422863960266
1820,-9.476597785949707,2.37799072265625,4,D30-3_38,beta,beta,celseq2,0.5266464352607727
1821,-1.5403105020523071,-7.21735954284668,0,D30-3_39,activated_stellate,activated_stellate,celseq2,1.338057279586792
1822,7.8746113777160645,14.590690612792969,12,D30-3_40,alpha,alpha,celseq2,0.40007275342941284
1823,8.184316635131836,13.991600036621094,12,D30-3_41,alpha,alpha,celseq2,0.4147319197654724
1824,8.445239067077637,14.418547630310059,12,D30-3_42,alpha,alpha,celseq2,0.41517484188079834
1825,-4.791952133178711,16.24239158630371,13,D30-3_43,delta,delta,celseq2,0.5394871234893799
1826,8.068942070007324,14.193638801574707,12,D30-3_44,alpha,alpha,celseq2,0.5166437029838562
1827,17.86562728881836,8.711548805236816,7,D30-3_45,acinar,acinar,celseq2,0.874541699886322
1828,6.704245567321777,12.416393280029297,12,D30-3_46,alpha,alpha,celseq2,0.43319985270500183
1829,6.117679119110107,14.261698722839355,12,D30-3_47,alpha,alpha,celseq2,0.44098371267318726
1830,6.241855621337891,14.169285774230957,12,D30-3_48,alpha,alpha,celseq2,0.5197100043296814
1831,6.668418884277344,-2.1091606616973877,9,D30-3_49,ductal,ductal,celseq2,1.1313672065734863
1832,8.257051467895508,14.4098539352417,12,D30-3_50,alpha,alpha,celseq2,0.3975638449192047
1833,-9.98409652709961,1.6050937175750732,4,D30-3_51,beta,beta,celseq2,0.5655320882797241
1834,-9.967127799987793,0.4211808443069458,4,D30-3_52,beta,beta,celseq2,0.43135982751846313
1835,-10.046905517578125,0.8202453851699829,4,D30-3_53,beta,beta,celseq2,0.5509454011917114
1836,-8.514126777648926,-0.7029126286506653,4,D30-3_54,delta,beta,celseq2,0.652088463306427
1837,-8.219613075256348,-1.391140103340149,4,D30-3_55,beta,beta,celseq2,0.7824549674987793
1838,7.19830846786499,-3.3253579139709473,9,D30-3_56,ductal,ductal,celseq2,1.0722209215164185
1839,-8.13946533203125,-0.07080420106649399,4,D30-3_57,alpha,beta,celseq2,1.1392039060592651
1840,-9.874662399291992,0.9302693605422974,4,D30-3_58,beta,beta,celseq2,0.5117279887199402
1841,-0.9835658669471741,-7.492002487182617,0,D30-3_59,activated_stellate,activated_stellate,celseq2,1.4888769388198853
1842,7.182065963745117,14.322528839111328,12,D30-3_60,alpha,alpha,celseq2,0.3845422863960266
1843,-1.7885866165161133,-7.0287652015686035,0,D30-3_61,activated_stellate,activated_stellate,celseq2,2.2096149921417236
1844,-8.30595874786377,-1.3417097330093384,4,D30-3_62,delta,beta,celseq2,0.8949437141418457
1845,16.02841567993164,6.445557594299316,7,D30-3_63,acinar,acinar,celseq2,1.0786488056182861
1846,8.346583366394043,13.09458065032959,12,D30-3_64,alpha,alpha,celseq2,0.44070279598236084
1847,9.197697639465332,14.407482147216797,12,D30-3_65,alpha,alpha,celseq2,0.44892412424087524
1848,-9.463289260864258,-0.7463273406028748,4,D30-3_67,beta,beta,celseq2,0.4550318419933319
1849,6.3804850578308105,14.043976783752441,12,D30-3_68,alpha,alpha,celseq2,0.4148908257484436
1850,-5.5734357833862305,17.000537872314453,13,D30-3_69,delta,delta,celseq2,1.5948289632797241
1851,6.499706268310547,14.394489288330078,12,D30-3_70,alpha,alpha,celseq2,0.422575443983078
1852,-9.914743423461914,2.042736053466797,4,D30-3_71,beta,beta,celseq2,0.7188162207603455
1853,-1.8519055843353271,-7.011338233947754,0,D30-3_72,activated_stellate,activated_stellate,celseq2,2.280012845993042
1854,-8.125697135925293,-0.03129354119300842,4,D30-3_73,alpha,beta,celseq2,1.4260680675506592
1855,4.711475372314453,13.212528228759766,12,D30-3_74,alpha,alpha,celseq2,0.4884463846683502
1856,-5.676864147186279,16.880115509033203,13,D30-3_75,delta,delta,celseq2,0.7450998425483704
1857,-4.577749252319336,16.23649787902832,13,D30-3_76,delta,delta,celseq2,0.5274564027786255
1858,-9.668277740478516,2.368208646774292,4,D30-3_77,beta,beta,celseq2,0.5161466002464294
1859,-9.780496597290039,2.2961575984954834,4,D30-3_78,beta,beta,celseq2,0.5750692486763
1860,6.1297526359558105,14.644450187683105,12,D30-3_79,alpha,alpha,celseq2,0.5251551270484924
1861,7.2313151359558105,14.792267799377441,12,D30-3_80,alpha,alpha,celseq2,0.4651956856250763
1862,-8.620584487915039,-0.3587269186973572,4,D30-3_81,beta,beta,celseq2,0.4567354619503021
1863,-4.278045177459717,17.53993797302246,13,D30-3_82,delta,delta,celseq2,0.7036994695663452
1864,6.470113754272461,4.236116886138916,5,D30-3_84,macrophage,macrophage,celseq2,3.993431806564331
1865,6.635874271392822,13.780879974365234,12,D30-3_86,alpha,alpha,celseq2,0.3845422863960266
1866,-5.273154258728027,17.0455379486084,13,D30-3_87,delta,delta,celseq2,0.5304242968559265
1867,7.528031826019287,13.951781272888184,12,D30-3_88,alpha,alpha,celseq2,0.4467993676662445
1868,-9.109253883361816,0.7662532925605774,4,D30-3_89,beta,beta,celseq2,0.44742250442504883
1869,6.5837907791137695,-2.1612343788146973,9,D30-3_90,ductal,ductal,celseq2,0.9083052277565002
1870,17.747386932373047,9.342757225036621,7,D30-3_91,acinar,acinar,celseq2,1.3871451616287231
1871,7.727014064788818,12.85737419128418,12,D30-3_92,alpha,alpha,celseq2,0.3845422863960266
1872,7.9445695877075195,15.347338676452637,12,D30-3_93,alpha,alpha,celseq2,0.4648081958293915
1873,14.878158569335938,-10.604667663574219,2,D30-3_94,endothelial,endothelial,celseq2,3.76180362701416
1874,-9.9356689453125,1.9691683053970337,4,D30-4_1,beta,beta,celseq2,0.866824746131897
1875,-8.353074073791504,-0.9211326837539673,4,D30-4_2,beta,beta,celseq2,0.5611467957496643
1876,6.243885040283203,14.429794311523438,12,D30-4_3,alpha,alpha,celseq2,0.4315972328186035
1877,-4.900414943695068,16.140850067138672,13,D30-4_5,delta,delta,celseq2,0.5358945727348328
1878,9.222105026245117,13.862223625183105,12,D30-4_6,alpha,alpha,celseq2,0.5008133053779602
1879,7.109490394592285,-2.3480358123779297,9,D30-4_7,ductal,ductal,celseq2,0.879311740398407
1880,-10.045367240905762,1.679343819618225,4,D30-4_8,beta,beta,celseq2,0.7225068807601929
1881,-8.579339027404785,-1.1045663356781006,4,D30-4_9,beta,beta,celseq2,0.5615752935409546
1882,-1.3926838636398315,-6.849745750427246,0,D30-4_10,activated_stellate,activated_stellate,celseq2,2.207629442214966
1883,9.015958786010742,15.859212875366211,12,D30-4_11,alpha,alpha,celseq2,0.5122165679931641
1884,8.122662544250488,12.929373741149902,12,D30-4_12,alpha,alpha,celseq2,0.4958777129650116
1885,8.955168724060059,-3.522552967071533,9,D30-4_13,ductal,ductal,celseq2,1.2773101329803467
1886,-4.705295085906982,17.667577743530273,13,D30-4_14,delta,delta,celseq2,0.5644550323486328
1887,-9.75665283203125,2.3309757709503174,4,D30-4_15,beta,beta,celseq2,0.6117931604385376
1888,7.080286026000977,-3.075258731842041,9,D30-4_16,ductal,ductal,celseq2,0.7747077345848083
1889,-4.443218231201172,16.425186157226562,13,D30-4_17,delta,delta,celseq2,0.49464789032936096
1890,17.806964874267578,9.343972206115723,7,D30-4_18,acinar,acinar,celseq2,1.2371374368667603
1891,6.8672637939453125,14.371088027954102,12,D30-4_19,alpha,alpha,celseq2,0.4466826319694519
1892,4.7505903244018555,14.427905082702637,12,D30-4_20,epsilon,alpha,celseq2,1.2848087549209595
1893,7.732623100280762,15.134493827819824,12,D30-4_21,alpha,alpha,celseq2,0.4391102194786072
1894,-4.637783050537109,16.921039581298828,13,D30-4_22,delta,delta,celseq2,0.6325722932815552
1895,17.592060089111328,9.77412223815918,7,D30-4_23,acinar,acinar,celseq2,1.2738218307495117
1896,9.101510047912598,14.681183815002441,12,D30-4_24,alpha,alpha,celseq2,0.4902374744415283
1897,7.848491668701172,12.892945289611816,12,D30-4_25,alpha,alpha,celseq2,0.3845422863960266
1898,-4.301324367523193,18.419795989990234,13,D30-4_26,delta,delta,celseq2,0.8379384875297546
1899,7.077191352844238,-4.182738780975342,9,D30-4_27,ductal,ductal,celseq2,1.7941776514053345
1900,-4.748882293701172,16.20050048828125,13,D30-4_28,delta,delta,celseq2,0.5101608037948608
1901,8.996621131896973,15.325859069824219,12,D30-4_29,alpha,alpha,celseq2,0.50860995054245
1902,-1.3019577264785767,-7.391037940979004,0,D30-4_30,activated_stellate,activated_stellate,celseq2,1.4310483932495117
1903,6.5394392013549805,-2.3243539333343506,9,D30-4_31,ductal,ductal,celseq2,1.0180004835128784
1904,-7.925812244415283,-0.7390193343162537,4,D30-4_32,alpha,beta,celseq2,1.2697968482971191
1905,-9.217488288879395,-1.5225436687469482,4,D30-4_33,beta,beta,celseq2,0.6332898736000061
1906,-8.37474250793457,-1.1729296445846558,4,D30-4_34,beta,beta,celseq2,0.5313634872436523
1907,-0.5121206045150757,-7.348616600036621,0,D30-4_35,activated_stellate,activated_stellate,celseq2,1.858626365661621
1908,7.6284966468811035,13.288021087646484,12,D30-4_36,alpha,alpha,celseq2,0.38699451088905334
1909,8.424466133117676,14.361373901367188,12,D30-4_37,alpha,alpha,celseq2,0.3947814106941223
1910,8.506876945495605,-3.681288719177246,9,D30-4_38,ductal,ductal,celseq2,0.9540692567825317
1911,8.559412002563477,13.793707847595215,12,D30-4_39,alpha,alpha,celseq2,0.43124818801879883
1912,-8.140620231628418,0.0121438754722476,4,D30-4_40,alpha,beta,celseq2,1.334206223487854
1913,6.260690689086914,12.709197998046875,12,D30-4_41,alpha,alpha,celseq2,0.3953748643398285
1914,8.954167366027832,-3.7332777976989746,9,D30-4_42,ductal,ductal,celseq2,1.3833492994308472
1915,5.628659725189209,13.863078117370605,12,D30-4_43,alpha,alpha,celseq2,0.5483340620994568
1916,8.970683097839355,-3.4084324836730957,9,D30-4_44,ductal,ductal,celseq2,1.2584285736083984
1917,6.51927375793457,-2.652461051940918,9,D30-4_46,ductal,ductal,celseq2,1.106919527053833
1918,8.839012145996094,13.556624412536621,12,D30-4_47,alpha,alpha,celseq2,0.48768389225006104
1919,-9.51074504852295,-0.5409426689147949,4,D30-4_48,beta,beta,celseq2,0.47618794441223145
1920,7.146977424621582,15.591623306274414,12,D30-4_49,alpha,alpha,celseq2,0.5486503839492798
1921,5.8547868728637695,14.817713737487793,12,D30-4_50,alpha,alpha,celseq2,0.524651825428009
1922,8.613696098327637,-4.7286763191223145,9,D30-4_51,ductal,ductal,celseq2,1.5993211269378662
1923,9.135144233703613,15.721348762512207,12,D30-4_52,alpha,alpha,celseq2,0.5246235132217407
1924,7.4501729011535645,-2.6508712768554688,9,D30-4_53,ductal,ductal,celseq2,0.6993139982223511
1925,5.016049385070801,13.711560249328613,12,D30-4_54,alpha,alpha,celseq2,0.676582396030426
1926,-1.6255532503128052,-7.157925128936768,0,D30-4_55,activated_stellate,activated_stellate,celseq2,2.027500867843628
1927,9.232115745544434,-4.508396625518799,9,D30-4_58,ductal,ductal,celseq2,1.1677571535110474
1928,-5.316051483154297,17.15225601196289,13,D30-4_59,delta,delta,celseq2,0.5643278360366821
1929,9.256823539733887,13.84262466430664,12,D30-4_60,alpha,alpha,celseq2,0.5333205461502075
1930,-9.564069747924805,2.308424472808838,4,D30-4_61,beta,beta,celseq2,0.5347587466239929
1931,17.693668365478516,9.504677772521973,7,D30-4_62,acinar,acinar,celseq2,0.8485904335975647
1932,5.051673889160156,14.368675231933594,14,D30-4_63,alpha,epsilon,celseq2,1.690137267112732
1933,-0.8572065234184265,-7.135186195373535,0,D30-4_64,activated_stellate,activated_stellate,celseq2,1.2180473804473877
1934,6.959725379943848,3.877359390258789,6,D30-4_65,mast,mast,celseq2,3.993431806564331
1935,-7.896848201751709,-0.6253190636634827,4,D30-4_66,alpha,beta,celseq2,1.4215582609176636
1936,-9.314356803894043,-0.2852109670639038,4,D30-4_67,beta,beta,celseq2,0.400637149810791
1937,6.727001190185547,15.254374504089355,12,D30-4_68,alpha,alpha,celseq2,0.5049389600753784
1938,8.238459587097168,13.706583023071289,12,D30-4_69,alpha,alpha,celseq2,0.39828816056251526
1939,-9.815999031066895,0.18089403212070465,4,D30-4_71,beta,beta,celseq2,0.48085901141166687
1940,6.5575032234191895,13.63040542602539,12,D30-4_73,alpha,alpha,celseq2,0.3858898878097534
1941,7.636573314666748,14.617074012756348,12,D30-4_74,alpha,alpha,celseq2,0.42213279008865356
1942,9.011530876159668,14.566566467285156,12,D30-4_75,alpha,alpha,celseq2,0.4004557430744171
1943,-9.108854293823242,-1.6071219444274902,4,D30-4_76,beta,beta,celseq2,0.5051024556159973
1944,7.603555679321289,12.814168930053711,12,D30-4_77,alpha,alpha,celseq2,0.3845422863960266
1945,-0.5471030473709106,-7.483736515045166,0,D30-4_78,activated_stellate,activated_stellate,celseq2,1.8078573942184448
1946,-9.104020118713379,1.888487458229065,4,D30-4_79,beta,beta,celseq2,0.5125147700309753
1947,-4.137777328491211,17.900224685668945,13,D30-4_80,delta,delta,celseq2,0.6299986839294434
1948,14.993221282958984,5.9740142822265625,7,D30-4_81,acinar,acinar,celseq2,1.2980821132659912
1949,16.88658332824707,7.4890828132629395,14,D30-4_82,acinar,epsilon,celseq2,2.2282769680023193
1950,-9.275582313537598,-1.474812388420105,4,D30-4_83,beta,beta,celseq2,0.5619699358940125
1951,6.721569538116455,13.513509750366211,12,D30-4_85,alpha,alpha,celseq2,0.41603904962539673
1952,7.470037937164307,14.464272499084473,12,D30-4_86,alpha,alpha,celseq2,0.38585203886032104
1953,7.701228141784668,15.2010498046875,12,D30-4_87,alpha,alpha,celseq2,0.40406331419944763
1954,7.472885608673096,13.572319030761719,12,D30-4_88,alpha,alpha,celseq2,0.40238672494888306
1955,-9.458636283874512,-0.41947948932647705,4,D30-4_90,beta,beta,celseq2,0.5142988562583923
1956,6.622802257537842,-2.1158039569854736,9,D30-4_91,ductal,ductal,celseq2,0.9349051713943481
1957,8.386931419372559,-3.745649814605713,9,D30-4_92,ductal,ductal,celseq2,0.9670680165290833
1958,9.449437141418457,-4.23897647857666,9,D30-4_93,ductal,ductal,celseq2,1.2770508527755737
1959,8.31430721282959,13.714160919189453,12,D30-4_94,alpha,alpha,celseq2,0.39167892932891846
1960,-1.3343151807785034,-7.411677360534668,0,D30-5_3,activated_stellate,activated_stellate,celseq2,1.260277509689331
1961,-1.6126617193222046,-7.263512134552002,0,D30-5_4,activated_stellate,activated_stellate,celseq2,1.7214843034744263
1962,7.1479387283325195,-3.1519618034362793,9,D30-5_5,ductal,ductal,celseq2,0.9804461598396301
1963,-8.884740829467773,-1.4948561191558838,4,D30-5_7,beta,beta,celseq2,0.522452712059021
1964,9.099258422851562,13.938549995422363,12,D30-5_8,alpha,alpha,celseq2,0.6149421334266663
1965,8.346335411071777,-4.462035655975342,9,D30-5_9,ductal,ductal,celseq2,1.2251468896865845
1966,9.184366226196289,15.395771980285645,12,D30-5_10,alpha,alpha,celseq2,0.6015309691429138
1967,-4.398357391357422,17.7219181060791,13,D30-5_11,delta,delta,celseq2,0.6769956946372986
1968,-5.239731788635254,16.55992317199707,13,D30-5_12,delta,delta,celseq2,0.4497976303100586
1969,7.137166976928711,15.654068946838379,12,D30-5_13,alpha,alpha,celseq2,0.9386186003684998
1970,7.88238000869751,13.199564933776855,12,D30-5_14,alpha,alpha,celseq2,0.3845422863960266
1971,-1.6021522283554077,-7.1317620277404785,0,D30-5_15,activated_stellate,activated_stellate,celseq2,1.8160719871520996
1972,-4.953066349029541,17.3109130859375,13,D30-5_17,delta,delta,celseq2,0.7013813257217407
1973,-4.542266368865967,16.21380043029785,13,D30-5_18,delta,delta,celseq2,0.6172121167182922
1974,7.516805171966553,14.448932647705078,12,D30-5_20,alpha,alpha,celseq2,0.4113359749317169
1975,-8.764439582824707,-1.0920859575271606,4,D30-5_21,beta,beta,celseq2,0.5091601014137268
1976,-5.3343658447265625,16.48862648010254,13,D30-5_22,delta,delta,celseq2,0.4866902530193329
1977,8.802961349487305,14.021524429321289,12,D30-5_23,alpha,alpha,celseq2,0.3845422863960266
1978,8.176957130432129,15.134780883789062,12,D30-5_24,alpha,alpha,celseq2,0.4162164032459259
1979,5.946560382843018,14.456067085266113,12,D30-5_26,alpha,alpha,celseq2,0.5115906596183777
1980,9.169342994689941,15.673446655273438,12,D30-5_27,alpha,alpha,celseq2,0.6672892570495605
1981,7.484427452087402,14.550322532653809,12,D30-5_28,alpha,alpha,celseq2,0.8488813638687134
1982,-1.602621078491211,-7.159193992614746,0,D30-5_29,activated_stellate,activated_stellate,celseq2,1.5395495891571045
1983,8.342840194702148,-3.6886472702026367,9,D30-5_31,ductal,ductal,celseq2,0.827254056930542
1984,-9.292787551879883,-1.339720606803894,4,D30-5_32,beta,beta,celseq2,0.4156794846057892
1985,8.887940406799316,14.570366859436035,12,D30-5_33,alpha,alpha,celseq2,0.386425256729126
1986,9.353185653686523,-4.439447402954102,9,D30-5_34,ductal,ductal,celseq2,1.3235700130462646
1987,-3.9991464614868164,16.186111450195312,13,D30-5_35,delta,delta,celseq2,0.6248263120651245
1988,17.33871841430664,9.634974479675293,7,D30-5_36,acinar,acinar,celseq2,1.0191197395324707
1989,7.219935417175293,12.661458969116211,12,D30-5_37,alpha,alpha,celseq2,0.3952490985393524
1990,6.999148368835449,-2.2513768672943115,9,D30-5_38,ductal,ductal,celseq2,1.17572820186615
1991,9.194646835327148,15.3486909866333,12,D30-5_39,alpha,alpha,celseq2,0.7145171761512756
1992,-9.521136283874512,-0.4062921702861786,4,D30-5_40,beta,beta,celseq2,0.40349870920181274
1993,6.409447193145752,4.287290573120117,5,D30-5_41,macrophage,macrophage,celseq2,3.993431806564331
1994,7.226472854614258,-2.2699198722839355,9,D30-5_42,ductal,ductal,celseq2,1.2573508024215698
1995,7.896263122558594,13.51742172241211,12,D30-5_43,alpha,alpha,celseq2,0.3933488726615906
1996,6.629594326019287,-2.951634645462036,9,D30-5_44,ductal,ductal,celseq2,1.1501412391662598
1997,17.811824798583984,9.139336585998535,7,D30-5_45,acinar,acinar,celseq2,1.0988519191741943
1998,7.752856254577637,-2.863410234451294,9,D30-5_46,ductal,ductal,celseq2,0.8153068423271179
1999,8.56297492980957,14.58372688293457,12,D30-5_48,alpha,alpha,celseq2,0.43273791670799255
2000,-10.155708312988281,0.7918813824653625,4,D30-5_49,beta,beta,celseq2,0.5746057629585266
2001,6.403932571411133,-2.453457832336426,9,D30-5_50,ductal,ductal,celseq2,0.8455449938774109
2002,8.682648658752441,14.227989196777344,12,D30-5_51,alpha,alpha,celseq2,0.3845422863960266
2003,9.21416187286377,13.792208671569824,12,D30-5_53,alpha,alpha,celseq2,0.4820118248462677
2004,6.752053260803223,13.09178352355957,12,D30-5_54,alpha,alpha,celseq2,0.3845422863960266
2005,7.96264123916626,12.706850051879883,12,D30-5_55,alpha,alpha,celseq2,0.6543494462966919
2006,-9.336905479431152,-1.2122669219970703,4,D30-5_56,beta,beta,celseq2,0.4625576436519623
2007,-9.484321594238281,0.47877880930900574,4,D30-5_57,beta,beta,celseq2,0.390516072511673
2008,6.601731777191162,-2.300478219985962,9,D30-5_58,ductal,ductal,celseq2,0.9900556206703186
2009,-1.3782118558883667,-7.433882713317871,0,D30-5_59,activated_stellate,activated_stellate,celseq2,1.1794049739837646
2010,7.199427604675293,-2.4373793601989746,9,D30-5_61,ductal,ductal,celseq2,0.9173204898834229
2011,-5.235525608062744,7.7916741371154785,11,D30-5_62,alpha,Unmatched_11,celseq2,2.625182628631592
2012,9.237279891967773,15.746439933776855,12,D30-5_63,alpha,alpha,celseq2,0.5524433851242065
2013,9.298818588256836,-4.182089328765869,9,D30-5_64,ductal,ductal,celseq2,1.3133803606033325
2014,7.668713569641113,13.410372734069824,12,D30-5_65,alpha,alpha,celseq2,0.3845422863960266
2015,8.974343299865723,15.773183822631836,12,D30-5_66,alpha,alpha,celseq2,0.5043722987174988
2016,8.949914932250977,14.238933563232422,12,D30-5_67,alpha,alpha,celseq2,0.390444815158844
2017,-9.28647232055664,1.1351698637008667,4,D30-5_69,beta,beta,celseq2,0.8708475232124329
2018,9.241068840026855,14.063241004943848,12,D30-5_70,alpha,alpha,celseq2,0.4968332350254059
2019,7.9521284103393555,15.132956504821777,12,D30-5_71,alpha,alpha,celseq2,0.40741923451423645
2020,-1.6394649744033813,-7.232566833496094,0,D30-5_72,activated_stellate,activated_stellate,celseq2,1.7835978269577026
2021,9.004122734069824,13.703742980957031,12,D30-5_73,alpha,alpha,celseq2,0.43654167652130127
2022,-3.5005831718444824,16.553712844848633,13,D30-5_74,gamma,delta,celseq2,0.5040770769119263
2023,8.626154899597168,14.637621879577637,12,D30-5_75,alpha,alpha,celseq2,0.41218891739845276
2024,-5.482293605804443,16.58133316040039,13,D30-5_76,delta,delta,celseq2,0.4797019064426422
2025,7.073026657104492,-3.377495288848877,9,D30-5_78,ductal,ductal,celseq2,1.3095606565475464
2026,17.32957649230957,9.80811882019043,7,D30-5_79,acinar,acinar,celseq2,1.1414713859558105
2027,-1.7864373922348022,-7.106281280517578,0,D30-5_80,activated_stellate,activated_stellate,celseq2,2.1919004917144775
2028,7.0978569984436035,-2.315955877304077,9,D30-5_81,ductal,ductal,celseq2,0.9434100389480591
2029,-5.481957912445068,16.77509117126465,13,D30-5_82,delta,delta,celseq2,0.5721232295036316
2030,7.312658786773682,15.50221061706543,12,D30-5_83,alpha,alpha,celseq2,0.49034327268600464
2031,9.293275833129883,15.771615982055664,12,D30-5_84,alpha,alpha,celseq2,0.591467022895813
2032,-4.306053161621094,17.685245513916016,13,D30-5_85,delta,delta,celseq2,0.7942439913749695
2033,9.12979507446289,15.873002052307129,12,D30-5_88,alpha,alpha,celseq2,0.6327416896820068
2034,15.752243041992188,6.306772708892822,7,D30-5_89,acinar,acinar,celseq2,1.1704000234603882
2035,-0.7915174961090088,-7.297279357910156,0,D30-5_90,activated_stellate,activated_stellate,celseq2,1.395263433456421
2036,-5.475379943847656,17.722501754760742,13,D30-5_91,delta,delta,celseq2,0.7972129583358765
2037,7.008845329284668,14.94840145111084,12,D30-5_92,alpha,alpha,celseq2,0.389181911945343
2038,7.166695594787598,13.08447265625,12,D30-5_93,alpha,alpha,celseq2,0.3845422863960266
2039,7.930258274078369,15.102675437927246,12,D30-5_94,alpha,alpha,celseq2,0.3970336616039276
2040,8.987390518188477,15.981332778930664,12,D30-6_1,alpha,alpha,celseq2,0.6882201433181763
2041,8.948269844055176,15.670345306396484,12,D30-6_2,alpha,alpha,celseq2,0.6181796789169312
2042,-1.582803726196289,-7.308706283569336,0,D30-6_3,activated_stellate,activated_stellate,celseq2,1.4296282529830933
2043,7.7566046714782715,14.728585243225098,12,D30-6_4,alpha,alpha,celseq2,0.3862140476703644
2044,17.81886863708496,9.3991060256958,7,D30-6_5,acinar,acinar,celseq2,1.1315876245498657
2045,-5.0087103843688965,16.33555030822754,13,D30-6_6,delta,delta,celseq2,0.46888425946235657
2046,9.138031959533691,15.675261497497559,12,D30-6_7,alpha,alpha,celseq2,0.5068485736846924
2047,6.6395368576049805,14.454834938049316,12,D30-6_9,alpha,alpha,celseq2,0.4512985050678253
2048,-1.3631019592285156,-7.4633870124816895,0,D30-6_10,activated_stellate,activated_stellate,celseq2,1.642419695854187
2049,-9.290731430053711,-0.12381309270858765,4,D30-6_11,beta,beta,celseq2,0.41453254222869873
2050,7.854095458984375,-3.481745719909668,9,D30-6_12,ductal,ductal,celseq2,0.9200558662414551
2051,-4.552690029144287,17.032167434692383,13,D30-6_13,delta,delta,celseq2,0.5241073966026306
2052,-9.997057914733887,1.4677884578704834,4,D30-6_14,beta,beta,celseq2,0.6910357475280762
2053,-9.06029224395752,-1.630608081817627,4,D30-6_15,beta,beta,celseq2,0.5203450322151184
2054,8.065140724182129,14.22512435913086,12,D30-6_16,alpha,alpha,celseq2,0.5170068740844727
2055,-1.5446263551712036,-7.333248615264893,0,D30-6_17,activated_stellate,activated_stellate,celseq2,1.349670648574829
2056,-9.91283130645752,1.9587998390197754,4,D30-6_18,beta,beta,celseq2,0.556920051574707
2057,9.219417572021484,13.822872161865234,12,D30-6_19,alpha,alpha,celseq2,0.5306654572486877
2058,8.08515739440918,-3.8794753551483154,9,D30-6_20,ductal,ductal,celseq2,1.0626925230026245
2059,-9.046310424804688,-1.0213730335235596,4,D30-6_21,beta,beta,celseq2,0.532667338848114
2060,8.589614868164062,15.505882263183594,12,D30-6_22,alpha,alpha,celseq2,0.5527420043945312
2061,-1.6101436614990234,-6.89540433883667,0,D30-6_23,activated_stellate,activated_stellate,celseq2,2.2368009090423584
2062,9.041622161865234,15.492697715759277,12,D30-6_24,alpha,alpha,celseq2,0.49591580033302307
2063,8.31507682800293,-3.3150157928466797,9,D30-6_25,ductal,ductal,celseq2,0.9072593450546265
2064,8.785042762756348,14.433318138122559,12,D30-6_26,alpha,alpha,celseq2,0.41219815611839294
2065,-0.5610526204109192,-7.520819664001465,0,D30-6_27,activated_stellate,activated_stellate,celseq2,1.945447564125061
2066,-1.589106798171997,-6.442867279052734,0,D30-6_28,alpha,activated_stellate,celseq2,2.8589842319488525
2067,7.001524925231934,14.975445747375488,12,D30-6_30,alpha,alpha,celseq2,0.4233018457889557
2068,7.73586368560791,15.245556831359863,12,D30-6_31,alpha,alpha,celseq2,0.39818069338798523
2069,6.617765426635742,14.346879959106445,12,D30-6_32,alpha,alpha,celseq2,0.4711644947528839
2070,9.146690368652344,15.951028823852539,12,D30-6_33,alpha,alpha,celseq2,0.5754348635673523
2071,6.703667640686035,-2.0018837451934814,9,D30-6_34,ductal,ductal,celseq2,1.0993428230285645
2072,-5.485606670379639,16.46245002746582,13,D30-6_35,delta,delta,celseq2,0.4956021010875702
2073,8.225699424743652,14.532492637634277,12,D30-6_36,alpha,alpha,celseq2,0.3852304518222809
2074,17.551061630249023,9.858460426330566,7,D30-6_37,acinar,acinar,celseq2,1.012448787689209
2075,-9.516518592834473,-1.17908775806427,4,D30-6_38,beta,beta,celseq2,0.5162050724029541
2076,7.514631748199463,13.487367630004883,12,D30-6_39,alpha,alpha,celseq2,0.39848846197128296
2077,17.440975189208984,7.725389003753662,7,D30-6_40,acinar,acinar,celseq2,0.7046927809715271
2078,9.080619812011719,13.944459915161133,12,D30-6_41,alpha,alpha,celseq2,0.4512536823749542
2079,7.964592933654785,13.483471870422363,12,D30-6_42,alpha,alpha,celseq2,0.3845422863960266
2080,16.818498611450195,7.377685546875,7,D30-6_44,acinar,acinar,celseq2,1.3295701742172241
2081,8.08324909210205,12.950621604919434,12,D30-6_45,alpha,alpha,celseq2,0.39035236835479736
2082,9.074838638305664,15.389984130859375,12,D30-6_46,alpha,alpha,celseq2,0.4657368063926697
2083,-9.511497497558594,2.6730730533599854,4,D30-6_47,beta,beta,celseq2,0.5545443296432495
2084,9.288907051086426,-4.266044616699219,9,D30-6_48,ductal,ductal,celseq2,1.5586236715316772
2085,-5.633321285247803,17.35409164428711,13,D30-6_49,delta,delta,celseq2,0.6618667244911194
2086,9.118874549865723,15.799910545349121,12,D30-6_50,alpha,alpha,celseq2,0.6218662858009338
2087,7.620820045471191,15.031363487243652,12,D30-6_51,alpha,alpha,celseq2,0.4390958249568939
2088,7.794174671173096,-2.876173496246338,9,D30-6_52,ductal,ductal,celseq2,0.8615366816520691
2089,-5.584451198577881,16.931690216064453,13,D30-6_53,delta,delta,celseq2,0.9614009857177734
2090,-9.860557556152344,2.024454116821289,4,D30-6_54,beta,beta,celseq2,0.47400325536727905
2091,6.08885383605957,13.423376083374023,12,D30-6_55,alpha,alpha,celseq2,0.4024902880191803
2092,-9.443268775939941,-0.7618577480316162,4,D30-6_56,beta,beta,celseq2,0.39699646830558777
2093,7.883700370788574,-3.4594197273254395,9,D30-6_57,ductal,ductal,celseq2,0.8677718639373779
2094,-5.058721542358398,16.74791145324707,13,D30-6_58,delta,delta,celseq2,0.5408194065093994
2095,-9.422891616821289,-0.9804018139839172,4,D30-6_59,beta,beta,celseq2,0.4446992874145508
2096,-8.644219398498535,-1.4634042978286743,4,D30-6_60,beta,beta,celseq2,0.4810309112071991
2097,8.977622032165527,-4.639730453491211,9,D30-6_61,ductal,ductal,celseq2,1.5839612483978271
2098,8.926630973815918,13.888608932495117,12,D30-6_62,alpha,alpha,celseq2,0.42382732033729553
2099,8.955657958984375,15.663703918457031,12,D30-6_63,alpha,alpha,celseq2,0.5080543756484985
2100,6.703577041625977,-2.4534738063812256,9,D30-6_64,ductal,ductal,celseq2,0.9066125750541687
2101,8.455476760864258,14.947138786315918,12,D30-6_65,alpha,alpha,celseq2,0.5523634552955627
2102,7.683257102966309,14.719145774841309,12,D30-6_66,alpha,alpha,celseq2,0.3845422863960266
2103,6.74422025680542,13.000423431396484,12,D30-6_67,alpha,alpha,celseq2,0.3845422863960266
2104,-8.636148452758789,-1.6602709293365479,4,D30-6_68,beta,beta,celseq2,0.7153940200805664
2105,6.95428991317749,-2.2584900856018066,9,D30-6_69,ductal,ductal,celseq2,1.1051708459854126
2106,4.620809078216553,12.895907402038574,12,D30-6_70,alpha,alpha,celseq2,0.5870928168296814
2107,8.876924514770508,14.485909461975098,12,D30-6_71,alpha,alpha,celseq2,0.3902759850025177
2108,6.280914306640625,15.005645751953125,12,D30-6_72,alpha,alpha,celseq2,0.5272217392921448
2109,8.955963134765625,16.04570198059082,12,D30-6_74,alpha,alpha,celseq2,0.7647390365600586
2110,5.460567474365234,13.065107345581055,12,D30-6_75,alpha,alpha,celseq2,0.4932168424129486
2111,-8.02697467803955,-0.9315640330314636,4,D30-6_76,beta,beta,celseq2,1.1364084482192993
2112,7.469892501831055,-2.6030962467193604,9,D30-6_77,ductal,ductal,celseq2,0.7464841604232788
2113,9.0617036819458,-3.72344970703125,9,D30-6_78,ductal,ductal,celseq2,1.1165833473205566
2114,-8.863526344299316,0.7575985193252563,4,D30-6_79,beta,beta,celseq2,0.5103866457939148
2115,17.271793365478516,9.770021438598633,7,D30-6_80,acinar,acinar,celseq2,1.100864052772522
2116,9.131482124328613,13.854219436645508,12,D30-6_81,alpha,alpha,celseq2,0.42805540561676025
2117,6.784957408905029,15.609882354736328,12,D30-6_82,alpha,alpha,celseq2,0.5313291549682617
2118,-7.907312870025635,-0.5225663781166077,4,D30-6_83,delta,beta,celseq2,1.2799752950668335
2119,-0.9233591556549072,-7.034247875213623,0,D30-6_84,activated_stellate,activated_stellate,celseq2,1.5141254663467407
2120,8.01870346069336,12.998045921325684,12,D30-6_85,alpha,alpha,celseq2,0.4445815682411194
2121,8.633453369140625,-3.781418800354004,9,D30-6_86,ductal,ductal,celseq2,1.0748109817504883
2122,6.74441385269165,12.951986312866211,12,D30-6_87,alpha,alpha,celseq2,0.39914563298225403
2123,7.9912543296813965,13.982956886291504,12,D30-6_88,alpha,alpha,celseq2,0.4161640405654907
2124,8.829859733581543,14.682915687561035,12,D30-6_89,alpha,alpha,celseq2,0.44421496987342834
2125,-5.291784763336182,17.450748443603516,13,D30-6_90,gamma,delta,celseq2,0.5560269951820374
2126,8.163128852844238,13.969934463500977,12,D30-6_91,alpha,alpha,celseq2,0.39623504877090454
2127,-5.1913018226623535,17.45964241027832,13,D30-6_92,delta,delta,celseq2,0.5284290313720703
2128,-0.7772651314735413,-7.490349292755127,0,D30-6_93,activated_stellate,activated_stellate,celseq2,1.717645287513733
2129,-9.90888786315918,1.0663502216339111,4,D30-6_94,beta,beta,celseq2,0.5192729234695435
2130,17.6530818939209,7.88614559173584,7,D30-7_1,acinar,acinar,celseq2,1.022345781326294
2131,7.308597087860107,13.536192893981934,12,D30-7_2,alpha,alpha,celseq2,0.39931347966194153
2132,-9.471681594848633,2.7454497814178467,4,D30-7_3,beta,beta,celseq2,0.6258636116981506
2133,-9.332545280456543,2.551452159881592,4,D30-7_4,beta,beta,celseq2,0.5061960220336914
2134,7.045441150665283,13.602468490600586,12,D30-7_5,alpha,alpha,celseq2,0.4205261766910553
2135,9.201125144958496,14.416460990905762,12,D30-7_6,alpha,alpha,celseq2,0.49097681045532227
2136,-5.554629802703857,16.384063720703125,13,D30-7_7,delta,delta,celseq2,0.49683597683906555
2137,5.228616714477539,13.708608627319336,12,D30-7_8,alpha,alpha,celseq2,1.3870543241500854
2138,-5.230545997619629,7.7867960929870605,11,D30-7_9,alpha,Unmatched_11,celseq2,2.7039990425109863
2139,8.690325736999512,13.780437469482422,12,D30-7_10,alpha,alpha,celseq2,0.6292466521263123
2140,17.842208862304688,7.636811256408691,7,D30-7_11,acinar,acinar,celseq2,0.8079148530960083
2141,8.871185302734375,13.856114387512207,12,D30-7_12,alpha,alpha,celseq2,0.4931604862213135
2142,-4.379917144775391,18.139848709106445,13,D30-7_13,delta,delta,celseq2,0.6781073808670044
2143,7.685097694396973,15.394266128540039,12,D30-7_14,alpha,alpha,celseq2,0.4361136853694916
2144,9.125691413879395,-4.3762102127075195,9,D30-7_15,ductal,ductal,celseq2,1.1729865074157715
2145,7.829947471618652,14.968084335327148,12,D30-7_16,alpha,alpha,celseq2,0.6601157784461975
2146,7.982847213745117,-3.5467522144317627,9,D30-7_17,ductal,ductal,celseq2,0.8522058725357056
2147,7.33939790725708,15.39698600769043,12,D30-7_18,alpha,alpha,celseq2,0.4371609389781952
2148,17.24503517150879,7.310670852661133,7,D30-7_20,acinar,acinar,celseq2,0.7465097308158875
2149,-9.463671684265137,2.516777992248535,4,D30-7_21,beta,beta,celseq2,0.5174230337142944
2150,-9.7109375,-0.2952158451080322,4,D30-7_22,beta,beta,celseq2,0.4339439570903778
2151,-5.211960792541504,16.41323471069336,13,D30-7_23,beta,delta,celseq2,0.8708166480064392
2152,17.627355575561523,8.903984069824219,7,D30-7_24,acinar,acinar,celseq2,0.847771167755127
2153,8.669557571411133,15.256373405456543,12,D30-7_25,alpha,alpha,celseq2,0.49290791153907776
2154,6.232601165771484,13.53736686706543,12,D30-7_26,alpha,alpha,celseq2,0.3889804780483246
2155,17.802885055541992,8.63927936553955,7,D30-7_28,acinar,acinar,celseq2,0.7483518719673157
2156,-5.685192108154297,16.99749755859375,13,D30-7_29,delta,delta,celseq2,0.533294677734375
2157,-1.4190431833267212,-7.418630123138428,0,D30-7_30,activated_stellate,activated_stellate,celseq2,1.2147847414016724
2158,-5.491438865661621,16.55572509765625,13,D30-7_31,delta,delta,celseq2,0.5976347327232361
2159,-5.207917213439941,16.403839111328125,13,D30-7_32,delta,delta,celseq2,0.4726780354976654
2160,-0.5421282649040222,-7.523736476898193,0,D30-7_33,activated_stellate,activated_stellate,celseq2,2.0705156326293945
2161,6.7006940841674805,-2.0540196895599365,9,D30-7_35,ductal,ductal,celseq2,1.3702651262283325
2162,7.2299580574035645,12.96986198425293,12,D30-7_36,alpha,alpha,celseq2,0.49520841240882874
2163,-1.5141464471817017,-7.363777160644531,0,D30-7_38,activated_stellate,activated_stellate,celseq2,1.50978422164917
2164,17.644994735717773,9.624978065490723,7,D30-7_39,acinar,acinar,celseq2,0.9578254222869873
2165,8.785232543945312,14.004627227783203,12,D30-7_40,alpha,alpha,celseq2,0.4090234339237213
2166,7.635400295257568,15.553667068481445,12,D30-7_41,alpha,alpha,celseq2,0.5080378651618958
2167,9.16408920288086,13.822449684143066,12,D30-7_42,alpha,alpha,celseq2,0.45683419704437256
2168,5.694053649902344,14.168437957763672,12,D30-7_43,alpha,alpha,celseq2,0.5281060338020325
2169,-9.61944580078125,0.9230402708053589,4,D30-7_44,beta,beta,celseq2,0.41463741660118103
2170,8.186771392822266,13.44770336151123,12,D30-7_45,alpha,alpha,celseq2,0.3854885399341583
2171,8.18157958984375,-3.6805481910705566,9,D30-7_46,ductal,ductal,celseq2,0.8567781448364258
2172,7.406519412994385,15.613715171813965,12,D30-7_47,alpha,alpha,celseq2,0.5585739612579346
2173,-8.235949516296387,3.5286130905151367,4,D30-7_48,beta,beta,celseq2,0.6789891123771667
2174,8.933784484863281,15.006345748901367,12,D30-7_49,alpha,alpha,celseq2,0.5962145924568176
2175,6.469771385192871,-2.159666061401367,9,D30-7_51,ductal,ductal,celseq2,1.3255892992019653
2176,9.062076568603516,15.241474151611328,12,D30-7_52,alpha,alpha,celseq2,0.4856685996055603
2177,-5.333893299102783,16.940587997436523,13,D30-7_53,delta,delta,celseq2,0.6427255272865295
2178,-9.934953689575195,1.9786617755889893,4,D30-7_54,beta,beta,celseq2,0.5115813612937927
2179,-5.554029941558838,17.00151824951172,13,D30-7_55,delta,delta,celseq2,0.49974894523620605
2180,-9.324435234069824,2.8126089572906494,4,D30-7_56,beta,beta,celseq2,0.547820508480072
2181,7.214746952056885,13.014583587646484,12,D30-7_57,alpha,alpha,celseq2,0.4169153571128845
2182,8.88416862487793,15.599926948547363,12,D30-7_60,alpha,alpha,celseq2,0.5585556626319885
2183,8.636011123657227,14.018784523010254,12,D30-7_61,alpha,alpha,celseq2,0.5088943839073181
2184,-9.454758644104004,2.4420716762542725,4,D30-7_62,beta,beta,celseq2,0.44826048612594604
2185,-9.351602554321289,-0.8211063742637634,4,D30-7_63,beta,beta,celseq2,0.5144889950752258
2186,9.173127174377441,13.922468185424805,12,D30-7_64,alpha,alpha,celseq2,0.45218461751937866
2187,9.082552909851074,13.92570972442627,12,D30-7_65,alpha,alpha,celseq2,0.4251067340373993
2188,6.8062357902526855,15.209358215332031,12,D30-7_66,alpha,alpha,celseq2,0.45040228962898254
2189,9.100107192993164,13.950668334960938,12,D30-7_67,alpha,alpha,celseq2,0.49157610535621643
2190,6.744446754455566,12.511188507080078,12,D30-7_68,alpha,alpha,celseq2,0.4620397388935089
2191,-8.460936546325684,-0.2925645411014557,4,D30-7_70,beta,beta,celseq2,0.5711248517036438
2192,9.105790138244629,15.292065620422363,12,D30-7_71,alpha,alpha,celseq2,0.5529853701591492
2193,-1.028205394744873,-7.173727035522461,0,D30-7_72,activated_stellate,activated_stellate,celseq2,1.2097594738006592
2194,7.503034591674805,12.725186347961426,12,D30-7_73,alpha,alpha,celseq2,0.5215392112731934
2195,8.941547393798828,-3.498509645462036,9,D30-7_74,ductal,ductal,celseq2,1.1408485174179077
2196,7.727417469024658,12.853463172912598,12,D30-7_75,alpha,alpha,celseq2,0.42103320360183716
2197,-9.45349407196045,0.6925100088119507,4,D30-7_76,beta,beta,celseq2,0.3892810642719269
2198,7.906276702880859,12.66469669342041,12,D30-7_77,alpha,alpha,celseq2,0.4798305332660675
2199,6.370944499969482,12.564545631408691,12,D30-7_78,alpha,alpha,celseq2,0.48484495282173157
2200,-9.765130043029785,2.240736484527588,4,D30-7_79,beta,beta,celseq2,0.6408858299255371
2201,-9.337279319763184,2.5459563732147217,4,D30-7_80,beta,beta,celseq2,0.5983235836029053
2202,-1.2253097295761108,-7.328706741333008,0,D30-7_81,activated_stellate,activated_stellate,celseq2,1.184707522392273
2203,-8.35925006866455,-0.2703995108604431,4,D30-7_82,beta,beta,celseq2,0.7020575404167175
2204,8.482254981994629,-3.6705617904663086,9,D30-7_83,ductal,ductal,celseq2,1.0408278703689575
2205,-1.8636656999588013,-5.987682342529297,0,D30-7_84,schwann,activated_stellate,celseq2,2.8589842319488525
2206,6.813953399658203,-2.0710277557373047,9,D30-7_85,ductal,ductal,celseq2,1.1224504709243774
2207,-1.4259306192398071,-7.411641597747803,0,D30-7_86,activated_stellate,activated_stellate,celseq2,1.3604991436004639
2208,6.79034423828125,13.153782844543457,12,D30-7_87,alpha,alpha,celseq2,0.42064931988716125
2209,6.448943614959717,4.254703998565674,5,D30-7_88,macrophage,macrophage,celseq2,3.993431806564331
2210,-4.738222599029541,17.983356475830078,13,D30-7_89,delta,delta,celseq2,0.6835775375366211
2211,15.28794002532959,-10.965188026428223,2,D30-7_90,endothelial,endothelial,celseq2,2.994647979736328
2212,17.210744857788086,8.534906387329102,7,D30-7_91,acinar,acinar,celseq2,0.9522567391395569
2213,9.039376258850098,15.547948837280273,12,D30-7_92,alpha,alpha,celseq2,0.6291462779045105
2214,9.198444366455078,13.92775821685791,12,D30-7_93,alpha,alpha,celseq2,0.48262327909469604
2215,-10.049627304077148,0.577103316783905,4,D30-7_94,beta,beta,celseq2,0.4391760528087616
2216,5.928473472595215,13.387629508972168,12,D30-8_1,alpha,alpha,celseq2,0.4321800768375397
2217,8.132408142089844,12.916070938110352,12,D30-8_2,alpha,alpha,celseq2,0.44315406680107117
2218,-4.003110885620117,16.95323371887207,13,D30-8_3,delta,delta,celseq2,0.641513466835022
2219,6.73625373840332,-2.4649856090545654,9,D30-8_4,ductal,ductal,celseq2,0.8231464624404907
2220,7.675756454467773,14.251777648925781,12,D30-8_5,alpha,alpha,celseq2,0.41061243414878845
2221,-9.439870834350586,1.0957599878311157,4,D30-8_6,beta,beta,celseq2,0.4143962562084198
2222,7.650730133056641,12.61253547668457,12,D30-8_7,alpha,alpha,celseq2,0.41405996680259705
2223,6.629723072052002,-2.383735418319702,9,D30-8_8,ductal,ductal,celseq2,0.7679446935653687
2224,-4.198310375213623,17.90389060974121,13,D30-8_9,delta,delta,celseq2,0.8115906715393066
2225,8.890637397766113,15.589024543762207,12,D30-8_10,alpha,alpha,celseq2,0.5775548219680786
2226,7.503604888916016,13.15929126739502,12,D30-8_11,alpha,alpha,celseq2,0.3846264183521271
2227,-9.680827140808105,1.1738132238388062,4,D30-8_12,beta,beta,celseq2,0.43190598487854004
2228,7.790700435638428,12.957069396972656,12,D30-8_13,alpha,alpha,celseq2,0.3845422863960266
2229,-8.555041313171387,-1.473585844039917,4,D30-8_14,beta,beta,celseq2,0.7337323427200317
2230,-1.7175817489624023,-7.15302848815918,0,D30-8_15,activated_stellate,activated_stellate,celseq2,1.781735897064209
2231,9.26459789276123,-4.562160015106201,9,D30-8_16,ductal,ductal,celseq2,1.192787766456604
2232,-8.690800666809082,-1.4367425441741943,4,D30-8_17,beta,beta,celseq2,0.493325412273407
2233,-1.8407472372055054,-6.953396797180176,0,D30-8_18,activated_stellate,activated_stellate,celseq2,2.8281166553497314
2234,7.9362688064575195,14.12865161895752,12,D30-8_19,alpha,alpha,celseq2,0.4004088342189789
2235,8.477428436279297,13.891793251037598,12,D30-8_20,alpha,alpha,celseq2,0.4008670449256897
2236,6.977277755737305,3.861400842666626,6,D30-8_21,mast,mast,celseq2,3.993431806564331
2237,8.039555549621582,-4.203648090362549,9,D30-8_22,ductal,ductal,celseq2,1.308815598487854
2238,9.039130210876465,15.37646484375,12,D30-8_23,alpha,alpha,celseq2,0.49546387791633606
2239,17.4368953704834,8.87890911102295,7,D30-8_24,acinar,acinar,celseq2,1.2104270458221436
2240,-1.473083257675171,-7.413089275360107,0,D30-8_25,activated_stellate,activated_stellate,celseq2,1.7900477647781372
2241,9.182182312011719,14.636637687683105,12,D30-8_26,alpha,alpha,celseq2,0.48879650235176086
2242,-8.642471313476562,-1.0091015100479126,4,D30-8_27,beta,beta,celseq2,0.5534597635269165
2243,7.0020365715026855,13.964112281799316,12,D30-8_28,alpha,alpha,celseq2,0.4320470690727234
2244,8.880495071411133,-3.4687607288360596,9,D30-8_29,ductal,ductal,celseq2,1.2141106128692627
2245,7.18560791015625,14.499670028686523,12,D30-8_31,alpha,alpha,celseq2,0.38892313838005066
2246,-5.180727481842041,17.468782424926758,13,D30-8_32,delta,delta,celseq2,0.528756320476532
2247,17.680818557739258,9.663318634033203,7,D30-8_33,acinar,acinar,celseq2,1.3374648094177246
2248,15.311830520629883,-10.98757266998291,2,D30-8_34,endothelial,endothelial,celseq2,3.1028170585632324
2249,-9.474720001220703,1.1522583961486816,4,D30-8_35,beta,beta,celseq2,0.6587540507316589
2250,16.01496124267578,6.490289211273193,7,D30-8_36,acinar,acinar,celseq2,0.9689757823944092
2251,17.52427101135254,9.864579200744629,7,D30-8_37,acinar,acinar,celseq2,1.0146152973175049
2252,7.420090675354004,-2.722463607788086,9,D30-8_38,ductal,ductal,celseq2,0.8483144640922546
2253,6.651666641235352,13.029685974121094,12,D30-8_39,alpha,alpha,celseq2,0.4001017212867737
2254,-4.377598285675049,16.31668472290039,13,D30-8_40,delta,delta,celseq2,0.6104773879051208
2255,8.64145565032959,15.02131462097168,12,D30-8_43,alpha,alpha,celseq2,0.47915613651275635
2256,8.775118827819824,15.357351303100586,12,D30-8_44,alpha,alpha,celseq2,0.4596700072288513
2257,-9.636336326599121,0.08741241693496704,4,D30-8_45,beta,beta,celseq2,0.45528095960617065
2258,-9.625466346740723,-0.4416486620903015,4,D30-8_46,beta,beta,celseq2,0.511643648147583
2259,7.740795612335205,14.363125801086426,12,D30-8_47,alpha,alpha,celseq2,0.43443089723587036
2260,8.911314964294434,15.610791206359863,12,D30-8_48,alpha,alpha,celseq2,0.5095700025558472
2261,-9.438382148742676,-0.7625694870948792,4,D30-8_49,beta,beta,celseq2,0.42135125398635864
2262,-0.6830679774284363,-7.487066268920898,0,D30-8_50,activated_stellate,activated_stellate,celseq2,1.7931379079818726
2263,-10.11862850189209,0.9590595960617065,4,D30-8_51,beta,beta,celseq2,0.4800471067428589
2264,7.4793806076049805,12.694696426391602,12,D30-8_52,alpha,alpha,celseq2,0.3896041810512543
2265,9.006380081176758,15.70082950592041,12,D30-8_53,alpha,alpha,celseq2,0.49777066707611084
2266,6.520634174346924,13.839247703552246,12,D30-8_54,alpha,alpha,celseq2,0.43643349409103394
2267,-4.069437503814697,17.17542266845703,13,D30-8_55,delta,delta,celseq2,0.5046787261962891
2268,-1.593461275100708,-7.208162307739258,0,D30-8_57,activated_stellate,activated_stellate,celseq2,1.554915189743042
2269,-9.77232551574707,0.9204939007759094,4,D30-8_59,beta,beta,celseq2,0.4451045095920563
2270,-1.0052376985549927,-7.191238880157471,0,D30-8_60,activated_stellate,activated_stellate,celseq2,1.2458502054214478
2271,-8.736741065979004,-1.3773393630981445,4,D30-8_62,beta,beta,celseq2,0.4734819829463959
2272,17.458955764770508,9.909289360046387,7,D30-8_63,acinar,acinar,celseq2,1.2449219226837158
2273,9.3861722946167,17.052194595336914,12,D30-8_64,alpha,alpha,celseq2,1.0990928411483765
2274,17.550716400146484,9.884077072143555,7,D30-8_65,acinar,acinar,celseq2,1.529014229774475
2275,-5.587061882019043,17.70162010192871,13,D30-8_66,delta,delta,celseq2,0.734876275062561
2276,6.982065677642822,12.560198783874512,12,D30-8_67,alpha,alpha,celseq2,0.5225080251693726
2277,-9.111936569213867,0.01921975612640381,4,D30-8_68,beta,beta,celseq2,0.5993573665618896
2278,17.459135055541992,9.244772911071777,7,D30-8_69,acinar,acinar,celseq2,1.2336171865463257
2279,5.927148342132568,13.550909996032715,12,D30-8_70,alpha,alpha,celseq2,0.42011019587516785
2280,9.14120101928711,14.436944007873535,12,D30-8_71,alpha,alpha,celseq2,0.4455898106098175
2281,-9.974059104919434,1.9096065759658813,4,D30-8_73,beta,beta,celseq2,0.5010353326797485
2282,-9.403721809387207,0.9584816098213196,4,D30-8_74,beta,beta,celseq2,0.4430256485939026
2283,8.69343376159668,13.373270034790039,12,D30-8_75,alpha,alpha,celseq2,0.41584664583206177
2284,7.642669200897217,15.609249114990234,12,D30-8_76,alpha,alpha,celseq2,0.4805549085140228
2285,8.245319366455078,14.801101684570312,12,D30-8_77,alpha,alpha,celseq2,0.4393978714942932
2286,8.895174026489258,13.940193176269531,12,D30-8_78,alpha,alpha,celseq2,0.3924599885940552
2287,9.406342506408691,15.887754440307617,12,D30-8_79,alpha,alpha,celseq2,0.744929313659668
2288,-9.534382820129395,1.1498414278030396,4,D30-8_80,beta,beta,celseq2,0.5729672312736511
2289,17.84136199951172,9.20702838897705,7,D30-8_81,acinar,acinar,celseq2,1.3373677730560303
2290,6.5474371910095215,-2.5707669258117676,9,D30-8_82,ductal,ductal,celseq2,0.9413560032844543
2291,6.969691753387451,15.190140724182129,12,D30-8_83,alpha,alpha,celseq2,0.457238107919693
2292,17.630868911743164,9.672162055969238,7,D30-8_84,acinar,acinar,celseq2,1.3353368043899536
2293,-9.763248443603516,2.3127875328063965,4,D30-8_85,beta,beta,celseq2,0.7958093881607056
2294,-4.80463981628418,16.28145980834961,13,D30-8_86,delta,delta,celseq2,0.8074960112571716
2295,15.353013038635254,-11.02761459350586,2,D30-8_87,endothelial,endothelial,celseq2,3.76180362701416
2296,-5.087954044342041,17.481077194213867,13,D30-8_88,delta,delta,celseq2,0.6257140040397644
2297,8.577452659606934,14.700376510620117,12,D30-8_89,alpha,alpha,celseq2,0.48376256227493286
2298,9.275381088256836,13.973228454589844,12,D30-8_90,alpha,alpha,celseq2,0.6411389112472534
2299,-1.4154082536697388,-7.432116508483887,0,D30-8_91,activated_stellate,activated_stellate,celseq2,1.233866810798645
2300,8.949344635009766,14.107300758361816,12,D30-8_92,alpha,alpha,celseq2,0.41042494773864746
2301,8.1411771774292,-3.1341114044189453,9,D30-8_93,ductal,ductal,celseq2,1.0808162689208984
2302,-1.0292680263519287,-6.82857608795166,0,D30-8_94,activated_stellate,activated_stellate,celseq2,2.354390859603882
2303,-2.992624282836914,17.10515785217285,13,HP1502401_H13,gamma,delta,smartseq2,0.8603038191795349
2304,4.546164512634277,12.619817733764648,12,HP1502401_J14,alpha,alpha,smartseq2,0.6534874439239502
2305,-7.949555397033691,1.8852382898330688,4,HP1502401_B14,beta,beta,smartseq2,0.7872932553291321
2306,16.929702758789062,9.463994979858398,7,HP1502401_A14,acinar,acinar,smartseq2,1.322121500968933
2307,6.015844821929932,12.356773376464844,12,HP1502401_C14,alpha,alpha,smartseq2,0.38822394609451294
2308,-7.486198902130127,3.675342559814453,4,HP1502401_G14,beta,beta,smartseq2,1.293731689453125
2309,-3.4868083000183105,16.36957359313965,13,HP1502401_E14,epsilon,delta,smartseq2,0.810481071472168
2310,-3.2136666774749756,16.93584442138672,13,HP1502401_L14,gamma,delta,smartseq2,0.5649989247322083
2311,4.584476947784424,12.021255493164062,12,HP1502401_M14,alpha,alpha,smartseq2,0.40461084246635437
2312,-4.0348896980285645,16.013561248779297,13,HP1502401_K14,gamma,delta,smartseq2,0.5408875346183777
2313,17.40268898010254,9.990208625793457,7,HP1502401_I14,acinar,acinar,smartseq2,1.9389431476593018
2314,16.481550216674805,9.018181800842285,7,HP1502401_F13,acinar,acinar,smartseq2,1.216310977935791
2315,4.393556118011475,11.176949501037598,12,HP1502401_L13,alpha,alpha,smartseq2,0.3845422863960266
2316,-7.873373031616211,1.8667320013046265,4,HP1502401_D13,beta,beta,smartseq2,0.7602831721305847
2317,6.026619911193848,12.321281433105469,12,HP1502401_H14,alpha,alpha,smartseq2,0.40092653036117554
2318,-5.480311393737793,17.821805953979492,13,HP1502401_F17,gamma,delta,smartseq2,0.6678706407546997
2319,-5.0468058586120605,16.884511947631836,13,HP1504101T2D_B4,gamma,delta,smartseq2,0.501731276512146
2320,6.105316162109375,14.81254768371582,12,HP1504101T2D_M6,alpha,alpha,smartseq2,0.513903021812439
2321,-2.406475067138672,16.92256736755371,13,HP1504101T2D_F15,alpha,delta,smartseq2,1.1382513046264648
2322,-1.8540791273117065,-6.012173175811768,0,HP1504101T2D_H7,schwann,activated_stellate,smartseq2,2.8589842319488525
2323,7.090923309326172,-1.3576644659042358,9,HP1502401_H23,ductal,ductal,smartseq2,1.329261302947998
2324,3.695936918258667,12.212212562561035,12,HP1502401_L21,alpha,alpha,smartseq2,0.43028607964515686
2325,6.734534740447998,13.324559211730957,12,HP1504101T2D_F10,alpha,alpha,smartseq2,0.4223754405975342
2326,-4.531328201293945,16.123559951782227,13,HP1504101T2D_B10,gamma,delta,smartseq2,0.49115610122680664
2327,16.46621322631836,9.003966331481934,7,HP1502401_G18,acinar,acinar,smartseq2,1.2304526567459106
2328,5.199971675872803,12.266427993774414,12,HP1502401_K22,alpha,alpha,smartseq2,0.39373040199279785
2329,4.535582542419434,11.381461143493652,12,HP1502401_I22,alpha,alpha,smartseq2,0.4079075753688812
2330,3.7965147495269775,10.928834915161133,12,HP1504101T2D_M18,alpha,alpha,smartseq2,0.39031699299812317
2331,-7.146305561065674,3.3070857524871826,4,HP1502401_J22,beta,beta,smartseq2,1.0415089130401611
2332,4.533496856689453,12.166871070861816,12,HP1502401_F4,alpha,alpha,smartseq2,0.3845422863960266
2333,-8.951992988586426,2.7929208278656006,4,HP1504101T2D_O12,beta,beta,smartseq2,0.6493620872497559
2334,5.119124412536621,12.532896995544434,12,HP1502401_M15,alpha,alpha,smartseq2,0.38849353790283203
2335,-4.108969211578369,16.136539459228516,13,HP1504101T2D_G16,gamma,delta,smartseq2,0.49014878273010254
2336,4.256299018859863,10.70009708404541,12,HP1504101T2D_L23,alpha,alpha,smartseq2,0.40722355246543884
2337,-7.116694450378418,3.3909854888916016,4,HP1502401_G24,beta,beta,smartseq2,1.068488597869873
2338,7.14426851272583,-1.0942304134368896,9,HP1502401_G23,ductal,ductal,smartseq2,1.2484790086746216
2339,-4.6098456382751465,16.770341873168945,13,HP1504101T2D_A24,delta,delta,smartseq2,0.5183266997337341
2340,5.583153247833252,11.878010749816895,12,HP1504101T2D_N17,alpha,alpha,smartseq2,0.401091992855072
2341,-8.451537132263184,0.7577369213104248,4,HP1502401_N8,beta,beta,smartseq2,0.7592793107032776
2342,5.321784019470215,12.073333740234375,12,HP1504101T2D_G1,alpha,alpha,smartseq2,0.41415202617645264
2343,-4.281915187835693,15.896651268005371,13,HP1504101T2D_A15,gamma,delta,smartseq2,0.5187143683433533
2344,4.779620170593262,14.476608276367188,12,HP1504101T2D_M19,alpha,alpha,smartseq2,0.9852335453033447
2345,-8.240933418273926,1.2757456302642822,4,HP1502401_O16,beta,beta,smartseq2,0.6591752767562866
2346,-7.4376749992370605,3.0971460342407227,4,HP1504101T2D_E16,beta,beta,smartseq2,0.961365282535553
2347,5.344729900360107,12.331085205078125,12,HP1502401_A12,alpha,alpha,smartseq2,0.3858528435230255
2348,7.796164035797119,-0.8170234560966492,9,HP1502401_D18,ductal,ductal,smartseq2,1.2581619024276733
2349,-3.3819949626922607,16.521146774291992,13,HP1504101T2D_K2,gamma,delta,smartseq2,0.5171163082122803
2350,5.758923530578613,12.138809204101562,12,HP1502401_D5,alpha,alpha,smartseq2,0.3845422863960266
2351,-6.981773853302002,3.5460824966430664,4,HP1502401_H22,beta,beta,smartseq2,1.3490992784500122
2352,5.381536483764648,12.257699966430664,12,HP1504101T2D_J15,alpha,alpha,smartseq2,0.3845422863960266
2353,4.203375816345215,9.955931663513184,12,HP1504101T2D_N7,alpha,alpha,smartseq2,0.3875327706336975
2354,5.234030246734619,12.552706718444824,12,HP1504101T2D_O16,alpha,alpha,smartseq2,0.4052402377128601
2355,4.635811805725098,13.849220275878906,12,HP1502401_M5,alpha,alpha,smartseq2,0.714710533618927
2356,3.224156379699707,12.13815975189209,12,HP1504101T2D_M4,alpha,alpha,smartseq2,0.6941629648208618
2357,5.261447429656982,11.046609878540039,12,HP1504101T2D_I20,alpha,alpha,smartseq2,0.39426949620246887
2358,6.6027703285217285,15.74361801147461,12,HP1502401_K17,alpha,alpha,smartseq2,1.004660964012146
2359,-4.55288028717041,16.850566864013672,13,HP1504101T2D_B22,gamma,delta,smartseq2,0.47468283772468567
2360,-4.476704120635986,15.892470359802246,13,HP1504101T2D_G4,gamma,delta,smartseq2,0.5563992857933044
2361,4.528589248657227,11.737238883972168,12,HP1502401_H15,alpha,alpha,smartseq2,0.3845422863960266
2362,4.53975248336792,12.116548538208008,12,HP1502401_H8,alpha,alpha,smartseq2,0.38710740208625793
2363,6.925856590270996,13.826248168945312,12,HP1502401_N17,alpha,alpha,smartseq2,0.46005263924598694
2364,-3.6495566368103027,16.79323959350586,13,HP1504101T2D_L13,gamma,delta,smartseq2,0.489755779504776
2365,3.728931188583374,12.828296661376953,12,HP1504101T2D_K24,alpha,alpha,smartseq2,0.49570658802986145
2366,-3.1452841758728027,16.79289436340332,13,HP1504101T2D_B24,gamma,delta,smartseq2,0.5034871697425842
2367,-4.391750335693359,16.056608200073242,13,HP1504101T2D_H14,gamma,delta,smartseq2,0.48295527696609497
2368,-7.87571907043457,3.803379535675049,4,HP1502401_A7,beta,beta,smartseq2,0.8950197696685791
2369,-2.413905382156372,16.88931655883789,14,HP1504101T2D_I1,alpha,epsilon,smartseq2,1.346145749092102
2370,4.670191287994385,12.523662567138672,12,HP1502401_O2,alpha,alpha,smartseq2,0.41380706429481506
2371,-7.837038040161133,1.269796371459961,4,HP1504101T2D_C24,beta,beta,smartseq2,0.8536960482597351
2372,6.036736011505127,14.095447540283203,12,HP1502401_J21,alpha,alpha,smartseq2,0.4285304546356201
2373,6.147796154022217,11.438665390014648,12,HP1504101T2D_J13,alpha,alpha,smartseq2,0.5226485133171082
2374,5.764784812927246,11.63962173461914,12,HP1502401_J8,alpha,alpha,smartseq2,0.4444792866706848
2375,5.447889804840088,12.278067588806152,12,HP1502401_N15,alpha,alpha,smartseq2,0.3845422863960266
2376,15.86646556854248,7.621086120605469,7,HP1504101T2D_L14,acinar,acinar,smartseq2,1.4436264038085938
2377,3.111466407775879,11.773263931274414,12,HP1504101T2D_D2,alpha,alpha,smartseq2,0.7033683061599731
2378,16.427440643310547,8.71743392944336,7,HP1502401_N2,acinar,acinar,smartseq2,1.2299989461898804
2379,5.1914215087890625,12.491568565368652,12,HP1502401_H7,alpha,alpha,smartseq2,0.3845422863960266
2380,3.8996634483337402,11.22493839263916,12,HP1504101T2D_O13,alpha,alpha,smartseq2,1.4979453086853027
2381,4.174210071563721,10.792571067810059,12,HP1504101T2D_L2,alpha,alpha,smartseq2,0.3845422863960266
2382,-3.1910245418548584,16.39592933654785,13,HP1502401_E5,gamma,delta,smartseq2,0.5894795656204224
2383,9.11194133758545,13.800243377685547,14,HP1502401_O1,alpha,epsilon,smartseq2,1.3764967918395996
2384,-8.183511734008789,1.9870495796203613,4,HP1502401_B7,beta,beta,smartseq2,0.5923017263412476
2385,4.737331867218018,14.417208671569824,12,HP1504101T2D_I24,alpha,alpha,smartseq2,0.9299694299697876
2386,5.103954792022705,12.388908386230469,12,HP1504101T2D_J18,alpha,alpha,smartseq2,0.6369098424911499
2387,5.330230712890625,11.230085372924805,12,HP1502401_L3,alpha,alpha,smartseq2,0.4752521514892578
2388,5.075588226318359,12.109565734863281,12,HP1502401_J1,alpha,alpha,smartseq2,0.44414371252059937
2389,5.248847007751465,12.340154647827148,12,HP1502401_H3,alpha,alpha,smartseq2,0.4007018208503723
2390,-7.319546222686768,3.686657190322876,4,HP1504101T2D_B6,beta,beta,smartseq2,1.1578285694122314
2391,3.935075283050537,12.127883911132812,12,HP1502401_I15,alpha,alpha,smartseq2,0.3845422863960266
2392,8.644390106201172,-4.2217936515808105,9,HP1504101T2D_B8,ductal,ductal,smartseq2,1.4857629537582397
2393,-5.209827423095703,16.847646713256836,13,HP1502401_D17,delta,delta,smartseq2,0.6402055621147156
2394,5.024264812469482,12.786057472229004,12,HP1504101T2D_M15,alpha,alpha,smartseq2,0.5646634101867676
2395,4.263631820678711,11.10525131225586,12,HP1502401_I4,alpha,alpha,smartseq2,1.2702717781066895
2396,6.1975812911987305,12.392125129699707,12,HP1502401_J23,alpha,alpha,smartseq2,0.4292144775390625
2397,16.646442413330078,8.960830688476562,7,HP1502401_O14,acinar,acinar,smartseq2,1.3047058582305908
2398,4.128361701965332,11.693581581115723,12,HP1504101T2D_N15,alpha,alpha,smartseq2,0.3845422863960266
2399,5.498293876647949,12.961397171020508,12,HP1502401_M18,alpha,alpha,smartseq2,0.5135030150413513
2400,9.416647911071777,-3.4898345470428467,9,HP1502401_L5,ductal,ductal,smartseq2,1.1797664165496826
2401,3.7051889896392822,12.216730117797852,12,HP1504101T2D_F7,alpha,alpha,smartseq2,0.3968193531036377
2402,3.329009532928467,10.4718017578125,12,HP1504101T2D_I5,alpha,alpha,smartseq2,0.40668871998786926
2403,15.321527481079102,-10.996517181396484,2,HP1504101T2D_C1,endothelial,endothelial,smartseq2,3.0281405448913574
2404,-1.8191183805465698,-6.656247615814209,0,HP1504101T2D_P14,quiescent_stellate,activated_stellate,smartseq2,2.8589842319488525
2405,-4.552605152130127,15.955159187316895,13,HP1504101T2D_A20,gamma,delta,smartseq2,0.48648741841316223
2406,-8.102599143981934,1.5747764110565186,4,HP1502401_H11,beta,beta,smartseq2,0.7088029980659485
2407,16.772005081176758,9.048271179199219,7,HP1504101T2D_K19,acinar,acinar,smartseq2,1.6041637659072876
2408,6.685535907745361,14.070878028869629,12,HP1502401_K15,alpha,alpha,smartseq2,0.39727887511253357
2409,3.9728353023529053,10.388669967651367,12,HP1504101T2D_C17,alpha,alpha,smartseq2,0.3845422863960266
2410,-5.236997604370117,7.7932891845703125,11,HP1502401_G10,alpha,Unmatched_11,smartseq2,2.550039529800415
2411,4.594012260437012,13.808597564697266,12,HP1502401_L2,alpha,alpha,smartseq2,0.6351003050804138
2412,-5.543980121612549,18.300493240356445,14,HP1504101T2D_D8,beta,epsilon,smartseq2,1.4620474576950073
2413,4.755317687988281,11.644521713256836,12,HP1502401_L23,alpha,alpha,smartseq2,0.5245510339736938
2414,5.111278533935547,13.34849739074707,12,HP1502401_F19,alpha,alpha,smartseq2,0.45787015557289124
2415,6.5755534172058105,15.520909309387207,12,HP1502401_L17,alpha,alpha,smartseq2,0.6740098595619202
2416,4.068942546844482,12.11313533782959,12,HP1502401_O22,alpha,alpha,smartseq2,0.3845422863960266
2417,-2.975921392440796,16.738492965698242,13,HP1504101T2D_I7,gamma,delta,smartseq2,0.5601832866668701
2418,-5.563058376312256,16.962116241455078,13,HP1504101T2D_H5,delta,delta,smartseq2,0.9716903567314148
2419,5.112435817718506,13.258731842041016,12,HP1502401_L16,alpha,alpha,smartseq2,0.44472235441207886
2420,3.9347589015960693,13.014187812805176,12,HP1504101T2D_F22,alpha,alpha,smartseq2,0.5334668159484863
2421,-2.401566505432129,16.924402236938477,14,HP1504101T2D_J2,alpha,epsilon,smartseq2,1.2272346019744873
2422,5.207124710083008,11.076196670532227,12,HP1504101T2D_E1,alpha,alpha,smartseq2,0.4063591957092285
2423,-3.5466747283935547,17.559263229370117,13,HP1502401_A18,delta,delta,smartseq2,0.6249969601631165
2424,5.725978374481201,13.755335807800293,12,HP1504101T2D_A19,alpha,alpha,smartseq2,0.47170311212539673
2425,5.346039772033691,13.391873359680176,12,HP1504101T2D_G2,alpha,alpha,smartseq2,0.8197563290596008
2426,3.625570297241211,12.702041625976562,12,HP1504101T2D_J11,alpha,alpha,smartseq2,0.6458278298377991
2427,3.7532713413238525,12.786322593688965,12,HP1504101T2D_K22,alpha,alpha,smartseq2,0.4286072552204132
2428,6.664548397064209,12.791397094726562,12,HP1502401_L12,alpha,alpha,smartseq2,0.3912540376186371
2429,-5.703437805175781,18.088314056396484,14,HP1504101T2D_E19,ductal,epsilon,smartseq2,1.9627012014389038
2430,-7.924117088317871,1.3350565433502197,4,HP1502401_E22,beta,beta,smartseq2,0.9307127594947815
2431,4.564224720001221,11.977982521057129,12,HP1502401_H2,alpha,alpha,smartseq2,0.4234476387500763
2432,4.311104774475098,11.490585327148438,12,HP1504101T2D_G17,alpha,alpha,smartseq2,0.4052431285381317
2433,-8.256509780883789,2.4405429363250732,4,HP1502401_N1,beta,beta,smartseq2,0.5918768048286438
2434,9.158679962158203,13.827342987060547,12,HP1504101T2D_N19,alpha,alpha,smartseq2,1.1475814580917358
2435,3.7647604942321777,10.878098487854004,12,HP1504101T2D_I17,alpha,alpha,smartseq2,0.3845422863960266
2436,-4.655738353729248,17.216014862060547,13,HP1502401_E7,gamma,delta,smartseq2,0.6197612285614014
2437,-3.0553417205810547,16.755313873291016,13,HP1504101T2D_E11,gamma,delta,smartseq2,0.5592102408409119
2438,8.047635078430176,-1.0026358366012573,9,HP1502401_H21,ductal,ductal,smartseq2,1.7333515882492065
2439,-3.4573473930358887,16.201833724975586,13,HP1504101T2D_E18,gamma,delta,smartseq2,0.5838435888290405
2440,6.0845112800598145,12.669842720031738,12,HP1504101T2D_D7,alpha,alpha,smartseq2,0.4580877423286438
2441,-2.4481019973754883,16.944517135620117,13,HP1502401_B18,gamma,delta,smartseq2,0.9894054532051086
2442,4.007303714752197,11.390048027038574,12,HP1502401_K9,alpha,alpha,smartseq2,0.699238121509552
2443,4.59561014175415,12.46947956085205,12,HP1502401_E16,alpha,alpha,smartseq2,0.456950843334198
2444,6.212029933929443,12.333734512329102,12,HP1504101T2D_L21,alpha,alpha,smartseq2,0.3905922770500183
2445,3.208242416381836,10.793012619018555,12,HP1504101T2D_N12,alpha,alpha,smartseq2,0.5349427461624146
2446,6.490170478820801,15.336137771606445,12,HP1502401_M4,alpha,alpha,smartseq2,0.5230579972267151
2447,3.7623963356018066,12.792643547058105,12,HP1504101T2D_B16,alpha,alpha,smartseq2,0.5863630175590515
2448,5.422736644744873,11.209095001220703,12,HP1504101T2D_E23,alpha,alpha,smartseq2,0.44441890716552734
2449,-7.799947738647461,1.3739076852798462,4,HP1502401_D7,beta,beta,smartseq2,0.8382622599601746
2450,-4.407251358032227,16.252586364746094,13,HP1504101T2D_L15,gamma,delta,smartseq2,0.4975770115852356
2451,-4.193996906280518,16.44913101196289,13,HP1504101T2D_D17,gamma,delta,smartseq2,0.5195044875144958
2452,-3.0846915245056152,17.206684112548828,13,HP1504101T2D_A4,gamma,delta,smartseq2,0.6653447151184082
2453,6.396780490875244,12.312373161315918,12,HP1502401_O21,alpha,alpha,smartseq2,0.42061847448349
2454,3.3541996479034424,11.145169258117676,12,HP1502401_M10,alpha,alpha,smartseq2,0.567847728729248
2455,4.30046272277832,9.830242156982422,12,HP1504101T2D_H9,alpha,alpha,smartseq2,0.4166618585586548
2456,3.1184322834014893,10.58354377746582,12,HP1504101T2D_A5,alpha,alpha,smartseq2,0.4543919265270233
2457,4.4086151123046875,11.219758033752441,12,HP1504101T2D_K23,alpha,alpha,smartseq2,0.3845422863960266
2458,-4.758121013641357,17.26860809326172,13,HP1502401_I7,delta,delta,smartseq2,0.5332249402999878
2459,-8.281655311584473,1.1116399765014648,4,HP1502401_C18,beta,beta,smartseq2,0.7034388780593872
2460,-4.929942607879639,17.12540626525879,13,HP1502401_O6,delta,delta,smartseq2,0.5531643033027649
2461,-2.9594669342041016,16.825925827026367,13,HP1502401_K24,gamma,delta,smartseq2,0.5667171478271484
2462,4.415256500244141,10.084668159484863,12,HP1502401_J11,alpha,alpha,smartseq2,0.6352223753929138
2463,5.448501110076904,12.299649238586426,12,HP1502401_H4,alpha,alpha,smartseq2,0.3946002125740051
2464,6.230139255523682,14.287497520446777,12,HP1502401_L11,alpha,alpha,smartseq2,0.49623578786849976
2465,3.784586191177368,12.905935287475586,12,HP1502401_K3,alpha,alpha,smartseq2,0.5246332287788391
2466,-4.420152187347412,17.748350143432617,13,HP1502401_C8,delta,delta,smartseq2,0.6030190587043762
2467,3.626408100128174,12.151104927062988,12,HP1504101T2D_I18,alpha,alpha,smartseq2,0.4468707740306854
2468,-7.062512397766113,3.3670461177825928,4,HP1502401_F22,beta,beta,smartseq2,1.3020912408828735
2469,7.891717433929443,12.595603942871094,12,HP1502401_I16,alpha,alpha,smartseq2,0.5209530591964722
2470,16.733442306518555,8.86035442352295,7,HP1502401_B17,acinar,acinar,smartseq2,1.5004466772079468
2471,4.714707851409912,11.999839782714844,12,HP1504101T2D_P2,alpha,alpha,smartseq2,0.3845422863960266
2472,8.707789421081543,-1.5909422636032104,9,HP1502401_N18,ductal,ductal,smartseq2,1.3150787353515625
2473,-8.205318450927734,1.0636826753616333,4,HP1504101T2D_N10,beta,beta,smartseq2,0.69940584897995
2474,4.1355485916137695,9.977986335754395,12,HP1504101T2D_I14,alpha,alpha,smartseq2,0.47993412613868713
2475,-5.047449111938477,16.977619171142578,13,HP1504101T2D_F17,delta,delta,smartseq2,0.4661136269569397
2476,-8.311980247497559,2.5550529956817627,4,HP1502401_B24,beta,beta,smartseq2,0.5774336457252502
2477,-8.730067253112793,2.8391523361206055,4,HP1502401_C6,beta,beta,smartseq2,0.6508349776268005
2478,-2.8055734634399414,17.202896118164062,14,HP1504101T2D_G9,beta,epsilon,smartseq2,1.194578766822815
2479,5.272564888000488,12.807833671569824,12,HP1502401_N12,alpha,alpha,smartseq2,0.681804358959198
2480,5.258119106292725,12.419414520263672,12,HP1502401_M24,alpha,alpha,smartseq2,0.3886010944843292
2481,3.846920967102051,12.850767135620117,12,HP1504101T2D_E10,alpha,alpha,smartseq2,0.7552390098571777
2482,-2.8847641944885254,16.81389045715332,13,HP1504101T2D_P9,gamma,delta,smartseq2,0.7342329621315002
2483,3.4664809703826904,9.936564445495605,12,HP1504101T2D_G24,alpha,alpha,smartseq2,0.49154388904571533
2484,6.294095039367676,15.549848556518555,12,HP1504101T2D_F5,alpha,alpha,smartseq2,0.7413119077682495
2485,6.705845832824707,12.964300155639648,12,HP1502401_N4,alpha,alpha,smartseq2,0.40896493196487427
2486,5.438338756561279,11.666213989257812,12,HP1502401_E21,alpha,alpha,smartseq2,0.3845422863960266
2487,-4.873978614807129,17.03763771057129,13,HP1502401_H6,delta,delta,smartseq2,0.4598175883293152
2488,16.799957275390625,9.114237785339355,7,HP1504101T2D_I6,acinar,acinar,smartseq2,1.8850035667419434
2489,4.7280659675598145,14.375672340393066,12,HP1502401_H10,alpha,alpha,smartseq2,1.0971567630767822
2490,3.8716318607330322,11.92716121673584,12,HP1502401_J6,alpha,alpha,smartseq2,0.3845422863960266
2491,9.34350299835205,16.12503433227539,12,HP1502401_M7,alpha,alpha,smartseq2,0.8225162029266357
2492,3.787288188934326,12.445770263671875,12,HP1504101T2D_M21,alpha,alpha,smartseq2,0.5162239670753479
2493,-4.939213752746582,16.00704574584961,13,HP1504101T2D_F11,gamma,delta,smartseq2,0.5587708950042725
2494,-2.4254608154296875,16.897890090942383,13,HP1504101T2D_D19,alpha,delta,smartseq2,1.1060309410095215
2495,-5.23870849609375,7.79490852355957,11,HP1502401_O24,alpha,Unmatched_11,smartseq2,2.779700994491577
2496,-7.37595796585083,3.5750415325164795,4,HP1504101T2D_E24,beta,beta,smartseq2,1.0431816577911377
2497,4.038826942443848,13.206233024597168,12,HP1504101T2D_K4,alpha,alpha,smartseq2,0.6753252744674683
2498,-8.1740083694458,1.9693816900253296,4,HP1502401_I6,beta,beta,smartseq2,0.8448168039321899
2499,6.081294536590576,14.242409706115723,12,HP1504101T2D_N9,alpha,alpha,smartseq2,0.49346455931663513
2500,4.943535327911377,13.141613960266113,12,HP1502401_C16,alpha,alpha,smartseq2,0.46156713366508484
2501,3.4789934158325195,11.33421516418457,12,HP1504101T2D_M7,alpha,alpha,smartseq2,0.4016953706741333
2502,8.658917427062988,13.60561752319336,12,HP1502401_B20,alpha,alpha,smartseq2,0.6522341370582581
2503,-3.6762874126434326,16.20765495300293,13,HP1502401_K23,gamma,delta,smartseq2,0.9134576320648193
2504,-3.1936097145080566,16.779821395874023,13,HP1502401_F18,gamma,delta,smartseq2,0.5493989586830139
2505,-4.260940074920654,15.912861824035645,13,HP1504101T2D_O4,gamma,delta,smartseq2,0.465311735868454
2506,-2.724846124649048,16.951635360717773,13,HP1504101T2D_E4,gamma,delta,smartseq2,0.8818371891975403
2507,-8.337735176086426,2.6310477256774902,4,HP1502401_G4,beta,beta,smartseq2,0.5797824859619141
2508,-5.150803089141846,17.938152313232422,13,HP1504101T2D_I16,gamma,delta,smartseq2,0.6883756518363953
2509,3.548877477645874,12.873580932617188,12,HP1504101T2D_D1,gamma,alpha,smartseq2,0.885149359703064
2510,4.579730033874512,13.549772262573242,12,HP1504101T2D_O6,alpha,alpha,smartseq2,0.548945963382721
2511,-4.355070114135742,16.418292999267578,13,HP1504101T2D_D18,gamma,delta,smartseq2,0.47009584307670593
2512,-2.4801454544067383,16.875633239746094,13,HP1504101T2D_F2,gamma,delta,smartseq2,1.1974709033966064
2513,6.375141143798828,15.744830131530762,12,HP1502401_D8,alpha,alpha,smartseq2,0.9564086198806763
2514,4.470486640930176,10.577486991882324,12,HP1504101T2D_E6,alpha,alpha,smartseq2,0.38917142152786255
2515,-4.096924304962158,15.870477676391602,13,HP1504101T2D_I15,gamma,delta,smartseq2,0.6819380521774292
2516,-0.8438528776168823,-7.1331095695495605,0,HP1504101T2D_P3,activated_stellate,activated_stellate,smartseq2,1.8327385187149048
2517,-3.2541921138763428,16.353546142578125,13,HP1504101T2D_I10,gamma,delta,smartseq2,0.5563913583755493
2518,-8.515331268310547,2.8416693210601807,4,HP1502401_B21,beta,beta,smartseq2,0.7208088040351868
2519,-7.113274574279785,3.3788256645202637,4,HP1502401_D3,beta,beta,smartseq2,1.047383189201355
2520,-4.744604587554932,16.147289276123047,13,HP1502401_O18,delta,delta,smartseq2,0.6482778191566467
2521,-4.490143775939941,16.804981231689453,13,HP1504101T2D_E14,gamma,delta,smartseq2,0.46970945596694946
2522,-7.5115861892700195,3.634765625,4,HP1504101T2D_C18,beta,beta,smartseq2,0.9186352491378784
2523,-7.782687187194824,1.8897981643676758,4,HP1502401_G6,beta,beta,smartseq2,0.6870190501213074
2524,3.7748773097991943,12.770737648010254,12,HP1504101T2D_B11,alpha,alpha,smartseq2,0.46088454127311707
2525,3.3016693592071533,12.39531135559082,12,HP1504101T2D_C4,alpha,alpha,smartseq2,0.7119376063346863
2526,4.010211944580078,12.641944885253906,12,HP1504101T2D_C15,alpha,alpha,smartseq2,0.47461265325546265
2527,6.098302841186523,12.524031639099121,12,HP1502401_F12,alpha,alpha,smartseq2,0.40363672375679016
2528,4.59710168838501,13.917028427124023,12,HP1504101T2D_C22,alpha,alpha,smartseq2,0.7314432859420776
2529,-7.838949203491211,1.8619436025619507,4,HP1502401_C10,beta,beta,smartseq2,0.8093916177749634
2530,3.4076051712036133,11.958722114562988,12,HP1502401_L7,alpha,alpha,smartseq2,0.5905705690383911
2531,-5.040957450866699,18.005794525146484,13,HP1502401_F11,delta,delta,smartseq2,0.892951488494873
2532,16.601232528686523,9.3059663772583,7,HP1502401_M8,acinar,acinar,smartseq2,1.3290510177612305
2533,7.514766693115234,-0.8018261790275574,9,HP1502401_I2,ductal,ductal,smartseq2,1.288169026374817
2534,-3.219592332839966,17.444297790527344,13,HP1502401_G11,gamma,delta,smartseq2,0.6837335228919983
2535,-7.79550313949585,2.637528419494629,4,HP1502401_E19,beta,beta,smartseq2,0.7598780989646912
2536,-4.2321553230285645,16.572877883911133,13,HP1504101T2D_P24,gamma,delta,smartseq2,0.6709272265434265
2537,-7.411647796630859,3.591240167617798,4,HP1502401_J10,beta,beta,smartseq2,0.948713481426239
2538,7.93289852142334,-4.4790754318237305,9,HP1502401_L18,ductal,ductal,smartseq2,1.6384268999099731
2539,4.822247505187988,14.513442993164062,14,HP1504101T2D_D13,alpha,epsilon,smartseq2,0.9749539494514465
2540,-4.2653913497924805,16.517410278320312,13,HP1502401_I9,delta,delta,smartseq2,0.5913861989974976
2541,-8.223862648010254,2.0515897274017334,4,HP1502401_D6,beta,beta,smartseq2,0.5974956750869751
2542,4.651183128356934,12.2122802734375,12,HP1504101T2D_F12,alpha,alpha,smartseq2,0.3927353322505951
2543,4.031038284301758,11.360686302185059,12,HP1504101T2D_C14,alpha,alpha,smartseq2,0.6078616380691528
2544,4.050539016723633,12.392085075378418,12,HP1504101T2D_J6,alpha,alpha,smartseq2,0.40925872325897217
2545,3.887707233428955,12.875931739807129,12,HP1504101T2D_H20,alpha,alpha,smartseq2,0.45691120624542236
2546,-3.7460951805114746,16.74991226196289,13,HP1504101T2D_E9,gamma,delta,smartseq2,0.6249157786369324
2547,6.052150249481201,14.814635276794434,12,HP1502401_A4,alpha,alpha,smartseq2,0.465941846370697
2548,3.7479441165924072,12.938394546508789,12,HP1504101T2D_G12,alpha,alpha,smartseq2,0.6192911863327026
2549,4.295517921447754,11.062813758850098,12,HP1502401_K5,alpha,alpha,smartseq2,0.39428117871284485
2550,-3.4818308353424072,16.349092483520508,13,HP1502401_G12,gamma,delta,smartseq2,0.504309892654419
2551,3.1989634037017822,11.716389656066895,12,HP1504101T2D_N13,alpha,alpha,smartseq2,0.4706348478794098
2552,-4.271111011505127,18.457035064697266,13,HP1502401_D12,delta,delta,smartseq2,0.9399166703224182
2553,3.8679609298706055,12.39810562133789,12,HP1502401_C4,alpha,alpha,smartseq2,0.3954644203186035
2554,5.685052394866943,14.157341003417969,12,HP1502401_K1,alpha,alpha,smartseq2,0.4562273621559143
2555,-9.217100143432617,2.5494484901428223,4,HP1502401_M2,beta,beta,smartseq2,0.7715520262718201
2556,7.165278911590576,12.61059856414795,12,HP1502401_J20,alpha,alpha,smartseq2,0.41295960545539856
2557,-3.7628698348999023,16.8326416015625,13,HP1502401_N23,gamma,delta,smartseq2,0.4953286349773407
2558,4.578486442565918,12.133651733398438,12,HP1504101T2D_L8,alpha,alpha,smartseq2,0.3845422863960266
2559,4.817631721496582,14.492172241210938,12,HP1504101T2D_L7,alpha,alpha,smartseq2,0.8857153654098511
2560,4.381049633026123,12.371710777282715,12,HP1502401_O23,alpha,alpha,smartseq2,0.4066142141819
2561,-7.498040676116943,3.577599287033081,4,HP1502401_D22,beta,beta,smartseq2,0.9649486541748047
2562,4.4694414138793945,12.702438354492188,12,HP1502401_B5,alpha,alpha,smartseq2,0.41243231296539307
2563,9.390082359313965,-3.8195345401763916,9,HP1504101T2D_H18,ductal,ductal,smartseq2,1.2830740213394165
2564,9.422500610351562,-3.490311622619629,9,HP1502401_D4,ductal,ductal,smartseq2,1.1813924312591553
2565,-0.7985706329345703,-7.172359466552734,0,HP1504101T2D_F18,activated_stellate,activated_stellate,smartseq2,2.5983402729034424
2566,4.166823863983154,13.129754066467285,12,HP1502401_E6,alpha,alpha,smartseq2,0.6548026204109192
2567,7.954109191894531,12.720340728759766,12,HP1502401_J18,alpha,alpha,smartseq2,0.5390593409538269
2568,16.91748809814453,9.661648750305176,7,HP1504101T2D_A10,acinar,acinar,smartseq2,1.541541576385498
2569,7.292748928070068,12.27186107635498,12,HP1502401_M1,alpha,alpha,smartseq2,0.4377385973930359
2570,-4.3783745765686035,15.937325477600098,13,HP1502401_B15,gamma,delta,smartseq2,0.4848657548427582
2571,4.354630947113037,9.878222465515137,12,HP1502401_J4,alpha,alpha,smartseq2,0.4422900676727295
2572,8.98265266418457,16.00385856628418,12,HP1502401_A15,alpha,alpha,smartseq2,1.0348739624023438
2573,-3.8215534687042236,17.801294326782227,13,HP1504101T2D_B17,gamma,delta,smartseq2,0.7209740877151489
2574,16.67388916015625,9.416939735412598,7,HP1502401_K10,acinar,acinar,smartseq2,1.6111459732055664
2575,16.497323989868164,9.045170783996582,7,HP1502401_D10,acinar,acinar,smartseq2,1.279732584953308
2576,-2.980285882949829,17.06812858581543,13,HP1504101T2D_N20,gamma,delta,smartseq2,0.6799716353416443
2577,3.6908652782440186,12.74647045135498,12,HP1504101T2D_M24,alpha,alpha,smartseq2,0.5092380046844482
2578,-5.522939682006836,18.318031311035156,14,HP1504101T2D_B3,beta,epsilon,smartseq2,1.4425151348114014
2579,16.581130981445312,9.12258529663086,7,HP1502401_D11,acinar,acinar,smartseq2,1.2241113185882568
2580,16.67336654663086,9.356314659118652,7,HP1502401_A22,acinar,acinar,smartseq2,1.4411118030548096
2581,-4.4447407722473145,18.284391403198242,14,HP1502401_G20,beta,epsilon,smartseq2,2.2791707515716553
2582,-3.2754313945770264,16.576318740844727,13,HP1504101T2D_C12,gamma,delta,smartseq2,0.5081664323806763
2583,5.623785972595215,11.676690101623535,12,HP1504101T2D_G22,alpha,alpha,smartseq2,0.392221599817276
2584,-5.505561828613281,17.42678451538086,13,HP1504101T2D_I19,gamma,delta,smartseq2,0.679861307144165
2585,3.090909004211426,11.387605667114258,12,HP1504101T2D_P17,alpha,alpha,smartseq2,0.4541585147380829
2586,-4.453919887542725,18.39181137084961,13,HP1504101T2D_C9,delta,delta,smartseq2,0.7774022817611694
2587,5.48293399810791,11.468300819396973,12,HP1502401_D20,alpha,alpha,smartseq2,0.45301494002342224
2588,4.446778774261475,11.314115524291992,12,HP1502401_G7,alpha,alpha,smartseq2,0.4070272743701935
2589,5.360922336578369,12.59865665435791,12,HP1502401_H5,alpha,alpha,smartseq2,0.3874271810054779
2590,5.099712371826172,12.101905822753906,12,HP1502401_D16,alpha,alpha,smartseq2,0.41670069098472595
2591,7.5778889656066895,12.972860336303711,12,HP1504101T2D_G14,alpha,alpha,smartseq2,0.42818334698677063
2592,4.554209232330322,10.587050437927246,12,HP1504101T2D_G10,alpha,alpha,smartseq2,0.3845422863960266
2593,-2.9905128479003906,16.745126724243164,13,HP1504101T2D_M1,gamma,delta,smartseq2,0.6474353075027466
2594,-4.355311870574951,17.748992919921875,13,HP1502401_N7,delta,delta,smartseq2,0.6699816584587097
2595,-4.110675811767578,15.923009872436523,13,HP1504101T2D_A13,gamma,delta,smartseq2,0.5118795037269592
2596,5.526865005493164,12.082828521728516,12,HP1502401_M19,alpha,alpha,smartseq2,0.38871246576309204
2597,16.922607421875,8.916264533996582,7,HP1504101T2D_C11,acinar,acinar,smartseq2,1.4266424179077148
2598,3.823945999145508,10.544268608093262,12,HP1504101T2D_K12,alpha,alpha,smartseq2,0.3845422863960266
2599,7.584808349609375,-0.8686839938163757,9,HP1502401_J15,ductal,ductal,smartseq2,1.276563286781311
2600,-3.4432742595672607,16.35696029663086,13,HP1504101T2D_D21,gamma,delta,smartseq2,0.5584064722061157
2601,4.75408935546875,13.126582145690918,12,HP1504101T2D_G19,alpha,alpha,smartseq2,0.4819474518299103
2602,7.1185784339904785,12.539992332458496,12,HP1502401_K6,alpha,alpha,smartseq2,0.5325380563735962
2603,4.988469123840332,11.549965858459473,12,HP1502401_K2,alpha,alpha,smartseq2,0.9032906293869019
2604,-4.825855731964111,16.802942276000977,13,HP1504101T2D_B18,gamma,delta,smartseq2,0.45459043979644775
2605,4.041765213012695,10.391624450683594,12,HP1504101T2D_M2,alpha,alpha,smartseq2,0.3845422863960266
2606,4.535591125488281,12.114230155944824,12,HP1502401_O8,alpha,alpha,smartseq2,0.3845422863960266
2607,5.363801002502441,13.313468933105469,12,HP1504101T2D_M9,alpha,alpha,smartseq2,0.46415820717811584
2608,4.250601291656494,10.742681503295898,12,HP1502401_K16,alpha,alpha,smartseq2,0.3845422863960266
2609,-7.630957126617432,1.5756148099899292,4,HP1502401_E17,alpha,beta,smartseq2,1.3425076007843018
2610,5.179333686828613,12.94583511352539,12,HP1502401_M23,alpha,alpha,smartseq2,0.436311811208725
2611,6.1154584884643555,11.756648063659668,12,HP1504101T2D_O14,alpha,alpha,smartseq2,0.5012096166610718
2612,-3.380228042602539,17.461393356323242,13,HP1502401_N11,gamma,delta,smartseq2,0.6105241179466248
2613,5.723887920379639,13.666382789611816,12,HP1504101T2D_P22,alpha,alpha,smartseq2,0.4457213878631592
2614,7.233572483062744,-0.9238824844360352,9,HP1502401_J19,ductal,ductal,smartseq2,1.2341313362121582
2615,-4.252467632293701,18.46430206298828,13,HP1502401_G3,delta,delta,smartseq2,1.1571359634399414
2616,-7.648483753204346,1.8682695627212524,4,HP1504101T2D_H6,beta,beta,smartseq2,1.1242421865463257
2617,4.494719982147217,10.18700885772705,12,HP1502401_I18,alpha,alpha,smartseq2,0.4067222476005554
2618,6.951114177703857,3.884369373321533,6,HP1502401_J7,mast,mast,smartseq2,3.993431806564331
2619,-7.356123447418213,3.131378173828125,4,HP1502401_L10,beta,beta,smartseq2,1.1046521663665771
2620,3.7904815673828125,10.631994247436523,12,HP1504101T2D_M10,alpha,alpha,smartseq2,0.3845422863960266
2621,-8.504584312438965,1.3860118389129639,4,HP1502401_M12,beta,beta,smartseq2,0.6366282105445862
2622,5.447944641113281,12.633898735046387,12,HP1502401_I1,alpha,alpha,smartseq2,0.3882836401462555
2623,-3.4597840309143066,16.21709632873535,13,HP1502401_N9,gamma,delta,smartseq2,0.549012303352356
2624,-3.3935797214508057,17.277812957763672,13,HP1502401_F15,gamma,delta,smartseq2,0.6423268914222717
2625,-3.2379002571105957,16.940731048583984,13,HP1504101T2D_A17,gamma,delta,smartseq2,0.5531889796257019
2626,-5.487443447113037,16.28233528137207,13,HP1504101T2D_L11,delta,delta,smartseq2,0.6520062685012817
2627,6.212159156799316,15.076973915100098,12,HP1504101T2D_E3,alpha,alpha,smartseq2,0.5826311707496643
2628,6.184551239013672,12.352632522583008,12,HP1502401_L22,alpha,alpha,smartseq2,0.41655606031417847
2629,8.038626670837402,-2.0725393295288086,9,HP1502401_O10,ductal,ductal,smartseq2,1.3010402917861938
2630,3.819753408432007,12.98803997039795,12,HP1502401_G8,alpha,alpha,smartseq2,0.5106938481330872
2631,4.040176868438721,12.08260726928711,12,HP1502401_M9,alpha,alpha,smartseq2,0.3926241397857666
2632,3.669192314147949,12.882246971130371,12,HP1504101T2D_O22,alpha,alpha,smartseq2,0.5536128282546997
2633,-3.0795247554779053,16.525367736816406,13,HP1504101T2D_E7,gamma,delta,smartseq2,0.6974921226501465
2634,4.119421005249023,10.327864646911621,12,HP1504101T2D_M5,alpha,alpha,smartseq2,0.3845422863960266
2635,16.928525924682617,9.516426086425781,7,HP1502401_K12,acinar,acinar,smartseq2,1.5665605068206787
2636,16.477378845214844,8.665643692016602,7,HP1504101T2D_K10,acinar,acinar,smartseq2,1.2996265888214111
2637,5.525484085083008,13.979086875915527,12,HP1504101T2D_B21,alpha,alpha,smartseq2,0.5135833621025085
2638,-4.961824893951416,16.926715850830078,13,HP1504101T2D_C10,delta,delta,smartseq2,0.5958998203277588
2639,4.575718402862549,11.236380577087402,12,HP1502401_D24,alpha,alpha,smartseq2,0.4493962526321411
2640,-5.115353584289551,16.075698852539062,13,HP1504101T2D_N21,delta,delta,smartseq2,0.49812769889831543
2641,-7.775866508483887,2.0078237056732178,4,HP1502401_G22,beta,beta,smartseq2,0.8475741147994995
2642,-7.942215919494629,1.9807524681091309,4,HP1502401_B1,beta,beta,smartseq2,0.6435351371765137
2643,-3.528834581375122,17.52887535095215,13,HP1502401_B11,gamma,delta,smartseq2,0.5862032771110535
2644,8.260396957397461,-1.8939571380615234,9,HP1502401_C12,ductal,ductal,smartseq2,1.3186981678009033
2645,5.7899065017700195,12.139562606811523,12,HP1504101T2D_J7,alpha,alpha,smartseq2,0.4266565442085266
2646,-3.540792465209961,16.201614379882812,13,HP1504101T2D_G3,gamma,delta,smartseq2,0.5528973937034607
2647,6.2245402336120605,13.159811019897461,12,HP1504101T2D_A6,alpha,alpha,smartseq2,0.4112362563610077
2648,3.413543462753296,10.694427490234375,12,HP1504101T2D_I8,alpha,alpha,smartseq2,0.3845422863960266
2649,17.514299392700195,9.840642929077148,7,HP1504101T2D_J16,acinar,acinar,smartseq2,1.4920920133590698
2650,-2.9165871143341064,17.130388259887695,13,HP1504101T2D_C21,gamma,delta,smartseq2,0.7878388166427612
2651,4.958012104034424,12.406319618225098,12,HP1502401_O4,alpha,alpha,smartseq2,0.3845422863960266
2652,-7.855337142944336,1.886614203453064,4,HP1502401_F24,beta,beta,smartseq2,0.7921247482299805
2653,-3.5583372116088867,16.608396530151367,13,HP1504101T2D_M8,epsilon,delta,smartseq2,1.0863157510757446
2654,-8.029926300048828,1.4784009456634521,4,HP1504101T2D_I21,beta,beta,smartseq2,1.2067842483520508
2655,-3.951185703277588,16.074241638183594,13,HP1504101T2D_K8,gamma,delta,smartseq2,0.5061772465705872
2656,-4.018657684326172,16.499265670776367,13,HP1504101T2D_D24,gamma,delta,smartseq2,0.45647895336151123
2657,5.03066873550415,12.055402755737305,12,HP1502401_L15,alpha,alpha,smartseq2,0.4516505300998688
2658,4.768019676208496,14.429181098937988,12,HP1504101T2D_P21,alpha,alpha,smartseq2,1.0232939720153809
2659,4.5592474937438965,12.937352180480957,12,HP1502401_L9,alpha,alpha,smartseq2,0.48286184668540955
2660,7.8846025466918945,-2.118896245956421,9,HP1502401_J17,ductal,ductal,smartseq2,1.551358938217163
2661,5.691406726837158,12.129096031188965,12,HP1502401_M3,alpha,alpha,smartseq2,0.3859231472015381
2662,5.628252983093262,13.209166526794434,12,HP1504101T2D_A12,alpha,alpha,smartseq2,0.48615482449531555
2663,-8.22357177734375,2.4685208797454834,4,HP1502401_E10,beta,beta,smartseq2,0.5558899641036987
2664,3.6082241535186768,11.382684707641602,12,HP1504101T2D_O9,alpha,alpha,smartseq2,0.3845422863960266
2665,-2.9967586994171143,16.751638412475586,13,HP1504101T2D_F14,gamma,delta,smartseq2,0.7013677954673767
2666,3.910451650619507,11.941113471984863,12,HP1504101T2D_N1,alpha,alpha,smartseq2,0.39235642552375793
2667,-7.599341869354248,3.6982884407043457,4,HP1504101T2D_H23,beta,beta,smartseq2,0.8947780132293701
2668,8.007278442382812,-1.9391928911209106,9,HP1502401_N10,ductal,ductal,smartseq2,1.184783935546875
2669,-7.553416728973389,2.747739315032959,4,HP1502401_G5,beta,beta,smartseq2,0.8884455561637878
2670,5.5403947830200195,11.949478149414062,12,HP1502401_H20,alpha,alpha,smartseq2,0.5053412914276123
2671,4.722194194793701,13.269967079162598,12,HP1504101T2D_I23,alpha,alpha,smartseq2,0.5246865153312683
2672,4.646640300750732,13.57170295715332,12,HP1502401_O20,alpha,alpha,smartseq2,0.523977518081665
2673,-7.7373270988464355,1.593241572380066,4,HP1504101T2D_D9,beta,beta,smartseq2,0.9071615934371948
2674,-5.0805983543396,16.665409088134766,13,HP1504101T2D_B5,gamma,delta,smartseq2,0.4719522297382355
2675,3.234452962875366,10.496965408325195,12,HP1504101T2D_L5,alpha,alpha,smartseq2,0.3845422863960266
2676,5.784433841705322,13.235444068908691,12,HP1502401_H24,alpha,alpha,smartseq2,0.4238511025905609
2677,-7.026556015014648,3.430551052093506,4,HP1502401_A6,beta,beta,smartseq2,1.4171693325042725
2678,4.376288890838623,10.577165603637695,12,HP1504101T2D_O20,alpha,alpha,smartseq2,0.387974351644516
2679,-7.254708290100098,3.738471031188965,4,HP1504101T2D_E15,beta,beta,smartseq2,1.198244571685791
2680,-7.903186321258545,-0.483258992433548,4,HP1502401_O7,beta,beta,smartseq2,1.0465673208236694
2681,3.6481378078460693,12.264934539794922,12,HP1504101T2D_B7,alpha,alpha,smartseq2,0.410382479429245
2682,5.545876979827881,12.085259437561035,12,HP1502401_L4,alpha,alpha,smartseq2,0.3845422863960266
2683,-4.125968933105469,17.931766510009766,13,HP1502401_C5,delta,delta,smartseq2,0.7933605909347534
2684,-4.396700382232666,16.666439056396484,13,HP1504101T2D_L24,gamma,delta,smartseq2,0.4774211347103119
2685,-4.779117584228516,17.71815299987793,13,HP1504101T2D_B12,gamma,delta,smartseq2,0.5831635594367981
2686,3.572526216506958,11.363736152648926,12,HP1504101T2D_N24,alpha,alpha,smartseq2,0.3845422863960266
2687,5.226394176483154,12.435752868652344,12,HP1504101T2D_H2,alpha,alpha,smartseq2,0.3968059718608856
2688,-5.594688415527344,17.18868637084961,13,HP1502401_A2,delta,delta,smartseq2,0.7191221117973328
2689,16.20841407775879,7.9715776443481445,7,HP1502401_D2,acinar,acinar,smartseq2,1.3120533227920532
2690,4.095087051391602,10.694498062133789,12,HP1504101T2D_N22,alpha,alpha,smartseq2,0.38996800780296326
2691,5.2274298667907715,12.83034610748291,12,HP1502401_O17,alpha,alpha,smartseq2,0.6928027272224426
2692,4.09916877746582,12.12496566772461,12,HP1504101T2D_E22,alpha,alpha,smartseq2,0.39585816860198975
2693,-4.532614707946777,16.337297439575195,13,HP1504101T2D_E8,gamma,delta,smartseq2,0.5387213826179504
2694,-5.131246089935303,18.141448974609375,13,HP1502401_M6,delta,delta,smartseq2,1.103649377822876
2695,-4.953464508056641,17.00341796875,13,HP1504101T2D_L1,gamma,delta,smartseq2,0.4933181703090668
2696,4.6564717292785645,12.970827102661133,12,HP1504101T2D_C20,alpha,alpha,smartseq2,0.411837100982666
2697,-2.410464286804199,16.928672790527344,14,HP1504101T2D_H17,alpha,epsilon,smartseq2,1.3551461696624756
2698,3.162083387374878,10.853683471679688,12,HP1504101T2D_L4,alpha,alpha,smartseq2,0.6175253391265869
2699,4.595423698425293,12.804046630859375,12,HP1504101T2D_P7,alpha,alpha,smartseq2,0.463291198015213
2700,-4.300576686859131,16.778226852416992,13,HP1504101T2D_J14,delta,delta,smartseq2,0.5323838591575623
2701,3.824192762374878,10.86716365814209,12,HP1504101T2D_O10,alpha,alpha,smartseq2,0.3845422863960266
2702,-8.330398559570312,2.048137903213501,4,HP1502401_H12,beta,beta,smartseq2,0.6317543387413025
2703,-2.4548473358154297,16.908496856689453,14,HP1504101T2D_E21,delta,epsilon,smartseq2,1.5585881471633911
2704,5.791387557983398,11.718533515930176,12,HP1504101T2D_K20,alpha,alpha,smartseq2,0.46607568860054016
2705,4.088148593902588,12.025837898254395,12,HP1504101T2D_I22,alpha,alpha,smartseq2,0.3845422863960266
2706,-7.943645000457764,2.0078423023223877,4,HP1502401_F9,beta,beta,smartseq2,0.6314335465431213
2707,4.736961364746094,14.40538215637207,12,HP1504101T2D_H4,alpha,alpha,smartseq2,0.9050123691558838
2708,-7.7187418937683105,1.4878023862838745,4,HP1502401_F16,beta,beta,smartseq2,1.2474675178527832
2709,-8.199773788452148,2.5465710163116455,4,HP1502401_M20,beta,beta,smartseq2,0.6782752871513367
2710,3.594827651977539,11.262689590454102,12,HP1504101T2D_K17,alpha,alpha,smartseq2,0.3845422863960266
2711,5.717904567718506,13.173381805419922,12,HP1504101T2D_L10,alpha,alpha,smartseq2,0.4022664725780487
2712,-4.591261863708496,16.000947952270508,13,HP1504101T2D_J3,gamma,delta,smartseq2,0.6197555065155029
2713,15.788712501525879,7.501302242279053,7,HP1502401_E23,acinar,acinar,smartseq2,1.5462331771850586
2714,-4.645970344543457,16.78221321105957,13,HP1502401_A24,delta,delta,smartseq2,0.530495285987854
2715,5.847754955291748,12.384056091308594,12,HP1502401_M11,alpha,alpha,smartseq2,0.40856435894966125
2716,-4.028635025024414,16.155479431152344,13,HP1504101T2D_I11,delta,delta,smartseq2,0.5124416351318359
2717,-2.4301254749298096,16.92662239074707,13,HP1502401_I8,gamma,delta,smartseq2,1.1167774200439453
2718,3.7447028160095215,12.600312232971191,12,HP1504101T2D_H21,alpha,alpha,smartseq2,0.5188738703727722
2719,4.538825988769531,13.433074951171875,12,HP1502401_F23,alpha,alpha,smartseq2,0.5422059893608093
2720,4.11205530166626,13.186905860900879,12,HP1504101T2D_O3,alpha,alpha,smartseq2,0.6019496917724609
2721,3.764514923095703,12.488324165344238,12,HP1504101T2D_N2,alpha,alpha,smartseq2,0.4338189959526062
2722,4.287668228149414,10.69311809539795,12,HP1504101T2D_J20,alpha,alpha,smartseq2,0.387974351644516
2723,5.471724033355713,12.355668067932129,12,HP1504101T2D_L3,alpha,alpha,smartseq2,0.39099809527397156
2724,3.9067671298980713,11.789942741394043,12,HP1504101T2D_P11,alpha,alpha,smartseq2,0.3845422863960266
2725,16.607927322387695,9.196290969848633,7,HP1502401_E24,acinar,acinar,smartseq2,1.2403054237365723
2726,-2.9699220657348633,16.884923934936523,13,HP1504101T2D_G21,gamma,delta,smartseq2,0.6126906871795654
2727,3.8077797889709473,12.25173282623291,12,HP1504101T2D_F3,alpha,alpha,smartseq2,0.47677353024482727
2728,3.770195245742798,10.57137393951416,12,HP1504101T2D_J1,alpha,alpha,smartseq2,0.3957797884941101
2729,6.156596660614014,12.860197067260742,12,HP1502401_M21,alpha,alpha,smartseq2,0.4281891882419586
2730,17.522546768188477,9.840967178344727,7,HP1504101T2D_F1,acinar,acinar,smartseq2,1.7973048686981201
2731,-2.902822732925415,17.27873420715332,13,HP1504101T2D_P4,delta,delta,smartseq2,1.2319852113723755
2732,15.193448066711426,-10.881608963012695,2,HP1502401_I12,endothelial,endothelial,smartseq2,3.76180362701416
2733,-4.297659397125244,18.410627365112305,13,HP1504101T2D_P5,delta,delta,smartseq2,0.954642117023468
2734,4.237853527069092,12.88312816619873,12,HP1502401_K21,alpha,alpha,smartseq2,0.5239158868789673
2735,3.1163268089294434,10.82986068725586,12,HP1504101T2D_N8,alpha,alpha,smartseq2,0.4790786802768707
2736,-4.847970962524414,17.362083435058594,13,HP1502401_C20,delta,delta,smartseq2,0.62804114818573
2737,4.7221198081970215,14.333075523376465,12,HP1504101T2D_G23,alpha,alpha,smartseq2,0.8031602501869202
2738,6.178897857666016,13.598251342773438,12,HP1502401_H16,alpha,alpha,smartseq2,0.41268861293792725
2739,7.943246364593506,-1.9087544679641724,9,HP1502401_J24,ductal,ductal,smartseq2,1.343184232711792
2740,-4.479487419128418,16.366016387939453,13,HP1504101T2D_D15,gamma,delta,smartseq2,0.4731348156929016
2741,-3.065338134765625,16.536842346191406,13,HP1504101T2D_D23,gamma,delta,smartseq2,0.5195485949516296
2742,3.7090542316436768,12.917841911315918,12,HP1504101T2D_N6,alpha,alpha,smartseq2,0.5845825672149658
2743,3.501060962677002,10.354262351989746,12,HP1502401_L20,alpha,alpha,smartseq2,0.3845422863960266
2744,-5.230785369873047,7.786754608154297,11,HP1502401_N20,alpha,Unmatched_11,smartseq2,2.436582565307617
2745,4.853328704833984,13.702139854431152,12,HP1502401_E11,alpha,alpha,smartseq2,0.5338266491889954
2746,-3.2123007774353027,16.6651554107666,13,HP1504101T2D_H1,gamma,delta,smartseq2,0.5404708385467529
2747,5.032858848571777,11.286895751953125,12,HP1502401_K11,alpha,alpha,smartseq2,0.4586697220802307
2748,7.702871322631836,-1.9924514293670654,9,HP1502401_M16,ductal,ductal,smartseq2,1.5942200422286987
2749,16.399858474731445,8.803099632263184,7,HP1502401_E2,acinar,acinar,smartseq2,1.3040382862091064
2750,4.759918212890625,14.445494651794434,12,HP1504101T2D_D12,gamma,alpha,smartseq2,1.0161257982254028
2751,3.9463400840759277,12.269139289855957,12,HP1504101T2D_H22,alpha,alpha,smartseq2,0.3853912055492401
2752,-5.234954357147217,7.791082382202148,11,HP1502401_B10,alpha,Unmatched_11,smartseq2,2.3134639263153076
2753,4.995975494384766,10.697562217712402,12,HP1502401_F20,alpha,alpha,smartseq2,0.4167366623878479
2754,4.358734607696533,10.533769607543945,12,HP1504101T2D_B13,alpha,alpha,smartseq2,0.42795032262802124
2755,3.213662624359131,12.260100364685059,12,HP1504101T2D_F19,alpha,alpha,smartseq2,1.1304752826690674
2756,-4.480512619018555,16.52484130859375,13,HP1504101T2D_F13,gamma,delta,smartseq2,0.47432178258895874
2757,6.2129740715026855,13.533673286437988,12,HP1502401_B16,alpha,alpha,smartseq2,0.39890047907829285
2758,17.150053024291992,9.799607276916504,7,HP1502401_C1,acinar,acinar,smartseq2,1.5720431804656982
2759,-7.953526496887207,1.355450987815857,4,HP1502401_C21,beta,beta,smartseq2,0.7770358920097351
2760,-4.147197246551514,16.080379486083984,13,HP1504101T2D_J9,gamma,delta,smartseq2,0.48629453778266907
2761,9.109190940856934,-3.351959466934204,9,HP1502401_I21,ductal,ductal,smartseq2,1.4604768753051758
2762,-4.511812686920166,16.71693229675293,13,HP1504101T2D_H24,gamma,delta,smartseq2,0.5148167610168457
2763,-8.080678939819336,2.112288236618042,4,HP1502401_C7,beta,beta,smartseq2,0.6962950229644775
2764,4.756083965301514,14.422329902648926,12,HP1504101T2D_F24,alpha,alpha,smartseq2,0.869450569152832
2765,-8.252459526062012,1.0545965433120728,4,HP1502401_H19,beta,beta,smartseq2,0.6648462414741516
2766,4.051723480224609,12.386080741882324,12,HP1502401_L1,alpha,alpha,smartseq2,0.4425891935825348
2767,16.615230560302734,9.304146766662598,7,HP1502401_J2,acinar,acinar,smartseq2,1.659557819366455
2768,-4.03519344329834,16.1474552154541,13,HP1504101T2D_E20,gamma,delta,smartseq2,0.4536195397377014
2769,-7.44090461730957,3.619446277618408,4,HP1502401_I24,beta,beta,smartseq2,0.9713030457496643
2770,-4.112920761108398,16.610572814941406,13,HP1504101T2D_P12,gamma,delta,smartseq2,0.48809707164764404
2771,-7.844451904296875,1.465094804763794,4,HP1504101T2D_C16,epsilon,beta,smartseq2,0.9670817852020264
2772,-8.314248085021973,0.9004613757133484,4,HP1502401_N21,beta,beta,smartseq2,0.7443025708198547
2773,-6.987946033477783,3.5237255096435547,4,HP1502401_A10,beta,beta,smartseq2,1.2704250812530518
2774,17.020431518554688,9.752230644226074,7,HP1502401_M22,acinar,acinar,smartseq2,1.7327743768692017
2775,7.878956317901611,13.055452346801758,12,HP1502401_A17,alpha,alpha,smartseq2,0.49308764934539795
2776,3.335555076599121,12.439006805419922,12,HP1504101T2D_A8,alpha,alpha,smartseq2,0.6051392555236816
2777,-7.991079807281494,1.7755581140518188,4,HP1502401_J12,beta,beta,smartseq2,0.6882972717285156
2778,3.1416611671447754,11.56562614440918,12,HP1504101T2D_H15,alpha,alpha,smartseq2,0.45031678676605225
2779,-3.3019580841064453,16.446151733398438,13,HP1504101T2D_J22,gamma,delta,smartseq2,0.5506064295768738
2780,-8.195846557617188,1.9755946397781372,4,HP1502401_F21,beta,beta,smartseq2,0.5944808721542358
2781,7.023931503295898,14.77652645111084,12,HP1502401_H1,alpha,alpha,smartseq2,0.4453151524066925
2782,-3.1026439666748047,16.84111785888672,13,HP1504101T2D_O11,gamma,delta,smartseq2,0.539111316204071
2783,4.192252159118652,10.761809349060059,12,HP1504101T2D_M23,alpha,alpha,smartseq2,0.40262073278427124
2784,4.725142955780029,14.400415420532227,14,HP1504101T2D_J5,gamma,epsilon,smartseq2,1.1040619611740112
2785,5.019981861114502,12.86184024810791,12,HP1502401_I23,alpha,alpha,smartseq2,0.7861416935920715
2786,-4.56024169921875,16.508867263793945,13,HP1504101T2D_G8,gamma,delta,smartseq2,0.4476694166660309
2787,-4.623357772827148,16.941137313842773,13,HP1504101T2D_K14,delta,delta,smartseq2,0.49582645297050476
2788,6.096426486968994,12.115619659423828,12,HP1502401_O3,alpha,alpha,smartseq2,0.4424777925014496
2789,5.313747882843018,12.52396011352539,12,HP1502401_F10,alpha,alpha,smartseq2,0.408992201089859
2790,-1.028673768043518,-7.216339588165283,0,HP1502401_H18,activated_stellate,activated_stellate,smartseq2,2.5674290657043457
2791,-5.113224983215332,17.970848083496094,13,HP1502401_E3,delta,delta,smartseq2,0.8117443323135376
2792,3.5368075370788574,12.768228530883789,12,HP1504101T2D_J24,alpha,alpha,smartseq2,0.7204099297523499
2793,4.961013317108154,12.231346130371094,12,HP1504101T2D_D5,alpha,alpha,smartseq2,0.3845422863960266
2794,-2.9303650856018066,17.261159896850586,13,HP1504101T2D_D11,gamma,delta,smartseq2,1.1324645280838013
2795,-5.081497669219971,16.05266761779785,13,HP1504101T2D_O23,gamma,delta,smartseq2,1.5526926517486572
2796,8.063103675842285,12.834243774414062,12,HP1502401_N3,alpha,alpha,smartseq2,0.4582922160625458
2797,3.5492429733276367,12.011764526367188,12,HP1504101T2D_L18,alpha,alpha,smartseq2,0.4471086859703064
2798,-5.075186252593994,16.625268936157227,13,HP1504101T2D_F20,gamma,delta,smartseq2,0.46517500281333923
2799,8.784405708312988,-4.330297470092773,9,HP1502401_N16,ductal,ductal,smartseq2,1.6020610332489014
2800,3.601677656173706,12.327160835266113,12,HP1504101T2D_K18,alpha,alpha,smartseq2,0.4105270206928253
2801,3.747532844543457,12.565547943115234,12,HP1504101T2D_P18,alpha,alpha,smartseq2,0.40328410267829895
2802,-4.219710826873779,16.418060302734375,13,HP1502401_E9,delta,delta,smartseq2,0.5330680012702942
2803,-4.380795001983643,16.011459350585938,13,HP1504101T2D_M3,gamma,delta,smartseq2,0.4814312160015106
2804,5.1442790031433105,11.162652015686035,12,HP1504101T2D_L19,alpha,alpha,smartseq2,0.3913109600543976
2805,6.132553577423096,12.734125137329102,12,HP1504101T2D_N5,alpha,alpha,smartseq2,0.46726417541503906
2806,6.0363969802856445,12.474235534667969,12,HP1502401_N19,alpha,alpha,smartseq2,0.3965843617916107
2807,-3.8159337043762207,17.16033172607422,13,HP1502401_B8,delta,delta,smartseq2,0.5751232504844666
2808,16.52837371826172,9.069090843200684,7,HP1502401_E20,acinar,acinar,smartseq2,1.3243577480316162
2809,3.076343536376953,10.847065925598145,12,HP1504101T2D_A23,alpha,alpha,smartseq2,0.655963122844696
2810,5.367402076721191,12.518672943115234,12,HP1504101T2D_D6,alpha,alpha,smartseq2,0.3909294009208679
2811,5.886605262756348,12.668984413146973,12,HP1502401_K20,alpha,alpha,smartseq2,0.42809343338012695
2812,-4.181811332702637,15.961718559265137,13,HP1504101T2D_N16,gamma,delta,smartseq2,0.47150442004203796
2813,-7.2538371086120605,3.424285411834717,4,HP1502401_B23,beta,beta,smartseq2,1.060508370399475
2814,7.970502853393555,-2.3427300453186035,9,HP1504101T2D_O24,ductal,ductal,smartseq2,1.4377193450927734
2815,-4.4525275230407715,16.426212310791016,13,HP1504101T2D_A18,gamma,delta,smartseq2,0.4960153102874756
2816,-3.7127387523651123,16.11796760559082,13,HP1504101T2D_F16,gamma,delta,smartseq2,0.5663297772407532
2817,-5.595475673675537,17.472766876220703,13,AZ_A2,gamma,delta,smartseq2,0.9201659560203552
2818,7.379629135131836,15.69651985168457,12,AZ_B9,alpha,alpha,smartseq2,0.7502334117889404
2819,5.735522747039795,13.669628143310547,12,AZ_A6,alpha,alpha,smartseq2,0.46679872274398804
2820,-4.311468601226807,16.4234561920166,13,AZ_C11,delta,delta,smartseq2,0.6003971099853516
2821,-7.816253662109375,1.2422088384628296,4,AZ_B10,delta,beta,smartseq2,1.3393670320510864
2822,-7.881407737731934,1.9225215911865234,4,AZ_C10,beta,beta,smartseq2,0.7087917923927307
2823,16.707599639892578,9.398798942565918,7,AZ_B8,acinar,acinar,smartseq2,1.324126124382019
2824,-4.913353443145752,16.944570541381836,13,AZ_B1,delta,delta,smartseq2,0.4835902750492096
2825,-5.1343512535095215,18.159006118774414,13,AZ_A12,delta,delta,smartseq2,0.8373343348503113
2826,6.013496398925781,13.934263229370117,12,AZ_C1,alpha,alpha,smartseq2,0.4481695294380188
2827,-8.117016792297363,1.9808322191238403,4,AZ_A8,beta,beta,smartseq2,0.6421825289726257
2828,6.316908836364746,15.743335723876953,12,AZ_A11,alpha,alpha,smartseq2,1.1746703386306763
2829,5.537506580352783,12.759734153747559,12,AZ_C2,alpha,alpha,smartseq2,0.40432336926460266
2830,-7.601068019866943,1.636231541633606,4,AZ_B11,alpha,beta,smartseq2,1.5506807565689087
2831,6.776467323303223,14.985090255737305,12,AZ_B12,alpha,alpha,smartseq2,0.6008085608482361
2832,5.209375858306885,14.45921516418457,12,AZ_B2,alpha,alpha,smartseq2,0.8627005219459534
2833,6.7869553565979,13.937830924987793,12,AZ_B3,alpha,alpha,smartseq2,0.44402942061424255
2834,15.339924812316895,6.635124206542969,7,AZ_A7,acinar,acinar,smartseq2,1.4590305089950562
2835,-4.442951202392578,18.346960067749023,13,AZ_A10,delta,delta,smartseq2,1.0248494148254395
2836,7.279109001159668,-2.016583204269409,9,AZ_C3,ductal,ductal,smartseq2,2.0066871643066406
2837,4.562628746032715,12.285279273986816,12,AZ_B5,alpha,alpha,smartseq2,0.39503559470176697
2838,4.623434543609619,12.360066413879395,12,AZ_E12,alpha,alpha,smartseq2,0.4022482633590698
2839,4.606842517852783,13.632688522338867,12,AZ_D3,alpha,alpha,smartseq2,0.5892101526260376
2840,4.593762397766113,13.604325294494629,12,AZ_E4,alpha,alpha,smartseq2,0.5735220909118652
2841,-5.322416305541992,18.148237228393555,14,AZ_G6,delta,epsilon,smartseq2,1.9902557134628296
2842,-3.2203009128570557,17.007965087890625,13,AZ_H5,gamma,delta,smartseq2,0.9159631729125977
2843,5.6524977684021,14.721363067626953,12,AZ_G4,alpha,alpha,smartseq2,1.120512843132019
2844,-7.076446533203125,3.4751555919647217,4,AZ_D6,beta,beta,smartseq2,1.2832192182540894
2845,6.404958248138428,15.659329414367676,12,AZ_G3,alpha,alpha,smartseq2,0.7736489772796631
2846,-6.895351886749268,3.6039528846740723,4,AZ_H11,beta,beta,smartseq2,2.4980554580688477
2847,5.817214488983154,13.916008949279785,12,AZ_D9,alpha,alpha,smartseq2,0.5246752500534058
2848,-4.352349758148193,18.418062210083008,13,AZ_D5,delta,delta,smartseq2,1.131585955619812
2849,-2.962444543838501,17.21217918395996,13,AZ_G5,gamma,delta,smartseq2,0.9863292574882507
2850,6.487298965454102,15.414266586303711,12,AZ_E2,alpha,alpha,smartseq2,0.830316424369812
2851,16.795730590820312,9.439522743225098,7,AZ_H10,acinar,acinar,smartseq2,1.4154633283615112
2852,15.757857322692871,6.662262439727783,7,AZ_F6,acinar,acinar,smartseq2,1.5012905597686768
2853,-1.510399580001831,-7.274003505706787,0,AZ_F5,activated_stellate,activated_stellate,smartseq2,1.6023303270339966
2854,-4.058849334716797,16.543214797973633,13,AZ_D8,gamma,delta,smartseq2,0.4762671887874603
2855,6.60799503326416,4.12525749206543,5,AZ_E3,macrophage,macrophage,smartseq2,3.993431806564331
2856,-6.994470596313477,3.575408935546875,4,AZ_E7,beta,beta,smartseq2,1.287414789199829
2857,-7.652048587799072,1.8885003328323364,4,AZ_G2,beta,beta,smartseq2,1.0994502305984497
2858,-7.621516227722168,1.6884562969207764,4,AZ_H6,beta,beta,smartseq2,1.2112081050872803
2859,7.70242166519165,-4.454377174377441,9,AZ_F9,ductal,ductal,smartseq2,1.8701303005218506
2860,6.950908660888672,15.02017593383789,12,AZ_C8,alpha,alpha,smartseq2,0.5007914304733276
2861,5.981211185455322,12.125557899475098,12,AZ_E5,alpha,alpha,smartseq2,0.7388278841972351
2862,-3.4135653972625732,16.56455421447754,13,AZ_D12,gamma,delta,smartseq2,0.5627399682998657
2863,4.557370662689209,13.343144416809082,12,AZ_F4,alpha,alpha,smartseq2,0.5671342015266418
2864,-7.7393798828125,1.411258578300476,4,AZ_F7,beta,beta,smartseq2,1.1539788246154785
2865,-7.438544750213623,3.415665626525879,4,AZ_C4,beta,beta,smartseq2,1.0932590961456299
2866,6.36610221862793,15.529463768005371,12,AZ_C5,alpha,alpha,smartseq2,0.7356254458427429
2867,5.492559909820557,13.826828002929688,12,AZ_D7,alpha,alpha,smartseq2,0.5007474422454834
2868,5.931457996368408,14.614846229553223,12,AZ_D4,alpha,alpha,smartseq2,0.5884993076324463
2869,-7.9644975662231445,1.8859912157058716,4,AZ_F2,beta,beta,smartseq2,0.721092700958252
2870,6.202118873596191,15.728384971618652,14,AZ_E8,alpha,epsilon,smartseq2,1.0756467580795288
2871,-7.637635231018066,2.063321113586426,4,AZ_F1,beta,beta,smartseq2,0.9640638828277588
2872,5.451650619506836,14.690738677978516,12,AZ_F8,alpha,alpha,smartseq2,0.9965130090713501
2873,9.33008861541748,-3.779581069946289,9,AZ_C9,ductal,ductal,smartseq2,1.2702544927597046
2874,6.530508041381836,15.469557762145996,12,AZ_G1,alpha,alpha,smartseq2,0.6293121576309204
2875,3.8690900802612305,11.455716133117676,12,AZ_E9,alpha,alpha,smartseq2,0.5041162371635437
2876,6.478024005889893,15.666594505310059,12,AZ_H9,alpha,alpha,smartseq2,1.107918381690979
2877,-7.4192070960998535,4.208389759063721,4,AZ_D2,beta,beta,smartseq2,1.3500831127166748
2878,3.8491528034210205,11.773148536682129,12,HP1508501T2D_E2,alpha,alpha,smartseq2,0.3950077295303345
2879,6.9741740226745605,3.865811347961426,6,HP1508501T2D_M1,mast,mast,smartseq2,3.993431806564331
2880,8.982013702392578,-3.009880542755127,9,HP1508501T2D_K2,ductal,ductal,smartseq2,1.2425031661987305
2881,-1.1223485469818115,-6.705004692077637,0,HP1508501T2D_E1,alpha,activated_stellate,smartseq2,2.19403338432312
2882,3.633754014968872,10.182007789611816,12,HP1508501T2D_A3,alpha,alpha,smartseq2,0.3845422863960266
2883,4.49563455581665,13.6242036819458,12,HP1508501T2D_I2,alpha,alpha,smartseq2,0.622809886932373
2884,3.531489610671997,10.686359405517578,12,HP1508501T2D_O1,alpha,alpha,smartseq2,0.39391854405403137
2885,8.487263679504395,-1.7409188747406006,9,HP1508501T2D_G2,ductal,ductal,smartseq2,1.2092852592468262
2886,9.56282901763916,-4.0126142501831055,9,HP1508501T2D_I1,ductal,ductal,smartseq2,1.1986076831817627
2887,8.570638656616211,-1.0402802228927612,9,HP1508501T2D_C2,ductal,ductal,smartseq2,0.9738175272941589
2888,3.065387487411499,11.487749099731445,12,HP1508501T2D_K1,alpha,alpha,smartseq2,0.7985616326332092
2889,8.904475212097168,-3.055967092514038,9,HP1508501T2D_G3,ductal,ductal,smartseq2,1.4155203104019165
2890,8.099132537841797,-1.8229167461395264,9,HP1508501T2D_G1,ductal,ductal,smartseq2,1.1999434232711792
2891,3.2381556034088135,11.705805778503418,12,HP1508501T2D_C20,alpha,alpha,smartseq2,0.45687565207481384
2892,3.7278668880462646,12.740367889404297,12,HP1508501T2D_M9,alpha,alpha,smartseq2,0.434259295463562
2893,3.7177436351776123,10.526516914367676,12,HP1508501T2D_L13,alpha,alpha,smartseq2,0.3845422863960266
2894,7.6209588050842285,-2.8778016567230225,9,HP1508501T2D_K13,ductal,ductal,smartseq2,1.0988327264785767
2895,-7.561582565307617,3.7924389839172363,4,HP1508501T2D_O4,beta,beta,smartseq2,0.8623452186584473
2896,8.281180381774902,-1.240805745124817,9,HP1508501T2D_N1,ductal,ductal,smartseq2,1.0246965885162354
2897,4.105714321136475,10.112577438354492,12,HP1508501T2D_P7,alpha,alpha,smartseq2,0.3845422863960266
2898,3.5648651123046875,11.215563774108887,12,HP1508501T2D_B15,alpha,alpha,smartseq2,0.3845422863960266
2899,4.104783535003662,9.648054122924805,12,HP1508501T2D_D2,alpha,alpha,smartseq2,0.6414158344268799
2900,3.258707046508789,10.7379789352417,12,HP1508501T2D_D20,alpha,alpha,smartseq2,0.5828060507774353
2901,-4.372364521026611,18.317962646484375,13,HP1508501T2D_H11,delta,delta,smartseq2,0.6618884205818176
2902,6.013887405395508,11.778802871704102,12,HP1508501T2D_E24,alpha,alpha,smartseq2,0.5186673998832703
2903,8.114313125610352,-1.8610479831695557,9,HP1508501T2D_B18,ductal,ductal,smartseq2,1.360203742980957
2904,4.497307777404785,10.488105773925781,12,HP1508501T2D_G15,alpha,alpha,smartseq2,0.3845422863960266
2905,3.9759931564331055,9.938497543334961,12,HP1508501T2D_M20,alpha,alpha,smartseq2,0.4059847593307495
2906,8.121511459350586,-0.6322571039199829,9,HP1508501T2D_C6,ductal,ductal,smartseq2,1.3202316761016846
2907,6.136190891265869,13.536704063415527,12,HP1508501T2D_B23,alpha,alpha,smartseq2,0.44496068358421326
2908,-0.48689350485801697,-7.459423065185547,0,HP1508501T2D_A8,activated_stellate,activated_stellate,smartseq2,1.8367074728012085
2909,4.248679161071777,10.62741756439209,12,HP1508501T2D_J21,alpha,alpha,smartseq2,0.4374184012413025
2910,3.2304911613464355,11.34950065612793,12,HP1508501T2D_A13,alpha,alpha,smartseq2,0.5078866481781006
2911,8.072479248046875,-2.1982810497283936,9,HP1508501T2D_O3,ductal,ductal,smartseq2,1.2573878765106201
2912,-8.10824966430664,3.7670986652374268,4,HP1508501T2D_F3,beta,beta,smartseq2,0.8486717939376831
2913,7.905587673187256,-1.6073057651519775,9,HP1508501T2D_M17,ductal,ductal,smartseq2,1.2004374265670776
2914,5.437265872955322,11.327105522155762,12,HP1508501T2D_I15,alpha,alpha,smartseq2,0.4159204959869385
2915,5.091696262359619,13.673727989196777,12,HP1508501T2D_E6,alpha,alpha,smartseq2,0.8195382952690125
2916,4.4213151931762695,9.837491035461426,12,HP1508501T2D_E14,alpha,alpha,smartseq2,0.5212022662162781
2917,3.5566976070404053,11.676589012145996,12,HP1508501T2D_M19,alpha,alpha,smartseq2,0.4514295160770416
2918,3.3628671169281006,10.351325988769531,12,HP1508501T2D_D17,alpha,alpha,smartseq2,0.4171081781387329
2919,6.602663516998291,12.35777759552002,12,HP1508501T2D_L18,alpha,alpha,smartseq2,0.4002176523208618
2920,16.52699089050293,8.764364242553711,7,HP1508501T2D_A23,acinar,acinar,smartseq2,1.2900677919387817
2921,8.8358154296875,-3.4824953079223633,9,HP1508501T2D_M3,ductal,ductal,smartseq2,1.296296238899231
2922,8.283190727233887,-3.809480667114258,9,HP1508501T2D_L20,ductal,ductal,smartseq2,1.7386195659637451
2923,8.118210792541504,-4.378846645355225,9,HP1508501T2D_L8,ductal,ductal,smartseq2,1.4870578050613403
2924,5.622302532196045,12.20170783996582,12,HP1508501T2D_F17,alpha,alpha,smartseq2,0.39826902747154236
2925,-7.958906650543213,3.810875654220581,4,HP1508501T2D_A10,beta,beta,smartseq2,1.0607391595840454
2926,3.331204652786255,10.959809303283691,12,HP1508501T2D_H24,alpha,alpha,smartseq2,0.5806379914283752
2927,7.915008544921875,-4.3071441650390625,14,HP1508501T2D_P14,ductal,epsilon,smartseq2,2.0897915363311768
2928,16.512136459350586,8.612251281738281,7,HP1508501T2D_I24,acinar,acinar,smartseq2,1.6826841831207275
2929,4.415802478790283,10.316924095153809,12,HP1508501T2D_H22,alpha,alpha,smartseq2,0.4698401689529419
2930,4.546732425689697,10.4839506149292,12,HP1508501T2D_I20,alpha,alpha,smartseq2,0.47384271025657654
2931,8.628726959228516,-1.547128438949585,9,HP1508501T2D_F4,ductal,ductal,smartseq2,1.1452206373214722
2932,8.104252815246582,-1.1623997688293457,9,HP1508501T2D_F12,ductal,ductal,smartseq2,1.1353260278701782
2933,8.216042518615723,-1.040863037109375,9,HP1508501T2D_N9,ductal,ductal,smartseq2,1.1612926721572876
2934,-0.36329856514930725,-7.434197425842285,0,HP1508501T2D_H5,activated_stellate,activated_stellate,smartseq2,2.0000860691070557
2935,-3.628039836883545,16.146150588989258,13,HP1508501T2D_A19,gamma,delta,smartseq2,0.534998893737793
2936,3.0735557079315186,10.854182243347168,12,HP1508501T2D_B9,alpha,alpha,smartseq2,0.45068293809890747
2937,-8.939458847045898,2.659821033477783,4,HP1508501T2D_H2,beta,beta,smartseq2,0.6511315107345581
2938,17.37697410583496,8.539900779724121,7,HP1508501T2D_J23,acinar,acinar,smartseq2,1.563848614692688
2939,9.136075019836426,-3.3386104106903076,9,HP1508501T2D_B17,ductal,ductal,smartseq2,1.2561548948287964
2940,3.9912261962890625,11.37389850616455,12,HP1508501T2D_A6,alpha,alpha,smartseq2,1.4223270416259766
2941,5.841829299926758,11.777314186096191,12,HP1508501T2D_D5,alpha,alpha,smartseq2,0.40921536087989807
2942,-0.4789808392524719,-7.522003650665283,0,HP1508501T2D_I3,activated_stellate,activated_stellate,smartseq2,1.963680386543274
2943,-8.281734466552734,3.6319844722747803,4,HP1508501T2D_I8,beta,beta,smartseq2,0.9018030166625977
2944,3.4056107997894287,10.663043975830078,12,HP1508501T2D_L6,alpha,alpha,smartseq2,0.39310455322265625
2945,6.672850608825684,12.53545093536377,12,HP1508501T2D_B5,alpha,alpha,smartseq2,0.4594755470752716
2946,-9.451757431030273,1.120436429977417,4,HP1508501T2D_C14,beta,beta,smartseq2,0.6279680728912354
2947,8.955554008483887,-2.8103935718536377,9,HP1508501T2D_J11,ductal,ductal,smartseq2,1.350946307182312
2948,3.0656449794769287,11.099411010742188,12,HP1508501T2D_F16,alpha,alpha,smartseq2,0.4399136006832123
2949,3.694199323654175,9.668992042541504,12,HP1508501T2D_L7,alpha,alpha,smartseq2,0.5450958609580994
2950,4.3348259925842285,11.302200317382812,12,HP1508501T2D_L14,alpha,alpha,smartseq2,0.3845422863960266
2951,8.11255931854248,-1.1702234745025635,9,HP1508501T2D_N7,ductal,ductal,smartseq2,1.2109031677246094
2952,9.12960147857666,-2.1135478019714355,9,HP1508501T2D_M15,ductal,ductal,smartseq2,1.4726980924606323
2953,9.348906517028809,-4.099636554718018,9,HP1508501T2D_K22,ductal,ductal,smartseq2,1.1795908212661743
2954,8.274049758911133,-1.065791130065918,9,HP1508501T2D_H17,ductal,ductal,smartseq2,0.9696407318115234
2955,3.2544033527374268,10.40800666809082,12,HP1508501T2D_G10,alpha,alpha,smartseq2,0.43268585205078125
2956,8.931626319885254,-3.095608949661255,9,HP1508501T2D_M22,ductal,ductal,smartseq2,1.2390568256378174
2957,16.409624099731445,8.27371597290039,7,HP1508501T2D_N13,acinar,acinar,smartseq2,1.438405990600586
2958,6.780605792999268,4.021061420440674,5,HP1508501T2D_F14,macrophage,macrophage,smartseq2,3.993431806564331
2959,6.722322463989258,13.759549140930176,12,HP1508501T2D_D6,alpha,alpha,smartseq2,0.7347092032432556
2960,4.372928142547607,10.391219139099121,12,HP1508501T2D_E12,alpha,alpha,smartseq2,0.44485175609588623
2961,3.7513628005981445,10.265247344970703,12,HP1508501T2D_C7,alpha,alpha,smartseq2,0.4064657390117645
2962,5.541191577911377,11.062098503112793,12,HP1508501T2D_P3,alpha,alpha,smartseq2,0.5027031302452087
2963,8.613801956176758,-4.895914554595947,9,HP1508501T2D_H20,ductal,ductal,smartseq2,1.788382649421692
2964,5.358358860015869,11.176538467407227,12,HP1508501T2D_H4,alpha,alpha,smartseq2,0.46674033999443054
2965,4.149828910827637,11.089577674865723,12,HP1508501T2D_E18,alpha,alpha,smartseq2,0.39532411098480225
2966,3.9109861850738525,10.557774543762207,12,HP1508501T2D_G11,alpha,alpha,smartseq2,0.3845422863960266
2967,3.811096668243408,10.703969955444336,12,HP1508501T2D_P11,alpha,alpha,smartseq2,0.3845422863960266
2968,3.1221234798431396,10.660654067993164,12,HP1508501T2D_L16,alpha,alpha,smartseq2,0.5490549206733704
2969,3.239321231842041,12.312445640563965,12,HP1508501T2D_P9,alpha,alpha,smartseq2,0.7323897480964661
2970,8.88102912902832,-1.4830608367919922,9,HP1508501T2D_F8,ductal,ductal,smartseq2,1.2014697790145874
2971,5.587841987609863,11.092126846313477,12,HP1508501T2D_O14,alpha,alpha,smartseq2,0.46797865629196167
2972,6.862855434417725,13.451383590698242,12,HP1508501T2D_D1,alpha,alpha,smartseq2,0.3895127475261688
2973,-0.3536989390850067,-7.4419379234313965,0,HP1508501T2D_L10,activated_stellate,activated_stellate,smartseq2,2.1246018409729004
2974,16.518098831176758,8.954047203063965,7,HP1508501T2D_N24,acinar,acinar,smartseq2,1.1488802433013916
2975,16.33820152282715,8.060392379760742,7,HP1508501T2D_O7,acinar,acinar,smartseq2,1.1716991662979126
2976,6.394454479217529,4.302098274230957,5,HP1508501T2D_C9,macrophage,macrophage,smartseq2,3.993431806564331
2977,5.644217491149902,11.532464027404785,12,HP1508501T2D_K21,alpha,alpha,smartseq2,0.5179957151412964
2978,4.3337249755859375,9.711281776428223,12,HP1508501T2D_H6,alpha,alpha,smartseq2,0.5976195335388184
2979,8.647320747375488,-1.625985026359558,9,HP1508501T2D_E15,ductal,ductal,smartseq2,1.1311148405075073
2980,3.0373334884643555,11.089522361755371,12,HP1508501T2D_J9,alpha,alpha,smartseq2,0.47831958532333374
2981,7.997196674346924,-1.3968346118927002,9,HP1508501T2D_N19,ductal,ductal,smartseq2,1.2014771699905396
2982,3.1191186904907227,10.512164115905762,12,HP1508501T2D_B11,alpha,alpha,smartseq2,0.44002199172973633
2983,8.721303939819336,-2.160919666290283,9,HP1508501T2D_B19,ductal,ductal,smartseq2,1.32296884059906
2984,3.1904306411743164,10.409645080566406,12,HP1508501T2D_E10,alpha,alpha,smartseq2,0.4748709797859192
2985,-4.569324016571045,17.563840866088867,13,HP1508501T2D_I18,delta,delta,smartseq2,0.50794517993927
2986,16.168546676635742,6.572977542877197,7,HP1508501T2D_M11,acinar,acinar,smartseq2,1.2549912929534912
2987,-8.956327438354492,0.7047075629234314,4,HP1508501T2D_B21,beta,beta,smartseq2,0.8767651319503784
2988,8.200474739074707,-1.1416038274765015,9,HP1508501T2D_N17,ductal,ductal,smartseq2,1.0958231687545776
2989,16.608469009399414,8.253501892089844,7,HP1508501T2D_G12,acinar,acinar,smartseq2,1.3180910348892212
2990,3.5560827255249023,11.169196128845215,12,HP1508501T2D_C13,alpha,alpha,smartseq2,0.38501685857772827
2991,3.4912962913513184,10.637096405029297,12,HP1508501T2D_E22,alpha,alpha,smartseq2,0.38807329535484314
2992,4.546727657318115,9.737469673156738,12,HP1508501T2D_A24,alpha,alpha,smartseq2,0.5451323986053467
2993,-2.8743975162506104,16.547773361206055,13,HP1508501T2D_K16,gamma,delta,smartseq2,1.1061760187149048
2994,4.583916187286377,13.965425491333008,14,HP1508501T2D_P5,alpha,epsilon,smartseq2,1.6304970979690552
2995,4.2384843826293945,9.678157806396484,12,HP1508501T2D_N20,alpha,alpha,smartseq2,0.5068186521530151
2996,3.0857667922973633,11.477339744567871,12,HP1508501T2D_M4,alpha,alpha,smartseq2,0.47183385491371155
2997,9.105818748474121,-3.19096302986145,9,HP1508501T2D_N2,ductal,ductal,smartseq2,1.2178583145141602
2998,15.335899353027344,-11.009617805480957,2,HP1508501T2D_K18,endothelial,endothelial,smartseq2,3.017993450164795
2999,4.211610794067383,11.163573265075684,12,HP1508501T2D_B8,alpha,alpha,smartseq2,0.43678227066993713
3000,8.068476676940918,-3.7621662616729736,9,HP1508501T2D_N22,ductal,ductal,smartseq2,1.2637004852294922
3001,3.8130221366882324,10.264561653137207,12,HP1508501T2D_I16,alpha,alpha,smartseq2,0.392709344625473
3002,9.1715669631958,-3.616673231124878,9,HP1508501T2D_C24,ductal,ductal,smartseq2,1.2402012348175049
3003,9.2083740234375,-3.6486592292785645,9,HP1508501T2D_H13,ductal,ductal,smartseq2,1.273802399635315
3004,16.2663516998291,7.982151508331299,7,HP1508501T2D_M7,acinar,acinar,smartseq2,1.1230263710021973
3005,3.803122043609619,10.422375679016113,12,HP1508501T2D_A16,alpha,alpha,smartseq2,0.3845422863960266
3006,8.473159790039062,-0.9309791922569275,9,HP1508501T2D_L21,ductal,ductal,smartseq2,1.3965189456939697
3007,16.440214157104492,7.744942665100098,7,HP1508501T2D_G19,acinar,acinar,smartseq2,1.283751130104065
3008,-9.5112886428833,0.7606337666511536,4,HP1508501T2D_F1,beta,beta,smartseq2,0.6342175006866455
3009,8.453614234924316,-3.6730921268463135,9,HP1508501T2D_E7,ductal,ductal,smartseq2,1.34244966506958
3010,8.940608978271484,-1.5238919258117676,9,HP1508501T2D_I11,ductal,ductal,smartseq2,1.2913689613342285
3011,8.099167823791504,-2.0022990703582764,9,HP1508501T2D_K7,ductal,ductal,smartseq2,1.1958742141723633
3012,8.934770584106445,-3.106597423553467,9,HP1508501T2D_O9,ductal,ductal,smartseq2,1.3737692832946777
3013,6.974483013153076,3.8650436401367188,6,HP1508501T2D_H12,mast,mast,smartseq2,3.993431806564331
3014,5.253561496734619,12.188604354858398,12,HP1508501T2D_K4,alpha,alpha,smartseq2,0.4743301272392273
3015,9.191231727600098,-4.167208194732666,9,HP1508501T2D_I17,ductal,ductal,smartseq2,1.2800533771514893
3016,17.69898223876953,7.917646408081055,7,HP1508501T2D_O13,acinar,acinar,smartseq2,1.1605302095413208
3017,-3.236438512802124,16.567588806152344,13,HP1508501T2D_H18,gamma,delta,smartseq2,0.5188171863555908
3018,-1.2538621425628662,-6.564178466796875,0,HP1508501T2D_M16,quiescent_stellate,activated_stellate,smartseq2,2.8589842319488525
3019,3.343604564666748,10.429398536682129,12,HP1508501T2D_H3,alpha,alpha,smartseq2,0.40498971939086914
3020,5.709395885467529,11.693947792053223,12,HP1508501T2D_C10,alpha,alpha,smartseq2,0.4840970039367676
3021,8.190484046936035,-0.6578837037086487,9,HP1508501T2D_L11,ductal,ductal,smartseq2,1.169340968132019
3022,-8.679603576660156,2.264740228652954,4,HP1508501T2D_B20,beta,beta,smartseq2,0.6467980742454529
3023,5.588366508483887,12.02614974975586,12,HP1508501T2D_B4,alpha,alpha,smartseq2,0.3845422863960266
3024,-2.4668171405792236,16.929595947265625,13,HP1508501T2D_J17,gamma,delta,smartseq2,0.9872826337814331
3025,3.873403549194336,11.667257308959961,12,HP1508501T2D_C23,alpha,alpha,smartseq2,0.5989628434181213
3026,3.31404709815979,10.542740821838379,12,HP1508501T2D_K17,alpha,alpha,smartseq2,0.5171048641204834
3027,8.801029205322266,-2.295511484146118,9,HP1508501T2D_G14,ductal,ductal,smartseq2,1.3382643461227417
3028,3.1472246646881104,10.570014953613281,12,HP1508501T2D_D3,alpha,alpha,smartseq2,0.3912252187728882
3029,-8.317753791809082,1.8358527421951294,4,HP1508501T2D_K20,beta,beta,smartseq2,0.8856290578842163
3030,5.770692825317383,13.136138916015625,12,HP1508501T2D_D16,alpha,alpha,smartseq2,0.8383125066757202
3031,5.689635753631592,12.364729881286621,12,HP1508501T2D_G24,alpha,alpha,smartseq2,0.3845422863960266
3032,-2.453329563140869,16.90784454345703,13,HP1508501T2D_B10,gamma,delta,smartseq2,1.3168270587921143
3033,8.916034698486328,-3.040823221206665,9,HP1508501T2D_J13,ductal,ductal,smartseq2,1.2936033010482788
3034,4.298436164855957,9.70595645904541,12,HP1508501T2D_P8,alpha,alpha,smartseq2,0.5309163331985474
3035,-3.3438637256622314,17.472026824951172,13,HP1508501T2D_N18,gamma,delta,smartseq2,0.764568567276001
3036,-9.853238105773926,1.9089101552963257,4,HP1508501T2D_G5,beta,beta,smartseq2,0.7276530265808105
3037,16.1569881439209,7.827573776245117,7,HP1508501T2D_M18,acinar,acinar,smartseq2,1.6104155778884888
3038,8.169482231140137,-0.6594811677932739,9,HP1508501T2D_A7,ductal,ductal,smartseq2,1.206828236579895
3039,4.384525299072266,9.887579917907715,12,HP1508501T2D_I22,alpha,alpha,smartseq2,0.5411937236785889
3040,3.384755849838257,10.449263572692871,12,HP1508501T2D_O10,alpha,alpha,smartseq2,0.8999226093292236
3041,3.9120073318481445,11.540425300598145,12,HP1508501T2D_G20,alpha,alpha,smartseq2,0.3845422863960266
3042,3.621366024017334,10.81632137298584,12,HP1508501T2D_K12,alpha,alpha,smartseq2,0.4805704653263092
3043,3.8363425731658936,10.635168075561523,12,HP1508501T2D_J20,alpha,alpha,smartseq2,0.3845422863960266
3044,16.262815475463867,8.067296981811523,7,HP1508501T2D_K6,acinar,acinar,smartseq2,1.292465090751648
3045,8.993322372436523,-4.536167621612549,9,HP1508501T2D_P12,ductal,ductal,smartseq2,1.2711565494537354
3046,7.343297004699707,12.155759811401367,12,HP1508501T2D_J4,alpha,alpha,smartseq2,0.5367670059204102
3047,-8.64001750946045,2.2366161346435547,4,HP1508501T2D_M14,beta,beta,smartseq2,0.6313621997833252
3048,16.73078727722168,9.150229454040527,7,HP1508501T2D_F21,acinar,acinar,smartseq2,1.3073354959487915
3049,7.566817283630371,-1.0050169229507446,9,HP1508501T2D_C19,ductal,ductal,smartseq2,1.272645354270935
3050,4.378340244293213,9.650114059448242,12,HP1508501T2D_E8,alpha,alpha,smartseq2,0.6960449814796448
3051,-4.315048694610596,16.984167098999023,13,HP1508501T2D_I23,delta,delta,smartseq2,0.6483355760574341
3052,3.5045087337493896,9.979344367980957,12,HP1508501T2D_M8,alpha,alpha,smartseq2,0.4802010655403137
3053,9.318978309631348,-4.101958274841309,9,HP1508501T2D_E17,ductal,ductal,smartseq2,1.4770565032958984
3054,5.135351657867432,12.269979476928711,12,HP1508501T2D_B22,alpha,alpha,smartseq2,0.48928478360176086
3055,-8.997467041015625,2.6572909355163574,4,HP1508501T2D_F7,beta,beta,smartseq2,0.5562999248504639
3056,5.480981826782227,11.435591697692871,12,HP1508501T2D_E19,alpha,alpha,smartseq2,0.450005441904068
3057,16.41352653503418,6.716672420501709,7,HP1508501T2D_H16,acinar,acinar,smartseq2,1.2933076620101929
3058,4.062653541564941,10.290185928344727,12,HP1508501T2D_J12,alpha,alpha,smartseq2,0.39273107051849365
3059,6.605980396270752,-2.8913986682891846,9,HP1508501T2D_H9,ductal,ductal,smartseq2,1.2023460865020752
3060,5.695991516113281,11.217095375061035,12,HP1508501T2D_F9,alpha,alpha,smartseq2,0.49652552604675293
3061,16.260297775268555,7.877557277679443,7,HP1508501T2D_G17,acinar,acinar,smartseq2,1.3338348865509033
3062,7.861588478088379,-1.5834059715270996,9,HP1508501T2D_F15,ductal,ductal,smartseq2,1.277018427848816
3063,8.055693626403809,-2.109053134918213,9,HP1508501T2D_C21,ductal,ductal,smartseq2,1.2233299016952515
3064,9.346450805664062,-3.766010284423828,9,HP1508501T2D_C15,ductal,ductal,smartseq2,1.278747797012329
3065,3.5815556049346924,10.052460670471191,12,HP1508501T2D_N4,alpha,alpha,smartseq2,0.4032895267009735
3066,16.447494506835938,8.335344314575195,7,HP1508501T2D_I10,acinar,acinar,smartseq2,1.3672266006469727
3067,3.206775665283203,10.63593578338623,12,HP1508501T2D_I14,alpha,alpha,smartseq2,0.5097427368164062
3068,9.076662063598633,-2.7424583435058594,9,HP1508501T2D_N15,ductal,ductal,smartseq2,1.4472970962524414
3069,9.090559959411621,-4.101704120635986,9,HP1508501T2D_L23,ductal,ductal,smartseq2,1.293106198310852
3070,3.0757601261138916,10.670808792114258,12,HP1508501T2D_J3,alpha,alpha,smartseq2,0.9328354597091675
3071,7.728814125061035,-4.423254013061523,14,HP1508501T2D_B24,ductal,epsilon,smartseq2,2.0897915363311768
3072,16.14581871032715,7.953646659851074,7,HP1508501T2D_E4,acinar,acinar,smartseq2,1.269356608390808
3073,3.564610719680786,9.789594650268555,12,HP1508501T2D_G21,alpha,alpha,smartseq2,0.47442519664764404
3074,3.599857807159424,11.391016006469727,12,HP1508501T2D_H23,alpha,alpha,smartseq2,0.3860399127006531
3075,16.52593994140625,9.075850486755371,7,HP1508501T2D_L2,acinar,acinar,smartseq2,1.2102795839309692
3076,16.38420295715332,8.277396202087402,7,HP1508501T2D_D9,acinar,acinar,smartseq2,1.2682946920394897
3077,4.643350124359131,14.139730453491211,12,HP1508501T2D_D21,alpha,alpha,smartseq2,1.1269220113754272
3078,-0.44050583243370056,-7.398886680603027,0,HP1508501T2D_L15,activated_stellate,activated_stellate,smartseq2,2.450524091720581
3079,16.39505386352539,8.674970626831055,7,HP1508501T2D_G18,acinar,acinar,smartseq2,1.2955931425094604
3080,3.7499513626098633,11.462121963500977,12,HP1508501T2D_E23,alpha,alpha,smartseq2,0.792022705078125
3081,3.7832529544830322,12.106904983520508,12,HP1508501T2D_D14,alpha,alpha,smartseq2,0.3845422863960266
3082,9.58323860168457,-4.340529918670654,9,HP1508501T2D_O8,ductal,ductal,smartseq2,1.5580273866653442
3083,8.962285995483398,-3.0369203090667725,9,HP1508501T2D_D24,ductal,ductal,smartseq2,1.2681950330734253
3084,-1.555125117301941,-7.050171852111816,0,HP1508501T2D_C12,activated_stellate,activated_stellate,smartseq2,1.9351154565811157
3085,9.538820266723633,-4.277370929718018,9,HP1508501T2D_K15,ductal,ductal,smartseq2,1.438269853591919
3086,8.086785316467285,-2.0050113201141357,9,HP1508501T2D_J22,ductal,ductal,smartseq2,1.1650738716125488
3087,4.305270671844482,9.641544342041016,12,HP1508501T2D_F18,alpha,alpha,smartseq2,0.6868547797203064
3088,9.363182067871094,-4.085961818695068,9,HP1508501T2D_N23,ductal,ductal,smartseq2,1.3488165140151978
3089,7.81940221786499,-1.4938801527023315,9,HP1508501T2D_A17,ductal,ductal,smartseq2,1.215804934501648
3090,9.03823184967041,-2.9134559631347656,9,HP1508501T2D_L24,ductal,ductal,smartseq2,1.4134083986282349
3091,8.081530570983887,-1.9958354234695435,9,HP1508501T2D_C11,ductal,ductal,smartseq2,1.186962604522705
3092,17.454124450683594,9.934652328491211,7,HP1508501T2D_P2,acinar,acinar,smartseq2,1.4694360494613647
3093,-4.4513373374938965,17.867069244384766,13,HP1508501T2D_C8,delta,delta,smartseq2,0.5403999090194702
3094,3.074491262435913,10.830297470092773,12,HP1508501T2D_D13,alpha,alpha,smartseq2,0.5505875945091248
3095,-8.21302604675293,1.8152925968170166,4,HP1508501T2D_D12,beta,beta,smartseq2,1.1981829404830933
3096,3.3222553730010986,10.649596214294434,12,HP1508501T2D_A4,alpha,alpha,smartseq2,0.9106041193008423
3097,3.6136434078216553,12.922371864318848,12,HP1508501T2D_L17,alpha,alpha,smartseq2,1.0166515111923218
3098,-3.257498264312744,17.46521759033203,13,HP1508501T2D_D15,delta,delta,smartseq2,0.6748237013816833
3099,16.355867385864258,8.090121269226074,7,HP1508501T2D_B14,acinar,acinar,smartseq2,1.2735260725021362
3100,-3.6572365760803223,17.39216423034668,13,HP1508501T2D_F11,gamma,delta,smartseq2,0.5449910163879395
3101,-4.2530317306518555,17.75189971923828,13,HP1508501T2D_C16,delta,delta,smartseq2,0.684913694858551
3102,8.15713119506836,-1.6304861307144165,9,HP1508501T2D_C18,ductal,ductal,smartseq2,1.168588399887085
3103,8.170056343078613,-0.6458340287208557,9,HP1508501T2D_O12,ductal,ductal,smartseq2,1.2326940298080444
3104,8.937901496887207,-3.0814709663391113,9,HP1508501T2D_J14,ductal,ductal,smartseq2,1.2595661878585815
3105,4.023784637451172,9.88476848602295,12,HP1508501T2D_G6,alpha,alpha,smartseq2,0.7688499093055725
3106,8.607211112976074,-1.5226445198059082,9,HP1508501T2D_L5,ductal,ductal,smartseq2,1.2011380195617676
3107,8.088517189025879,-4.037344455718994,9,HP1508501T2D_M23,ductal,ductal,smartseq2,1.4593865871429443
3108,3.117985248565674,10.55573558807373,12,HP1508501T2D_J5,alpha,alpha,smartseq2,0.43034160137176514
3109,8.674185752868652,-2.149968147277832,9,HP1508501T2D_N10,ductal,ductal,smartseq2,1.241099238395691
3110,8.007410049438477,-1.9645544290542603,9,HP1508501T2D_K23,ductal,ductal,smartseq2,1.2329356670379639
3111,-8.922690391540527,1.8007880449295044,4,HP1508501T2D_P1,beta,beta,smartseq2,0.6499331593513489
3112,4.564102649688721,10.52924633026123,12,HP1508501T2D_N11,alpha,alpha,smartseq2,0.3845422863960266
3113,3.774120807647705,12.188126564025879,12,HP1508501T2D_F23,alpha,alpha,smartseq2,0.40033307671546936
3114,4.136821746826172,12.098812103271484,12,HP1508501T2D_K24,alpha,alpha,smartseq2,0.38818252086639404
3115,3.742084503173828,12.17570972442627,12,HP1508501T2D_D11,alpha,alpha,smartseq2,0.3884955048561096
3116,4.388635158538818,10.76319408416748,12,HP1508501T2D_M12,alpha,alpha,smartseq2,0.3845422863960266
3117,9.276398658752441,-3.7395849227905273,9,HP1508501T2D_I4,ductal,ductal,smartseq2,1.2310837507247925
3118,6.634510040283203,12.260941505432129,12,HP1508501T2D_K19,alpha,alpha,smartseq2,0.5792419910430908
3119,8.267033576965332,-2.2737233638763428,9,HP1508501T2D_N6,ductal,ductal,smartseq2,1.3597854375839233
3120,-0.5589206218719482,-7.47672176361084,0,HP1508501T2D_I19,activated_stellate,activated_stellate,smartseq2,1.808434009552002
3121,-8.279072761535645,3.5313589572906494,4,HP1508501T2D_J6,beta,beta,smartseq2,0.8910637497901917
3122,5.1495747566223145,10.874442100524902,12,HP1508501T2D_B12,alpha,alpha,smartseq2,0.3894265294075012
3123,-5.656919956207275,17.405473709106445,14,HP1508501T2D_B13,alpha,epsilon,smartseq2,2.3327009677886963
3124,6.022189140319824,12.544239044189453,12,HP1508501T2D_K14,alpha,alpha,smartseq2,0.47053372859954834
3125,8.780805587768555,-2.2742793560028076,9,HP1508501T2D_J16,ductal,ductal,smartseq2,1.3142036199569702
3126,4.016324996948242,10.163884162902832,12,HP1508501T2D_H10,alpha,alpha,smartseq2,0.3845422863960266
3127,5.9133453369140625,12.208621978759766,12,HP1508501T2D_M5,alpha,alpha,smartseq2,0.41983506083488464
3128,4.094003677368164,10.62006664276123,12,HP1508501T2D_H21,alpha,alpha,smartseq2,0.39092937111854553
3129,17.100595474243164,9.75841236114502,7,HP1508501T2D_D18,acinar,acinar,smartseq2,1.7823344469070435
3130,9.421645164489746,-4.530126094818115,9,HP1508501T2D_G13,ductal,ductal,smartseq2,1.695042610168457
3131,16.604114532470703,9.125700950622559,7,HP1508501T2D_N21,acinar,acinar,smartseq2,1.3132628202438354
3132,5.719881534576416,11.691895484924316,12,HP1508501T2D_F2,alpha,alpha,smartseq2,0.4601112902164459
3133,-0.33971768617630005,-7.470008850097656,0,HP1508501T2D_E20,activated_stellate,activated_stellate,smartseq2,2.820352554321289
3134,-0.37348198890686035,-7.44361686706543,0,HP1508501T2D_J2,activated_stellate,activated_stellate,smartseq2,2.8589842319488525
3135,3.8759565353393555,12.146317481994629,12,HP1508501T2D_J8,alpha,alpha,smartseq2,0.3870733678340912
3136,3.4023025035858154,10.390130996704102,12,HP1508501T2D_P6,alpha,alpha,smartseq2,0.46295642852783203
3137,-9.679403305053711,2.4717586040496826,4,HP1508501T2D_C4,beta,beta,smartseq2,1.0155404806137085
3138,3.0567054748535156,10.915438652038574,12,HP1508501T2D_O6,alpha,alpha,smartseq2,0.5810506343841553
3139,6.612046241760254,15.77656364440918,12,HP1508501T2D_H15,alpha,alpha,smartseq2,0.7324196696281433
3140,16.478179931640625,8.788330078125,7,HP1508501T2D_G23,acinar,acinar,smartseq2,1.2233341932296753
3141,3.2102675437927246,10.492294311523438,12,HP1508501T2D_A14,alpha,alpha,smartseq2,0.38974326848983765
3142,16.24018096923828,7.9647321701049805,7,HP1508501T2D_I7,acinar,acinar,smartseq2,1.2373121976852417
3143,4.075024127960205,12.04450511932373,12,HP1508501T2D_A12,alpha,alpha,smartseq2,0.3845422863960266
3144,16.749792098999023,9.210994720458984,7,HP1508501T2D_O11,acinar,acinar,smartseq2,1.2883363962173462
3145,3.404315233230591,10.770954132080078,12,HP1508501T2D_B3,alpha,alpha,smartseq2,0.41672003269195557
3146,3.0928094387054443,10.696006774902344,12,HP1508501T2D_A15,alpha,alpha,smartseq2,0.46342867612838745
3147,9.228641510009766,-3.62485671043396,9,HP1508501T2D_I12,ductal,ductal,smartseq2,1.1712353229522705
3148,3.4420793056488037,10.616337776184082,12,HP1508501T2D_J1,alpha,alpha,smartseq2,0.3845422863960266
3149,-0.3657316267490387,-7.445898056030273,0,HP1508501T2D_M10,activated_stellate,activated_stellate,smartseq2,2.3673112392425537
3150,16.386634826660156,8.577943801879883,7,HP1508501T2D_A11,acinar,acinar,smartseq2,1.3521041870117188
3151,4.411616325378418,10.709233283996582,12,HP1508501T2D_K9,alpha,alpha,smartseq2,0.4269844889640808
3152,3.2598073482513428,10.454521179199219,12,HP1508501T2D_E21,alpha,alpha,smartseq2,0.6062324643135071
3153,-7.691371917724609,3.76450514793396,4,HP1508501T2D_J24,beta,beta,smartseq2,0.8424408435821533
3154,-4.040257453918457,17.825319290161133,13,HP1508501T2D_J18,delta,delta,smartseq2,0.5892491936683655
3155,8.311430931091309,-1.6106890439987183,9,HP1508501T2D_E11,ductal,ductal,smartseq2,1.2877765893936157
3156,5.642932415008545,11.59652042388916,12,HP1508501T2D_F20,alpha,alpha,smartseq2,0.4399651885032654
3157,4.0693864822387695,11.808416366577148,12,HP1508501T2D_G4,alpha,alpha,smartseq2,0.3845422863960266
3158,8.08088207244873,-1.9472469091415405,9,HP1508501T2D_I13,ductal,ductal,smartseq2,1.2094476222991943
3159,4.535245418548584,9.719644546508789,12,HP1508501T2D_D8,alpha,alpha,smartseq2,0.863120973110199
3160,9.084319114685059,-2.9916677474975586,9,HP1508501T2D_L9,ductal,ductal,smartseq2,1.2934179306030273
3161,8.059005737304688,-2.234980344772339,9,HP1508501T2D_E9,ductal,ductal,smartseq2,1.4324826002120972
3162,-8.127521514892578,0.1083139106631279,4,HP1508501T2D_C17,beta,beta,smartseq2,0.9218463897705078
3163,7.9978532791137695,-4.222047328948975,9,HP1508501T2D_D22,ductal,ductal,smartseq2,1.4466503858566284
3164,9.129289627075195,-4.423908710479736,9,HP1508501T2D_E16,ductal,ductal,smartseq2,1.4682228565216064
3165,3.9629170894622803,9.815739631652832,12,HP1508501T2D_D10,alpha,alpha,smartseq2,0.5437320470809937
3166,-9.41473388671875,0.6044296622276306,4,HP1508501T2D_B16,beta,beta,smartseq2,0.7511616945266724
3167,-4.789243698120117,17.266328811645508,13,HP1508501T2D_G22,gamma,delta,smartseq2,0.545555055141449
3168,3.220719814300537,10.433732986450195,12,HP1508501T2D_E13,alpha,alpha,smartseq2,0.6779515147209167
3169,9.052844047546387,-2.9244399070739746,9,HP1508501T2D_I21,ductal,ductal,smartseq2,1.3458924293518066
3170,-1.8806521892547607,-7.035528182983398,0,HP1508501T2D_M21,activated_stellate,activated_stellate,smartseq2,2.6259844303131104
3171,8.465178489685059,-1.3606926202774048,9,HP1508501T2D_K3,ductal,ductal,smartseq2,1.1134610176086426
3172,8.311050415039062,-2.079975128173828,9,HP1508501T2D_N8,ductal,ductal,smartseq2,1.344465732574463
3173,8.00456714630127,-2.0882813930511475,9,HP1508501T2D_J15,ductal,ductal,smartseq2,1.1432991027832031
3174,-4.458026885986328,15.995081901550293,13,HP1506401_I2,gamma,delta,smartseq2,0.5379899144172668
3175,3.5981082916259766,12.882766723632812,12,HP1506401_G3,alpha,alpha,smartseq2,0.5708733201026917
3176,-8.246221542358398,3.555528402328491,4,HP1506401_K1,beta,beta,smartseq2,0.7440823912620544
3177,-3.4487955570220947,17.424644470214844,13,HP1506401_I1,gamma,delta,smartseq2,0.5700012445449829
3178,8.171683311462402,-0.6714096665382385,9,HP1506401_G2,ductal,ductal,smartseq2,1.1507353782653809
3179,16.132240295410156,8.128993034362793,7,HP1506401_K2,acinar,acinar,smartseq2,1.4726749658584595
3180,16.262208938598633,8.300564765930176,7,HP1506401_M1,acinar,acinar,smartseq2,1.3175132274627686
3181,-3.30431866645813,16.721651077270508,13,HP1506401_E3,gamma,delta,smartseq2,0.5320101976394653
3182,4.7974629402160645,11.622268676757812,12,HP1506401_G1,alpha,alpha,smartseq2,0.8492300510406494
3183,8.630356788635254,-1.3303097486495972,9,HP1506401_O2,ductal,ductal,smartseq2,1.094577670097351
3184,15.158585548400879,6.730978965759277,7,HP1506401_D14,acinar,acinar,smartseq2,1.461507797241211
3185,15.878729820251465,7.682464599609375,7,HP1506401_A9,acinar,acinar,smartseq2,1.6860586404800415
3186,-3.991445541381836,17.042316436767578,13,HP1506401_B22,gamma,delta,smartseq2,0.5890549421310425
3187,8.396849632263184,-1.0557646751403809,9,HP1506401_N10,ductal,ductal,smartseq2,0.9548878073692322
3188,8.620746612548828,-1.0886486768722534,9,HP1506401_D15,ductal,ductal,smartseq2,1.0257221460342407
3189,-3.9174273014068604,16.551002502441406,13,HP1506401_N7,gamma,delta,smartseq2,0.5118155479431152
3190,8.806966781616211,-1.0673160552978516,9,HP1506401_D21,ductal,ductal,smartseq2,1.0425344705581665
3191,15.853218078613281,7.65037202835083,7,HP1506401_J9,acinar,acinar,smartseq2,1.418864369392395
3192,8.70289421081543,-0.9856366515159607,9,HP1506401_F7,ductal,ductal,smartseq2,1.4398013353347778
3193,4.3681159019470215,10.972957611083984,12,HP1506401_K12,alpha,alpha,smartseq2,0.38643667101860046
3194,16.153579711914062,8.146550178527832,7,HP1506401_N1,acinar,acinar,smartseq2,1.470056176185608
3195,14.511343002319336,6.080848693847656,7,HP1506401_G14,acinar,acinar,smartseq2,1.1283698081970215
3196,14.50803279876709,6.144753456115723,7,HP1506401_O16,acinar,acinar,smartseq2,1.2255613803863525
3197,14.307251930236816,5.94910192489624,7,HP1506401_D3,acinar,acinar,smartseq2,1.2201448678970337
3198,14.308995246887207,5.947237014770508,7,HP1506401_E23,acinar,acinar,smartseq2,1.2807971239089966
3199,9.128222465515137,-1.2821545600891113,9,HP1506401_G21,ductal,ductal,smartseq2,1.5239336490631104
3200,9.173927307128906,-1.3287005424499512,9,HP1506401_B17,ductal,ductal,smartseq2,1.6764637231826782
3201,14.341248512268066,5.973467826843262,7,HP1506401_N9,acinar,acinar,smartseq2,1.2357395887374878
3202,8.789623260498047,-1.0946308374404907,9,HP1506401_J5,ductal,ductal,smartseq2,1.1219072341918945
3203,-8.447068214416504,3.5900814533233643,4,HP1506401_C9,beta,beta,smartseq2,1.0783419609069824
3204,-9.198554992675781,2.5498805046081543,4,HP1506401_J19,beta,beta,smartseq2,0.652138352394104
3205,14.529704093933105,6.150476932525635,7,HP1506401_L19,acinar,acinar,smartseq2,1.2856906652450562
3206,9.065827369689941,-1.2358248233795166,9,HP1506401_M16,ductal,ductal,smartseq2,1.2040746212005615
3207,15.052250862121582,6.6950554847717285,7,HP1506401_H15,acinar,acinar,smartseq2,1.213948369026184
3208,9.101265907287598,-1.286746621131897,9,HP1506401_A18,ductal,ductal,smartseq2,1.5068156719207764
3209,8.618047714233398,-1.4648165702819824,9,HP1506401_C12,ductal,ductal,smartseq2,1.107133388519287
3210,15.204782485961914,6.700661659240723,7,HP1506401_H16,acinar,acinar,smartseq2,1.4036835432052612
3211,16.11490249633789,8.15316390991211,7,HP1506401_C24,acinar,acinar,smartseq2,1.5172734260559082
3212,8.033140182495117,-1.9486539363861084,9,HP1506401_E6,ductal,ductal,smartseq2,1.1836308240890503
3213,15.635583877563477,7.302736282348633,7,HP1506401_N21,acinar,acinar,smartseq2,1.6848151683807373
3214,-3.0224359035491943,16.588376998901367,13,HP1506401_I14,gamma,delta,smartseq2,0.6970950365066528
3215,15.920761108398438,7.728155612945557,7,HP1506401_J2,acinar,acinar,smartseq2,1.4436285495758057
3216,3.5889339447021484,11.263686180114746,12,HP1506401_F13,alpha,alpha,smartseq2,0.5260160565376282
3217,15.101678848266602,6.772736072540283,7,HP1506401_B1,acinar,acinar,smartseq2,1.463840126991272
3218,8.219968795776367,-0.7512707710266113,9,HP1506401_A13,ductal,ductal,smartseq2,1.314447045326233
3219,9.170167922973633,-1.8793857097625732,9,HP1506401_H4,ductal,ductal,smartseq2,1.601009726524353
3220,16.428743362426758,8.925446510314941,7,HP1506401_I15,acinar,acinar,smartseq2,1.519956350326538
3221,9.125836372375488,-2.1852264404296875,9,HP1506401_O4,ductal,ductal,smartseq2,1.6289780139923096
3222,15.311062812805176,6.5840582847595215,7,HP1506401_M3,acinar,acinar,smartseq2,1.5214968919754028
3223,15.138117790222168,6.8431396484375,7,HP1506401_L7,alpha,acinar,smartseq2,1.650266170501709
3224,4.037117004394531,11.167154312133789,14,HP1506401_J18,alpha,epsilon,smartseq2,1.7058748006820679
3225,16.145050048828125,7.925599575042725,7,HP1506401_D24,acinar,acinar,smartseq2,1.3951047658920288
3226,8.318321228027344,-0.9987725019454956,9,HP1506401_L21,ductal,ductal,smartseq2,1.0874450206756592
3227,15.176916122436523,6.697643756866455,7,HP1506401_J24,acinar,acinar,smartseq2,1.682434320449829
3228,-3.656106472015381,16.121475219726562,13,HP1506401_G8,gamma,delta,smartseq2,0.797351598739624
3229,-8.50586223602295,3.5497701168060303,4,HP1506401_F12,beta,beta,smartseq2,1.1389275789260864
3230,15.103290557861328,6.750625133514404,7,HP1506401_J6,acinar,acinar,smartseq2,1.3035300970077515
3231,-3.9303030967712402,16.13315200805664,13,HP1506401_H12,gamma,delta,smartseq2,0.4891307055950165
3232,14.295449256896973,5.938233375549316,7,HP1506401_N5,acinar,acinar,smartseq2,1.3974860906600952
3233,8.709177017211914,-1.1874743700027466,9,HP1506401_I24,ductal,ductal,smartseq2,1.0137372016906738
3234,15.827873229980469,7.62465763092041,7,HP1506401_E20,acinar,acinar,smartseq2,1.4331164360046387
3235,-7.81882381439209,4.035094261169434,4,HP1506401_F24,beta,beta,smartseq2,1.064119577407837
3236,-7.888587474822998,3.9566376209259033,4,HP1506401_F8,beta,beta,smartseq2,1.0375117063522339
3237,16.85466766357422,9.12636947631836,7,HP1506401_F16,acinar,acinar,smartseq2,1.459929347038269
3238,9.019829750061035,-1.2719223499298096,9,HP1506401_F21,ductal,ductal,smartseq2,1.1999162435531616
3239,15.265003204345703,6.770034313201904,7,HP1506401_M18,acinar,acinar,smartseq2,1.4119915962219238
3240,15.833285331726074,7.656162738800049,7,HP1506401_I13,acinar,acinar,smartseq2,1.440136432647705
3241,8.24106216430664,-0.7029963135719299,9,HP1506401_J8,ductal,ductal,smartseq2,1.2058595418930054
3242,9.144875526428223,-2.089395761489868,9,HP1506401_K17,ductal,ductal,smartseq2,1.4971717596054077
3243,14.550217628479004,6.186410903930664,7,HP1506401_O24,alpha,acinar,smartseq2,1.4199261665344238
3244,15.827149391174316,7.6061296463012695,7,HP1506401_L18,acinar,acinar,smartseq2,1.465947151184082
3245,16.217018127441406,7.928492069244385,7,HP1506401_H18,acinar,acinar,smartseq2,1.5360965728759766
3246,16.42521095275879,8.935385704040527,7,HP1506401_F2,acinar,acinar,smartseq2,1.3980543613433838
3247,3.6107797622680664,9.721368789672852,12,HP1506401_A5,alpha,alpha,smartseq2,0.5171571969985962
3248,-9.369513511657715,2.6148786544799805,4,HP1506401_N20,beta,beta,smartseq2,0.6465184092521667
3249,16.060039520263672,8.095399856567383,7,HP1506401_M4,acinar,acinar,smartseq2,1.4470674991607666
3250,14.282563209533691,5.927347183227539,7,HP1506401_J3,acinar,acinar,smartseq2,1.2644394636154175
3251,9.039810180664062,-1.2813825607299805,9,HP1506401_N16,ductal,ductal,smartseq2,1.3474253416061401
3252,-8.2565336227417,2.0221946239471436,4,HP1506401_M5,beta,beta,smartseq2,0.7329372763633728
3253,14.378667831420898,5.992958068847656,7,HP1506401_L22,acinar,acinar,smartseq2,1.6393731832504272
3254,9.080307960510254,-1.404447078704834,9,HP1506401_D8,ductal,ductal,smartseq2,1.2820552587509155
3255,8.44860553741455,-1.0174765586853027,9,HP1506401_H7,ductal,ductal,smartseq2,1.4305585622787476
3256,9.086620330810547,-1.251647710800171,9,HP1506401_M21,ductal,ductal,smartseq2,1.3969874382019043
3257,4.275128364562988,11.58121395111084,12,HP1506401_E15,alpha,alpha,smartseq2,0.3899751603603363
3258,8.20718765258789,-0.7964915633201599,9,HP1506401_P11,ductal,ductal,smartseq2,1.2201913595199585
3259,8.097917556762695,-0.5953431129455566,9,HP1506401_L10,ductal,ductal,smartseq2,1.0910154581069946
3260,16.145187377929688,8.122325897216797,7,HP1506401_N24,acinar,acinar,smartseq2,1.4854212999343872
3261,8.502994537353516,-2.014458417892456,9,HP1506401_P5,ductal,ductal,smartseq2,1.2491322755813599
3262,-3.4277420043945312,17.49964714050293,13,HP1506401_E12,gamma,delta,smartseq2,0.6228743195533752
3263,-3.0127906799316406,17.2482852935791,13,HP1506401_B4,gamma,delta,smartseq2,0.7753188610076904
3264,8.698861122131348,-0.9786323308944702,9,HP1506401_D10,ductal,ductal,smartseq2,1.3709245920181274
3265,9.174790382385254,-1.2885085344314575,9,HP1506401_L20,ductal,ductal,smartseq2,1.600960373878479
3266,-8.666099548339844,1.8446670770645142,4,HP1506401_P20,beta,beta,smartseq2,0.6812731027603149
3267,9.175872802734375,-1.8909977674484253,9,HP1506401_C17,ductal,ductal,smartseq2,1.6837421655654907
3268,14.331546783447266,5.976383209228516,7,HP1506401_M19,acinar,acinar,smartseq2,1.2300753593444824
3269,9.22057819366455,-1.3875782489776611,9,HP1506401_J7,ductal,ductal,smartseq2,2.0897915363311768
3270,15.846465110778809,7.627812385559082,7,HP1506401_J23,acinar,acinar,smartseq2,1.2865475416183472
3271,9.183456420898438,-1.307698369026184,9,HP1506401_D2,ductal,ductal,smartseq2,1.7379001379013062
3272,16.187896728515625,8.03390121459961,7,HP1506401_D23,acinar,acinar,smartseq2,1.3039591312408447
3273,8.893290519714355,-1.2012218236923218,9,HP1506401_G18,ductal,ductal,smartseq2,1.242071270942688
3274,-8.461000442504883,3.512052059173584,4,HP1506401_J17,beta,beta,smartseq2,0.8214309215545654
3275,15.868772506713867,7.676486015319824,7,HP1506401_B5,acinar,acinar,smartseq2,1.4570441246032715
3276,16.15708351135254,8.161272048950195,7,HP1506401_K6,acinar,acinar,smartseq2,1.5577352046966553
3277,8.607455253601074,-1.1623517274856567,9,HP1506401_E17,ductal,ductal,smartseq2,1.1052794456481934
3278,3.4928183555603027,10.976181030273438,12,HP1506401_N4,alpha,alpha,smartseq2,0.47820359468460083
3279,9.158498764038086,-1.4507094621658325,9,HP1506401_G19,ductal,ductal,smartseq2,1.4300609827041626
3280,14.552152633666992,6.162863254547119,7,HP1506401_O21,acinar,acinar,smartseq2,1.2807486057281494
3281,4.333254337310791,11.969117164611816,12,HP1506401_H14,alpha,alpha,smartseq2,0.604022741317749
3282,15.90287971496582,7.737866401672363,7,HP1506401_L9,acinar,acinar,smartseq2,1.327625036239624
3283,-2.9886951446533203,16.959041595458984,13,HP1506401_K23,gamma,delta,smartseq2,0.697849690914154
3284,8.857869148254395,-1.3844140768051147,9,HP1506401_L4,ductal,ductal,smartseq2,1.0767569541931152
3285,15.149538040161133,6.828866004943848,7,HP1506401_E18,acinar,acinar,smartseq2,1.3910597562789917
3286,9.110807418823242,-1.7214677333831787,9,HP1506401_L13,ductal,ductal,smartseq2,1.3189070224761963
3287,16.270130157470703,7.952777862548828,7,HP1506401_G4,acinar,acinar,smartseq2,1.214475154876709
3288,-3.6809566020965576,17.844337463378906,13,HP1506401_I17,gamma,delta,smartseq2,0.6316719651222229
3289,8.097557067871094,-1.9948842525482178,9,HP1506401_H6,ductal,ductal,smartseq2,1.1628763675689697
3290,4.421265125274658,11.78408432006836,12,HP1506401_O23,alpha,alpha,smartseq2,0.40138790011405945
3291,-4.340274810791016,17.09908676147461,13,HP1506401_H11,gamma,delta,smartseq2,0.9145005941390991
3292,9.058481216430664,-1.4096113443374634,9,HP1506401_F10,ductal,ductal,smartseq2,1.2640838623046875
3293,8.805306434631348,-1.053339958190918,9,HP1506401_I4,ductal,ductal,smartseq2,1.2049839496612549
3294,-7.873752593994141,4.017804145812988,4,HP1506401_I23,beta,beta,smartseq2,1.512410044670105
3295,-8.969311714172363,2.6424543857574463,4,HP1506401_F18,beta,beta,smartseq2,0.6087558269500732
3296,8.134062767028809,-0.5973027944564819,9,HP1506401_D17,ductal,ductal,smartseq2,1.2369269132614136
3297,-7.917270183563232,3.9115047454833984,4,HP1506401_O10,beta,beta,smartseq2,1.0479837656021118
3298,9.02731704711914,-1.4586656093597412,9,HP1506401_P22,ductal,ductal,smartseq2,1.2042311429977417
3299,4.455601215362549,13.781392097473145,12,HP1506401_J4,alpha,alpha,smartseq2,1.0394997596740723
3300,15.4943208694458,7.171285152435303,7,HP1506401_D12,acinar,acinar,smartseq2,1.4325616359710693
3301,8.639764785766602,-1.1254892349243164,9,HP1506401_O8,ductal,ductal,smartseq2,1.025699496269226
3302,-7.945650100708008,3.91571044921875,4,HP1506401_C15,beta,beta,smartseq2,0.8720973134040833
3303,14.303041458129883,5.947742462158203,7,HP1506401_B14,acinar,acinar,smartseq2,1.446491003036499
3304,14.349505424499512,5.985921859741211,7,HP1506401_P17,acinar,acinar,smartseq2,1.1679011583328247
3305,-8.48122501373291,3.5659635066986084,4,HP1506401_C4,beta,beta,smartseq2,1.2024333477020264
3306,14.451874732971191,6.11444616317749,7,HP1506401_B16,acinar,acinar,smartseq2,1.232108235359192
3307,9.1671724319458,-1.762367844581604,9,HP1506401_I21,ductal,ductal,smartseq2,1.7785025835037231
3308,14.54904556274414,6.103553771972656,7,HP1506401_I6,acinar,acinar,smartseq2,1.2489134073257446
3309,-2.921247959136963,17.025638580322266,13,HP1506401_F14,gamma,delta,smartseq2,0.8265954256057739
3310,4.142041206359863,12.044347763061523,12,HP1506401_P19,alpha,alpha,smartseq2,0.4763166606426239
3311,-2.7266104221343994,16.794658660888672,13,HP1506401_K22,gamma,delta,smartseq2,0.9173458814620972
3312,8.16928768157959,-0.6396299600601196,9,HP1506401_F19,ductal,ductal,smartseq2,1.155478835105896
3313,4.241686820983887,13.421305656433105,14,HP1506401_N19,alpha,epsilon,smartseq2,2.108088970184326
3314,-7.684413433074951,4.119610786437988,4,HP1506401_G9,beta,beta,smartseq2,0.9732114672660828
3315,14.337934494018555,5.971301078796387,7,HP1506401_K15,acinar,acinar,smartseq2,1.2858519554138184
3316,-3.085186243057251,16.347196578979492,13,HP1506401_O6,gamma,delta,smartseq2,1.125932216644287
3317,9.09572696685791,-2.3123512268066406,9,HP1506401_A20,ductal,ductal,smartseq2,1.5003992319107056
3318,3.5080835819244385,11.24134349822998,12,HP1506401_A21,alpha,alpha,smartseq2,0.41443881392478943
3319,-8.82447624206543,1.73033607006073,4,HP1506401_L14,beta,beta,smartseq2,0.6109808683395386
3320,8.04161262512207,-4.027396202087402,9,HP1506401_P18,ductal,ductal,smartseq2,1.4468265771865845
3321,8.789268493652344,-1.4757351875305176,9,HP1506401_L1,ductal,ductal,smartseq2,1.2328355312347412
3322,14.324628829956055,5.969638824462891,7,HP1506401_C13,acinar,acinar,smartseq2,1.2201476097106934
3323,-9.585318565368652,1.7945107221603394,4,HP1506401_A15,beta,beta,smartseq2,0.6904841065406799
3324,16.751710891723633,9.125801086425781,7,HP1506401_O7,acinar,acinar,smartseq2,1.5566006898880005
3325,8.608321189880371,-0.9872820377349854,9,HP1506401_G20,ductal,ductal,smartseq2,1.2804934978485107
3326,8.88512897491455,-4.616539001464844,9,HP1506401_A4,ductal,ductal,smartseq2,1.441986322402954
3327,-3.80818510055542,16.84960174560547,13,HP1506401_D9,gamma,delta,smartseq2,0.5164416432380676
3328,8.806833267211914,-4.586878776550293,9,HP1506401_P1,ductal,ductal,smartseq2,1.5822018384933472
3329,4.157325267791748,12.145977973937988,12,HP1506401_O3,alpha,alpha,smartseq2,0.4600137174129486
3330,-3.9936654567718506,16.209352493286133,13,HP1506401_L17,gamma,delta,smartseq2,0.7104408740997314
3331,4.1840081214904785,12.400428771972656,12,HP1506401_H13,alpha,alpha,smartseq2,0.5007439851760864
3332,14.41760540008545,6.012125015258789,7,HP1506401_K14,acinar,acinar,smartseq2,1.3417043685913086
3333,-9.879822731018066,1.937943458557129,4,HP1506401_O11,beta,beta,smartseq2,0.6620025038719177
3334,8.969842910766602,-2.6004438400268555,9,HP1506401_J20,ductal,ductal,smartseq2,1.3290382623672485
3335,-9.254338264465332,2.920952320098877,4,HP1506401_I11,beta,beta,smartseq2,0.8386183381080627
3336,15.251663208007812,6.939053535461426,7,HP1506401_M17,acinar,acinar,smartseq2,1.391701102256775
3337,3.2019073963165283,11.688506126403809,12,HP1506401_C5,alpha,alpha,smartseq2,0.5143091082572937
3338,-9.101072311401367,2.606590509414673,4,HP1506401_L5,beta,beta,smartseq2,0.6449791789054871
3339,14.44202709197998,6.1103386878967285,7,HP1506401_P15,alpha,acinar,smartseq2,2.0589449405670166
3340,-8.303812980651855,3.565664529800415,4,HP1506401_P12,beta,beta,smartseq2,0.8280968070030212
3341,16.399477005004883,8.90807056427002,7,HP1506401_J14,acinar,acinar,smartseq2,1.3479502201080322
3342,14.54627799987793,6.195223331451416,7,HP1506401_N15,acinar,acinar,smartseq2,1.3025739192962646
3343,-4.296751022338867,18.426124572753906,13,HP1506401_E16,delta,delta,smartseq2,1.076064944267273
3344,9.089491844177246,-2.1865081787109375,9,HP1506401_P21,ductal,ductal,smartseq2,1.328959584236145
3345,-8.36786937713623,2.583110809326172,4,HP1506401_F11,beta,beta,smartseq2,0.5899220108985901
3346,14.3427734375,5.979087829589844,7,HP1506401_O18,acinar,acinar,smartseq2,1.2241079807281494
3347,9.211382865905762,-3.4892351627349854,9,HP1506401_H2,ductal,ductal,smartseq2,1.3103206157684326
3348,9.126849174499512,-1.775134801864624,9,HP1506401_K19,ductal,ductal,smartseq2,1.4196826219558716
3349,15.932942390441895,7.721467971801758,7,HP1506401_G15,acinar,acinar,smartseq2,1.7512871026992798
3350,-9.065768241882324,0.799833357334137,4,HP1506401_F22,beta,beta,smartseq2,0.901242196559906
3351,16.01495933532715,7.871120929718018,7,HP1506401_F5,acinar,acinar,smartseq2,1.3912217617034912
3352,8.697470664978027,-1.5077388286590576,9,HP1506401_C16,ductal,ductal,smartseq2,1.0410102605819702
3353,8.301908493041992,-0.7094245553016663,9,HP1506401_K4,ductal,ductal,smartseq2,1.2643331289291382
3354,15.065386772155762,6.742982387542725,7,HP1506401_L3,acinar,acinar,smartseq2,1.3533527851104736
3355,-7.753442764282227,4.009597301483154,4,HP1506401_N11,beta,beta,smartseq2,1.1758754253387451
3356,9.020965576171875,-2.3979499340057373,9,HP1506401_F23,ductal,ductal,smartseq2,1.3514177799224854
3357,4.362974166870117,10.486550331115723,12,HP1506401_P3,alpha,alpha,smartseq2,1.0662798881530762
3358,4.145986080169678,12.01115894317627,12,HP1506401_I8,alpha,alpha,smartseq2,0.4556344747543335
3359,-9.03534984588623,2.6995043754577637,4,HP1506401_A24,beta,beta,smartseq2,0.8177763819694519
3360,14.572981834411621,6.173964023590088,7,HP1506401_A7,acinar,acinar,smartseq2,1.286901593208313
3361,3.6370396614074707,12.241979598999023,12,HP1506401_G5,alpha,alpha,smartseq2,0.4686482548713684
3362,-9.9022216796875,2.074728012084961,4,HP1506401_K21,beta,beta,smartseq2,0.9082249402999878
3363,-4.397446632385254,18.383363723754883,13,HP1506401_G11,delta,delta,smartseq2,1.0361493825912476
3364,8.976683616638184,-2.3854243755340576,9,HP1506401_P9,ductal,ductal,smartseq2,1.351222276687622
3365,-0.36418142914772034,-7.4907426834106445,0,HP1506401_B15,activated_stellate,activated_stellate,smartseq2,2.0763473510742188
3366,8.617984771728516,-1.0223761796951294,9,HP1506401_K16,ductal,ductal,smartseq2,1.252144455909729
3367,15.597932815551758,7.3115105628967285,7,HP1506401_M8,acinar,acinar,smartseq2,1.4210803508758545
3368,14.65786361694336,6.085427284240723,7,HP1506401_A6,acinar,acinar,smartseq2,1.2030692100524902
3369,8.203869819641113,-0.6391143202781677,9,HP1506401_H23,ductal,ductal,smartseq2,1.0617852210998535
3370,15.056753158569336,6.729367733001709,7,HP1506401_I18,alpha,acinar,smartseq2,1.429817795753479
3371,7.986014366149902,-1.4131064414978027,9,HP1506401_I16,ductal,ductal,smartseq2,1.2021383047103882
3372,8.142751693725586,-0.7465004920959473,9,HP1506401_I3,ductal,ductal,smartseq2,1.078425407409668
3373,9.105664253234863,-1.253974437713623,9,HP1506401_B24,ductal,ductal,smartseq2,1.3607268333435059
3374,15.87431526184082,7.477392196655273,7,HP1506401_F3,acinar,acinar,smartseq2,2.023756742477417
3375,-9.127385139465332,2.671959161758423,4,HP1506401_D13,beta,beta,smartseq2,0.6993256211280823
3376,14.557796478271484,6.109391212463379,7,HP1506401_E24,acinar,acinar,smartseq2,1.1902564764022827
3377,-8.299221992492676,3.5229742527008057,4,HP1506401_C8,beta,beta,smartseq2,0.7849491834640503
3378,15.192004203796387,6.875465393066406,7,HP1506401_E8,alpha,acinar,smartseq2,1.520333170890808
3379,8.786520957946777,-1.0420302152633667,9,HP1506401_G23,ductal,ductal,smartseq2,1.3521760702133179
3380,9.132869720458984,-1.2956633567810059,14,HP1506401_N17,ductal,epsilon,smartseq2,2.078341245651245
3381,-7.9947662353515625,3.7843198776245117,4,HP1506401_F9,beta,beta,smartseq2,0.7746394872665405
3382,4.07673454284668,11.324033737182617,14,HP1506401_L23,alpha,epsilon,smartseq2,1.7128934860229492
3383,-2.646625518798828,16.830778121948242,13,HP1506401_M6,gamma,delta,smartseq2,0.8191046714782715
3384,-2.3961684703826904,16.961503982543945,14,HP1506401_E9,alpha,epsilon,smartseq2,1.431939721107483
3385,4.244328498840332,13.47755241394043,12,HP1506401_F17,alpha,alpha,smartseq2,0.8271819949150085
3386,16.029733657836914,7.994132995605469,7,HP1506401_J15,acinar,acinar,smartseq2,1.5659198760986328
3387,14.548921585083008,6.1750102043151855,7,HP1506401_I10,acinar,acinar,smartseq2,1.3023453950881958
3388,7.934895992279053,-3.1306588649749756,9,HP1506401_D18,ductal,ductal,smartseq2,1.2071787118911743
3389,15.157787322998047,6.719471454620361,7,HP1506401_G16,acinar,acinar,smartseq2,1.4222044944763184
3390,4.119771480560303,10.776219367980957,12,HP1506401_M12,alpha,alpha,smartseq2,0.4295099973678589
3391,14.342841148376465,5.987729072570801,7,HP1506401_P23,acinar,acinar,smartseq2,1.1411579847335815
3392,-8.688909530639648,3.3991339206695557,4,HP1506401_P14,beta,beta,smartseq2,0.8518649339675903
3393,8.5799560546875,-1.365698218345642,9,HP1506401_M11,ductal,ductal,smartseq2,1.1479371786117554
3394,4.497138500213623,13.830831527709961,14,HP1506401_E11,alpha,epsilon,smartseq2,1.3334654569625854
3395,-7.883997917175293,-0.49855005741119385,4,HP1506401_L2,beta,beta,smartseq2,1.1222724914550781
3396,16.077665328979492,8.10914421081543,7,HP1506401_B6,acinar,acinar,smartseq2,1.2819126844406128
3397,14.392318725585938,6.040111541748047,7,HP1506401_N22,acinar,acinar,smartseq2,1.3399649858474731
3398,-3.6769042015075684,16.79267120361328,13,HP1506401_M14,delta,delta,smartseq2,0.6827431917190552
3399,-3.1806747913360596,16.71903419494629,13,HP1506401_J16,epsilon,delta,smartseq2,1.192221760749817
3400,-2.923365831375122,16.734477996826172,13,HP1506401_B3,gamma,delta,smartseq2,0.6511414647102356
3401,16.117055892944336,8.055557250976562,7,HP1506401_C7,acinar,acinar,smartseq2,1.3159199953079224
3402,8.914470672607422,-1.1382769346237183,9,HP1506401_A12,ductal,ductal,smartseq2,1.081178903579712
3403,3.273393154144287,10.651697158813477,12,HP1506401_E21,alpha,alpha,smartseq2,0.4484051764011383
3404,8.350926399230957,-4.439911365509033,9,HP1506401_J22,ductal,ductal,smartseq2,1.930077075958252
3405,14.326628684997559,5.970127105712891,7,HP1506401_C23,acinar,acinar,smartseq2,1.269059181213379
3406,-8.926494598388672,2.8001270294189453,4,HP1506401_G6,beta,beta,smartseq2,0.6419728398323059
3407,3.486773729324341,10.673151969909668,12,HP1506401_G13,alpha,alpha,smartseq2,0.4536730945110321
3408,-4.339059829711914,16.12015151977539,13,HP1506401_M24,gamma,delta,smartseq2,0.4555954933166504
3409,8.91421890258789,-1.149056077003479,9,HP1506401_E19,ductal,ductal,smartseq2,1.1032646894454956
3410,15.737152099609375,7.491444110870361,7,HP1506401_H1,acinar,acinar,smartseq2,1.4345735311508179
3411,4.726787090301514,14.392720222473145,12,HP1506401_G24,alpha,alpha,smartseq2,0.8795194029808044
3412,9.154616355895996,-1.8501979112625122,9,HP1506401_H9,ductal,ductal,smartseq2,1.3592814207077026
3413,15.478257179260254,7.1892194747924805,7,HP1506401_N23,acinar,acinar,smartseq2,1.5194822549819946
3414,3.582125186920166,12.379899024963379,12,HP1506401_H22,alpha,alpha,smartseq2,0.5215137600898743
3415,15.826397895812988,7.597532749176025,7,HP1506401_H3,acinar,acinar,smartseq2,1.5838781595230103
3416,7.957526206970215,-4.391939640045166,9,HP1506401_D22,ductal,ductal,smartseq2,1.9137468338012695
3417,-7.850722312927246,3.8500776290893555,4,HP1506401_A17,beta,beta,smartseq2,0.844506025314331
3418,14.497037887573242,6.137133598327637,7,HP1506401_L11,acinar,acinar,smartseq2,1.2933346033096313
3419,3.2657532691955566,12.4171781539917,12,HP1506401_F20,alpha,alpha,smartseq2,0.7913407683372498
3420,14.523602485656738,6.160443305969238,7,HP1506401_E14,acinar,acinar,smartseq2,1.2491403818130493
3421,8.895727157592773,-2.3478035926818848,9,HP1506401_J21,ductal,ductal,smartseq2,1.5044782161712646
3422,8.51502513885498,-0.9371158480644226,9,HP1506401_P4,ductal,ductal,smartseq2,1.16415274143219
3423,14.497011184692383,6.171060085296631,7,HP1506401_O12,acinar,acinar,smartseq2,1.3535979986190796
3424,-9.30125904083252,1.1090857982635498,4,HP1506401_B8,beta,beta,smartseq2,1.01154363155365
3425,9.173259735107422,-1.3014354705810547,9,HP1506401_B18,ductal,ductal,smartseq2,1.8394688367843628
3426,16.19919776916504,7.941157341003418,7,HP1506401_J11,acinar,acinar,smartseq2,1.3677386045455933
3427,8.451988220214844,-0.8763940930366516,9,HP1506401_B23,ductal,ductal,smartseq2,1.4216675758361816
3428,-8.977783203125,2.7246687412261963,4,HP1506401_I12,beta,beta,smartseq2,0.7465471029281616
3429,-8.26297664642334,3.5324509143829346,4,HP1506401_G12,beta,beta,smartseq2,0.7398027777671814
3430,9.17132568359375,-1.7121703624725342,9,HP1506401_D1,ductal,ductal,smartseq2,1.641570806503296
3431,-0.8421187996864319,-7.461862564086914,0,HP1506401_B20,activated_stellate,activated_stellate,smartseq2,1.7955572605133057
3432,15.560571670532227,7.216797828674316,7,HP1506401_P10,acinar,acinar,smartseq2,1.5026004314422607
3433,-9.888155937194824,2.0967648029327393,4,HP1506401_B11,beta,beta,smartseq2,0.7664305567741394
3434,-3.139394760131836,17.15617561340332,13,HP1506401_H19,gamma,delta,smartseq2,0.8033792972564697
3435,9.149351119995117,-1.933132290840149,9,HP1506401_D7,ductal,ductal,smartseq2,1.4151819944381714
3436,4.688778877258301,11.683454513549805,12,HP1507101_K2,alpha,alpha,smartseq2,0.5636740326881409
3437,4.2537384033203125,13.349985122680664,12,HP1507101_O2,alpha,alpha,smartseq2,0.6749788522720337
3438,4.088557720184326,10.463005065917969,12,HP1507101_E2,alpha,alpha,smartseq2,0.3845422863960266
3439,3.847165584564209,10.315339088439941,12,HP1507101_E3,alpha,alpha,smartseq2,0.3845422863960266
3440,5.729776382446289,11.248770713806152,12,HP1507101_G3,alpha,alpha,smartseq2,0.5403523445129395
3441,-0.4130809009075165,-7.511196613311768,0,HP1507101_G2,activated_stellate,activated_stellate,smartseq2,2.0750622749328613
3442,-3.8191184997558594,17.33220863342285,13,HP1507101_A3,delta,delta,smartseq2,0.6094331741333008
3443,3.435105085372925,11.10197925567627,12,HP1507101_C2,alpha,alpha,smartseq2,0.4252162575721741
3444,4.419695854187012,10.76005744934082,12,HP1507101_O1,alpha,alpha,smartseq2,0.4105459153652191
3445,3.9215760231018066,11.51119327545166,12,HP1507101_I2,alpha,alpha,smartseq2,0.40722617506980896
3446,4.582566738128662,10.532914161682129,12,HP1507101_M2,alpha,alpha,smartseq2,0.6512142419815063
3447,3.8468992710113525,10.52873420715332,12,HP1507101_G16,alpha,alpha,smartseq2,0.3845422863960266
3448,5.355393886566162,10.929091453552246,12,HP1507101_N9,alpha,alpha,smartseq2,0.49029114842414856
3449,3.620459794998169,12.307672500610352,12,HP1507101_F7,alpha,alpha,smartseq2,0.42273005843162537
3450,4.505420207977295,11.43795394897461,12,HP1507101_B3,alpha,alpha,smartseq2,0.3986532390117645
3451,4.990387916564941,10.67898941040039,12,HP1507101_M12,alpha,alpha,smartseq2,0.5414075255393982
3452,4.923557758331299,11.534570693969727,12,HP1507101_D14,alpha,alpha,smartseq2,0.6743938326835632
3453,4.2286696434021,12.502943992614746,12,HP1507101_D20,alpha,alpha,smartseq2,0.5352588295936584
3454,3.736704111099243,12.156486511230469,12,HP1507101_O22,alpha,alpha,smartseq2,0.43230411410331726
3455,-4.0940117835998535,16.183025360107422,13,HP1507101_O23,delta,delta,smartseq2,0.5495667457580566
3456,8.573110580444336,-1.1420979499816895,9,HP1507101_J15,ductal,ductal,smartseq2,1.0849894285202026
3457,-9.109979629516602,2.8873300552368164,4,HP1507101_L22,beta,beta,smartseq2,0.7086362838745117
3458,3.649254083633423,10.56617546081543,12,HP1507101_L15,alpha,alpha,smartseq2,0.5333518385887146
3459,-9.260392189025879,-0.1858777105808258,4,HP1507101_D6,beta,beta,smartseq2,0.5246818661689758
3460,4.510377407073975,10.783886909484863,12,HP1507101_O16,alpha,alpha,smartseq2,0.3853969871997833
3461,4.0044474601745605,12.513535499572754,12,HP1507101_N3,alpha,alpha,smartseq2,0.5734772682189941
3462,3.6166436672210693,10.270458221435547,12,HP1507101_L11,alpha,alpha,smartseq2,0.38881853222846985
3463,3.3355305194854736,12.511059761047363,12,HP1507101_N12,alpha,alpha,smartseq2,0.6866980195045471
3464,-2.406661033630371,16.920368194580078,14,HP1507101_P14,delta,epsilon,smartseq2,1.3427900075912476
3465,-8.84550666809082,2.4575788974761963,4,HP1507101_P2,beta,beta,smartseq2,0.6115368604660034
3466,6.08542537689209,14.485529899597168,12,HP1507101_O17,alpha,alpha,smartseq2,0.5031077265739441
3467,8.541504859924316,-1.4720160961151123,9,HP1507101_K16,ductal,ductal,smartseq2,1.1400119066238403
3468,-3.1560792922973633,16.83061981201172,13,HP1507101_J9,gamma,delta,smartseq2,0.560131847858429
3469,4.013879299163818,9.668619155883789,12,HP1507101_A16,alpha,alpha,smartseq2,0.5392548441886902
3470,-8.875909805297852,0.7389414310455322,4,HP1507101_L24,beta,beta,smartseq2,0.625156581401825
3471,6.979526996612549,3.8614675998687744,6,HP1507101_M16,mast,mast,smartseq2,3.993431806564331
3472,3.7007009983062744,12.179117202758789,12,HP1507101_L13,alpha,alpha,smartseq2,0.6235480904579163
3473,-0.9234238862991333,-7.400250434875488,0,HP1507101_M10,activated_stellate,activated_stellate,smartseq2,1.9402403831481934
3474,3.706540584564209,9.707773208618164,12,HP1507101_O20,alpha,alpha,smartseq2,0.4223795235157013
3475,-8.130073547363281,-0.009809051640331745,4,HP1507101_N21,alpha,beta,smartseq2,1.5706673860549927
3476,4.163159370422363,10.509177207946777,12,HP1507101_I10,alpha,alpha,smartseq2,0.3845422863960266
3477,5.127339839935303,11.191119194030762,12,HP1507101_H20,alpha,alpha,smartseq2,0.3914661407470703
3478,4.4075493812561035,11.379426002502441,12,HP1507101_A14,alpha,alpha,smartseq2,0.38577648997306824
3479,3.8015661239624023,10.069660186767578,12,HP1507101_I17,alpha,alpha,smartseq2,0.3845422863960266
3480,3.7367868423461914,10.126800537109375,12,HP1507101_K6,alpha,alpha,smartseq2,0.3845422863960266
3481,-8.91949462890625,0.6364734172821045,4,HP1507101_J8,beta,beta,smartseq2,0.8849318623542786
3482,-0.5782440900802612,-7.507291793823242,0,HP1507101_J12,activated_stellate,activated_stellate,smartseq2,1.9844118356704712
3483,4.124973773956299,10.321003913879395,12,HP1507101_F19,alpha,alpha,smartseq2,0.39106568694114685
3484,3.0364954471588135,11.366100311279297,12,HP1507101_G6,alpha,alpha,smartseq2,0.5766051411628723
3485,4.281261444091797,11.486431121826172,12,HP1507101_L7,alpha,alpha,smartseq2,0.39106079936027527
3486,-8.358526229858398,2.526750087738037,4,HP1507101_F14,beta,beta,smartseq2,0.5738601684570312
3487,3.49941086769104,10.377727508544922,12,HP1507101_H7,alpha,alpha,smartseq2,0.3845422863960266
3488,3.8433260917663574,10.134965896606445,12,HP1507101_O4,alpha,alpha,smartseq2,0.4012090265750885
3489,3.631288528442383,12.254571914672852,12,HP1507101_H1,alpha,alpha,smartseq2,0.4108750522136688
3490,4.692532062530518,10.629974365234375,12,HP1507101_I15,alpha,alpha,smartseq2,0.47999700903892517
3491,4.444568634033203,13.727968215942383,12,HP1507101_O5,alpha,alpha,smartseq2,0.7977893948554993
3492,3.7409613132476807,10.26290225982666,12,HP1507101_F22,alpha,alpha,smartseq2,0.3845422863960266
3493,-5.242439270019531,7.798511505126953,11,HP1507101_A22,alpha,Unmatched_11,smartseq2,2.4763031005859375
3494,4.245659351348877,11.413317680358887,12,HP1507101_L5,alpha,alpha,smartseq2,0.5287718176841736
3495,4.578408718109131,11.602633476257324,12,HP1507101_A20,alpha,alpha,smartseq2,0.43258240818977356
3496,4.054185390472412,10.114492416381836,12,HP1507101_F16,alpha,alpha,smartseq2,0.3845422863960266
3497,4.567298412322998,11.606661796569824,12,HP1507101_P10,alpha,alpha,smartseq2,0.42402157187461853
3498,3.6490583419799805,10.975248336791992,12,HP1507101_O6,alpha,alpha,smartseq2,0.47662821412086487
3499,6.256656169891357,11.64531135559082,12,HP1507101_G4,alpha,alpha,smartseq2,0.48026105761528015
3500,-5.23327112197876,7.788860321044922,11,HP1507101_B23,alpha,Unmatched_11,smartseq2,2.4952566623687744
3501,3.4499847888946533,11.241568565368652,12,HP1507101_H11,alpha,alpha,smartseq2,0.3845422863960266
3502,4.898908615112305,11.453721046447754,12,HP1507101_G12,alpha,alpha,smartseq2,0.3845422863960266
3503,-8.788370132446289,2.727844476699829,4,HP1507101_N5,beta,beta,smartseq2,0.5591722726821899
3504,4.3408074378967285,13.491804122924805,12,HP1507101_F17,alpha,alpha,smartseq2,0.5633869767189026
3505,4.405056953430176,11.28994083404541,12,HP1507101_G14,alpha,alpha,smartseq2,0.3845422863960266
3506,-8.949798583984375,2.7187159061431885,4,HP1507101_K23,beta,beta,smartseq2,0.5854401588439941
3507,4.356568813323975,11.278081893920898,12,HP1507101_N22,alpha,alpha,smartseq2,0.3850718140602112
3508,-8.325811386108398,2.3769445419311523,4,HP1507101_H24,beta,beta,smartseq2,0.5639777779579163
3509,3.445188045501709,10.141559600830078,12,HP1507101_I8,alpha,alpha,smartseq2,0.39996665716171265
3510,4.3480024337768555,10.448637008666992,12,HP1507101_L2,alpha,alpha,smartseq2,0.48413097858428955
3511,4.392843723297119,10.5370454788208,12,HP1507101_H15,alpha,alpha,smartseq2,0.3845422863960266
3512,-9.175167083740234,1.2810256481170654,4,HP1507101_F11,beta,beta,smartseq2,0.5632217526435852
3513,4.0434370040893555,10.049931526184082,12,HP1507101_D2,alpha,alpha,smartseq2,0.3845422863960266
3514,-8.697969436645508,-0.5185922384262085,4,HP1507101_H4,beta,beta,smartseq2,0.5796349048614502
3515,4.114668369293213,10.047371864318848,12,HP1507101_P12,alpha,alpha,smartseq2,0.395751416683197
3516,4.386541366577148,11.4939603805542,12,HP1507101_F20,alpha,alpha,smartseq2,0.3845422863960266
3517,4.851987838745117,11.663336753845215,12,HP1507101_N24,alpha,alpha,smartseq2,0.5857698321342468
3518,3.733535051345825,9.673794746398926,12,HP1507101_E24,alpha,alpha,smartseq2,0.455613911151886
3519,4.844240188598633,11.37077808380127,12,HP1507101_I16,alpha,alpha,smartseq2,0.40166616439819336
3520,4.202490329742432,11.741472244262695,12,HP1507101_C24,alpha,alpha,smartseq2,0.4850565791130066
3521,5.82890510559082,13.175090789794922,12,HP1507101_B18,alpha,alpha,smartseq2,0.5971006751060486
3522,3.660510778427124,11.136547088623047,12,HP1507101_H14,alpha,alpha,smartseq2,0.41557350754737854
3523,-9.020437240600586,2.6447792053222656,4,HP1507101_D22,beta,beta,smartseq2,0.5098458528518677
3524,4.370656967163086,10.480510711669922,12,HP1507101_H9,alpha,alpha,smartseq2,0.3845422863960266
3525,-8.434515953063965,1.2161972522735596,4,HP1507101_C7,beta,beta,smartseq2,0.6809448003768921
3526,5.194456100463867,12.114338874816895,12,HP1507101_O10,alpha,alpha,smartseq2,0.43511301279067993
3527,6.318281650543213,11.541780471801758,12,HP1507101_J24,alpha,alpha,smartseq2,0.5331406593322754
3528,3.852236270904541,9.650338172912598,12,HP1507101_G18,alpha,alpha,smartseq2,0.44064202904701233
3529,15.123000144958496,6.777787685394287,7,HP1507101_E22,acinar,acinar,smartseq2,1.377662181854248
3530,3.196535587310791,10.490899085998535,12,HP1507101_J14,alpha,alpha,smartseq2,0.48896995186805725
3531,8.252281188964844,-2.0427324771881104,9,HP1507101_G10,ductal,ductal,smartseq2,1.2309315204620361
3532,4.3102898597717285,9.680353164672852,12,HP1507101_E20,alpha,alpha,smartseq2,0.4103737771511078
3533,3.2662270069122314,10.686432838439941,12,HP1507101_I13,alpha,alpha,smartseq2,0.48747652769088745
3534,3.698180675506592,10.204462051391602,12,HP1507101_J11,alpha,alpha,smartseq2,0.3845422863960266
3535,6.4073615074157715,4.288562774658203,5,HP1507101_L8,macrophage,macrophage,smartseq2,3.993431806564331
3536,-8.170214653015137,-0.0054026031866669655,4,HP1507101_P11,alpha,beta,smartseq2,1.4863241910934448
3537,4.485332489013672,10.238181114196777,12,HP1507101_P4,alpha,alpha,smartseq2,0.38614535331726074
3538,3.7746920585632324,10.207296371459961,12,HP1507101_E6,alpha,alpha,smartseq2,0.39381399750709534
3539,3.1033880710601807,10.904403686523438,12,HP1507101_G22,alpha,alpha,smartseq2,0.41538459062576294
3540,4.445521354675293,13.685538291931152,12,HP1507101_C4,alpha,alpha,smartseq2,0.7839023470878601
3541,3.856588125228882,10.196589469909668,12,HP1507101_J18,alpha,alpha,smartseq2,0.4713384211063385
3542,8.121187210083008,-1.3435571193695068,9,HP1507101_H16,ductal,ductal,smartseq2,1.228196382522583
3543,-4.013963222503662,16.24403953552246,13,HP1507101_D19,gamma,delta,smartseq2,0.5758869051933289
3544,4.077361583709717,9.882479667663574,12,HP1507101_I23,alpha,alpha,smartseq2,0.3905346691608429
3545,3.120426654815674,10.812633514404297,12,HP1507101_C18,alpha,alpha,smartseq2,0.4046017825603485
3546,3.444248914718628,10.776813507080078,12,HP1507101_K8,alpha,alpha,smartseq2,0.3845422863960266
3547,-9.258495330810547,2.5582759380340576,4,HP1507101_D3,beta,beta,smartseq2,0.5653506517410278
3548,-9.256683349609375,0.7940483093261719,4,HP1507101_A12,beta,beta,smartseq2,0.6536234021186829
3549,-9.20821762084961,1.0902283191680908,4,HP1507101_C10,beta,beta,smartseq2,1.0241822004318237
3550,4.176383018493652,11.091620445251465,12,HP1507101_N19,alpha,alpha,smartseq2,0.4487706422805786
3551,5.033318519592285,10.783687591552734,12,HP1507101_G19,alpha,alpha,smartseq2,0.5688022375106812
3552,4.338181972503662,11.120100975036621,12,HP1507101_I11,alpha,alpha,smartseq2,0.3845422863960266
3553,4.225391864776611,13.39431095123291,12,HP1507101_L18,alpha,alpha,smartseq2,0.657122790813446
3554,-8.281926155090332,0.598376989364624,4,HP1507101_B15,alpha,beta,smartseq2,1.144195556640625
3555,4.161830425262451,12.6736421585083,12,HP1507101_K5,alpha,alpha,smartseq2,0.49562135338783264
3556,3.513329267501831,11.272594451904297,12,HP1507101_L3,alpha,alpha,smartseq2,0.3845422863960266
3557,4.172467231750488,10.51373291015625,12,HP1507101_E8,alpha,alpha,smartseq2,0.38845548033714294
3558,4.186684608459473,11.633672714233398,12,HP1507101_J13,alpha,alpha,smartseq2,0.5719853639602661
3559,3.910938024520874,11.478094100952148,12,HP1507101_A4,alpha,alpha,smartseq2,0.40101316571235657
3560,3.5971624851226807,11.308059692382812,12,HP1507101_J23,alpha,alpha,smartseq2,0.3845422863960266
3561,8.178342819213867,-0.630070686340332,9,HP1507101_N17,ductal,ductal,smartseq2,1.2002217769622803
3562,6.655663967132568,13.814311027526855,12,HP1507101_O18,alpha,alpha,smartseq2,0.41912826895713806
3563,-8.488996505737305,1.4670428037643433,4,HP1507101_I12,beta,beta,smartseq2,0.594233512878418
3564,5.491343975067139,11.127420425415039,12,HP1507101_K4,alpha,alpha,smartseq2,0.4619736671447754
3565,16.449522018432617,8.935308456420898,7,HP1507101_J7,acinar,acinar,smartseq2,1.9007059335708618
3566,4.19028377532959,10.198003768920898,12,HP1507101_F3,alpha,alpha,smartseq2,0.4168417751789093
3567,-3.6316401958465576,17.51470375061035,13,HP1507101_L23,delta,delta,smartseq2,0.558832049369812
3568,4.147586345672607,12.316543579101562,12,HP1507101_N18,alpha,alpha,smartseq2,0.5309540629386902
3569,4.256187915802002,12.370140075683594,12,HP1507101_D7,alpha,alpha,smartseq2,0.5992870926856995
3570,4.458501815795898,10.717233657836914,12,HP1507101_P18,alpha,alpha,smartseq2,0.41426101326942444
3571,4.419172763824463,13.298287391662598,12,HP1507101_P17,alpha,alpha,smartseq2,0.5249078869819641
3572,4.262970924377441,9.937519073486328,12,HP1507101_P5,alpha,alpha,smartseq2,0.4047168791294098
3573,5.118054389953613,11.200589179992676,12,HP1507101_M4,alpha,alpha,smartseq2,0.3845422863960266
3574,4.205650806427002,12.358654975891113,12,HP1507101_B7,alpha,alpha,smartseq2,0.4510018527507782
3575,4.318910598754883,13.520902633666992,12,HP1507101_E10,alpha,alpha,smartseq2,0.7492914795875549
3576,4.795125961303711,11.62802505493164,12,HP1507101_H23,alpha,alpha,smartseq2,0.47100645303726196
3577,3.462360143661499,9.930682182312012,12,HP1507101_K3,alpha,alpha,smartseq2,0.4954080879688263
3578,4.544338703155518,12.421466827392578,12,HP1507101_C20,alpha,alpha,smartseq2,0.4757590591907501
3579,3.922833204269409,10.271453857421875,12,HP1507101_L10,alpha,alpha,smartseq2,0.6217709183692932
3580,3.093287229537964,11.729501724243164,12,HP1507101_M14,alpha,alpha,smartseq2,0.6062132120132446
3581,-9.064750671386719,-1.1067954301834106,4,HP1507101_J19,beta,beta,smartseq2,0.6215492486953735
3582,3.6351702213287354,11.254124641418457,12,HP1507101_I4,alpha,alpha,smartseq2,0.41380009055137634
3583,4.477885723114014,10.322158813476562,12,HP1507101_G24,alpha,alpha,smartseq2,0.3845422863960266
3584,4.282621383666992,9.68554973602295,12,HP1507101_G23,alpha,alpha,smartseq2,0.4243248403072357
3585,7.492766380310059,-1.0393643379211426,9,HP1507101_F15,ductal,ductal,smartseq2,1.295706033706665
3586,5.146414756774902,12.462705612182617,12,HP1507101_D1,alpha,alpha,smartseq2,0.3845422863960266
3587,4.282477855682373,9.621465682983398,12,HP1507101_J1,alpha,alpha,smartseq2,0.4494035542011261
3588,-4.550507068634033,17.847190856933594,13,HP1507101_F10,delta,delta,smartseq2,0.5825432538986206
3589,-8.534743309020996,-0.31400418281555176,4,HP1507101_H10,beta,beta,smartseq2,1.1658223867416382
3590,5.696171283721924,13.740205764770508,12,HP1507101_O24,alpha,alpha,smartseq2,0.4568720757961273
3591,4.532726764678955,10.327502250671387,12,HP1507101_D8,alpha,alpha,smartseq2,0.40738946199417114
3592,3.6016523838043213,11.599519729614258,12,HP1507101_I22,alpha,alpha,smartseq2,0.41524896025657654
3593,3.7592220306396484,9.659290313720703,12,HP1507101_B1,alpha,alpha,smartseq2,0.4237174391746521
3594,3.6138267517089844,10.012497901916504,12,HP1507101_N16,alpha,alpha,smartseq2,0.4073682129383087
3595,-8.411381721496582,2.106503963470459,4,HP1507101_A6,beta,beta,smartseq2,0.6837576031684875
3596,3.696061611175537,9.7510347366333,12,HP1507101_F2,alpha,alpha,smartseq2,0.4151138663291931
3597,5.134923934936523,11.204364776611328,12,HP1507101_F8,alpha,alpha,smartseq2,0.39900800585746765
3598,-4.541866779327393,17.497554779052734,13,HP1507101_P21,delta,delta,smartseq2,0.5550413131713867
3599,3.6014952659606934,11.151209831237793,12,HP1507101_B14,alpha,alpha,smartseq2,0.4141332507133484
3600,-5.236310005187988,7.792412281036377,11,HP1507101_N4,alpha,Unmatched_11,smartseq2,2.9451651573181152
3601,-9.844616889953613,0.4048179090023041,4,HP1507101_N6,beta,beta,smartseq2,0.7017830610275269
3602,4.13477087020874,12.261971473693848,12,HP1507101_M6,alpha,alpha,smartseq2,0.5169458389282227
3603,4.630110740661621,11.461698532104492,12,HP1507101_L19,alpha,alpha,smartseq2,0.4266844391822815
3604,-4.1615891456604,18.011154174804688,13,HP1507101_A5,delta,delta,smartseq2,0.8162082433700562
3605,4.597836494445801,10.335165023803711,12,HP1507101_F18,alpha,alpha,smartseq2,0.4012693166732788
3606,4.314139366149902,10.930244445800781,12,HP1507101_K22,alpha,alpha,smartseq2,0.38600167632102966
3607,5.483896732330322,10.977615356445312,12,HP1507101_K17,alpha,alpha,smartseq2,0.6915610432624817
3608,4.1223602294921875,10.434399604797363,12,HP1507101_D21,alpha,alpha,smartseq2,0.3905673027038574
3609,3.4954941272735596,11.329277992248535,12,HP1507101_D16,alpha,alpha,smartseq2,0.3938673436641693
3610,4.268936634063721,10.452092170715332,12,HP1507101_M18,alpha,alpha,smartseq2,0.3845422863960266
3611,4.3379669189453125,11.718866348266602,12,HP1507101_H6,alpha,alpha,smartseq2,0.40298140048980713
3612,-0.6063638925552368,-7.507261753082275,0,HP1507101_D9,activated_stellate,activated_stellate,smartseq2,1.829947829246521
3613,7.840727806091309,-1.5200244188308716,9,HP1507101_O12,ductal,ductal,smartseq2,1.2118202447891235
3614,3.724475622177124,10.151741981506348,12,HP1507101_G20,alpha,alpha,smartseq2,0.5406229496002197
3615,3.527822256088257,10.170453071594238,12,HP1507101_G13,alpha,alpha,smartseq2,0.43205520510673523
3616,4.327483654022217,10.46520709991455,12,HP1507101_N20,alpha,alpha,smartseq2,0.4701251983642578
3617,3.3356804847717285,10.84106159210205,12,HP1507101_G8,alpha,alpha,smartseq2,0.4253597855567932
3618,4.405517578125,11.24625301361084,12,HP1507101_P6,alpha,alpha,smartseq2,0.3845422863960266
3619,3.996079921722412,11.808136940002441,12,HP1507101_D18,alpha,alpha,smartseq2,0.399756520986557
3620,-8.660703659057617,2.2881340980529785,4,HP1507101_O3,beta,beta,smartseq2,0.5365059971809387
3621,6.560856819152832,4.159539699554443,5,HP1507101_N1,macrophage,macrophage,smartseq2,3.993431806564331
3622,4.317907810211182,10.53250789642334,12,HP1507101_P23,alpha,alpha,smartseq2,0.3845422863960266
3623,3.9540443420410156,12.562797546386719,12,HP1507101_H21,alpha,alpha,smartseq2,0.5468159914016724
3624,5.516214370727539,11.00364875793457,12,HP1507101_E21,alpha,alpha,smartseq2,1.1130013465881348
3625,-9.269571304321289,2.5615787506103516,4,HP1507101_L16,beta,beta,smartseq2,0.6060930490493774
3626,-9.021047592163086,2.6656227111816406,4,HP1507101_K15,beta,beta,smartseq2,0.6350045800209045
3627,-0.7744265198707581,-7.264760971069336,0,HP1507101_C11,activated_stellate,activated_stellate,smartseq2,1.9471063613891602
3628,-7.881154537200928,3.8129868507385254,4,HP1507101_N13,beta,beta,smartseq2,1.102264642715454
3629,4.393709182739258,11.165948867797852,12,HP1507101_D24,alpha,alpha,smartseq2,0.3845422863960266
3630,3.4196584224700928,10.31402587890625,12,HP1507101_C5,alpha,alpha,smartseq2,0.4087255001068115
3631,-9.57667350769043,0.8942782878875732,4,HP1507101_E14,beta,beta,smartseq2,0.7404012680053711
3632,-8.761449813842773,1.9780443906784058,4,HP1507101_A13,beta,beta,smartseq2,0.5837147235870361
3633,3.4550042152404785,12.285106658935547,12,HP1507101_J2,alpha,alpha,smartseq2,0.5459373593330383
3634,4.921887397766113,12.011098861694336,12,HP1507101_B13,alpha,alpha,smartseq2,0.4406455457210541
3635,4.026655197143555,12.0833158493042,12,HP1507101_H12,alpha,alpha,smartseq2,0.3867686092853546
3636,4.143029689788818,10.70496654510498,12,HP1507101_I19,alpha,alpha,smartseq2,0.39733412861824036
3637,3.9930875301361084,9.993574142456055,12,HP1507101_H22,alpha,alpha,smartseq2,0.3845422863960266
3638,4.09160852432251,10.63851261138916,12,HP1507101_B4,alpha,alpha,smartseq2,0.40122920274734497
3639,3.7013049125671387,10.08965015411377,12,HP1507101_F13,alpha,alpha,smartseq2,0.3845422863960266
3640,-8.309940338134766,3.3801698684692383,4,HP1507101_J20,beta,beta,smartseq2,0.688183605670929
3641,-9.59221363067627,2.490501880645752,4,HP1507101_O9,beta,beta,smartseq2,0.7400059103965759
3642,8.61929702758789,-1.44536292552948,9,HP1507101_N8,ductal,ductal,smartseq2,1.1468896865844727
3643,4.447394847869873,10.526336669921875,12,HP1507101_B19,alpha,alpha,smartseq2,0.3845422863960266
3644,3.1679134368896484,10.613008499145508,12,HP1507101_D12,alpha,alpha,smartseq2,0.4238092303276062
3645,-9.353961944580078,2.5264294147491455,4,HP1507101_M8,beta,beta,smartseq2,0.5807832479476929
3646,-4.074343204498291,16.245590209960938,13,HP1507101_L4,delta,delta,smartseq2,0.6368498802185059
3647,4.3800950050354,10.164423942565918,12,HP1507101_D5,alpha,alpha,smartseq2,0.3845422863960266
3648,5.119833946228027,11.1216459274292,12,HP1507101_A18,alpha,alpha,smartseq2,0.39959433674812317
3649,3.7393906116485596,10.07137680053711,12,HP1507101_B24,alpha,alpha,smartseq2,0.3845422863960266
3650,3.2977333068847656,10.360294342041016,12,HP1507101_J21,alpha,alpha,smartseq2,0.4699098765850067
3651,-9.160205841064453,1.2996026277542114,4,HP1507101_I18,beta,beta,smartseq2,1.4359225034713745
3652,4.005791664123535,12.47462272644043,12,HP1507101_G11,alpha,alpha,smartseq2,0.46913108229637146
3653,4.383473873138428,10.618106842041016,12,HP1507101_B6,alpha,alpha,smartseq2,0.3845422863960266
3654,3.676682233810425,9.70777416229248,12,HP1507101_D15,alpha,alpha,smartseq2,0.5271662473678589
3655,-3.7985682487487793,17.630634307861328,13,HP1507101_M22,gamma,delta,smartseq2,0.5495287775993347
3656,3.9418201446533203,9.920720100402832,12,HP1507101_B12,alpha,alpha,smartseq2,0.4059388041496277
3657,-8.714595794677734,2.1247708797454834,4,HP1507101_H17,beta,beta,smartseq2,0.5508474111557007
3658,-9.926775932312012,1.812347650527954,4,HP1507101_C12,beta,beta,smartseq2,0.6534647941589355
3659,15.301620483398438,-10.978180885314941,2,HP1507101_D10,endothelial,endothelial,smartseq2,2.9097344875335693
3660,16.47404670715332,8.988213539123535,7,HP1507101_L17,acinar,acinar,smartseq2,1.2773243188858032
3661,3.9638168811798096,11.754408836364746,12,HP1507101_B10,alpha,alpha,smartseq2,0.3845422863960266
3662,4.244248867034912,11.702377319335938,12,HP1507101_N2,alpha,alpha,smartseq2,0.5027536749839783
3663,4.3718791007995605,9.64046573638916,12,HP1507101_F5,alpha,alpha,smartseq2,0.7308830618858337
3664,4.542768955230713,13.928399085998535,12,HP1507101_E12,alpha,alpha,smartseq2,1.4111878871917725
3665,3.6437134742736816,9.707941055297852,12,HP1507101_H3,alpha,alpha,smartseq2,0.4786563813686371
3666,4.364846229553223,9.653985977172852,12,HP1507101_O7,alpha,alpha,smartseq2,0.5459380149841309
3667,8.050285339355469,-1.758557915687561,9,HP1507101_P1,ductal,ductal,smartseq2,1.2254083156585693
3668,-8.517535209655762,1.5341588258743286,4,HP1507101_O14,beta,beta,smartseq2,0.6126850247383118
3669,4.221177101135254,11.630863189697266,12,HP1507101_L14,alpha,alpha,smartseq2,0.41423431038856506
3670,-9.25398063659668,2.5251376628875732,4,HP1507101_D23,beta,beta,smartseq2,0.5338612198829651
3671,4.644969940185547,12.034988403320312,12,HP1507101_L6,alpha,alpha,smartseq2,0.3845422863960266
3672,4.2788519859313965,10.52243709564209,12,HP1507101_C6,alpha,alpha,smartseq2,0.42181524634361267
3673,4.189233779907227,11.715229988098145,12,HP1507101_I6,alpha,alpha,smartseq2,0.45519745349884033
3674,3.9550869464874268,11.675200462341309,12,HP1507101_N23,alpha,alpha,smartseq2,0.3965394198894501
3675,-1.3261237144470215,-7.457448482513428,0,HP1507101_K13,activated_stellate,activated_stellate,smartseq2,2.1015522480010986
3676,4.644862174987793,11.498013496398926,12,HP1507101_J17,alpha,alpha,smartseq2,0.3845422863960266
3677,4.247323989868164,12.509788513183594,12,HP1507101_F1,alpha,alpha,smartseq2,0.41333112120628357
3678,4.383890151977539,13.553630828857422,12,HP1507101_E9,alpha,alpha,smartseq2,0.6465096473693848
3679,3.5917389392852783,11.276762008666992,12,HP1507101_C14,alpha,alpha,smartseq2,0.4204578399658203
3680,6.244943141937256,12.50563907623291,12,HP1507101_D11,alpha,alpha,smartseq2,0.43932977318763733
3681,4.660648822784424,12.159280776977539,12,HP1507101_J3,alpha,alpha,smartseq2,0.3845422863960266
3682,-8.214786529541016,-0.6479184031486511,4,HP1507101_C15,beta,beta,smartseq2,0.8445232510566711
3683,-1.2062907218933105,-6.596658229827881,0,HP1507101_P15,quiescent_stellate,activated_stellate,smartseq2,2.8589842319488525
3684,4.04205322265625,10.587443351745605,12,HP1507101_M20,alpha,alpha,smartseq2,0.4064725935459137
3685,3.8794023990631104,11.284157752990723,12,HP1507101_D17,alpha,alpha,smartseq2,0.5686390399932861
3686,3.842177391052246,10.273314476013184,12,HP1507101_B16,alpha,alpha,smartseq2,0.43361610174179077
3687,3.867353916168213,10.571040153503418,12,HP1507101_J5,alpha,alpha,smartseq2,0.3845422863960266
3688,5.133477687835693,12.125862121582031,12,HP1507101_I24,alpha,alpha,smartseq2,0.38861900568008423
3689,3.717413902282715,10.427811622619629,12,HP1507101_O13,alpha,alpha,smartseq2,0.5058760046958923
3690,4.323201656341553,11.367806434631348,12,HP1507101_E7,alpha,alpha,smartseq2,0.3845422863960266
3691,-8.416975021362305,2.654561758041382,4,HP1507101_F23,beta,beta,smartseq2,0.5535875558853149
3692,4.289360046386719,11.003169059753418,12,HP1507101_I20,alpha,alpha,smartseq2,0.4315040707588196
3693,3.5638725757598877,11.238374710083008,12,HP1507101_I5,alpha,alpha,smartseq2,0.3845422863960266
3694,3.187972068786621,10.46571159362793,12,HP1507101_B11,alpha,alpha,smartseq2,0.5046097636222839
3695,-8.483596801757812,2.8453338146209717,4,HP1507101_O19,beta,beta,smartseq2,0.5753118991851807
3696,3.505215883255005,10.002425193786621,12,HP1507101_H5,alpha,alpha,smartseq2,0.42367616295814514
3697,-9.25232219696045,2.555894136428833,4,HP1507101_B5,beta,beta,smartseq2,0.5878260731697083
3698,4.25042200088501,11.038111686706543,12,HP1507101_G9,alpha,alpha,smartseq2,0.42889365553855896
3699,15.330099105834961,-11.004707336425781,2,HP1507101_P20,endothelial,endothelial,smartseq2,3.7441794872283936
3700,4.080432891845703,9.952240943908691,12,HP1507101_J4,alpha,alpha,smartseq2,0.3845422863960266
3701,6.520806312561035,12.342789649963379,12,HP1507101_K24,alpha,alpha,smartseq2,0.44206053018569946
3702,-8.847389221191406,2.44148325920105,4,HP1507101_F4,beta,beta,smartseq2,0.5187918543815613
3703,4.747994422912598,11.592009544372559,12,HP1507101_P3,alpha,alpha,smartseq2,0.4236471951007843
3704,-3.6956992149353027,17.530704498291016,13,HP1507101_E16,delta,delta,smartseq2,0.5320838689804077
3705,-2.9902400970458984,17.310373306274414,13,HP1507101_B20,gamma,delta,smartseq2,0.9967911243438721
3706,4.666525363922119,11.671331405639648,12,HP1507101_F21,alpha,alpha,smartseq2,0.4251430332660675
3707,-0.9448047876358032,-7.394700527191162,0,HP1507101_E18,activated_stellate,activated_stellate,smartseq2,1.7556551694869995
3708,4.053055763244629,9.669997215270996,12,HP1507101_G15,alpha,alpha,smartseq2,0.5666178464889526
3709,3.949770212173462,11.749813079833984,12,HP1507101_O11,alpha,alpha,smartseq2,0.3845422863960266
3710,4.2998785972595215,10.971880912780762,12,HP1507101_C8,alpha,alpha,smartseq2,0.3845422863960266
3711,4.277937412261963,13.435100555419922,12,HP1507101_L21,alpha,alpha,smartseq2,0.6462392210960388
3712,-7.885879993438721,-0.4911852777004242,4,HP1507101_F12,delta,beta,smartseq2,1.4068431854248047
3713,-3.0149500370025635,17.212425231933594,13,HP1507101_F9,gamma,delta,smartseq2,0.807098925113678
3714,3.992246389389038,10.45214557647705,12,HP1507101_J22,alpha,alpha,smartseq2,0.3845422863960266
3715,-0.9207785725593567,-7.46532678604126,0,HP1507101_K20,activated_stellate,activated_stellate,smartseq2,1.8914729356765747
3716,-0.528671383857727,-7.534411430358887,0,HP1507101_L1,activated_stellate,activated_stellate,smartseq2,1.8842233419418335
3717,-0.48324474692344666,-7.529843807220459,0,HP1507101_E23,activated_stellate,activated_stellate,smartseq2,1.9067429304122925
3718,-8.788936614990234,2.2709896564483643,4,HP1507101_O8,beta,beta,smartseq2,0.5335158109664917
3719,4.114549160003662,12.012069702148438,12,HP1507101_P8,alpha,alpha,smartseq2,0.5678507089614868
3720,8.855724334716797,14.878640174865723,14,HP1509101_G2,beta,epsilon,smartseq2,1.824302077293396
3721,9.103910446166992,-4.543998718261719,9,HP1509101_E3,ductal,ductal,smartseq2,1.2877799272537231
3722,4.170387268066406,11.04819393157959,12,HP1509101_A3,alpha,alpha,smartseq2,0.4310210049152374
3723,-4.251432418823242,18.464439392089844,13,HP1509101_O1,delta,delta,smartseq2,0.8085309267044067
3724,-8.8548002243042,2.4071052074432373,4,HP1509101_C1,beta,beta,smartseq2,0.65283203125
3725,3.90718412399292,10.019140243530273,12,HP1509101_D5,alpha,alpha,smartseq2,0.40634891390800476
3726,9.046165466308594,-3.1100783348083496,9,HP1509101_J22,ductal,ductal,smartseq2,1.4126510620117188
3727,15.101819038391113,-10.800376892089844,2,HP1509101_I17,endothelial,endothelial,smartseq2,3.76180362701416
3728,9.049283981323242,-1.2379132509231567,9,HP1509101_K19,ductal,ductal,smartseq2,1.2962161302566528
3729,-3.64628529548645,17.506591796875,13,HP1509101_J16,delta,delta,smartseq2,0.6059311628341675
3730,5.073657512664795,10.777177810668945,12,HP1509101_G19,alpha,alpha,smartseq2,0.4781619906425476
3731,-9.30667781829834,2.549631357192993,4,HP1509101_D18,beta,beta,smartseq2,0.5341193675994873
3732,4.033059597015381,10.505220413208008,12,HP1509101_P4,alpha,alpha,smartseq2,0.3845422863960266
3733,4.299767971038818,13.53935432434082,12,HP1509101_B8,alpha,alpha,smartseq2,0.6966559290885925
3734,8.141366004943848,-0.7929798364639282,9,HP1509101_M14,ductal,ductal,smartseq2,1.1591907739639282
3735,-1.4123409986495972,-7.323060512542725,0,HP1509101_D10,activated_stellate,activated_stellate,smartseq2,1.6954082250595093
3736,4.915013790130615,10.655086517333984,12,HP1509101_J12,alpha,alpha,smartseq2,0.4436516761779785
3737,7.858376502990723,-0.6719723343849182,9,HP1509101_K15,ductal,ductal,smartseq2,1.2347638607025146
3738,8.028948783874512,-1.488502025604248,9,HP1509101_A24,ductal,ductal,smartseq2,1.2602818012237549
3739,3.835181474685669,10.340779304504395,12,HP1509101_A7,alpha,alpha,smartseq2,0.48451751470565796
3740,-5.236294746398926,7.792398452758789,11,HP1509101_H1,alpha,Unmatched_11,smartseq2,2.7504234313964844
3741,-7.815054416656494,1.289803147315979,4,HP1509101_L17,alpha,beta,smartseq2,1.2872642278671265
3742,3.741328239440918,10.233084678649902,12,HP1509101_L6,alpha,alpha,smartseq2,0.4159667193889618
3743,8.135483741760254,-0.7693561911582947,9,HP1509101_B9,ductal,ductal,smartseq2,1.4437333345413208
3744,16.795976638793945,9.186016082763672,7,HP1509101_B16,acinar,acinar,smartseq2,1.4011869430541992
3745,8.631524085998535,-1.0715183019638062,9,HP1509101_P17,ductal,ductal,smartseq2,1.0262795686721802
3746,3.858015537261963,10.200469017028809,12,HP1509101_G23,alpha,alpha,smartseq2,0.3845422863960266
3747,8.046018600463867,-4.015287399291992,9,HP1509101_P9,ductal,ductal,smartseq2,1.8658536672592163
3748,8.631400108337402,-1.4250755310058594,9,HP1509101_L13,ductal,ductal,smartseq2,1.1418591737747192
3749,6.122920036315918,11.432413101196289,12,HP1509101_I14,alpha,alpha,smartseq2,0.4993671476840973
3750,-0.3767733871936798,-7.431172847747803,0,HP1509101_B12,activated_stellate,activated_stellate,smartseq2,2.015087127685547
3751,-4.3651123046875,16.719675064086914,13,HP1509101_E4,delta,delta,smartseq2,0.496013343334198
3752,3.6054561138153076,9.724745750427246,12,HP1509101_H21,alpha,alpha,smartseq2,0.6024499535560608
3753,6.097127437591553,13.973114013671875,12,HP1509101_L8,alpha,alpha,smartseq2,0.47303301095962524
3754,7.77586030960083,-0.8600124716758728,9,HP1509101_J11,ductal,ductal,smartseq2,1.3254560232162476
3755,4.582765102386475,12.658830642700195,12,HP1509101_G14,alpha,alpha,smartseq2,0.4388429522514343
3756,3.840224504470825,10.884127616882324,12,HP1509101_I5,alpha,alpha,smartseq2,0.393616646528244
3757,3.943756580352783,11.439648628234863,12,HP1509101_K22,alpha,alpha,smartseq2,0.5147455930709839
3758,14.925137519836426,-10.647318840026855,2,HP1509101_H17,endothelial,endothelial,smartseq2,3.76180362701416
3759,3.438701868057251,11.090007781982422,12,HP1509101_F13,alpha,alpha,smartseq2,0.4238780438899994
3760,4.331269264221191,10.527294158935547,12,HP1509101_G24,alpha,alpha,smartseq2,0.41465523838996887
3761,3.986347198486328,11.907017707824707,12,HP1509101_D15,alpha,alpha,smartseq2,0.3845422863960266
3762,-4.183945178985596,17.95769500732422,13,HP1509101_H7,delta,delta,smartseq2,0.6773070693016052
3763,3.4434821605682373,10.758008003234863,12,HP1509101_O9,alpha,alpha,smartseq2,0.4400102198123932
3764,8.127456665039062,-0.6375402808189392,9,HP1509101_D17,ductal,ductal,smartseq2,1.1747554540634155
3765,-8.918657302856445,1.8307586908340454,4,HP1509101_K9,beta,beta,smartseq2,0.556067943572998
3766,4.255044460296631,10.54913330078125,12,HP1509101_N12,alpha,alpha,smartseq2,0.3845422863960266
3767,3.5975096225738525,9.846921920776367,12,HP1509101_O7,alpha,alpha,smartseq2,0.4741532802581787
3768,8.896920204162598,-1.2654712200164795,9,HP1509101_N7,ductal,ductal,smartseq2,1.39137601852417
3769,4.31870174407959,9.626282691955566,12,HP1509101_D8,alpha,alpha,smartseq2,0.4781695306301117
3770,16.916257858276367,9.479031562805176,7,HP1509101_F18,acinar,acinar,smartseq2,1.802574872970581
3771,4.1811418533325195,10.585299491882324,12,HP1509101_H22,alpha,alpha,smartseq2,0.3845422863960266
3772,8.124494552612305,-0.5769810080528259,9,HP1509101_F24,ductal,ductal,smartseq2,1.374695897102356
3773,15.276471138000488,-10.954090118408203,2,HP1509101_P14,endothelial,endothelial,smartseq2,3.0413360595703125
3774,4.135214805603027,10.753211975097656,12,HP1509101_F1,alpha,alpha,smartseq2,0.41544562578201294
3775,9.019245147705078,-1.2473831176757812,9,HP1509101_F2,ductal,ductal,smartseq2,1.2796359062194824
3776,4.568780422210693,11.386899948120117,12,HP1509101_L11,alpha,alpha,smartseq2,0.3875521421432495
3777,8.226177215576172,-1.1631206274032593,9,HP1509101_B24,ductal,ductal,smartseq2,1.1767669916152954
3778,3.5438902378082275,11.028524398803711,12,HP1509101_N15,alpha,alpha,smartseq2,0.46953344345092773
3779,4.642899990081787,13.485114097595215,12,HP1509101_G22,alpha,alpha,smartseq2,0.9100173115730286
3780,4.015360355377197,10.53488540649414,12,HP1509101_H24,alpha,alpha,smartseq2,0.3845422863960266
3781,-3.7316315174102783,17.35646629333496,13,HP1509101_D22,delta,delta,smartseq2,0.6350429654121399
3782,-8.306916236877441,0.7368469834327698,4,HP1509101_I11,beta,beta,smartseq2,0.6864582896232605
3783,3.7740395069122314,9.661323547363281,12,HP1509101_H23,alpha,alpha,smartseq2,0.4239051938056946
3784,8.09714126586914,-0.6039153337478638,9,HP1509101_M16,ductal,ductal,smartseq2,1.3499705791473389
3785,3.201998472213745,10.38481330871582,12,HP1509101_I10,alpha,alpha,smartseq2,0.6918491721153259
3786,6.0844292640686035,12.43744945526123,12,HP1509101_C12,alpha,alpha,smartseq2,0.39364728331565857
3787,8.782551765441895,-1.7354161739349365,9,HP1509101_P6,ductal,ductal,smartseq2,1.2342394590377808
3788,-1.8604235649108887,-6.951116561889648,0,HP1509101_P23,activated_stellate,activated_stellate,smartseq2,2.8589842319488525
3789,4.536828517913818,10.447526931762695,12,HP1509101_G18,alpha,alpha,smartseq2,0.3845422863960266
3790,4.014336585998535,10.09187126159668,12,HP1509101_M12,alpha,alpha,smartseq2,0.41552284359931946
3791,8.110095024108887,-0.5961427688598633,9,HP1509101_L3,ductal,ductal,smartseq2,1.6639609336853027
3792,7.845226287841797,-0.8628840446472168,9,HP1509101_J9,ductal,ductal,smartseq2,1.24260413646698
3793,3.9648070335388184,9.671224594116211,12,HP1509101_I22,alpha,alpha,smartseq2,1.1397850513458252
3794,8.179569244384766,-0.6636123657226562,9,HP1509101_B19,ductal,ductal,smartseq2,1.093306303024292
3795,8.527620315551758,-1.0442402362823486,9,HP1509101_D23,ductal,ductal,smartseq2,1.0052270889282227
3796,3.7982659339904785,11.43993091583252,12,HP1509101_N16,alpha,alpha,smartseq2,0.5717384815216064
3797,7.800627708435059,-2.3518340587615967,9,HP1509101_G4,ductal,ductal,smartseq2,1.1684985160827637
3798,3.260449171066284,10.483378410339355,12,HP1509101_P20,alpha,alpha,smartseq2,0.46798133850097656
3799,8.904803276062012,-1.2087030410766602,9,HP1509101_P22,ductal,ductal,smartseq2,1.5564568042755127
3800,-4.232020854949951,18.27046775817871,13,HP1509101_L19,delta,delta,smartseq2,0.963809609413147
3801,-3.5177650451660156,17.51251792907715,13,HP1509101_F21,gamma,delta,smartseq2,0.5493897795677185
3802,-8.800076484680176,2.3241536617279053,4,HP1509101_C23,beta,beta,smartseq2,0.6446793079376221
3803,3.1001925468444824,10.605566024780273,12,HP1509101_P18,alpha,alpha,smartseq2,0.6211456656455994
3804,6.232821941375732,13.071648597717285,12,HP1509101_G15,alpha,alpha,smartseq2,0.3938787579536438
3805,4.038140296936035,11.203591346740723,12,HP1509101_N9,alpha,alpha,smartseq2,0.43765226006507874
3806,4.632602691650391,10.533839225769043,12,HP1509101_B20,alpha,alpha,smartseq2,0.4532630741596222
3807,4.461304664611816,13.81104564666748,12,HP1509101_N18,alpha,alpha,smartseq2,0.98257976770401
3808,4.311809539794922,11.183563232421875,12,HP1509101_N17,alpha,alpha,smartseq2,0.3869588375091553
3809,-1.1926467418670654,-7.441586494445801,0,HP1509101_J14,activated_stellate,activated_stellate,smartseq2,1.6922268867492676
3810,-9.279067993164062,2.541811466217041,4,HP1509101_G9,beta,beta,smartseq2,0.6134420037269592
3811,4.079745769500732,10.092267036437988,12,HP1509101_C22,alpha,alpha,smartseq2,0.3865129053592682
3812,4.961236953735352,10.71285343170166,12,HP1509101_E19,alpha,alpha,smartseq2,0.40244027972221375
3813,4.8682637214660645,11.29192066192627,12,HP1509101_O23,alpha,alpha,smartseq2,0.44216302037239075
3814,3.9544308185577393,10.538517951965332,12,HP1509101_J8,alpha,alpha,smartseq2,0.3845422863960266
3815,-0.3916538655757904,-7.4514994621276855,0,HP1509101_B17,activated_stellate,activated_stellate,smartseq2,2.0111217498779297
3816,8.644768714904785,-1.3571197986602783,9,HP1509101_E24,ductal,ductal,smartseq2,1.278693437576294
3817,4.692355632781982,11.98277473449707,12,HP1509101_B11,alpha,alpha,smartseq2,0.3845422863960266
3818,5.956806659698486,11.264569282531738,12,HP1509101_D19,alpha,alpha,smartseq2,0.5858471393585205
3819,-4.208887100219727,18.375558853149414,13,HP1509101_O8,gamma,delta,smartseq2,0.9800596833229065
3820,3.5688607692718506,11.064338684082031,12,HP1509101_K21,alpha,alpha,smartseq2,0.3928128182888031
3821,5.558459281921387,11.967240333557129,12,HP1509101_G20,alpha,alpha,smartseq2,0.4300004243850708
3822,-3.951965570449829,16.465980529785156,13,HP1509101_J18,delta,delta,smartseq2,0.6082302331924438
3823,4.23942232131958,11.351365089416504,12,HP1509101_J4,alpha,alpha,smartseq2,0.48356369137763977
3824,4.075037956237793,10.312204360961914,12,HP1509101_H11,alpha,alpha,smartseq2,0.3845422863960266
3825,7.919046401977539,-0.691340446472168,9,HP1509101_G10,ductal,ductal,smartseq2,1.2383911609649658
3826,3.0202972888946533,11.256342887878418,12,HP1509101_I21,alpha,alpha,smartseq2,0.5400425791740417
3827,3.6758193969726562,9.67753791809082,12,HP1509101_H14,alpha,alpha,smartseq2,1.2425251007080078
3828,-4.748218536376953,16.19744873046875,13,HP1509101_P12,delta,delta,smartseq2,0.5538605451583862
3829,3.9456136226654053,10.475818634033203,12,HP1509101_O13,alpha,alpha,smartseq2,0.39542874693870544
3830,3.7975575923919678,10.19225025177002,12,HP1509101_J15,alpha,alpha,smartseq2,0.3849429488182068
3831,8.049872398376465,-0.9249499440193176,9,HP1509101_J23,ductal,ductal,smartseq2,1.063109278678894
3832,-8.986175537109375,0.7809402942657471,4,HP1509101_P1,beta,beta,smartseq2,0.9043689966201782
3833,8.080259323120117,-1.5664414167404175,9,HP1509101_I12,ductal,ductal,smartseq2,1.2727172374725342
3834,6.910078048706055,15.402959823608398,12,HP1509101_H9,alpha,alpha,smartseq2,0.7320958375930786
3835,8.093074798583984,-0.575993537902832,9,HP1509101_O14,ductal,ductal,smartseq2,1.2761269807815552
3836,3.3173999786376953,10.630084037780762,12,HP1509101_O20,alpha,alpha,smartseq2,0.5229325890541077
3837,9.182546615600586,-1.425018072128296,9,HP1509101_L16,ductal,ductal,smartseq2,1.8476358652114868
3838,-8.954010963439941,1.750295639038086,4,HP1509101_N21,beta,beta,smartseq2,0.587131142616272
3839,14.89836311340332,-10.623625755310059,2,HP1509101_K5,endothelial,endothelial,smartseq2,3.76180362701416
3840,7.038719654083252,12.482918739318848,12,HP1509101_I8,alpha,alpha,smartseq2,0.49045759439468384
3841,3.9397480487823486,11.73715877532959,12,HP1509101_F4,alpha,alpha,smartseq2,0.3845422863960266
3842,3.6080002784729004,11.288201332092285,12,HP1509101_K7,alpha,alpha,smartseq2,0.39006489515304565
3843,8.32346248626709,-1.0220266580581665,9,HP1509101_K10,ductal,ductal,smartseq2,1.965646505355835
3844,4.8747758865356445,11.37472915649414,12,HP1509101_N5,alpha,alpha,smartseq2,0.3845422863960266
3845,3.560940742492676,10.689661026000977,12,HP1509101_J20,alpha,alpha,smartseq2,0.567211389541626
3846,-8.691998481750488,1.8031922578811646,4,HP1509101_B13,beta,beta,smartseq2,0.6400135159492493
3847,-9.417135238647461,1.3056052923202515,4,HP1509101_P7,beta,beta,smartseq2,0.6558706164360046
3848,-8.360416412353516,2.5900492668151855,4,HP1509101_O6,beta,beta,smartseq2,0.561443030834198
3849,-3.8547959327697754,16.519119262695312,13,HP1509101_G8,gamma,delta,smartseq2,0.48020660877227783
3850,-8.978549003601074,-0.11948394775390625,4,HP1509101_O18,beta,beta,smartseq2,0.7207157015800476
3851,4.5502610206604,10.562553405761719,12,HP1509101_F19,alpha,alpha,smartseq2,0.5256745219230652
3852,-9.414831161499023,1.1492652893066406,4,HP1509101_N23,beta,beta,smartseq2,0.7263228893280029
3853,9.128949165344238,-2.156015396118164,9,HP1509101_B23,ductal,ductal,smartseq2,1.4384181499481201
3854,9.16588020324707,-2.0029537677764893,9,HP1509101_I16,ductal,ductal,smartseq2,1.5458451509475708
3855,7.655485153198242,-0.7840865254402161,9,HP1509101_A8,ductal,ductal,smartseq2,1.1494044065475464
3856,-9.458197593688965,1.1548207998275757,4,HP1509101_E22,beta,beta,smartseq2,0.6359003186225891
3857,15.056827545166016,-10.761667251586914,2,HP1509101_L18,endothelial,endothelial,smartseq2,3.76180362701416
3858,4.3570122718811035,10.720844268798828,12,HP1509101_I23,alpha,alpha,smartseq2,0.3845422863960266
3859,8.193106651306152,-0.6801198124885559,9,HP1509101_C21,ductal,ductal,smartseq2,1.1695318222045898
3860,-8.6324462890625,-0.5164501667022705,4,HP1509101_J19,beta,beta,smartseq2,0.8298053741455078
3861,-8.064905166625977,0.2481224685907364,4,HP1509101_O19,alpha,beta,smartseq2,1.2390732765197754
3862,5.489480018615723,11.084627151489258,12,HP1509101_L24,alpha,alpha,smartseq2,0.5598015189170837
3863,9.016517639160156,-1.2530826330184937,9,HP1509101_P5,ductal,ductal,smartseq2,1.8696002960205078
3864,8.113847732543945,-1.043468952178955,9,HP1509101_N6,ductal,ductal,smartseq2,1.087585210800171
3865,8.872133255004883,-3.082692861557007,9,HP1509101_N10,ductal,ductal,smartseq2,1.2184245586395264
3866,-4.556241989135742,17.54081153869629,13,HP1509101_O24,delta,delta,smartseq2,0.5782772302627563
3867,8.345587730407715,-1.7021170854568481,9,HP1509101_O17,ductal,ductal,smartseq2,1.1577627658843994
3868,8.353618621826172,-4.594154357910156,9,HP1509101_P8,ductal,ductal,smartseq2,1.7921253442764282
3869,-9.214994430541992,-0.27563944458961487,4,HP1509101_L14,beta,beta,smartseq2,0.6628050804138184
3870,8.190195083618164,-0.6702913641929626,9,HP1509101_C6,ductal,ductal,smartseq2,1.0932002067565918
3871,3.820920467376709,9.761454582214355,12,HP1509101_O16,alpha,alpha,smartseq2,0.44890671968460083
3872,8.634458541870117,-1.095467209815979,9,HP1509101_F22,ductal,ductal,smartseq2,0.9264965653419495
3873,4.301533222198486,9.6299409866333,12,HP1509101_I18,alpha,alpha,smartseq2,1.0209248065948486
3874,4.2832770347595215,10.48391342163086,12,HP1509101_N20,alpha,alpha,smartseq2,0.46891650557518005
3875,-3.757864236831665,16.854602813720703,13,HP1509101_H13,delta,delta,smartseq2,0.6842038035392761
3876,4.187448978424072,9.796294212341309,12,HP1509101_A20,alpha,alpha,smartseq2,0.47053778171539307
3877,4.30615758895874,13.558842658996582,12,HP1509101_I24,alpha,alpha,smartseq2,1.3092714548110962
3878,4.049156188964844,11.85269546508789,12,HP1509101_G16,alpha,alpha,smartseq2,0.460154265165329
3879,9.11929702758789,-1.263227105140686,9,HP1509101_F7,ductal,ductal,smartseq2,1.2653710842132568
3880,4.263162612915039,12.080315589904785,12,HP1509101_M8,alpha,alpha,smartseq2,0.43571436405181885
3881,7.648035049438477,13.187843322753906,12,HP1509101_J6,alpha,alpha,smartseq2,0.47676101326942444
3882,-3.500958204269409,16.159944534301758,13,HP1509101_K8,gamma,delta,smartseq2,0.6706658601760864
3883,-8.214690208435059,2.4430031776428223,4,HP1509101_G12,beta,beta,smartseq2,0.6861943006515503
3884,8.152348518371582,-0.9168995022773743,9,HP1509101_E10,ductal,ductal,smartseq2,1.8079599142074585
3885,8.270668029785156,-1.7994002103805542,9,HP1509101_E9,ductal,ductal,smartseq2,1.2040337324142456
3886,15.352195739746094,-11.02615737915039,2,HP1509101_F23,endothelial,endothelial,smartseq2,3.76180362701416
3887,8.346521377563477,-0.9818079471588135,9,HP1509101_A17,ductal,ductal,smartseq2,0.9485517740249634
3888,9.051669120788574,-4.5184807777404785,9,HP1509101_H20,ductal,ductal,smartseq2,1.5476689338684082
3889,-4.013847827911377,16.99955940246582,13,HP1509101_O4,delta,delta,smartseq2,0.5507904291152954
3890,14.935912132263184,-10.656764030456543,2,HP1509101_G21,endothelial,endothelial,smartseq2,3.76180362701416
3891,4.058388710021973,9.9408540725708,12,HP1509101_M10,alpha,alpha,smartseq2,0.39294514060020447
3892,3.7296903133392334,10.06897258758545,12,HP1509101_B10,alpha,alpha,smartseq2,0.38548827171325684
3893,-8.233076095581055,1.9285119771957397,4,HP1509101_P15,beta,beta,smartseq2,1.4694550037384033
3894,3.986187219619751,10.191276550292969,12,HP1509101_G17,alpha,alpha,smartseq2,0.4184764623641968
3895,9.03295612335205,-4.505187034606934,9,HP1509101_D21,ductal,ductal,smartseq2,1.3370561599731445
3896,4.271280288696289,11.381547927856445,12,HP1509101_J24,alpha,alpha,smartseq2,0.41103318333625793
3897,8.415205955505371,-0.9749156832695007,9,HP1509101_I6,ductal,ductal,smartseq2,0.9999412298202515
3898,-3.979160785675049,17.774673461914062,13,HP1509101_L23,delta,delta,smartseq2,0.6582332253456116
3899,3.629483222961426,9.91396713256836,12,HP1509101_O12,alpha,alpha,smartseq2,0.4356365501880646
3900,6.251236915588379,15.742170333862305,12,HP1504901_D15,alpha,alpha,smartseq2,1.0019186735153198
3901,-7.767999172210693,1.3429689407348633,4,HP1504901_O20,beta,beta,smartseq2,1.089579701423645
3902,-5.249804973602295,18.119342803955078,13,HP1504901_K20,delta,delta,smartseq2,1.0864202976226807
3903,-4.6972432136535645,16.037208557128906,13,HP1504901_L12,gamma,delta,smartseq2,0.5604246258735657
3904,-7.847019672393799,2.4557409286499023,4,HP1504901_E16,beta,beta,smartseq2,0.7852739095687866
3905,-3.1975040435791016,16.696149826049805,13,HP1504901_N9,gamma,delta,smartseq2,0.6223268508911133
3906,-2.8644332885742188,16.78205108642578,13,HP1504901_F14,epsilon,delta,smartseq2,1.183618426322937
3907,-1.7641198635101318,-6.965188980102539,0,HP1504901_I19,activated_stellate,activated_stellate,smartseq2,2.823260545730591
3908,-4.453145980834961,16.657306671142578,13,HP1504901_I7,delta,delta,smartseq2,0.5188551545143127
3909,7.884355068206787,-2.4120934009552,9,HP1504901_J10,ductal,ductal,smartseq2,1.6554392576217651
3910,6.4634623527526855,14.991484642028809,12,HP1504901_B15,alpha,alpha,smartseq2,0.4867553412914276
3911,-6.963282108306885,3.509505271911621,4,HP1504901_L8,beta,beta,smartseq2,1.8365484476089478
3912,5.368968486785889,13.873062133789062,12,HP1504901_B3,alpha,alpha,smartseq2,0.717418909072876
3913,-5.553138256072998,18.231891632080078,13,HP1504901_A21,delta,delta,smartseq2,1.1594041585922241
3914,-3.320056676864624,16.57634735107422,13,HP1504901_F15,gamma,delta,smartseq2,0.5804083943367004
3915,8.592658042907715,-3.2940306663513184,9,HP1504901_O11,ductal,ductal,smartseq2,1.353397011756897
3916,6.398821830749512,13.241856575012207,12,HP1504901_N2,alpha,alpha,smartseq2,0.39733004570007324
3917,-5.442394733428955,17.04098129272461,13,HP1504901_G20,gamma,delta,smartseq2,0.7162644863128662
3918,8.862380981445312,15.314151763916016,12,HP1504901_H12,alpha,alpha,smartseq2,0.5090770721435547
3919,5.762114524841309,14.712912559509277,12,HP1504901_D12,alpha,alpha,smartseq2,0.6796622276306152
3920,-5.4121246337890625,17.936229705810547,13,HP1504901_F2,delta,delta,smartseq2,0.8794103264808655
3921,-4.272017955780029,18.447246551513672,14,HP1504901_I23,delta,epsilon,smartseq2,1.3988628387451172
3922,-6.933432579040527,3.5698304176330566,4,HP1504901_G8,beta,beta,smartseq2,1.6964573860168457
3923,-6.9192304611206055,3.6922216415405273,4,HP1504901_B22,beta,beta,smartseq2,1.9660651683807373
3924,6.308982849121094,15.543486595153809,12,HP1504901_F12,alpha,alpha,smartseq2,0.8692750334739685
3925,6.300468444824219,13.294793128967285,12,HP1504901_H10,alpha,alpha,smartseq2,0.4248404800891876
3926,8.986798286437988,-5.3292131423950195,9,HP1504901_P11,ductal,ductal,smartseq2,2.019867420196533
3927,6.504460334777832,15.501243591308594,12,HP1504901_O7,alpha,alpha,smartseq2,0.5351055264472961
3928,-6.883033752441406,3.5605313777923584,4,HP1504901_P14,beta,beta,smartseq2,2.2102460861206055
3929,-3.757110595703125,16.81314468383789,13,HP1504901_H19,gamma,delta,smartseq2,0.5351673364639282
3930,7.743223667144775,-2.336437463760376,9,HP1504901_F8,ductal,ductal,smartseq2,1.6802494525909424
3931,6.151461601257324,15.706371307373047,14,HP1504901_P21,delta,epsilon,smartseq2,1.285001277923584
3932,7.162561416625977,-1.0696871280670166,9,HP1504901_N18,ductal,ductal,smartseq2,1.3306267261505127
3933,-4.872031211853027,18.007102966308594,13,HP1504901_B8,gamma,delta,smartseq2,0.6293960213661194
3934,-7.651893615722656,1.9105690717697144,4,HP1504901_N13,beta,beta,smartseq2,0.931414008140564
3935,5.875611782073975,14.088857650756836,12,HP1504901_K12,alpha,alpha,smartseq2,0.5209290385246277
3936,5.5456109046936035,12.898984909057617,12,HP1504901_J8,alpha,alpha,smartseq2,0.4080142378807068
3937,5.4931864738464355,13.647773742675781,12,HP1504901_C11,alpha,alpha,smartseq2,0.440019816160202
3938,-4.487199306488037,17.12038803100586,13,HP1504901_O1,gamma,delta,smartseq2,0.5506799221038818
3939,7.5191802978515625,14.729513168334961,12,HP1504901_B16,alpha,alpha,smartseq2,0.812842845916748
3940,-7.857778549194336,1.7771780490875244,4,HP1504901_L17,beta,beta,smartseq2,0.8189663290977478
3941,-3.4290175437927246,16.50491714477539,13,HP1504901_F18,gamma,delta,smartseq2,0.5906403064727783
3942,-7.892248153686523,1.5817980766296387,4,HP1504901_C17,beta,beta,smartseq2,0.9757823348045349
3943,-7.676926612854004,1.6903355121612549,4,HP1504901_B11,beta,beta,smartseq2,1.2887991666793823
3944,-6.93265438079834,3.581960678100586,4,HP1504901_F17,beta,beta,smartseq2,1.6251941919326782
3945,-5.095930099487305,16.352638244628906,13,HP1504901_D6,delta,delta,smartseq2,0.5713176727294922
3946,-5.77296781539917,18.20075798034668,13,HP1504901_D18,epsilon,delta,smartseq2,1.4717237949371338
3947,-7.637742519378662,2.0871968269348145,4,HP1504901_K19,beta,beta,smartseq2,0.9983605742454529
3948,8.906332969665527,14.56779670715332,12,HP1504901_F6,alpha,alpha,smartseq2,0.4696645438671112
3949,7.3259406089782715,12.630983352661133,12,HP1504901_P10,alpha,alpha,smartseq2,0.4428783655166626
3950,6.516209602355957,15.61092472076416,12,HP1504901_D16,alpha,alpha,smartseq2,0.5761075615882874
3951,-4.300038814544678,18.457347869873047,14,HP1504901_H14,gamma,epsilon,smartseq2,1.5178179740905762
3952,7.051179885864258,15.153525352478027,12,HP1504901_M3,alpha,alpha,smartseq2,0.5166921615600586
3953,-4.272363662719727,18.462722778320312,13,HP1504901_F1,gamma,delta,smartseq2,0.9563161134719849
3954,7.747376918792725,-1.8155193328857422,9,HP1504901_I10,ductal,ductal,smartseq2,1.3408154249191284
3955,-7.6576151847839355,1.635407567024231,4,HP1504901_O8,beta,beta,smartseq2,1.5642904043197632
3956,6.267943382263184,13.944293022155762,12,HP1504901_D23,alpha,alpha,smartseq2,0.49033260345458984
3957,14.877178192138672,-10.603592872619629,2,HP1504901_I17,endothelial,endothelial,smartseq2,3.76180362701416
3958,-7.5898308753967285,1.7851892709732056,4,HP1504901_B13,alpha,beta,smartseq2,1.8654652833938599
3959,-1.851810336112976,-6.017368316650391,0,HP1504901_C2,schwann,activated_stellate,smartseq2,2.8589842319488525
3960,-5.211818695068359,16.824132919311523,13,HP1504901_B20,gamma,delta,smartseq2,0.49851036071777344
3961,7.474058628082275,-4.3628010749816895,9,HP1504901_O14,ductal,ductal,smartseq2,2.07477068901062
3962,-7.352818012237549,4.239995002746582,4,HP1504901_H17,beta,beta,smartseq2,0.8189625144004822
3963,8.115532875061035,13.40311050415039,12,HP1504901_H4,alpha,alpha,smartseq2,0.4252772629261017
3964,-1.4451634883880615,-7.172111511230469,0,HP1504901_B24,activated_stellate,activated_stellate,smartseq2,2.8067095279693604
3965,-7.15050745010376,3.5387625694274902,4,HP1504901_H5,beta,beta,smartseq2,1.2638275623321533
3966,7.747535705566406,-1.9072641134262085,9,HP1504901_P7,ductal,ductal,smartseq2,1.4695124626159668
3967,7.158130168914795,14.968354225158691,12,HP1504901_B1,alpha,alpha,smartseq2,0.4666759669780731
3968,-7.056204319000244,3.421416997909546,4,HP1504901_F11,beta,beta,smartseq2,1.1002326011657715
3969,14.630620956420898,6.101348400115967,7,HP1504901_F23,acinar,acinar,smartseq2,1.2284647226333618
3970,6.630388259887695,15.72653579711914,14,HP1504901_G9,alpha,epsilon,smartseq2,1.5089631080627441
3971,-5.255360126495361,18.06352996826172,13,HP1504901_O21,gamma,delta,smartseq2,0.845890998840332
3972,6.632532596588135,15.525322914123535,12,HP1504901_E24,alpha,alpha,smartseq2,0.6180302500724792
3973,-7.600499153137207,2.139159679412842,4,HP1504901_G12,beta,beta,smartseq2,1.1255980730056763
3974,-7.609861850738525,1.709676742553711,4,HP1504901_A16,beta,beta,smartseq2,1.4675315618515015
3975,8.907624244689941,13.656264305114746,12,HP1504901_A14,alpha,alpha,smartseq2,1.129750370979309
3976,6.541205883026123,15.442776679992676,12,HP1504901_O9,alpha,alpha,smartseq2,0.5878495573997498
3977,14.872718811035156,-10.598474502563477,2,HP1504901_P3,endothelial,endothelial,smartseq2,3.76180362701416
3978,5.451935768127441,13.557085037231445,12,HP1504901_G3,alpha,alpha,smartseq2,0.4401915371417999
3979,6.525509834289551,12.041940689086914,12,HP1504901_F5,alpha,alpha,smartseq2,0.47424599528312683
3980,-1.5746502876281738,-7.156611442565918,0,HP1504901_M19,activated_stellate,activated_stellate,smartseq2,2.327932119369507
3981,14.882274627685547,-10.608195304870605,2,HP1504901_A23,endothelial,endothelial,smartseq2,3.76180362701416
3982,6.50070333480835,15.677215576171875,12,HP1504901_K1,alpha,alpha,smartseq2,0.7026199102401733
3983,14.856266021728516,-10.583314895629883,2,HP1504901_P18,endothelial,endothelial,smartseq2,3.76180362701416
3984,-1.1669905185699463,-6.793800354003906,0,HP1504901_E9,activated_stellate,activated_stellate,smartseq2,2.769821882247925
3985,6.713676452636719,15.835933685302734,12,HP1504901_C16,alpha,alpha,smartseq2,0.8024263381958008
3986,-4.570300102233887,16.55491065979004,13,HP1504901_A5,gamma,delta,smartseq2,0.45577704906463623
3987,-1.243241310119629,-6.908322811126709,0,HP1504901_J24,activated_stellate,activated_stellate,smartseq2,2.8027923107147217
3988,-3.7374420166015625,17.535688400268555,13,HP1504901_L18,gamma,delta,smartseq2,0.7175147533416748
3989,5.80850076675415,14.024412155151367,12,HP1504901_H11,alpha,alpha,smartseq2,0.7000179290771484
3990,6.070428371429443,13.296662330627441,12,HP1504901_I24,alpha,alpha,smartseq2,0.4225657284259796
3991,17.037118911743164,9.338671684265137,7,HP1504901_D13,acinar,acinar,smartseq2,1.5056498050689697
3992,6.634310722351074,14.282852172851562,12,HP1504901_E18,alpha,alpha,smartseq2,0.504065752029419
3993,7.354417324066162,15.797255516052246,12,HP1504901_H6,alpha,alpha,smartseq2,0.6464518904685974
3994,8.285882949829102,-4.660940170288086,9,HP1504901_J13,ductal,ductal,smartseq2,1.6246503591537476
3995,6.984334468841553,14.026819229125977,12,HP1504901_J17,alpha,alpha,smartseq2,0.45646241307258606
3996,5.992013454437256,14.01106071472168,12,HP1504901_N1,alpha,alpha,smartseq2,0.4554116725921631
3997,-5.299623489379883,17.051687240600586,13,HP1504901_B4,delta,delta,smartseq2,0.5919629335403442
3998,-7.772228717803955,1.404149055480957,4,HP1504901_J7,beta,beta,smartseq2,0.8728348016738892
3999,-7.7527079582214355,1.4736636877059937,4,HP1504901_B7,beta,beta,smartseq2,1.2307021617889404
4000,-1.83414626121521,-7.035402774810791,0,HP1504901_J18,activated_stellate,activated_stellate,smartseq2,2.836326837539673
4001,-1.6613898277282715,-6.44115686416626,0,HP1504901_A22,quiescent_stellate,activated_stellate,smartseq2,2.8589842319488525
4002,6.655280113220215,15.484731674194336,12,HP1504901_D22,alpha,alpha,smartseq2,0.5195436477661133
4003,-8.047633171081543,2.5761849880218506,4,HP1504901_G4,beta,beta,smartseq2,0.7419157028198242
4004,7.4243035316467285,-1.996872067451477,9,HP1504901_E6,ductal,ductal,smartseq2,1.666351079940796
4005,-4.568644046783447,17.126995086669922,13,HP1504901_D9,gamma,delta,smartseq2,0.5651872754096985
4006,4.5421013832092285,12.501921653747559,12,HP1504901_N22,alpha,alpha,smartseq2,0.39296242594718933
4007,8.487428665161133,-4.956783294677734,14,HP1504901_J15,ductal,epsilon,smartseq2,2.0897915363311768
4008,-2.537775754928589,16.827667236328125,13,HP1504901_K14,gamma,delta,smartseq2,1.147067666053772
4009,-5.203948020935059,17.860506057739258,13,HP1504901_N15,gamma,delta,smartseq2,0.7201424241065979
4010,4.440194129943848,13.490078926086426,12,HP1504901_J20,alpha,alpha,smartseq2,0.5185525417327881
4011,5.6141228675842285,13.984333038330078,12,HP1504901_J23,alpha,alpha,smartseq2,0.5447531342506409
4012,8.042325019836426,-4.173417568206787,9,HP1504901_L16,ductal,ductal,smartseq2,1.6178733110427856
4013,-5.732964992523193,17.97708511352539,14,HP1504901_C13,epsilon,epsilon,smartseq2,1.5045448541641235
4014,-2.6555142402648926,16.834144592285156,13,HP1504901_B23,gamma,delta,smartseq2,0.9985440969467163
4015,6.055164337158203,13.146649360656738,12,HP1504901_F19,alpha,alpha,smartseq2,0.39876461029052734
4016,-4.99082612991333,17.913785934448242,13,HP1504901_J4,delta,delta,smartseq2,0.6506063938140869
4017,-7.130525588989258,3.3796517848968506,4,HP1504901_K22,beta,beta,smartseq2,1.225325107574463
4018,-5.572824478149414,18.319992065429688,14,HP1504901_O5,gamma,epsilon,smartseq2,1.5048764944076538
4019,-2.7868456840515137,16.75592803955078,13,HP1504901_J9,gamma,delta,smartseq2,0.8228359222412109
4020,-2.8671722412109375,16.829795837402344,13,HP1504901_M4,gamma,delta,smartseq2,0.7734784483909607
4021,6.348952293395996,12.388879776000977,12,HP1504901_G2,alpha,alpha,smartseq2,0.4178115129470825
4022,7.792398452758789,15.470600128173828,12,HP1504901_N16,alpha,alpha,smartseq2,0.5302170515060425
4023,14.874146461486816,-10.600388526916504,2,HP1504901_G10,endothelial,endothelial,smartseq2,3.76180362701416
4024,5.208714962005615,13.784406661987305,12,HP1504901_F24,alpha,alpha,smartseq2,0.657978355884552
4025,4.025390148162842,11.351633071899414,12,HP1504901_O17,alpha,alpha,smartseq2,0.688629150390625
4026,6.921313285827637,12.52903938293457,12,HP1504901_A19,alpha,alpha,smartseq2,0.4507443308830261
4027,6.458092212677002,15.611682891845703,12,HP1504901_D5,alpha,alpha,smartseq2,0.8690422773361206
4028,-5.575214862823486,18.304950714111328,14,HP1504901_D1,alpha,epsilon,smartseq2,1.55258309841156
4029,14.908345222473145,-10.632837295532227,2,HP1504901_F16,endothelial,endothelial,smartseq2,3.76180362701416
4030,-4.739346981048584,16.8822021484375,13,HP1504901_B6,gamma,delta,smartseq2,0.4773254990577698
4031,-3.327090263366699,16.8250675201416,13,HP1504901_E23,gamma,delta,smartseq2,0.6237567067146301
4032,-6.941936016082764,3.574305772781372,4,HP1504901_N8,beta,beta,smartseq2,1.7921854257583618
4033,5.353856086730957,14.506426811218262,12,HP1504901_N12,alpha,alpha,smartseq2,1.0193371772766113
4034,7.2882080078125,14.230510711669922,12,HP1504901_H8,alpha,alpha,smartseq2,0.4629994332790375
4035,4.305099964141846,13.129020690917969,12,HP1504901_M24,alpha,alpha,smartseq2,0.46364933252334595
4036,-5.199323654174805,16.821823120117188,13,HP1504901_B9,delta,delta,smartseq2,0.5465162396430969
4037,16.82961082458496,9.38800048828125,7,HP1504901_O4,acinar,acinar,smartseq2,1.634519100189209
4038,6.736039161682129,12.850319862365723,12,HP1504901_O10,alpha,alpha,smartseq2,0.39844444394111633
4039,-1.5903699398040771,-6.4557108879089355,0,HP1504901_M11,quiescent_stellate,activated_stellate,smartseq2,2.8589842319488525
4040,7.48765754699707,12.869263648986816,12,HP1504901_B18,alpha,alpha,smartseq2,0.41506364941596985
4041,7.516078472137451,12.420286178588867,12,HP1504901_F9,alpha,alpha,smartseq2,0.46748438477516174
4042,4.259089946746826,12.527084350585938,12,HP1504901_F20,alpha,alpha,smartseq2,0.48579350113868713
4043,7.2683563232421875,14.240681648254395,12,HP1504901_O6,alpha,alpha,smartseq2,0.4237974286079407
4044,8.69791030883789,-3.3929858207702637,9,HP1504901_B14,ductal,ductal,smartseq2,1.5600641965866089
4045,14.887847900390625,-10.613407135009766,2,HP1504901_D4,endothelial,endothelial,smartseq2,3.76180362701416
4046,7.517501354217529,15.70306396484375,12,HP1504901_J19,alpha,alpha,smartseq2,0.9019542336463928
4047,-7.6413469314575195,1.7680681943893433,4,HP1504901_E10,beta,beta,smartseq2,1.308836579322815
4048,6.24937629699707,13.116446495056152,12,HP1504901_L13,alpha,alpha,smartseq2,0.4260239899158478
4049,-7.975256443023682,1.8299064636230469,4,HP1504901_L22,beta,beta,smartseq2,0.7029632925987244
4050,-5.601502418518066,17.602338790893555,13,HP1504901_O24,gamma,delta,smartseq2,0.890908420085907
4051,6.609903812408447,15.767008781433105,12,HP1504901_G13,alpha,alpha,smartseq2,0.840567409992218
4052,7.974340915679932,15.4862699508667,12,HP1504901_J22,alpha,alpha,smartseq2,0.5672323107719421
4053,5.19377326965332,13.49428939819336,12,HP1504901_L14,alpha,alpha,smartseq2,0.5136287212371826
4054,8.988743782043457,16.001211166381836,12,HP1504901_A2,alpha,alpha,smartseq2,0.8245628476142883
4055,5.719071388244629,14.72421646118164,12,HP1504901_N17,alpha,alpha,smartseq2,0.6265857815742493
4056,-4.263906955718994,16.49016761779785,13,HP1504901_L3,gamma,delta,smartseq2,0.4584631025791168
4057,5.406918048858643,11.878719329833984,12,HP1504901_I3,alpha,alpha,smartseq2,0.5459676384925842
4058,6.332179069519043,15.626420974731445,12,HP1504901_A9,alpha,alpha,smartseq2,0.8049106001853943
4059,6.980430603027344,14.080641746520996,12,HP1504901_I21,alpha,alpha,smartseq2,0.40445610880851746
4060,9.380766868591309,-3.543055295944214,9,HP1504901_K23,ductal,ductal,smartseq2,1.3155901432037354
4061,6.806276798248291,13.808882713317871,12,HP1504901_G6,alpha,alpha,smartseq2,0.46479079127311707
4062,6.959166049957275,12.040995597839355,12,HP1504901_O16,alpha,alpha,smartseq2,0.4453466832637787
4063,6.633286952972412,14.185134887695312,12,HP1504901_E14,alpha,alpha,smartseq2,0.5806401968002319
4064,7.747184753417969,-2.2262887954711914,9,HP1504901_G11,ductal,ductal,smartseq2,1.5928043127059937
4065,-5.170629978179932,17.23816680908203,13,HP1504901_N24,delta,delta,smartseq2,0.587229311466217
4066,6.368762493133545,14.422863960266113,12,HP1504901_D17,alpha,alpha,smartseq2,0.42663300037384033
4067,7.702016830444336,15.455080032348633,12,HP1504901_K6,alpha,alpha,smartseq2,0.5795512795448303
4068,7.695361614227295,13.230903625488281,12,HP1504901_D2,alpha,alpha,smartseq2,0.4579158127307892
4069,-2.816596508026123,16.775211334228516,13,HP1504901_I18,gamma,delta,smartseq2,0.7744476199150085
4070,-7.997068405151367,1.5516170263290405,4,HP1504901_E21,beta,beta,smartseq2,0.8627861142158508
4071,-7.104617595672607,3.4187798500061035,4,HP1504901_H18,beta,beta,smartseq2,1.040586233139038
4072,-3.224309206008911,16.54631996154785,13,HP1504901_D24,gamma,delta,smartseq2,0.5701982378959656
4073,6.728055000305176,13.918622970581055,12,HP1504901_J6,alpha,alpha,smartseq2,0.39088916778564453
4074,6.049962043762207,12.516209602355957,12,HP1504901_I2,alpha,alpha,smartseq2,0.3994608223438263
4075,7.752100467681885,12.546669006347656,12,HP1504901_D14,alpha,alpha,smartseq2,0.5740383863449097
4076,-7.816213130950928,1.2902523279190063,4,HP1504901_G16,beta,beta,smartseq2,0.9293820858001709
4077,5.31731653213501,12.34582233428955,12,HP1504901_M18,alpha,alpha,smartseq2,0.3951258361339569
4078,-7.905986309051514,1.3979755640029907,4,HP1504901_J3,beta,beta,smartseq2,0.9577584266662598
4079,7.2191057205200195,15.402487754821777,12,HP1504901_F4,alpha,alpha,smartseq2,0.47113853693008423
4080,-7.034029483795166,4.239230632781982,4,HP1504901_D7,beta,beta,smartseq2,2.4683549404144287
4081,-5.735237121582031,18.186643600463867,13,HP1504901_M21,delta,delta,smartseq2,1.3446019887924194
4082,-7.0724568367004395,3.3743979930877686,4,HP1504901_B10,beta,beta,smartseq2,1.2064660787582397
4083,7.096032619476318,14.130568504333496,12,HP1504901_H1,alpha,alpha,smartseq2,0.4173288941383362
4084,8.079400062561035,-0.9485195279121399,9,HP1504901_J5,ductal,ductal,smartseq2,1.7252835035324097
4085,5.634493350982666,13.92802906036377,12,HP1504901_K5,alpha,alpha,smartseq2,0.4787069261074066
4086,7.035038471221924,15.076038360595703,12,HP1504901_F10,alpha,alpha,smartseq2,0.44799086451530457
4087,17.51876449584961,9.939071655273438,7,HP1504901_H16,acinar,acinar,smartseq2,2.0099878311157227
4088,6.838550090789795,13.892960548400879,12,HP1504901_G15,alpha,alpha,smartseq2,0.5627603530883789
4089,5.773653030395508,14.235971450805664,12,HP1504901_N19,alpha,alpha,smartseq2,0.5266919732093811
4090,-5.52657413482666,17.985641479492188,13,HP1504901_C10,delta,delta,smartseq2,0.8744216561317444
4091,6.554247856140137,13.623372077941895,12,HP1504901_I8,alpha,alpha,smartseq2,0.4195597469806671
4092,-4.618305683135986,17.05530548095703,13,HP1504901_I22,gamma,delta,smartseq2,0.6753482222557068
4093,6.72599458694458,14.514700889587402,12,HP1504901_B21,alpha,alpha,smartseq2,0.45327475666999817
4094,7.023303508758545,14.949872016906738,12,HP1504901_N7,alpha,alpha,smartseq2,0.43824082612991333
4095,-2.66872239112854,16.789485931396484,13,HP1504901_C14,gamma,delta,smartseq2,0.9047953486442566
4096,-5.124582767486572,16.171592712402344,13,HP1504901_A10,delta,delta,smartseq2,0.5292145609855652
4097,-5.40047025680542,18.11162567138672,13,HP1504901_C23,gamma,delta,smartseq2,0.8603167533874512
4098,14.875706672668457,-10.601963996887207,2,HP1504901_E2,endothelial,endothelial,smartseq2,3.76180362701416
4099,7.346275329589844,12.388017654418945,12,HP1504901_D21,alpha,alpha,smartseq2,0.5015772581100464
4100,8.938508987426758,15.54076099395752,12,HP1504901_G19,alpha,alpha,smartseq2,0.9229758381843567
4101,-1.5755788087844849,-6.442889213562012,0,HP1504901_N21,quiescent_stellate,activated_stellate,smartseq2,2.8589842319488525
4102,7.8600969314575195,14.244451522827148,12,HP1504901_B2,alpha,alpha,smartseq2,0.4139370620250702
4103,-3.579892873764038,17.241146087646484,13,HP1504901_L9,gamma,delta,smartseq2,0.5916752219200134
4104,-5.549283504486084,17.999160766601562,13,HP1504901_N23,gamma,delta,smartseq2,0.8289386034011841
4105,6.057301998138428,12.245567321777344,12,HP1504901_F3,alpha,alpha,smartseq2,0.6627759337425232
4106,7.426088809967041,-1.625744104385376,9,HP1525301T2D_P14,ductal,ductal,smartseq2,1.159635305404663
4107,5.608902931213379,11.69992733001709,12,HP1525301T2D_K15,alpha,alpha,smartseq2,0.41517674922943115
4108,-4.857261657714844,16.582534790039062,13,HP1525301T2D_D19,delta,delta,smartseq2,0.6199567914009094
4109,-2.9299545288085938,16.687870025634766,13,HP1526901T2D_K12,gamma,delta,smartseq2,0.7006821036338806
4110,3.490035057067871,11.319035530090332,12,HP1525301T2D_G11,alpha,alpha,smartseq2,0.38803449273109436
4111,3.783632516860962,12.918817520141602,12,HP1525301T2D_A6,alpha,alpha,smartseq2,0.4867496192455292
4112,-5.142252445220947,17.30702781677246,13,HP1508501T2D_P4,gamma,delta,smartseq2,0.7271321415901184
4113,6.574145317077637,12.214278221130371,12,HP1525301T2D_K23,alpha,alpha,smartseq2,0.410161554813385
4114,-1.3652369976043701,-7.42625093460083,0,HP1525301T2D_P16,activated_stellate,activated_stellate,smartseq2,1.8307737112045288
4115,7.7790632247924805,-1.9882310628890991,9,HP1525301T2D_O14,ductal,ductal,smartseq2,1.352622628211975
4116,9.329198837280273,-3.440826177597046,9,HP1525301T2D_H14,ductal,ductal,smartseq2,1.8809598684310913
4117,-1.1093873977661133,-7.308342456817627,0,HP1525301T2D_F24,activated_stellate,activated_stellate,smartseq2,1.747475028038025
4118,7.511669635772705,-0.8205710649490356,9,HP1525301T2D_P1,ductal,ductal,smartseq2,1.2131074666976929
4119,-4.512052536010742,16.6458683013916,13,HP1526901T2D_A20,gamma,delta,smartseq2,0.5120331645011902
4120,-4.680835247039795,17.367839813232422,13,HP1526901T2D_A10,delta,delta,smartseq2,0.4852631986141205
4121,4.52985954284668,12.165884971618652,12,HP1525301T2D_I21,alpha,alpha,smartseq2,0.3890545666217804
4122,3.843109607696533,12.861673355102539,12,HP1526901T2D_A3,alpha,alpha,smartseq2,0.49634087085723877
4123,7.144970417022705,-1.344099521636963,9,HP1526901T2D_O5,ductal,ductal,smartseq2,1.3091720342636108
4124,4.816073894500732,12.017715454101562,12,HP1525301T2D_I12,alpha,alpha,smartseq2,0.3845422863960266
4125,5.450666904449463,12.015715599060059,12,HP1525301T2D_P22,alpha,alpha,smartseq2,0.42028898000717163
4126,16.594221115112305,9.287896156311035,7,HP1525301T2D_H9,acinar,acinar,smartseq2,1.4872279167175293
4127,3.6923625469207764,12.778987884521484,12,HP1526901T2D_P20,alpha,alpha,smartseq2,0.44794297218322754
4128,8.009873390197754,-1.939873456954956,9,HP1525301T2D_K16,ductal,ductal,smartseq2,1.1789629459381104
4129,-5.035705089569092,17.534358978271484,13,HP1526901T2D_B6,delta,delta,smartseq2,0.6172856688499451
4130,-7.088119029998779,4.307538032531738,4,HP1526901T2D_P9,beta,beta,smartseq2,1.319636344909668
4131,-7.21863317489624,4.296930313110352,4,HP1526901T2D_E11,beta,beta,smartseq2,1.5242486000061035
4132,9.437666893005371,-3.546820878982544,9,HP1525301T2D_C3,ductal,ductal,smartseq2,1.3337255716323853
4133,3.4861793518066406,10.63596248626709,12,HP1526901T2D_M21,alpha,alpha,smartseq2,0.3894723951816559
4134,-4.522661209106445,17.824026107788086,13,HP1526901T2D_H18,delta,delta,smartseq2,0.5804662704467773
4135,8.989165306091309,-4.5364789962768555,9,HP1525301T2D_D1,ductal,ductal,smartseq2,1.2923915386199951
4136,5.451672077178955,13.657977104187012,12,HP1526901T2D_D5,alpha,alpha,smartseq2,0.45370522141456604
4137,5.982994079589844,12.379379272460938,12,HP1525301T2D_J14,alpha,alpha,smartseq2,0.3845422863960266
4138,6.098949432373047,12.483171463012695,12,HP1525301T2D_P6,alpha,alpha,smartseq2,0.40337491035461426
4139,-7.286254405975342,4.280337333679199,4,HP1525301T2D_F15,beta,beta,smartseq2,1.0009419918060303
4140,5.675384998321533,11.678409576416016,12,HP1526901T2D_K6,alpha,alpha,smartseq2,0.42004159092903137
4141,4.925625324249268,12.321371078491211,12,HP1525301T2D_C16,alpha,alpha,smartseq2,0.39088064432144165
4142,7.535455226898193,-0.8412759900093079,9,HP1525301T2D_I18,ductal,ductal,smartseq2,1.275348424911499
4143,9.47592830657959,-3.4969141483306885,9,HP1525301T2D_M11,ductal,ductal,smartseq2,1.2584763765335083
4144,-7.344533920288086,4.2350239753723145,4,HP1526901T2D_J6,beta,beta,smartseq2,1.045001745223999
4145,9.749288558959961,-4.118259906768799,9,HP1525301T2D_I23,ductal,ductal,smartseq2,1.3520745038986206
4146,4.528648376464844,12.141728401184082,12,HP1526901T2D_L16,alpha,alpha,smartseq2,0.4077349603176117
4147,4.5513081550598145,13.282349586486816,12,HP1526901T2D_F2,alpha,alpha,smartseq2,0.4557614028453827
4148,7.475714683532715,-1.0552749633789062,9,HP1525301T2D_K14,ductal,ductal,smartseq2,1.2210692167282104
4149,9.349398612976074,-3.402151346206665,9,HP1525301T2D_J7,ductal,ductal,smartseq2,1.3331443071365356
4150,3.811455249786377,13.144184112548828,12,HP1525301T2D_B1,alpha,alpha,smartseq2,0.7020949125289917
4151,7.077237606048584,-1.5372436046600342,9,HP1525301T2D_C4,ductal,ductal,smartseq2,1.9347602128982544
4152,9.43326187133789,-3.646383047103882,9,HP1525301T2D_J21,ductal,ductal,smartseq2,1.3671314716339111
4153,-3.7499001026153564,16.598438262939453,13,HP1525301T2D_E19,gamma,delta,smartseq2,0.5048495531082153
4154,-2.4263439178466797,16.91109848022461,13,HP1526901T2D_C13,gamma,delta,smartseq2,1.1417580842971802
4155,6.2831830978393555,11.594223976135254,12,HP1525301T2D_B4,alpha,alpha,smartseq2,0.45145487785339355
4156,5.400286674499512,12.48066520690918,12,HP1525301T2D_F19,alpha,alpha,smartseq2,0.40490809082984924
4157,-3.106938123703003,16.543346405029297,13,HP1525301T2D_B5,gamma,delta,smartseq2,0.593090295791626
4158,-5.561701774597168,17.151521682739258,13,HP1526901T2D_C19,gamma,delta,smartseq2,0.722569465637207
4159,3.4045982360839844,12.45507526397705,12,HP1526901T2D_E18,alpha,alpha,smartseq2,0.5585590600967407
4160,-7.243003845214844,4.127213954925537,4,HP1525301T2D_N3,beta,beta,smartseq2,1.0683635473251343
4161,-7.069420337677002,4.3234171867370605,4,HP1525301T2D_I6,beta,beta,smartseq2,1.7194958925247192
4162,5.342404842376709,12.140242576599121,12,HP1525301T2D_N23,alpha,alpha,smartseq2,0.512134313583374
4163,-4.892111301422119,16.81867218017578,13,HP1526901T2D_H23,gamma,delta,smartseq2,0.5117258429527283
4164,5.499912738800049,11.653923988342285,12,HP1525301T2D_G22,alpha,alpha,smartseq2,0.46255552768707275
4165,16.7131404876709,9.024174690246582,7,HP1525301T2D_J5,acinar,acinar,smartseq2,1.1761194467544556
4166,16.79030990600586,9.42357063293457,7,HP1525301T2D_D10,acinar,acinar,smartseq2,1.3883256912231445
4167,8.988958358764648,-5.078800201416016,9,HP1526901T2D_F15,ductal,ductal,smartseq2,2.0897915363311768
4168,6.970434665679932,12.470913887023926,12,HP1526901T2D_O22,alpha,alpha,smartseq2,0.44401291012763977
4169,7.820724964141846,-1.5466161966323853,9,HP1526901T2D_M8,ductal,ductal,smartseq2,1.1748158931732178
4170,7.701158046722412,-1.956606149673462,9,HP1525301T2D_C6,ductal,ductal,smartseq2,1.449039340019226
4171,-7.590873718261719,3.807169198989868,4,HP1526901T2D_G21,beta,beta,smartseq2,0.8825209140777588
4172,3.827415704727173,11.996001243591309,12,HP1525301T2D_D11,alpha,alpha,smartseq2,0.3845422863960266
4173,5.48089075088501,13.249481201171875,12,HP1526901T2D_I6,alpha,alpha,smartseq2,0.41545701026916504
4174,-8.564196586608887,2.838845729827881,4,HP1526901T2D_H24,beta,beta,smartseq2,0.5751640200614929
4175,3.786720037460327,12.060532569885254,12,HP1525301T2D_E1,alpha,alpha,smartseq2,0.3845422863960266
4176,-4.944721221923828,17.73680877685547,13,HP1526901T2D_J22,delta,delta,smartseq2,1.0638682842254639
4177,5.9878082275390625,12.343944549560547,12,HP1526901T2D_N15,alpha,alpha,smartseq2,0.3845422863960266
4178,9.755301475524902,-4.151517868041992,9,HP1525301T2D_G3,ductal,ductal,smartseq2,1.2634268999099731
4179,8.964375495910645,-4.960327625274658,9,HP1525301T2D_E11,ductal,ductal,smartseq2,1.7494690418243408
4180,5.936794281005859,12.123839378356934,12,HP1525301T2D_C2,alpha,alpha,smartseq2,0.41880813241004944
4181,-7.534933567047119,3.684983491897583,4,HP1526901T2D_A1,beta,beta,smartseq2,0.8226353526115417
4182,5.4607462882995605,13.651934623718262,12,HP1526901T2D_F3,alpha,alpha,smartseq2,0.4465046226978302
4183,5.260229587554932,11.122376441955566,12,HP1526901T2D_P21,alpha,alpha,smartseq2,0.43112456798553467
4184,5.258244514465332,12.34079360961914,12,HP1525301T2D_B11,alpha,alpha,smartseq2,0.3851150572299957
4185,7.20871639251709,12.668968200683594,12,HP1526901T2D_J24,alpha,alpha,smartseq2,0.427564799785614
4186,-8.542448043823242,3.1698124408721924,4,HP1526901T2D_M15,beta,beta,smartseq2,0.7369450926780701
4187,-3.9871444702148438,16.105791091918945,13,HP1526901T2D_K11,gamma,delta,smartseq2,0.519085168838501
4188,-7.185298442840576,4.309466361999512,4,HP1526901T2D_G17,beta,beta,smartseq2,1.1310765743255615
4189,-8.144057273864746,2.4216110706329346,4,HP1526901T2D_L1,beta,beta,smartseq2,0.6784148216247559
4190,5.015503406524658,12.161349296569824,12,HP1526901T2D_L2,alpha,alpha,smartseq2,0.4283336400985718
4191,-5.1476826667785645,16.14682960510254,13,HP1526901T2D_M19,delta,delta,smartseq2,0.49232426285743713
4192,-4.600523471832275,17.799585342407227,13,HP1526901T2D_A16,delta,delta,smartseq2,0.765254557132721
4193,9.315606117248535,-4.6893463134765625,9,HP1525301T2D_N4,ductal,ductal,smartseq2,1.372580647468567
4194,-7.660747528076172,3.714648723602295,4,HP1526901T2D_B4,beta,beta,smartseq2,0.8240718841552734
4195,4.300466537475586,13.242081642150879,12,HP1526901T2D_F21,alpha,alpha,smartseq2,0.5124746561050415
4196,5.3751678466796875,12.533251762390137,12,HP1525301T2D_M16,alpha,alpha,smartseq2,0.3987721800804138
4197,-7.6784563064575195,4.078709602355957,4,HP1526901T2D_K3,beta,beta,smartseq2,0.8182491064071655
4198,9.169325828552246,-3.4045891761779785,9,HP1525301T2D_B24,ductal,ductal,smartseq2,1.4679155349731445
4199,-8.005830764770508,3.771639823913574,4,HP1526901T2D_O15,beta,beta,smartseq2,0.6602872610092163
4200,6.975704193115234,3.864396333694458,6,HP1526901T2D_O12,mast,mast,smartseq2,3.993431806564331
4201,-8.664484024047852,2.8782784938812256,4,HP1526901T2D_J21,beta,beta,smartseq2,0.7133709788322449
4202,16.19904136657715,8.07370662689209,7,HP1525301T2D_O1,alpha,acinar,smartseq2,1.4899039268493652
4203,9.747342109680176,-4.318508148193359,9,HP1525301T2D_O20,ductal,ductal,smartseq2,1.768556833267212
4204,-1.1611117124557495,-7.406787872314453,0,HP1525301T2D_O9,activated_stellate,activated_stellate,smartseq2,1.6169884204864502
4205,5.229174613952637,11.292694091796875,12,HP1526901T2D_G7,alpha,alpha,smartseq2,0.4275536835193634
4206,-7.299659729003906,4.163241386413574,4,HP1526901T2D_J5,beta,beta,smartseq2,0.9079803228378296
4207,7.046536445617676,-1.2885946035385132,9,HP1525301T2D_G13,ductal,ductal,smartseq2,1.2084585428237915
4208,-8.254372596740723,0.9261084198951721,4,HP1525301T2D_F23,beta,beta,smartseq2,0.8527930974960327
4209,7.033459186553955,-1.2683701515197754,9,HP1526901T2D_I1,ductal,ductal,smartseq2,1.2000391483306885
4210,-7.161043167114258,4.255034923553467,4,HP1526901T2D_L4,beta,beta,smartseq2,1.0859020948410034
4211,-5.040517330169678,16.060806274414062,13,HP1526901T2D_L14,gamma,delta,smartseq2,0.6045331358909607
4212,9.549948692321777,-3.5778543949127197,9,HP1525301T2D_L23,ductal,ductal,smartseq2,1.3594207763671875
4213,5.222588539123535,12.319353103637695,12,HP1525301T2D_H23,alpha,alpha,smartseq2,0.4087246358394623
4214,8.034626960754395,-2.1462104320526123,9,HP1525301T2D_I1,ductal,ductal,smartseq2,1.259121060371399
4215,6.475846767425537,13.698009490966797,12,HP1526901T2D_F10,alpha,alpha,smartseq2,0.42785659432411194
4216,5.826943397521973,12.036635398864746,12,HP1525301T2D_B23,alpha,alpha,smartseq2,0.4603729248046875
4217,7.062317848205566,-1.3978530168533325,9,HP1526901T2D_J18,ductal,ductal,smartseq2,1.3446367979049683
4218,-4.8153300285339355,16.529903411865234,13,HP1526901T2D_I10,delta,delta,smartseq2,0.5839183330535889
4219,4.380758762359619,11.593682289123535,12,HP1525301T2D_I4,alpha,alpha,smartseq2,0.3845422863960266
4220,7.5385518074035645,-1.8501183986663818,9,HP1526901T2D_B24,ductal,ductal,smartseq2,1.5588641166687012
4221,7.916857719421387,-1.5305392742156982,9,HP1525301T2D_C24,ductal,ductal,smartseq2,1.168009638786316
4222,5.619480609893799,13.017966270446777,12,HP1525301T2D_P8,alpha,alpha,smartseq2,0.42850732803344727
4223,7.546159744262695,-0.7686497569084167,9,HP1526901T2D_G24,ductal,ductal,smartseq2,1.3671526908874512
4224,5.745495319366455,14.215614318847656,12,HP1526901T2D_J8,alpha,alpha,smartseq2,0.4903840720653534
4225,5.749079704284668,13.066960334777832,12,HP1525301T2D_C1,alpha,alpha,smartseq2,0.42921388149261475
4226,-0.8202305436134338,-7.467406749725342,0,HP1526901T2D_P13,activated_stellate,activated_stellate,smartseq2,1.506887435913086
4227,-5.100653648376465,17.890369415283203,13,HP1526901T2D_G23,delta,delta,smartseq2,0.7049605250358582
4228,-4.854865550994873,17.873380661010742,13,HP1526901T2D_P22,delta,delta,smartseq2,1.1565028429031372
4229,4.272231578826904,9.620231628417969,12,HP1525301T2D_J2,alpha,alpha,smartseq2,0.5042869448661804
4230,-7.339641094207764,4.212347030639648,4,HP1526901T2D_H20,beta,beta,smartseq2,0.8876925706863403
4231,7.016793251037598,-1.305328607559204,9,HP1525301T2D_G14,ductal,ductal,smartseq2,1.1256072521209717
4232,-4.460963726043701,17.819072723388672,13,HP1526901T2D_L7,gamma,delta,smartseq2,0.634070634841919
4233,-8.77726936340332,2.8648571968078613,4,HP1526901T2D_N12,beta,beta,smartseq2,0.6815764307975769
4234,-5.238744258880615,7.794884204864502,11,HP1525301T2D_N7,alpha,Unmatched_11,smartseq2,3.117095470428467
4235,7.84929084777832,-1.5000191926956177,9,HP1525301T2D_L1,ductal,ductal,smartseq2,1.275789499282837
4236,-8.62373161315918,3.435267210006714,4,HP1526901T2D_F5,beta,beta,smartseq2,0.93313068151474
4237,7.899693012237549,-2.0215377807617188,9,HP1525301T2D_I10,ductal,ductal,smartseq2,1.235673189163208
4238,7.075434684753418,-1.2408974170684814,9,HP1525301T2D_G20,ductal,ductal,smartseq2,1.1197748184204102
4239,-4.616674423217773,17.800113677978516,13,HP1526901T2D_K24,delta,delta,smartseq2,0.8092093467712402
4240,-7.118656158447266,3.386256456375122,4,HP1525301T2D_M7,beta,beta,smartseq2,1.1046537160873413
4241,5.422882080078125,12.658085823059082,12,HP1526901T2D_E8,alpha,alpha,smartseq2,0.3858565390110016
4242,4.045581340789795,12.578826904296875,12,HP1526901T2D_P14,alpha,alpha,smartseq2,0.4885675013065338
4243,16.260190963745117,7.945158004760742,7,HP1526901T2D_N4,acinar,acinar,smartseq2,1.3030551671981812
4244,-7.257729530334473,3.786770820617676,4,HP1526901T2D_O24,beta,beta,smartseq2,1.1295080184936523
4245,-7.425300121307373,4.18643045425415,4,HP1526901T2D_O14,beta,beta,smartseq2,0.922804594039917
4246,7.170064449310303,-1.0078850984573364,9,HP1525301T2D_H24,ductal,ductal,smartseq2,1.2209150791168213
4247,7.596273422241211,-1.9207264184951782,9,HP1525301T2D_P13,ductal,ductal,smartseq2,1.3090845346450806
4248,-4.369512557983398,17.65868377685547,13,HP1526901T2D_E20,delta,delta,smartseq2,0.6712844967842102
4249,4.474372863769531,12.1586275100708,12,HP1525301T2D_H6,alpha,alpha,smartseq2,0.3845422863960266
4250,4.174948692321777,10.660768508911133,12,HP1525301T2D_C10,alpha,alpha,smartseq2,0.4017915725708008
4251,-8.115516662597656,3.645049810409546,4,HP1526901T2D_C3,beta,beta,smartseq2,0.7065116763114929
4252,-7.467586517333984,4.1458563804626465,4,HP1526901T2D_N13,beta,beta,smartseq2,0.8478886485099792
4253,3.725611686706543,10.566861152648926,12,HP1526901T2D_L19,alpha,alpha,smartseq2,0.38753488659858704
4254,5.837817192077637,12.3467378616333,12,HP1525301T2D_H7,alpha,alpha,smartseq2,0.4314652383327484
4255,6.023717403411865,12.545591354370117,12,HP1525301T2D_G15,alpha,alpha,smartseq2,0.4522043466567993
4256,8.933882713317871,-3.0839717388153076,9,HP1526901T2D_E23,ductal,ductal,smartseq2,1.2477617263793945
4257,7.254145622253418,-1.795251727104187,9,HP1525301T2D_D2,ductal,ductal,smartseq2,1.7211891412734985
4258,-7.613687992095947,3.8467159271240234,4,HP1526901T2D_D19,beta,beta,smartseq2,0.7216461896896362
4259,9.540331840515137,-4.108081817626953,9,HP1525301T2D_I3,ductal,ductal,smartseq2,1.402055025100708
4260,4.7505693435668945,11.85188102722168,12,HP1525301T2D_E23,alpha,alpha,smartseq2,0.420399934053421
4261,4.668286323547363,13.855916023254395,12,HP1526901T2D_N9,alpha,alpha,smartseq2,0.6810626983642578
4262,6.634728908538818,12.275532722473145,12,HP1525301T2D_I7,alpha,alpha,smartseq2,0.46751266717910767
4263,-4.853332042694092,17.789804458618164,13,HP1526901T2D_B18,delta,delta,smartseq2,1.0149203538894653
4264,5.515594005584717,12.490962028503418,12,HP1526901T2D_O21,alpha,alpha,smartseq2,0.3845422863960266
4265,4.5281782150268555,12.729901313781738,12,HP1526901T2D_G14,alpha,alpha,smartseq2,0.42591172456741333
4266,3.7784628868103027,12.770503044128418,12,HP1525301T2D_E7,alpha,alpha,smartseq2,0.4017488658428192
4267,16.926584243774414,9.672368049621582,7,HP1525301T2D_F10,acinar,acinar,smartseq2,1.6603343486785889
4268,7.525786876678467,-1.7556849718093872,9,HP1525301T2D_K21,ductal,ductal,smartseq2,1.1623526811599731
4269,-4.334834575653076,16.77515411376953,13,HP1525301T2D_E3,gamma,delta,smartseq2,0.5470243096351624
4270,-4.927396297454834,18.06458854675293,13,HP1526901T2D_A4,delta,delta,smartseq2,0.7845184206962585
4271,8.957083702087402,-3.1788885593414307,9,HP1525301T2D_H3,ductal,ductal,smartseq2,1.2335933446884155
4272,7.0531487464904785,-1.2421470880508423,9,HP1526901T2D_D4,ductal,ductal,smartseq2,1.1732685565948486
4273,-3.0198423862457275,16.98090934753418,13,HP1526901T2D_G1,gamma,delta,smartseq2,0.7494274973869324
4274,7.2708611488342285,-0.8760575652122498,9,HP1525301T2D_N5,ductal,ductal,smartseq2,1.3414324522018433
4275,9.738038063049316,-4.327431678771973,9,HP1525301T2D_A17,ductal,ductal,smartseq2,1.3326311111450195
4276,-1.3280658721923828,-7.451906681060791,0,HP1525301T2D_E12,activated_stellate,activated_stellate,smartseq2,1.900618314743042
4277,-8.088750839233398,1.2515132427215576,4,HP1526901T2D_L5,beta,beta,smartseq2,1.3533000946044922
4278,5.374120712280273,12.539755821228027,12,HP1525301T2D_O18,alpha,alpha,smartseq2,0.3852205276489258
4279,-7.879945278167725,1.1592907905578613,4,HP1526901T2D_A23,delta,beta,smartseq2,1.330008864402771
4280,8.633563041687012,-4.418219566345215,9,HP1525301T2D_C13,ductal,ductal,smartseq2,1.5983350276947021
4281,-3.977315902709961,17.11760902404785,13,HP1526901T2D_K22,delta,delta,smartseq2,0.5753138065338135
4282,-7.09844446182251,4.323515892028809,4,HP1526901T2D_F17,beta,beta,smartseq2,2.231858015060425
4283,-7.843944549560547,3.989370346069336,4,HP1526901T2D_N3,beta,beta,smartseq2,0.91179358959198
4284,-7.812690258026123,4.058248996734619,4,HP1526901T2D_K23,beta,beta,smartseq2,1.2028502225875854
4285,-5.722264766693115,17.422414779663086,13,HP1525301T2D_O2,delta,delta,smartseq2,1.5092122554779053
4286,7.494251251220703,-0.8874647617340088,9,HP1526901T2D_K4,ductal,ductal,smartseq2,1.3067119121551514
4287,9.438575744628906,-3.4919028282165527,9,HP1525301T2D_I19,ductal,ductal,smartseq2,1.2162296772003174
4288,-7.825987339019775,3.869640350341797,4,HP1526901T2D_P17,beta,beta,smartseq2,0.7138574719429016
4289,-7.26011848449707,4.248471736907959,4,HP1526901T2D_O1,beta,beta,smartseq2,0.9077805876731873
4290,5.292125225067139,12.813344955444336,12,HP1525301T2D_F2,alpha,alpha,smartseq2,0.6077517867088318
4291,8.103233337402344,-2.2087297439575195,9,HP1526901T2D_M20,ductal,ductal,smartseq2,1.221657395362854
4292,-7.962093830108643,3.7609877586364746,4,HP1526901T2D_O17,beta,beta,smartseq2,0.735312283039093
4293,5.999449729919434,12.373475074768066,12,HP1525301T2D_H19,alpha,alpha,smartseq2,0.3924594521522522
4294,4.4599080085754395,13.486344337463379,12,HP1526901T2D_M4,alpha,alpha,smartseq2,0.5250251889228821
4295,7.2533159255981445,-1.008278250694275,9,HP1526901T2D_D22,ductal,ductal,smartseq2,1.221788763999939
4296,6.403526782989502,4.292828559875488,5,HP1525301T2D_I11,macrophage,macrophage,smartseq2,3.993431806564331
4297,7.94005823135376,-1.9659404754638672,9,HP1525301T2D_J15,ductal,ductal,smartseq2,1.3387600183486938
4298,9.457704544067383,-4.5988569259643555,9,HP1526901T2D_J11,ductal,ductal,smartseq2,1.310153603553772
4299,9.70645809173584,-4.048332214355469,9,HP1525301T2D_P21,ductal,ductal,smartseq2,1.1897714138031006
4300,6.687311172485352,13.867583274841309,12,HP1525301T2D_M13,alpha,alpha,smartseq2,0.42620912194252014
4301,4.056776523590088,11.862197875976562,12,HP1526901T2D_A9,alpha,alpha,smartseq2,0.38881242275238037
4302,6.069397449493408,11.91490650177002,12,HP1525301T2D_P24,alpha,alpha,smartseq2,0.6616120934486389
4303,3.51057505607605,10.399179458618164,12,HP1525301T2D_I5,alpha,alpha,smartseq2,0.4049454629421234
4304,6.513316631317139,13.632706642150879,12,HP1525301T2D_L15,alpha,alpha,smartseq2,0.4837982654571533
4305,17.894344329833984,8.393901824951172,7,HP1525301T2D_J23,acinar,acinar,smartseq2,1.406172513961792
4306,7.267908096313477,-0.877890408039093,9,HP1525301T2D_P5,ductal,ductal,smartseq2,1.5374921560287476
4307,6.407528877258301,4.289042949676514,5,HP1526901T2D_G11,macrophage,macrophage,smartseq2,3.993431806564331
4308,7.123840808868408,-1.5723326206207275,9,HP1525301T2D_F21,ductal,ductal,smartseq2,1.714585304260254
4309,7.232166767120361,-0.9130632877349854,9,HP1525301T2D_A19,ductal,ductal,smartseq2,1.351362705230713
4310,6.103771686553955,12.366522789001465,12,HP1526901T2D_P2,alpha,alpha,smartseq2,0.3876889646053314
4311,-5.2374067306518555,7.7935872077941895,11,HP1526901T2D_A12,alpha,Unmatched_11,smartseq2,2.86314058303833
4312,-7.12632942199707,4.329707622528076,4,HP1526901T2D_K20,beta,beta,smartseq2,1.1910704374313354
4313,16.5445499420166,9.083264350891113,7,HP1525301T2D_J16,acinar,acinar,smartseq2,1.5037108659744263
4314,-0.598020076751709,-7.452394485473633,0,HP1525301T2D_F7,activated_stellate,activated_stellate,smartseq2,1.8646676540374756
4315,8.024439811706543,-1.9810062646865845,9,HP1526901T2D_E9,ductal,ductal,smartseq2,1.1871750354766846
4316,8.955301284790039,-3.1285696029663086,9,HP1526901T2D_F24,ductal,ductal,smartseq2,1.2189500331878662
4317,9.347200393676758,-4.720262050628662,9,HP1525301T2D_O7,ductal,ductal,smartseq2,1.5229291915893555
4318,-7.911218643188477,3.7363953590393066,4,HP1526901T2D_A2,beta,beta,smartseq2,0.818248987197876
4319,9.414170265197754,-3.611994504928589,9,HP1525301T2D_A12,ductal,ductal,smartseq2,1.2045480012893677
4320,5.386051654815674,12.705036163330078,12,HP1526901T2D_L11,alpha,alpha,smartseq2,0.4544886350631714
4321,5.269655704498291,12.962821006774902,12,HP1526901T2D_B12,alpha,alpha,smartseq2,0.39727267622947693
4322,-7.885229587554932,3.9552929401397705,4,HP1526901T2D_H22,beta,beta,smartseq2,0.7317860722541809
4323,8.997212409973145,-5.052852153778076,9,HP1526901T2D_J3,ductal,ductal,smartseq2,1.901405692100525
4324,-0.9962130188941956,-7.43553352355957,0,HP1525301T2D_B6,activated_stellate,activated_stellate,smartseq2,1.7624871730804443
4325,-0.41297799348831177,-7.527293682098389,0,HP1525301T2D_E5,activated_stellate,activated_stellate,smartseq2,2.2997450828552246
4326,9.306218147277832,-3.4391896724700928,9,HP1525301T2D_K11,ductal,ductal,smartseq2,1.503543496131897
4327,3.8472578525543213,10.548194885253906,12,HP1526901T2D_A17,alpha,alpha,smartseq2,0.38938120007514954
4328,16.448474884033203,8.975492477416992,7,HP1526901T2D_N7,acinar,acinar,smartseq2,1.4256845712661743
4329,7.033879280090332,14.907797813415527,12,HP1526901T2D_P12,alpha,alpha,smartseq2,0.45130303502082825
4330,-1.1869384050369263,-6.717409133911133,0,HP1525301T2D_L8,activated_stellate,activated_stellate,smartseq2,2.4371345043182373
4331,9.556541442871094,16.917665481567383,12,HP1526901T2D_J2,alpha,alpha,smartseq2,0.6844258904457092
4332,9.774557113647461,-4.337162494659424,9,HP1525301T2D_O23,ductal,ductal,smartseq2,1.3110806941986084
4333,6.7270684242248535,13.958601951599121,12,HP1526901T2D_D18,alpha,alpha,smartseq2,0.3936479687690735
4334,4.20908784866333,12.130261421203613,12,HP1526901T2D_B17,alpha,alpha,smartseq2,0.3957447111606598
4335,-4.7759246826171875,17.729537963867188,13,HP1526901T2D_G2,delta,delta,smartseq2,0.6365069150924683
4336,5.309677600860596,13.547459602355957,12,HP1525301T2D_A9,alpha,alpha,smartseq2,0.47520098090171814
4337,7.29964017868042,-1.0258996486663818,9,HP1526901T2D_A11,ductal,ductal,smartseq2,1.192470669746399
4338,-7.90836763381958,3.925281286239624,4,HP1526901T2D_I20,beta,beta,smartseq2,0.7293353080749512
4339,4.601231575012207,12.026822090148926,12,HP1526901T2D_F1,alpha,alpha,smartseq2,0.48423463106155396
4340,17.0064754486084,9.74616813659668,7,HP1525301T2D_F5,acinar,acinar,smartseq2,1.5042604207992554
4341,8.070796012878418,-2.007307291030884,9,HP1525301T2D_A15,ductal,ductal,smartseq2,1.1356866359710693
4342,7.871812343597412,-1.593856692314148,9,HP1526901T2D_F16,ductal,ductal,smartseq2,1.2129690647125244
4343,6.525016784667969,13.565746307373047,12,HP1526901T2D_B20,alpha,alpha,smartseq2,0.41175130009651184
4344,7.845010757446289,-2.988194704055786,9,HP1525301T2D_L2,ductal,ductal,smartseq2,1.116750955581665
4345,3.723003387451172,11.474625587463379,12,HP1526901T2D_H12,alpha,alpha,smartseq2,0.3845422863960266
4346,9.735029220581055,-4.184725761413574,9,HP1525301T2D_B10,ductal,ductal,smartseq2,1.2416741847991943
4347,3.559694290161133,11.33293342590332,12,HP1526901T2D_G13,alpha,alpha,smartseq2,0.4053744673728943
4348,-4.71608829498291,16.623327255249023,13,HP1526901T2D_N18,gamma,delta,smartseq2,0.5042617321014404
4349,16.335451126098633,8.012336730957031,7,HP1525301T2D_E2,acinar,acinar,smartseq2,1.14541757106781
4350,-0.7084567546844482,-7.5457539558410645,0,HP1525301T2D_E24,activated_stellate,activated_stellate,smartseq2,2.237968921661377
4351,3.4965693950653076,12.447698593139648,12,HP1525301T2D_P17,alpha,alpha,smartseq2,0.5088339447975159
4352,-5.098479747772217,17.59864616394043,13,HP1526901T2D_O9,delta,delta,smartseq2,0.6683897972106934
4353,5.461138725280762,13.560012817382812,12,HP1526901T2D_N6,alpha,alpha,smartseq2,0.47903743386268616
4354,-5.263151168823242,7.8198981285095215,11,HP1525301T2D_B15,alpha,Unmatched_11,smartseq2,2.3349804878234863
4355,6.644047260284424,13.71094036102295,12,HP1525301T2D_L22,alpha,alpha,smartseq2,0.44148868322372437
4356,4.021915912628174,12.000543594360352,12,HP1526901T2D_I21,alpha,alpha,smartseq2,0.3845422863960266
4357,-4.445056915283203,16.56074333190918,13,HP1526901T2D_H16,gamma,delta,smartseq2,0.4691878855228424
4358,3.1758759021759033,10.546915054321289,12,HP1525301T2D_I2,alpha,alpha,smartseq2,0.3953799903392792
4359,4.13311767578125,13.036720275878906,12,HP1525301T2D_H12,alpha,alpha,smartseq2,0.4642942249774933
4360,9.190691947937012,-3.3512561321258545,9,HP1525301T2D_K18,ductal,ductal,smartseq2,1.2586522102355957
4361,-3.8780577182769775,17.954458236694336,13,HP1526901T2D_K21,gamma,delta,smartseq2,0.7935136556625366
4362,3.5706441402435303,10.862868309020996,12,HP1525301T2D_L24,alpha,alpha,smartseq2,0.4060421288013458
4363,9.488377571105957,-3.4781837463378906,9,HP1525301T2D_C17,ductal,ductal,smartseq2,1.32972252368927
4364,8.422181129455566,-3.550985097885132,9,HP1525301T2D_D3,ductal,ductal,smartseq2,1.1855003833770752
4365,7.990091800689697,-2.1249706745147705,9,HP1525301T2D_D22,ductal,ductal,smartseq2,1.2560335397720337
4366,9.139227867126465,-4.7717485427856445,9,HP1525301T2D_F16,ductal,ductal,smartseq2,1.529358148574829
4367,-4.656550407409668,17.158952713012695,13,HP1526901T2D_P23,gamma,delta,smartseq2,0.6157915592193604
4368,-8.147683143615723,2.0412373542785645,4,HP1525301T2D_L14,beta,beta,smartseq2,1.4559627771377563
4369,6.884631156921387,13.896718978881836,12,HP1525301T2D_N8,alpha,alpha,smartseq2,0.7300451397895813
4370,-3.5996434688568115,16.404266357421875,13,HP1526901T2D_N20,gamma,delta,smartseq2,0.4979532063007355
4371,16.59158706665039,9.21843147277832,7,HP1526901T2D_D7,acinar,acinar,smartseq2,1.28132164478302
4372,5.639164924621582,11.54035758972168,12,HP1526901T2D_F9,alpha,alpha,smartseq2,0.5117501616477966
4373,-7.349177837371826,4.223758220672607,4,HP1526901T2D_B9,beta,beta,smartseq2,0.8596659302711487
4374,-0.34085726737976074,-7.483847618103027,0,HP1526901T2D_E15,activated_stellate,activated_stellate,smartseq2,2.8589842319488525
4375,-4.768126487731934,17.25645637512207,13,HP1526901T2D_L24,delta,delta,smartseq2,0.5279874801635742
4376,-7.679068088531494,3.835484027862549,4,HP1526901T2D_H4,beta,beta,smartseq2,0.770033597946167
4377,7.172639846801758,12.554272651672363,12,HP1526901T2D_H17,alpha,alpha,smartseq2,0.6214971542358398
4378,9.646173477172852,-4.07631778717041,9,HP1525301T2D_N11,ductal,ductal,smartseq2,1.2094980478286743
4379,-3.1941065788269043,17.175373077392578,13,HP1526901T2D_I24,gamma,delta,smartseq2,0.7090949416160583
4380,8.89697265625,-3.0939700603485107,9,HP1526901T2D_A24,ductal,ductal,smartseq2,1.2690657377243042
4381,-5.076140403747559,16.82324981689453,13,HP1525301T2D_G23,gamma,delta,smartseq2,0.480444073677063
4382,7.318803310394287,-1.5668988227844238,9,HP1526901T2D_E22,ductal,ductal,smartseq2,1.2700968980789185
4383,-7.992132663726807,1.7031826972961426,4,HP1526901T2D_A22,delta,beta,smartseq2,1.9362421035766602
4384,16.30537986755371,8.31418514251709,7,HP1525301T2D_C14,acinar,acinar,smartseq2,1.3013497591018677
4385,7.4644904136657715,-1.7179841995239258,9,HP1526901T2D_C14,ductal,ductal,smartseq2,1.5708317756652832
4386,9.678832054138184,-4.127128601074219,9,HP1525301T2D_K6,ductal,ductal,smartseq2,1.1956833600997925
4387,6.915106296539307,-1.8930845260620117,9,HP1525301T2D_L4,ductal,ductal,smartseq2,1.2170082330703735
4388,-7.886455059051514,1.4007928371429443,4,HP1526901T2D_M24,beta,beta,smartseq2,0.7207050323486328
4389,7.561350345611572,-0.7757015824317932,9,HP1525301T2D_G9,ductal,ductal,smartseq2,1.285306692123413
4390,6.052221775054932,14.974021911621094,12,HP1526901T2D_O23,alpha,alpha,smartseq2,0.6080684065818787
4391,-8.199287414550781,1.9066294431686401,4,HP1526901T2D_L3,beta,beta,smartseq2,0.6369372010231018
4392,5.876291275024414,12.577641487121582,12,HP1525301T2D_M8,alpha,alpha,smartseq2,0.4627700448036194
4393,-3.505159854888916,16.710294723510742,13,HP1525301T2D_J18,gamma,delta,smartseq2,0.6605338454246521
4394,-3.119565010070801,16.780038833618164,13,HP1526901T2D_A15,gamma,delta,smartseq2,0.5258891582489014
4395,7.311206817626953,-1.54325532913208,9,HP1525301T2D_L20,ductal,ductal,smartseq2,1.2733845710754395
4396,6.765710353851318,13.93515682220459,12,HP1525301T2D_F4,alpha,alpha,smartseq2,0.40636125206947327
4397,7.359588146209717,-0.8628126978874207,9,HP1526901T2D_E1,ductal,ductal,smartseq2,1.2816592454910278
4398,-7.547091960906982,3.688856363296509,4,HP1526901T2D_P7,beta,beta,smartseq2,1.0386040210723877
4399,16.483272552490234,9.022481918334961,7,HP1526901T2D_K17,acinar,acinar,smartseq2,1.146770715713501
4400,9.38870620727539,-4.64406681060791,9,HP1526901T2D_F22,ductal,ductal,smartseq2,1.3920576572418213
4401,-3.7580087184906006,17.59580421447754,13,HP1526901T2D_D10,gamma,delta,smartseq2,0.682070791721344
4402,-5.073126792907715,17.515901565551758,13,HP1526901T2D_J20,delta,delta,smartseq2,0.8226781487464905
4403,9.054104804992676,-5.029757022857666,9,HP1525301T2D_E20,ductal,ductal,smartseq2,1.8238974809646606
4404,9.393074989318848,-3.4761178493499756,9,HP1525301T2D_I22,ductal,ductal,smartseq2,1.3502978086471558
4405,3.6034281253814697,9.708209991455078,12,HP1525301T2D_J4,alpha,alpha,smartseq2,0.4756421744823456
4406,-0.6089975237846375,-7.393470287322998,0,HP1525301T2D_K10,activated_stellate,activated_stellate,smartseq2,2.0466740131378174
4407,7.103076934814453,-1.5528262853622437,9,HP1525301T2D_F8,ductal,ductal,smartseq2,1.9721683263778687
4408,9.789216041564941,-4.2082438468933105,9,HP1525301T2D_A13,ductal,ductal,smartseq2,1.2190032005310059
4409,3.1570472717285156,10.820140838623047,12,HP1525301T2D_G4,alpha,alpha,smartseq2,0.3977164924144745
4410,5.747148036956787,13.218178749084473,12,HP1525301T2D_J13,alpha,alpha,smartseq2,0.4253450334072113
4411,5.109519004821777,11.254952430725098,12,HP1525301T2D_G19,alpha,alpha,smartseq2,0.39317455887794495
4412,3.4034695625305176,12.598052024841309,12,HP1526901T2D_L17,alpha,alpha,smartseq2,0.5473746061325073
4413,7.352664947509766,-0.8099352121353149,9,HP1525301T2D_A1,ductal,ductal,smartseq2,1.4064832925796509
4414,-0.6029844284057617,-7.516019821166992,0,HP1526901T2D_O2,activated_stellate,activated_stellate,smartseq2,1.881055474281311
4415,-7.347865581512451,4.245781898498535,4,HP1526901T2D_O13,beta,beta,smartseq2,1.056128740310669
4416,5.327147960662842,12.653040885925293,12,HP1526901T2D_A7,alpha,alpha,smartseq2,0.40561774373054504
4417,3.687755584716797,12.654031753540039,12,HP1525301T2D_N13,alpha,alpha,smartseq2,0.4425472021102905
4418,9.555885314941406,-3.8544602394104004,9,HP1526901T2D_D3,ductal,ductal,smartseq2,1.1651127338409424
4419,7.240253925323486,14.633893966674805,12,HP1526901T2D_K18,alpha,alpha,smartseq2,0.44365617632865906
4420,17.001354217529297,9.738179206848145,7,HP1525301T2D_D6,acinar,acinar,smartseq2,1.881078839302063
4421,16.5263614654541,9.13056468963623,7,HP1525301T2D_O3,acinar,acinar,smartseq2,1.325675368309021
4422,7.101789951324463,-1.1188910007476807,9,HP1525301T2D_N14,ductal,ductal,smartseq2,1.339348554611206
4423,-4.9184088706970215,16.757272720336914,13,HP1526901T2D_J1,delta,delta,smartseq2,0.5361889004707336
4424,5.283623695373535,11.807211875915527,12,HP1525301T2D_J8,alpha,alpha,smartseq2,0.4277809262275696
4425,7.051229953765869,-1.2790040969848633,9,HP1525301T2D_J9,ductal,ductal,smartseq2,1.2700986862182617
4426,9.710041999816895,-4.280318260192871,9,HP1525301T2D_P2,ductal,ductal,smartseq2,1.3363738059997559
4427,9.50324535369873,-4.4587860107421875,9,HP1525301T2D_K12,ductal,ductal,smartseq2,1.4299880266189575
4428,7.242153167724609,-0.9056199789047241,9,HP1526901T2D_H9,ductal,ductal,smartseq2,1.2144056558609009
4429,-7.521340847015381,4.060906887054443,4,HP1526901T2D_N23,beta,beta,smartseq2,0.725005030632019
4430,-7.291172504425049,4.272320747375488,4,HP1526901T2D_B1,beta,beta,smartseq2,0.9652411937713623
4431,4.983558177947998,12.4039306640625,12,HP1526901T2D_K10,alpha,alpha,smartseq2,0.3845422863960266
4432,8.597190856933594,-4.9364776611328125,9,HP1526901T2D_M14,ductal,ductal,smartseq2,1.8325778245925903
4433,-8.51672649383545,3.5028319358825684,4,HP1526901T2D_N1,beta,beta,smartseq2,0.7065125703811646
4434,4.590965747833252,12.656872749328613,12,HP1526901T2D_I7,alpha,alpha,smartseq2,0.39760926365852356
4435,-8.437566757202148,2.287187099456787,4,HP1526901T2D_A19,beta,beta,smartseq2,0.5754348635673523
4436,-7.3506622314453125,4.296993255615234,4,HP1525301T2D_N18,beta,beta,smartseq2,1.2587758302688599
4437,9.526366233825684,-3.9762423038482666,9,HP1525301T2D_O17,ductal,ductal,smartseq2,1.1798923015594482
4438,-4.778594493865967,16.735124588012695,13,HP1526901T2D_C15,delta,delta,smartseq2,0.6330333948135376
4439,9.574396133422852,-4.623950481414795,9,HP1526901T2D_B23,ductal,ductal,smartseq2,1.4801900386810303
4440,-4.356815814971924,17.83147621154785,13,HP1526901T2D_I19,delta,delta,smartseq2,0.6196666359901428
4441,4.895553112030029,13.7278470993042,12,HP1526901T2D_J19,alpha,alpha,smartseq2,0.5663585662841797
4442,16.915109634399414,9.298935890197754,7,HP1525301T2D_G17,acinar,acinar,smartseq2,1.6801267862319946
4443,5.251760482788086,12.350793838500977,12,HP1525301T2D_C5,alpha,alpha,smartseq2,0.38537001609802246
4444,9.3944730758667,-3.4345099925994873,9,HP1526901T2D_C22,ductal,ductal,smartseq2,1.5584241151809692
4445,9.337050437927246,-4.285764217376709,9,HP1525301T2D_L3,ductal,ductal,smartseq2,1.4549167156219482
4446,9.764742851257324,-4.29699182510376,9,HP1526901T2D_D2,ductal,ductal,smartseq2,1.444285273551941
4447,-3.4241392612457275,16.88871192932129,13,HP1526901T2D_O3,gamma,delta,smartseq2,0.5499138236045837
4448,6.9810051918029785,3.8612067699432373,6,HP1526901T2D_P8,mast,mast,smartseq2,3.993431806564331
4449,9.085981369018555,-4.82711124420166,9,HP1525301T2D_D5,ductal,ductal,smartseq2,1.489575743675232
4450,16.7157039642334,9.440402030944824,7,HP1526901T2D_L15,acinar,acinar,smartseq2,1.5140372514724731
4451,16.722431182861328,8.737177848815918,7,HP1525301T2D_C23,acinar,acinar,smartseq2,1.2114808559417725
4452,4.32942008972168,10.654340744018555,12,HP1526901T2D_G16,alpha,alpha,smartseq2,0.3845422863960266
4453,4.504053592681885,13.386293411254883,12,HP1526901T2D_D8,alpha,alpha,smartseq2,0.4777987003326416
4454,3.9304862022399902,10.849874496459961,12,HP1526901T2D_I14,alpha,alpha,smartseq2,0.386688232421875
4455,7.066674709320068,-1.3077739477157593,9,HP1525301T2D_I15,ductal,ductal,smartseq2,1.1623739004135132
4456,-3.1135947704315186,16.537940979003906,13,HP1526901T2D_E4,gamma,delta,smartseq2,0.5712215304374695
4457,5.331908226013184,12.609469413757324,12,HP1525301T2D_E13,alpha,alpha,smartseq2,0.3848568797111511
4458,4.570876121520996,12.207388877868652,12,HP1526901T2D_M1,alpha,alpha,smartseq2,0.3845422863960266
4459,-7.44163703918457,3.9368720054626465,4,HP1525301T2D_D23,beta,beta,smartseq2,0.938565731048584
4460,-3.583756446838379,16.546308517456055,13,HP1525301T2D_B8,gamma,delta,smartseq2,0.5761354565620422
4461,16.218029022216797,7.9486403465271,7,HP1526901T2D_A6,acinar,acinar,smartseq2,1.2671467065811157
4462,-8.071759223937988,1.9055840969085693,4,HP1525301T2D_H10,beta,beta,smartseq2,1.871109127998352
4463,5.751559257507324,13.656999588012695,12,HP1526901T2D_J4,alpha,alpha,smartseq2,0.47861334681510925
4464,9.135921478271484,-3.8058576583862305,9,HP1525301T2D_E15,ductal,ductal,smartseq2,1.3281272649765015
4465,4.063015460968018,12.284780502319336,12,HP1525301T2D_L9,alpha,alpha,smartseq2,0.3956111669540405
4466,4.092851161956787,12.625130653381348,12,HP1526901T2D_G10,alpha,alpha,smartseq2,0.5325309634208679
4467,3.80031418800354,12.764288902282715,12,HP1525301T2D_A11,alpha,alpha,smartseq2,0.41601401567459106
4468,4.549489974975586,12.030111312866211,12,HP1526901T2D_K2,alpha,alpha,smartseq2,0.40133729577064514
4469,-4.606218338012695,17.789594650268555,13,HP1526901T2D_B7,delta,delta,smartseq2,0.6657145619392395
4470,-7.852749824523926,3.9899048805236816,4,HP1526901T2D_I13,beta,beta,smartseq2,0.9425709843635559
4471,-4.9111738204956055,18.016067504882812,13,HP1526901T2D_O7,delta,delta,smartseq2,0.670222282409668
4472,-7.987567901611328,3.7724356651306152,4,HP1526901T2D_I3,beta,beta,smartseq2,0.7234217524528503
4473,-8.330455780029297,3.487736940383911,4,HP1526901T2D_M2,beta,beta,smartseq2,0.7507659792900085
4474,6.497738361358643,12.729012489318848,12,HP1526901T2D_N10,alpha,alpha,smartseq2,0.4044298827648163
4475,7.485658168792725,-1.0497486591339111,9,HP1526901T2D_K1,ductal,ductal,smartseq2,1.2880890369415283
4476,5.308802127838135,12.562509536743164,12,HP1526901T2D_I8,alpha,alpha,smartseq2,0.3845422863960266
4477,7.682372093200684,-1.8934234380722046,9,HP1526901T2D_C23,ductal,ductal,smartseq2,1.3075597286224365
4478,-8.175339698791504,2.0445621013641357,4,HP1526901T2D_H14,beta,beta,smartseq2,1.084119200706482
4479,8.277247428894043,14.091712951660156,12,HP1525301T2D_P11,alpha,alpha,smartseq2,0.8535310626029968
4480,4.700980186462402,12.97027587890625,12,HP1526901T2D_L13,alpha,alpha,smartseq2,0.43627801537513733
4481,9.423914909362793,-3.8729536533355713,9,HP1525301T2D_H11,ductal,ductal,smartseq2,1.1380925178527832
4482,6.739858627319336,12.268699645996094,12,HP1525301T2D_P18,alpha,alpha,smartseq2,0.44286084175109863
4483,6.872923851013184,3.946777820587158,14,HP1526901T2D_E17,mast,epsilon,smartseq2,3.993431806564331
4484,-4.674569129943848,17.895112991333008,13,HP1526901T2D_E21,delta,delta,smartseq2,1.3783526420593262
4485,9.495418548583984,-3.4830660820007324,9,HP1525301T2D_L6,ductal,ductal,smartseq2,1.6329087018966675
4486,7.46220064163208,-1.7039964199066162,9,HP1525301T2D_F12,ductal,ductal,smartseq2,1.343017339706421
4487,7.864975452423096,-1.7636473178863525,9,HP1525301T2D_P19,ductal,ductal,smartseq2,1.3198661804199219
4488,9.4889554977417,-3.472527265548706,9,HP1526901T2D_C20,ductal,ductal,smartseq2,1.204361081123352
4489,9.554079055786133,-3.559225559234619,9,HP1525301T2D_A14,ductal,ductal,smartseq2,1.3200798034667969
4490,9.266172409057617,-3.6324381828308105,9,HP1525301T2D_C9,ductal,ductal,smartseq2,1.1656798124313354
4491,9.872269630432129,16.64521598815918,12,HP1525301T2D_O6,alpha,alpha,smartseq2,0.7288021445274353
4492,-0.3917379677295685,-7.475805759429932,0,HP1525301T2D_M2,activated_stellate,activated_stellate,smartseq2,1.9499115943908691
4493,16.76144027709961,9.356250762939453,7,HP1525301T2D_L5,acinar,acinar,smartseq2,1.525559663772583
4494,-7.553802490234375,4.074558258056641,4,HP1526901T2D_E2,beta,beta,smartseq2,0.8341686725616455
4495,-8.19873046875,2.415862560272217,4,HP1526901T2D_I5,beta,beta,smartseq2,0.9252567887306213
4496,5.765415668487549,13.226982116699219,12,HP1525301T2D_C8,alpha,alpha,smartseq2,0.41484224796295166
4497,4.18349552154541,12.354402542114258,12,HP1526901T2D_B11,alpha,alpha,smartseq2,0.432924747467041
4498,-4.014525890350342,16.37262535095215,13,HP1525301T2D_A16,gamma,delta,smartseq2,0.6392967104911804
4499,-7.186289310455322,4.342210292816162,4,HP1526901T2D_P11,beta,beta,smartseq2,0.9836729764938354
4500,17.465320587158203,9.972087860107422,7,HP1525301T2D_C7,acinar,acinar,smartseq2,2.0098092555999756
4501,4.119926452636719,11.95436954498291,12,HP1526901T2D_O6,alpha,alpha,smartseq2,0.3845422863960266
4502,9.731252670288086,-4.275498390197754,9,HP1525301T2D_J20,ductal,ductal,smartseq2,1.2299549579620361
4503,-3.6598212718963623,16.097986221313477,13,HP1526901T2D_M13,epsilon,delta,smartseq2,0.5737698674201965
4504,-5.014662742614746,17.55607032775879,13,HP1526901T2D_E3,delta,delta,smartseq2,0.7377110719680786
4505,4.81060266494751,11.387190818786621,12,HP1526901T2D_G18,alpha,alpha,smartseq2,0.3948301672935486
4506,7.0794291496276855,-1.3613048791885376,9,HP1525301T2D_N16,ductal,ductal,smartseq2,1.200960636138916
4507,9.455839157104492,-3.472130298614502,9,HP1525301T2D_C15,ductal,ductal,smartseq2,1.587807297706604
4508,3.4135191440582275,11.956896781921387,12,HP1525301T2D_B13,alpha,alpha,smartseq2,0.5041610598564148
4509,16.9948673248291,9.736170768737793,7,HP1525301T2D_M5,acinar,acinar,smartseq2,1.642570972442627
4510,-3.7477922439575195,17.598222732543945,13,HP1526901T2D_F12,gamma,delta,smartseq2,0.7272891998291016
4511,9.652079582214355,-3.983898401260376,9,HP1525301T2D_D14,ductal,ductal,smartseq2,1.1727215051651
4512,3.7457103729248047,12.780572891235352,12,HP1526901T2D_J13,alpha,alpha,smartseq2,0.4317224323749542
4513,16.662078857421875,9.35351276397705,7,HP1526901T2D_I12,acinar,acinar,smartseq2,1.3982125520706177
4514,-7.815184116363525,4.0346150398254395,4,HP1526901T2D_P10,beta,beta,smartseq2,0.9482913613319397
4515,15.331941604614258,-11.006314277648926,2,HP1525301T2D_P15,endothelial,endothelial,smartseq2,3.7208759784698486
4516,9.495118141174316,-4.609302520751953,9,HP1525301T2D_N20,ductal,ductal,smartseq2,1.3434196710586548
4517,8.0704927444458,-3.295750379562378,9,HP1525301T2D_P20,ductal,ductal,smartseq2,1.3112765550613403
4518,5.835453033447266,13.164838790893555,12,HP1526901T2D_C16,alpha,alpha,smartseq2,0.40324488282203674
4519,7.562918663024902,-1.791717290878296,9,HP1525301T2D_L16,ductal,ductal,smartseq2,1.227618932723999
4520,5.065298557281494,12.171591758728027,12,HP1526901T2D_J14,alpha,alpha,smartseq2,0.3979516625404358
4521,7.794339179992676,-1.5110527276992798,9,HP1525301T2D_G5,ductal,ductal,smartseq2,1.2480589151382446
4522,9.372638702392578,-3.470517873764038,9,HP1525301T2D_P4,ductal,ductal,smartseq2,1.3616573810577393
4523,17.362159729003906,7.656239986419678,7,HP1526901T2D_N5,acinar,acinar,smartseq2,1.4062721729278564
4524,9.49258804321289,-3.5420756340026855,9,HP1525301T2D_I17,ductal,ductal,smartseq2,1.2476427555084229
4525,3.823946237564087,12.833047866821289,12,HP1526901T2D_C4,alpha,alpha,smartseq2,0.45349058508872986
4526,3.2099783420562744,11.585551261901855,12,HP1526901T2D_H6,alpha,alpha,smartseq2,0.43125855922698975
4527,7.947638511657715,-1.6848326921463013,9,HP1526901T2D_N21,ductal,ductal,smartseq2,1.1869478225708008
4528,7.123590469360352,-1.120924711227417,9,HP1525301T2D_M6,ductal,ductal,smartseq2,1.4125022888183594
4529,-7.499028205871582,3.739309310913086,4,HP1525301T2D_L17,beta,beta,smartseq2,0.9577436447143555
4530,-7.897204875946045,3.8362326622009277,4,HP1526901T2D_C17,beta,beta,smartseq2,0.7158476710319519
4531,6.54348611831665,14.119372367858887,12,HP1525301T2D_P9,alpha,alpha,smartseq2,0.4046078622341156
4532,3.6200242042541504,12.510520935058594,12,HP1526901T2D_F19,alpha,alpha,smartseq2,0.44171619415283203
4533,9.0977783203125,-4.190855503082275,9,HP1525301T2D_O8,ductal,ductal,smartseq2,1.575394868850708
4534,17.549570083618164,9.911327362060547,7,HP1525301T2D_N10,acinar,acinar,smartseq2,1.8513444662094116
4535,7.261620998382568,-0.9010971188545227,9,HP1526901T2D_K19,ductal,ductal,smartseq2,1.2618153095245361
4536,-0.3285767436027527,-7.457303524017334,0,HP1525301T2D_J17,activated_stellate,activated_stellate,smartseq2,2.2784152030944824
4537,4.7086992263793945,11.67587661743164,12,HP1526901T2D_D9,alpha,alpha,smartseq2,0.3995314836502075
4538,-4.912658214569092,16.72480583190918,13,HP1525301T2D_D12,gamma,delta,smartseq2,0.645766019821167
4539,9.440309524536133,-4.646477699279785,9,HP1526901T2D_F8,ductal,ductal,smartseq2,1.367081880569458
4540,4.828090667724609,11.496560096740723,12,HP1526901T2D_P19,alpha,alpha,smartseq2,0.3845422863960266
4541,7.819934844970703,-2.0613303184509277,9,HP1525301T2D_N1,ductal,ductal,smartseq2,1.379718542098999
4542,8.13292121887207,-2.015169143676758,9,HP1525301T2D_B21,ductal,ductal,smartseq2,1.1696910858154297
4543,7.6164984703063965,-1.6073468923568726,9,HP1525301T2D_H16,ductal,ductal,smartseq2,1.2778503894805908
4544,8.910517692565918,-3.9199941158294678,9,HP1526901T2D_E14,ductal,ductal,smartseq2,1.7618794441223145
4545,-8.236471176147461,3.551100969314575,4,HP1526901T2D_C11,beta,beta,smartseq2,0.8659964203834534
4546,8.202414512634277,-0.9413437247276306,9,HP1526901T2D_H21,ductal,ductal,smartseq2,1.0144842863082886
4547,7.043328762054443,-1.2461872100830078,9,HP1525301T2D_M15,ductal,ductal,smartseq2,1.156484842300415
4548,3.429462432861328,10.597757339477539,12,HP1525301T2D_A5,alpha,alpha,smartseq2,0.3926236927509308
4549,4.591536998748779,11.642221450805664,12,HP1526901T2D_L23,alpha,alpha,smartseq2,0.3845422863960266
4550,4.375011444091797,9.69044303894043,12,HP1525301T2D_M10,alpha,alpha,smartseq2,0.4768598675727844
4551,4.54166316986084,13.760005950927734,12,HP1526901T2D_N2,alpha,alpha,smartseq2,0.5964236855506897
4552,7.162527084350586,-1.0313969850540161,9,HP1525301T2D_C19,ductal,ductal,smartseq2,1.180460810661316
4553,-3.599015951156616,17.231443405151367,13,HP1526901T2D_O10,gamma,delta,smartseq2,0.539335310459137
4554,4.068253040313721,12.08592414855957,12,HP1526901T2D_H19,alpha,alpha,smartseq2,0.3846474289894104
4555,4.790854454040527,12.963621139526367,12,HP1526901T2D_C6,alpha,alpha,smartseq2,0.42738035321235657
4556,-0.3066900074481964,-7.498667240142822,0,HP1526901T2D_I9,activated_stellate,activated_stellate,smartseq2,2.456047773361206
4557,-4.954411029815674,16.608137130737305,13,HP1526901T2D_E19,delta,delta,smartseq2,0.5797632336616516
4558,4.739804267883301,11.965036392211914,12,HP1526901T2D_L21,alpha,alpha,smartseq2,0.3845422863960266
4559,17.005456924438477,9.742279052734375,7,HP1525301T2D_K8,acinar,acinar,smartseq2,1.7543054819107056
4560,-3.6740264892578125,17.4842529296875,13,HP1526901T2D_I11,delta,delta,smartseq2,0.9721097946166992
4561,-2.9392905235290527,17.281797409057617,13,HP1526901T2D_E10,gamma,delta,smartseq2,1.1342321634292603
4562,16.47679901123047,7.094902515411377,7,HP1525301T2D_H8,alpha,acinar,smartseq2,1.805092453956604
4563,-3.2515223026275635,17.437360763549805,13,HP1526901T2D_L12,gamma,delta,smartseq2,0.7909905910491943
4564,7.3640899658203125,12.827754020690918,12,HP1525301T2D_B7,alpha,alpha,smartseq2,0.4514019191265106
4565,7.087003707885742,-1.1846555471420288,9,HP1525301T2D_K2,ductal,ductal,smartseq2,1.2172738313674927
4566,-7.663594722747803,4.047586917877197,4,HP1526901T2D_H10,beta,beta,smartseq2,0.892517626285553
4567,9.778830528259277,-4.268397331237793,9,HP1525301T2D_M9,ductal,ductal,smartseq2,1.3103629350662231
4568,4.496452808380127,13.366556167602539,12,HP1526901T2D_D1,alpha,alpha,smartseq2,0.47951117157936096
4569,14.681397438049316,6.112559795379639,7,HP1525301T2D_K7,acinar,acinar,smartseq2,1.1912537813186646
4570,-1.6631122827529907,-6.44879674911499,0,HP1525301T2D_D21,activated_stellate,activated_stellate,smartseq2,2.8589842319488525
4571,5.5514397621154785,12.919881820678711,12,HP1526901T2D_P1,alpha,alpha,smartseq2,0.41130632162094116
4572,7.912029266357422,13.226473808288574,12,HP1526901T2D_E6,alpha,alpha,smartseq2,0.4290883541107178
4573,16.52739906311035,9.009320259094238,7,HP1525301T2D_K5,acinar,acinar,smartseq2,1.1476120948791504
4574,-3.1603024005889893,16.843690872192383,13,HP1526901T2D_M22,gamma,delta,smartseq2,0.5372639298439026
4575,9.075594902038574,-3.639220714569092,9,HP1525301T2D_N15,ductal,ductal,smartseq2,1.5671360492706299
4576,7.160353660583496,-1.069461464881897,9,HP1525301T2D_B14,ductal,ductal,smartseq2,1.2517709732055664
4577,5.492147445678711,11.889277458190918,12,HP1525301T2D_B18,alpha,alpha,smartseq2,0.4798637330532074
4578,7.137000560760498,-1.0940781831741333,9,HP1526901T2D_J12,ductal,ductal,smartseq2,1.1644504070281982
4579,7.923659324645996,-1.6209704875946045,9,HP1525301T2D_D4,ductal,ductal,smartseq2,1.1782042980194092
4580,5.600577354431152,13.991255760192871,12,HP1526901T2D_M23,alpha,alpha,smartseq2,0.4556419849395752
4581,4.284512519836426,9.637940406799316,12,HP1525301T2D_K19,alpha,alpha,smartseq2,0.4266941249370575
4582,5.623308181762695,11.767192840576172,12,HP1525301T2D_G1,alpha,alpha,smartseq2,0.38516631722450256
4583,16.642818450927734,9.3140230178833,7,HP1525301T2D_F3,acinar,acinar,smartseq2,1.5114110708236694
4584,-2.9564743041992188,17.277294158935547,13,HP1526901T2D_F20,gamma,delta,smartseq2,0.9477344155311584
4585,6.226266860961914,14.316717147827148,12,HP1526901T2D_N14,alpha,alpha,smartseq2,0.4403541386127472
4586,9.651571273803711,-3.996783971786499,9,HP1525301T2D_G10,ductal,ductal,smartseq2,1.2388778924942017
4587,-5.527768135070801,17.452211380004883,13,HP1525301T2D_M17,delta,delta,smartseq2,0.6574119925498962
4588,7.888235092163086,-1.5698899030685425,9,HP1525301T2D_H2,ductal,ductal,smartseq2,1.1897635459899902
4589,-5.3784098625183105,17.241413116455078,13,HP1525301T2D_A7,delta,delta,smartseq2,0.6812247633934021
4590,9.395933151245117,-4.673752784729004,9,HP1526901T2D_A21,ductal,ductal,smartseq2,1.383918285369873
4591,7.089731216430664,-1.1768720149993896,9,HP1525301T2D_H1,ductal,ductal,smartseq2,1.1673567295074463
4592,-4.456560134887695,17.826780319213867,13,HP1526901T2D_F23,delta,delta,smartseq2,0.67825847864151
4593,5.273963451385498,12.382237434387207,12,HP1525301T2D_J19,alpha,alpha,smartseq2,0.43090739846229553
4594,-5.082718849182129,16.864185333251953,13,HP1526901T2D_G19,gamma,delta,smartseq2,0.4964313507080078
4595,3.2092390060424805,10.80483627319336,12,HP1525301T2D_G18,alpha,alpha,smartseq2,0.4311528205871582
4596,7.998083591461182,-2.130680561065674,9,HP1526901T2D_G22,ductal,ductal,smartseq2,1.337389588356018
4597,7.276135444641113,-1.5423059463500977,9,HP1525301T2D_H18,ductal,ductal,smartseq2,1.5194463729858398
4598,-4.966557025909424,17.806093215942383,13,HP1526901T2D_C24,delta,delta,smartseq2,0.6831104159355164
4599,-8.288272857666016,3.5108916759490967,4,HP1526901T2D_L6,beta,beta,smartseq2,0.7275403738021851
4600,4.809567928314209,11.706482887268066,12,HP1526901T2D_I4,alpha,alpha,smartseq2,0.3845422863960266
4601,9.462726593017578,-4.611496448516846,9,HP1525301T2D_O16,ductal,ductal,smartseq2,1.38370680809021
4602,3.877403736114502,11.735539436340332,12,HP1525301T2D_E16,alpha,alpha,smartseq2,0.40096545219421387
4603,8.323602676391602,-1.9414219856262207,9,HP1526901T2D_B5,ductal,ductal,smartseq2,1.2719818353652954
4604,7.732676029205322,-1.6265381574630737,9,HP1526901T2D_O4,ductal,ductal,smartseq2,1.2158567905426025
4605,-7.497071743011475,3.703395366668701,4,HP1526901T2D_P18,beta,beta,smartseq2,0.9342619776725769
4606,7.730282783508301,-1.971906304359436,9,HP1525301T2D_I24,ductal,ductal,smartseq2,1.2585523128509521
4607,7.048691272735596,-1.3123623132705688,9,HP1525301T2D_O24,ductal,ductal,smartseq2,1.317996621131897
4608,-3.7860190868377686,17.201839447021484,13,HP1526901T2D_D21,delta,delta,smartseq2,0.5155669450759888
4609,-7.158159255981445,4.3204474449157715,4,HP1526901T2D_C10,beta,beta,smartseq2,1.0596592426300049
4610,4.706226825714111,14.413971900939941,14,HP1526901T2D_D14,gamma,epsilon,smartseq2,1.3100887537002563
4611,-5.27132511138916,16.222000122070312,13,HP1526901T2D_C1,delta,delta,smartseq2,0.6374343037605286
4612,8.018993377685547,-2.095811367034912,9,HP1526901T2D_D12,ductal,ductal,smartseq2,1.2880064249038696
4613,-4.734468460083008,16.18364143371582,13,HP1526901T2D_E5,gamma,delta,smartseq2,0.5537155866622925
4614,9.6103515625,-4.142382621765137,9,HP1525301T2D_M20,ductal,ductal,smartseq2,1.2506053447723389
4615,-7.725898265838623,4.020172595977783,4,HP1526901T2D_G4,beta,beta,smartseq2,0.9697473645210266
4616,-7.0754499435424805,4.305831432342529,4,HP1526901T2D_P4,beta,beta,smartseq2,2.0291266441345215
4617,3.7184643745422363,11.6668062210083,12,HP1526901T2D_B14,alpha,alpha,smartseq2,0.48329100012779236
4618,7.167208671569824,-1.4078713655471802,9,HP1525301T2D_H17,ductal,ductal,smartseq2,1.2415499687194824
4619,9.366186141967773,-3.7856853008270264,9,HP1525301T2D_C21,ductal,ductal,smartseq2,1.1747034788131714
4620,4.350324630737305,12.326961517333984,12,HP1526901T2D_C2,alpha,alpha,smartseq2,0.43475523591041565
4621,7.765687942504883,-1.4978278875350952,9,HP1525301T2D_L13,ductal,ductal,smartseq2,1.226511836051941
4622,8.013477325439453,-2.118464469909668,9,HP1525301T2D_K17,ductal,ductal,smartseq2,1.2636252641677856
4623,5.791583061218262,12.416360855102539,12,HP1526901T2D_K14,alpha,alpha,smartseq2,0.39706137776374817
4624,-3.945882797241211,17.048301696777344,13,HP1526901T2D_G9,gamma,delta,smartseq2,0.5416290760040283
4625,16.60491943359375,9.297350883483887,7,HP1526901T2D_I17,acinar,acinar,smartseq2,1.4450287818908691
4626,3.6522490978240967,12.079400062561035,12,HP1525301T2D_A3,alpha,alpha,smartseq2,0.3966180682182312
4627,-4.152035236358643,15.869232177734375,13,HP1525301T2D_N21,gamma,delta,smartseq2,0.5869062542915344
4628,7.038416385650635,-1.304640293121338,9,HP1525301T2D_D8,ductal,ductal,smartseq2,1.170586109161377
4629,4.3885579109191895,13.526201248168945,12,HP1525301T2D_N19,alpha,alpha,smartseq2,0.5723232626914978
4630,-7.202395915985107,4.306876182556152,4,HP1526901T2D_I22,beta,beta,smartseq2,1.2358732223510742
4631,-7.379770278930664,4.110662937164307,4,HP1526901T2D_O8,beta,beta,smartseq2,0.8313745856285095
4632,-3.237603187561035,17.009492874145508,13,HP1526901T2D_B13,gamma,delta,smartseq2,0.6058511734008789
4633,-3.019860029220581,16.76963233947754,13,HP1526901T2D_H3,gamma,delta,smartseq2,0.5835240483283997
4634,3.54481840133667,12.3834867477417,12,HP1525301T2D_O5,alpha,alpha,smartseq2,0.4802095592021942
4635,16.0352783203125,6.55133056640625,7,HP1526901T2D_M18,acinar,acinar,smartseq2,1.4976977109909058
4636,7.386398792266846,-0.8276592493057251,9,HP1525301T2D_M12,ductal,ductal,smartseq2,1.234532356262207
4637,-4.925040245056152,16.868501663208008,13,HP1526901T2D_J17,gamma,delta,smartseq2,0.6047934889793396
4638,16.52364158630371,9.093488693237305,7,HP1526901T2D_E16,acinar,acinar,smartseq2,1.4637776613235474
4639,9.166604042053223,-3.376616954803467,9,HP1525301T2D_N12,ductal,ductal,smartseq2,1.7775582075119019
4640,7.98768949508667,-0.946530282497406,9,HP1525301T2D_C11,ductal,ductal,smartseq2,1.2897905111312866
4641,3.9920623302459717,12.356904029846191,12,HP1526901T2D_D16,alpha,alpha,smartseq2,0.45546644926071167
4642,4.5578765869140625,13.666513442993164,12,HP1526901T2D_M16,alpha,alpha,smartseq2,0.6028059124946594
4643,3.6914620399475098,12.591145515441895,12,HP1525301T2D_D9,alpha,alpha,smartseq2,0.4119917154312134
4644,-7.592089653015137,3.766735792160034,4,HP1525301T2D_G8,beta,beta,smartseq2,0.7446403503417969
4645,9.086813926696777,-3.355773687362671,9,HP1525301T2D_I8,ductal,ductal,smartseq2,1.5033353567123413
4646,7.095216751098633,-1.1389436721801758,9,HP1525301T2D_O22,ductal,ductal,smartseq2,1.2086750268936157
4647,7.0586724281311035,-1.158933401107788,9,HP1525301T2D_K1,ductal,ductal,smartseq2,1.1685898303985596
4648,7.037296295166016,-1.2535765171051025,9,HP1525301T2D_E17,ductal,ductal,smartseq2,1.2628819942474365
4649,3.117253541946411,10.933967590332031,12,HP1525301T2D_E22,alpha,alpha,smartseq2,0.4730309844017029
4650,3.477020025253296,11.346540451049805,12,HP1525301T2D_K22,alpha,alpha,smartseq2,0.39344722032546997
4651,7.700430870056152,-1.8955990076065063,9,HP1525301T2D_D15,ductal,ductal,smartseq2,1.277493953704834
4652,7.825295448303223,-1.5649702548980713,9,HP1526901T2D_H5,ductal,ductal,smartseq2,1.2004648447036743
4653,3.9360995292663574,11.010278701782227,12,HP1525301T2D_H20,alpha,alpha,smartseq2,0.4097772538661957
4654,3.5653841495513916,12.117429733276367,12,HP1525301T2D_N9,alpha,alpha,smartseq2,0.6396266222000122
4655,7.24141788482666,-0.9073968529701233,9,HP1525301T2D_G21,ductal,ductal,smartseq2,1.382541537284851
4656,-7.518800258636475,4.141894340515137,4,HP1525301T2D_M14,beta,beta,smartseq2,1.041987419128418
4657,-7.653764247894287,4.11549711227417,4,HP1526901T2D_A5,beta,beta,smartseq2,0.7431321144104004
4658,6.705512523651123,13.912508010864258,12,HP1525301T2D_O13,alpha,alpha,smartseq2,0.40066424012184143
4659,-7.108415603637695,4.312598705291748,4,HP1526901T2D_F18,beta,beta,smartseq2,1.6451945304870605
4660,16.58131217956543,9.243635177612305,7,HP1526901T2D_O19,acinar,acinar,smartseq2,1.4965764284133911
4661,-7.1384053230285645,4.299189567565918,4,HP1526901T2D_D17,beta,beta,smartseq2,1.161786437034607
4662,9.526031494140625,-3.5308940410614014,9,HP1525301T2D_E4,ductal,ductal,smartseq2,1.421353816986084
4663,7.064959526062012,-1.433864712715149,9,HP1525301T2D_C22,ductal,ductal,smartseq2,1.4231007099151611
4664,16.550586700439453,9.163728713989258,7,HP1525301T2D_B12,acinar,acinar,smartseq2,1.278625249862671
4665,7.02753210067749,-1.2780958414077759,9,HP1525301T2D_B3,ductal,ductal,smartseq2,1.1107953786849976
4666,4.564114093780518,12.050191879272461,12,HP1526901T2D_K15,alpha,alpha,smartseq2,0.3845422863960266
4667,4.6315388679504395,12.145352363586426,12,HP1525301T2D_J1,alpha,alpha,smartseq2,0.3845422863960266
4668,9.463418960571289,-3.5202126502990723,9,HP1525301T2D_N6,ductal,ductal,smartseq2,1.2227786779403687
4669,-7.5100908279418945,4.124868392944336,4,HP1526901T2D_A14,beta,beta,smartseq2,0.9404599070549011
4670,-8.180403709411621,2.4015233516693115,4,HP1526901T2D_A13,delta,beta,smartseq2,1.1622393131256104
4671,7.632232666015625,-1.849135398864746,9,HP1526901T2D_N11,ductal,ductal,smartseq2,1.2711842060089111
4672,5.952459812164307,13.79273796081543,12,HP1526901T2D_I15,alpha,alpha,smartseq2,0.43875348567962646
4673,-7.219879627227783,4.306510925292969,4,HP1526901T2D_B10,beta,beta,smartseq2,1.2758679389953613
4674,-7.573105812072754,4.1461501121521,4,HP1526901T2D_K7,beta,beta,smartseq2,0.8197125792503357
4675,7.595808506011963,-1.7976611852645874,9,HP1526901T2D_H8,ductal,ductal,smartseq2,1.3615565299987793
4676,7.961500644683838,-0.8654348850250244,9,HP1525301T2D_I16,ductal,ductal,smartseq2,1.2599694728851318
4677,-5.252603054046631,17.864532470703125,13,HP1526901T2D_N19,gamma,delta,smartseq2,0.8388500809669495
4678,9.537484169006348,-3.72688889503479,9,HP1526901T2D_B3,ductal,ductal,smartseq2,1.3271688222885132
4679,4.337276935577393,11.268921852111816,12,HP1526901T2D_G8,alpha,alpha,smartseq2,0.41212189197540283
4680,-5.1713175773620605,16.227590560913086,13,HP1525301T2D_O11,gamma,delta,smartseq2,0.5848985314369202
4681,7.107448101043701,14.078911781311035,12,HP1525301T2D_E8,alpha,alpha,smartseq2,0.47332072257995605
4682,-4.3528032302856445,16.146923065185547,13,HP1526901T2D_M3,gamma,delta,smartseq2,0.446499228477478
4683,-4.965706825256348,17.721879959106445,13,HP1526901T2D_I18,delta,delta,smartseq2,0.763455867767334
4684,7.564188003540039,-1.820539116859436,9,HP1525301T2D_P23,ductal,ductal,smartseq2,1.2651398181915283
4685,6.578728199005127,12.315163612365723,12,HP1525301T2D_N24,alpha,alpha,smartseq2,0.42133283615112305
4686,5.633894920349121,11.973559379577637,12,HP1526901T2D_M7,alpha,alpha,smartseq2,0.3845422863960266
4687,-4.47650671005249,17.716312408447266,13,HP1526901T2D_N16,delta,delta,smartseq2,0.5705632567405701
4688,16.233652114868164,7.983739376068115,7,HP1526901T2D_C8,acinar,acinar,smartseq2,1.1924586296081543
4689,9.405715942382812,-3.4734697341918945,9,HP1525301T2D_O10,ductal,ductal,smartseq2,1.8510249853134155
4690,16.619428634643555,9.372142791748047,7,HP1526901T2D_H2,acinar,acinar,smartseq2,1.4817863702774048
4691,4.544246196746826,12.439566612243652,12,HP1526901T2D_I16,alpha,alpha,smartseq2,0.3845422863960266
4692,-5.058018207550049,16.107107162475586,13,HP1526901T2D_F7,gamma,delta,smartseq2,0.5034795999526978
4693,3.7957208156585693,12.251638412475586,12,HP1525301T2D_K3,alpha,alpha,smartseq2,0.4129699468612671
4694,-4.376537322998047,17.75750160217285,13,HP1525301T2D_J10,delta,delta,smartseq2,0.61809241771698
4695,6.177885055541992,12.574568748474121,12,HP1526901T2D_N8,alpha,alpha,smartseq2,0.43759024143218994
4696,3.722881317138672,12.422658920288086,12,HP1526901T2D_A8,alpha,alpha,smartseq2,0.45112892985343933
4697,8.96333122253418,-5.684396743774414,10,10th_C10_S104,ductal,Unmatched_10,fluidigmc1,2.0897915363311768
4698,-1.3043478727340698,1.7393343448638916,3,10th_C11_S96,beta,schwann,fluidigmc1,1.781837821006775
4699,-0.9615324139595032,2.4795494079589844,3,10th_C13_S61,beta,schwann,fluidigmc1,1.4341422319412231
4700,-1.9824790954589844,2.9085209369659424,3,10th_C14_S53,beta,schwann,fluidigmc1,1.5126293897628784
4701,17.610010147094727,-0.8228722214698792,1,10th_C16_S105,alpha,gamma,fluidigmc1,2.203995704650879
4702,-1.9688681364059448,1.9798579216003418,3,10th_C17_S97,beta,schwann,fluidigmc1,1.5621594190597534
4703,-1.6441893577575684,-6.4652628898620605,0,10th_C19_S62,activated_stellate,activated_stellate,fluidigmc1,2.8589842319488525
4704,-2.053007125854492,3.2600865364074707,3,10th_C1_S59,beta,schwann,fluidigmc1,2.427988052368164
4705,-1.8474845886230469,3.1537346839904785,3,10th_C20_S54,beta,schwann,fluidigmc1,1.4753868579864502
4706,-2.0824618339538574,3.2098004817962646,3,10th_C23_S98,beta,schwann,fluidigmc1,1.8836019039154053
4707,8.942346572875977,-5.660821437835693,10,10th_C24_S90,ductal,Unmatched_10,fluidigmc1,2.0897915363311768
4708,17.66313362121582,-2.1035842895507812,1,10th_C28_S91,alpha,gamma,fluidigmc1,1.0259063243865967
4709,16.92106819152832,-1.0848344564437866,1,10th_C30_S107,alpha,gamma,fluidigmc1,1.2657126188278198
4710,17.64503288269043,-0.8444978594779968,1,10th_C31_S48,alpha,gamma,fluidigmc1,1.3596270084381104
4711,-2.530111312866211,2.8438308238983154,3,10th_C32_S56,beta,schwann,fluidigmc1,2.1597042083740234
4712,-2.3566174507141113,2.5074245929718018,3,10th_C33_S64,beta,schwann,fluidigmc1,1.277824878692627
4713,17.25886344909668,-2.1531105041503906,1,10th_C34_S92,alpha,gamma,fluidigmc1,1.163665771484375
4714,-2.4642012119293213,2.7474443912506104,3,10th_C37_S49,beta,schwann,fluidigmc1,1.5890902280807495
4715,17.493249893188477,-1.5552318096160889,1,10th_C41_S101,alpha,gamma,fluidigmc1,0.9965097904205322
4716,16.475278854370117,7.782841682434082,7,10th_C42_S109,acinar,acinar,fluidigmc1,1.2703627347946167
4717,17.421459197998047,-2.557342767715454,1,10th_C43_S50,alpha,gamma,fluidigmc1,1.137080192565918
4718,17.77691078186035,-1.6822181940078735,1,10th_C45_S66,alpha,gamma,fluidigmc1,1.0108124017715454
4719,14.940150260925293,-10.661980628967285,2,10th_C46_S94,endothelial,endothelial,fluidigmc1,3.76180362701416
4720,9.13866901397705,-5.724406719207764,14,10th_C4_S103,ductal,epsilon,fluidigmc1,2.0897915363311768
4721,17.176250457763672,-2.449320077896118,1,10th_C50_S73,alpha,gamma,fluidigmc1,1.0295413732528687
4722,-2.543778419494629,2.803678035736084,3,10th_C51_S80,beta,schwann,fluidigmc1,2.645204782485962
4723,17.56184959411621,-2.3170382976531982,1,10th_C52_S110,alpha,gamma,fluidigmc1,1.1005586385726929
4724,17.19135093688965,-2.304255723953247,1,10th_C53_S118,alpha,gamma,fluidigmc1,1.7258821725845337
4725,8.991568565368652,-5.659904479980469,10,10th_C54_S124,ductal,Unmatched_10,fluidigmc1,2.066828489303589
4726,-1.6792337894439697,-6.499515533447266,0,10th_C56_S74,activated_stellate,activated_stellate,fluidigmc1,2.8589842319488525
4727,17.679439544677734,-1.9746118783950806,1,10th_C57_S81,alpha,gamma,fluidigmc1,1.0405118465423584
4728,16.858488082885742,0.013761277310550213,1,10th_C58_S111,gamma,gamma,fluidigmc1,2.2511022090911865
4729,17.307897567749023,-2.498884916305542,1,10th_C5_S95,alpha,gamma,fluidigmc1,0.9955740571022034
4730,-1.4544769525527954,2.0681660175323486,3,10th_C61_S68,beta,schwann,fluidigmc1,1.370344638824463
4731,16.439077377319336,8.765585899353027,7,10th_C63_S82,acinar,acinar,fluidigmc1,1.388931393623352
4732,-1.5895270109176636,2.0377893447875977,3,10th_C64_S112,beta,schwann,fluidigmc1,1.3983688354492188
4733,-2.484394073486328,2.70511531829834,3,10th_C66_S126,beta,schwann,fluidigmc1,1.7527018785476685
4734,9.021543502807617,-5.689371109008789,10,10th_C68_S75,ductal,Unmatched_10,fluidigmc1,2.0897915363311768
4735,17.005504608154297,-0.1671820431947708,1,10th_C6_S88,gamma,gamma,fluidigmc1,2.2417471408843994
4736,8.882234573364258,-5.5456647872924805,14,10th_C73_S84,ductal,epsilon,fluidigmc1,2.0897915363311768
4737,17.826915740966797,-1.2756730318069458,1,10th_C74_S76,alpha,gamma,fluidigmc1,1.0882290601730347
4738,16.76401710510254,-0.035924263298511505,1,10th_C76_S128,delta,gamma,fluidigmc1,2.0546224117279053
4739,-1.569779872894287,-7.213526725769043,0,10th_C77_S120,activated_stellate,activated_stellate,fluidigmc1,2.8589842319488525
4740,16.854816436767578,-0.08282574266195297,1,10th_C78_S114,gamma,gamma,fluidigmc1,2.018524408340454
4741,9.178492546081543,-5.755155086517334,9,10th_C7_S60,ductal,ductal,fluidigmc1,2.0897915363311768
4742,7.045169353485107,-1.2484185695648193,9,10th_C80_S77,ductal,ductal,fluidigmc1,1.5763460397720337
4743,-1.7335363626480103,1.9692267179489136,3,10th_C81_S70,beta,schwann,fluidigmc1,1.4837833642959595
4744,-2.0429277420043945,3.2328789234161377,3,10th_C84_S115,beta,schwann,fluidigmc1,1.5252293348312378
4745,-1.1280049085617065,2.8783743381500244,3,10th_C85_S86,beta,schwann,fluidigmc1,1.4385110139846802
4746,16.24449348449707,7.891978740692139,7,10th_C86_S78,acinar,acinar,fluidigmc1,1.6888253688812256
4747,16.39307975769043,8.695995330810547,7,10th_C87_S71,acinar,acinar,fluidigmc1,1.5668772459030151
4748,9.142058372497559,-5.739877700805664,9,10th_C88_S130,ductal,ductal,fluidigmc1,2.0897915363311768
4749,16.831809997558594,-0.0557565838098526,1,10th_C8_S52,gamma,gamma,fluidigmc1,1.959854006767273
4750,17.679187774658203,-1.2076994180679321,1,10th_C90_S116,alpha,gamma,fluidigmc1,1.297865867614746
4751,17.227195739746094,-1.689995527267456,1,10th_C95_S123,alpha,gamma,fluidigmc1,0.8922269940376282
4752,17.734825134277344,-1.6843189001083374,1,10th_C96_S117,alpha,gamma,fluidigmc1,0.9987762570381165
4753,16.85920524597168,-0.08909614384174347,1,11th-C10_S63,gamma,gamma,fluidigmc1,2.2110207080841064
4754,17.626659393310547,-1.783908724784851,1,11th-C12_S47,alpha,gamma,fluidigmc1,0.8826325535774231
4755,-1.639019250869751,-6.603261947631836,0,11th-C16_S64,activated_stellate,activated_stellate,fluidigmc1,2.8530433177948
4756,-1.8696404695510864,2.6156551837921143,3,11th-C21_S4,beta,schwann,fluidigmc1,1.4811116456985474
4757,-2.518887519836426,2.769932985305786,3,11th-C22_S65,beta,schwann,fluidigmc1,2.073438882827759
4758,9.15107250213623,-5.744239330291748,9,11th-C24_S49,ductal,ductal,fluidigmc1,2.0897915363311768
4759,8.972563743591309,-5.581785678863525,10,11th-C26_S12,ductal,Unmatched_10,fluidigmc1,2.0525779724121094
4760,-1.4218887090682983,1.8134872913360596,3,11th-C27_S19,beta,schwann,fluidigmc1,1.2138906717300415
4761,-1.7628986835479736,-7.013549327850342,0,11th-C2_S8,activated_stellate,activated_stellate,fluidigmc1,2.8589842319488525
4762,16.70292091369629,-0.10674452781677246,1,11th-C30_S66,beta,gamma,fluidigmc1,2.3030145168304443
4763,16.826000213623047,0.0383061058819294,1,11th-C33_S20,delta,gamma,fluidigmc1,2.4027938842773438
4764,17.717395782470703,-0.9038172364234924,1,11th-C36_S67,alpha,gamma,fluidigmc1,1.273795247077942
4765,17.160289764404297,-2.484246015548706,1,11th-C37_S6,alpha,gamma,fluidigmc1,1.1981539726257324
4766,16.891563415527344,-0.0054235621355473995,1,11th-C39_S21,gamma,gamma,fluidigmc1,2.0713608264923096
4767,-1.6706429719924927,-7.137564182281494,0,11th-C40_S52,activated_stellate,activated_stellate,fluidigmc1,2.8190760612487793
4768,-0.9333615899085999,2.585050582885742,3,11th-C41_S60,beta,schwann,fluidigmc1,1.1466164588928223
4769,9.097135543823242,-5.723362922668457,9,11th-C43_S7,ductal,ductal,fluidigmc1,2.0897915363311768
4770,-1.12251877784729,1.7740014791488647,3,11th-C44_S15,beta,schwann,fluidigmc1,1.3887842893600464
4771,-1.4584178924560547,2.718383550643921,3,11th-C49_S23,beta,schwann,fluidigmc1,1.2575472593307495
4772,8.865623474121094,-5.510408878326416,14,11th-C4_S62,ductal,epsilon,fluidigmc1,2.0897915363311768
4773,-2.0191140174865723,2.9956235885620117,3,11th-C51_S39,beta,schwann,fluidigmc1,1.3669286966323853
4774,-1.9874738454818726,3.1891238689422607,3,11th-C53_S78,beta,schwann,fluidigmc1,1.4759654998779297
4775,-2.380629777908325,2.9360899925231934,3,11th-C54_S86,beta,schwann,fluidigmc1,1.7484453916549683
4776,9.013995170593262,-5.449437618255615,14,11th-C55_S24,ductal,epsilon,fluidigmc1,2.051574945449829
4777,-1.0611556768417358,-7.264361381530762,0,11th-C56_S32,activated_stellate,activated_stellate,fluidigmc1,2.828171730041504
4778,17.224477767944336,-2.5084798336029053,1,11th-C57_S40,alpha,gamma,fluidigmc1,1.1025655269622803
4779,9.019584655761719,-5.6565375328063965,10,11th-C58_S71,ductal,Unmatched_10,fluidigmc1,2.0506575107574463
4780,17.148448944091797,-1.6607062816619873,1,11th-C5_S54,alpha,gamma,fluidigmc1,0.9870407581329346
4781,17.535757064819336,-0.9237101078033447,1,11th-C61_S25,alpha,gamma,fluidigmc1,1.2530957460403442
4782,17.75006866455078,-0.9706864953041077,1,11th-C62_S33,alpha,gamma,fluidigmc1,1.730347752571106
4783,16.330411911010742,8.01595687866211,7,11th-C64_S72,acinar,acinar,fluidigmc1,1.9953397512435913
4784,-1.0056288242340088,2.476022243499756,3,11th-C66_S88,beta,schwann,fluidigmc1,1.3622318506240845
4785,17.529558181762695,-2.3798844814300537,1,11th-C67_S26,alpha,gamma,fluidigmc1,1.191028118133545
4786,8.98178482055664,-5.652999401092529,14,11th-C68_S34,ductal,epsilon,fluidigmc1,2.0897915363311768
4787,14.928114891052246,-10.649775505065918,2,11th-C77_S82,endothelial,endothelial,fluidigmc1,3.76180362701416
4788,9.202264785766602,-5.736283779144287,14,11th-C7_S16,ductal,epsilon,fluidigmc1,2.0897915363311768
4789,17.033615112304688,-1.780661702156067,1,11th-C93_S30,alpha,gamma,fluidigmc1,1.1602578163146973
4790,-1.3050464391708374,2.061232566833496,3,12th-C10_S155,beta,schwann,fluidigmc1,1.3244396448135376
4791,17.247989654541016,-1.5088026523590088,1,12th-C11_S147,alpha,gamma,fluidigmc1,1.0117061138153076
4792,-1.0423201322555542,2.7885658740997314,3,12th-C12_S139,beta,schwann,fluidigmc1,2.043276309967041
4793,-1.7157164812088013,2.84688663482666,3,12th-C14_S190,beta,schwann,fluidigmc1,1.4933899641036987
4794,-2.2622592449188232,2.6210668087005615,3,12th-C15_S183,beta,schwann,fluidigmc1,1.4890327453613281
4795,17.13557243347168,-2.446442127227783,1,12th-C1_S195,alpha,gamma,fluidigmc1,0.9602336287498474
4796,16.80845069885254,0.004608459305018187,1,12th-C20_S191,alpha,gamma,fluidigmc1,2.4020657539367676
4797,-2.5413310527801514,2.8215630054473877,3,12th-C21_S184,beta,schwann,fluidigmc1,2.7779152393341064
4798,17.220922470092773,-2.537461757659912,1,12th-C23_S149,alpha,gamma,fluidigmc1,1.2767783403396606
4799,-1.545660138130188,2.6930954456329346,3,12th-C24_S141,beta,schwann,fluidigmc1,1.328160047531128
4800,-1.591414213180542,3.1247215270996094,3,12th-C25_S185,beta,schwann,fluidigmc1,1.697236180305481
4801,-1.171954870223999,2.097759962081909,3,12th-C26_S192,beta,schwann,fluidigmc1,1.2605279684066772
4802,17.20775032043457,-1.4134141206741333,1,12th-C28_S142,alpha,gamma,fluidigmc1,1.904904842376709
4803,17.586759567260742,-1.4134546518325806,1,12th-C29_S150,alpha,gamma,fluidigmc1,0.8700429797172546
4804,-1.8221412897109985,3.04390287399292,3,12th-C30_S157,beta,schwann,fluidigmc1,1.6640143394470215
4805,-2.064826726913452,3.2407729625701904,3,12th-C33_S200,beta,schwann,fluidigmc1,1.7738409042358398
4806,-1.3966408967971802,2.150547742843628,3,12th-C35_S151,beta,schwann,fluidigmc1,1.3792455196380615
4807,-1.7893303632736206,-7.10378360748291,0,12th-C36_S158,activated_stellate,activated_stellate,fluidigmc1,2.7809784412384033
4808,17.63251495361328,-1.3737221956253052,1,12th-C37_S187,alpha,gamma,fluidigmc1,1.1052427291870117
4809,-2.220341682434082,2.5624821186065674,3,12th-C38_S194,beta,schwann,fluidigmc1,1.498111367225647
4810,17.432348251342773,-2.5272178649902344,1,12th-C39_S201,alpha,gamma,fluidigmc1,1.8472938537597656
4811,-1.8119562864303589,1.9083170890808105,3,12th-C3_S181,beta,schwann,fluidigmc1,1.5659306049346924
4812,-6.808967590332031,3.6539154052734375,14,12th-C40_S144,beta,epsilon,fluidigmc1,2.7749249935150146
4813,-1.1835541725158691,2.912569761276245,3,12th-C42_S159,beta,schwann,fluidigmc1,1.413806438446045
4814,-1.5375112295150757,-6.568237781524658,0,12th-C46_S145,activated_stellate,activated_stellate,fluidigmc1,2.8589842319488525
4815,-1.362442135810852,2.082064628601074,3,12th-C47_S153,beta,schwann,fluidigmc1,1.2484688758850098
4816,-0.9567963480949402,2.5152485370635986,3,12th-C48_S160,beta,schwann,fluidigmc1,1.2660467624664307
4817,-2.492363452911377,2.6874806880950928,3,12th-C4_S154,beta,schwann,fluidigmc1,1.8095650672912598
4818,16.845300674438477,-1.710679531097412,1,12th-C50_S210,alpha,gamma,fluidigmc1,1.4162107706069946
4819,-1.2062915563583374,2.963080883026123,3,12th-C51_S217,beta,schwann,fluidigmc1,1.7315146923065186
4820,16.35923194885254,8.456432342529297,7,12th-C53_S168,acinar,acinar,fluidigmc1,1.8842467069625854
4821,-1.7238024473190308,2.092850685119629,3,12th-C55_S203,beta,schwann,fluidigmc1,1.6097626686096191
4822,9.153165817260742,-5.745390892028809,9,12th-C56_S211,ductal,ductal,fluidigmc1,2.0897915363311768
4823,16.757970809936523,-1.4787126779556274,1,12th-C57_S218,alpha,gamma,fluidigmc1,2.4161510467529297
4824,17.308664321899414,-1.3192044496536255,1,12th-C58_S162,alpha,gamma,fluidigmc1,0.9959365129470825
4825,-1.2608715295791626,2.9841113090515137,3,12th-C59_S169,beta,schwann,fluidigmc1,1.340047001838684
4826,-0.9780086874961853,2.089447021484375,3,12th-C60_S176,beta,schwann,fluidigmc1,1.4758501052856445
4827,16.73910903930664,-1.4613630771636963,1,12th-C63_S219,alpha,gamma,fluidigmc1,2.4475889205932617
4828,-1.1352640390396118,2.9057376384735107,3,12th-C64_S163,beta,schwann,fluidigmc1,1.5852218866348267
4829,-2.1665265560150146,2.5689189434051514,3,12th-C65_S170,beta,schwann,fluidigmc1,1.5152006149291992
4830,-1.4240516424179077,2.7916390895843506,3,12th-C67_S205,beta,schwann,fluidigmc1,1.1893373727798462
4831,14.871102333068848,-10.596247673034668,2,12th-C69_S135,endothelial,endothelial,fluidigmc1,3.76180362701416
4832,17.15557289123535,-2.4106273651123047,1,12th-C71_S171,alpha,gamma,fluidigmc1,1.2006609439849854
4833,-2.0413224697113037,3.2455954551696777,3,12th-C74_S214,beta,schwann,fluidigmc1,1.7868387699127197
4834,17.169992446899414,-2.476910352706909,1,12th-C75_S206,alpha,gamma,fluidigmc1,1.2704122066497803
4835,8.497284889221191,-4.964292049407959,14,12th-C76_S177,endothelial,epsilon,fluidigmc1,2.0897915363311768
4836,-0.9555203914642334,2.0877842903137207,3,12th-C7_S196,beta,schwann,fluidigmc1,1.6974122524261475
4837,17.119308471679688,-1.2828549146652222,1,12th-C80_S215,alpha,gamma,fluidigmc1,1.2468405961990356
4838,17.441747665405273,-1.9083353281021118,1,12th-C81_S207,alpha,gamma,fluidigmc1,1.0435727834701538
4839,-1.954946517944336,3.244497060775757,3,12th-C84_S165,beta,schwann,fluidigmc1,1.897648811340332
4840,-2.1708483695983887,3.1430602073669434,3,12th-C85_S137,beta,schwann,fluidigmc1,1.7415797710418701
4841,-6.8424553871154785,3.645068645477295,14,12th-C8_S189,beta,epsilon,fluidigmc1,2.7749249935150146
4842,-2.2175674438476562,2.5838701725006104,3,12th-C90_S166,beta,schwann,fluidigmc1,1.5319397449493408
4843,-1.6109949350357056,2.320556879043579,3,12th-C93_S209,beta,schwann,fluidigmc1,1.4152170419692993
4844,-1.1803128719329834,-7.154172420501709,0,12th-C94_S180,activated_stellate,activated_stellate,fluidigmc1,2.5970892906188965
4845,16.81197166442871,-1.1539714336395264,1,12th-C95_S174,alpha,gamma,fluidigmc1,2.2602853775024414
4846,-0.9343281388282776,1.7499626874923706,3,12th-C96_S167,beta,schwann,fluidigmc1,1.9985171556472778
4847,-0.9212712645530701,2.522042989730835,3,13th_C12_S178,beta,schwann,fluidigmc1,1.3167898654937744
4848,17.358503341674805,-1.2420063018798828,1,13th_C13_S149,alpha,gamma,fluidigmc1,0.9883531332015991
4849,-1.2151364088058472,1.862453818321228,3,13th_C15_S134,beta,schwann,fluidigmc1,1.374233365058899
4850,-1.8045562505722046,3.0902340412139893,3,13th_C16_S193,beta,schwann,fluidigmc1,1.4629979133605957
4851,-1.8111110925674438,2.6396243572235107,3,13th_C17_S186,beta,schwann,fluidigmc1,1.3061579465866089
4852,16.834794998168945,-1.3653513193130493,1,13th_C18_S179,alpha,gamma,fluidigmc1,2.46761417388916
4853,17.04456901550293,-2.3616573810577393,1,13th_C1_S147,alpha,gamma,fluidigmc1,1.5120636224746704
4854,16.85174560546875,-1.5863285064697266,1,13th_C20_S142,alpha,gamma,fluidigmc1,1.4168654680252075
4855,-1.5491571426391602,2.7087080478668213,3,13th_C21_S135,beta,schwann,fluidigmc1,1.368501901626587
4856,8.476557731628418,-4.963362693786621,14,13th_C23_S187,endothelial,epsilon,fluidigmc1,2.0897915363311768
4857,16.25717544555664,7.8454270362854,7,13th_C27_S151,acinar,acinar,fluidigmc1,2.1205790042877197
4858,17.114673614501953,-2.426544189453125,1,13th_C29_S188,alpha,gamma,fluidigmc1,1.1398484706878662
4859,17.09020233154297,-1.5873185396194458,1,13th_C31_S137,alpha,gamma,fluidigmc1,1.3374791145324707
4860,-1.4709956645965576,2.633547782897949,3,13th_C34_S181,beta,schwann,fluidigmc1,1.303514003753662
4861,-1.8348336219787598,-6.053800582885742,0,13th_C36_S196,schwann,activated_stellate,fluidigmc1,2.8589842319488525
4862,-2.5139241218566895,2.7423715591430664,3,13th_C38_S145,beta,schwann,fluidigmc1,1.8354562520980835
4863,-1.534948468208313,3.0302200317382812,3,13th_C39_S153,beta,schwann,fluidigmc1,1.4945142269134521
4864,16.87505340576172,-1.7676515579223633,1,13th_C3_S132,alpha,gamma,fluidigmc1,1.2682331800460815
4865,-2.293597936630249,2.612616539001465,3,13th_C46_S183,beta,schwann,fluidigmc1,1.4032808542251587
4866,9.161537170410156,-5.744239807128906,9,13th_C49_S155,ductal,ductal,fluidigmc1,2.0897915363311768
4867,16.820842742919922,-1.7603554725646973,1,13th_C4_S191,alpha,gamma,fluidigmc1,1.2951173782348633
4868,16.840312957763672,-0.07561517506837845,1,13th_C51_S170,delta,gamma,fluidigmc1,1.954959511756897
4869,16.71983528137207,-0.12112683057785034,1,13th_C52_S198,beta,gamma,fluidigmc1,2.2832396030426025
4870,17.799379348754883,-1.8187355995178223,1,13th_C53_S205,alpha,gamma,fluidigmc1,1.5247652530670166
4871,17.101844787597656,-2.3359968662261963,1,13th_C54_S212,alpha,gamma,fluidigmc1,1.2924574613571167
4872,17.65021324157715,-0.8730988502502441,1,13th_C55_S156,alpha,gamma,fluidigmc1,1.5009348392486572
4873,-1.7178757190704346,1.872338891029358,3,13th_C57_S171,beta,schwann,fluidigmc1,1.346903920173645
4874,-0.9726833701133728,1.7890517711639404,3,13th_C5_S184,beta,schwann,fluidigmc1,1.813239336013794
4875,17.66348648071289,-0.9137728810310364,1,13th_C60_S213,alpha,gamma,fluidigmc1,1.6159858703613281
4876,-1.095717191696167,2.8443140983581543,3,13th_C63_S172,beta,schwann,fluidigmc1,1.4772971868515015
4877,16.74873161315918,-0.10064826160669327,1,13th_C66_S214,delta,gamma,fluidigmc1,2.24519419670105
4878,-1.717070460319519,3.1452744007110596,3,13th_C68_S165,beta,schwann,fluidigmc1,1.3970375061035156
4879,8.489834785461426,-4.97578239440918,14,13th_C69_S173,endothelial,epsilon,fluidigmc1,2.0897915363311768
4880,16.90774917602539,-2.048046112060547,1,13th_C6_S177,alpha,gamma,fluidigmc1,1.3768677711486816
4881,-0.975640058517456,2.6504297256469727,3,13th_C70_S201,beta,schwann,fluidigmc1,1.4143366813659668
4882,-1.0904611349105835,1.9406614303588867,3,13th_C71_S208,beta,schwann,fluidigmc1,1.3344446420669556
4883,8.48997974395752,-4.9789652824401855,14,13th_C72_S215,endothelial,epsilon,fluidigmc1,2.5516982078552246
4884,-1.4440882205963135,2.0566518306732178,3,13th_C75_S159,beta,schwann,fluidigmc1,1.3065904378890991
4885,17.297922134399414,-0.9969199299812317,1,13th_C76_S216,alpha,gamma,fluidigmc1,1.2442724704742432
4886,17.11235237121582,-2.413750648498535,1,13th_C77_S209,alpha,gamma,fluidigmc1,1.3174537420272827
4887,17.394567489624023,-2.0911850929260254,1,13th_C79_S174,alpha,gamma,fluidigmc1,1.13560950756073
4888,-1.0867717266082764,1.789093255996704,3,13th_C80_S167,beta,schwann,fluidigmc1,1.4943164587020874
4889,-1.725792646408081,2.4063267707824707,3,13th_C81_S160,beta,schwann,fluidigmc1,1.9603312015533447
4890,16.990089416503906,-1.6833412647247314,1,13th_C86_S168,alpha,gamma,fluidigmc1,1.0359071493148804
4891,17.246192932128906,-0.9728414416313171,1,13th_C88_S218,alpha,gamma,fluidigmc1,1.184935450553894
4892,-1.500933289527893,2.0165791511535645,3,13th_C89_S211,beta,schwann,fluidigmc1,1.2295029163360596
4893,9.102148056030273,-5.720184326171875,14,13th_C8_S140,ductal,epsilon,fluidigmc1,2.0771589279174805
4894,17.151987075805664,-2.4672698974609375,1,13th_C92_S169,alpha,gamma,fluidigmc1,1.0730783939361572
4895,17.103757858276367,-2.4157180786132812,1,13th_C93_S162,alpha,gamma,fluidigmc1,1.4771937131881714
4896,-1.0266517400741577,1.815636396408081,3,13th_C94_S219,beta,schwann,fluidigmc1,1.548225998878479
4897,-0.9180381894111633,2.4797956943511963,3,13th_C96_S204,beta,schwann,fluidigmc1,1.3903193473815918
4898,-1.6786950826644897,2.673860788345337,3,1st-61_S27,beta,schwann,fluidigmc1,1.4316799640655518
4899,-0.9130523204803467,2.536484479904175,3,1st-C11_S58,beta,schwann,fluidigmc1,1.2418409585952759
4900,-2.478187084197998,2.713459014892578,3,1st-C13_S19,beta,schwann,fluidigmc1,1.346304178237915
4901,17.230226516723633,-2.534865379333496,1,1st-C15_S3,alpha,gamma,fluidigmc1,1.1093900203704834
4902,17.260061264038086,-2.4788477420806885,1,1st-C18_S51,alpha,gamma,fluidigmc1,1.3281524181365967
4903,17.084716796875,-1.6346230506896973,1,1st-C19_S20,alpha,gamma,fluidigmc1,1.1609703302383423
4904,17.022571563720703,-1.6604070663452148,1,1st-C20_S12,alpha,gamma,fluidigmc1,1.7229655981063843
4905,17.506528854370117,-1.7991282939910889,1,1st-C21_S4,alpha,gamma,fluidigmc1,0.8861492276191711
4906,-0.9743462800979614,2.105393648147583,3,1st-C32_S14,beta,schwann,fluidigmc1,1.6731438636779785
4907,-1.183184266090393,-7.165477752685547,0,1st-C34_S54,activated_stellate,activated_stellate,fluidigmc1,2.8589842319488525
4908,-2.091053009033203,2.115741729736328,3,1st-C39_S23,beta,schwann,fluidigmc1,1.570063829421997
4909,-1.039438247680664,-7.261298656463623,0,1st-C42_S71,activated_stellate,activated_stellate,fluidigmc1,2.7685739994049072
4910,17.12712287902832,-1.3011749982833862,1,1st-C50_S33,alpha,gamma,fluidigmc1,1.1766374111175537
4911,16.91794204711914,-1.644600510597229,1,1st-C51_S41,alpha,gamma,fluidigmc1,1.3909142017364502
4912,17.133447647094727,-1.4976978302001953,1,1st-C53_S74,alpha,gamma,fluidigmc1,1.29910409450531
4913,17.549251556396484,-1.8234057426452637,1,1st-C56_S34,alpha,gamma,fluidigmc1,0.9362161159515381
4914,17.015724182128906,-1.6934927701950073,1,1st-C57_S42,alpha,gamma,fluidigmc1,1.1327275037765503
4915,-1.7756056785583496,2.5002551078796387,3,1st-C58_S76,beta,schwann,fluidigmc1,1.607958436012268
4916,17.518930435180664,-2.024360418319702,1,1st-C59_S77,alpha,gamma,fluidigmc1,0.9867945909500122
4917,17.422243118286133,-2.483027935028076,1,1st-C62_S35,alpha,gamma,fluidigmc1,1.1589295864105225
4918,-1.5744990110397339,2.8114943504333496,3,1st-C64_S79,beta,schwann,fluidigmc1,1.7107048034667969
4919,17.88468360900879,-1.427765130996704,1,1st-C68_S36,alpha,gamma,fluidigmc1,1.0953494310379028
4920,16.837844848632812,-0.00586828263476491,1,1st-C69_S44,delta,gamma,fluidigmc1,2.109982490539551
4921,17.63574981689453,-1.7697038650512695,1,1st-C71_S83,alpha,gamma,fluidigmc1,0.8350157141685486
4922,17.679080963134766,-2.1122632026672363,1,1st-C73_S45,alpha,gamma,fluidigmc1,1.1782116889953613
4923,17.020736694335938,-1.634345531463623,1,1st-C74_S37,alpha,gamma,fluidigmc1,1.0854096412658691
4924,16.70180320739746,-0.16953065991401672,1,1st-C75_S29,alpha,gamma,fluidigmc1,2.6927971839904785
4925,16.712005615234375,-0.2199564129114151,1,1st-C77_S86,beta,gamma,fluidigmc1,2.3854663372039795
4926,17.78120994567871,-1.5587800741195679,1,1st-C78_S85,alpha,gamma,fluidigmc1,0.9455620646476746
4927,-1.8519618511199951,2.6600522994995117,3,1st-C79_S46,beta,schwann,fluidigmc1,1.3646901845932007
4928,17.7900390625,-1.5491923093795776,1,1st-C80_S38,alpha,gamma,fluidigmc1,0.9288219809532166
4929,17.1069278717041,-2.5019280910491943,1,1st-C8_S10,alpha,gamma,fluidigmc1,1.31061589717865
4930,-1.2661395072937012,2.0502119064331055,3,1st-C90_S91,beta,schwann,fluidigmc1,1.2737900018692017
4931,-1.7597622871398926,1.9411401748657227,3,1st-C96_S94,beta,schwann,fluidigmc1,1.2932826280593872
4932,17.18887710571289,-1.2775065898895264,1,2nd-C11_S20,alpha,gamma,fluidigmc1,1.0352495908737183
4933,-1.7144527435302734,2.4428675174713135,3,2nd-C15_S25,beta,schwann,fluidigmc1,1.4553289413452148
4934,17.23158073425293,-1.352950930595398,1,2nd-C16_S33,alpha,gamma,fluidigmc1,1.09623122215271
4935,-1.47781503200531,2.795548439025879,3,2nd-C17_S32,beta,schwann,fluidigmc1,1.3672387599945068
4936,-2.0682694911956787,2.094130754470825,3,2nd-C19_S39,beta,schwann,fluidigmc1,1.282201886177063
4937,17.224170684814453,-2.5186619758605957,1,2nd-C1_S3,alpha,gamma,fluidigmc1,1.5985980033874512
4938,14.870683670043945,-10.59736442565918,2,2nd-C21_S37,endothelial,endothelial,fluidigmc1,3.76180362701416
4939,16.879127502441406,0.007569773588329554,1,2nd-C25_S49,delta,gamma,fluidigmc1,2.1147923469543457
4940,17.551128387451172,-1.4534928798675537,1,2nd-C26_S50,alpha,gamma,fluidigmc1,0.7984795570373535
4941,-1.9883170127868652,2.0080039501190186,3,2nd-C27_S51,beta,schwann,fluidigmc1,1.4170949459075928
4942,17.399368286132812,-2.5376319885253906,1,2nd-C28_S55,alpha,gamma,fluidigmc1,1.189700722694397
4943,17.181434631347656,-1.5654287338256836,1,2nd-C29_S56,alpha,gamma,fluidigmc1,1.0008207559585571
4944,14.950209617614746,-10.668149948120117,2,2nd-C2_S2,endothelial,endothelial,fluidigmc1,3.76180362701416
4945,17.903268814086914,-1.4584935903549194,1,2nd-C31_S61,alpha,gamma,fluidigmc1,1.1224595308303833
4946,-2.0268263816833496,3.1610488891601562,3,2nd-C32_S62,beta,schwann,fluidigmc1,1.585281491279602
4947,17.258663177490234,-2.5534543991088867,1,2nd-C36_S69,alpha,gamma,fluidigmc1,1.1137728691101074
4948,-2.418409824371338,2.6606929302215576,3,2nd-C37_S73,beta,schwann,fluidigmc1,1.5310393571853638
4949,-1.5561813116073608,2.5976555347442627,3,2nd-C38_S74,beta,schwann,fluidigmc1,1.3379584550857544
4950,17.270511627197266,-1.2673263549804688,1,2nd-C39_S75,alpha,gamma,fluidigmc1,1.1163053512573242
4951,17.095203399658203,-2.3995375633239746,1,2nd-C3_S1,alpha,gamma,fluidigmc1,1.1713764667510986
4952,17.810823440551758,-1.6579335927963257,1,2nd-C47_S92,alpha,gamma,fluidigmc1,1.1288188695907593
4953,-2.279731035232544,2.521437406539917,3,2nd-C49_S4,beta,schwann,fluidigmc1,1.3311848640441895
4954,16.794326782226562,-1.527252197265625,1,2nd-C4_S9,alpha,gamma,fluidigmc1,1.8359788656234741
4955,-2.0181312561035156,3.1620237827301025,3,2nd-C51_S6,beta,schwann,fluidigmc1,1.5202456712722778
4956,-2.2419211864471436,2.3175432682037354,3,2nd-C52_S10,beta,schwann,fluidigmc1,1.2040106058120728
4957,-1.614397406578064,-7.225517749786377,0,2nd-C54_S12,activated_stellate,activated_stellate,fluidigmc1,2.3976097106933594
4958,17.116252899169922,-1.6866955757141113,1,2nd-C57_S18,alpha,gamma,fluidigmc1,1.0813853740692139
4959,17.077157974243164,-2.3875200748443604,1,2nd-C58_S22,alpha,gamma,fluidigmc1,1.0324122905731201
4960,-1.5225404500961304,2.062778949737549,3,2nd-C5_S8,beta,schwann,fluidigmc1,1.2724591493606567
4961,-1.182856798171997,1.8059635162353516,3,2nd-C62_S29,beta,schwann,fluidigmc1,1.4008393287658691
4962,17.572036743164062,-1.4993163347244263,1,2nd-C67_S40,alpha,gamma,fluidigmc1,1.0755620002746582
4963,16.817934036254883,-1.1092300415039062,1,2nd-C69_S42,alpha,gamma,fluidigmc1,2.15687894821167
4964,17.076662063598633,-1.617448091506958,1,2nd-C6_S7,alpha,gamma,fluidigmc1,1.0334289073944092
4965,-1.2598862648010254,2.616776466369629,3,2nd-C72_S48,beta,schwann,fluidigmc1,1.2623616456985474
4966,17.480758666992188,-1.218697190284729,1,2nd-C74_S53,alpha,gamma,fluidigmc1,1.70047128200531
4967,17.23579216003418,-0.999300479888916,1,2nd-C75_S52,alpha,gamma,fluidigmc1,1.1465084552764893
4968,-2.0261483192443848,3.232386350631714,3,2nd-C76_S60,beta,schwann,fluidigmc1,2.5054476261138916
4969,17.568649291992188,-1.8573520183563232,1,2nd-C77_S59,alpha,gamma,fluidigmc1,0.8643224835395813
4970,-1.501118779182434,1.723920464515686,3,2nd-C7_S15,beta,schwann,fluidigmc1,2.033984899520874
4971,17.849714279174805,-1.526536226272583,1,2nd-C80_S65,alpha,gamma,fluidigmc1,0.9558120369911194
4972,-2.0387649536132812,3.1538584232330322,3,2nd-C81_S64,beta,schwann,fluidigmc1,1.568601131439209
4973,16.92864990234375,-1.5784480571746826,1,2nd-C83_S71,alpha,gamma,fluidigmc1,1.4853768348693848
4974,-1.235181450843811,1.7748533487319946,3,2nd-C86_S77,beta,schwann,fluidigmc1,1.400604009628296
4975,-1.7016079425811768,2.639829158782959,3,2nd-C87_S76,beta,schwann,fluidigmc1,1.6972038745880127
4976,-0.9194663166999817,2.155635118484497,3,2nd-C88_S84,beta,schwann,fluidigmc1,1.5829044580459595
4977,16.84294319152832,-1.2143710851669312,1,2nd-C8_S14,alpha,gamma,fluidigmc1,1.4290094375610352
4978,-1.0670475959777832,2.525390386581421,3,2nd-C93_S88,beta,schwann,fluidigmc1,1.371523141860962
4979,17.018888473510742,-1.5920486450195312,1,2nd-C94_S96,alpha,gamma,fluidigmc1,1.233086109161377
4980,-1.3975989818572998,1.8812562227249146,3,2nd-C95_S95,beta,schwann,fluidigmc1,1.2288615703582764
4981,-1.5853044986724854,2.687370777130127,3,3rd-C11_S58,beta,schwann,fluidigmc1,1.4179726839065552
4982,16.772472381591797,-1.5653573274612427,1,3rd-C12_S68,alpha,gamma,fluidigmc1,2.0018625259399414
4983,16.8442325592041,-1.151400089263916,1,3rd-C18_S80,alpha,gamma,fluidigmc1,1.413952350616455
4984,16.7484130859375,-0.05375072732567787,1,3rd-C1_S39,delta,gamma,fluidigmc1,1.9607892036437988
4985,8.972951889038086,-5.687133312225342,10,3rd-C20_S22,ductal,Unmatched_10,fluidigmc1,2.0897915363311768
4986,17.86528968811035,-1.4764646291732788,1,3rd-C21_S11,alpha,gamma,fluidigmc1,0.9483169913291931
4987,17.625364303588867,-2.2027435302734375,1,3rd-C23_S94,alpha,gamma,fluidigmc1,1.2170666456222534
4988,-1.7746754884719849,2.3792026042938232,3,3rd-C25_S15,beta,schwann,fluidigmc1,1.6623973846435547
4989,17.917888641357422,-1.4585092067718506,1,3rd-C26_S28,alpha,gamma,fluidigmc1,1.0823838710784912
4990,17.769163131713867,-1.5553268194198608,1,3rd-C27_S49,alpha,gamma,fluidigmc1,0.9964329600334167
4991,16.78240203857422,-1.3368393182754517,1,3rd-C32_S31,alpha,gamma,fluidigmc1,1.9360848665237427
4992,-1.474249243736267,2.6938164234161377,3,3rd-C33_S50,beta,schwann,fluidigmc1,1.2000969648361206
4993,-1.6469824314117432,-6.413645267486572,0,3rd-C35_S23,quiescent_stellate,activated_stellate,fluidigmc1,2.8589842319488525
4994,-1.4527950286865234,2.69828200340271,3,3rd-C36_S2,beta,schwann,fluidigmc1,1.1687581539154053
4995,17.059141159057617,-2.3934929370880127,1,3rd-C3_S2,alpha,gamma,fluidigmc1,1.2484626770019531
4996,16.75399398803711,-0.049937643110752106,1,3rd-C40_S57,gamma,gamma,fluidigmc1,2.2153451442718506
4997,-1.6831386089324951,-6.381287097930908,0,3rd-C42_S74,activated_stellate,activated_stellate,fluidigmc1,2.8589842319488525
4998,17.234079360961914,-0.9870957136154175,1,3rd-C44_S32,gamma,gamma,fluidigmc1,2.0342295169830322
4999,17.078989028930664,-1.012906551361084,1,3rd-C46_S93,alpha,gamma,fluidigmc1,1.6929019689559937
5000,16.823579788208008,-0.05263511463999748,1,3rd-C47_S35,gamma,gamma,fluidigmc1,1.826059341430664
5001,17.618955612182617,-1.5630313158035278,1,3rd-C49_S60,alpha,gamma,fluidigmc1,0.9841035008430481
5002,-1.3650484085083008,1.7909536361694336,3,3rd-C4_S25,beta,schwann,fluidigmc1,1.32870614528656
5003,-1.1734681129455566,-7.2851057052612305,0,3rd-C51_S87,activated_stellate,activated_stellate,fluidigmc1,2.5625784397125244
5004,17.07429313659668,-2.3318700790405273,1,3rd-C52_S86,alpha,gamma,fluidigmc1,1.39153254032135
5005,16.86916732788086,-0.047818608582019806,1,3rd-C53_S67,gamma,gamma,fluidigmc1,1.9590331315994263
5006,-1.424511432647705,1.717980146408081,3,3rd-C56_S90,beta,schwann,fluidigmc1,2.003843307495117
5007,17.37425994873047,-1.7732964754104614,1,3rd-C57_S5,alpha,gamma,fluidigmc1,0.9798835515975952
5008,-1.5299667119979858,2.734785318374634,3,3rd-C58_S3,beta,schwann,fluidigmc1,1.3150690793991089
5009,-0.9331979751586914,2.183082103729248,3,3rd-C59_S91,beta,schwann,fluidigmc1,1.7991507053375244
5010,-1.3902398347854614,1.7304869890213013,3,3rd-C60_S10,beta,schwann,fluidigmc1,1.7332265377044678
5011,16.762231826782227,-1.5564261674880981,1,3rd-C61_S64,alpha,gamma,fluidigmc1,1.5555768013000488
5012,17.033618927001953,-2.2825191020965576,1,3rd-C63_S54,alpha,gamma,fluidigmc1,1.2255315780639648
5013,-1.8451591730117798,2.6777901649475098,3,3rd-C65_S20,beta,schwann,fluidigmc1,1.5642764568328857
5014,17.31318473815918,-1.260384202003479,1,3rd-C67_S69,alpha,gamma,fluidigmc1,1.1401690244674683
5015,16.8015193939209,0.02956715226173401,1,3rd-C68_S13,delta,gamma,fluidigmc1,2.161043167114258
5016,17.37045669555664,-1.4006385803222656,1,3rd-C69_S78,alpha,gamma,fluidigmc1,1.8356950283050537
5017,6.937880039215088,3.895087957382202,14,3rd-C6_S44,mast,epsilon,fluidigmc1,3.993431806564331
5018,-1.7033703327178955,3.0336506366729736,3,3rd-C71_S80,beta,schwann,fluidigmc1,1.1826491355895996
5019,17.242380142211914,-1.2900500297546387,1,3rd-C76_S22,alpha,gamma,fluidigmc1,1.058314561843872
5020,17.34036636352539,-0.8590379357337952,1,3rd-C79_S67,alpha,gamma,fluidigmc1,1.4511253833770752
5021,17.061004638671875,-2.3755621910095215,1,3rd-C7_S40,alpha,gamma,fluidigmc1,1.0674418210983276
5022,-0.9185765981674194,2.498763084411621,3,3rd-C82_S11,beta,schwann,fluidigmc1,1.0889791250228882
5023,-0.9138233065605164,2.564818859100342,3,3rd-C84_S75,beta,schwann,fluidigmc1,1.4877409934997559
5024,17.29388427734375,-1.8300588130950928,1,3rd-C85_S79,alpha,gamma,fluidigmc1,0.9741125106811523
5025,17.257719039916992,-1.810846209526062,1,3rd-C85_S83,alpha,gamma,fluidigmc1,1.027674913406372
5026,16.740726470947266,-0.08210216462612152,1,3rd-C86_S85,delta,gamma,fluidigmc1,2.2407073974609375
5027,-1.2680420875549316,2.9844107627868652,3,3rd-C87_S88,beta,schwann,fluidigmc1,1.4927470684051514
5028,-0.9905188083648682,1.7969050407409668,3,3rd-C88_S24,beta,schwann,fluidigmc1,1.52207612991333
5029,17.629032135009766,-1.4908828735351562,1,3rd-C91_S91,alpha,gamma,fluidigmc1,0.8608837723731995
5030,-1.04342520236969,2.219395637512207,3,3rd-C92_S86,beta,schwann,fluidigmc1,1.2416200637817383
5031,17.365617752075195,-1.7705713510513306,1,3rd-C95_S81,alpha,gamma,fluidigmc1,1.1454975605010986
5032,-0.9315376281738281,2.202176332473755,3,3rd-C96_S79,beta,schwann,fluidigmc1,1.5173962116241455
5033,16.787965774536133,-1.561018466949463,1,3rd-C9_S5,alpha,gamma,fluidigmc1,1.6229087114334106
5034,-1.1550759077072144,1.7952790260314941,3,4th-61_S28,beta,schwann,fluidigmc1,1.6021523475646973
5035,17.64379119873047,-1.500108242034912,1,4th-C12_S19,alpha,gamma,fluidigmc1,1.1743037700653076
5036,-2.194777727127075,3.1149232387542725,3,4th-C14_S26,beta,schwann,fluidigmc1,1.7834007740020752
5037,16.927810668945312,-1.227038025856018,1,4th-C18_S31,alpha,gamma,fluidigmc1,1.1907546520233154
5038,17.436481475830078,-1.368402123451233,1,4th-C22_S45,alpha,gamma,fluidigmc1,0.9360856413841248
5039,17.839885711669922,-1.4837331771850586,1,4th-C23_S44,alpha,gamma,fluidigmc1,0.9784655570983887
5040,-2.0239973068237305,3.2627880573272705,3,4th-C24_S43,beta,schwann,fluidigmc1,2.4631199836730957
5041,-1.2622984647750854,2.9153363704681396,3,4th-C26_S50,delta,schwann,fluidigmc1,1.4604663848876953
5042,16.480087280273438,8.993005752563477,7,4th-C27_S51,acinar,acinar,fluidigmc1,1.7590965032577515
5043,-1.5955862998962402,3.102560043334961,3,4th-C28_S55,beta,schwann,fluidigmc1,1.3622797727584839
5044,17.21010398864746,-0.996389627456665,1,4th-C29_S56,alpha,gamma,fluidigmc1,1.3079707622528076
5045,16.94398307800293,-0.09197858721017838,1,4th-C32_S62,delta,gamma,fluidigmc1,2.066375494003296
5046,17.3310546875,-0.8887838125228882,1,4th-C33_S63,alpha,gamma,fluidigmc1,1.278006911277771
5047,17.2114200592041,-2.5317587852478027,1,4th-C35_S68,alpha,gamma,fluidigmc1,1.8303495645523071
5048,16.83067512512207,-1.149806261062622,1,4th-C36_S69,alpha,gamma,fluidigmc1,1.663500189781189
5049,16.80237579345703,-1.5719598531723022,1,4th-C37_S73,alpha,gamma,fluidigmc1,1.635413408279419
5050,-1.7936867475509644,-6.136801242828369,0,4th-C3_S1,schwann,activated_stellate,fluidigmc1,2.8589842319488525
5051,16.83449363708496,-1.1548398733139038,1,4th-C40_S79,alpha,gamma,fluidigmc1,1.7243363857269287
5052,17.540239334106445,-0.8534809947013855,1,4th-C43_S85,alpha,gamma,fluidigmc1,1.5225380659103394
5053,-1.391611099243164,1.718485713005066,3,4th-C45_S87,beta,schwann,fluidigmc1,2.287869453430176
5054,-0.8739795684814453,2.623202085494995,3,4th-C49_S4,beta,schwann,fluidigmc1,1.5059300661087036
5055,17.490549087524414,-1.7343538999557495,1,4th-C4_S9,alpha,gamma,fluidigmc1,1.0442763566970825
5056,17.218917846679688,-2.404787540435791,1,4th-C50_S5,alpha,gamma,fluidigmc1,1.0654749870300293
5057,17.636077880859375,-2.12838077545166,1,4th-C51_S6,alpha,gamma,fluidigmc1,1.048985242843628
5058,16.838804244995117,-1.6912652254104614,1,4th-C56_S17,alpha,gamma,fluidigmc1,1.2587919235229492
5059,17.66730308532715,-2.1278529167175293,1,4th-C57_S18,alpha,gamma,fluidigmc1,2.1157727241516113
5060,17.662086486816406,-0.9602269530296326,1,4th-C59_S23,alpha,gamma,fluidigmc1,1.6939542293548584
5061,-0.9190084338188171,2.5180530548095703,3,4th-C5_S8,beta,schwann,fluidigmc1,1.5278360843658447
5062,16.80036163330078,-1.1233739852905273,1,4th-C62_S29,alpha,gamma,fluidigmc1,2.311033010482788
5063,17.290969848632812,-1.7260057926177979,1,4th-C63_S30,alpha,gamma,fluidigmc1,0.9840101003646851
5064,17.89126968383789,-1.4915187358856201,1,4th-C64_S34,alpha,gamma,fluidigmc1,1.649802327156067
5065,16.83558464050293,-1.155749797821045,1,4th-C66_S36,alpha,gamma,fluidigmc1,1.3983371257781982
5066,-1.273800015449524,2.961719036102295,3,4th-C67_S40,beta,schwann,fluidigmc1,1.508208155632019
5067,17.206645965576172,-1.0061360597610474,1,4th-C68_S41,alpha,gamma,fluidigmc1,1.3609915971755981
5068,17.65703582763672,-1.087151288986206,1,4th-C69_S42,alpha,gamma,fluidigmc1,1.7764407396316528
5069,8.957643508911133,-5.685616970062256,10,4th-C70_S46,ductal,Unmatched_10,fluidigmc1,2.0897915363311768
5070,17.821269989013672,-1.5915615558624268,1,4th-C73_S54,alpha,gamma,fluidigmc1,0.8597051501274109
5071,17.44915771484375,-1.3461370468139648,1,4th-C75_S52,alpha,gamma,fluidigmc1,1.0182324647903442
5072,14.895831108093262,-10.619294166564941,2,4th-C78_S58,endothelial,endothelial,fluidigmc1,3.76180362701416
5073,16.81650733947754,-1.223780632019043,1,4th-C79_S66,alpha,gamma,fluidigmc1,1.5908290147781372
5074,-0.8930690884590149,2.513368606567383,3,4th-C7_S15,beta,schwann,fluidigmc1,1.4217203855514526
5075,17.2412109375,-0.9791069626808167,1,4th-C80_S65,alpha,gamma,fluidigmc1,1.6731175184249878
5076,7.0497517585754395,-1.4401545524597168,9,4th-C81_S64,ductal,ductal,fluidigmc1,2.0897915363311768
5077,17.625717163085938,-0.8178212642669678,1,4th-C82_S72,alpha,gamma,fluidigmc1,2.023705244064331
5078,17.23948860168457,-1.2781424522399902,1,4th-C83_S71,alpha,gamma,fluidigmc1,1.0850615501403809
5079,16.90713119506836,-0.010191633366048336,1,4th-C85_S78,delta,gamma,fluidigmc1,2.392024040222168
5080,17.93351173400879,-1.4306286573410034,1,4th-C86_S77,alpha,gamma,fluidigmc1,1.3254008293151855
5081,16.727584838867188,-0.08608163148164749,1,4th-C87_S76,delta,gamma,fluidigmc1,2.6717958450317383
5082,17.755708694458008,-1.049992322921753,1,4th-C88_S84,alpha,gamma,fluidigmc1,1.6513936519622803
5083,-1.161006212234497,2.9343886375427246,3,4th-C89_S83,delta,schwann,fluidigmc1,1.7166080474853516
5084,-1.2953890562057495,3.0008621215820312,3,4th-C8_S14,beta,schwann,fluidigmc1,1.4184805154800415
5085,17.547378540039062,-1.1258500814437866,1,4th-C92_S89,alpha,gamma,fluidigmc1,2.0437960624694824
5086,-1.2008570432662964,1.806931972503662,3,4th-C93_S88,beta,schwann,fluidigmc1,1.6054141521453857
5087,17.481903076171875,-1.5285511016845703,1,4th-C94_S96,alpha,gamma,fluidigmc1,2.5770821571350098
5088,16.581953048706055,9.097406387329102,7,4th-C95_S95,acinar,acinar,fluidigmc1,2.0345189571380615
5089,17.630144119262695,-1.796593189239502,1,4th-C96_S94,alpha,gamma,fluidigmc1,1.010428547859192
5090,17.09540367126465,-2.3592581748962402,1,4th-C9_S13,alpha,gamma,fluidigmc1,1.091554045677185
5091,16.03829002380371,6.578493595123291,7,5th-C10_S92,acinar,acinar,fluidigmc1,1.7168569564819336
5092,9.07874870300293,-5.08248233795166,14,5th-C11_S91,ductal,epsilon,fluidigmc1,2.0855746269226074
5093,16.8310604095459,0.003623554017394781,1,5th-C12_S90,beta,gamma,fluidigmc1,2.58497953414917
5094,-2.267951250076294,2.3548877239227295,3,5th-C14_S97,beta,schwann,fluidigmc1,1.6652848720550537
5095,16.80009651184082,-1.0698343515396118,1,5th-C16_S98,beta,gamma,fluidigmc1,1.9045376777648926
5096,-2.3171281814575195,2.647960901260376,3,5th-C18_S96,beta,schwann,fluidigmc1,1.8543497323989868
5097,16.4091796875,8.473410606384277,7,5th-C19_S104,acinar,acinar,fluidigmc1,1.5245075225830078
5098,17.71466827392578,-0.9287686347961426,1,5th-C21_S102,alpha,gamma,fluidigmc1,1.7646455764770508
5099,-6.804678440093994,3.651132345199585,14,5th-C25_S108,beta,epsilon,fluidigmc1,2.7749249935150146
5100,9.096395492553711,-5.705226421356201,14,5th-C30_S105,ductal,epsilon,fluidigmc1,2.0897915363311768
5101,17.747846603393555,-0.9498734474182129,1,5th-C34_S108,alpha,gamma,fluidigmc1,1.2560231685638428
5102,16.769031524658203,-0.043596118688583374,1,5th-C35_S109,delta,gamma,fluidigmc1,1.8785251379013062
5103,15.714176177978516,6.314595699310303,7,5th-C40_S112,acinar,acinar,fluidigmc1,1.7285337448120117
5104,8.918118476867676,-5.630993843078613,10,5th-C41_S113,ductal,Unmatched_10,fluidigmc1,2.0897915363311768
5105,15.731391906738281,6.327676773071289,7,5th-C42_S114,acinar,acinar,fluidigmc1,1.5352305173873901
5106,17.53736114501953,9.879130363464355,14,5th-C43_S121,ductal,epsilon,fluidigmc1,2.2282769680023193
5107,15.937742233276367,6.6477131843566895,7,5th-C45_S123,acinar,acinar,fluidigmc1,2.0019187927246094
5108,8.879260063171387,-5.561218738555908,14,5th-C47_S118,endothelial,epsilon,fluidigmc1,2.0897915363311768
5109,-1.2716456651687622,2.0210607051849365,3,5th-C49_S89,beta,schwann,fluidigmc1,1.2747290134429932
5110,15.918964385986328,6.643519878387451,7,5th-C50_S90,acinar,acinar,fluidigmc1,1.8844711780548096
5111,16.411176681518555,8.392101287841797,7,5th-C54_S89,acinar,acinar,fluidigmc1,1.4743096828460693
5112,15.88232135772705,6.605005741119385,7,5th-C56_S95,acinar,acinar,fluidigmc1,1.5917683839797974
5113,8.935243606567383,-5.662537574768066,10,5th-C57_S96,ductal,Unmatched_10,fluidigmc1,2.0897915363311768
5114,16.021587371826172,6.541287422180176,7,5th-C58_S93,acinar,acinar,fluidigmc1,1.5474798679351807
5115,17.421588897705078,-0.84098219871521,1,5th-C59_S94,alpha,gamma,fluidigmc1,1.8674521446228027
5116,-1.5666006803512573,3.083500862121582,3,5th-C5_S85,beta,schwann,fluidigmc1,1.4782724380493164
5117,16.740947723388672,-0.04522386193275452,1,5th-C64_S99,beta,gamma,fluidigmc1,2.577399253845215
5118,17.526063919067383,-0.9071589708328247,1,5th-C66_S101,alpha,gamma,fluidigmc1,1.6769232749938965
5119,14.8607177734375,-10.587881088256836,14,5th-C67_S105,endothelial,epsilon,fluidigmc1,3.76180362701416
5120,17.707611083984375,-0.895043671131134,1,5th-C68_S106,alpha,gamma,fluidigmc1,2.136493444442749
5121,17.58060073852539,-0.8021533489227295,1,5th-C69_S107,alpha,gamma,fluidigmc1,1.8532406091690063
5122,17.39605140686035,-2.508523464202881,1,5th-C6_S84,alpha,gamma,fluidigmc1,1.0082168579101562
5123,17.25569725036621,-0.9422352910041809,1,5th-C70_S103,alpha,gamma,fluidigmc1,1.2660619020462036
5124,16.472991943359375,8.490243911743164,7,5th-C73_S111,acinar,acinar,fluidigmc1,1.375141978263855
5125,17.554611206054688,-0.8220775723457336,1,5th-C74_S110,alpha,gamma,fluidigmc1,1.8933677673339844
5126,17.217164993286133,-1.0973048210144043,1,5th-C77_S107,alpha,gamma,fluidigmc1,1.6379951238632202
5127,16.704248428344727,-0.13049636781215668,1,5th-C7_S93,alpha,gamma,fluidigmc1,2.704634428024292
5128,-2.1211917400360107,2.5217862129211426,3,5th-C80_S116,beta,schwann,fluidigmc1,1.4685572385787964
5129,15.918044090270996,6.6302080154418945,7,5th-C81_S115,acinar,acinar,fluidigmc1,1.8363416194915771
5130,16.738601684570312,-0.029750017449259758,1,5th-C83_S111,delta,gamma,fluidigmc1,2.1852807998657227
5131,17.031484603881836,-1.6347260475158691,1,5th-C87_S119,alpha,gamma,fluidigmc1,1.322763204574585
5132,15.907541275024414,6.611057281494141,7,5th-C88_S117,acinar,acinar,fluidigmc1,1.5125105381011963
5133,-1.9182794094085693,2.926129102706909,3,5th-C90_S115,beta,schwann,fluidigmc1,1.8261222839355469
5134,17.710729598999023,-0.9069117307662964,1,5th-C92_S124,alpha,gamma,fluidigmc1,1.9194153547286987
5135,17.47540855407715,-0.7213327288627625,1,5th-C9_S92,gamma,gamma,fluidigmc1,2.1072311401367188
5136,-0.9474899172782898,1.796765923500061,3,6th-C12_S18,beta,schwann,fluidigmc1,2.2056872844696045
5137,-2.126833200454712,2.140801429748535,3,6th-C15_S22,beta,schwann,fluidigmc1,2.148812770843506
5138,-1.1259077787399292,2.8833200931549072,3,6th-C16_S29,beta,schwann,fluidigmc1,1.6408348083496094
5139,-2.1318459510803223,3.1492621898651123,3,6th-C19_S35,beta,schwann,fluidigmc1,1.6008355617523193
5140,-1.636609435081482,1.9841455221176147,3,6th-C1_S3,beta,schwann,fluidigmc1,1.2136974334716797
5141,-1.0560609102249146,1.7652455568313599,3,6th-C20_S34,beta,schwann,fluidigmc1,1.6062666177749634
5142,17.219715118408203,-1.3224490880966187,1,6th-C21_S33,alpha,gamma,fluidigmc1,1.2974497079849243
5143,-0.9358668327331543,2.2334864139556885,3,6th-C22_S39,beta,schwann,fluidigmc1,1.4538360834121704
5144,-1.2423652410507202,2.982055902481079,3,6th-C23_S38,delta,schwann,fluidigmc1,1.1915315389633179
5145,16.751602172851562,-0.04032096639275551,1,6th-C24_S37,delta,gamma,fluidigmc1,2.185227394104004
5146,-2.482339382171631,2.7178914546966553,3,6th-C25_S43,beta,schwann,fluidigmc1,1.656517505645752
5147,-2.29457426071167,2.6456494331359863,3,6th-C28_S49,beta,schwann,fluidigmc1,1.5236899852752686
5148,-1.0308947563171387,1.8641488552093506,3,6th-C29_S50,beta,schwann,fluidigmc1,1.484487771987915
5149,-2.00665020942688,2.189554452896118,3,6th-C2_S2,beta,schwann,fluidigmc1,1.5946213006973267
5150,-2.0593743324279785,3.163874864578247,3,6th-C30_S51,beta,schwann,fluidigmc1,1.3405550718307495
5151,17.29662322998047,-2.555755615234375,1,6th-C34_S61,alpha,gamma,fluidigmc1,1.2281545400619507
5152,-0.8937839269638062,2.5201895236968994,3,6th-C40_S73,beta,schwann,fluidigmc1,1.2390782833099365
5153,-1.4141210317611694,2.8114402294158936,3,6th-C42_S75,beta,schwann,fluidigmc1,1.2633625268936157
5154,17.29726791381836,-2.5425851345062256,1,6th-C45_S81,alpha,gamma,fluidigmc1,1.1737130880355835
5155,-0.9731239080429077,1.804269790649414,3,6th-C51_S6,beta,schwann,fluidigmc1,1.5323057174682617
5156,8.93594741821289,-5.667348861694336,10,6th-C53_S10,alpha,Unmatched_10,fluidigmc1,2.0897915363311768
5157,-0.9563351273536682,1.77838134765625,3,6th-C54_S11,beta,schwann,fluidigmc1,1.7999738454818726
5158,-1.4822008609771729,2.1304917335510254,3,6th-C57_S17,beta,schwann,fluidigmc1,1.2284502983093262
5159,-2.186283588409424,2.4749701023101807,3,6th-C58_S20,beta,schwann,fluidigmc1,1.233659029006958
5160,-0.9119315147399902,2.5162594318389893,3,6th-C59_S21,beta,schwann,fluidigmc1,1.2289031744003296
5161,17.270099639892578,-1.296960711479187,1,6th-C5_S8,alpha,gamma,fluidigmc1,0.9772343039512634
5162,-1.525086522102356,2.3043630123138428,3,6th-C62_S25,schwann,schwann,fluidigmc1,2.7779152393341064
5163,17.53038215637207,-1.2577556371688843,1,6th-C63_S26,schwann,gamma,fluidigmc1,2.704634428024292
5164,-2.363827705383301,2.6029305458068848,3,6th-C64_S30,beta,schwann,fluidigmc1,1.5053391456604004
5165,17.28774642944336,-1.7230371236801147,1,6th-C65_S31,alpha,gamma,fluidigmc1,0.9552733898162842
5166,-1.2881557941436768,2.0254900455474854,3,6th-C66_S32,beta,schwann,fluidigmc1,1.2382088899612427
5167,-1.306159496307373,1.7620905637741089,3,6th-C67_S36,beta,schwann,fluidigmc1,1.3860300779342651
5168,-1.7865747213363647,3.1500160694122314,3,6th-C71_S41,beta,schwann,fluidigmc1,1.5469164848327637
5169,-1.0135607719421387,1.8172845840454102,3,6th-C73_S48,beta,schwann,fluidigmc1,1.429855465888977
5170,-1.2323259115219116,2.177485942840576,3,6th-C75_S46,beta,schwann,fluidigmc1,1.2868871688842773
5171,-0.961509644985199,1.7642953395843506,3,6th-C77_S53,beta,schwann,fluidigmc1,2.220879077911377
5172,-1.4665892124176025,2.6579225063323975,3,6th-C79_S60,beta,schwann,fluidigmc1,1.330514907836914
5173,-1.1648001670837402,2.9325883388519287,3,6th-C80_S59,beta,schwann,fluidigmc1,1.3677716255187988
5174,-2.279773473739624,2.5329647064208984,3,6th-C82_S66,beta,schwann,fluidigmc1,1.280044674873352
5175,17.4632568359375,-2.5023422241210938,1,6th-C83_S65,alpha,gamma,fluidigmc1,1.1806858777999878
5176,-2.1025726795196533,2.1440494060516357,3,6th-C84_S64,beta,schwann,fluidigmc1,1.22440505027771
5177,-1.4716293811798096,3.0703985691070557,3,6th-C85_S72,beta,schwann,fluidigmc1,2.049098253250122
5178,17.341339111328125,-0.8665562272071838,1,6th-C87_S70,alpha,gamma,fluidigmc1,1.8150769472122192
5179,-2.318932056427002,2.537451982498169,3,6th-C89_S77,beta,schwann,fluidigmc1,1.6026642322540283
5180,-1.9063011407852173,1.9542210102081299,3,6th-C90_S76,beta,schwann,fluidigmc1,1.2390998601913452
5181,-2.0245954990386963,3.2494957447052,3,6th-C91_S84,beta,schwann,fluidigmc1,1.955651044845581
5182,-0.9725725054740906,2.6903574466705322,3,6th-C93_S82,beta,schwann,fluidigmc1,1.474960446357727
5183,17.078371047973633,-1.6644071340560913,1,6th-C9_S12,alpha,gamma,fluidigmc1,0.9360233545303345
5184,-1.6864033937454224,2.0507376194000244,3,7th-C10_S19,beta,schwann,fluidigmc1,1.5672295093536377
5185,17.698272705078125,-2.0403521060943604,1,7th-C11_S18,alpha,gamma,fluidigmc1,1.3599966764450073
5186,-1.3438082933425903,2.0775725841522217,3,7th-C12_S17,beta,schwann,fluidigmc1,1.226088285446167
5187,17.60266876220703,-1.6903698444366455,1,7th-C14_S24,alpha,gamma,fluidigmc1,1.188525676727295
5188,16.721067428588867,-0.08268468081951141,1,7th-C15_S23,delta,gamma,fluidigmc1,2.064979314804077
5189,8.957186698913574,-5.686983108520508,10,7th-C17_S29,ductal,Unmatched_10,fluidigmc1,2.0897915363311768
5190,-2.4285848140716553,2.600672483444214,3,7th-C19_S36,beta,schwann,fluidigmc1,1.2761279344558716
5191,-2.0536327362060547,2.0440802574157715,3,7th-C1_S3,beta,schwann,fluidigmc1,2.0397987365722656
5192,-1.1042765378952026,1.742469072341919,3,7th-C20_S35,beta,schwann,fluidigmc1,1.732852578163147
5193,-2.1594550609588623,2.195725440979004,3,7th-C21_S34,beta,schwann,fluidigmc1,1.3854844570159912
5194,16.849170684814453,-0.10129357874393463,1,7th-C24_S40,gamma,gamma,fluidigmc1,2.0876033306121826
5195,-1.5737777948379517,2.0587522983551025,3,7th-C25_S43,beta,schwann,fluidigmc1,1.3891372680664062
5196,-2.0042951107025146,2.0192208290100098,3,7th-C28_S48,beta,schwann,fluidigmc1,1.6211376190185547
5197,-1.2569031715393066,1.7993369102478027,3,7th-C2_S2,beta,schwann,fluidigmc1,1.3291329145431519
5198,-1.1148639917373657,1.8231946229934692,3,7th-C31_S53,beta,schwann,fluidigmc1,1.4111870527267456
5199,17.436742782592773,-1.9011272192001343,1,7th-C32_S54,alpha,gamma,fluidigmc1,0.8823512196540833
5200,17.714710235595703,-1.5275686979293823,1,7th-C34_S59,alpha,gamma,fluidigmc1,0.8695159554481506
5201,17.20805549621582,-1.663729190826416,1,7th-C36_S61,alpha,gamma,fluidigmc1,1.0422807931900024
5202,-1.371321678161621,2.0449752807617188,3,7th-C3_S1,beta,schwann,fluidigmc1,1.2151708602905273
5203,6.457324981689453,4.2454142570495605,5,7th-C40_S70,macrophage,macrophage,fluidigmc1,3.993431806564331
5204,6.907406806945801,3.91817307472229,14,7th-C44_S76,mast,epsilon,fluidigmc1,3.993431806564331
5205,-1.566985845565796,2.983034372329712,3,7th-C45_S77,beta,schwann,fluidigmc1,1.226035714149475
5206,8.96616268157959,-5.666141510009766,10,7th-C47_S81,ductal,Unmatched_10,fluidigmc1,2.0206453800201416
5207,16.938690185546875,-1.6714850664138794,1,7th-C49_S4,alpha,gamma,fluidigmc1,1.0982972383499146
5208,-1.8574053049087524,1.9550926685333252,3,7th-C4_S8,beta,schwann,fluidigmc1,1.289482593536377
5209,-0.974094569683075,2.240312337875366,3,7th-C50_S5,beta,schwann,fluidigmc1,1.4380744695663452
5210,-2.0749151706695557,2.0906713008880615,3,7th-C52_S9,beta,schwann,fluidigmc1,1.4503543376922607
5211,-0.9554963707923889,2.486219882965088,3,7th-C53_S10,beta,schwann,fluidigmc1,1.3243399858474731
5212,16.934951782226562,-0.0701935812830925,1,7th-C56_S15,delta,gamma,fluidigmc1,2.2605996131896973
5213,-1.6735056638717651,1.9684913158416748,3,7th-C57_S16,beta,schwann,fluidigmc1,1.3868647813796997
5214,17.80653190612793,-1.5584434270858765,1,7th-C58_S20,alpha,gamma,fluidigmc1,1.3637055158615112
5215,-1.2166861295700073,1.8365124464035034,3,7th-C59_S21,beta,schwann,fluidigmc1,1.4687968492507935
5216,-1.8184430599212646,1.9607079029083252,3,7th-C60_S22,beta,schwann,fluidigmc1,1.4884681701660156
5217,-1.636193871498108,3.1384057998657227,3,7th-C62_S27,beta,schwann,fluidigmc1,1.584531307220459
5218,-1.0680209398269653,1.778008222579956,3,7th-C64_S31,beta,schwann,fluidigmc1,1.860922932624817
5219,-1.7375786304473877,1.8654316663742065,3,7th-C65_S32,beta,schwann,fluidigmc1,1.5251522064208984
5220,-1.0225070714950562,1.8003768920898438,3,7th-C66_S33,beta,schwann,fluidigmc1,1.630744218826294
5221,17.03444480895996,-0.2272792011499405,1,7th-C68_S38,delta,gamma,fluidigmc1,2.42513108253479
5222,17.876367568969727,-1.5000239610671997,1,7th-C69_S39,alpha,gamma,fluidigmc1,0.9605026841163635
5223,16.788637161254883,0.041232552379369736,1,7th-C72_S42,delta,gamma,fluidigmc1,2.3335676193237305
5224,-1.409774899482727,2.0735535621643066,3,7th-C73_S47,beta,schwann,fluidigmc1,1.3693678379058838
5225,9.23692512512207,-3.9905455112457275,14,7th-C76_S52,ductal,epsilon,fluidigmc1,1.923053503036499
5226,-1.8206382989883423,2.37667179107666,3,7th-C77_S51,beta,schwann,fluidigmc1,1.6235188245773315
5227,16.978357315063477,-1.6487525701522827,1,7th-C79_S58,alpha,gamma,fluidigmc1,1.1926909685134888
5228,-1.7170263528823853,1.9292863607406616,3,7th-C80_S57,beta,schwann,fluidigmc1,1.4066520929336548
5229,9.053935050964355,-5.6471357345581055,14,7th-C81_S56,ductal,epsilon,fluidigmc1,2.073986053466797
5230,16.742341995239258,-0.047058552503585815,1,7th-C82_S64,gamma,gamma,fluidigmc1,2.059481382369995
5231,-1.0296244621276855,1.8186511993408203,3,7th-C84_S62,beta,schwann,fluidigmc1,1.5861072540283203
5232,17.174449920654297,-2.463395833969116,1,7th-C85_S69,alpha,gamma,fluidigmc1,1.444388747215271
5233,8.954859733581543,-5.680882930755615,10,7th-C88_S75,ductal,Unmatched_10,fluidigmc1,2.0897915363311768
5234,-0.9134719967842102,2.4745895862579346,3,7th-C89_S74,beta,schwann,fluidigmc1,1.1491589546203613
5235,-0.937173068523407,2.1579699516296387,3,7th-C8_S13,beta,schwann,fluidigmc1,1.4145069122314453
5236,-0.9336078763008118,2.4015817642211914,3,7th-C90_S73,beta,schwann,fluidigmc1,1.5125670433044434
5237,-1.8735475540161133,2.5933752059936523,3,7th-C94_S83,beta,schwann,fluidigmc1,1.2165712118148804
5238,-1.3899520635604858,2.7038986682891846,3,7th-C96_S82,beta,schwann,fluidigmc1,1.2677526473999023
5239,-1.7543563842773438,2.359342098236084,3,8th-C10_S100,beta,schwann,fluidigmc1,1.605022668838501
5240,17.9023494720459,-1.468576192855835,1,8th-C11_S99,alpha,gamma,fluidigmc1,0.9490686655044556
5241,-2.5313217639923096,2.8328676223754883,3,8th-C18_S110,beta,schwann,fluidigmc1,2.3983209133148193
5242,17.797992706298828,-1.1894242763519287,1,8th-C20_S116,alpha,gamma,fluidigmc1,1.166589379310608
5243,17.210159301757812,-2.2512967586517334,1,8th-C21_S115,alpha,gamma,fluidigmc1,1.1030768156051636
5244,17.37769889831543,-2.5352556705474854,1,8th-C23_S121,alpha,gamma,fluidigmc1,1.141882300376892
5245,-1.0127229690551758,1.876098394393921,3,8th-C24_S120,beta,schwann,fluidigmc1,1.4020483493804932
5246,17.367446899414062,-1.350125789642334,1,8th-C26_S126,alpha,gamma,fluidigmc1,2.5262768268585205
5247,17.12111473083496,-2.4391396045684814,1,8th-C28_S131,alpha,gamma,fluidigmc1,0.9693505167961121
5248,-1.0593080520629883,1.795538067817688,3,8th-C2_S85,beta,schwann,fluidigmc1,1.5288625955581665
5249,17.696086883544922,-1.45222806930542,1,8th-C34_S141,alpha,gamma,fluidigmc1,0.9412133097648621
5250,17.362163543701172,-2.0532124042510986,1,8th-C37_S146,alpha,gamma,fluidigmc1,0.9869924783706665
5251,-1.4879465103149414,2.071604013442993,3,8th-C38_S147,beta,schwann,fluidigmc1,1.25434148311615
5252,-1.1219346523284912,2.8622496128082275,3,8th-C44_S155,beta,schwann,fluidigmc1,1.4478365182876587
5253,-1.4558287858963013,1.7791744470596313,3,8th-C47_S160,beta,schwann,fluidigmc1,1.3530319929122925
5254,17.623794555664062,-0.8378535509109497,1,8th-C55_S96,alpha,gamma,fluidigmc1,1.2317453622817993
5255,17.752273559570312,-2.0423872470855713,1,8th-C57_S98,alpha,gamma,fluidigmc1,1.549797534942627
5256,17.615028381347656,-1.2479792833328247,1,8th-C58_S101,alpha,gamma,fluidigmc1,1.582724928855896
5257,17.826520919799805,-1.3560212850570679,1,8th-C59_S102,alpha,gamma,fluidigmc1,1.2651033401489258
5258,-1.5997042655944824,2.9542973041534424,3,8th-C61_S107,beta,schwann,fluidigmc1,1.7716054916381836
5259,17.6315860748291,-1.4595732688903809,1,8th-C64_S112,alpha,gamma,fluidigmc1,0.8622137308120728
5260,-1.9626734256744385,3.1931204795837402,3,8th-C65_S113,beta,schwann,fluidigmc1,1.3851284980773926
5261,9.18121337890625,-5.719197750091553,14,8th-C67_S117,ductal,epsilon,fluidigmc1,2.0897915363311768
5262,16.736417770385742,-0.07488642632961273,1,8th-C69_S119,gamma,gamma,fluidigmc1,2.2419872283935547
5263,16.765626907348633,-0.018799811601638794,1,8th-C6_S88,delta,gamma,fluidigmc1,2.2087388038635254
5264,-1.1043611764907837,1.7987443208694458,3,8th-C70_S123,beta,schwann,fluidigmc1,1.5123088359832764
5265,9.142294883728027,-5.751469135284424,9,8th-C73_S130,ductal,ductal,fluidigmc1,2.0897915363311768
5266,17.635868072509766,-1.712369441986084,1,8th-C74_S129,alpha,gamma,fluidigmc1,1.1594147682189941
5267,-1.3470479249954224,1.7445311546325684,3,8th-C75_S128,beta,schwann,fluidigmc1,1.5713073015213013
5268,17.138463973999023,-1.6622003316879272,1,8th-C79_S140,alpha,gamma,fluidigmc1,0.9660631418228149
5269,17.182933807373047,-1.3123337030410767,1,8th-C7_S95,alpha,gamma,fluidigmc1,1.0203986167907715
5270,16.746685028076172,-0.05203019082546234,1,8th-C84_S143,delta,gamma,fluidigmc1,2.0268681049346924
5271,17.862831115722656,-1.5481483936309814,1,8th-C85_S150,alpha,gamma,fluidigmc1,0.8679400682449341
5272,-1.458932638168335,2.7668917179107666,3,8th-C87_S148,beta,schwann,fluidigmc1,1.2407532930374146
5273,17.053556442260742,-2.380903720855713,1,8th-C90_S152,alpha,gamma,fluidigmc1,1.4259123802185059
5274,16.8116397857666,-0.05594715103507042,1,8th-C91_S158,gamma,gamma,fluidigmc1,2.1555662155151367
5275,16.894746780395508,-0.005619490519165993,1,8th-C92_S157,gamma,gamma,fluidigmc1,2.426176071166992
5276,17.40341567993164,-2.543970823287964,1,8th-C94_S162,alpha,gamma,fluidigmc1,1.262349009513855
5277,17.881534576416016,-1.5301235914230347,1,8th-C95_S161,alpha,gamma,fluidigmc1,1.0462076663970947
5278,-0.958214282989502,2.4562103748321533,3,9th-C10_S18,beta,schwann,fluidigmc1,1.2513341903686523
5279,-1.4508260488510132,2.688674211502075,3,9th-C11_S17,beta,schwann,fluidigmc1,1.2127593755722046
5280,-2.4846930503845215,2.705204963684082,3,9th-C13_S24,beta,schwann,fluidigmc1,1.310036301612854
5281,-2.371979236602783,2.5286080837249756,3,9th-C14_S23,beta,schwann,fluidigmc1,1.6161484718322754
5282,17.703248977661133,-0.969950795173645,1,9th-C15_S22,alpha,gamma,fluidigmc1,1.6399770975112915
5283,-1.6371386051177979,3.0478010177612305,3,9th-C16_S30,beta,schwann,fluidigmc1,1.2454288005828857
5284,17.60797882080078,-2.177574634552002,1,9th-C17_S29,alpha,gamma,fluidigmc1,1.1927984952926636
5285,17.365808486938477,-2.064357042312622,1,9th-C19_S36,alpha,gamma,fluidigmc1,1.0423457622528076
5286,-2.441824197769165,2.9017510414123535,3,9th-C1_S3,beta,schwann,fluidigmc1,1.7504812479019165
5287,17.49633026123047,-2.3519694805145264,1,9th-C20_S35,alpha,gamma,fluidigmc1,1.006233811378479
5288,-1.7604538202285767,-6.23095703125,0,9th-C22_S41,schwann,activated_stellate,fluidigmc1,2.8589842319488525
5289,-2.3304874897003174,2.453162908554077,3,9th-C25_S45,beta,schwann,fluidigmc1,1.30452299118042
5290,16.877553939819336,0.012270641513168812,1,9th-C28_S50,delta,gamma,fluidigmc1,2.3227169513702393
5291,17.570728302001953,-0.8899285197257996,1,9th-C29_S51,alpha,gamma,fluidigmc1,1.2888928651809692
5292,-1.0486770868301392,-7.381485939025879,0,9th-C2_S2,activated_stellate,activated_stellate,fluidigmc1,2.450577974319458
5293,17.258806228637695,-1.261500597000122,1,9th-C30_S52,alpha,gamma,fluidigmc1,1.101755976676941
5294,14.934022903442383,-10.654990196228027,2,9th-C36_S59,endothelial,endothelial,fluidigmc1,3.76180362701416
5295,-1.606666088104248,2.9855055809020996,3,9th-C38_S64,beta,schwann,fluidigmc1,1.2899501323699951
5296,-2.083035707473755,3.185791254043579,3,9th-C3_S1,beta,schwann,fluidigmc1,1.5959581136703491
5297,17.5968017578125,-0.8151472210884094,1,9th-C40_S69,alpha,gamma,fluidigmc1,1.9659596681594849
5298,-1.607513666152954,2.976358652114868,3,9th-C41_S70,beta,schwann,fluidigmc1,1.4727771282196045
5299,-1.189668893814087,2.9520809650421143,3,9th-C46_S79,beta,schwann,fluidigmc1,2.081592559814453
5300,17.606807708740234,-2.2402379512786865,1,9th-C49_S4,alpha,gamma,fluidigmc1,1.1709437370300293
5301,-2.309656858444214,2.4385123252868652,3,9th-C51_S6,beta,schwann,fluidigmc1,1.4471886157989502
5302,17.241443634033203,-2.237245798110962,1,9th-C52_S10,alpha,gamma,fluidigmc1,1.4519308805465698
5303,16.830028533935547,-1.162133812904358,1,9th-C57_S16,beta,gamma,fluidigmc1,1.7070679664611816
5304,-1.6711066961288452,2.6426405906677246,3,9th-C59_S20,beta,schwann,fluidigmc1,1.5743099451065063
5305,17.55002784729004,-0.7873188257217407,1,9th-C5_S8,mast,gamma,fluidigmc1,1.4338761568069458
5306,9.17481803894043,-5.737982273101807,9,9th-C61_S25,ductal,ductal,fluidigmc1,2.0897915363311768
5307,17.73130989074707,-1.0118777751922607,1,9th-C62_S26,alpha,gamma,fluidigmc1,1.2280056476593018
5308,17.72846221923828,-1.4989092350006104,1,9th-C64_S31,alpha,gamma,fluidigmc1,0.8470265865325928
5309,-0.9491094350814819,2.663146495819092,3,9th-C65_S32,beta,schwann,fluidigmc1,1.2557891607284546
5310,17.494600296020508,-0.833758533000946,1,9th-C66_S33,gamma,gamma,fluidigmc1,1.691929578781128
5311,17.742568969726562,-2.0580062866210938,1,9th-C67_S37,alpha,gamma,fluidigmc1,1.4143080711364746
5312,-1.2078837156295776,1.9756208658218384,3,9th-C69_S39,beta,schwann,fluidigmc1,1.363243579864502
5313,-2.2694692611694336,3.0785276889801025,3,9th-C6_S7,beta,schwann,fluidigmc1,1.7919442653656006
5314,-2.0151095390319824,3.1921091079711914,3,9th-C70_S42,beta,schwann,fluidigmc1,1.514992117881775
5315,17.797870635986328,-1.566758632659912,1,9th-C74_S48,alpha,gamma,fluidigmc1,0.9730342030525208
5316,16.76215171813965,-1.5508558750152588,1,9th-C75_S47,alpha,gamma,fluidigmc1,1.947681188583374
5317,17.868906021118164,-1.3380812406539917,1,9th-C77_S53,alpha,gamma,fluidigmc1,1.157239317893982
5318,16.717700958251953,-0.13576887547969818,1,9th-C79_S57,gamma,gamma,fluidigmc1,2.1632754802703857
5319,17.383054733276367,-1.2729328870773315,1,9th-C80_S56,alpha,gamma,fluidigmc1,0.8983958959579468
5320,-1.1026723384857178,1.7795747518539429,3,9th-C81_S55,beta,schwann,fluidigmc1,1.5238111019134521
5321,17.78893280029297,-1.6031330823898315,1,9th-C83_S61,alpha,gamma,fluidigmc1,0.8490256071090698
5322,16.89212417602539,-0.0657792016863823,1,9th-C84_S60,epsilon,gamma,fluidigmc1,1.964389681816101
5323,17.27072525024414,-2.4087741374969482,1,9th-C85_S68,alpha,gamma,fluidigmc1,0.9835233688354492
5324,-1.9683222770690918,3.2452571392059326,3,9th-C86_S67,beta,schwann,fluidigmc1,1.8008232116699219
5325,17.186279296875,-2.506716251373291,1,9th-C87_S66,alpha,gamma,fluidigmc1,1.341038703918457
5326,-2.395155429840088,2.5814404487609863,3,9th-C88_S73,beta,schwann,fluidigmc1,1.4239736795425415
5327,-1.8057974576950073,3.1814615726470947,3,9th-C89_S72,beta,schwann,fluidigmc1,1.57619047164917
5328,-0.9068107604980469,1.8572343587875366,3,9th-C8_S14,beta,schwann,fluidigmc1,2.167046308517456
5329,-2.376765727996826,2.60109543800354,3,9th-C91_S78,beta,schwann,fluidigmc1,1.9088765382766724
5330,17.359508514404297,-2.4739608764648438,1,9th-C92_S77,alpha,gamma,fluidigmc1,1.0822741985321045
5331,-1.6428426504135132,2.6165835857391357,3,9th-C93_S76,beta,schwann,fluidigmc1,1.6366127729415894
5332,-2.1083555221557617,2.1152358055114746,3,9th-C94_S83,beta,schwann,fluidigmc1,1.4930403232574463
5333,8.482637405395508,-4.972705364227295,14,9th-C96_S81,endothelial,epsilon,fluidigmc1,2.0897915363311768
5334,16.83184814453125,-1.734255075454712,1,9th-C9_S13,alpha,gamma,fluidigmc1,1.186333417892456
5335,16.285932540893555,6.457086086273193,7,D2ex_1,acinar,acinar,celseq,1.2069566249847412
5336,16.7221622467041,6.89309549331665,7,D2ex_2,acinar,acinar,celseq,1.6156264543533325
5337,16.709196090698242,6.808777332305908,7,D2ex_3,acinar,acinar,celseq,1.0589330196380615
5338,7.550246238708496,-2.5925800800323486,9,D2ex_4,ductal,ductal,celseq,1.1424111127853394
5339,6.7191290855407715,-2.6583569049835205,9,D2ex_5,ductal,ductal,celseq,0.8812316060066223
5340,8.376228332519531,-4.575204372406006,9,D2ex_6,ductal,ductal,celseq,1.3245137929916382
5341,8.444334030151367,-4.626338958740234,9,D2ex_7,ductal,ductal,celseq,1.262508511543274
5342,7.6843109130859375,-3.4431583881378174,9,D2ex_8,ductal,ductal,celseq,1.0130507946014404
5343,7.639105796813965,-2.6244704723358154,9,D2ex_9,ductal,ductal,celseq,0.9235032200813293
5344,17.308242797851562,8.642074584960938,7,D2ex_10,acinar,acinar,celseq,1.234546184539795
5345,19.131149291992188,7.353549480438232,8,D2ex_11,ductal,quiescent_stellate,celseq,2.2282769680023193
5346,7.907022953033447,-3.4457478523254395,9,D2ex_12,ductal,ductal,celseq,0.9022652506828308
5347,17.543964385986328,9.884088516235352,7,D2ex_13,acinar,acinar,celseq,2.026294708251953
5348,7.25852108001709,-3.343961000442505,9,D2ex_14,ductal,ductal,celseq,1.1572297811508179
5349,16.541305541992188,6.6776041984558105,7,D2ex_15,acinar,acinar,celseq,0.8787732124328613
5350,16.404464721679688,6.591091156005859,7,D2ex_16,acinar,acinar,celseq,0.7922212481498718
5351,6.675296783447266,-4.050887584686279,9,D2ex_17,ductal,ductal,celseq,1.833053469657898
5352,17.415569305419922,7.465689182281494,7,D2ex_18,acinar,acinar,celseq,0.7118812203407288
5353,7.569822788238525,-3.430058479309082,9,D2ex_19,ductal,ductal,celseq,0.9415218234062195
5354,6.647939205169678,-2.776360273361206,9,D2ex_20,ductal,ductal,celseq,1.0068870782852173
5355,17.329853057861328,8.509156227111816,7,D2ex_21,acinar,acinar,celseq,0.767047107219696
5356,7.171014785766602,-3.903848171234131,9,D2ex_22,ductal,ductal,celseq,1.493820071220398
5357,7.132612228393555,-3.959216833114624,9,D2ex_23,ductal,ductal,celseq,1.6735185384750366
5358,16.28327751159668,6.491830348968506,7,D2ex_24,acinar,acinar,celseq,1.1060106754302979
5359,8.099363327026367,-4.3278703689575195,9,D2ex_25,ductal,ductal,celseq,1.2899575233459473
5360,15.70360279083252,6.270783424377441,7,D2ex_26,acinar,acinar,celseq,1.3113394975662231
5361,7.869519233703613,-4.000368595123291,9,D2ex_27,ductal,ductal,celseq,1.3220394849777222
5362,17.753812789916992,9.528188705444336,7,D2ex_28,acinar,acinar,celseq,1.6099803447723389
5363,9.292329788208008,-4.637413501739502,9,D2ex_29,ductal,ductal,celseq,1.2895439863204956
5364,6.752288818359375,-4.06345796585083,9,D2ex_30,ductal,ductal,celseq,1.8291569948196411
5365,7.743433475494385,-3.50964617729187,9,D2ex_33,ductal,ductal,celseq,0.8985400199890137
5366,17.606550216674805,7.292187213897705,7,D2ex_34,acinar,acinar,celseq,0.6771001219749451
5367,6.9510908126831055,-2.9923462867736816,9,D2ex_35,ductal,ductal,celseq,0.8110902309417725
5368,7.866084098815918,-3.4632885456085205,9,D2ex_36,ductal,ductal,celseq,0.8554757237434387
5369,15.009312629699707,5.994777679443359,7,D2ex_37,acinar,acinar,celseq,1.4047669172286987
5370,6.718965530395508,-3.8142707347869873,9,D2ex_38,ductal,ductal,celseq,1.5881291627883911
5371,-9.331650733947754,1.9170944690704346,4,D2ex_39,beta,beta,celseq,0.6032199859619141
5372,15.4763822555542,6.206233024597168,7,D2ex_40,acinar,acinar,celseq,1.1710262298583984
5373,16.099878311157227,6.521646022796631,7,D2ex_41,acinar,acinar,celseq,1.2040587663650513
5374,6.915689945220947,-4.067152976989746,9,D2ex_42,acinar,ductal,celseq,1.781101942062378
5375,-9.173129081726074,1.2799568176269531,4,D2ex_43,beta,beta,celseq,0.7167820334434509
5376,16.96739959716797,7.5460615158081055,7,D2ex_44,acinar,acinar,celseq,1.0241186618804932
5377,18.25865364074707,7.725721836090088,7,D2ex_46,acinar,acinar,celseq,1.8597115278244019
5378,7.119072437286377,-3.0282790660858154,9,D2ex_47,ductal,ductal,celseq,0.8340004682540894
5379,19.120328903198242,7.363068103790283,14,D2ex_49,ductal,epsilon,celseq,2.2282769680023193
5380,16.74539566040039,7.158205509185791,7,D2ex_51,acinar,acinar,celseq,2.1318492889404297
5381,6.66519832611084,-4.074331283569336,9,D2ex_52,ductal,ductal,celseq,1.940955638885498
5382,6.916518211364746,-3.7336132526397705,9,D2ex_53,ductal,ductal,celseq,1.6393215656280518
5383,6.995941162109375,-4.049323558807373,9,D2ex_55,ductal,ductal,celseq,1.4796100854873657
5384,7.951333045959473,-4.066091060638428,9,D2ex_56,ductal,ductal,celseq,1.167885184288025
5385,7.835633277893066,-3.848595142364502,9,D2ex_57,ductal,ductal,celseq,1.1498833894729614
5386,19.120126724243164,7.369863033294678,8,D2ex_58,ductal,quiescent_stellate,celseq,2.2282769680023193
5387,16.37318229675293,6.516732215881348,7,D2ex_59,acinar,acinar,celseq,1.104551076889038
5388,17.11155891418457,6.977060317993164,7,D2ex_61,acinar,acinar,celseq,1.156171202659607
5389,8.410481452941895,-4.32098388671875,9,D2ex_62,ductal,ductal,celseq,1.079453468322754
5390,17.527559280395508,9.261852264404297,7,D2ex_66,acinar,acinar,celseq,0.8659342527389526
5391,6.572790622711182,-2.5333712100982666,9,D2ex_67,ductal,ductal,celseq,1.0294692516326904
5392,7.004745006561279,-4.130695343017578,9,D2ex_68,ductal,ductal,celseq,1.860062599182129
5393,17.46265983581543,8.868669509887695,7,D2ex_69,acinar,acinar,celseq,0.9333153367042542
5394,17.838306427001953,7.469427108764648,7,D2ex_70,acinar,acinar,celseq,0.9695776700973511
5395,6.6119914054870605,-3.6661036014556885,9,D2ex_71,ductal,ductal,celseq,1.6372177600860596
5396,7.1568379402160645,-4.003892421722412,9,D2ex_72,ductal,ductal,celseq,1.3147764205932617
5397,19.189159393310547,7.310089588165283,8,D2ex_73,ductal,quiescent_stellate,celseq,2.2282769680023193
5398,6.642037868499756,-4.054482936859131,9,D2ex_74,ductal,ductal,celseq,2.0380074977874756
5399,7.0845513343811035,-3.97867751121521,9,D2ex_75,ductal,ductal,celseq,1.674471139907837
5400,17.338680267333984,7.511869430541992,7,D2ex_76,acinar,acinar,celseq,0.7896876335144043
5401,6.95235013961792,-4.109312057495117,9,D2ex_77,ductal,ductal,celseq,1.9223133325576782
5402,-7.51192045211792,4.509798526763916,4,D2ex_78,beta,beta,celseq,2.7749249935150146
5403,17.39529800415039,8.62316608428955,7,D2ex_79,acinar,acinar,celseq,1.0351085662841797
5404,6.721648693084717,-3.83911395072937,9,D2ex_82,ductal,ductal,celseq,1.5260571241378784
5405,6.979955196380615,-4.048169136047363,9,D2ex_83,ductal,ductal,celseq,1.6868432760238647
5406,6.669540882110596,-3.8413074016571045,9,D2ex_84,ductal,ductal,celseq,1.7455379962921143
5407,6.510964393615723,-3.2409300804138184,9,D2ex_85,ductal,ductal,celseq,1.3704054355621338
5408,15.674163818359375,6.235737323760986,7,D2ex_86,acinar,acinar,celseq,1.2738864421844482
5409,8.586181640625,-3.8807995319366455,9,D2ex_88,ductal,ductal,celseq,1.211824893951416
5410,6.839695930480957,-3.7459352016448975,9,D2ex_89,ductal,ductal,celseq,1.316705584526062
5411,17.784465789794922,9.53912353515625,7,D2ex_90,ductal,acinar,celseq,2.1551320552825928
5412,17.843597412109375,9.316961288452148,7,D2ex_92,acinar,acinar,celseq,1.3160220384597778
5413,16.702695846557617,7.016326427459717,7,D3en1_1,acinar,acinar,celseq,1.2980488538742065
5414,16.86180877685547,7.133806228637695,7,D3en1_5,acinar,acinar,celseq,1.3461273908615112
5415,16.718990325927734,6.983764171600342,7,D3en1_10,acinar,acinar,celseq,1.0049760341644287
5416,17.95196533203125,7.941470623016357,7,D3en1_11,acinar,acinar,celseq,0.8412836194038391
5417,16.136642456054688,6.582087993621826,7,D3en1_13,acinar,acinar,celseq,1.0145304203033447
5418,18.01972007751465,7.434618949890137,7,D3en1_26,acinar,acinar,celseq,2.000636100769043
5419,19.170257568359375,7.323911190032959,8,D3en1_29,ductal,quiescent_stellate,celseq,2.2282769680023193
5420,8.207012176513672,-4.1238884925842285,9,D3en1_30,ductal,ductal,celseq,1.0788668394088745
5421,17.50342559814453,8.225130081176758,7,D3en1_37,acinar,acinar,celseq,1.053830862045288
5422,16.257322311401367,6.526123523712158,7,D3en1_41,acinar,acinar,celseq,1.1599185466766357
5423,17.576745986938477,7.251861095428467,7,D3en1_45,acinar,acinar,celseq,1.015683889389038
5424,18.030317306518555,7.954240798950195,7,D3en1_48,acinar,acinar,celseq,1.454999327659607
5425,15.748300552368164,6.267108917236328,7,D3en1_49,acinar,acinar,celseq,1.1490614414215088
5426,6.620144367218018,-2.9448838233947754,9,D3en1_50,ductal,ductal,celseq,1.0051707029342651
5427,17.918333053588867,7.495047092437744,7,D3en1_56,acinar,acinar,celseq,1.0850625038146973
5428,19.142488479614258,7.349798202514648,8,D3en1_60,ductal,quiescent_stellate,celseq,2.2282769680023193
5429,-5.701452732086182,17.69236183166504,14,D3en1_63,beta,epsilon,celseq,2.039834976196289
5430,17.153364181518555,7.912793159484863,7,D3en1_68,acinar,acinar,celseq,1.1190788745880127
5431,-7.541224479675293,3.6303515434265137,4,D3en1_69,beta,beta,celseq,1.3236045837402344
5432,6.802052974700928,-2.796353340148926,9,D3en1_71,ductal,ductal,celseq,0.8978559970855713
5433,17.89698028564453,7.463868618011475,7,D3en1_73,acinar,acinar,celseq,0.9869023561477661
5434,7.437518119812012,-3.252985954284668,9,D3en1_75,ductal,ductal,celseq,0.953760027885437
5435,6.657163619995117,-4.056529521942139,9,D3en1_79,ductal,ductal,celseq,1.8063545227050781
5436,17.865062713623047,7.900417804718018,7,D3en1_84,acinar,acinar,celseq,1.2573208808898926
5437,6.646208763122559,-2.7548253536224365,9,D3en1_87,ductal,ductal,celseq,1.0817244052886963
5438,7.269486904144287,-3.282921075820923,9,D3en1_88,ductal,ductal,celseq,1.1659883260726929
5439,15.1821870803833,6.112458229064941,7,D3en2_5,acinar,acinar,celseq,1.243587851524353
5440,16.69227409362793,6.987506866455078,7,D3en2_6,acinar,acinar,celseq,0.9740356206893921
5441,16.99074363708496,7.317095756530762,7,D3en2_16,acinar,acinar,celseq,0.8980168104171753
5442,17.884511947631836,7.5134758949279785,7,D3en2_21,acinar,acinar,celseq,0.9159731864929199
5443,18.15944480895996,7.87174129486084,7,D3en2_23,acinar,acinar,celseq,1.7221980094909668
5444,19.180160522460938,7.318624019622803,14,D3en2_24,ductal,epsilon,celseq,2.2282769680023193
5445,16.25506591796875,6.595426559448242,7,D3en2_25,acinar,acinar,celseq,1.4122724533081055
5446,16.75598907470703,6.920782089233398,7,D3en2_26,acinar,acinar,celseq,1.0364396572113037
5447,17.859771728515625,7.538868427276611,7,D3en2_27,acinar,acinar,celseq,1.0026216506958008
5448,16.289989471435547,6.584738731384277,7,D3en2_31,acinar,acinar,celseq,0.9132708311080933
5449,17.266355514526367,6.994846343994141,7,D3en2_32,acinar,acinar,celseq,0.8598260283470154
5450,17.129079818725586,7.734160900115967,7,D3en2_33,acinar,acinar,celseq,1.0204756259918213
5451,16.708126068115234,6.933688163757324,7,D3en2_37,acinar,acinar,celseq,0.9225887060165405
5452,17.902023315429688,7.503440856933594,7,D3en2_39,acinar,acinar,celseq,0.7865197658538818
5453,16.782939910888672,7.000502586364746,7,D3en2_42,acinar,acinar,celseq,0.7599462270736694
5454,17.21723175048828,8.2031831741333,7,D3en2_45,acinar,acinar,celseq,0.9568943381309509
5455,17.622587203979492,7.268372535705566,7,D3en2_48,acinar,acinar,celseq,0.7780988216400146
5456,15.999789237976074,6.341154098510742,7,D3en2_57,acinar,acinar,celseq,1.162695288658142
5457,8.870163917541504,15.571127891540527,12,D3en2_58,alpha,alpha,celseq,0.5499293208122253
5458,8.262388229370117,-4.398934841156006,9,D3en2_60,ductal,ductal,celseq,1.2153270244598389
5459,7.314446449279785,-3.3422632217407227,9,D3en2_62,ductal,ductal,celseq,1.149106740951538
5460,17.851482391357422,7.7238545417785645,7,D3en2_66,acinar,acinar,celseq,1.016808271408081
5461,19.183279037475586,7.316522598266602,14,D3en2_68,ductal,epsilon,celseq,2.2282769680023193
5462,6.8094329833984375,-3.963132381439209,14,D3en2_71,ductal,epsilon,celseq,2.0897915363311768
5463,17.532190322875977,7.201961517333984,7,D3en2_72,acinar,acinar,celseq,0.7529605031013489
5464,17.558605194091797,7.256823539733887,7,D3en2_74,acinar,acinar,celseq,0.778971254825592
5465,17.113170623779297,7.264380931854248,7,D3en2_90,acinar,acinar,celseq,0.8871222734451294
5466,7.290799617767334,-3.348524808883667,9,D3en2_91,ductal,ductal,celseq,1.0595206022262573
5467,17.221336364746094,7.01032829284668,7,D3en3_2,acinar,acinar,celseq,0.9240170121192932
5468,6.662646293640137,-4.073896408081055,9,D3en3_6,ductal,ductal,celseq,2.0897915363311768
5469,17.29244041442871,7.069413661956787,7,D3en3_9,acinar,acinar,celseq,1.161534070968628
5470,15.830469131469727,6.293650150299072,7,D3en3_39,acinar,acinar,celseq,1.1470892429351807
5471,17.547515869140625,7.255113124847412,7,D3en3_46,acinar,acinar,celseq,0.6010801196098328
5472,17.581933975219727,7.768064975738525,7,D3en3_50,acinar,acinar,celseq,1.100228190422058
5473,-7.937758445739746,0.4223993420600891,4,D3en3_51,beta,beta,celseq,0.8748061656951904
5474,6.556790351867676,-3.3911359310150146,9,D3en3_53,ductal,ductal,celseq,1.2918298244476318
5475,17.541322708129883,7.144326210021973,7,D3en3_64,acinar,acinar,celseq,0.7919939756393433
5476,18.094768524169922,8.318062782287598,7,D3en3_68,acinar,acinar,celseq,1.2755489349365234
5477,18.04124641418457,8.17808723449707,7,D3en3_72,acinar,acinar,celseq,1.0394848585128784
5478,-5.631955623626709,17.36697006225586,14,D3en3_75,delta,epsilon,celseq,2.0093607902526855
5479,7.012341499328613,-3.0063657760620117,9,D3en3_87,ductal,ductal,celseq,0.8347387909889221
5480,17.92983627319336,7.592839241027832,7,D3en3_89,acinar,acinar,celseq,1.3764197826385498
5481,19.165210723876953,7.327820777893066,8,D3en4_4,ductal,quiescent_stellate,celseq,2.2282769680023193
5482,7.072154998779297,-4.117424964904785,9,D3en4_6,ductal,ductal,celseq,1.8088068962097168
5483,17.508684158325195,9.238104820251465,7,D3en4_7,acinar,acinar,celseq,0.990656316280365
5484,17.78924560546875,7.713231563568115,7,D3en4_8,acinar,acinar,celseq,0.718704879283905
5485,17.442750930786133,8.86552906036377,7,D3en4_9,acinar,acinar,celseq,0.8871551752090454
5486,17.07657241821289,7.30959939956665,7,D3en4_12,acinar,acinar,celseq,0.9362322688102722
5487,17.80278778076172,7.91239595413208,7,D3en4_14,acinar,acinar,celseq,1.036621332168579
5488,16.422746658325195,6.601841926574707,7,D3en4_20,acinar,acinar,celseq,0.8698890209197998
5489,6.915164470672607,15.90478801727295,12,D3en4_22,alpha,alpha,celseq,1.0182557106018066
5490,6.561402320861816,-3.4690775871276855,9,D3en4_23,ductal,ductal,celseq,1.3021442890167236
5491,17.7906436920166,8.186508178710938,7,D3en4_25,acinar,acinar,celseq,0.8995930552482605
5492,16.966655731201172,6.8973822593688965,7,D3en4_26,acinar,acinar,celseq,0.7550857663154602
5493,18.40530014038086,7.649448871612549,7,D3en4_30,acinar,acinar,celseq,2.1988637447357178
5494,17.146709442138672,6.960478782653809,7,D3en4_31,acinar,acinar,celseq,0.8297072649002075
5495,16.490283966064453,6.620985507965088,7,D3en4_32,acinar,acinar,celseq,0.9176049828529358
5496,-5.35914945602417,17.956295013427734,13,D3en4_33,delta,delta,celseq,1.1411515474319458
5497,16.220857620239258,6.510018348693848,7,D3en4_35,acinar,acinar,celseq,0.9576392769813538
5498,17.900514602661133,8.031224250793457,7,D3en4_39,acinar,acinar,celseq,0.939421534538269
5499,6.719569683074951,-2.5518205165863037,9,D3en4_41,ductal,ductal,celseq,0.746374785900116
5500,17.63581657409668,8.113697052001953,7,D3en4_42,acinar,acinar,celseq,1.1641191244125366
5501,18.04961585998535,7.460539817810059,7,D3en4_46,acinar,acinar,celseq,2.180753707885742
5502,9.343423843383789,16.85904312133789,12,D3en4_47,alpha,alpha,celseq,0.9780154824256897
5503,18.007429122924805,8.11136245727539,7,D3en4_48,acinar,acinar,celseq,1.2175906896591187
5504,17.62919044494629,7.242255687713623,7,D3en4_54,acinar,acinar,celseq,0.7167662978172302
5505,-7.50302791595459,4.483480930328369,4,D3en4_56,beta,beta,celseq,2.7749249935150146
5506,17.85258674621582,7.4217729568481445,7,D3en4_60,acinar,acinar,celseq,1.3995819091796875
5507,7.348697185516357,-2.918886423110962,9,D3en4_61,ductal,ductal,celseq,0.7945851683616638
5508,6.873245716094971,-2.83473539352417,9,D3en4_63,ductal,ductal,celseq,0.7765673995018005
5509,6.700014114379883,-4.0734968185424805,9,D3en4_64,ductal,ductal,celseq,1.9759984016418457
5510,6.36879825592041,-2.4055681228637695,9,D3en4_65,ductal,ductal,celseq,1.0233850479125977
5511,18.04514503479004,8.519536018371582,7,D3en4_68,acinar,acinar,celseq,1.1295061111450195
5512,18.02701187133789,8.124022483825684,7,D3en4_69,acinar,acinar,celseq,1.4106796979904175
5513,9.256732940673828,14.622215270996094,14,D3en4_71,alpha,epsilon,celseq,1.9236359596252441
5514,17.793394088745117,9.322110176086426,7,D3en4_72,acinar,acinar,celseq,1.076816201210022
5515,6.5742692947387695,-3.713771104812622,9,D3en4_73,ductal,ductal,celseq,1.7889479398727417
5516,19.02206802368164,7.416197299957275,7,D3en4_74,ductal,acinar,celseq,2.2282769680023193
5517,17.79503631591797,9.422980308532715,7,D3en4_83,acinar,acinar,celseq,1.4652000665664673
5518,17.568923950195312,7.3353962898254395,7,D3en4_87,acinar,acinar,celseq,0.6479722261428833
5519,9.276756286621094,14.996237754821777,14,D3en4_91,alpha,epsilon,celseq,1.7496166229248047
5520,17.86147689819336,7.61329460144043,7,D3en4_92,acinar,acinar,celseq,0.7664008140563965
5521,19.105426788330078,7.36514949798584,14,D3ex_4,ductal,epsilon,celseq,2.2282769680023193
5522,17.393878936767578,7.387342929840088,7,D3ex_5,acinar,acinar,celseq,0.8011462688446045
5523,17.008865356445312,7.305315971374512,7,D3ex_6,acinar,acinar,celseq,0.7753744125366211
5524,8.481987953186035,-4.248349666595459,9,D3ex_9,ductal,ductal,celseq,1.140981912612915
5525,8.23973560333252,-4.555974960327148,9,D3ex_12,ductal,ductal,celseq,1.2972917556762695
5526,18.46590805053711,7.606999397277832,7,D3ex_34,ductal,acinar,celseq,2.2282769680023193
5527,17.271718978881836,7.028722763061523,7,D3ex_36,acinar,acinar,celseq,0.8037047982215881
5528,-9.628175735473633,-0.32991355657577515,4,D3ex_66,beta,beta,celseq,1.5799471139907837
5529,17.882247924804688,8.175636291503906,7,D3ex_68,acinar,acinar,celseq,1.480995774269104
5530,17.986112594604492,7.413763999938965,7,D3ex_71,acinar,acinar,celseq,1.4501216411590576
5531,17.919933319091797,8.712536811828613,7,D3ex_74,acinar,acinar,celseq,1.1373034715652466
5532,17.38718032836914,7.393937110900879,7,D3ex_76,acinar,acinar,celseq,0.6940892338752747
5533,-8.031448364257812,1.8213412761688232,4,D3ex_77,delta,beta,celseq,2.3005056381225586
5534,18.12928009033203,7.83981990814209,7,D3ex_83,acinar,acinar,celseq,1.7498708963394165
5535,7.321652412414551,-3.2681658267974854,9,D3ex_91,ductal,ductal,celseq,0.9780334830284119
5536,-9.256088256835938,1.1794724464416504,4,D74_1,beta,beta,celseq,0.6186888813972473
5537,-9.08847713470459,0.7832548022270203,4,D74_2,beta,beta,celseq,0.5469418168067932
5538,-9.141883850097656,1.3927463293075562,4,D74_3,beta,beta,celseq,0.6198236346244812
5539,-7.541107177734375,4.335247039794922,4,D74_5,beta,beta,celseq,2.7749249935150146
5540,6.766929626464844,-2.830070972442627,9,D74_6,ductal,ductal,celseq,1.070542573928833
5541,-1.629977822303772,-7.216425895690918,0,D74_7,activated_stellate,activated_stellate,celseq,2.0088999271392822
5542,9.482488632202148,15.969325065612793,12,D74_8,alpha,alpha,celseq,0.6088635325431824
5543,-5.765360355377197,18.216442108154297,13,D74_9,delta,delta,celseq,1.3653258085250854
5544,-9.604093551635742,0.8302819132804871,4,D74_10,beta,beta,celseq,0.5655874013900757
5545,7.051216125488281,-2.8847129344940186,9,D74_13,ductal,ductal,celseq,1.2084026336669922
5546,16.07286262512207,6.411640644073486,7,D74_14,acinar,acinar,celseq,1.2296165227890015
5547,19.160606384277344,7.335008144378662,8,D74_15,ductal,quiescent_stellate,celseq,2.2282769680023193
5548,-8.920234680175781,2.519014835357666,4,D74_16,beta,beta,celseq,0.7174385190010071
5549,8.39015007019043,-4.5489325523376465,9,D74_17,ductal,ductal,celseq,1.016966462135315
5550,7.5941925048828125,-4.0506205558776855,9,D74_18,ductal,ductal,celseq,1.5162858963012695
5551,-5.401087284088135,17.014814376831055,13,D74_20,delta,delta,celseq,0.6825181245803833
5552,-7.494865417480469,4.484969615936279,4,D74_21,beta,beta,celseq,2.7749249935150146
5553,8.995157241821289,-4.382726192474365,9,D74_22,ductal,ductal,celseq,1.156386375427246
5554,6.724532604217529,-2.817239284515381,9,D74_23,ductal,ductal,celseq,1.2097865343093872
5555,7.8749284744262695,-2.958523988723755,9,D74_24,ductal,ductal,celseq,0.8470221161842346
5556,-5.244569301605225,16.268701553344727,13,D74_25,delta,delta,celseq,0.6502265334129333
5557,6.7451581954956055,-3.8860013484954834,9,D74_26,ductal,ductal,celseq,1.902739405632019
5558,7.624129295349121,-3.4375181198120117,9,D74_27,ductal,ductal,celseq,0.8876060843467712
5559,6.645942687988281,-2.9919991493225098,9,D74_28,ductal,ductal,celseq,1.1215355396270752
5560,9.860023498535156,16.805700302124023,12,D74_29,alpha,alpha,celseq,0.5772964358329773
5561,7.218484878540039,-3.002419948577881,9,D74_31,ductal,ductal,celseq,0.9007313251495361
5562,10.050132751464844,16.930076599121094,12,D74_32,alpha,alpha,celseq,0.6134677529335022
5563,-7.458276748657227,4.512392044067383,4,D74_33,beta,beta,celseq,2.7749249935150146
5564,6.616954326629639,-3.500197172164917,9,D74_34,ductal,ductal,celseq,1.5091747045516968
5565,-9.163071632385254,2.8767409324645996,4,D74_35,beta,beta,celseq,1.2840508222579956
5566,-8.364035606384277,-0.05756726488471031,4,D74_36,beta,beta,celseq,0.6438540816307068
5567,8.110086441040039,-0.784728467464447,9,D74_37,ductal,ductal,celseq,1.4473098516464233
5568,6.778448104858398,-3.6716949939727783,9,D74_39,ductal,ductal,celseq,1.2373104095458984
5569,-5.567595958709717,18.21973991394043,13,D74_40,delta,delta,celseq,0.9704973697662354
5570,8.970719337463379,16.09560203552246,12,D74_41,alpha,alpha,celseq,0.9298331141471863
5571,10.09733772277832,17.150930404663086,12,D74_42,alpha,alpha,celseq,0.7156692147254944
5572,6.93447208404541,-2.8713812828063965,9,D74_43,ductal,ductal,celseq,0.9846577048301697
5573,-1.6672207117080688,-6.773766994476318,0,D74_44,activated_stellate,activated_stellate,celseq,2.6986894607543945
5574,-1.5250115394592285,-6.6696248054504395,0,D74_45,activated_stellate,activated_stellate,celseq,2.5726990699768066
5575,6.917599678039551,-3.9080612659454346,9,D74_46,ductal,ductal,celseq,1.5842220783233643
5576,8.839326858520508,-4.7848358154296875,9,D74_47,ductal,ductal,celseq,1.5128532648086548
5577,-9.121146202087402,1.9945036172866821,4,D74_49,beta,beta,celseq,0.7577897906303406
5578,-8.31830883026123,-0.9061561226844788,4,D74_51,beta,beta,celseq,0.9078344106674194
5579,9.809537887573242,16.46562385559082,12,D74_52,alpha,alpha,celseq,0.5957006216049194
5580,-9.400047302246094,1.8454736471176147,4,D74_53,beta,beta,celseq,0.6285614371299744
5581,7.275465965270996,-2.7677338123321533,9,D74_54,ductal,ductal,celseq,1.1331846714019775
5582,10.09555435180664,16.96742057800293,12,D74_55,alpha,alpha,celseq,0.6234437227249146
5583,10.106705665588379,17.181438446044922,12,D74_56,alpha,alpha,celseq,0.7551189661026001
5584,8.164077758789062,16.028730392456055,12,D74_57,alpha,alpha,celseq,0.8751373887062073
5585,7.779863357543945,-2.900899887084961,9,D74_58,ductal,ductal,celseq,0.7732640504837036
5586,-3.8048245906829834,17.516036987304688,13,D74_59,delta,delta,celseq,0.9054262042045593
5587,7.95135498046875,-3.3534598350524902,9,D74_60,ductal,ductal,celseq,0.9661564826965332
5588,-8.357745170593262,-0.6872205138206482,4,D74_61,beta,beta,celseq,0.7613032460212708
5589,17.714744567871094,9.07431411743164,7,D74_62,acinar,acinar,celseq,0.8335606455802917
5590,7.120931148529053,-2.929996967315674,9,D74_63,ductal,ductal,celseq,1.133030652999878
5591,-5.596522331237793,18.28853416442871,13,D74_64,delta,delta,celseq,1.2297195196151733
5592,-9.116613388061523,2.0742063522338867,4,D74_65,beta,beta,celseq,0.7864121794700623
5593,-5.710531711578369,17.672351837158203,13,D74_66,delta,delta,celseq,0.8281447887420654
5594,9.920886039733887,16.68925666809082,12,D74_67,alpha,alpha,celseq,0.6156023740768433
5595,9.134846687316895,15.893166542053223,12,D74_68,alpha,alpha,celseq,0.6010221242904663
5596,6.702075481414795,-4.02507209777832,9,D74_69,ductal,ductal,celseq,2.060542583465576
5597,9.528502464294434,16.8279972076416,12,D74_70,alpha,alpha,celseq,0.726649284362793
5598,6.62081241607666,-2.903625249862671,9,D74_71,ductal,ductal,celseq,0.8582749962806702
5599,6.876049995422363,-3.3296217918395996,9,D74_74,ductal,ductal,celseq,1.2380883693695068
5600,9.112349510192871,16.182584762573242,12,D74_75,alpha,alpha,celseq,0.6882563829421997
5601,17.459644317626953,7.363650321960449,7,D74_76,acinar,acinar,celseq,0.6998464465141296
5602,-9.483833312988281,0.9735581874847412,4,D74_77,beta,beta,celseq,0.6723953485488892
5603,9.601306915283203,-4.347414016723633,9,D74_78,ductal,ductal,celseq,1.3653500080108643
5604,8.044926643371582,-4.142043590545654,9,D74_79,ductal,ductal,celseq,1.147897481918335
5605,17.68366241455078,9.470813751220703,7,D74_81,acinar,acinar,celseq,0.941049337387085
5606,-8.985284805297852,1.984315037727356,4,D74_82,beta,beta,celseq,0.6029707789421082
5607,-9.498250961303711,0.999860405921936,4,D74_83,beta,beta,celseq,0.635696291923523
5608,9.929713249206543,16.859010696411133,12,D74_85,alpha,alpha,celseq,0.6078771352767944
5609,-9.292457580566406,1.136003017425537,4,D74_86,beta,beta,celseq,0.5562231540679932
5610,8.975519180297852,15.665094375610352,12,D74_87,alpha,alpha,celseq,1.4213205575942993
5611,8.880980491638184,16.06428337097168,12,D74_88,alpha,alpha,celseq,0.5899671912193298
5612,17.117366790771484,9.629777908325195,7,D74_90,acinar,acinar,celseq,1.5337624549865723
5613,19.13998794555664,7.352563381195068,14,D74_91,ductal,epsilon,celseq,2.2282769680023193
5614,-8.260005950927734,3.5812430381774902,4,D74_92,beta,beta,celseq,0.7806986570358276
5615,7.331896781921387,-2.619570255279541,9,D74_93,ductal,ductal,celseq,0.8265814781188965
5616,8.78223991394043,-4.809619903564453,9,D74_94,ductal,ductal,celseq,1.6269174814224243
5617,9.047534942626953,16.20316505432129,12,D74_95,alpha,alpha,celseq,0.6954418420791626
5618,17.93291473388672,8.172755241394043,7,D71_2,acinar,acinar,celseq,0.838519811630249
5619,9.597907066345215,16.247333526611328,12,D71_3,alpha,alpha,celseq,0.5955090522766113
5620,-8.241585731506348,0.06349765509366989,4,D71_4,beta,beta,celseq,0.6333645582199097
5621,17.701658248901367,9.483312606811523,7,D71_5,acinar,acinar,celseq,0.8365626931190491
5622,8.337767601013184,-4.458907127380371,9,D71_6,ductal,ductal,celseq,1.1147782802581787
5623,-8.153204917907715,0.1551641970872879,4,D71_9,beta,beta,celseq,0.8021339178085327
5624,17.156274795532227,7.53400182723999,7,D71_10,acinar,acinar,celseq,0.7992223501205444
5625,9.07697582244873,-4.568215847015381,9,D71_12,ductal,ductal,celseq,1.1243678331375122
5626,8.357743263244629,-4.226449966430664,9,D71_14,ductal,ductal,celseq,0.9753009080886841
5627,-9.259171485900879,1.186730146408081,4,D71_15,beta,beta,celseq,0.6584082245826721
5628,17.765371322631836,9.493485450744629,7,D71_16,acinar,acinar,celseq,1.4159166812896729
5629,6.676915168762207,-2.989666700363159,9,D71_18,ductal,ductal,celseq,0.9749093651771545
5630,-9.196088790893555,1.8850966691970825,4,D71_19,beta,beta,celseq,0.7618593573570251
5631,9.373906135559082,16.998498916625977,12,D71_20,alpha,alpha,celseq,0.9139787554740906
5632,-7.511139392852783,4.4996490478515625,4,D71_21,beta,beta,celseq,2.7749249935150146
5633,-1.4258776903152466,-7.410127639770508,0,D71_22,activated_stellate,activated_stellate,celseq,1.604575753211975
5634,8.025094985961914,-4.328257083892822,9,D71_23,ductal,ductal,celseq,1.752419352531433
5635,-8.061198234558105,-1.0964267253875732,4,D71_26,beta,beta,celseq,1.0776363611221313
5636,8.347949981689453,-4.572498321533203,9,D71_27,ductal,ductal,celseq,1.215887188911438
5637,7.397683143615723,-3.317540168762207,9,D71_28,ductal,ductal,celseq,0.9821714162826538
5638,-9.709796905517578,0.7456333637237549,4,D71_29,beta,beta,celseq,0.7848418354988098
5639,-9.738911628723145,2.218479871749878,4,D71_30,beta,beta,celseq,0.8851406574249268
5640,8.301680564880371,-4.637928009033203,9,D71_31,ductal,ductal,celseq,1.2850991487503052
5641,-5.573173522949219,16.484886169433594,13,D71_32,delta,delta,celseq,0.7601532340049744
5642,8.512584686279297,-4.320302963256836,9,D71_33,ductal,ductal,celseq,1.0170536041259766
5643,17.094514846801758,7.479034423828125,7,D71_34,acinar,acinar,celseq,1.1143065690994263
5644,-5.620083332061768,18.211894989013672,13,D71_35,delta,delta,celseq,0.8888760805130005
5645,-8.391539573669434,-1.2608699798583984,4,D71_36,beta,beta,celseq,0.6955660581588745
5646,9.26915168762207,14.758906364440918,14,D71_37,alpha,epsilon,celseq,1.771459698677063
5647,-8.097850799560547,0.10056792199611664,4,D71_38,beta,beta,celseq,0.6921773552894592
5648,17.37880516052246,9.44372272491455,7,D71_39,acinar,acinar,celseq,1.0462188720703125
5649,9.767074584960938,16.484771728515625,12,D71_40,alpha,alpha,celseq,0.7606915235519409
5650,8.906832695007324,-3.4675838947296143,9,D71_41,ductal,ductal,celseq,1.4444760084152222
5651,-8.035632133483887,0.005186746828258038,4,D71_42,beta,beta,celseq,0.7661908268928528
5652,9.837296485900879,16.5994930267334,12,D71_43,alpha,alpha,celseq,0.5963849425315857
5653,8.302257537841797,-4.554142951965332,9,D71_45,ductal,ductal,celseq,1.7381377220153809
5654,-5.505335807800293,17.779287338256836,13,D71_48,delta,delta,celseq,1.0272855758666992
5655,-8.411117553710938,-0.9178484678268433,4,D71_49,beta,beta,celseq,0.7265271544456482
5656,-7.904722690582275,-0.06258069723844528,4,D71_51,beta,beta,celseq,1.1100046634674072
5657,8.595271110534668,-4.340679168701172,9,D71_52,ductal,ductal,celseq,1.161692500114441
5658,6.972806453704834,-3.9065592288970947,14,D71_53,ductal,epsilon,celseq,2.0847158432006836
5659,-9.27288818359375,1.216187596321106,4,D71_54,beta,beta,celseq,0.6549001336097717
5660,-9.21270751953125,1.8418062925338745,4,D71_55,beta,beta,celseq,0.6853278875350952
5661,8.365849494934082,-4.641030311584473,9,D71_56,ductal,ductal,celseq,1.449249505996704
5662,-8.09063720703125,0.28511273860931396,4,D71_57,beta,beta,celseq,0.8361703157424927
5663,-1.6300476789474487,-6.414426803588867,0,D71_58,alpha,activated_stellate,celseq,2.8589842319488525
5664,-5.744565963745117,17.906330108642578,13,D71_59,delta,delta,celseq,1.1526845693588257
5665,-9.027278900146484,1.8203178644180298,4,D71_61,beta,beta,celseq,0.8745204210281372
5666,-9.00606918334961,-1.080590009689331,4,D71_62,beta,beta,celseq,0.6054415106773376
5667,-8.129551887512207,0.19668151438236237,4,D71_63,beta,beta,celseq,0.6944004893302917
5668,7.121733665466309,-2.9022881984710693,9,D71_64,ductal,ductal,celseq,1.265833854675293
5669,6.418356895446777,-2.376689910888672,9,D71_65,ductal,ductal,celseq,1.0263097286224365
5670,8.32638168334961,-4.337896347045898,9,D71_66,ductal,ductal,celseq,0.9840331077575684
5671,7.783807754516602,-3.4675638675689697,9,D71_67,ductal,ductal,celseq,0.9410978555679321
5672,-1.2439250946044922,-6.579319953918457,0,D71_68,quiescent_stellate,activated_stellate,celseq,2.8589842319488525
5673,8.184737205505371,-4.023131847381592,9,D71_69,ductal,ductal,celseq,1.1834802627563477
5674,7.208972454071045,-3.4261770248413086,9,D71_70,ductal,ductal,celseq,1.2030270099639893
5675,8.29651927947998,-3.897435426712036,9,D71_71,ductal,ductal,celseq,1.0136808156967163
5676,16.87578582763672,7.431872367858887,14,D71_72,ductal,epsilon,celseq,2.2282769680023193
5677,9.145811080932617,-1.38901948928833,14,D71_73,ductal,epsilon,celseq,2.0074667930603027
5678,7.476566314697266,-3.205387830734253,9,D71_75,ductal,ductal,celseq,0.9064422845840454
5679,9.71142578125,16.29767608642578,12,D71_76,alpha,alpha,celseq,0.6831095814704895
5680,17.224727630615234,7.426566123962402,7,D71_78,acinar,acinar,celseq,0.6501144766807556
5681,-5.235824108123779,16.133207321166992,13,D71_79,delta,delta,celseq,0.5257172584533691
5682,18.217988967895508,7.783819675445557,7,D71_80,ductal,acinar,celseq,1.768019437789917
5683,6.855356216430664,-2.8150475025177,9,D71_81,ductal,ductal,celseq,0.758804976940155
5684,-8.449179649353027,-0.18232600390911102,4,D71_82,beta,beta,celseq,0.6237586736679077
5685,-8.058009147644043,-0.9650707840919495,4,D71_83,beta,beta,celseq,0.8553308248519897
5686,-7.992207050323486,-0.6914710998535156,4,D71_84,beta,beta,celseq,0.813502848148346
5687,7.243779182434082,-2.561906099319458,9,D71_85,ductal,ductal,celseq,1.1350924968719482
5688,-9.07577133178711,1.4770424365997314,4,D71_86,beta,beta,celseq,0.6475318670272827
5689,-5.748227596282959,17.38916015625,14,D71_87,delta,epsilon,celseq,1.447175145149231
5690,-5.7156805992126465,17.16704750061035,13,D71_91,delta,delta,celseq,0.6318920850753784
5691,17.341842651367188,7.116950035095215,7,D71_92,acinar,acinar,celseq,0.9311822056770325
5692,9.91165828704834,16.589948654174805,12,D71_93,alpha,alpha,celseq,0.7825964689254761
5693,-5.5478835105896,16.336532592773438,13,D71_94,delta,delta,celseq,0.5772095918655396
5694,9.27052116394043,-4.5934319496154785,9,D71_95,ductal,ductal,celseq,1.209839940071106
5695,17.56531524658203,9.809350967407227,7,D72_1,acinar,acinar,celseq,1.39687979221344
5696,-5.53588342666626,18.321775436401367,14,D72_2,alpha,epsilon,celseq,1.8137917518615723
5697,7.033858776092529,-2.8122475147247314,9,D72_4,ductal,ductal,celseq,1.359427571296692
5698,10.14056396484375,17.03499984741211,12,D72_8,alpha,alpha,celseq,1.0387605428695679
5699,9.27086067199707,14.490880012512207,14,D72_10,alpha,epsilon,celseq,2.076470375061035
5700,17.248777389526367,8.326659202575684,7,D72_18,acinar,acinar,celseq,1.1182600259780884
5701,17.705047607421875,9.509539604187012,7,D72_22,acinar,acinar,celseq,1.1973440647125244
5702,7.36427116394043,-3.324165105819702,9,D72_23,ductal,ductal,celseq,1.304458737373352
5703,-0.9472901821136475,-7.1922101974487305,0,D72_25,activated_stellate,activated_stellate,celseq,1.8243621587753296
5704,6.696895122528076,-3.8136749267578125,9,D72_31,ductal,ductal,celseq,1.9975446462631226
5705,8.691313743591309,-4.797412872314453,9,D72_32,ductal,ductal,celseq,1.2223519086837769
5706,17.724998474121094,9.43648624420166,7,D72_33,acinar,acinar,celseq,0.8291221261024475
5707,6.61960506439209,-2.962455987930298,9,D72_34,ductal,ductal,celseq,0.8276029229164124
5708,9.00556468963623,-4.544326305389404,9,D72_37,ductal,ductal,celseq,1.094988465309143
5709,-5.330521106719971,18.145118713378906,13,D72_39,delta,delta,celseq,1.2873889207839966
5710,16.925806045532227,7.571031093597412,7,D72_40,acinar,acinar,celseq,1.6026920080184937
5711,-9.077092170715332,1.4011354446411133,4,D72_41,beta,beta,celseq,0.9712992310523987
5712,-9.090747833251953,1.4324533939361572,4,D72_42,beta,beta,celseq,0.7419072985649109
5713,6.597850799560547,-4.068687915802002,9,D72_43,ductal,ductal,celseq,2.0897915363311768
5714,9.764389991760254,16.84604263305664,14,D72_47,alpha,epsilon,celseq,1.4058315753936768
5715,8.269079208374023,-4.0812482833862305,9,D72_49,ductal,ductal,celseq,0.9959362745285034
5716,7.344568729400635,-3.3402514457702637,9,D72_52,ductal,ductal,celseq,1.28096342086792
5717,7.310409069061279,-3.2450690269470215,9,D72_53,ductal,ductal,celseq,1.1113313436508179
5718,9.376648902893066,15.94001293182373,12,D72_54,alpha,alpha,celseq,0.6110133528709412
5719,-8.50149917602539,-0.9103134274482727,4,D72_55,beta,beta,celseq,0.7316359877586365
5720,7.763647079467773,-3.7499077320098877,9,D72_61,ductal,ductal,celseq,1.094477653503418
5721,8.817741394042969,-4.770226001739502,9,D72_65,ductal,ductal,celseq,1.4317830801010132
5722,8.671636581420898,-4.767452716827393,9,D72_66,ductal,ductal,celseq,1.4360817670822144
5723,9.626402854919434,16.18370246887207,12,D72_67,alpha,alpha,celseq,0.8209447264671326
5724,8.398123741149902,-4.472314357757568,9,D72_68,ductal,ductal,celseq,1.2986111640930176
5725,-5.6289143562316895,17.605182647705078,13,D72_69,delta,delta,celseq,0.7448301315307617
5726,-5.593421459197998,16.395896911621094,13,D72_71,delta,delta,celseq,0.5941550135612488
5727,7.343152046203613,-3.351344108581543,9,D72_72,ductal,ductal,celseq,0.9211220741271973
5728,-5.371946334838867,18.152320861816406,13,D72_75,delta,delta,celseq,1.0601516962051392
5729,7.841984748840332,-3.608006477355957,9,D72_76,ductal,ductal,celseq,0.9777352809906006
5730,-5.515849590301514,18.0540771484375,13,D72_77,delta,delta,celseq,1.007297158241272
5731,19.179716110229492,7.318572998046875,14,D72_78,ductal,epsilon,celseq,2.2282769680023193
5732,-8.48747444152832,-0.18494990468025208,4,D72_81,beta,beta,celseq,0.6457333564758301
5733,8.355745315551758,-4.357748031616211,9,D72_82,ductal,ductal,celseq,0.9506523609161377
5734,-9.147281646728516,1.8714301586151123,4,D72_84,beta,beta,celseq,0.6510878801345825
5735,9.352559089660645,16.10959815979004,12,D72_85,alpha,alpha,celseq,0.8741440176963806
5736,8.614274024963379,-3.7145352363586426,9,D72_86,ductal,ductal,celseq,1.1893268823623657
5737,10.062875747680664,17.258745193481445,12,D72_88,alpha,alpha,celseq,0.7164638638496399
5738,10.130992889404297,16.962413787841797,14,D72_91,alpha,epsilon,celseq,1.941776156425476
5739,9.767557144165039,16.471908569335938,12,D72_92,alpha,alpha,celseq,0.7317559719085693
5740,9.136500358581543,-4.597494125366211,9,D72_93,ductal,ductal,celseq,1.1594533920288086
5741,17.459808349609375,8.22160530090332,7,D72_95,acinar,acinar,celseq,0.7919604182243347
5742,-9.457839965820312,2.447584867477417,4,D72_96,beta,beta,celseq,0.5170596837997437
5743,9.714198112487793,16.45649528503418,12,D73_1,alpha,alpha,celseq,0.6560161709785461
5744,7.661036968231201,-3.1128222942352295,9,D73_2,ductal,ductal,celseq,0.8585928082466125
5745,9.030728340148926,16.133281707763672,12,D73_3,alpha,alpha,celseq,0.6463059782981873
5746,-9.571322441101074,2.2359697818756104,4,D73_4,beta,beta,celseq,0.7256155014038086
5747,9.041886329650879,-4.7896599769592285,9,D73_5,ductal,ductal,celseq,1.3897011280059814
5748,8.249537467956543,16.119630813598633,12,D73_6,alpha,alpha,celseq,0.7412258982658386
5749,6.727636814117432,-2.7982683181762695,9,D73_8,ductal,ductal,celseq,0.8076995611190796
5750,-9.902092933654785,0.8059287071228027,4,D73_9,beta,beta,celseq,0.629709005355835
5751,9.611174583435059,16.41187858581543,12,D73_10,alpha,alpha,celseq,0.6724318861961365
5752,7.734593391418457,-3.188408136367798,9,D73_11,ductal,ductal,celseq,0.9218053817749023
5753,-7.895347595214844,-0.516807496547699,4,D73_12,beta,beta,celseq,0.834144115447998
5754,9.345893859863281,16.77570343017578,12,D73_14,alpha,alpha,celseq,0.9884312152862549
5755,-1.387595295906067,-6.7895402908325195,0,D73_16,activated_stellate,activated_stellate,celseq,2.0488059520721436
5756,9.1520414352417,15.998289108276367,12,D73_17,alpha,alpha,celseq,0.6191698908805847
5757,7.951132774353027,-3.6092493534088135,9,D73_18,ductal,ductal,celseq,1.047982931137085
5758,7.044504642486572,-4.071725368499756,9,D73_19,ductal,ductal,celseq,1.5451855659484863
5759,-5.41447114944458,18.276805877685547,14,D73_20,gamma,epsilon,celseq,1.4119691848754883
5760,-8.24819278717041,-0.41590607166290283,4,D73_21,beta,beta,celseq,0.6913902759552002
5761,-9.287034034729004,1.1555017232894897,4,D73_22,beta,beta,celseq,0.7677773237228394
5762,7.287667751312256,-2.744279623031616,9,D73_23,ductal,ductal,celseq,1.0220836400985718
5763,6.82003116607666,-2.5782670974731445,9,D73_24,ductal,ductal,celseq,1.295907974243164
5764,6.62244176864624,-4.0648112297058105,9,D73_25,ductal,ductal,celseq,2.0897915363311768
5765,9.071023941040039,-4.78819465637207,9,D73_26,ductal,ductal,celseq,1.8724267482757568
5766,8.493279457092285,-3.4495010375976562,9,D73_27,ductal,ductal,celseq,0.9113249182701111
5767,-9.075323104858398,1.8195250034332275,4,D73_28,beta,beta,celseq,0.7916198968887329
5768,8.217223167419434,-4.4137468338012695,9,D73_29,ductal,ductal,celseq,1.3214221000671387
5769,-3.42203950881958,17.26088523864746,13,D73_30,delta,delta,celseq,0.7829954624176025
5770,8.76022720336914,15.013002395629883,12,D73_31,alpha,alpha,celseq,1.6468923091888428
5771,9.57340145111084,16.68633460998535,12,D73_32,alpha,alpha,celseq,0.8624122142791748
5772,9.931373596191406,17.231252670288086,12,D73_33,alpha,alpha,celseq,0.6760630011558533
5773,6.638393402099609,-4.0709099769592285,9,D73_34,ductal,ductal,celseq,2.0897915363311768
5774,8.253679275512695,-4.789478302001953,9,D73_35,acinar,ductal,celseq,2.052659034729004
5775,10.057703018188477,17.238012313842773,12,D73_36,alpha,alpha,celseq,0.6726324558258057
5776,18.002552032470703,8.64047622680664,7,D73_37,acinar,acinar,celseq,0.9425032734870911
5777,-5.586226463317871,17.290624618530273,13,D73_38,delta,delta,celseq,1.644564151763916
5778,-1.6934525966644287,-6.715461254119873,0,D73_39,activated_stellate,activated_stellate,celseq,2.837707996368408
5779,6.778134346008301,-2.844714879989624,9,D73_40,ductal,ductal,celseq,0.8600402474403381
5780,9.541834831237793,17.191923141479492,14,D73_41,alpha,epsilon,celseq,1.456600546836853
5781,-7.47823429107666,4.4022698402404785,4,D73_42,beta,beta,celseq,2.471055030822754
5782,18.183639526367188,7.8405375480651855,7,D73_43,acinar,acinar,celseq,1.657470703125
5783,-8.497682571411133,-0.17069821059703827,4,D73_45,beta,beta,celseq,0.6515495777130127
5784,9.491287231445312,-4.458370685577393,9,D73_46,ductal,ductal,celseq,1.48247230052948
5785,17.486225128173828,8.507179260253906,7,D73_48,acinar,acinar,celseq,0.8751427531242371
5786,6.370493412017822,-2.408522129058838,9,D73_49,ductal,ductal,celseq,1.2981359958648682
5787,7.326548099517822,-3.3599936962127686,9,D73_50,ductal,ductal,celseq,1.389203667640686
5788,7.0554609298706055,-2.8824188709259033,9,D73_51,ductal,ductal,celseq,1.2247276306152344
5789,17.7824649810791,9.42041301727295,7,D73_52,acinar,acinar,celseq,0.9455483555793762
5790,7.764963150024414,-3.5072996616363525,9,D73_54,ductal,ductal,celseq,0.9759621024131775
5791,-7.995434761047363,0.19496601819992065,4,D73_55,beta,beta,celseq,0.7975221872329712
5792,15.173910140991211,-10.864136695861816,2,D73_56,endothelial,endothelial,celseq,3.76180362701416
5793,6.719135284423828,-2.813523530960083,9,D73_57,ductal,ductal,celseq,1.3534551858901978
5794,10.125126838684082,17.001659393310547,12,D73_58,alpha,alpha,celseq,0.8297245502471924
5795,9.773210525512695,16.812877655029297,12,D73_59,alpha,alpha,celseq,0.6074454188346863
5796,8.463924407958984,-3.973609685897827,9,D73_60,ductal,ductal,celseq,1.1978261470794678
5797,-9.28666877746582,1.1761741638183594,4,D73_61,beta,beta,celseq,0.583482027053833
5798,-8.506782531738281,2.0439295768737793,4,D73_62,beta,beta,celseq,0.8528376817703247
5799,7.532482624053955,-3.3735814094543457,9,D73_63,ductal,ductal,celseq,1.0594680309295654
5800,8.992321968078613,-4.611367225646973,9,D73_64,ductal,ductal,celseq,1.3357797861099243
5801,8.210041999816895,-3.884854316711426,9,D73_65,ductal,ductal,celseq,0.995072603225708
5802,-9.878707885742188,0.9938927888870239,4,D73_67,beta,beta,celseq,0.6701907515525818
5803,17.465816497802734,8.168317794799805,7,D73_68,acinar,acinar,celseq,0.9318898320198059
5804,9.437270164489746,15.967630386352539,12,D73_69,alpha,alpha,celseq,0.7177656292915344
5805,9.14774227142334,-4.493825912475586,9,D73_70,ductal,ductal,celseq,1.3013670444488525
5806,8.5213041305542,-3.9608726501464844,9,D73_71,ductal,ductal,celseq,1.180464744567871
5807,-9.179182052612305,-0.5993812680244446,4,D73_72,beta,beta,celseq,0.5709018707275391
5808,6.886055946350098,-2.8083810806274414,9,D73_73,ductal,ductal,celseq,1.0912094116210938
5809,-7.496433258056641,4.500657081604004,4,D73_76,beta,beta,celseq,2.7749249935150146
5810,8.256608009338379,-4.193632125854492,9,D73_78,ductal,ductal,celseq,1.033366084098816
5811,9.93525505065918,17.27147674560547,12,D73_79,alpha,alpha,celseq,0.8889466524124146
5812,10.050854682922363,17.21732521057129,12,D73_81,alpha,alpha,celseq,0.8947144746780396
5813,-5.49941349029541,16.333690643310547,13,D73_82,delta,delta,celseq,0.9216282367706299
5814,17.920774459838867,8.234272003173828,7,D73_83,acinar,acinar,celseq,1.3572474718093872
5815,8.327621459960938,-4.7918267250061035,9,D73_84,ductal,ductal,celseq,1.7753901481628418
5816,-8.642050743103027,1.9165639877319336,4,D73_85,beta,beta,celseq,0.8723233342170715
5817,-4.368118762969971,18.359458923339844,13,D73_86,delta,delta,celseq,0.9537152647972107
5818,-9.309319496154785,0.42066484689712524,4,D73_87,beta,beta,celseq,0.5321905612945557
5819,8.611273765563965,-4.7030348777771,9,D73_89,ductal,ductal,celseq,1.2957385778427124
5820,-3.538079023361206,17.433685302734375,13,D73_90,delta,delta,celseq,0.8301382660865784
5821,-7.504022598266602,4.382228851318359,4,D73_91,beta,beta,celseq,2.70489239692688
5822,-8.903761863708496,-1.043631672859192,4,D73_92,beta,beta,celseq,0.5475530028343201
5823,8.74135684967041,-3.752302885055542,9,D73_96,ductal,ductal,celseq,1.2602773904800415
5824,8.433528900146484,-4.695157051086426,9,D10631_2,ductal,ductal,celseq,1.4687938690185547
5825,7.678419589996338,-3.553640365600586,9,D10631_3,ductal,ductal,celseq,1.0227196216583252
5826,18.416231155395508,7.617428779602051,7,D10631_10,ductal,acinar,celseq,2.2282769680023193
5827,17.519432067871094,9.032320022583008,7,D10631_15,acinar,acinar,celseq,1.167696475982666
5828,16.441747665405273,7.901511192321777,7,D10631_17,acinar,acinar,celseq,0.9972350001335144
5829,8.862741470336914,-3.7155110836029053,9,D10631_24,ductal,ductal,celseq,1.6730648279190063
5830,16.712675094604492,6.871404647827148,7,D10631_29,alpha,acinar,celseq,0.8809725046157837
5831,19.160724639892578,7.331864356994629,8,D10631_34,ductal,quiescent_stellate,celseq,2.2282769680023193
5832,18.172935485839844,7.805039882659912,14,D10631_38,acinar,epsilon,celseq,2.2282769680023193
5833,6.615390300750732,-2.8826520442962646,9,D10631_45,ductal,ductal,celseq,0.9308969378471375
5834,17.769834518432617,9.523929595947266,7,D10631_48,acinar,acinar,celseq,1.8675605058670044
5835,17.685659408569336,9.549155235290527,7,D10631_50,acinar,acinar,celseq,1.7886699438095093
5836,16.049137115478516,6.451206684112549,7,D10631_53,acinar,acinar,celseq,0.9129927754402161
5837,17.44105339050293,7.38878870010376,7,D10631_54,acinar,acinar,celseq,0.7168890833854675
5838,6.569506645202637,-3.583406686782837,9,D10631_56,ductal,ductal,celseq,1.5940756797790527
5839,17.191436767578125,7.542344570159912,7,D10631_57,acinar,acinar,celseq,0.8963585495948792
5840,9.661430358886719,16.503725051879883,12,D10631_61,alpha,alpha,celseq,0.5734354853630066
5841,7.625904083251953,-3.2224717140197754,9,D10631_63,ductal,ductal,celseq,0.8858103156089783
5842,6.98325777053833,-3.0884056091308594,9,D10631_65,ductal,ductal,celseq,0.877236008644104
5843,17.688568115234375,9.734692573547363,7,D10631_66,acinar,acinar,celseq,1.8037409782409668
5844,17.23941993713379,8.237869262695312,7,D10631_67,acinar,acinar,celseq,1.0723538398742676
5845,6.576836109161377,-3.546687602996826,9,D10631_68,ductal,ductal,celseq,1.3645761013031006
5846,17.799287796020508,8.052875518798828,7,D10631_69,acinar,acinar,celseq,1.0213367938995361
5847,-1.04959237575531,-6.829953670501709,0,D10631_70,activated_stellate,activated_stellate,celseq,2.405634641647339
5848,6.475297927856445,-2.4549577236175537,9,D10631_76,ductal,ductal,celseq,0.9663997888565063
5849,6.756979465484619,-3.7108030319213867,9,D10631_85,ductal,ductal,celseq,1.681466817855835
5850,19.149147033691406,7.344486713409424,8,D10631_88,ductal,quiescent_stellate,celseq,2.2282769680023193
5851,6.393327713012695,-2.32199764251709,9,D10631_90,ductal,ductal,celseq,1.3577574491500854
5852,17.73837661743164,9.035799026489258,7,D10631_91,acinar,acinar,celseq,0.8950775265693665
5853,6.580961227416992,-2.7476956844329834,9,D10631_92,ductal,ductal,celseq,1.1332260370254517
5854,18.200002670288086,7.742868900299072,7,D10631_95,acinar,acinar,celseq,1.7725310325622559
5855,16.32012176513672,6.554017543792725,7,D10631_96,acinar,acinar,celseq,1.068413257598877
5856,-2.905442714691162,16.69979476928711,13,D101_5,gamma,delta,celseq,1.1733876466751099
5857,15.014029502868652,5.9796319007873535,7,D101_7,acinar,acinar,celseq,1.3944463729858398
5858,7.229649066925049,15.475448608398438,12,D101_10,alpha,alpha,celseq,0.685834527015686
5859,-5.687016487121582,17.331668853759766,13,D101_13,delta,delta,celseq,0.5790663957595825
5860,-8.13780403137207,1.009049892425537,4,D101_14,beta,beta,celseq,0.7292847633361816
5861,7.064435958862305,-3.4395861625671387,9,D101_17,ductal,ductal,celseq,1.3625332117080688
5862,15.19579029083252,-10.887382507324219,2,D101_21,endothelial,endothelial,celseq,3.6778266429901123
5863,-5.720736026763916,17.107431411743164,13,D101_22,delta,delta,celseq,0.855198085308075
5864,9.36713695526123,16.998855590820312,12,D101_25,alpha,alpha,celseq,1.0755144357681274
5865,7.020680904388428,-3.5065159797668457,9,D101_27,ductal,ductal,celseq,1.3663718700408936
5866,8.147788047790527,-3.4983747005462646,9,D101_29,ductal,ductal,celseq,0.9257859587669373
5867,-8.004591941833496,-0.537545382976532,4,D101_31,beta,beta,celseq,0.6874189376831055
5868,-7.6302876472473145,1.5540096759796143,4,D101_35,beta,beta,celseq,1.2213212251663208
5869,8.802958488464355,-3.3128325939178467,9,D101_37,ductal,ductal,celseq,1.7267229557037354
5870,-5.403284072875977,18.11396598815918,14,D101_43,gamma,epsilon,celseq,1.1611862182617188
5871,-1.6248866319656372,-6.543240070343018,0,D101_48,activated_stellate,activated_stellate,celseq,2.8589842319488525
5872,16.78514862060547,7.077543258666992,7,D101_50,acinar,acinar,celseq,0.9788755178451538
5873,17.415666580200195,7.834921360015869,7,D101_51,acinar,acinar,celseq,0.8852061033248901
5874,17.462556838989258,9.925031661987305,7,D101_52,acinar,acinar,celseq,1.46100652217865
5875,9.036388397216797,-5.04023551940918,9,D101_53,ductal,ductal,celseq,1.913630485534668
5876,16.3176326751709,7.96442174911499,7,D101_66,alpha,acinar,celseq,1.3778640031814575
5877,7.0315985679626465,-2.408404588699341,9,D101_69,alpha,ductal,celseq,1.2395769357681274
5878,7.144416809082031,-3.2555158138275146,9,D101_72,ductal,ductal,celseq,0.9095673561096191
5879,-7.504581928253174,4.5066237449646,4,D101_73,beta,beta,celseq,2.7749249935150146
5880,17.36590003967285,7.55175256729126,7,D101_74,acinar,acinar,celseq,0.7348713874816895
5881,9.078495025634766,16.394121170043945,12,D101_81,alpha,alpha,celseq,0.8659756183624268
5882,17.515661239624023,9.890559196472168,7,D101_82,acinar,acinar,celseq,1.3651775121688843
5883,7.003926753997803,15.19064712524414,12,D101_84,alpha,alpha,celseq,0.8260022401809692
5884,-8.191075325012207,1.9815447330474854,4,D101_89,beta,beta,celseq,0.5852019190788269
5885,-5.366076469421387,18.268648147583008,14,D101_93,gamma,epsilon,celseq,1.2342979907989502
5886,9.406204223632812,16.127803802490234,12,D101_95,alpha,alpha,celseq,0.9766786098480225
5887,7.4315714836120605,-3.274226427078247,9,D102_1,ductal,ductal,celseq,0.8475409746170044
5888,-5.563014030456543,18.34218406677246,14,D102_4,gamma,epsilon,celseq,1.3628456592559814
5889,-7.6767964363098145,4.264088153839111,4,D102_7,beta,beta,celseq,1.9811556339263916
5890,-8.877593994140625,2.3219757080078125,4,D102_11,beta,beta,celseq,0.5373774170875549
5891,-5.382523059844971,17.459562301635742,13,D102_17,delta,delta,celseq,0.6854467391967773
5892,-7.33648681640625,4.375533580780029,4,D102_18,beta,beta,celseq,2.3123178482055664
5893,-1.8408126831054688,-6.023979187011719,0,D102_21,schwann,activated_stellate,celseq,2.8589842319488525
5894,-8.296391487121582,2.0008492469787598,4,D102_24,beta,beta,celseq,0.6822736859321594
5895,-9.018500328063965,1.5644643306732178,4,D102_25,beta,beta,celseq,0.6571305990219116
5896,17.115541458129883,7.179490566253662,7,D102_26,acinar,acinar,celseq,0.7041740417480469
5897,-9.309354782104492,1.1435370445251465,4,D102_39,beta,beta,celseq,0.5001757144927979
5898,-7.88854455947876,2.1987390518188477,4,D102_45,beta,beta,celseq,1.1571955680847168
5899,-5.737779140472412,17.9847469329834,13,D102_50,delta,delta,celseq,0.9105144739151001
5900,15.881260871887207,6.522706508636475,7,D102_51,acinar,acinar,celseq,1.274333119392395
5901,17.864233016967773,7.5330705642700195,7,D102_54,acinar,acinar,celseq,0.8924614787101746
5902,-9.339057922363281,2.210103750228882,4,D102_55,beta,beta,celseq,0.9846512675285339
5903,-9.535806655883789,2.2871079444885254,4,D102_58,beta,beta,celseq,1.0545395612716675
5904,-8.133386611938477,1.8802186250686646,4,D102_59,beta,beta,celseq,1.0495760440826416
5905,-5.591030120849609,17.40348243713379,13,D102_61,delta,delta,celseq,1.739542007446289
5906,-8.408387184143066,3.242027997970581,4,D102_63,beta,beta,celseq,0.7783834338188171
5907,8.841723442077637,-3.4981839656829834,9,D102_64,ductal,ductal,celseq,1.28749418258667
5908,-8.207124710083008,3.5556139945983887,4,D102_66,beta,beta,celseq,1.0129685401916504
5909,8.92307186126709,14.933687210083008,12,D102_68,alpha,alpha,celseq,1.333360195159912
5910,18.03917121887207,8.485349655151367,7,D102_69,acinar,acinar,celseq,0.9056040644645691
5911,17.615861892700195,7.233249664306641,7,D102_71,acinar,acinar,celseq,0.8315043449401855
5912,6.743346214294434,-2.547063112258911,9,D102_73,ductal,ductal,celseq,1.1314455270767212
5913,18.031877517700195,8.511431694030762,7,D102_76,acinar,acinar,celseq,1.4681463241577148
5914,8.411652565002441,-4.6849493980407715,14,D102_78,alpha,epsilon,celseq,2.0409843921661377
5915,6.419011116027832,-2.40750789642334,9,D102_79,ductal,ductal,celseq,1.4589649438858032
5916,6.5575642585754395,-2.569932460784912,9,D102_87,ductal,ductal,celseq,0.8969427347183228
5917,14.575035095214844,6.097006320953369,7,D102_91,acinar,acinar,celseq,1.3006404638290405
5918,9.634521484375,16.6076717376709,12,D102_93,alpha,alpha,celseq,0.727158784866333
5919,-9.56988525390625,1.5334211587905884,4,D102_96,beta,beta,celseq,0.9662056565284729
5920,6.446999549865723,-2.4717211723327637,9,D1713_1,ductal,ductal,celseq,0.9572052955627441
5921,7.367520809173584,-2.7733516693115234,9,D1713_2,ductal,ductal,celseq,0.8445253968238831
5922,9.362616539001465,-4.4624834060668945,9,D1713_3,ductal,ductal,celseq,1.3501391410827637
5923,7.060932636260986,-3.4539411067962646,9,D1713_4,ductal,ductal,celseq,1.3237837553024292
5924,6.8928399085998535,-3.322117328643799,9,D1713_5,ductal,ductal,celseq,1.0570205450057983
5925,17.376127243041992,8.73197078704834,7,D1713_8,acinar,acinar,celseq,0.8295284509658813
5926,8.946514129638672,14.537370681762695,12,D1713_9,alpha,alpha,celseq,0.5784974098205566
5927,19.12493324279785,7.366665363311768,8,D1713_10,ductal,quiescent_stellate,celseq,2.2282769680023193
5928,-8.209357261657715,-0.421028196811676,4,D1713_11,beta,beta,celseq,0.6094532608985901
5929,8.197150230407715,-4.338428974151611,9,D1713_12,ductal,ductal,celseq,1.166196584701538
5930,7.586501598358154,-2.7484843730926514,9,D1713_13,ductal,ductal,celseq,0.872120201587677
5931,6.814554691314697,-2.718596935272217,9,D1713_14,ductal,ductal,celseq,0.8425492644309998
5932,17.20705795288086,8.143009185791016,7,D1713_15,acinar,acinar,celseq,1.1758326292037964
5933,17.794296264648438,8.25508975982666,7,D1713_16,acinar,acinar,celseq,0.671730101108551
5934,6.796329975128174,-3.075791358947754,9,D1713_17,ductal,ductal,celseq,0.8797411322593689
5935,-9.368124008178711,-0.7450393438339233,4,D1713_18,beta,beta,celseq,0.6550285220146179
5936,-8.030196189880371,-0.7228840589523315,4,D1713_19,beta,beta,celseq,0.7868443131446838
5937,6.699812412261963,-3.8353421688079834,9,D1713_20,ductal,ductal,celseq,1.948840618133545
5938,10.047930717468262,17.221223831176758,12,D1713_21,alpha,alpha,celseq,0.9048932194709778
5939,7.798404693603516,-2.939663887023926,9,D1713_22,ductal,ductal,celseq,0.8807222247123718
5940,-1.5958231687545776,-6.638759613037109,0,D1713_23,activated_stellate,activated_stellate,celseq,2.756117343902588
5941,9.235379219055176,-4.409145355224609,9,D1713_25,ductal,ductal,celseq,1.1126036643981934
5942,-4.579294204711914,17.290422439575195,13,D1713_26,delta,delta,celseq,0.6739854216575623
5943,17.11969566345215,7.179427623748779,7,D1713_27,acinar,acinar,celseq,0.7294482588768005
5944,8.800238609313965,-5.28032112121582,14,D1713_28,mast,epsilon,celseq,2.0897915363311768
5945,17.251182556152344,8.256775856018066,7,D1713_29,acinar,acinar,celseq,0.8256436586380005
5946,7.535037040710449,-3.1314425468444824,9,D1713_30,ductal,ductal,celseq,0.8704994916915894
5947,6.483730316162109,-2.607048273086548,9,D1713_31,ductal,ductal,celseq,1.1788532733917236
5948,6.7667155265808105,-2.8417458534240723,9,D1713_32,ductal,ductal,celseq,0.8191343545913696
5949,17.07644271850586,7.653775215148926,7,D1713_33,acinar,acinar,celseq,1.1659693717956543
5950,-1.1356009244918823,-6.7333831787109375,0,D1713_34,activated_stellate,activated_stellate,celseq,1.9449044466018677
5951,6.852890968322754,-3.6520111560821533,9,D1713_35,ductal,ductal,celseq,1.2206424474716187
5952,-1.1272722482681274,-6.817984104156494,0,D1713_38,activated_stellate,activated_stellate,celseq,1.5916613340377808
5953,-1.0621485710144043,-6.806717872619629,0,D1713_40,activated_stellate,activated_stellate,celseq,1.9949109554290771
5954,6.805745601654053,-2.4852147102355957,9,D1713_41,ductal,ductal,celseq,1.1944406032562256
5955,17.539674758911133,9.291913986206055,7,D1713_42,acinar,acinar,celseq,1.6196902990341187
5956,6.46277379989624,-2.166872024536133,9,D1713_43,ductal,ductal,celseq,1.1726250648498535
5957,6.367311000823975,-2.3542823791503906,9,D1713_46,ductal,ductal,celseq,1.0397450923919678
5958,6.602064609527588,-3.609726667404175,9,D1713_47,ductal,ductal,celseq,1.671308994293213
5959,8.370444297790527,-4.193089008331299,9,D1713_48,ductal,ductal,celseq,0.9877504706382751
5960,6.473479747772217,-2.4336886405944824,9,D1713_49,ductal,ductal,celseq,0.8634293675422668
5961,17.765974044799805,8.000299453735352,7,D1713_50,acinar,acinar,celseq,0.9617846012115479
5962,-1.1924446821212769,-6.708408355712891,0,D1713_51,alpha,activated_stellate,celseq,2.7687807083129883
5963,19.115644454956055,7.371837615966797,8,D1713_52,ductal,quiescent_stellate,celseq,2.2282769680023193
5964,8.308379173278809,-3.665417432785034,9,D1713_53,ductal,ductal,celseq,1.0228456258773804
5965,7.48647403717041,-3.393641233444214,9,D1713_54,ductal,ductal,celseq,0.8565655946731567
5966,8.433914184570312,-4.801670551300049,9,D1713_55,ductal,ductal,celseq,1.9172825813293457
5967,6.741876602172852,-2.776998996734619,9,D1713_56,ductal,ductal,celseq,0.9753602743148804
5968,6.412681579589844,-2.426330804824829,9,D1713_57,ductal,ductal,celseq,0.8538641929626465
5969,17.816410064697266,8.982564926147461,7,D1713_58,acinar,acinar,celseq,0.9197932481765747
5970,8.327875137329102,-3.642289638519287,9,D1713_59,ductal,ductal,celseq,0.8125249147415161
5971,17.696794509887695,8.696636199951172,7,D1713_61,acinar,acinar,celseq,1.1998047828674316
5972,6.656946659088135,4.092629432678223,14,D1713_62,macrophage,epsilon,celseq,3.993431806564331
5973,17.83352279663086,7.65982723236084,7,D1713_63,acinar,acinar,celseq,0.7505799531936646
5974,7.629158973693848,-3.4004464149475098,9,D1713_64,ductal,ductal,celseq,0.8034659028053284
5975,8.86291217803955,-3.4184443950653076,9,D1713_65,ductal,ductal,celseq,1.1622977256774902
5976,6.399063587188721,-2.4343175888061523,9,D1713_66,ductal,ductal,celseq,0.9882415533065796
5977,17.052303314208984,7.677883148193359,7,D1713_67,acinar,acinar,celseq,1.2540643215179443
5978,17.682273864746094,9.527268409729004,7,D1713_68,acinar,acinar,celseq,0.8935019969940186
5979,17.728038787841797,7.875852108001709,7,D1713_69,acinar,acinar,celseq,0.8315815925598145
5980,16.108705520629883,6.44545316696167,7,D1713_70,acinar,acinar,celseq,1.146177053451538
5981,16.74408721923828,6.962489128112793,7,D1713_71,acinar,acinar,celseq,0.8369522094726562
5982,17.728727340698242,9.549223899841309,7,D1713_72,acinar,acinar,celseq,0.9401785731315613
5983,8.221453666687012,-4.76030158996582,9,D1713_73,ductal,ductal,celseq,2.0139386653900146
5984,8.920719146728516,-3.6028668880462646,9,D1713_74,ductal,ductal,celseq,1.4782400131225586
5985,6.6786909103393555,-3.6279726028442383,9,D1713_75,ductal,ductal,celseq,1.4270784854888916
5986,-0.8573098182678223,-7.360219478607178,0,D1713_76,activated_stellate,activated_stellate,celseq,1.3325355052947998
5987,8.718660354614258,-3.5761215686798096,9,D1713_77,ductal,ductal,celseq,1.2346856594085693
5988,6.592618465423584,-2.7025773525238037,9,D1713_79,ductal,ductal,celseq,1.2215734720230103
5989,14.587028503417969,6.076231956481934,7,D1713_80,acinar,acinar,celseq,1.390114188194275
5990,6.591713905334473,-2.9036567211151123,9,D1713_81,ductal,ductal,celseq,0.9051966667175293
5991,7.607474327087402,-3.833131790161133,9,D1713_82,ductal,ductal,celseq,1.5298703908920288
5992,7.530402660369873,-2.6301445960998535,9,D1713_83,ductal,ductal,celseq,0.83738774061203
5993,7.715478420257568,-3.519826650619507,9,D1713_84,ductal,ductal,celseq,1.0097614526748657
5994,6.789494514465332,-2.4192214012145996,9,D1713_85,ductal,ductal,celseq,1.0943272113800049
5995,8.197330474853516,-4.769248008728027,9,D1713_86,ductal,ductal,celseq,1.9762600660324097
5996,6.609731197357178,-2.834261417388916,9,D1713_87,ductal,ductal,celseq,1.081267237663269
5997,7.656754016876221,-3.276045083999634,9,D1713_88,ductal,ductal,celseq,0.8792648911476135
5998,16.75214958190918,6.976099014282227,7,D1713_89,acinar,acinar,celseq,0.749780535697937
5999,10.101117134094238,16.921510696411133,12,D1713_90,alpha,alpha,celseq,0.7763915061950684
6000,17.48255729675293,9.321168899536133,7,D1713_91,acinar,acinar,celseq,1.2035850286483765
6001,6.832638740539551,-4.042665958404541,9,D1713_92,ductal,ductal,celseq,1.6648783683776855
6002,14.911394119262695,-10.636357307434082,2,D1713_93,endothelial,endothelial,celseq,3.76180362701416
6003,6.781100749969482,-2.749962329864502,9,D1713_94,ductal,ductal,celseq,1.035893201828003
6004,-8.063037872314453,0.11059991270303726,4,D1713_95,beta,beta,celseq,0.8256028294563293
6005,-5.719472885131836,18.268693923950195,13,D172444_1,delta,delta,celseq,1.1662098169326782
6006,9.964181900024414,17.263830184936523,12,D172444_4,alpha,alpha,celseq,1.3018767833709717
6007,9.597911834716797,16.551124572753906,12,D172444_8,alpha,alpha,celseq,0.6115992665290833
6008,9.641286849975586,17.03195571899414,12,D172444_9,alpha,alpha,celseq,0.7403541207313538
6009,9.602638244628906,16.184717178344727,12,D172444_10,alpha,alpha,celseq,0.6242751479148865
6010,-9.037360191345215,1.4773783683776855,4,D172444_11,beta,beta,celseq,0.7066079378128052
6011,9.471497535705566,17.104022979736328,12,D172444_12,alpha,alpha,celseq,0.865188717842102
6012,-5.237165451049805,7.793509483337402,14,D172444_13,alpha,epsilon,celseq,2.9713780879974365
6013,9.441993713378906,16.922100067138672,12,D172444_14,alpha,alpha,celseq,0.72552490234375
6014,8.347081184387207,-4.482954502105713,9,D172444_15,ductal,ductal,celseq,1.1938003301620483
6015,8.119560241699219,14.929923057556152,12,D172444_17,alpha,alpha,celseq,0.6170780062675476
6016,19.195070266723633,7.299630165100098,8,D172444_18,ductal,quiescent_stellate,celseq,2.2282769680023193
6017,17.686527252197266,9.430514335632324,7,D172444_19,acinar,acinar,celseq,0.7510038018226624
6018,-7.919776916503906,0.011975190602242947,4,D172444_21,beta,beta,celseq,1.1194509267807007
6019,7.331033706665039,16.01838493347168,14,D172444_22,alpha,epsilon,celseq,1.3629491329193115
6020,-8.076642036437988,1.7681012153625488,14,D172444_23,gamma,epsilon,celseq,2.3005056381225586
6021,9.263297080993652,14.203022956848145,14,D172444_25,alpha,epsilon,celseq,1.677743911743164
6022,9.222566604614258,14.537687301635742,14,D172444_26,alpha,epsilon,celseq,2.076470375061035
6023,10.160332679748535,17.038978576660156,12,D172444_28,alpha,alpha,celseq,0.7341514825820923
6024,9.152368545532227,15.952220916748047,12,D172444_29,alpha,alpha,celseq,0.6502519845962524
6025,9.486101150512695,17.139968872070312,12,D172444_30,alpha,alpha,celseq,1.096441388130188
6026,9.781723022460938,17.328859329223633,12,D172444_31,alpha,alpha,celseq,1.1459416151046753
6027,9.871461868286133,17.30019760131836,12,D172444_32,alpha,alpha,celseq,0.8530772924423218
6028,9.694870948791504,16.4311466217041,12,D172444_33,alpha,alpha,celseq,0.5727617740631104
6029,6.334265232086182,15.77532958984375,14,D172444_34,alpha,epsilon,celseq,1.4772158861160278
6030,10.123919486999512,17.034639358520508,12,D172444_35,alpha,alpha,celseq,1.013521671295166
6031,9.427265167236328,16.897743225097656,12,D172444_36,alpha,alpha,celseq,0.8323299884796143
6032,10.056516647338867,17.252338409423828,12,D172444_37,alpha,alpha,celseq,1.0710784196853638
6033,9.732921600341797,16.398534774780273,12,D172444_38,alpha,alpha,celseq,0.5779479742050171
6034,15.283834457397461,-10.96212387084961,2,D172444_39,endothelial,endothelial,celseq,3.1102020740509033
6035,8.94710636138916,14.867765426635742,12,D172444_41,alpha,alpha,celseq,1.2531461715698242
6036,9.366486549377441,16.93035316467285,12,D172444_42,alpha,alpha,celseq,0.7904174327850342
6037,9.926072120666504,16.660316467285156,12,D172444_43,alpha,alpha,celseq,0.6449159383773804
6038,10.004298210144043,17.260251998901367,12,D172444_46,alpha,alpha,celseq,0.7482609748840332
6039,-7.927054405212402,0.12271468341350555,4,D172444_47,beta,beta,celseq,1.1555147171020508
6040,-8.624373435974121,-0.23052170872688293,4,D172444_48,beta,beta,celseq,0.6623432040214539
6041,10.066654205322266,17.19841957092285,12,D172444_49,alpha,alpha,celseq,0.6729313135147095
6042,-8.001652717590332,1.8080943822860718,4,D172444_50,beta,beta,celseq,2.278843641281128
6043,-8.062213897705078,-0.4947202801704407,4,D172444_51,beta,beta,celseq,0.7141159176826477
6044,9.358865737915039,16.88285255432129,12,D172444_52,alpha,alpha,celseq,0.9051432609558105
6045,9.862654685974121,17.28449249267578,12,D172444_53,alpha,alpha,celseq,1.003648042678833
6046,9.687679290771484,17.280006408691406,14,D172444_54,alpha,epsilon,celseq,1.616964340209961
6047,-8.597203254699707,-0.26349180936813354,4,D172444_55,beta,beta,celseq,0.6612424850463867
6048,9.234127044677734,15.828983306884766,12,D172444_56,alpha,alpha,celseq,0.624491274356842
6049,10.05907154083252,17.0775203704834,12,D172444_57,alpha,alpha,celseq,0.7620077133178711
6050,9.431379318237305,16.923542022705078,12,D172444_58,alpha,alpha,celseq,0.7419889569282532
6051,6.662683010101318,-2.9562244415283203,9,D172444_59,ductal,ductal,celseq,1.395434856414795
6052,9.197157859802246,16.071287155151367,12,D172444_60,alpha,alpha,celseq,0.8512979745864868
6053,9.405664443969727,16.890586853027344,12,D172444_62,alpha,alpha,celseq,0.7372452616691589
6054,9.379937171936035,16.826005935668945,12,D172444_64,alpha,alpha,celseq,0.7675769925117493
6055,-9.290648460388184,1.8565160036087036,4,D172444_65,beta,beta,celseq,0.5846756100654602
6056,10.105238914489746,16.95989227294922,12,D172444_66,alpha,alpha,celseq,0.6187478303909302
6057,-8.200043678283691,0.0872715413570404,4,D172444_67,beta,beta,celseq,0.675249457359314
6058,-5.761606693267822,18.238529205322266,13,D172444_68,gamma,delta,celseq,1.0466445684432983
6059,-8.102540016174316,1.8605793714523315,4,D172444_69,beta,beta,celseq,1.1572599411010742
6060,9.788979530334473,16.455421447753906,12,D172444_71,alpha,alpha,celseq,0.7586731910705566
6061,9.92856216430664,16.62955665588379,12,D172444_72,alpha,alpha,celseq,0.7054290771484375
6062,9.861800193786621,17.294330596923828,12,D172444_73,alpha,alpha,celseq,1.2269970178604126
6063,-7.914954662322998,-0.028067776933312416,4,D172444_74,beta,beta,celseq,1.1683560609817505
6064,9.228740692138672,14.501840591430664,14,D172444_75,alpha,epsilon,celseq,2.076470375061035
6065,-5.385328769683838,18.216888427734375,13,D172444_76,delta,delta,celseq,1.1700942516326904
6066,9.625409126281738,17.22521209716797,12,D172444_77,alpha,alpha,celseq,1.1620301008224487
6067,10.037221908569336,17.257097244262695,12,D172444_78,alpha,alpha,celseq,0.8877576589584351
6068,9.617140769958496,16.902406692504883,12,D172444_79,alpha,alpha,celseq,0.6391478776931763
6069,-5.442545413970947,18.093965530395508,13,D172444_80,delta,delta,celseq,0.7926609516143799
6070,9.049432754516602,16.1175594329834,12,D172444_81,alpha,alpha,celseq,0.655203104019165
6071,9.472066879272461,17.109981536865234,12,D172444_83,alpha,alpha,celseq,0.8331584930419922
6072,7.856118202209473,15.092164993286133,12,D172444_85,alpha,alpha,celseq,0.5961610078811646
6073,-7.944880485534668,-0.39830583333969116,4,D172444_86,beta,beta,celseq,0.8396041393280029
6074,10.106243133544922,16.933809280395508,12,D172444_87,alpha,alpha,celseq,1.031011939048767
6075,8.369558334350586,15.494460105895996,12,D172444_88,alpha,alpha,celseq,0.5277659893035889
6076,8.027664184570312,14.117748260498047,12,D172444_90,alpha,alpha,celseq,0.7560232877731323
6077,9.491416931152344,17.00478744506836,12,D172444_91,alpha,alpha,celseq,0.7486943602561951
6078,10.141411781311035,17.011274337768555,12,D172444_92,alpha,alpha,celseq,0.6537139415740967
6079,10.035091400146484,16.72357749938965,12,D172444_93,alpha,alpha,celseq,0.7627363204956055
6080,9.672566413879395,16.456119537353516,12,D17All1_1,alpha,alpha,celseq,0.5907126069068909
6081,-5.76032018661499,18.2020263671875,13,D17All1_2,gamma,delta,celseq,1.0713849067687988
6082,-8.102313995361328,0.18495866656303406,4,D17All1_3,beta,beta,celseq,0.7002182006835938
6083,9.567486763000488,16.911396026611328,12,D17All1_4,alpha,alpha,celseq,0.6376683712005615
6084,-8.703810691833496,2.5841622352600098,4,D17All1_5,beta,beta,celseq,0.7768115401268005
6085,-8.071783065795898,-0.6707336902618408,4,D17All1_6,beta,beta,celseq,0.6666761636734009
6086,-8.611167907714844,-0.8645572066307068,4,D17All1_7,beta,beta,celseq,0.6525632739067078
6087,10.108115196228027,17.18633270263672,12,D17All1_8,alpha,alpha,celseq,0.7508397102355957
6088,7.031684398651123,-3.46244215965271,9,D17All1_9,ductal,ductal,celseq,1.3851174116134644
6089,9.375725746154785,16.9029598236084,12,D17All1_10,alpha,alpha,celseq,0.676470160484314
6090,8.227742195129395,-3.922297716140747,9,D17All1_11,ductal,ductal,celseq,1.1538993120193481
6091,-8.105281829833984,0.15480844676494598,4,D17All1_12,beta,beta,celseq,0.635367751121521
6092,8.390033721923828,-4.07664680480957,9,D17All1_16,ductal,ductal,celseq,0.9568368792533875
6093,-5.539098262786865,18.30970001220703,14,D17All1_18,gamma,epsilon,celseq,1.5442231893539429
6094,-8.968560218811035,1.7022950649261475,4,D17All1_19,beta,beta,celseq,0.6220651268959045
6095,6.5942816734313965,-2.9067673683166504,9,D17All1_20,ductal,ductal,celseq,0.9508979320526123
6096,-8.125097274780273,0.04620742425322533,4,D17All1_22,beta,beta,celseq,0.7396057844161987
6097,-7.9677228927612305,-0.6375004053115845,4,D17All1_23,beta,beta,celseq,0.7673487663269043
6098,7.715200424194336,-3.430142641067505,9,D17All1_24,ductal,ductal,celseq,0.9169961810112
6099,8.319026947021484,-4.801673889160156,9,D17All1_25,ductal,ductal,celseq,1.9426624774932861
6100,6.976212501525879,-3.506807327270508,9,D17All1_26,ductal,ductal,celseq,1.0949485301971436
6101,9.138988494873047,16.307369232177734,12,D17All1_27,alpha,alpha,celseq,0.9553372263908386
6102,-5.398011684417725,18.20564842224121,13,D17All1_28,gamma,delta,celseq,0.9324081540107727
6103,7.329422473907471,-3.188661813735962,9,D17All1_29,ductal,ductal,celseq,0.9626102447509766
6104,9.036694526672363,16.256135940551758,12,D17All1_30,alpha,alpha,celseq,0.7828280329704285
6105,7.160367488861084,-3.1038713455200195,9,D17All1_31,ductal,ductal,celseq,0.8815862536430359
6106,6.901102066040039,-3.5114681720733643,9,D17All1_32,ductal,ductal,celseq,1.3402096033096313
6107,-5.534239292144775,17.801023483276367,13,D17All1_33,delta,delta,celseq,0.8203853964805603
6108,-8.795881271362305,0.6797522902488708,4,D17All1_35,beta,beta,celseq,0.6035628914833069
6109,17.26626205444336,8.187042236328125,7,D17All1_36,acinar,acinar,celseq,0.8201878666877747
6110,-4.269679069519043,18.38056755065918,13,D17All1_37,delta,delta,celseq,0.7266316413879395
6111,-7.961999416351318,-0.5969291925430298,4,D17All1_38,beta,beta,celseq,0.8855751156806946
6112,-5.583963394165039,17.84560775756836,13,D17All1_39,delta,delta,celseq,0.9939131736755371
6113,-9.07995319366455,1.8917027711868286,4,D17All1_40,beta,beta,celseq,0.6023924350738525
6114,7.647414207458496,-3.314659595489502,9,D17All1_41,ductal,ductal,celseq,0.8426502346992493
6115,10.03481674194336,16.888124465942383,12,D17All1_42,alpha,alpha,celseq,0.8602281212806702
6116,9.578686714172363,17.22686004638672,12,D17All1_43,alpha,alpha,celseq,1.1318836212158203
6117,8.43111515045166,-3.983461380004883,9,D17All1_44,ductal,ductal,celseq,0.997595489025116
6118,8.502739906311035,-3.862640380859375,9,D17All1_45,ductal,ductal,celseq,0.9804509878158569
6119,6.85075044631958,14.707317352294922,12,D17All1_46,alpha,alpha,celseq,0.664961576461792
6120,6.637659549713135,-2.2747435569763184,9,D17All1_47,ductal,ductal,celseq,0.8122100830078125
6121,7.66724157333374,-3.250370502471924,9,D17All1_48,ductal,ductal,celseq,0.8606559038162231
6122,9.576943397521973,16.568819046020508,12,D17All1_49,alpha,alpha,celseq,0.8606719374656677
6123,17.313085556030273,8.167061805725098,7,D17All1_50,acinar,acinar,celseq,0.8943462371826172
6124,-8.286044120788574,-0.004574059508740902,4,D17All1_51,beta,beta,celseq,0.6140828728675842
6125,17.708723068237305,8.310712814331055,7,D17All1_52,acinar,acinar,celseq,0.7863194346427917
6126,8.052897453308105,-4.455082893371582,9,D17All1_53,ductal,ductal,celseq,1.3276687860488892
6127,-5.724188804626465,16.934812545776367,13,D17All1_54,delta,delta,celseq,0.7670813202857971
6128,9.540609359741211,16.8509521484375,12,D17All1_55,alpha,alpha,celseq,0.6081724762916565
6129,8.533291816711426,-4.707014560699463,9,D17All1_56,ductal,ductal,celseq,1.1683322191238403
6130,10.090616226196289,17.012910842895508,12,D17All1_57,alpha,alpha,celseq,0.6080603003501892
6131,9.559313774108887,17.201932907104492,12,D17All1_58,alpha,alpha,celseq,1.2037484645843506
6132,-5.596465587615967,18.178129196166992,13,D17All1_59,delta,delta,celseq,0.8597331643104553
6133,-7.904580116271973,-0.6155155897140503,4,D17All1_60,beta,beta,celseq,1.0401016473770142
6134,-5.313168525695801,16.904247283935547,13,D17All1_61,delta,delta,celseq,0.61695396900177
6135,9.664315223693848,16.433380126953125,12,D17All1_62,alpha,alpha,celseq,0.6321863532066345
6136,-9.119197845458984,1.9094849824905396,4,D17All1_63,beta,beta,celseq,0.634175717830658
6137,9.654791831970215,16.385984420776367,12,D17All1_64,alpha,alpha,celseq,0.5837453603744507
6138,6.600934028625488,-2.91049861907959,9,D17All1_65,ductal,ductal,celseq,1.001698613166809
6139,-9.231480598449707,1.2474665641784668,4,D17All1_66,beta,beta,celseq,0.5920541882514954
6140,-1.6484001874923706,-6.4327216148376465,0,D17All1_68,activated_stellate,activated_stellate,celseq,2.8589842319488525
6141,16.509531021118164,6.6247239112854,7,D17All1_69,acinar,acinar,celseq,1.0180385112762451
6142,-8.145648002624512,-1.4013128280639648,4,D17All1_70,beta,beta,celseq,1.3679386377334595
6143,-7.939803600311279,0.035939883440732956,4,D17All1_71,beta,beta,celseq,0.8600533604621887
6144,-5.810129642486572,18.240224838256836,13,D17All1_72,gamma,delta,celseq,1.2842077016830444
6145,10.093031883239746,17.005847930908203,12,D17All1_73,alpha,alpha,celseq,0.596982479095459
6146,9.433971405029297,15.89623737335205,12,D17All1_74,alpha,alpha,celseq,0.6482781171798706
6147,-9.236364364624023,1.6517596244812012,4,D17All1_75,beta,beta,celseq,0.5730715394020081
6148,8.14882755279541,-3.5520994663238525,9,D17All1_76,ductal,ductal,celseq,0.8576619625091553
6149,-5.408889293670654,17.536895751953125,13,D17All1_77,delta,delta,celseq,0.8394176363945007
6150,8.333586692810059,-3.8898837566375732,9,D17All1_78,ductal,ductal,celseq,0.8887743949890137
6151,7.932865619659424,-4.041135787963867,9,D17All1_79,ductal,ductal,celseq,1.382733702659607
6152,-5.5854082107543945,17.20664405822754,13,D17All1_80,delta,delta,celseq,0.6970794796943665
6153,-8.458456039428711,2.109853744506836,4,D17All1_81,beta,beta,celseq,0.9413676261901855
6154,-7.546926975250244,4.342145919799805,4,D17All1_82,beta,beta,celseq,2.6515109539031982
6155,-7.985483646392822,-0.5522702932357788,4,D17All1_83,beta,beta,celseq,0.8340286612510681
6156,7.4833245277404785,-3.6563658714294434,9,D17All1_84,ductal,ductal,celseq,1.5458619594573975
6157,6.936960697174072,-2.8524892330169678,9,D17All1_86,ductal,ductal,celseq,0.8627191185951233
6158,-9.765780448913574,2.2569878101348877,4,D17All1_87,beta,beta,celseq,0.5845942497253418
6159,9.588395118713379,16.446340560913086,12,D17All1_88,alpha,alpha,celseq,0.6884078979492188
6160,9.40156078338623,16.91175079345703,12,D17All1_89,alpha,alpha,celseq,0.7911563515663147
6161,-8.59398078918457,-0.21069082617759705,4,D17All1_90,beta,beta,celseq,0.6830866932868958
6162,-9.103190422058105,1.873002529144287,4,D17All1_91,beta,beta,celseq,0.5895700454711914
6163,17.34098243713379,7.02608060836792,7,D17All1_92,acinar,acinar,celseq,1.6127735376358032
6164,9.624642372131348,16.48064422607422,12,D17All1_93,alpha,alpha,celseq,1.0359137058258057
6165,-8.167941093444824,0.21984060108661652,4,D17All1_95,beta,beta,celseq,0.7017980217933655
6166,7.00868558883667,-3.4246985912323,9,D17All1_96,ductal,ductal,celseq,1.1972163915634155
6167,9.893417358398438,16.578798294067383,12,D17All2_1,alpha,alpha,celseq,0.5971877574920654
6168,-8.296859741210938,-0.8479408025741577,4,D17All2_2,beta,beta,celseq,0.7420807480812073
6169,17.791616439819336,8.14759635925293,7,D17All2_3,acinar,acinar,celseq,0.7267938852310181
6170,8.05654525756836,-4.238875865936279,9,D17All2_4,ductal,ductal,celseq,1.6402608156204224
6171,9.862112998962402,16.609663009643555,12,D17All2_6,alpha,alpha,celseq,0.6107910871505737
6172,-5.493526458740234,18.11582374572754,13,D17All2_7,beta,delta,celseq,1.252722978591919
6173,7.7633280754089355,-3.3945255279541016,9,D17All2_8,ductal,ductal,celseq,0.9898446202278137
6174,8.992471694946289,16.206823348999023,12,D17All2_9,alpha,alpha,celseq,0.7857991456985474
6175,-7.988297462463379,1.8622938394546509,4,D17All2_10,beta,beta,celseq,1.9113398790359497
6176,9.555863380432129,17.197582244873047,12,D17All2_11,alpha,alpha,celseq,1.1179155111312866
6177,-6.9784135818481445,3.602316379547119,4,D17All2_12,beta,beta,celseq,1.8717353343963623
6178,-8.151890754699707,0.33107876777648926,4,D17All2_13,beta,beta,celseq,0.8465327620506287
6179,-5.426164150238037,18.10331153869629,13,D17All2_14,gamma,delta,celseq,0.870961606502533
6180,9.637953758239746,16.644149780273438,12,D17All2_15,alpha,alpha,celseq,0.6888096332550049
6181,9.981281280517578,17.195892333984375,12,D17All2_16,alpha,alpha,celseq,0.8856157660484314
6182,9.922179222106934,16.658674240112305,12,D17All2_17,alpha,alpha,celseq,0.667300820350647
6183,7.571433067321777,-3.298804521560669,9,D17All2_18,ductal,ductal,celseq,1.012470006942749
6184,-5.641366958618164,18.235538482666016,13,D17All2_19,delta,delta,celseq,1.2188307046890259
6185,-8.146224021911621,-0.8746288418769836,4,D17All2_20,beta,beta,celseq,0.9862596392631531
6186,-7.981736660003662,2.024554491043091,4,D17All2_21,beta,beta,celseq,1.7365574836730957
6187,-9.040772438049316,1.6468366384506226,4,D17All2_22,beta,beta,celseq,0.810333788394928
6188,8.666230201721191,-4.736114025115967,9,D17All2_23,ductal,ductal,celseq,1.2668927907943726
6189,9.89434814453125,16.577932357788086,12,D17All2_24,alpha,alpha,celseq,0.7285694479942322
6190,-7.872683525085449,0.6253244876861572,4,D17All2_25,beta,beta,celseq,1.3621582984924316
6191,-8.360634803771973,-0.6516444683074951,4,D17All2_26,beta,beta,celseq,0.8307605385780334
6192,10.09714126586914,17.18739891052246,12,D17All2_27,alpha,alpha,celseq,0.9359896183013916
6193,-5.789672374725342,18.253454208374023,13,D17All2_28,gamma,delta,celseq,1.3592514991760254
6194,9.262487411499023,-4.566476821899414,9,D17All2_29,ductal,ductal,celseq,1.131065011024475
6195,-8.989715576171875,1.561482310295105,4,D17All2_30,beta,beta,celseq,0.7502263784408569
6196,-7.893791675567627,-0.016633953899145126,4,D17All2_31,beta,beta,celseq,1.0513408184051514
6197,9.52971076965332,17.174823760986328,12,D17All2_32,alpha,alpha,celseq,1.0241857767105103
6198,-9.122519493103027,2.32369327545166,4,D17All2_34,beta,beta,celseq,0.830176055431366
6199,-8.001727104187012,2.11908221244812,4,D17All2_35,beta,beta,celseq,1.256921410560608
6200,-7.901054382324219,-0.08461429178714752,4,D17All2_36,beta,beta,celseq,0.8260254859924316
6201,10.095274925231934,17.178884506225586,12,D17All2_37,alpha,alpha,celseq,0.6852381825447083
6202,-5.7581586837768555,18.222068786621094,13,D17All2_38,gamma,delta,celseq,1.146427035331726
6203,9.492551803588867,16.918535232543945,12,D17All2_39,alpha,alpha,celseq,0.6819241046905518
6204,9.502983093261719,17.156795501708984,12,D17All2_40,alpha,alpha,celseq,0.8510047793388367
6205,-8.315306663513184,1.9976427555084229,4,D17All2_41,beta,beta,celseq,1.0011574029922485
6206,9.651535987854004,16.900365829467773,12,D17All2_43,alpha,alpha,celseq,0.6487285494804382
6207,9.820411682128906,17.26382064819336,12,D17All2_44,alpha,alpha,celseq,0.9427842497825623
6208,9.66654109954834,17.2919979095459,14,D17All2_45,alpha,epsilon,celseq,1.628929615020752
6209,-5.732842922210693,17.651384353637695,13,D17All2_46,gamma,delta,celseq,1.0390535593032837
6210,9.521854400634766,17.162111282348633,12,D17All2_47,alpha,alpha,celseq,0.9556073546409607
6211,8.260636329650879,-3.7768492698669434,9,D17All2_48,ductal,ductal,celseq,0.8382042646408081
6212,-5.73522424697876,18.246469497680664,13,D17All2_49,delta,delta,celseq,1.0831588506698608
6213,9.357595443725586,16.80269432067871,12,D17All2_52,alpha,alpha,celseq,0.7237184047698975
6214,8.345789909362793,-4.278975486755371,9,D17All2_53,ductal,ductal,celseq,0.9759371876716614
6215,6.624588966369629,-2.8929123878479004,9,D17All2_54,ductal,ductal,celseq,1.0040086507797241
6216,-8.231681823730469,3.614903450012207,4,D17All2_55,beta,beta,celseq,1.2660691738128662
6217,-8.16455078125,0.45553556084632874,4,D17All2_56,beta,beta,celseq,0.7986007332801819
6218,-8.123699188232422,0.17990031838417053,4,D17All2_57,beta,beta,celseq,0.6699120998382568
6219,7.813227653503418,-3.211343765258789,9,D17All2_58,ductal,ductal,celseq,0.8200744986534119
6220,8.539618492126465,-4.334316253662109,9,D17All2_59,ductal,ductal,celseq,1.15233314037323
6221,-5.512727737426758,17.810882568359375,13,D17All2_61,delta,delta,celseq,0.8845279216766357
6222,9.974047660827637,16.978113174438477,12,D17All2_62,alpha,alpha,celseq,0.6305949091911316
6223,-5.8113694190979,18.242382049560547,13,D17All2_63,gamma,delta,celseq,1.3126521110534668
6224,19.086523056030273,7.364273548126221,14,D17All2_64,ductal,epsilon,celseq,2.2282769680023193
6225,-8.478109359741211,-0.3012617528438568,4,D17All2_65,beta,beta,celseq,0.7396376132965088
6226,7.208177089691162,-3.250741958618164,9,D17All2_66,ductal,ductal,celseq,1.3073841333389282
6227,-8.640019416809082,-0.2582601010799408,4,D17All2_68,beta,beta,celseq,0.5485277771949768
6228,-8.978470802307129,1.5028693675994873,4,D17All2_69,beta,beta,celseq,0.6824087500572205
6229,8.312701225280762,-3.9452760219573975,9,D17All2_70,ductal,ductal,celseq,0.9220215678215027
6230,8.60193157196045,-3.8147048950195312,9,D17All2_71,ductal,ductal,celseq,1.3090922832489014
6231,7.713939666748047,-2.9223363399505615,9,D17All2_72,ductal,ductal,celseq,0.7804577946662903
6232,9.294342041015625,15.826098442077637,12,D17All2_74,alpha,alpha,celseq,0.6432492136955261
6233,7.782202243804932,-2.9366190433502197,9,D17All2_76,ductal,ductal,celseq,0.8454064726829529
6234,6.803653240203857,-2.7389719486236572,9,D17All2_77,ductal,ductal,celseq,1.052504062652588
6235,-5.687084197998047,18.212495803833008,13,D17All2_78,delta,delta,celseq,1.0685845613479614
6236,17.14901351928711,8.4096097946167,7,D17All2_79,acinar,acinar,celseq,0.8575611710548401
6237,19.08914566040039,7.375372409820557,14,D17All2_80,alpha,epsilon,celseq,2.2282769680023193
6238,8.352075576782227,-4.01754093170166,9,D17All2_81,ductal,ductal,celseq,0.9133731722831726
6239,-1.6131097078323364,-6.491962432861328,0,D17All2_83,activated_stellate,activated_stellate,celseq,2.8589842319488525
6240,9.603167533874512,16.47146987915039,12,D17All2_84,alpha,alpha,celseq,0.6365485191345215
6241,-5.451266288757324,18.10494041442871,13,D17All2_85,gamma,delta,celseq,0.9708850383758545
6242,-0.7620635628700256,-7.216022491455078,0,D17All2_86,activated_stellate,activated_stellate,celseq,1.9862096309661865
6243,-8.543285369873047,1.984519124031067,4,D17All2_87,beta,beta,celseq,0.6475608348846436
6244,-5.747029781341553,18.27887725830078,14,D17All2_88,epsilon,epsilon,celseq,1.4750723838806152
6245,-9.07777214050293,1.4101313352584839,4,D17All2_90,beta,beta,celseq,0.5663251280784607
6246,7.819499492645264,-3.47571063041687,9,D17All2_91,ductal,ductal,celseq,0.955764889717102
6247,-5.572467803955078,17.775537490844727,13,D17All2_92,gamma,delta,celseq,0.8676788210868835
6248,-1.3354763984680176,-6.633802890777588,0,D17All2_93,activated_stellate,activated_stellate,celseq,2.271198272705078
6249,-8.95125961303711,-0.36693626642227173,4,D17All2_94,beta,beta,celseq,0.7156339287757874
6250,-7.6423020362854,1.564141035079956,4,D17All2_95,beta,beta,celseq,1.460275411605835
6251,9.644280433654785,16.679502487182617,12,D17TGFB_1,alpha,alpha,celseq,1.1555930376052856
6252,9.827957153320312,16.672157287597656,12,D17TGFB_2,alpha,alpha,celseq,0.8687823414802551
6253,6.622010231018066,-3.5781235694885254,9,D17TGFB_3,ductal,ductal,celseq,1.7143133878707886
6254,16.152589797973633,6.497146129608154,7,D17TGFB_4,acinar,acinar,celseq,1.3751459121704102
6255,7.083807468414307,-4.117549419403076,9,D17TGFB_5,ductal,ductal,celseq,1.8753793239593506
6256,17.60516357421875,7.325711727142334,7,D17TGFB_6,acinar,acinar,celseq,1.0101234912872314
6257,14.880210876464844,-10.60615348815918,2,D17TGFB_7,endothelial,endothelial,celseq,3.76180362701416
6258,15.00584602355957,5.965888023376465,7,D17TGFB_8,acinar,acinar,celseq,1.2589131593704224
6259,17.808156967163086,7.708019256591797,7,D17TGFB_9,acinar,acinar,celseq,0.8514344096183777
6260,17.40422248840332,7.409715175628662,7,D17TGFB_10,acinar,acinar,celseq,0.7656490206718445
6261,9.609201431274414,16.560163497924805,12,D17TGFB_11,alpha,alpha,celseq,1.1340293884277344
6262,17.07297134399414,7.337731838226318,7,D17TGFB_12,acinar,acinar,celseq,0.6001023650169373
6263,10.020593643188477,16.884748458862305,12,D17TGFB_13,alpha,alpha,celseq,1.0882532596588135
6264,15.921769142150879,6.407874584197998,7,D17TGFB_14,acinar,acinar,celseq,1.4192200899124146
6265,-5.731871604919434,18.301847457885742,14,D17TGFB_15,alpha,epsilon,celseq,1.6924430131912231
6266,-5.537678241729736,17.573299407958984,14,D17TGFB_16,delta,epsilon,celseq,1.7086817026138306
6267,17.293331146240234,8.314587593078613,7,D17TGFB_17,acinar,acinar,celseq,0.8151426315307617
6268,8.109652519226074,-4.683736801147461,9,D17TGFB_19,ductal,ductal,celseq,1.747172474861145
6269,9.359417915344238,15.318538665771484,14,D17TGFB_20,alpha,epsilon,celseq,1.2940112352371216
6270,16.73148536682129,6.970900058746338,7,D17TGFB_21,acinar,acinar,celseq,0.7662619352340698
6271,17.90628433227539,7.550018310546875,7,D17TGFB_22,acinar,acinar,celseq,0.774262011051178
6272,17.8378849029541,7.351399898529053,7,D17TGFB_23,acinar,acinar,celseq,1.042243242263794
6273,6.767391204833984,-4.000237464904785,14,D17TGFB_24,ductal,epsilon,celseq,2.0897915363311768
6274,7.292359828948975,-3.4072251319885254,9,D17TGFB_25,ductal,ductal,celseq,1.2944689989089966
6275,17.62172508239746,7.832035541534424,7,D17TGFB_26,acinar,acinar,celseq,1.1374361515045166
6276,18.566015243530273,7.552781581878662,14,D17TGFB_27,ductal,epsilon,celseq,2.2282769680023193
6277,7.928544998168945,-4.318604469299316,9,D17TGFB_28,ductal,ductal,celseq,1.7616703510284424
6278,19.152313232421875,7.340387344360352,8,D17TGFB_29,ductal,quiescent_stellate,celseq,2.2282769680023193
6279,17.00202751159668,7.721580505371094,7,D17TGFB_31,acinar,acinar,celseq,1.5683053731918335
6280,17.0844783782959,7.001580238342285,7,D17TGFB_32,acinar,acinar,celseq,0.9521481394767761
6281,15.91250228881836,6.323988914489746,7,D17TGFB_33,acinar,acinar,celseq,2.2282769680023193
6282,17.960134506225586,7.370426654815674,7,D17TGFB_34,ductal,acinar,celseq,1.8732895851135254
6283,9.406339645385742,16.888315200805664,12,D17TGFB_35,alpha,alpha,celseq,1.0402297973632812
6284,15.72419261932373,6.280679225921631,7,D17TGFB_36,acinar,acinar,celseq,1.331813931465149
6285,18.60181427001953,7.554259777069092,7,D17TGFB_37,ductal,acinar,celseq,2.2282769680023193
6286,17.549400329589844,9.793854713439941,7,D17TGFB_38,acinar,acinar,celseq,1.6136257648468018
6287,17.34515380859375,7.1882710456848145,7,D17TGFB_39,acinar,acinar,celseq,0.6998752951622009
6288,9.285316467285156,16.8913631439209,14,D17TGFB_40,alpha,epsilon,celseq,1.192197322845459
6289,15.896224975585938,6.335358142852783,7,D17TGFB_41,acinar,acinar,celseq,1.70054030418396
6290,9.259256362915039,14.895329475402832,14,D17TGFB_42,alpha,epsilon,celseq,2.076470375061035
6291,17.14090919494629,7.209811210632324,7,D17TGFB_43,acinar,acinar,celseq,0.7001468539237976
6292,15.912047386169434,6.330652236938477,7,D17TGFB_44,acinar,acinar,celseq,1.5202091932296753
6293,15.951556205749512,6.345035076141357,7,D17TGFB_45,acinar,acinar,celseq,1.3333395719528198
6294,15.90103530883789,6.344369411468506,7,D17TGFB_47,acinar,acinar,celseq,1.527937650680542
6295,-7.545337677001953,4.272636890411377,4,D17TGFB_48,alpha,beta,celseq,2.7749249935150146
6296,17.26414680480957,7.084688186645508,7,D17TGFB_49,acinar,acinar,celseq,1.7745476961135864
6297,17.49379539489746,7.266232013702393,7,D17TGFB_51,acinar,acinar,celseq,0.6577692031860352
6298,9.363587379455566,15.435944557189941,14,D17TGFB_52,alpha,epsilon,celseq,1.6105576753616333
6299,10.11844539642334,17.19145965576172,12,D17TGFB_53,alpha,alpha,celseq,1.1900306940078735
6300,17.933895111083984,8.685791015625,7,D17TGFB_54,acinar,acinar,celseq,0.9567006826400757
6301,18.460086822509766,7.597708702087402,7,D17TGFB_55,ductal,acinar,celseq,2.2282769680023193
6302,15.179488182067871,6.130941867828369,7,D17TGFB_56,acinar,acinar,celseq,1.2612199783325195
6303,17.32305145263672,8.366228103637695,7,D17TGFB_57,acinar,acinar,celseq,0.8574627637863159
6304,17.213401794433594,7.190020561218262,7,D17TGFB_58,acinar,acinar,celseq,0.9584044218063354
6305,17.82066535949707,7.813838005065918,7,D17TGFB_59,acinar,acinar,celseq,0.8643260598182678
6306,17.959896087646484,7.6174845695495605,7,D17TGFB_61,acinar,acinar,celseq,1.3992670774459839
6307,9.626347541809082,16.970609664916992,12,D17TGFB_63,alpha,alpha,celseq,0.7232598066329956
6308,8.98514175415039,-3.738633394241333,9,D17TGFB_64,ductal,ductal,celseq,1.6358668804168701
6309,9.356773376464844,15.688085556030273,12,D17TGFB_65,alpha,alpha,celseq,0.7869137525558472
6310,17.5470027923584,9.552014350891113,7,D17TGFB_66,acinar,acinar,celseq,0.9160197377204895
6311,17.75656509399414,7.5655927658081055,7,D17TGFB_67,acinar,acinar,celseq,0.9064137935638428
6312,-7.609007358551025,1.4861314296722412,4,D17TGFB_68,beta,beta,celseq,1.3853155374526978
6313,9.414376258850098,15.663330078125,12,D17TGFB_69,alpha,alpha,celseq,1.089492917060852
6314,9.383075714111328,16.984689712524414,12,D17TGFB_70,alpha,alpha,celseq,0.9785047173500061
6315,16.74184226989746,6.968550205230713,7,D17TGFB_71,acinar,acinar,celseq,0.6623315811157227
6316,18.465272903442383,7.592761039733887,7,D17TGFB_72,ductal,acinar,celseq,2.2282769680023193
6317,9.737696647644043,16.488492965698242,12,D17TGFB_73,alpha,alpha,celseq,0.6330893039703369
6318,16.078033447265625,6.371948719024658,7,D17TGFB_74,acinar,acinar,celseq,1.1348868608474731
6319,9.563868522644043,16.359209060668945,12,D17TGFB_75,alpha,alpha,celseq,0.8863889575004578
6320,15.035917282104492,5.963067531585693,7,D17TGFB_76,acinar,acinar,celseq,1.367687702178955
6321,-1.0725748538970947,-6.863133907318115,0,D17TGFB_77,activated_stellate,activated_stellate,celseq,1.814186692237854
6322,9.288471221923828,15.05331802368164,14,D17TGFB_78,alpha,epsilon,celseq,1.7108592987060547
6323,6.711440563201904,-3.9907991886138916,9,D17TGFB_79,ductal,ductal,celseq,1.9666813611984253
6324,17.164817810058594,7.266085624694824,7,D17TGFB_80,acinar,acinar,celseq,0.6775004863739014
6325,8.011285781860352,-3.84480619430542,9,D17TGFB_81,ductal,ductal,celseq,1.2947499752044678
6326,9.394947052001953,16.14560317993164,12,D17TGFB_82,alpha,alpha,celseq,0.840035080909729
6327,8.66018295288086,-3.7522897720336914,9,D17TGFB_83,ductal,ductal,celseq,1.5194092988967896
6328,17.268808364868164,7.455137729644775,7,D17TGFB_85,acinar,acinar,celseq,0.8637679815292358
6329,6.63011360168457,-3.5644500255584717,9,D17TGFB_86,ductal,ductal,celseq,1.6135509014129639
6330,7.690415382385254,-3.404930353164673,9,D17TGFB_87,ductal,ductal,celseq,1.0132731199264526
6331,7.049821376800537,-3.434192180633545,9,D17TGFB_88,ductal,ductal,celseq,1.3101662397384644
6332,15.891988754272461,6.329631328582764,14,D17TGFB_89,acinar,epsilon,celseq,2.2282769680023193
6333,9.305779457092285,14.952777862548828,14,D17TGFB_90,alpha,epsilon,celseq,2.076470375061035
6334,9.339240074157715,15.250138282775879,14,D17TGFB_91,alpha,epsilon,celseq,1.6559054851531982
6335,17.139829635620117,7.488330841064453,7,D17TGFB_92,acinar,acinar,celseq,0.7257209420204163
6336,15.066633224487305,5.985874652862549,7,D17TGFB_93,acinar,acinar,celseq,1.3017245531082153
6337,7.320362091064453,13.212175369262695,14,D17TGFB_94,alpha,epsilon,celseq,2.076470375061035
6338,9.185276985168457,14.922208786010742,12,D17TGFB_95,alpha,alpha,celseq,1.74955415725708
